0,1,2,3,4,5,6,7,8,9,10,11,12,13,14,15,16,17,18,19,20,21,22,23,24,25,26,27,28,29,30,31,32,33,34,35,36,37,38,39,40,41,42,43,44,45,46,47,48,49,50,51,52,53,54,55,56,57,58,59,60,61,62,63,64,65,66,67,68,69,70,71,72,73,74,75,76,77,78,79,80,81,82,83,84,85,86,87,88,89,90,91,92,93,94,95,96,97,98,99
-0.861821472644352,-0.8697946120428632,-2.200395825109634,0.3534153559128146,5.499667933585093,3.034260901600395,-1.4431394016612489,1.1225584234998303,3.8758692837297133,4.80438817024853,0.4424315503913097,-2.155939731140845,3.978408042295647,4.469754868535228,-2.1100339461832185,-0.5161627089328192,-4.330102925961313,-1.872418008175176,3.5610315473778904,6.894061527692907,2.355321340318117,-3.275380685761471,1.355303576397672,6.231332176157176,-1.226114814581761,4.103287710988589,-0.8195642812611827,-0.1003768273280145,-1.8430369667420365,-0.4377112235187146,3.371738447998407,6.151747004537021,7.358729173712652,0.472250379808144,1.0441358051747625,-2.1951980805049582,2.008634775190485,-3.3323586204662146,-1.6214083297432333,1.7459911007088826,-2.7926810310475405,2.8989675024533477,7.053938394280697,3.9900681891072645,-3.0070544976235603,-2.238841969240985,-4.783012799847018,2.1312163883360085,3.685932035473611,5.48117065607346,-2.336529705847647,0.7565688765300944,2.983158897313814,-2.3500827132007163,7.10190810027805,-0.8633596426163107,2.3832987520935327,-1.2431881539164762,2.8939408236217092,-0.40055223065334283,-5.47829317207908,-4.1071335529345845,3.1802666137776257,9.862742518441431,-2.431091222998163,-2.6912583569616824,-7.344241474859493,-0.06129768867485618,2.2076278903892605,-1.5099580351424922,2.8837243181853025,0.0770023497078642,-2.8332240588385833,1.640797181861941,7.012588828110251,5.745757312978729,4.024162669252917,5.545199464959873,-1.3765132990529483,2.0264233614120575,-2.6155454026007385,2.4613139006225198,4.096720442905588,-0.3348744953778797,7.148775920801648,8.94393869689259,4.346996582289036,1.385726091209645,-3.517700629244112,2.8547355312673766,0.313326000103063,2.4185205758205766,-0.8882665618744595,-3.477623240569413,-1.955457034879291,3.4951946047590883,6.929655620041375,-0.650182530079359,3.24848634052758,-0.8258199187573684
-2.2201585593277353,-0.21288542925960463,-2.344125404350908,-1.5771902439670225,-3.259668463722057,-0.19184063887832814,0.25638712453042695,1.2023936324985172,-0.9652478428309542,4.5086070293238265,0.4695803223375654,-0.7495114297201927,-2.1638384349582043,4.757170400083129,-0.6690236315961581,-0.00026475097769146724,-3.254629697854639,-1.9381596179055913,-4.167869053722578,-7.227364926473275,-3.043600013860779,-4.114418959621883,-4.101655032240685,1.483256260567745,1.059975291501962,3.7138886422371464,1.0215974179754097,0.85200175113268,-1.855452547010042,-4.6731833138987895,-6.0570429994035875,3.201769628702005,-0.6179404169639618,1.5791926283233895,-0.06473429427388479,-4.4803528676928694,-2.108192450630829,-1.5681509418676296,-2.3077367961983497,1.999254307412859,-3.177088728012425,2.5619373309329263,-4.3831911078995835,1.8027335950797068,-4.009007669300304,-1.872629472272295,-4.8778193063729836,-4.081624647034986,0.666339251170928,-1.4212923131474327,-2.493318401638492,-1.8902368535668166,-6.675560658932615,-1.1534532054084736,0.17063930905380367,3.0102043101035973,-3.4771196102452095,0.5346699893294902,1.1048496869387583,-3.964507414179362,-1.4860986636117872,-7.263361092368963,-0.07868323582729979,0.61026261935249,-3.0323282656497392,-4.281194507263978,-6.189240534334787,-0.015865231531755425,-1.1976329405987998,0.3390295193978328,3.0950125671605493,-2.480114913510071,-2.060800158861946,-2.500427733163724,-2.9726141882802537,4.076461415256494,1.1732568126502647,-5.09359005999983,-1.746742613290639,0.12524222308539612,-4.7686765065686485,1.7123272298926808,1.2778904608819739,-0.3401844710129332,0.28845875305463864,-1.9115455955559026,1.312770580171482,2.0269804771876143,0.19403905996229134,-8.460056118707927,1.389300160482328,2.46484338906322,-2.3253141289907613,-3.213714552648741,-1.3393886040907519,0.029384591019488194,-0.5716953591449989,3.6505399241938523,0.066080536884289,0.5655801805076661
-4.41221186505285,-1.4465871489334698,-3.7766046312028623,-3.5512328590941364,-1.1638914742691597,0.24493603032849487,-1.6017516840084416,-1.5938552924205678,0.13421259186135806,2.207716359409117,-1.1741055085737355,-2.793958954320906,-0.7523679503080831,1.8491540620122813,-3.0878725258938267,-2.455064772446365,-4.923912164871205,-1.9018073655724912,-2.059361279535784,-0.09591015511582594,-4.863015125341438,-5.152031011971067,-1.4759350519986987,-0.14817247670055025,-1.3614143696455923,0.8997630357933976,-1.6125099360368635,-0.7643158073339857,-5.447539797170204,-4.740947481110857,-1.5273734309506557,0.08362332618994008,-0.3609398692724769,-0.45300028175601953,-3.723357687136673,-3.90554219222003,-4.001731077792607,-3.20664334161525,-3.855526236120977,-0.4790153938264114,-4.364978131881102,-0.5701442928205116,-2.1632140562009217,-1.0709832825767704,-3.586241703667256,-2.934316390543713,-4.881690615423398,-1.6282968131305118,-0.6493247498509479,-1.5173523759494523,-4.984297740895219,-4.828256990706675,-0.9785137961891791,-3.6855105555582983,1.887472670575065,0.5374139948375276,-1.5325625548017947,-2.519142266730117,1.715225219429069,-3.8319640055107596,-2.7287298228954366,-2.7686428734900854,1.5703399742680646,1.7960696180456956,-3.4633866769538457,-3.584792650698353,-4.68154642143779,-2.0715800413723073,-3.445587859476782,-0.8762818981838996,-1.3810000441444967,-3.1890333131565645,-3.4487049393231564,-5.046555219199712,-0.6753237745134187,1.8603804199132246,-0.4624644962030844,-3.367894925231415,-2.9871649594549337,-1.8145212899089482,-4.915656583329711,-0.5232097028909748,-0.2837710124149918,-3.223208525705061,-1.1303922940020026,-1.8104936533771725,-1.1253359802324472,0.4915314325348587,-1.4085837501408447,-2.3930246897608534,0.6168346086290832,0.09056250532403498,-3.3358321889306337,-3.457166557551929,-3.3911906139007177,-1.7715078779607274,-2.9893858141864587,1.3111649819260305,-1.0429491512589273,-1.2182738327800902
-7.805114086511471,-4.331587959675231,-3.9765543397759746,-4.502021052904465,-2.0703441378423433,-3.025407575219465,-3.1286208314130883,-4.58106250012317,-1.7006768190561274,-0.33781013758296835,-0.612775281668605,-4.179148062155612,-3.3262703149941975,1.5976093187964517,-4.029018576601656,-3.3222142319744905,-6.836364576677337,-4.157429439973523,-3.800276932202027,-2.7986195798602562,-6.562547704838268,-6.440901792918721,-5.0113975224973455,-2.7950439416255892,-3.333676719457103,-1.4822070067720903,-4.236698629745535,-3.5749066752153182,-6.625438883807144,-5.440755612472955,-5.912842077965963,-1.3129448012942244,-3.0624184268940544,1.0404011166569351,-5.87263586181242,-6.218138280809426,-9.276339435965715,-3.242585392693678,-4.7090171195064965,-0.8779151389812476,-6.228442168129583,0.1914762697932031,-5.147736333567881,-1.6301665840820903,-7.554879174962318,-6.089637000230812,-6.356271806078163,-3.776268906381768,-3.475636061009982,-4.415705991477364,-4.387449467091179,-8.043173682136844,-4.883775344295867,-5.946079606626258,-2.2183545492900136,0.07564945292331371,-6.131569330753792,-2.128904314999342,0.36930476696132775,-6.500861989484113,-4.980685507584632,-7.659408521002326,-1.0949378297918726,-1.5730094981318972,-3.836616861832081,-5.2473897071842535,-6.646165395562233,-2.8864691104769684,-5.447340936822724,-1.0230371331933845,-0.7300014216065351,-5.999175740486342,-5.997832736783992,-8.480189882797879,-3.7332992909986564,2.5992159308111153,-0.5021513135944718,-7.787657525846633,-4.097142015970625,-4.4397752734186335,-8.43552576710939,-2.720161754616348,-1.781524259318699,-2.935532699320835,-1.9034275904618758,-5.772675664272665,-3.0383908891659264,-0.2938882480673378,-4.51816884503182,-5.172500293709876,-2.77987096653343,-1.7928833458523,-2.5438119884890398,-3.752746188878291,-4.703911821033486,-3.9315118064854437,-4.644992789533805,-0.10577887702101993,-2.4330388770099045,-3.4089684787277528
-11.861742743085719,-12.8824517915461,-4.968108727004748,2.764498579816628,-24.26263393158977,-19.24575281859704,-10.42869709934168,-14.447427146069453,-18.798440055117666,-4.406907252804552,2.026256137713484,-4.896021212007478,-24.584659283047287,7.138903526718906,-0.5012319190013645,0.8171751988441479,-2.641047907767913,-8.706916868962848,-17.33933169965328,-41.320441078860775,-15.89354761472895,-6.956968622250895,-29.088182461624804,-20.547887312494098,-1.4261623288067231,-6.481251362178548,-1.278252281884849,-1.325436762639299,4.755469563855275,-13.817367776056205,-33.639833095778826,-14.00335040836783,-26.335190420753293,7.740291069168421,4.367032225858748,-15.779083343286601,-27.39250391637843,-0.7796072866745903,0.25560249743529656,-2.985008042812877,-4.792620276603562,-3.2501100212340766,-20.9828797065752,-1.3947348889608449,-14.390419228096619,-10.879642684158167,-3.126755285442184,-22.28814813462437,-11.150755246374016,-22.989686730785785,10.400206662653066,-14.94081277689768,-32.779090129765834,-10.45631522750189,-19.43720859387648,2.058017324676067,-26.900500931165798,-0.23839263414859865,-13.88984028161572,-18.006645014732765,-3.1258855134477233,-23.265785262457776,-24.12828220427402,-33.021546774636036,-4.761778082161483,-11.34993531381187,-13.815140180139869,-1.9643139753486014,-14.375914419926728,-2.769693868790623,2.2979169381462246,-15.742171139308775,-15.002326478926177,-8.39603025531858,-33.83277792872258,-1.245658054774319,-3.2486075857643018,-24.930871984644053,-3.593770939477023,-9.943557258479808,-7.694869099611391,-13.835885548460329,-16.672439259569177,-0.5395843071068859,-14.177758737168395,-29.538935751964225,-6.366391806991741,2.860978996262492,-9.924519351573975,-39.69172688567218,-12.596352627666379,-9.940941222219807,-0.9788408506593691,-2.942176159245699,-0.779940651653568,-18.06927089431954,-14.386141571514653,-5.566196184151107,-20.6960569223725,-2.0266054097532535
-5.810941168459027,-7.996229285316886,0.9010599094086019,3.640001362306497,-16.487254172821615,-10.185222576100252,-6.908161622763305,-5.008071389458693,-9.767221154085846,3.86761641766142,2.1638955204833246,-1.540685457705192,-16.296581751434818,5.406175238912595,3.868916952226795,2.084080266704564,2.9072500351656236,-5.4429509631429385,-12.280603227610909,-35.36315356339686,-9.91883148656635,-3.2205003809025845,-15.664057657389863,-11.160874431883082,1.1603240304364453,0.03955262331198962,5.018339657144336,4.659093009125033,9.690404210011797,-10.272475904466042,-21.010714915986362,-5.846683232399844,-16.0470560781651,3.8675608735966613,6.474735346474275,-9.695262176657494,-16.171371109411115,-0.06274678394496859,3.5010965978106325,1.4508856222553967,2.565657059536164,-2.4458749473681163,-16.416751635513393,0.5349630163542225,-9.954150753032257,-5.460392007661375,0.41145616036880717,-14.493002431176349,-2.1587321956868637,-8.06890784690225,7.466018778222605,-9.183420807728215,-24.2759934291014,-4.940293276377271,-12.155554163619792,4.191129900873171,-16.52586969525204,2.6437473184222666,-11.785618634625042,-10.131066758439736,-0.7333437437701936,-15.53555115645422,-13.816142092455593,-21.652416353221007,-4.324316306370011,-7.8179041723471965,-7.054712170832659,3.511180334307887,-4.236879881634114,-1.8720986905523693,3.595660771800483,-7.341308000087525,-9.661275442883564,-1.8153193792705757,-19.538283322829876,-0.6934381946628643,-1.0126844689848544,-16.881430234691788,0.7996595339655923,-4.598821678630061,-2.2816072021237632,-10.089562754402273,-10.159056339463627,-1.6097399165624564,-9.883533174874092,-20.87687859404738,-0.9219288299520828,4.39451545827135,-1.271622457635082,-27.706599127623168,-7.504910463510768,-3.116377312729901,-0.8536763780423563,-1.9251098941210223,2.016270968467556,-7.851348517752638,-8.166155647657614,1.2330758192088773,-14.359533994057543,4.563025901276558
-49.31822429022589,-56.88966746215593,-29.38903123561493,-41.36873264849597,-85.0448186096105,-82.88142181039812,-45.011192396974636,-76.96294636128239,-65.54809207180469,-27.446467113767657,-21.96155365718626,-21.03899784992357,-74.39354675756603,-18.944359726612955,-20.566255352213137,-33.902896297615726,-37.37256246325903,-15.906238144595356,-59.13637989695743,-78.3608430402019,-87.04791234935135,-47.74835225008353,-111.04827211642308,-70.95976866041259,-50.55699301670036,-45.569871452513944,-40.96263984436142,-32.87813583973116,-33.45309572783133,-77.73517895312034,-138.14685341006899,-60.891101556038876,-94.51954622940816,-16.19711392587365,-28.431276847106385,-55.99645379458474,-107.65330511960923,-28.651809805008426,-37.20017635901656,-27.12099191256953,-37.11028208030809,-30.568952385983252,-84.12061919495294,-32.90736410415333,-74.3071700822557,-55.431824715290915,-43.55033248636792,-87.80987079826528,-48.44024318987439,-92.907808029587,-16.766528214323873,-59.15936398729996,-83.25063384046204,-38.66991119614391,-63.639306168030345,-17.23588450109104,-85.98534337129303,-23.211623272687643,-54.493715769002364,-59.4048626980424,-26.515786867526504,-54.15843128405353,-81.99353450227592,-83.19640650736083,-35.444421998879264,-46.05543674683672,-55.051154083570154,-26.493680848783345,-68.08097793751062,-25.956054799107733,-35.27660535209551,-78.89021010412038,-69.49320008889289,-58.55436356115896,-105.62392920530053,-26.7117928687505,-26.158360869312983,-108.17306446123538,-33.27823625834485,-44.0395798740668,-55.73116237801605,-79.94681540890774,-65.95188822504186,-34.8220835265231,-66.2175635304476,-111.42722127495603,-64.9911896091471,-17.764297397662634,-27.799450761821774,-42.43533540130746,-45.77572615722426,-39.847922147151145,-39.552352789796544,-26.25405749616033,-26.130828315871337,-67.42148155351914,-84.47940307394418,-10.481371643829325,-58.560858158943184,-36.84498282990319
-1.0122391318424215,-2.7959070559705075,-2.833218532793045,-3.3546450067633766,0.4620040709898051,-3.308261596534223,-1.8168851421586858,-3.1275331854089883,-1.8682647063208595,-6.216026678054314,-1.8224942339020733,-3.358222530162333,-1.5627573353933957,-4.149532596885877,-2.8837923019675213,-2.7602590691935966,-3.3543165376908206,-1.5860977421730829,-3.464697490020249,1.5241619859055098,-1.3608446518411546,-1.062444833936901,-2.6313121712022016,-2.468752119105212,-4.547926055104105,-3.803681191314836,-5.537555911576574,-4.434477429183136,-4.486884583566198,-0.8115537109482973,0.011417163369492203,-3.00280592295148,-0.8594716688880788,-2.750848294240847,-4.741910485594965,-0.7260087048778305,-2.168184745758184,-1.703050234775033,-2.5489744301241504,-5.420633312797016,-2.2298952798121423,-1.8455719211148278,-1.5577578727572259,-4.181053319003943,-2.211979707474109,-4.090742028782201,-2.0382032101648013,0.41706925686305746,-5.559745066779519,-2.8314199929302784,-2.365889350735762,-2.963277323930732,-0.39456743657140747,-1.292285446791556,-2.860009928906792,-3.2200657495055216,-0.2614988826926716,-2.773164600759559,-1.2073439357316087,-1.4600515396029028,-1.920030483665319,-0.9934330454115587,-1.4028561093419147,-3.2041258511749025,-1.908134053384646,-2.284763569041971,-0.02289050028880604,-4.403383565374476,-4.156564358306021,-0.22516159435826696,-3.109576210784772,-2.073129862463592,0.27125043160454365,-3.7014080380959684,-1.5688530140168273,-3.853067132290913,-3.563832622779194,-3.2713765303974944,-3.1167637288473644,-3.4054520493879017,-2.337008191607612,-1.3185687951750356,-0.8395851846163933,-3.070459422798088,-2.1529146480840327,-2.9143943327338815,-3.645616413345315,-4.867701922706881,-2.404495549827438,1.297176530830176,-2.7726262569709155,-3.1514670785729213,-1.1942146719210303,-0.8655679470861177,-2.95259677608706,-1.4958657103310598,-1.4265378632357695,-4.019459814544707,-1.8309202493290162,-3.898873548388245
11.111287919971183,1.5555629211910782,2.0287592739907168,-1.2899526440840772,2.365443905389553,4.306635698664237,3.7682378088071413,2.283122489851439,1.230838415767283,-4.496966400128237,-0.7929959193311448,2.5406582830828617,8.345701226477786,-5.444195678709392,2.02573481900895,1.0736809211732516,2.677499945935407,6.423259310356206,4.441058557260778,4.765186324135507,3.0900313994600905,5.677664695255208,2.213580846660773,2.2644531202364546,-1.464421576066757,-2.3232565535774903,-0.5708013924624796,-3.0073130474284113,0.8083986469186255,5.098780547632792,6.13051664772284,1.1960770879679747,8.284736947864342,-3.013546391249077,-0.9483554973764378,5.825284235974548,13.740386203050056,4.39525500060881,0.47883301302957343,-2.677227352786728,0.9767377247509508,-1.9574351624196402,2.528526850922808,-0.7786318846035688,8.575938140293374,2.4041756408440365,2.5231954545968573,6.678449073500297,0.8086705172478027,0.6931305851526557,0.44590522375636443,10.904830085044294,9.37600807900701,6.535689474742853,1.0224382737133568,-2.2684964622445736,11.88556090700688,1.1536194822253663,1.1349219192627544,3.681236157589258,4.118675325004535,3.6123594944077277,4.3407798094221866,5.489720308906841,2.095966554594131,3.0622266655275276,8.443074006710757,-0.6323954609940912,-0.41429264501607366,1.6566279195823277,-2.737359544926194,3.3199686937981476,9.389343159000784,1.4814669276603416,3.8416648033028755,-3.7131802826403777,-2.2137524762915475,9.085315333556423,-0.2538539501311359,4.1001242991765805,4.930045711143927,6.37816759081398,5.62461348082457,0.3841063340120999,-0.2969206093921011,2.997498208484581,-0.6984182814092837,-5.416763796191205,4.369957916553635,9.460026686261159,0.7657166186824044,-1.6021472982771316,-0.05717451921859392,2.2474659494844276,0.8124087692878611,3.892509006245133,5.059375968128001,-2.0579689711708182,6.059278822118738,-1.0872854154987914
5.360568824381269,-5.859975093076238,17.45074890284825,12.31489350537523,-7.360088053754862,-4.127842695569606,3.0303855728965203,9.679700909091837,4.046126324018358,16.05286598892773,7.246244560317152,13.132084430530366,0.9560877340513715,8.704735138500904,17.551456427933623,9.449513536346318,16.69795209501917,13.77521673178586,2.534226421547713,-27.89803569181836,2.7195796613615983,11.371867249492341,-11.75145305791808,4.106859674169982,4.860003642889812,6.438400259056865,18.249446730556695,18.391578858329595,26.59385761531133,-1.1705685429020043,-18.138933213950477,7.0711991955584335,-4.742614171628366,7.687901340195133,16.174492448893503,2.301724621933235,4.493743236174345,7.2855147176205275,13.844297645878049,13.332595345531157,16.020286802717457,3.7087876076705073,-7.209131148305081,11.502601297009985,6.428444365516696,12.281893696114297,10.005006474437428,-5.870211861196754,19.331602739810233,2.4879369816110146,19.134696359844497,10.624491026274761,-15.629292274886883,2.654971312808069,2.7505227840271864,8.985511678915731,-2.1159055085001834,12.526090208224113,-4.94563886753039,3.39922203073157,7.1471608495879435,-10.018635352805827,-0.08096455767158357,-2.956732514499854,-3.085151061878276,-3.198233573921012,1.945747612114676,18.965069087699394,8.085016021074097,4.44739290584902,8.90602647782998,4.384087963347468,2.4847294140638465,9.29850334553169,-11.736100431459493,10.233383255450484,12.955751578027783,-5.7022549296084675,11.758107881791616,10.676666606022494,11.49168991665012,1.293862015074761,0.9105743763712499,6.787425051601554,-0.7691516868850765,-6.075373891069664,13.24432386285471,14.435087977798995,14.424058527019884,-12.56150600188568,9.97555672426724,4.4777207839253705,2.1255971822003503,1.454633265562086,22.58496847361905,4.497157376156372,9.297991899636768,11.985026943515903,9.881403810788946,14.705610933793137
-10.633826824627999,-6.095462270159244,17.077180227342833,12.679424133245067,-31.21683759885645,7.148368100076746,1.5672634155045644,8.911970413297276,-10.12190203431706,-16.808363676385145,27.739612833712233,47.683366012569984,-12.162602196301714,21.067832363929558,43.3591725010262,33.36374600416359,36.03957855167524,73.8484722841753,27.97293361554961,-31.519649244508397,-7.992956532678271,74.69501714913547,-19.366484958027637,12.061456788099457,-17.410586490440775,-24.47658910869434,50.102942377635934,26.954805155093183,30.645288953027997,13.46574326660172,10.567223165111383,-7.160707722965161,-38.86124025985649,15.91177164432547,23.22969728845056,51.74865215316298,-17.985821851757333,22.939958902315308,33.37786846289419,14.18847485975022,30.88263007625388,2.938683866745356,3.8967784182011336,46.30627708519209,24.049714493433388,37.872534216716176,36.17827049497075,34.383093072397756,15.332980442708342,19.888828520189286,10.863573121546178,15.245325365286009,-42.72589403773358,0.6033184086927476,-5.946911853169888,26.233973696655227,33.5390901339541,23.95157167940799,15.373035781059617,19.741614434004106,43.35438314809773,-28.306373246243126,48.39889338959577,-13.407615079781143,-16.54029619598932,-25.739558478353416,35.162457905530765,14.879111562795824,-4.923043282448517,38.98796947657867,-8.270515015542944,50.456757506940825,4.442718544021778,1.745964986208878,-25.331650941020783,8.04724448734889,25.362589744735935,-0.19924840906084296,22.280598098491517,30.92503444673969,46.37479828853155,38.437001311019124,35.33339124502049,12.361480089039453,-0.5631183414127279,3.4649183368837893,39.12043694708393,6.026106043276742,31.137145360839195,-52.93319282382914,37.946093802680814,7.091902566665055,2.6756879140114185,1.8768186518513852,31.478176284453568,5.6270600306025536,3.465383533398798,-15.358846352611142,12.163320712542761,18.651772037075048
5.363316642056133,-0.2488437821934881,-1.706883149495807,-1.5097639309479465,1.3235659502026464,-4.766072976794123,1.9876186121889383,-2.213917705245964,-2.160277762754697,-8.037617873997819,-0.5114324739528907,-1.6320601810105322,0.2853676399608419,-4.267437200803843,-0.7605878392330145,-0.07723533822912328,-3.559198454519047,2.6213563539392766,-7.691592939797913,2.402797448873291,1.1892801282019725,2.6908178877336413,-2.6285924644836407,-3.492285744062041,-3.2702519857245145,-3.835540923534902,-2.4055288477224828,-4.161428209668818,-4.247653004644318,3.579391496839692,0.7230139554213338,-6.018265873906002,2.5478181462499125,-2.515328528445205,-3.415770999539073,3.3383872505506043,3.3026523129639718,0.6437092532097028,-0.8478136585738505,-9.340623080087104,-1.0429435765663848,-0.26542561689933464,0.6327327455941523,-2.0636302527618398,5.678912917949747,0.2662202057767327,0.27792011807804673,-2.271227633649215,-6.114217367617385,-5.111829453786827,-3.7449310148999047,-0.3843857285534524,1.442783765609589,5.974211133809462,-4.868628723994426,0.44532972178317864,2.506583580531198,-0.9202673236626663,5.0710401390161755,-1.4900919554060468,2.2212444259963693,-4.452912841600803,3.7422883034921473,-1.345681996628825,0.8170572459736619,0.08297662685591053,5.772069041257686,-6.390803618502502,-4.2238689658681325,2.9675695519577254,-3.9770109561548272,-1.6344129498477988,5.6931610526963965,-1.6144714527119604,-4.812962308960795,-2.441493237940089,-2.25985790332623,-4.813079409988903,-2.7989049313057506,1.6314702614042442,0.15818922976399472,3.4691882084358965,6.4551818203688365,3.6536401138965746,-4.874771098445442,-2.923287131511667,-0.9477710989438619,-5.737332965545311,1.680695889782513,-2.3073313736608125,3.8425451615142654,-4.850108339637814,-0.9771147477542153,1.3105771814759972,-2.567494842943879,-2.8300187857958177,-1.7146661171818642,-2.1701065910828663,-0.6832856150904587,-4.305063646889434
34.114416944492284,23.834589372503405,49.81825806996096,1.6555892983029368,106.09205532018595,52.259074548953116,15.462202812398077,56.443855608351235,38.07916930543437,27.760944883389975,23.851608898137787,-10.246616881400879,33.84340795715086,10.275502047258325,14.46601647082215,-19.20992430918162,0.4157219905682765,44.90621352150441,56.3769665723785,7.836962273422509,54.42528578604753,62.42873065133831,29.394619923180905,6.342590584880196,20.426610211985086,4.0953332743074355,50.025296471527504,62.75853995368588,16.037547010031272,20.596899976048622,32.936415367601,29.3878199341568,69.83180847297862,-3.257465990587364,18.66990696354045,56.840552329998715,47.59356183650103,-3.7997667329009555,47.93570491603286,-31.527789253882442,64.65212981362394,-13.643387422572703,39.216504118164885,35.447025227796125,81.87147128557635,62.03354194590951,37.96874963215257,52.92340822516651,60.807699228681535,-3.561627120083993,-18.38633690426958,-12.014009621633907,76.75855240836304,37.62195891772761,70.45608371049181,38.24926128828942,42.02737599727166,24.79144958320827,26.20989618368339,52.20469406041419,2.3265348637200844,-11.90338101951846,23.144729825022043,92.57157788295825,-55.93683181426071,-59.450500918414356,54.52561792236604,22.763532311132955,11.328124749026605,24.611931693319235,18.359022009411273,65.56731020333261,57.758834847518095,20.224212679436285,18.62291156645585,29.35305949012898,27.786479508914894,64.02042966691343,30.993837117471458,35.22398280182584,15.101227342260842,25.73733794963101,33.692095376241305,30.622672553047337,44.80214071014098,73.95344590442889,36.756470847987416,-10.454962819273948,41.54969776220947,-23.02273042943928,92.52261686332068,-25.332868650992484,4.00719934429419,3.5322997284785265,9.535626854413444,49.00136410729892,36.982321628087405,74.0044175446578,67.81922723865868,29.5546410661871
-7.1766504033244685,-8.084233265937447,0.3921277208508114,4.8560753539301516,-5.843308272997002,-5.055066858197876,-4.654676481770882,-4.372168166540953,-3.4472458320573036,3.0732744487296704,1.724821824512389,-1.738219227024275,-10.318270113347756,5.915980993073933,2.684364564722553,1.1509923068516734,0.1951876802601517,-0.7110307596578228,-7.302898361679302,-10.476644288332132,-1.7790085674462963,-2.153417175586528,-7.389286395777652,-1.4562272097601257,-2.803002316922404,-1.059510775909922,3.237293224993944,1.596911610044118,5.493719012371475,-3.808168853236882,-9.171716455998375,-2.8825531133984503,-9.458020868669221,3.16249282113924,6.018672230788806,-4.683248980568589,-11.447644427187171,-2.863434040989423,2.0611078687260935,3.0020288046388233,0.6384919122161009,-0.9301898544321074,-8.06079316598639,2.060976080452113,-8.320497362415647,-1.9319844320428998,-0.48208470642638523,-8.980358693513654,2.802422943493395,1.0837469022348831,2.090289446107032,-6.941503495102432,-8.082399360088601,-6.925186222761991,-2.4410772462146286,0.7959576837266048,-10.948401111557928,-0.0903389746256188,-6.221694633902585,-4.886646215943618,-3.789557742456077,-10.612955524726328,-3.3736563637680095,-7.585066760982641,-1.455874854828781,-4.612653233366912,-7.035676693516069,4.935649711617568,2.0200387662180654,-2.0479840946228784,1.0553956128190671,-4.5444705656503315,-7.772096049632346,-0.5799727467832632,-7.841879199351043,3.5259929543386783,6.035068678379483,-10.65362958673609,0.580894938654559,-0.29201143573654853,-1.8295721972538908,-4.196395819849734,-5.698703064673413,1.41523607621241,-1.9314972716243086,-6.371477204168844,3.173638586112875,6.1282087374519225,-2.5717164827290215,-10.482069803475436,-2.862356256522137,-0.03722428448516189,-1.6972097910340365,-3.295348181728627,2.6451738343261684,-3.752602288933671,-4.4822664090108955,0.004758616023174307,-9.198910214749263,1.6873742716217963
-39.563181703575204,-76.17289383610168,-34.62907081951803,-26.79905936429366,-37.572100680679554,-81.58767109119903,-81.72922315546802,-67.72884395547561,-77.95060516146812,-5.072277498575868,-18.481831229273784,-55.97600902807474,-69.19129993486177,-12.704213892949824,-30.682585605882466,-61.11895406780948,-41.07704020778833,-84.75475702206913,-88.92166509678238,-82.98656266144397,-48.41815732104259,-57.418095675434586,-76.9748887489102,-61.50997880222699,-65.79991945406269,-15.603585948470416,-37.98056778577212,-67.36525449704328,-16.413478846163674,-63.12661373085539,-91.28438865786772,-51.99904994750912,-80.01867728454688,-28.02471146247363,-14.47468463644652,-74.43456380696715,-91.26931648640429,-31.411728581109053,-17.97638258148055,-68.64408166967455,-58.99347581834562,-35.2610177164359,-82.32543834266994,-49.004361567016765,-93.49070365650054,-80.68918585690415,-37.056946539804315,-77.52655972192049,-56.046396512024934,-65.55537309117027,-3.134247242391677,-61.77231474171737,-64.49081536065286,-54.95285518453343,-61.10178216389101,-23.284689326563807,-105.91562299534354,-43.19527043326012,-66.72090293533022,-89.64829763136105,-75.88504005433703,-127.87807812619016,-123.39154820683811,-89.30986071363945,-54.45325660718496,-79.45736878398795,-83.26967735025308,-26.506928709143708,-32.55223904921612,-58.90470240550839,-15.23942412122391,-76.69624922877728,-59.355089888592246,-44.73438927835539,-107.14029225026715,-22.108073955269518,-34.88268384687719,-80.97323593670122,-35.95879104773639,-64.87115850866003,-50.34885591138571,-94.2076931685742,-61.05439561316025,-45.77653103973457,-53.39092374537434,-126.13473451459629,-45.84298087677771,-29.628442604393058,-87.0024129952334,-118.8100860475564,-89.27978081038346,-40.85618458502823,-44.24139636324181,-43.88872886157695,-33.88540560352347,-49.999724635442874,-55.578324536071904,-44.02636137284427,-88.74484367467743,-28.086222860471327
4.6209016365574005,9.883526992788735,-4.283202080886173,-6.462666728363523,14.875957629232708,13.524223826543649,10.841689706038158,0.11362048776039362,8.928900319485125,-13.42624015040291,-5.9887019546574765,-5.650754721601453,15.53651890419493,-13.843889035984088,-5.941174321396031,-5.626331169073628,-9.645180950326148,1.7485528229231464,-2.522093880208062,24.273930750601778,9.071726826986254,0.5121154376687709,9.690429774405015,4.597708948963119,-1.2578387341764334,-5.192952230019099,-12.625465213223096,-6.444939186067887,-15.88509102689737,4.561094225780786,15.975139160244451,0.5305846978255415,23.970384636058853,-10.680882166636914,-9.490028327360497,5.76592957466522,13.62177232917432,-4.2774151684204424,-6.553024129473226,-10.10450248389754,-3.182104991374777,-3.3034157047315165,11.02257716197653,-7.540207295255435,10.988868628084722,-0.9185735454395674,-4.841985305353864,8.14763124888567,-2.2214288472874837,-3.352239635517197,-13.661269425245678,6.8892808943416854,19.777705995869827,8.1437693951856,7.706554385936148,-6.137544914978085,10.804105761158741,-2.6994956205335496,5.328749842344702,8.481531136983332,1.1263293281050832,14.218834100746996,11.193355352832066,12.69221447867308,4.521155710587197,-4.3365977064294325,12.142259801319485,-7.472958504061754,4.029798824314207,-1.731463033191662,-6.1743870552128834,2.880138731956203,13.64096983652147,0.060843631750481304,14.410697175939694,-7.803480302065596,-8.8794688263072,11.634787363776535,-5.6447627159815505,2.8531694954567843,-3.1852866186895135,5.2109530464540255,4.965962309366203,-2.5131377299481863,2.7578749352311207,15.270751751037539,-2.4354285591948868,-14.32555140411056,2.2590515580887183,20.75665976885306,4.4918632593655445,-11.204416889652762,-1.134240919745528,1.2505208647826687,-8.049571037348363,4.468104866397204,10.292646238817207,-5.304256510864723,7.419689078025584,-6.743837065620405
5.486408382321,3.251822898736281,-33.83965578725086,-11.41125434904113,87.07686238366865,-64.67705803365786,-74.81511155968579,-10.366779500981284,-79.42660070410578,-6.203171939816771,-3.999536096408848,-56.88976454429936,-22.940698441756723,-33.297158987003655,-48.80580321296812,-44.81845497462537,-20.667545970562404,-48.4257840751598,-17.094848707641777,32.13276927669516,52.69988065133791,-16.503172109989787,54.111773839082794,-37.73890877003254,-14.425488666584036,71.0237615665026,-26.17503216955363,-16.269432068904866,-1.801884129006353,18.038229256325202,-6.864214346685135,-2.229876519083701,-22.340169020783815,-35.16555371970363,11.667558856101937,-32.84863624295422,112.57569710893824,-36.01204834420585,-22.87450610547032,-61.370386561698545,8.29074204361793,-55.25668191115826,13.133480028966613,-12.811404228963044,19.38005830617057,-4.908521327600031,-9.882481876020465,137.96344577830558,-10.01805969795204,-50.30989099860332,18.161808464581185,-9.120609166279886,92.77517152627766,34.849858724896215,14.714025143973515,-38.138194983927555,14.674929827706656,-47.3139545912154,-37.80143984499524,18.606934267654406,-76.8153559081634,79.0346040618923,28.157248044525883,37.917370709036064,-111.48413280796089,-13.885375968794177,-52.88025912357691,-18.44228068596101,9.638091563065242,-57.91668862040904,8.008333653910793,26.40828200153472,-7.76582121719373,30.824997040832105,67.3333982839482,3.318655369896635,-28.671006453461295,11.551611790484706,8.423606199683046,-22.410356833826363,-31.28197887911251,2.3170006487793198,-81.27724524084827,-46.380505512273174,95.04737696025883,-17.35288253729426,-45.83665515661034,-51.112331195380136,-26.605980739794102,32.868690165894584,-2.578950659192944,-43.53980975410635,-51.96164704674243,-71.29215462464285,-35.84651932281143,-22.931319805645423,5.285126793189749,-17.883300739826034,-77.93999828838132,-34.76027730072087
11.063896168882566,-8.955177957677522,8.32433587047889,22.72670551065738,-10.862279349930818,2.5325792500805124,-3.123497865116171,3.9899329463669373,1.1785254286480629,5.633530865462275,9.960127970794783,6.376664032722126,-0.8597226280567225,17.605053242648815,16.36017980385457,9.097336762029448,17.008993742607068,5.813674455428137,-3.4722204043393803,8.78097753697461,-1.2964703604903327,5.885402110560219,-6.260581590137104,7.338218866422284,12.861546326742165,7.188187208001672,14.326887922953304,11.209129250262096,30.7947380473977,-2.372566072392475,1.2313884191168216,4.5814486576110545,-1.6385283568567257,12.243553655176349,26.02129619465637,-5.3439561735869106,-2.1528235137485563,16.146665257555178,11.535762181317933,20.788574423857753,4.071241573907323,8.97368868749736,-3.1233651404030183,22.00922011118897,-3.9112032631316853,-5.338683365055754,7.868635448074432,-12.328760980059583,14.959548438721487,8.393714824090413,34.843830064512034,11.499002882231485,-13.745513275711934,1.846503206919188,4.787101895292574,2.8796972269019623,-9.288057958370024,12.066007963401319,-5.354060415301542,-1.6132987321794672,8.802341970580875,-7.0019173510218575,-6.448888973752739,-14.16870807951155,15.691467529301486,5.476410832787871,-7.046409960958326,20.820500273514167,13.156987962819343,-5.052416367695481,17.17813354844525,2.1875641003327333,0.3291296428470457,9.554902796709769,-14.005824849508796,13.160566822229207,16.999231478740967,4.06622790084112,6.517647231043883,8.749908399566548,8.176856174311421,-3.3457769168874014,-7.6253366983847055,9.019693187768894,3.277116666674692,0.2903364481412206,11.588695042854814,28.153871030079866,4.018809685324696,-8.165583476267807,-11.105922511984915,7.965337129456594,13.607900931823423,9.393397262400605,16.756823797372032,-3.6565222559845405,7.426408442450143,4.974324514877261,-9.057770762531524,14.455100943988432
12.386972349569895,7.761514415144463,32.28292387395338,42.282561178613726,-43.244528426010966,-8.254764168670597,4.270619008379748,20.042165603439127,-13.228818348486955,15.162875966295022,22.57827327055913,25.19339535962564,-33.877256594013886,22.136537759454182,28.35521506857762,30.94833824707443,39.5571869164429,13.545026196899347,-14.794028974159277,-82.28660054033098,1.8463527058443732,25.859038068888367,-11.74136949008615,-25.706307758703584,32.046140000482715,21.127305424604568,46.70850564161727,44.78693072028253,53.07476529431628,7.949795644420572,-22.22235457022474,1.2670648218095637,-32.419923475136144,16.668837632659574,42.28118769084714,2.604658019311582,6.404525111699399,15.076433500588209,28.446967413331315,12.015532650549966,32.48823723055512,1.995259907130286,-14.900505916172113,26.842745858193435,37.673300878651176,23.502743021588888,33.92325141548878,-18.486303220354657,16.68856946001585,3.7006976966177527,44.0859450153393,5.665630856373805,-75.4593588722398,8.244455739905323,-18.977908871168605,24.096861667148794,-16.272106498791835,26.31701708191667,-16.399897527115154,1.3096325225794307,30.86710615346633,3.568394404898321,-5.753297748677271,-54.02726867263199,-0.5004134227318077,4.042410580615977,13.776194562465399,21.672906467345697,18.140034646165837,1.3277370651233176,22.852260447376192,15.800427075364553,-2.6545157682957568,38.90145604016878,-30.962653456605043,7.490711139952797,11.2421231491454,-5.179744820821919,29.764105546007755,18.453818830310272,24.09259219911296,29.84251937770904,-0.12879241458814167,15.696180554639025,-1.0236131577917282,-9.473188030895377,24.65661146025407,18.731829961326977,33.39804563666623,-47.286581911316006,6.087373016416266,0.12651546453896773,12.663419682139075,9.052765912415337,23.53337211582196,-24.075326648026735,5.351989191647989,1.3786219488284028,-17.795888645198602,34.17597015569386
7.055426541725573,5.63300824564685,5.549942798382863,0.5471925467653649,8.596419930838028,9.392969844692223,-1.6835139449078962,9.844925845138297,10.008497841204514,12.929578862607269,5.85962952377305,9.065002085157763,8.230255821548338,9.113420496682402,7.7733700009237925,2.0374898907674215,6.5552800806762095,8.53947436678437,17.312741497337566,-0.590692402504557,3.52984924546041,5.387791212624026,1.8906804382735005,11.574589528069435,9.46874924560375,8.632493079415,11.502855152813769,10.719053420384864,7.517131802170892,-2.680512880780033,-3.994045788930247,15.165694203475722,13.48161880853429,5.190896247688714,7.297501853654732,4.425188928192275,9.236993196695446,3.2192156911397953,4.090084809551932,13.137163172181193,2.5218671108723303,6.304222737027576,9.7187690071796,14.84657536383233,6.684599629582247,6.852026352763465,3.026634850459144,5.887643893157744,14.43143471631269,5.369645866402011,3.407197783027755,9.023104597505052,7.5934951128062425,3.2747036474135243,11.690459543563293,7.720977046653581,9.948165569654652,7.383506929989336,8.876535965107163,6.697519229142331,5.417001820479525,3.253851058179815,6.133299561354599,13.141032650258317,0.3324946710218742,-1.425865514007702,-0.23086600827858747,8.829308729792512,5.684946637702773,1.5998611730161418,8.1776613785105,5.147414755931275,0.14395342713617654,4.701195013977845,9.428360131561512,4.948302191505969,9.707553280295608,10.581413871380027,7.183711709965372,8.330222754776143,5.436761275356672,-1.3904787608221074,6.518298641889492,1.0893683997501216,10.188913025380101,13.590501213628688,6.607036799989824,10.715223090215167,3.6268371938278143,1.6401017752192917,10.843374530620913,7.785691187466631,4.101268472615749,0.9870292036688265,5.841282584993042,8.8610812627788,6.37242108815727,10.035045804731755,17.95215162783771,9.592197862808076
-15.349840393160092,-14.750250433583824,-1.4825822102350894,-0.7246668150141248,-12.73254870505429,-14.121692288814355,-17.007081751491185,-10.741103586115434,-9.940832312902376,-2.9043964950680423,-0.24420211873300013,-8.795429926558985,-26.257000483241917,0.9934840577532946,-2.808743311312607,-6.474997958867272,-2.264144280241837,-12.799293129758496,-16.94430856974069,-24.906681066242765,-12.43197134431654,-7.673701332764189,-16.349604115091676,-13.247360182795791,-6.205360331826613,-6.161473858387833,-2.2464627529048133,-2.944611692090738,1.2310562939026364,-11.857304881350464,-21.770235300326416,-7.124735403159368,-24.881428312041074,1.466310159193878,-0.9301139093811888,-11.321452516282346,-22.780256877272674,-7.4477348525232525,-1.0332785404604463,-0.0005027808937651592,-8.576874367865646,-4.8426846070147915,-13.61015490211282,-4.653278251025557,-13.332262396584978,-8.45457397313228,-2.566525449099929,-12.283705283056278,-8.198080175917072,-7.004416666205774,-1.2337026296779119,-22.46720080453779,-21.562571039663105,-23.552604903917835,-13.137571845514573,-1.5881214126920018,-17.45975804359008,-5.6424823047663075,-11.664000612851556,-16.969141120111416,-10.80621973134659,-10.86586383969802,-18.446753531576984,-21.012847716490413,-14.495591804493161,-12.579448208126953,-15.999021083995554,-2.0622639144729975,-7.734372025839181,-9.266833921462608,-2.5276814812254362,-10.182144371049237,-19.64210742989868,-8.781007123501283,-17.06903010612504,-1.0850155886071373,-2.347132046388134,-21.315679135637776,-1.978694074240939,-12.657580067445352,-7.37921238805599,-16.804413618691825,-20.31325888591705,-12.657667989026278,-8.25334247075736,-17.25783280858003,-6.4255800168988255,2.0790885207799414,-11.82814541409628,-16.801351878770507,-11.909164807749589,-3.807099250880973,-3.359238162588161,-7.953351957327218,-4.764762054933016,-13.82237514546791,-11.198506960635667,-9.545224738403085,-19.420128660552237,-3.313254136968779
-6.6036546304929455,-7.58183131303189,-2.2410765640552475,-2.5205717827504563,-1.5515254904509168,-2.124052025285557,-7.562255811438941,-6.096774294040235,2.3924328288624324,7.309576056638715,1.9489111235037628,-0.7578798009875868,-2.3984907451275896,6.648776195366304,1.7534402233941262,-4.741695466981308,-4.55528738404402,-3.9000235466029967,-1.6310085201451308,-1.780420978385573,-9.865869915758351,-5.301158042051766,-6.132595178947537,0.08844981519436636,-3.660234045084944,-1.160538505065652,-0.15685401859231698,0.008431631153560479,-0.37496167949085857,-9.093394759251144,-11.95875659409621,3.7141421956965277,-2.104762197058282,2.4748287468920407,1.061449998741132,-5.436812750902643,-14.155380612665217,-3.5827039257695277,-3.517626577558895,7.171162495927,-7.558479650158953,0.6047225694106357,-1.7389256649208311,4.179605456066512,-8.73446883524556,-9.808867833466929,-3.9181283986075366,-8.465671540524028,-0.26008254183209345,-1.324883993208158,-2.5176764015561504,-10.869673283004225,-0.9035527383715749,-10.329694821628005,0.8164987185296422,1.7353211193933182,-4.51039625757675,0.824482934245492,-0.16089039399140992,-5.748620631244832,-3.5816515788431516,-10.53348330777564,-7.070432065918676,2.6482264726331888,-1.7883902054548382,-6.196125207166067,-10.134631542616264,4.053568146438291,-0.806085142031637,-6.9915046037624755,-0.9894990325122806,-10.818307770364914,-13.460719591601869,-4.425939114134933,-6.429474531624164,2.7469850615300118,5.363485536364717,-8.128987381945585,-3.5350379448235105,-4.699493097279738,-8.459781251966776,-6.641275668849072,-3.6959138972051755,-6.411299828233215,-1.584756857226817,-0.23019824562057514,-3.737719059545208,5.728682023125119,-6.090029469517109,-7.487359914660731,-3.183445392633555,0.1337390155417744,-2.7607267773610893,-3.264097878279687,-4.974359973369921,-5.456070165050017,-9.42549511116219,-0.16151172692964366,-1.500322114670309,0.508801961859221
-22.9178657062393,-6.497213107061958,-12.245842418688243,-21.16651272133777,1.8363256605312421,-17.234945805212806,-15.868542601273589,-18.36044402056265,-8.30434456130366,-11.833265867995365,-4.31957905760596,-15.483029598818908,-16.646229955782985,-6.710302552928778,-21.84433762697827,-16.961100686918304,-24.739406992074247,-18.603593346793446,-16.310592938816306,-17.70118922531622,-18.651529708443384,-25.24899382794982,-20.801773694912594,-24.41924582536141,-7.151033704210111,-3.6531704731511185,-14.323836144150984,-12.316548847172319,-20.632544138515975,-18.29024292935414,-26.602375077189627,-15.415483883111513,-15.985544503305693,-3.5067372818682943,-17.96741173459614,-16.89357781353068,-20.478041706100523,-12.677315604569618,-17.02586910427246,-10.713521199603873,-24.748010177396925,-6.186257769986552,-4.514717907160922,-10.89275177188994,-12.711240437567008,-21.645908738939433,-18.583893873669883,-6.67353863170192,-22.48627676857431,-24.2656316022653,-18.40697474802328,-27.996468438889398,-7.422336795015189,-16.55900945966217,-10.10948142653748,1.9693689704473656,-19.61411931713399,-11.10949320699745,4.877799554893032,-19.964711791675526,-17.27843298111937,-8.234475685778067,-3.3588844968340315,-6.983411784220463,-22.464153554262655,-11.57519994676577,-18.276533663863688,-17.924499518451537,-24.737640374545983,-6.828691741150033,-8.161465256958396,-22.26549304792991,-24.194225304066645,-26.397861049909864,-14.16463591995464,-5.758954589514418,-12.639910163381193,-23.59916756896257,-12.661621446705952,-20.917060745808744,-25.09300222551073,-23.542262253042367,-19.63424806126317,-18.717618091011403,-12.624273346787792,-16.1055677484676,-22.382411469230178,-12.592216891835552,-16.272048021459995,-22.182311236210197,-4.053886010708848,-12.856585710861433,-9.374546536347767,-15.738899569817002,-25.11264451060918,-20.30974577657521,-22.776668704853012,-5.861467296206092,-13.134478308291746,-18.285464866190388
-9.1441365415122,-3.5440191007014636,-13.8647397292803,-18.61396014745854,5.976707544529538,0.3316805348042304,-5.363358962665916,-10.228328956956734,-3.100251563657622,-8.537338661039064,-4.805807213357833,-13.325008254498156,-3.9099731668461453,-5.1443763242088085,-17.501412250573317,-10.84135234704816,-19.151257157230187,-10.688490110688088,-4.872355381754872,1.5430413324104266,-12.339868469970702,-17.90298071616175,1.0458710926066765,-4.1481899217795,-5.081121406912253,-3.2158873263457273,-13.496610805309233,-13.439723143641755,-21.65629907163257,-8.817736307868637,0.006251780602677064,-4.082889424863797,4.612837195195137,-6.390140807835342,-17.596483549273763,-11.068181367334844,-10.907679635079672,-7.587255421781307,-16.185803828659218,-8.848170679169316,-19.292492239222497,-3.126953437373412,-5.001236988244124,-9.53288817126148,-9.757954904300343,-14.55011339145023,-14.220236689415099,-3.742529950271126,-12.174078293031053,-6.6938811731019525,-18.764192886969063,-16.857945081527337,4.483677520486078,-7.750627336260128,-1.1951096853637924,-0.6170483251755494,-3.044932845482319,-11.09514436657982,8.941755957846322,-8.960690515071127,-5.623265770841846,-6.2040875641736655,6.2945911098001295,0.1411706532802525,-6.172889455412201,-8.810028997921664,-5.763806964255931,-11.691214230192154,-13.632273592431616,-3.7183690872701165,-5.238877955238932,-13.656234342948418,-6.66366648837038,-19.00302286896079,-2.1148672364392125,-5.301813612226316,-8.179895068024559,-4.228455877821971,-12.596774924520364,-10.644150394781327,-15.634026845832139,-4.605143309220337,-3.767755922627522,-11.591087674980097,-6.577389962650229,-5.425118389053406,-12.762168329038024,-10.46105810314266,-10.565088372249427,1.057104425485734,-2.494404713241021,-3.765231396317896,-7.331909433038688,-5.232246946633569,-21.483337360092634,-6.326312656048881,-10.363731333670367,-2.0046371014720865,-5.757655673054872,-14.303348871666092
-10.328933367747492,-7.605682398891357,-19.742227604728196,-14.293151017878094,-5.14217077908929,-13.767077584211524,-7.600375096037747,-20.790739582710483,-24.824882162806894,-6.895204099108795,-3.478645049027594,-20.1253550280675,-19.9877061604235,1.1074791966396267,-14.362466462621436,-8.328245989012409,-15.526790329229323,-18.790434486042816,-19.735543463959154,-22.68189032094334,-15.442469656476511,-31.557784851015207,-18.641780041582326,-27.142679951425993,10.737613055865966,6.90192306324002,-12.509118174934718,-11.300663809854246,-11.470533417440391,-16.531062270872336,-15.344274117067839,-21.009554428863197,-5.779762100531662,2.4037701319436056,-8.067368057204998,-24.87546536969906,-24.702422023740482,-3.0431811153719788,-13.971939385263768,-14.619343386608524,-17.986045284387227,-2.2182948626622143,-31.455618763556664,-10.025959211323178,-22.1550961301993,-25.47102099916682,-14.18342956915886,-8.644150063430214,-23.24194333559745,-24.70486844468391,-6.196067446543736,-28.958088662047526,-24.343081350731175,-6.260406775099553,-12.051341568965645,8.588486416166655,-25.90509298627995,-5.813582384485782,-1.3017846338572938,-20.735704064400856,-7.642574305960782,-22.760748666919977,-27.747225750403448,-37.31763154567913,-5.527593936344518,-12.223462603735477,-7.265808391274144,-16.45867924900433,-20.466802060736775,2.051651814173056,4.077569156542859,-16.92623443323241,-10.432480350266436,-22.681977032984825,-18.625078295491807,-10.928939330734433,-20.218857776273968,-17.190618715392773,-11.872646070550307,-23.480849159472843,-17.520318873483692,-20.909969664358137,-17.386678373219446,-11.317718574948758,-14.81508131445582,-39.02038522963047,-16.04896831638808,-12.509738428635675,-9.555461620446126,-51.73963997719767,-17.54306557501191,-4.220658815521125,-0.15996951895012276,2.7484196630180624,-19.97030444722416,-14.624492242054531,-22.05468651770469,-5.0954303312866935,-22.02475305191453,-11.361088047060653
8.183672404751604,-1.6452351771641658,-0.6392986498493757,7.36155262304937,-14.665627121992934,-10.78991691800159,-6.71210156412263,-1.0225978204732062,-13.084191287381556,3.599040723376189,7.954409915542613,-0.4123522049491291,-13.512268297123358,9.884353229555591,6.011222297274208,8.591630795142137,1.679850910958845,-7.8183956033406625,-13.592280896692174,-34.45663982160828,-6.045002161400901,-0.1678851256650609,-14.195251574478194,-11.366568150235478,7.408422932479776,5.688071737233347,7.881020617024817,7.021231191881258,12.148826742257945,-2.752564873850679,-14.322826902085227,-6.110585053602614,-9.101422982103184,10.627199695456493,10.39937001060337,-8.082218542812614,-9.270970390360915,7.234582641618543,5.264844228827048,-0.6308606929444953,0.35290149545937155,5.729509784480279,-12.638182802731656,1.6853602392483482,-3.5357557463618514,-8.763155110202097,2.3382916512582423,-14.991495294260714,-8.317399793623967,-13.238627147380559,13.521928395448025,-6.2401147731197515,-23.589944068077344,8.73333498230846,-14.578838275439834,9.920947275581977,-12.639267604705621,8.234192090791426,2.2983138480308045,-10.821226499631356,6.041027463623084,-19.453072325749396,-10.402210949076878,-22.970519842122837,5.403584474440812,2.1147672400209228,-3.0130309736842027,1.3603340831044846,-9.507391628939446,5.308363889159061,14.002704207502473,-12.635914725481546,-3.080459309224897,2.1602215826945863,-23.514907329607208,1.1249990074295146,-1.618502869221569,-8.540695925746624,-0.2966080850354978,-5.122669025430329,0.8364959816449,-3.4341374487875354,-4.9002314360439385,4.994950543564589,-12.010505831850175,-20.060475615388327,-1.509910131109594,-0.4730446762834711,-0.7534251189229206,-27.10666303016732,-4.313316518870552,-1.4162849262948867,8.643759261455642,6.539978517874958,1.0995965564075607,-6.276973149629712,-3.428730271215374,4.527166564886811,-12.246119896970157,-0.03188121591325495
10.803233721990022,7.745435802214396,-4.502070336948979,5.412377470858495,-4.849731116945485,2.978317164049027,5.012448922073791,6.163930834953632,-9.15255547238525,4.20896579171565,7.429031802917047,-0.2111188059878274,-8.676896718423036,11.04915248146274,3.869956336916035,13.885120948805302,4.550215292186123,-4.0325458354596675,-11.219629628435992,-31.27722721366941,0.7235933654561629,-3.4240111546725833,-2.4123174644258705,-4.958617867094167,22.70554889831213,12.874174148039993,10.44823551178305,9.575814876086566,10.104400504993361,-0.6187230694748546,0.3243827284784339,-0.36583859572974303,-0.04111902462046673,8.056146558184999,13.688711024233513,-7.1424007037141,-1.918459427374907,8.716224503568029,2.449906555227057,-1.8570776684133197,6.3287722502876935,9.333489148011749,-11.449535823079847,9.057440354971314,6.104174743601471,-0.3157613514912299,4.863158553502223,-5.107439793851013,-12.02190680144382,-2.073910133798824,11.521481882998614,-7.761376870222046,-22.46837152139352,17.324955997801744,-7.343909540985273,13.130761174480195,-6.7610800504443755,10.7197528912188,2.527923369841349,-1.794088905832905,14.195896609365759,-7.1081905465385615,-6.756358273227231,-23.44306125435846,7.86896850286818,-1.4360251900267682,6.861073027057338,-3.616422091946187,-4.033747878805652,8.623090117882146,21.723277643928693,0.9852413657891074,5.866235819425276,10.753872097236732,-5.416075952456004,-2.2220910092472015,-5.40599717566622,1.5268957546805988,0.9260994766648162,0.014823574939549925,3.548258232674655,7.33734053957379,-3.2811619620647354,9.599610633349705,-8.037107007938271,-15.24216682915863,2.4372653040859937,-2.9037790465471156,6.7824034527280315,-18.070292043827926,-1.1991856290223384,5.887260642410368,9.18089566349049,15.242619643022863,-1.4681835804104497,-4.09673631166478,2.1573264561181897,8.57702297406086,-9.67863736495316,1.5419066752431707
2.3764877766905093,-11.061577292942866,-31.440751918909218,-28.371169993452444,1.4751484173072587,1.409163616241743,-15.161318723536978,-12.785899253412625,-7.854583227225122,-40.070064128606006,-19.687411938257213,-24.6104105155403,2.52503774809552,-24.668818546281912,-27.015215039690517,-12.068969752233418,-33.39196049092765,-20.087990408132338,3.7008812634752175,32.32465038729162,-16.690135787201612,-28.223823451488197,-0.632556582958179,-4.169018585551614,-35.78666567452109,-16.434956351228713,-43.51715128048509,-29.676459328617153,-46.85396579763513,-14.921960844248328,5.354457900472291,14.431663864011119,9.190342621335288,-22.397118996517737,-27.66246554879594,-21.24704864551389,-15.956105538219349,-19.329228599186706,-31.065804696409053,-22.103315299113746,-27.710063855536912,-13.192755838382993,9.349098494565567,-9.215532964633454,-21.650473857203234,-43.1585791516634,-34.39871167882524,-2.198756993043725,-15.276893083557146,2.1899400993717903,-32.318919957484674,-13.088615323511135,24.506865601923487,-13.067926319268635,4.316731890014413,-26.551578180293987,-2.369641700323769,-25.794894000103888,-9.799502937951,1.687020199035395,-17.665536561638874,0.9121318094081381,7.016685274019737,-12.171029632284055,0.436068688900749,-4.436475968991345,-24.248422454704055,-36.679039279909006,-1.1352022753678566,-19.37786966328257,-22.137579608826215,-13.27195052874538,-11.795508221402764,-25.59217527798913,19.42151756285031,-18.998632021387767,-13.184173558753931,2.3136544838101156,-35.186399410239495,-9.372679303263784,-35.298967741443484,11.384719584010933,-4.847169254458105,-23.815500067123462,-1.4330070957804302,19.37167774378633,-18.63632977328775,-22.739271048462903,-22.790557121852352,10.03234683667249,-19.553569140167486,-19.286251143102252,-14.155956986976367,-16.382020933871917,-37.62400053565222,-2.866297519520555,-13.310616429652766,-35.90096002719926,-19.052570978478844,-28.074571257100327
36.35434224975832,35.65439357798573,26.485221459307127,13.978940896123598,15.309805808359537,1.7227894532690857,10.39459234126698,38.70703842710475,8.00896073302533,0.19076549633050086,20.810248214058262,47.8734846073861,35.13908328033226,1.0528842792232274,9.51986955534872,25.747336067904897,22.642063720762447,-8.338194918944092,27.146708092927852,-2.329707012569913,37.66970054024285,31.189210333572017,22.074965283857384,23.813661155510772,2.5905513938459652,5.129027404655351,3.492547117482882,11.128585759813864,22.576563999922495,27.30018191003693,22.294022684133964,39.75791972012519,0.25069813357183796,18.549063539406195,19.76129655635259,26.63640096003095,6.230501818804456,19.641619536780258,26.141043926308456,18.35655220667586,18.4254776531005,22.748173475185776,42.57332958582396,29.88483036619666,26.69188228083618,21.802455165442527,11.49515481710551,32.97461034812917,-1.3953925695974416,10.44832172256725,58.898394862937145,30.62015000616864,9.810503286434923,36.673537763331936,-11.720167867973602,-4.580703114389849,16.768889582045894,24.528829094757665,8.032575909633623,32.36012239902344,6.104146704777238,5.699607431331224,-21.005768717592765,29.68924344531739,2.7318724266958783,37.76113854461462,-0.3230738456082007,8.538353422029013,12.952315522000049,17.70208538292823,36.27208208438656,36.38646861077827,24.584302041832753,30.915748493230893,19.54641283834631,14.45612995527363,1.5413644332795384,24.303534336290706,28.536310586728728,14.392657163202044,12.225521713000436,-3.4798377798553553,37.54114671072264,20.232279222726042,25.123686633398968,27.053838593720606,20.829114460414615,7.297239046658036,3.4643029786493753,32.40366221186098,8.060344440327185,3.210856279960939,31.80146742738597,0.9232940570139744,1.8812678776540535,20.995250846728933,37.68202765200989,4.089197722635069,30.640670231105883,7.103300308275966
10.60489663540149,0.5536827011152365,16.295656414564057,22.342375390350902,1.1404981873961282,5.033206011590869,4.110983654982445,7.424263224256644,8.33611221637904,4.344390836617268,8.256909910407362,10.643336140677164,4.933422384134408,11.105067448978184,13.246071966791666,14.478331770686482,14.022548783667137,10.291091536862211,10.409991592191826,6.916018280074178,11.369212899498201,14.765886322628251,7.773056879210987,4.235724876257051,6.497416830216752,0.7017011899769502,9.967734088540404,12.400995252123893,23.484454898026108,15.292016701459268,11.804110295718617,2.609954866770367,-0.9034098561937068,14.52134660180571,17.98580072380063,11.523664899237074,6.8454929398403355,13.731703049943652,13.1456264466862,8.532764076911626,18.374355625774083,6.9042153876432995,6.510263276465401,12.643949066068469,11.271873008555955,10.893586814916064,18.14024698167607,2.424796491447815,7.3901381591678525,14.386373287943979,26.651672978789012,12.11185183216543,1.9550398672188058,11.255862145048582,2.6046028587592196,2.374849971232721,7.991086114387749,10.906202745180058,2.320835011702171,9.764008103443325,8.654062064402858,8.506562215319986,5.696613769343066,2.5902235179791515,16.388969256821973,17.766313988395297,11.816682178240644,11.471975648462115,11.24520607341416,8.263166942847644,8.905178950376197,4.948205760852612,6.492597415112497,12.002620624784441,0.6439879685664852,8.77834839032518,12.278062945184166,6.792857191473293,9.285883611586884,9.674724101520901,12.042654608554363,14.865283796794992,3.471530386486191,15.62544111845001,2.7397450341971057,8.549966146530865,9.601335265505362,13.251318832306557,7.835130756843547,11.331959997475336,5.1963732918560055,5.976795794535689,14.471466852368053,13.679103333791872,18.340251554044542,6.86600491824245,10.348325047760087,4.477120108891077,4.8398466002507154,7.694684037081361
20.07016029934887,25.282396366157126,19.62459374304733,13.98677537283705,30.167502332463748,29.41199700194207,21.17049761077769,29.136738495356433,25.14671579052654,11.182018710564561,4.802628919725166,23.45518177997252,23.94435457836245,2.424196491942755,19.799492250835936,17.021406829166278,23.268830402132696,28.235155033856685,30.14437155619847,30.921480001989003,30.930647874048034,31.665117219299052,34.13585559624566,26.162830114158066,12.35699625798842,1.8856379029122792,20.930254167050407,21.488808474808632,17.188973265750594,18.75994035553948,39.546702772157055,31.790453253779404,22.777140691689443,0.6781762274849636,18.21656687215446,42.319282995624,36.040572618913586,11.10166938548448,18.97905083013401,16.813030031703256,28.382932022264654,13.428113258892958,34.54109800308093,16.79251962230102,33.4632769048915,38.47555679874648,20.756743204166305,27.939168124208628,22.625171000585652,35.53073637045967,9.809140487407571,31.717239243870882,39.32245542389778,16.656217495645166,17.619490756624124,2.3169558039488085,30.724559606075886,14.816391296638654,8.252249072927736,33.697782178323216,19.953486852173466,35.115023917696384,37.14014364159511,36.00232982622357,15.77226464727798,23.438158333523006,25.75384651727954,15.884847183553504,26.51024448996065,13.20688972083471,6.880208880033372,38.6028993630985,27.872742639821222,36.780056664427484,41.62384449671665,0.09953187576207928,14.545192618076344,30.058657601380308,16.78233044947267,31.07469234854428,27.12477811812936,32.89589584047547,24.687985807019103,12.561550403829342,20.102232891713335,42.72847343494063,20.1674247141486,10.56471138988859,25.09504247951431,41.94239203676646,31.6613981249619,20.4104211612488,3.832975033206103,12.59777303810754,17.365306956887178,29.16022885258085,25.11618692119538,8.644265238170627,32.86884441778189,17.904400932919128
7.851804684406717,17.777190460023103,20.5329878596844,11.15184257453414,50.601631990452454,33.57704749961038,27.31458424834976,24.9199682638207,52.33217301889149,-0.9369779391938194,-3.0817107159665227,16.294393224940585,57.107904850947364,-8.410430313020953,2.820720439200533,1.8637070575339698,10.32337557741751,24.483412584179284,37.595260065913415,85.53830177477852,35.1225870747065,18.91966463548383,51.40187945866761,34.81495291734686,-6.368512283764756,2.1895679044367653,-5.959672685685512,13.508101152841082,0.045233817734907096,31.46415536153086,64.19501449688502,24.71336458747949,39.87511112508063,1.869086142764946,-7.568869800869054,40.48228068907445,44.2546824796042,7.270219219722843,6.557057589961041,6.632078938447702,20.284377635798638,3.819090673440989,54.290129002616126,2.4962542286155904,22.539434526714277,30.52501282287187,10.917407210673387,46.57902706509749,24.48496764409763,29.37170822422858,0.16114348594554515,35.43637107889219,64.41066124548207,16.348396673680753,36.1247078832761,-14.614311956134047,60.78052306731217,4.691125842945643,28.655976592025226,33.71843449169007,3.0478395900619226,51.96139230657568,65.649361242624,83.12249631310819,27.16318332733243,23.531340564043276,28.415671431968548,17.633433260361144,19.441717152872265,12.819619866331212,-6.816972790827128,22.952690762050537,29.41420638953693,16.11164746377578,67.69333379094591,9.73812567379945,17.894201242728172,33.23383760029084,10.504337875561951,20.054559391594637,17.49352008726477,30.67567753990819,23.756365207624498,13.427996914919088,38.5866045060776,71.7187200376913,11.848600527609745,7.995103277117126,12.066153785722955,102.29227793717479,32.340718101746106,-0.16007562113936497,4.662375297483121,1.0806579223117703,17.761287929283096,32.22020855878746,34.4450478777893,12.657413754975437,38.448840678149054,3.157514363691452
58.005729027661225,62.940156229731414,45.278553669725106,38.841576836142224,77.02998480594265,65.99601058468521,53.54459715614278,66.42708135286502,53.57533331283622,29.43321530355415,24.052345553785177,49.234175455948574,60.01697390743173,18.180376575639947,35.86661057914604,44.481721596025835,47.57733864071621,43.58973078116489,58.527261948450956,50.126378626574486,69.87829612214061,60.58460783985916,70.10504619856712,49.83675746237113,61.19437904956605,29.874189455077087,50.35543062886578,46.370445419153235,42.41588614040077,60.65279000283368,73.90459701459349,48.40691528378117,63.16707023330767,32.142990109489304,34.461806240001835,66.37855632606068,95.77244913955114,46.62368204368007,43.08571008812089,38.68760876163542,62.4465611529746,35.05327077553496,72.9812471639577,30.060302839522024,66.5346182354416,76.37724378661267,45.24071546170618,62.794637823653936,52.282996823546355,47.00445197227969,36.53746534365361,67.07003402809332,68.43995823658604,57.695613718098464,48.266630829416115,23.611006713679675,68.19933905859997,46.306003525812734,48.15684873284282,58.06887832996323,51.071356983047494,63.37974913626014,84.07647856107046,84.82588586459151,53.04556416204981,49.61758036229126,67.38643059926888,41.784214457793745,39.60454461259576,45.597216239380224,37.33428996819846,59.65093112195999,81.32413240926292,70.16214762971988,72.15078252249704,25.515986921159943,27.985736138340656,73.8795563795016,39.31734577847101,53.48097348480038,67.80317224207,55.90126819151243,54.069967030596516,56.1938988684309,42.41060676032414,73.59105876096856,47.363619411049804,21.7391155434062,51.45531518437311,91.1659280789666,60.37768535063322,26.821793060786344,39.527096747244435,44.00454336123145,50.7506156914472,62.694684935205714,77.3604583320159,49.51160036370623,64.87698052894113,33.31367418736788
42.82654293875945,27.85653841919027,37.222511619390325,39.89972302209962,34.90519408674316,42.077967104706154,35.79305503202401,39.056603866016765,39.78084520772959,45.042647436048654,19.298547355846015,36.746535629767855,49.71901487282322,31.419527270620073,46.28676135553152,31.04636973492743,43.77519222522081,49.41160042629061,39.182685179021334,56.01198885531344,39.89020026357401,45.363642704533284,63.92362749003385,42.14700001300287,31.710944573088714,23.959592266242534,42.098132761425276,41.01395490209849,43.126529031266855,41.5916179611917,64.09569344096688,24.952756923061266,40.08445273414314,25.95610895073954,33.77896736956451,56.862758938675015,48.06686336514062,28.48338173124033,36.60609467014964,29.61721531472645,45.29368308990466,21.346602430258898,27.51740875086613,25.294578198061497,30.785461713556458,48.139723564751954,40.78002638893381,34.25976835054022,48.9409264574324,48.90925526280091,27.527205881737324,48.14113054914748,46.004059125115354,37.428318011034186,34.3567464057148,16.82997417682599,50.92043855507322,29.24444925395283,25.81441843770896,35.57138380735501,27.415332337254455,34.145832077802055,49.449893415045366,60.37610262389299,42.69446667114211,43.24833242310303,46.25562580903712,43.85769687018602,37.36362134412298,28.673875989368124,22.118459925983412,43.41541180412033,43.10712599901275,48.248386938448554,41.052365579517094,28.83693921939651,34.91617114398984,42.92700927002322,30.54486723545296,41.00783223222096,53.49609136239666,52.200310862008884,52.29769086797863,37.94167477176032,34.41293378353138,51.651949936132006,39.822118324808784,31.033581380990174,40.003892610259314,54.273212680277155,33.12342426917297,38.68991235852194,20.798332576909747,34.80141890325778,64.95577396145443,46.35480566295039,42.53073920297642,41.52635075219855,35.62519215603108,32.91706519832669
4.220268193688262,19.679253093008985,-5.704180493892845,-11.7242814636834,19.334292388749112,20.709345463133445,15.840075479712558,11.819331372769787,9.885635982409346,-8.542321194582641,-5.605312718323513,4.147277172680759,25.537657829953126,-10.298267088054978,-8.44958849780439,-5.018796736765091,-5.584310449983831,5.530110696084825,15.490103017362255,49.83493123712102,13.18905974327256,0.9975742649836995,24.861689547437518,18.317607859313604,2.7044771283205886,5.155146755902058,-4.520717213058027,-1.5717760864740615,-22.415401709561948,8.801412033037659,27.072407373068838,16.351573459338674,21.145257437798385,-8.070865216301042,-11.779208979450567,10.502313100904457,22.674827061637952,-2.9457396130686835,-7.2898601228618185,-0.2703777734964964,-0.9463078792355809,2.1460618144078,21.65634196219363,0.11378320332989117,16.487822076873925,10.270693192062893,-6.625629166356801,19.430959965288334,5.846951964557338,9.877617947373363,-23.580586347642722,16.15195179040671,31.254479854946734,10.480820488111148,17.240026596815014,-3.457892081300386,20.96435167782616,-3.451706455522362,13.969928534668055,16.610595265528683,1.1302382324532654,29.531671775049805,26.079871941468156,30.782434579039993,11.362379086738308,11.591687101588684,10.581111671181903,-7.2859419623667065,13.612473744644118,2.512094348567936,-2.9763582210687614,16.61278750969327,17.503465496943882,2.5453335988299033,36.280919037781075,2.187064391453228,-3.151365776786935,22.73360013786934,-0.9575771128861275,10.407106722321291,-0.5624305726912664,11.139822559353656,14.30320893234903,1.9183271107936464,13.350104757212202,32.82423268096142,1.3153912954517928,-6.667059360407147,8.020311170744112,34.687264089947774,13.70500063983951,3.1148538894632556,-3.2030772815002817,-0.6834091769029185,-5.066441756311013,15.128767682668302,11.294278040098616,6.146002569970176,15.622686727612267,-3.174232985863749
0.18668700169775812,3.423061441906596,-6.419144985531079,-5.741220278853615,7.254687916622335,4.944277190588534,3.5146076399243844,-0.032751637787110176,3.4222951824761005,-6.508043423033123,-5.027479135796342,-3.7694612088810264,10.174887907763999,-6.60046855154504,-5.714470919677058,-5.616858504871173,-6.557796674078867,-0.324251348643056,2.004483561629629,17.82375221699194,1.755726065485845,-2.6675490299555573,6.962630411236153,3.012273683074972,-5.404934192259342,-1.6792010126972017,-8.654454131275578,-6.210355275516286,-12.72915759674898,1.7016345878145829,10.281909188045816,-0.24233582648375196,8.980023183753081,-5.7077792637319105,-8.71631453750981,0.9929080482428496,5.100081068343337,-5.056157616478609,-5.874936374239063,-7.774042396409958,-3.3922514867461744,-3.3062975294653847,5.10925623662072,-5.801416896027489,-0.30350563195914726,-1.5375809107311684,-5.989182243944746,6.61322930202666,-1.0484228492537777,0.7625976488770623,-11.387296898073425,1.654397338974763,13.216725868616809,2.0182904962818853,5.521847981103591,-5.7466901144735365,7.040859579499065,-5.220646145409009,2.059198728113935,0.3703134065840647,-3.734835707964067,6.160420226423287,7.21760758732502,10.837563035991112,-2.3597690707185808,-2.2814932077966903,2.099541604959922,-6.562673900806324,-1.6414323377198057,-1.367020843637136,-5.670750415443659,0.48620842763787764,5.002746697235213,-1.9360468917957416,9.4190256757042,-1.3849346378247671,-4.768721917090815,6.820623320511288,-4.151940234821252,0.3243686159974363,-2.835792232040645,2.911804297056658,4.363823771378529,-3.354184288242983,3.4451234596242855,9.304463077414502,-2.054247705695555,-7.0480119238053325,-1.352213169887014,10.328538986812635,0.5186419171029617,-3.9688779082379897,-3.1263117403030547,-2.92731047581141,-6.626014450217871,1.5664968344187749,1.3425555529589757,-2.819953773553962,3.3541698407686,-5.539996678190333
17.533229164957838,22.088161550421685,-26.07071949872702,-16.252984425502664,-6.021451566948435,6.27757906021457,18.226232673673632,1.5275598718070629,-11.107052734986821,-10.101055694294706,-9.512241974119496,5.940959441054308,23.51040150937139,-7.362510853055601,-18.857864254368174,6.144541760180952,-18.831131982091527,-1.9605505000409642,-1.3767081508558912,21.921911692909337,-4.745024836774228,-11.764266568534161,3.340407431554238,22.064629821819253,-8.502691982467738,16.77043800917645,-12.807824115868058,-11.128693571139948,-39.28085501872526,0.03104424270045799,-2.5620624258068228,13.214942953858996,12.34158810283342,-16.219987185270867,-12.563183271105244,-3.011414354100034,3.196312475909579,-10.075872170507143,-18.5790508042971,-13.53083427132784,-12.464067468385592,-1.517461582497665,13.528877921724282,-4.928503580768293,12.015569692101181,-7.111519614262426,-20.602593209415083,1.0173859154963876,-3.611100482350841,3.9047389207007654,-26.57076986015348,11.452477840140292,18.769423153597142,26.081936076779094,6.844743735196362,-7.1034002333981,9.981455418485913,-13.671634690396816,15.113775044179992,12.157408630091595,0.9007071514208025,3.944465953361128,14.962160429740402,5.257675237824088,-2.832222908695532,5.707315893534606,-10.311209843975922,-25.780297639270817,4.572586467710104,1.0127891882113056,-5.304498734989208,11.791606484122987,12.761925945720819,-6.158099995245205,31.070255120021752,11.08993599419168,-6.070210619744411,4.095543874683832,-11.895734616101056,16.72141669882137,-11.718459058618281,19.70100167787681,24.70395445184757,9.664975254780789,3.233510386529834,4.676742660669814,5.1543930155457796,-14.44301764611358,5.361398546444618,-3.750246459805228,10.306607712750889,4.473086389495089,-9.44624807919993,-13.217137708891581,-4.710807931259788,7.4323498281380385,5.168973993762297,-0.3658136089446943,-10.129251991466285,-10.827567845983214
-10.22680572372002,-8.1257959912089,-3.4215520468707035,2.263979651961352,-12.815748896340843,-9.382046924240553,-9.345270113057863,-6.254148754250822,-3.969148668294972,6.0441488170768265,0.9587415340012799,-4.791014540213416,-14.421540130129403,8.412676907252639,0.3686155997846521,-0.3345481730979013,-0.2297796011634589,-3.3885642527392386,-7.8684774829990385,-15.169628068271987,-7.020321801967596,-4.675490422719171,-9.137171909139221,-6.984219654091354,0.34460628073424787,0.6282353670393397,3.3703626610459176,1.5724115917280947,5.802978431955135,-10.477506920198435,-7.998426156430043,-2.1717977979954277,-12.975826463954467,3.3221585026053195,7.167223877306358,-8.70628617503985,-13.017370897181237,-4.6079702277925,0.16337577504246803,5.348978721455749,-3.868430048349258,0.9125860844416233,-7.3686573122327035,4.570744298094875,-13.207287786209623,-4.507653526217547,-2.6746780174463636,-9.317656312648111,-1.5730915731135597,-5.854845940422092,2.5528299553098073,-11.606685555186521,-14.444771002302684,-7.983531000337713,-6.330375377272307,0.48169777315770756,-13.139740214371207,-1.4044855591541798,-4.166488872217837,-8.005010243041975,-5.844695422545001,-8.235355281329486,-6.476754631820688,-17.187311700776924,-7.293358489585032,-8.895805548240046,-12.650683537249119,4.787545940776279,-3.3716394805472687,-3.6725072979861553,2.6592186613420594,-6.200534045532479,-13.675670207212775,0.4530023064926346,-10.128634784406506,1.994046337856021,4.259662956685173,-10.909407783019923,-0.031970787839554114,-4.518414707373743,-4.9673965041614645,-7.229669778575989,-10.233012748782683,-5.394498396021253,-1.7901362707133115,-6.53782638599245,0.2783776228248776,8.2566632050847,-7.399015281538776,-15.364862216015249,-2.549206549247117,1.286774327631078,-2.2887492780817817,-5.562328761863215,2.5853451933050726,-5.330047009787333,-8.387009566763455,-0.6875008896307072,-12.556184758534785,1.314149044802812
-34.317751279082344,-22.272743697575443,-55.29933473266041,-44.715763068347705,-27.481512436907988,-27.009787517244877,-25.62104556598333,-33.88872852539874,-32.45742555842874,-45.671393768453726,-29.220844444582497,-38.14308623401747,-25.46638316920595,-38.00269935501762,-31.51314182866942,-40.4893790325599,-43.38428056397637,-38.1321245157764,-47.92932121791724,-58.751017170026365,-48.47976667881921,-34.77532615913043,-65.38495091327866,-23.371599815193747,-51.22157006948142,-12.01216164930331,-42.39487177453615,-30.420098105646986,-57.622333298687344,-52.10699014737633,-63.254381586870174,-27.33879378729081,-24.032557097857104,-41.75928571673393,-36.26176976331898,-28.11402918607323,-40.556113437424294,-42.21573255249629,-34.067199520866126,-58.13658693954288,-33.10167202616398,-33.637244300209105,-22.835668048808454,-44.32500407381375,-22.61517878219114,-42.952580077462635,-46.56880102978377,-26.93996461513886,-41.07105417424146,-32.399121637574105,-51.427713637902485,-41.79787786714585,-11.83501086060679,-19.507333248229983,-21.997872529735666,-27.366230441648288,-16.818565512284117,-32.82985950133857,-20.85347813194781,-27.33474702461339,-22.86242941460416,-23.340469180459376,-54.88217881915877,-18.58967540012983,-75.49667582853156,-73.94265631498197,-38.379466492228026,-46.53363504213346,-54.06476960568862,-23.60869007562546,-43.90532492620133,-37.98440707807935,-26.728045204993762,-31.19310682691041,-21.78862722163094,-21.427438400104588,-44.89721854841708,-27.363798131073388,-29.051185049617303,-24.610266546587436,-36.5691148878266,-49.886125110150125,-28.79827122767857,-42.6622620317277,-39.17032854153576,-46.46344207459326,-22.96273384779833,-42.7662886473097,-22.04333154631883,-56.50614548789515,-41.40487883000922,-37.40382368280121,-35.1454213144721,-45.80841834913606,-47.382853762198,-44.8203684955006,-34.598801551582994,-50.25777177897589,-37.048968538876174,-29.73956984490525
-7.699017933761501,-8.446221772551086,-10.676425514135223,-10.24774375884275,-2.6311572025870977,-14.211383478241805,-11.26958643094545,-15.171852446900433,-9.476112698733589,-13.955877627464396,-7.683178577895355,-14.835460950402354,-11.257898903170156,-10.330005617279598,-11.286797336365497,-12.024861825358837,-13.031478543305951,-11.461809727176727,-15.208546813547127,-1.8370652733467618,-8.059973331715938,-9.117838533172682,-6.704859530815594,-13.18948037768815,-10.913946015129278,-10.666795054725794,-14.932292550261618,-14.191886819533075,-15.363946676440634,-7.971106994327222,-4.498490074635173,-13.273339438698835,-9.359906976523968,-9.01216933549025,-14.31686061124509,-7.90691439982091,-11.822838371461815,-10.056040864194646,-9.770034295913408,-18.60614051913224,-12.258593391950162,-10.51054296739973,-8.23898206749215,-14.885259716879224,-9.518552915150092,-12.749003289112888,-8.273930560800885,-7.291400634993456,-19.818838565012353,-14.001536333587092,-11.8903523612926,-14.453223330099453,-1.3958449130626907,-7.381719182118322,-11.491566231457623,-9.616646725617503,-6.982744767965504,-13.510778183431885,-7.343961541687105,-11.437287729608009,-11.908893264557205,-6.282714885430597,-6.527148216297857,-13.593038041624796,-10.227873103609875,-12.185841082503998,-7.936933162395897,-15.120450132996867,-16.788887361096158,-7.556594709326796,-11.805078889722843,-10.534533943903957,-7.559133237541587,-13.040984892398216,-8.382432653413872,-8.9277605585375,-11.549914756647313,-11.697530134924634,-11.005291965192754,-12.714824677946492,-10.804288697429769,-9.20866849244588,-10.152254140139286,-15.267016084349873,-10.092896885969415,-12.044722535007965,-12.764058784368451,-13.115994521593338,-14.721651793068173,-5.028230688993693,-8.448722296860131,-13.333712493053541,-6.615957332522947,-8.3548972173122,-14.276974744128248,-10.77891495404453,-11.046436067067306,-12.614265843336625,-13.595359311395487,-12.314797861894156
-109.85473007954384,-109.62244552802385,-17.935989897264538,-13.09036354690569,-107.80201803644785,-135.30381365351715,-106.89879920708657,-95.19054311459132,-92.35785704943709,-58.84323074407498,-15.764654473986603,-70.5479126219919,-176.57907884371878,-28.107112478334923,-4.944711344962916,-58.31179757914991,-8.739649697713439,-46.56666401370253,-132.52269963840945,-290.245638648796,-85.36308043731421,-21.770145996539853,-203.4461543523671,-122.34837566101912,-94.18794116069066,-63.309667695053584,-7.46845113153123,-35.61110721401743,33.50957310583994,-111.4587368626558,-182.37436093097176,-114.69013328940625,-167.2464622807276,-2.581826515021241,-7.055283356864209,-50.084056107017965,-154.8484020667582,-53.5808379893184,6.672248909308792,-39.288995595649425,-40.89416513834258,-38.87381454530936,-126.10442797632778,-63.32356715969578,-97.6535283268076,-37.96663800608567,1.8598547565037786,-96.68179780403587,-86.50336479843918,-127.83103157034974,-11.892402121880895,-92.38410494549974,-197.3924036989791,-100.94650193810064,-128.6009836411726,-5.004008784899672,-93.76973151183779,-42.44423391157929,-73.78044791406454,-102.26210163476823,-52.60805668680388,-123.03224184696798,-182.47412020615633,-193.45354695027686,-142.12966549407255,-160.2776863816203,-81.27221171946816,-9.49213036441362,-100.38901353231749,-33.481899518288,-59.1786330304642,-89.7611579373481,-121.80047756617375,-55.99576798267414,-193.57264350961873,-64.07106091689015,-41.20038037173985,-189.03761588232666,-15.931524662677663,-78.47553717681164,-19.52756969172829,-169.38105933858586,-113.73067664952248,-79.221927256833,-112.90340426730442,-161.05970995241051,-56.73215245685665,-37.45939716025304,-86.04677582696614,-191.46157251511178,-70.73676056360539,-95.30615102529735,-53.02570595039053,-47.36389878245579,-13.009725214549494,-87.78540666883363,-86.33616493176164,-84.98604345366579,-116.41679194040353,-35.77524987315124
-0.5561146470998101,-2.5230760223981648,8.125750640959373,7.420683063746815,-1.7925384433047602,-0.1302354542181242,-2.8995812739014526,1.6456860124645942,1.9681239411227407,10.277823913697683,4.997325661656922,4.769707015859492,-3.7874177423376003,7.8573354663426045,6.921386510597742,4.124924326968847,7.937309611497725,2.637010539207391,2.9094948724586507,-8.886520907570915,0.9071203678176669,3.088864644543761,-1.1805728450517627,-1.5832689287893342,4.977419885091339,1.6462872304102079,10.331312742357952,8.749285230823961,13.659699563873902,-0.8488290715321349,-5.142792059673478,2.077850377234798,-5.6786819500668635,5.995117391465303,9.28052118807374,1.1475352632898788,-2.171127692327249,5.61568953051665,6.5486157777449705,8.639538381833779,4.4530457374788845,2.9508021641142967,-2.3404500023601362,7.0388200883252905,-0.6717764753134776,4.270780131058155,5.843945815044532,-4.699643419967792,5.234459029889772,0.8227994019782304,10.129551340986712,0.6080664587138834,-5.8347941798341445,-2.413966831264259,-1.219497412205858,5.500816706662768,-3.5524759647571256,6.256512089833619,-2.1281609823250562,-1.3012114424570076,2.465067622542401,-3.879943312903237,-3.2115035135159817,-3.767691071739681,1.4346898136341257,2.151395825364437,0.5946778444763703,10.020385116462796,1.9684631689311871,0.17036117359177466,4.758582814386424,-1.6452857648623014,-4.2974444181504685,3.581151592591021,-4.842273484131599,3.333561182689163,6.672236587145271,-4.157840743571318,5.781290698718516,0.282050998261097,4.280902335798455,-2.6105214190027812,-2.7300858288314847,1.6118231476412894,0.07387552697886546,-3.1538816233307045,2.9313527665784727,8.13014223813537,1.6235221521807928,-4.081974063978484,0.9879261717698739,2.8099028707597093,2.85789726905167,3.111410833187652,6.918766053963174,2.0497681795353033,0.7136429299661388,4.386500970294934,-0.05773075442088829,6.241039839832137
-16.509515098655438,-10.008438045144002,9.447776543005173,-31.694131248924005,18.51715943082084,-30.281549503304323,-26.506701658485177,-23.821632199396365,-6.701368393750639,-41.42191346843972,-17.80565963289099,-41.58046987379923,-24.992830731248635,-48.415542109213625,-12.197908871902921,-58.11600286499046,-2.7283012668138924,-23.039871547117723,-24.99944743251944,-37.95924886288461,-18.011993961732667,6.579530018747245,-22.581579416033833,-50.03614996532022,-17.753777624358765,-28.692209092078205,-11.617922378761259,-29.97865039934545,-10.65318188166019,-25.342739043256014,-34.45631289233963,-51.509547376833645,-10.895198848157284,-14.740415253788564,-36.103541193226974,10.801624100499815,-10.39084940448344,-13.90699750466711,0.8041868096683642,-21.601604952920756,-21.574029451571864,-30.256518642093553,-36.46201303381715,-55.80809492661019,-11.18396560565494,13.998313411238696,14.537722740031027,-20.255745369327183,-26.188763176474414,-56.19241185924022,-25.489759290403008,-16.178921888164123,-21.87489419812736,-36.23738168355654,-32.03805310565527,-7.224118885977188,-2.138025752835948,-19.37621389147545,-38.23411607483937,-20.41010210142125,-21.2915633607203,-7.0549030642447335,-70.198006683555,-24.312693563586066,-31.646264564834144,-47.946073545961625,10.768411690723777,-11.194834016436756,-39.794356992511595,-29.567489109416798,-39.07958880509144,-26.884905951137963,7.950784263700374,-34.28882367391932,-23.346271343377087,-51.54029310879208,-50.95625939620443,-27.38512806087207,0.3823782618370025,-14.77286921920708,7.5058508202785,-70.31884109691654,-36.26260318705761,-48.254003214442456,-47.759245618596616,-36.81496489386052,-41.191371618915625,-28.34876239396297,-24.751663484466878,-19.02985069999732,-17.90544437926023,-43.007689469857496,-11.686156681527624,0.6527370100673786,-33.49457612874618,-14.747015359946296,-18.980504928062853,-17.616459857356645,-6.860187882713916,-19.554292835715152
-4.778876990982764,-4.448380381799325,-7.331584327544336,-6.133867788494743,-1.9668870695636846,-5.2505295151349936,-4.036869435219488,-7.292324642122061,-4.957113091225616,-9.21318852567776,-5.629495022829648,-7.908375193353854,-3.4440805132195105,-7.537658181576838,-5.917876242675065,-8.065810417478808,-7.155501261273287,-4.609968534718093,-8.647463678819113,1.622065577664541,-4.369297430354635,-5.044099327953831,-2.5639989061095942,-5.19743044621316,-8.601417054852455,-5.910214937160826,-9.158717905278976,-9.343091260997046,-10.069399615600314,-3.548869334657788,-0.6056285802670452,-8.042421031797938,-3.665382856515844,-6.782072259273086,-8.885900117344896,-3.7433486205981965,-4.398137402663421,-6.69222077912347,-6.289881755017204,-10.529741155318135,-6.018419953232214,-6.784949682631121,-4.021375452005429,-9.852803653079837,-5.106808985770099,-6.651196431465128,-5.717247406028111,-2.50063903360163,-8.88770115168199,-5.823680732070891,-8.854325607165638,-4.643851651300122,-1.6624207058821572,-3.194971403775557,-4.661248031077878,-7.244613543857229,-1.0750862791804987,-7.634814772399406,-3.6968357525874747,-6.87646806202533,-6.955217557693049,-1.8140724520610478,-2.3904919593185516,-4.180701373990468,-5.402818597106924,-5.942688623729002,-2.123823725712125,-8.655584271269575,-6.596861516851582,-5.676360770380367,-8.503713285137454,-5.036724600351986,-2.779251598249219,-6.427522846619946,-4.019199506103771,-4.494930080087685,-7.691644315764709,-5.0470091449007315,-5.657027446397307,-5.93029505505921,-5.486383244037175,-5.9206805276136585,-3.904089168180195,-8.454830307939035,-5.681270487847969,-3.3087106048042383,-6.353975678082091,-8.081984947038128,-6.987906109505256,-2.0904319177698354,-5.915651433982979,-8.169015117593931,-5.32640160818674,-4.567034518858626,-8.512091908288625,-5.580642027183464,-4.8284915466240035,-7.157368234349568,-6.558012021060491,-7.703298792307499
-120.98629954770799,-137.26432653196227,-81.57374649816208,-107.94230568705558,-125.24735428465851,-159.7039868426767,-94.72634489625389,-203.6999390225229,-120.01867085459676,-88.70515914056448,-95.68128694712702,-136.91224754812768,-220.92187052476345,-116.61890922982484,-66.9612289194352,-153.4193781509874,-77.5469381461151,-99.49085778760252,-168.39285761712958,-247.15384013172135,-132.20138087213863,-113.38010403128033,-199.4254281930048,-169.1466857359713,-88.24809174021158,-100.26187077496876,-85.11935754722035,-91.80758754828493,-87.69873960617048,-198.0940205826025,-266.77314153124956,-89.90882854373969,-170.84352464258842,-80.39783951755152,-115.91108605693748,-112.27665241986698,-305.029744957938,-137.10078823932946,-63.00680694620278,-62.21988244504986,-103.49159891463161,-95.92420519642448,-151.10328302979025,-105.50668852341263,-206.25841267649122,-86.04898020330916,-81.31529050346307,-175.22705852563976,-126.68355044229448,-231.42739129120017,-105.78873072563003,-154.37600492966178,-239.49571920882065,-208.7321234831646,-149.11002699621602,-74.3994467934944,-205.30120833531882,-97.08643313901854,-170.5691816249929,-189.06758798976512,-136.95914125974355,-182.63369705972082,-312.0428534981914,-184.52025538229415,-197.60223585817712,-206.03578765013907,-111.48360170935977,-56.26311077150493,-123.16856975146891,-156.13927915807298,-98.95084624258907,-134.56089340688334,-195.00377987081774,-118.3830134530328,-193.44463206565854,-142.9312269699286,-166.48339051470188,-177.40683558999504,-36.64425042480683,-143.5576012334271,-112.88148361066382,-280.0074696140882,-182.00065327410906,-155.50781635242856,-82.20151647974615,-196.5156289405392,-153.89762341388374,-108.54481721095519,-174.51010076495777,-249.16455233053935,-111.64511813416645,-144.64754541437122,-62.65744610627777,-91.93255162576858,-160.7745818869498,-44.065925839550076,-129.18661046381044,-119.86487981539217,-177.02058304581755,-109.86297780174908
1.6212220011784912,0.2406397478484206,6.456082677249876,5.618189449805947,-0.5553241137740408,0.8337509600890959,-2.405605030135311,4.435513439129488,1.5407797309506706,8.484850477733296,4.716377248488338,3.976494891582122,-3.112404519885831,6.422536351494345,5.259889807798303,3.237288500315026,7.555694876940769,1.6438224889254984,4.335593312923435,-7.700549767341831,1.0679590622651405,2.6027076594739773,2.325464004847112,0.40516435017343677,8.050824333705819,5.088108993782642,8.27740574069641,5.753188583748282,10.973203759020592,1.723816844816725,-0.31560381468536397,2.952062327614774,0.6248696508419058,4.288075837154327,8.722238345732137,0.024965332007371544,3.597493283358078,3.8153180235384054,4.975564420172575,10.121414304949978,3.1460654817575575,2.7302422013749754,0.10172621994250257,5.534624128245242,1.848773075296853,4.284510586344763,5.313011351066652,0.4865285480736515,7.309386843941767,3.363791962252501,8.371313987832984,0.8640329897470611,-3.9344191763863936,-0.08996787863672728,1.8762806968661163,4.793050947681583,-2.6891509876939055,4.215023766372663,-1.2255027770004006,1.2202003577449876,3.533233409782304,0.8935822815275039,-3.2800581398324096,-1.4140533836522031,2.4704557556876523,2.010310718636543,-2.175872380160356,8.455221685689132,5.507952801510038,-1.3698784862746751,6.310306939765623,3.0819292388062536,-3.113092290449103,5.825477369381113,-0.17313368764947001,2.8232175639903887,6.662480460101288,4.110029713218182,5.794211561773295,2.715863634009361,4.896196779151741,-1.1677813198785152,-2.4100931029215706,2.721674799796007,2.8817418059250017,2.791993832449352,3.8099992751290745,7.403888813515691,3.110657767146339,-1.9415971067732387,-0.4833976605569428,3.4533962336959343,3.3908340353731705,3.1831147737523886,6.040494204277186,-0.1801008234791609,1.7563062876708557,5.175077456610306,1.055412511214317,5.636131058425443
-30.2564490290904,-35.93442868816509,-13.876050254745408,-10.056005098809164,-18.81892696807808,-23.571884433722598,-29.274043871498467,-27.0149432870984,-4.073323851090852,-3.520937687059886,-7.295335235798172,-31.839897330323566,-30.044502112117275,-6.365032037410391,-3.8653821778489563,-26.16531269345245,-13.044707138292448,-7.109353477145412,-30.130482767446665,-30.236550947459907,-21.85279854708999,-11.707652531385715,-30.63111839566553,-24.518469357800356,-23.880871788618283,-19.31196643009164,-14.07832699490587,-10.37364397554043,-7.529840213922968,-23.96439107746216,-34.71310133621997,-23.055688593751533,-31.691484984700875,-9.514076691653418,-23.378316397161594,-15.69681947658506,-32.14886609613712,-28.689870932324787,-8.643798826118385,-6.1643911161977725,-16.716580530940465,-22.85751306810559,-21.617830288407237,-21.2304530308051,-35.17837839797541,-25.034382903794835,-11.790687161975118,-16.08084524488547,-7.32408790400411,-23.393126724986296,-21.15903646134605,-45.218735865202675,-25.85171533503779,-37.904139186249985,-6.899839725406746,-11.454581110881376,-22.487769572525913,-9.919443443784063,-20.117459793036783,-26.291476990508833,-26.14503888336289,-14.47077739952526,-33.437907839650876,-38.37893295598462,-29.342431609688504,-33.822549208925984,-16.01052205092155,1.0361141952199884,-25.415458882637452,-17.235883132812077,-28.684012068738742,-26.78658429594463,-43.8945944391329,-23.642814171159735,-24.703191125286754,-9.913209018173458,-9.54248601968234,-47.14943683845354,-7.619873921477773,-24.250576947008835,-20.190837159006907,-36.44200520293587,-26.202697174497636,-28.99729904720882,-6.445997688721659,-22.67477300603293,-20.80245039969414,-3.0319111951674773,-19.453155362629854,-26.1421644801611,-21.022038660860556,-18.500958283454555,-17.16934551131255,-14.150143653799217,-11.524092347701819,-19.70140212003381,-28.201138674728764,-16.662997766243592,-24.1136604984762,-11.612447565356181
-54.71866703587459,-54.01384057034623,-44.884621436062226,-37.61373175993798,-28.02839414779307,-62.489852689797516,-59.332754150082444,-52.38692152913672,-52.24922701620245,-53.21850523646877,-26.77693592074978,-54.39194232877909,-68.14018888951092,-39.90933556205079,-28.975230955326158,-45.41986556822505,-38.98802921877946,-51.227668199087645,-69.28312062258367,-56.7517216074149,-48.35548575903007,-44.356169022045755,-58.68913627076047,-59.15584337510556,-39.457839131473314,-41.69604361212961,-54.31816159031209,-51.924235991366324,-38.48006831030141,-41.081705261634745,-38.927612551039125,-51.01450665816626,-48.923202134130335,-30.103056386626985,-41.092000229616666,-48.114718502451915,-63.20876002865858,-34.23653472242973,-33.550948892165906,-37.99644295389049,-40.20372393915951,-31.427902264834746,-55.923914483885454,-52.39397925597546,-60.99613208846078,-49.14800716791331,-33.26840188796134,-54.7853706097056,-50.01087355446609,-46.60844271460251,-33.78173892771094,-72.38696854542626,-60.43318138348028,-55.396322805773,-61.548498031140646,-35.815293637381934,-50.656354676084476,-51.4679693820223,-52.917431212155215,-61.03938695433087,-47.59503803239891,-57.22948346562373,-57.53264267227574,-60.576830927103174,-45.50785560187828,-53.73185365280977,-45.037282648620874,-52.895418874274256,-54.478730299049744,-44.634524721083146,-37.526541620863625,-45.957499444063146,-56.09277581745769,-40.090722713559394,-58.25889178415243,-45.99383525511097,-44.16249794678613,-61.470730876189386,-38.66243037324403,-63.25307669561148,-43.66357302789298,-64.88153550312158,-55.68650853170875,-54.005795332281615,-39.95901891675514,-52.42720178628582,-46.53623213918864,-38.76628193057994,-55.87084313169982,-59.21460536559613,-67.07708856159998,-48.26207539458257,-27.874468297525503,-31.67969279725636,-54.213366449107156,-49.01919350168894,-45.76069299239298,-52.1618210988118,-60.540325222099476,-44.54384994699764
-4.4302165069499795,-13.257159706352041,3.2526691679559803,5.663990387340432,-10.42145766958503,-14.73113054387137,-12.286718320317648,-4.732742938022883,-8.517993713301902,11.689951123828108,4.668951992337052,-6.75106121404206,-27.430059518089667,6.949123607282178,4.7273143442907815,4.488182407111963,6.457917461753049,-3.4289075860825524,-7.615149055147896,-21.173834050762988,-4.489236633582802,-0.4661248193694592,-16.22902797900617,-6.606907879140992,2.901045094184699,0.3690006168422347,8.90593924955194,3.175078156336228,16.0617182645156,-4.914811081096935,-17.467832861698824,-5.547738903021114,-12.912139994470298,3.210322954862655,8.695208500989457,-5.7826233818935355,-8.355428278505043,2.038301285967964,5.86068272090997,6.965130348440979,-0.888967998051882,1.922607999286822,-14.04697604885848,8.428133242961337,-9.277082931211625,-5.236633390267379,3.902638777815642,-12.623110342085372,-0.055064329485327336,-7.75692008988583,12.324271266636334,-10.039436322448223,-18.885178427895845,-9.821287845250115,-9.255684683356844,6.440015806264954,-16.52953160354341,4.006989100186665,-8.615149811198604,-2.1150286161605782,0.23168118481787017,-13.865183767166362,-13.881311194999668,-20.59483489205728,-2.3830248988341087,-4.363232302704808,-10.02267806024166,7.616276610043559,-0.9911756403209756,-0.7454106994296832,2.6347009316492285,-4.696223218379333,-14.663363146536415,0.1742524461264916,-16.98188200812563,-2.36458911521336,9.425453734463764,-12.890251842578767,1.8352337733636195,-6.530943332237454,-0.29490320711838514,-5.189880174346363,-13.1560883707806,-0.6798866532835953,-4.679547235964166,-17.178408305238744,-0.9106093342207002,8.51073210081488,-2.126056593866927,-16.370197968432226,-2.870165647199069,7.821139056394972,-0.7080200795430974,1.1815550339548164,4.634530259254275,-6.27332769218358,-9.66153351472042,1.4974962368425848,-7.115730951552212,5.096187775156539
2.4266504191534404,1.12914614388425,6.596046524660722,4.857645737765992,1.6465477904126276,3.285188449026467,0.08902127572281214,4.395679861071157,3.8729301160828227,6.9899204915034066,5.397251102722354,5.0336891449909,1.2501385214608078,6.315448830927067,5.0839994536013995,5.3436801069618385,6.444752616767581,3.4088559129067346,6.873414782749343,-2.522611956390889,2.2813781694090256,3.876823333671461,3.5179941409952824,1.7959413388401064,5.126630784074612,3.9706897581748457,7.7567943031152495,6.6798327296500695,9.298262320807336,3.474532889521735,1.1136462338731221,3.6553132984675476,0.5102552039834117,5.409378071738494,6.523525187128331,2.9894167198989443,-0.061378640503092136,5.044466101797646,5.556742139997136,7.290767723720283,4.2060846848155,4.152894901500072,3.392353303734697,7.994047059362598,3.5397944737360727,3.723697830100895,5.34571356100327,3.868746957378411,5.527157358414995,5.102791655802897,6.928956631932338,-0.06696364444983245,-0.6243520016147601,0.11089358215146636,3.467583296791836,6.724109071966837,1.0851716753021161,5.690442826704003,3.7690809075815745,4.471130160158554,4.713124429704659,2.1592923493089704,0.06812496253613697,-1.5052898614309502,1.9364352168919639,3.326965950367417,1.354585191784342,7.2938900498264525,4.18031450950558,2.978723810052621,4.734968553440316,2.9247064403325997,-1.1709236949818638,3.8286928989268025,1.794201085638895,3.1403554727606275,5.773860033945934,0.7017412825180385,4.273354406755916,2.8299247991961334,5.13647548862929,3.318365017291936,1.7974436425074558,4.518262550600337,3.968176260551871,1.410257334521568,3.8908867856866465,5.5057422447195155,4.0619562112859855,0.8800360049788502,3.3120195713039178,4.9381740271112085,3.7641694706110465,4.007222706037046,6.251722275676865,2.7445438630302634,2.3527636885215504,3.700031130111001,3.2051573540886533,5.1831714620057525
7.790594538259896,4.577224826769477,10.82787450844629,6.951366298599652,3.7411230418200487,2.2975028039117626,1.9436068822454273,7.252557877566676,7.38094806520589,15.691629851440265,8.279206431640524,7.833621756403421,3.1790380272091565,9.619842115358203,9.634585915075187,6.877755438650326,9.91936389909552,6.547163883220891,5.190655004471429,-4.195631613634639,4.789873673443099,9.041543237425127,3.4433059047393364,3.7765074425883287,11.447667335495693,6.232334228339883,12.400691403542663,10.658474672727877,12.109563590288937,4.957340948136809,-0.1920214063808142,5.581525237833075,7.050722989549154,8.61566322777685,8.511354463852834,6.596519299181692,5.602370370091526,9.260609924638942,9.145964815519974,12.669127202885788,6.1008308563318945,8.131891045595227,1.2572410743317357,9.028160241458721,6.206265036806748,6.5695872851910515,9.517608961216819,1.626362303911428,7.407422540056966,2.2343236173071133,12.80249407928552,3.4094700436249896,-1.554832523505184,4.716252964919773,3.3554266346989174,11.49749423132161,2.9059239824888348,10.729718632901562,7.797426492106859,5.3686422787928345,8.874010797883267,2.9959247484730707,2.301675169451691,4.83046336243254,8.14606916144246,7.609735886775144,6.023592789086884,12.105296350787214,5.383414614830361,5.875224419200668,8.747900872369849,3.859996631629808,2.2835027316752603,8.38856701332128,0.4098945345176856,3.890399882891359,9.144044849014069,3.285064526662139,8.299145314907053,3.4301425101197,8.361238154874545,2.791414650326444,2.7554196195668075,8.672412865504771,5.3977644305017956,0.7150346437660157,4.064447157550774,9.55639554695931,6.954990389031064,3.23289190870652,6.887988062533297,9.08692758459985,7.9537924357657666,8.809490750693174,9.600047896929265,3.2004522267038267,4.018315287149781,11.3721223620167,10.439088295364877,10.045514928445286
84.51963894238432,53.19109256840402,51.66276103550642,29.98124294930111,50.35156252714597,36.40178562729037,41.03256084505361,67.23125966198336,18.40248077054422,34.342977935218336,53.51166328912069,40.90320768051656,25.891856207733742,37.531749675962836,35.141397974386976,61.268358967554704,49.33311884518216,44.38894356324285,39.65505743510243,-18.87211257451754,59.04691757564757,51.227180156016146,48.90585188804851,34.514103945236776,71.7362416317721,40.08414160808641,58.9957848883554,38.82898921564492,57.14950981570522,84.17699061223347,57.15245656759654,33.6074395345665,70.54619983643724,49.03048167748278,56.965016437649545,47.52696687382493,57.99151497286393,71.09702798198064,38.07077624771582,42.75506591525933,41.96400913549936,46.6156809820353,36.27253660320655,51.33565308579184,84.20825681624223,47.27500554825409,57.488709605717425,45.096984853870076,26.889942758323237,49.79244306199645,43.554036024370546,33.059184761144934,41.08699245488998,68.48066612049925,41.687416703328495,48.87643470052638,41.15511304754089,41.59082435645605,70.0623934502116,65.47716110183809,71.72542751113377,11.467047036655266,52.772703465312325,9.58982581926653,88.60345908671731,74.78853885635186,56.282119249874036,28.679109961052088,56.54191658697891,43.7625897341086,55.40104092019018,53.051714208840146,58.13946992552941,38.311638728894515,40.53195313223222,17.764696613245857,48.46151148831205,67.65506117318343,28.834666630252077,27.857895878692528,54.96481629900023,92.44748492260393,34.4733382571239,69.73461164902031,27.53218010740364,51.26449054320997,34.889169879684644,23.701538543397323,54.60563011308436,24.791290991748994,45.40337218220202,44.94758967884516,68.33401274140759,67.04720818621216,42.476114782804366,46.66731277921489,57.36433959505882,54.62219198945904,44.70669388288219,29.94594292157938
-91.81592680500903,-110.09544352141263,-65.07154799741967,-41.637083325495,-30.474869713658805,-101.16047321636269,-49.7265124092894,-112.76685146428505,-20.19651393759826,-43.71964558043015,-31.40854059047075,-90.5869269398114,-86.94292113204206,-33.34529108846448,-38.14687886873442,-52.38135101550843,-79.36002633244246,-35.00438478182094,-61.11970937870105,35.48196414278757,-62.347157741225274,-38.57831919704637,-40.04733925735019,-63.64845637818245,-99.5406120073514,-67.03424639479678,-96.34817686202011,-85.96025901046521,-64.21250443740733,-34.68661571714625,-56.583926485150236,-94.02350987209037,-65.58538546145802,-36.92346018055562,-56.695769481540474,-57.853026016328386,-99.80250191868026,-68.28607438852855,-42.429260985558315,-58.08754544672468,-73.56949821577702,-31.68532083766731,-48.16874575548978,-27.75016897924804,-70.12302293715557,-129.4638601345348,-42.84437861249126,-60.808377453610085,-94.9790163619415,-58.76340078264976,-57.046651555948635,-113.6811229076826,-40.061401436893156,-82.13664193453222,-45.231346973131025,-42.8269922800446,-52.14201903700419,-53.38374440177544,-30.160217759511607,-59.96292179508326,-74.57571352941947,-57.03164498021144,-33.50063248963755,-99.52717853648915,-82.28284297133789,-40.53936650544746,-53.593627806835165,-43.38546833964787,-63.28929961989267,-47.96331725655475,-72.64526545285348,-64.84067474239565,-102.87055595428933,-52.40194818196554,-83.68109426672737,-21.39715372331555,-18.705809213354087,-75.24686879948999,-55.244327764626796,-76.85815658492236,-71.4381003402405,-15.907497458189459,-82.75712068798283,-33.72049614798231,-15.500334321640226,-68.62137244472325,-56.57308303276431,-52.85757904955115,-112.21868593680122,-32.0064408597698,-29.539278234321618,-27.689020803188935,-55.65996379280669,-49.330413885597615,-71.36020366796215,-75.68690765980219,-75.12209007427343,-94.5140796787354,-44.2994807446467,-69.16107014573385
14.748153428713048,-6.386560892366287,0.6661000320338728,-18.160985485831958,16.79007987920138,-4.081180096887767,11.821918963319016,8.38504197876148,9.26989787533699,-3.7219626209402175,5.882066150363178,11.581030902301924,17.34701461713106,-15.251314055814932,5.239212548889939,-6.2086867631499505,-13.114092531562285,40.427573127757576,-4.315991797421104,39.30313097497635,1.8446660162361497,12.82794276873071,-10.753450176191492,10.002955412050369,-5.29283556573277,-15.478902548382779,-12.88487133436661,-19.888368995222198,-18.28508923723724,32.44902780448584,16.90234909884148,-24.225170339388363,38.3634551909883,-6.241295167740976,-15.985488894237562,13.511727318809362,20.51076687767951,5.331018473208183,-7.129927864507751,-3.7586419797801334,-2.3525838250000373,2.5789017890512937,2.8064350819877375,-18.982879125578293,24.11475142816062,-4.211380814505871,3.2304082273764743,11.427726782890652,-10.85949592512689,4.484882085288552,-9.950730711484386,-19.082894933501116,24.652401239675072,11.306226671910387,21.167638195322812,1.9675843059114313,19.23454996065334,-0.884463721800189,24.6209205166093,9.48391551764366,11.357555368642592,-0.14544932526109056,34.73911012863092,23.60308592272864,23.94695934181153,29.28537411790008,25.0960405569248,-8.45065110824589,-0.898395228568045,7.58057154952919,-14.428232833694684,1.5023291873013225,16.96606896474053,0.4956923017624287,11.768643529731284,-5.832466038059758,10.389484051741148,-3.9471612214840897,-7.208708015094623,-7.739201917759328,3.2463873881659735,30.630313130367977,11.476590168359552,14.99043090287797,4.594798595447153,1.0230109252030941,-11.440439652368635,-10.641160795287654,13.960369764893622,27.927699727406765,8.20027203100726,9.696079356310664,3.576580784064436,15.441104819642579,-5.625222047702982,-6.946860614544111,0.044570195394907426,12.021329916803827,34.35350430284092,-12.3589048354008
6.345585929858583,-21.973978171160283,-10.143381581510395,-8.56891261679583,6.453446647761909,-8.955439135200484,-3.5312841910002724,0.8187907578383601,0.23190554015540704,-12.422340627770001,-4.019037227924519,-13.41867465294133,-3.962938288020795,-15.293039246449622,2.956855348965332,-10.384978703904842,-8.687534412462679,15.107971147332318,-3.2255951352305874,0.15017219976438306,-1.5478513701655743,3.170967936511008,-11.929299719379612,-6.056999576013697,-15.434286305659594,-18.68651641016804,-14.373418010951626,-14.98063499099652,-10.645242894915002,4.125435327236785,0.20656205232994945,-20.006099485239798,10.962253463602353,-12.561014281724994,-13.47026027135176,-0.16848157738297379,19.429777718109467,-1.6612361515653877,-6.90792450778857,-10.164986684280848,-3.8051590973639513,-5.311262040026465,-12.618106693096143,-13.88875704086546,-9.6919730078277,-3.4147501276761694,-2.950909509396025,-11.78716340723169,-1.1886527573605297,-5.6910638817808294,-14.309803785037106,-11.881184285878968,4.9813479332621275,3.4749366683798617,2.7279201859600306,-10.17879350641513,1.323707873909036,-4.810046930679646,-2.5757575213036965,-8.041202814121755,-7.66046277460351,-24.93860117614723,10.575675960760515,0.33565867310130343,0.4235086626721238,-0.5909230788637463,12.974403231992358,-11.699105354434959,-5.898800427428013,5.10477668737087,-16.746910395727294,-2.2919506051359653,1.3505333423558719,-11.38984087406463,-14.234008261338596,-8.927133014222544,3.7160580291444774,-1.2100289479660147,-10.343466923409245,-9.4897179413152,-6.690160281268285,8.538483374763347,-0.9594415204278107,7.930855670608271,-4.491981231745095,0.5902187874623696,-8.690182291463952,-14.177144828293871,2.2565859563615813,-7.737783888186055,-1.9108351506736179,-6.829617739725465,-3.786030501580751,-0.1080191067462258,-5.842361203280061,4.37649351246934,-6.2297132202817185,-1.3604112622515632,14.578595310069296,-12.537598249794566
-10.26930464324072,-12.538025061541891,-12.926604481717044,-10.552319994474058,-5.658541365774242,-11.562807391971441,-4.506462534037097,-13.298610023272488,-11.407134186798872,-15.966823772965956,-9.47322756885879,-10.86578977980997,-10.538987210312719,-12.345447233939371,-7.720190624617074,-8.490483815524412,-12.954462952531856,-2.698616899524557,-15.287838324615485,5.9954088925787365,-9.61257769226997,-7.860907832318415,-10.680060089736845,-6.445410245979773,-14.775826155903067,-12.447864605637951,-17.030456755548798,-15.878427891743696,-14.867360853882769,-4.70780875193696,-4.242118943750785,-14.533159385500111,-4.432881197029482,-11.219128709567963,-10.86595500718772,-8.08394057743905,-5.758139486507621,-11.209914748493375,-10.816346139111896,-14.146642366347834,-8.705418252240515,-9.141096538789812,-9.134800852705302,-12.04631815495547,-8.7119995365973,-13.327868235452764,-9.852348145219636,-8.842552178589886,-11.605062719651269,-7.258134225848189,-12.309073737206969,-11.450865316445864,-4.931877923285072,-7.7343142743366595,-8.560521097754167,-11.634047558464937,-7.560052487654535,-11.285547283931523,-8.545813379704189,-8.138209779296036,-10.089221653313581,-10.50804104585343,-0.589110707139099,-6.585197617839831,-5.082116365175938,-6.289525247866107,-5.717073243541518,-14.712598986789654,-7.134388940591285,-6.557972223626078,-13.289857359045945,-6.620088557010893,-6.81376711108109,-7.884103752248592,-9.73029509993772,-8.05344909161619,-8.479882085321986,-9.181248671038434,-12.424062783362988,-8.648100036233767,-12.965476137618198,-3.337039972970764,-4.843205243393935,-6.1347074273286415,-7.596471199412682,-8.586256104533101,-8.0786693460017,-12.069734480498195,-7.46136467050451,-7.996544945207552,-8.254745462494137,-7.527963541362218,-11.297028075340027,-7.212442660920959,-11.392322428340684,-10.398336249628406,-10.143265700135236,-11.69858841313537,-9.256851912689338,-12.269749843171697
-23.621860523646244,-38.00670493971648,-33.91576043158934,-25.282355507947038,-24.463277562653612,-36.11453916380834,-15.85250785772563,-31.129302878424962,-26.031219299993307,-28.767497355082803,-21.236381131318943,-26.5032096591015,-15.028638418646132,-26.83017054719097,-14.7022239134287,-24.68415385692205,-23.19990377864989,-4.057449813072966,-22.476479266047924,-1.8226214546792183,-28.750406764039464,-22.215366540187112,-40.22774912824139,-19.47394659306448,-46.38478138416503,-25.953271942249476,-35.872646893993405,-38.02230593995649,-28.14907323456541,-16.192306419790327,-33.1105055366167,-31.48677172839591,-21.830958593410045,-28.451878495751124,-31.349391479277504,-20.970309715044344,-13.711790596903505,-21.33046203334849,-25.32669377597665,-26.26195247158235,-26.46325236565865,-20.85744416239043,-31.892188563488133,-31.022123056203522,-32.87635426030783,-32.15843175439305,-25.60568820857448,-24.908851101858197,-22.372713563373495,-24.81200142603948,-29.69969554037757,-25.804844670018007,-6.162057434108106,-23.073693145943142,-15.150172437048612,-26.579164241972567,-15.775925446819306,-27.26784300568732,-22.010018218259614,-24.196285490342852,-27.14521869583762,-29.4261350431118,-17.268076692569295,-21.125238812846014,-24.72723647956683,-18.8402265917435,-11.742849316223046,-25.319715716859566,-22.40178458524358,-15.310082152462995,-40.94917958842465,-18.86976826511178,-24.84343303409267,-30.0748999250925,-26.055030154298617,-19.86445235455466,-12.246254071573286,-39.03464307540778,-24.737905063266663,-22.342483312587365,-25.417653593528396,-16.01846588932663,-15.915720339964015,-17.90570895979632,-14.796034844641207,-27.382917162448994,-22.026625520765574,-23.77011009851903,-18.695833330848263,-25.170071080111338,-20.533743236730007,-13.38351781153781,-38.69394324738385,-25.827545111233675,-18.219189846684003,-18.363667895328756,-31.23179349421877,-25.17863850350697,-19.27398442669036,-26.0268187296773
78.71564925650868,47.55719765300852,34.26002131591175,15.258756982095823,59.97795048117098,76.24442052321922,45.34953464371483,65.03395161448248,48.276463643232184,46.531221522470446,13.845555544357781,36.98960935535565,68.10917673267532,2.7314831468060174,25.282699252353797,30.15433880730923,17.957804476916326,64.20579181271147,59.24560854202738,91.47551666474111,67.19075771322336,39.29018330518663,75.39637537846568,58.269561525954686,28.537738562449924,26.544987156094493,24.84181505824548,29.00728346229307,30.625871362510253,69.14788418405644,107.36792429295608,20.86533841339163,89.058835141606,-2.830742327000209,23.506887066648147,50.43882903871481,120.47836381057921,35.30130550406396,19.864489071834928,24.19765890200274,51.55189117162588,18.67976590435839,74.16137876781646,28.013618145350403,55.80483071738545,32.04351136137421,23.656429178072564,37.26411441940972,60.292623341176956,49.410494628138395,19.973029425896517,62.713366573103976,78.91421110846902,91.14129757984952,76.608115179215,18.740711248423775,60.02124956007452,35.37849271036499,35.9260966291779,60.989227743194604,55.857751500670666,24.08322084091695,68.83470451422468,94.620798869078,52.603373280469235,77.25387347843434,74.7569921051614,24.150116269665887,49.59076955343801,31.719312317546716,13.504820760762229,37.590209564873845,79.0687416238575,39.77307580943025,44.28009328905537,21.74460867114581,21.68532008987757,97.39030859266238,20.17257214843172,34.69952342664322,38.83109262344189,63.99791927775511,79.23583001166266,57.42515756120326,33.44347063705627,52.52720036112108,34.73984612420356,9.0122528637442,80.18704613678707,69.58305390645549,58.76292784194934,26.88814327167182,25.93492995795835,55.06982173463241,36.668230476365025,69.60479201788712,66.8841855861017,50.782694273012574,89.30060847639302,30.230161892150267
-39.880268240079154,-35.82208141663432,-36.116951185925124,-37.49044861820642,-36.87978836332205,-43.433314110507716,-25.31819881892842,-43.19418486410549,-37.18503372799036,-28.610275945048134,-28.272637761538796,-37.28853318662328,-29.29388302202996,-24.277242309621517,-26.83544585673843,-25.931616649256316,-24.51886335088117,-14.40263240433983,-38.2274242325087,-35.400562152137134,-38.671076238195184,-26.407348422608408,-34.48913461015444,-27.407393919610502,-45.93269506405342,-27.52067228738463,-36.5124884758829,-40.45876666108153,-35.05865025132081,-30.97590170906873,-36.886784933396775,-26.205888964408985,-33.43459440097213,-28.898352132049748,-32.60919821478248,-24.239420944455752,-34.84429152074341,-24.468993376091724,-27.64765813958286,-36.22096641240546,-30.27377387337226,-20.81176879702392,-46.37033883577313,-33.29655198862723,-38.61790213372053,-33.46961324653255,-31.428844803202505,-29.546515839076605,-33.02870903613026,-33.481537817322874,-37.3008373904578,-20.809394586607166,-32.99445774538577,-30.832436489790872,-34.23231464377101,-25.561745580474785,-22.32811610175542,-39.15234389831952,-31.720830582287483,-30.391731809300968,-35.4470547666165,-36.68737679590377,-41.148140425043145,-46.66740831445677,-28.80302889523957,-32.85055357490787,-19.15788934156827,-34.22248005035696,-27.236813561320336,-17.223651368253957,-42.076271338459534,-38.095727126178474,-21.23384091963474,-28.459571260225264,-33.13483072786245,-38.26603285973591,-33.39009049088468,-42.82014626191395,-33.69051156835691,-22.050803438951643,-27.150393623909128,-25.192596083000513,-20.294025565628406,-35.62749260878565,-36.172035050005285,-34.11191052855675,-28.411074819006732,-34.542273752326416,-27.666949746786784,-27.7691163913234,-27.897607532505855,-17.943891810030433,-41.94698706158034,-27.05192829427097,-20.883753874598018,-22.62242474090311,-44.99068498561084,-29.638574582619157,-31.69974963722176,-27.185332674044442
-21.802518725933382,-13.668138446324733,-22.703623048295377,-21.8853060510907,-11.892309581744229,-9.972417346799585,-6.847865548698683,-18.03776586965833,-13.785319922796003,-17.932502779866574,-19.1260760816012,-18.78435556581082,-10.2251072197348,-17.133283889275013,-17.294068008268308,-17.416359441249046,-22.42941093000304,-13.541982287617612,-15.14481665773597,1.9427653547987895,-17.909164118275644,-19.653789742016695,-12.338307725792511,-12.471680073754175,-28.678844166682676,-12.513374340203306,-23.526214295534004,-22.406522064456624,-30.67218796199142,-17.407592002759166,-10.714415281491506,-20.57605538880455,-15.04892172935934,-20.796586220646645,-25.199002187814045,-19.373285615867804,-15.236710703162434,-22.794116412897935,-20.39003279231469,-22.402650534333354,-16.346680401745047,-17.329459287038354,-9.668713654289654,-21.198062193266104,-19.11273395252405,-22.6527505360506,-25.805863632057978,-15.023912311070282,-20.957222167960545,-13.27982700555539,-31.546363096686743,-16.99567059591089,-9.73384093690158,-13.28797792860153,-9.941465646387751,-15.844283804672877,-13.185613878209423,-19.222792293927284,-15.315791317242324,-17.205227938127596,-18.857273951526846,-13.247272386013472,-6.91410217108467,-5.58801896869168,-19.519791969904176,-21.528381918482445,-13.87173562308576,-22.065923759837528,-18.834589696460633,-13.316102237275752,-24.37145894743391,-16.010839643800807,-13.978820210392911,-16.680002800967053,-8.885505848281278,-6.879752646018916,-17.81690215172467,-17.59994107395634,-18.92082599308671,-14.671365762892979,-19.208154852258442,-11.047355873725689,-9.374641063697997,-18.756482018845304,-13.14326200126542,-14.508546364345934,-13.336134595188827,-20.21932986098038,-17.223636763719572,-17.530319018679158,-11.049968270514297,-13.693039413994597,-22.610539816163218,-19.537122845612842,-23.100068248057937,-12.98173592176369,-17.16756292427511,-20.09279539168647,-13.184627498408746,-17.544006949977046
-79.47944683502192,-73.12477159410875,-82.80262033484057,-114.62814282072466,-52.68859736455891,-77.14661693421506,24.628927333690847,-45.86782008872181,20.725173457531067,-20.41212206368094,-61.26544895519802,-30.808266696118668,-57.537780485789305,-43.41010146840334,-26.90067781571999,-1.471719902460196,-91.11887368866928,78.42025800810063,-19.33627622840379,42.424125108738785,-46.79837289150204,-16.03421493657935,-80.4347652590573,5.10848270565752,-140.738196775894,-91.51009238379984,-81.2850261449364,-44.75311281773425,-132.88121256383914,-59.198503885041234,-31.908685130177147,-41.14506087778783,36.956092394216476,-28.738302969551444,-43.31646969172532,-56.81062578659833,-42.592206225423055,-31.41339941935178,-76.87943690894792,-41.46120077471741,-49.827161885208845,-3.234582506837735,-43.41926435033283,-16.700189376058315,-97.45171277211546,-92.73677153481064,-119.0122130645468,-62.52639033017179,24.194878104202036,-0.37577067145814713,-121.11231116635636,-91.65037810945402,15.291910690188038,-88.9280481141784,-15.641493703795918,-40.930783743387686,-15.897144797988267,-62.37959715025634,-5.596188082992094,-14.899020437609536,-46.80774553869243,-47.50402628155959,81.37711957957099,47.54296614219752,-6.716282262897401,17.644121543244495,-38.671350861202065,-100.03521545527326,6.5651251619257955,27.880741555959503,-75.8823574092483,-33.44999711544768,-10.711828565283442,-11.816171379407374,-33.96462795751277,-15.938200988539068,27.495820693251833,-39.193437440691696,-100.23608975649447,-26.63050695086412,-77.34561229139481,109.76265448691206,-28.086663163568748,8.255973326984194,-22.198982968856466,5.5720184057658075,-19.396338612781207,-49.71659804335653,-63.4444119469196,48.236464445731926,16.292162627939074,58.159499507084526,-59.855839085288636,-96.68228429154046,-6.303842720505678,-98.36664712628742,-43.27630993173718,-31.648967657815767,37.30627125800031,-35.53055237144974
25.896427864892296,24.63542247024158,29.167264535305893,26.339854076133275,9.487356320594435,32.71677003371474,30.31723991507166,33.35186770526418,27.366940817398334,38.34124821750081,23.09679281457653,33.93123964682315,36.25198836483204,32.9102114577551,22.094634409757663,33.7265487986602,29.284297943017457,29.758346360006097,44.74691820481618,13.97788151025461,24.748313834509236,29.152151329753075,33.99214638593198,24.613726417660992,28.273786692778895,29.556412733829053,39.0232587892871,36.54363159007077,34.6658969754785,29.286153196756228,25.62172537719128,21.702071396700575,13.76022152433659,25.00288613643979,33.814757669625884,23.09377956463085,29.524858302514694,29.87297596995917,27.907921000336323,34.095124610850135,32.09043208891752,21.817641387433344,33.02658207409667,32.94831201179201,33.11408828909927,30.434715871614426,22.985076458947226,31.976862190573335,29.581528259952574,31.943012059927813,28.960116858060786,25.0633839481004,11.318558564272658,33.260589252769314,34.59599582526452,26.657999459538786,20.244345155860028,34.70099816292274,29.394516931186903,32.87097553782946,27.745581676185544,20.91227234564628,26.845941548707874,22.592201663139374,20.923537163570646,29.35615508066013,21.70609393679388,34.802388999538444,27.502014598585507,28.412272839435694,26.94791602337766,26.909417585693227,24.864783539598687,31.342526130732182,26.63552577131044,33.08023211700617,29.46036177520034,31.586127147800987,25.061300214953125,28.88024216613921,30.865971388058004,37.23298642242321,34.45012410718589,34.64269222681726,22.02232202370112,28.62150643499796,33.402479090645805,28.33489650501068,29.70186299068538,15.589235422112722,25.23132118170639,28.510988035871772,23.987337748287345,23.615806404105754,38.141076962800746,25.300781438277667,26.214535894083475,32.0459246429849,29.634047859850952,26.097666310304895
77.50657423293889,105.49427703756659,63.73733597558689,49.17420212138325,87.31700193126245,128.05351600357494,101.42343271762837,103.34111455163698,112.41452667774827,81.35883731379307,55.13660844819155,72.71553565264286,93.34966568894083,62.269554494345655,56.515975985119155,63.876408925362405,62.21869840842097,80.02380224083232,86.11149150491482,36.912975029898405,87.2709891384797,75.2611045797235,99.2819803492247,71.81560150883799,96.85241930217796,74.27691623502848,80.34173254705246,94.72955530955468,33.26252391205619,64.78404445448928,95.43349916663803,76.07969641201609,118.10221215354683,60.93767034102244,57.956518330202464,85.5478265175833,98.7194273211568,64.47701524113529,48.67876468630604,62.34876215750396,75.7877356918752,74.2455841168612,68.67583098075617,68.93612323581591,100.65636335846251,95.39238052789676,52.73155352151602,79.18091340765352,88.90804526392137,68.52421302178722,46.69471636174972,82.81252331446413,71.13499325185416,83.05290435158395,83.52611046875818,63.4539327092055,97.46334080139601,80.31657501109582,97.56094501475728,83.86467635870224,94.76337465759723,95.27076009462532,106.18908292531394,106.43787487462082,76.6953538726732,82.49137812954108,95.91080705407839,60.69245406294376,59.179982574747896,83.07179675605452,70.93770298032845,80.12202112392953,114.4825860971868,76.16652959526421,106.0161427714962,62.31567998021567,56.99554721478888,83.41108896063452,55.081644581860694,71.69040517611415,77.62704523288573,101.01033757627273,94.28010714376111,87.41965368545961,59.20718111687052,101.52093969507206,65.81815753864,57.6858902253995,86.95864003000868,82.63381458634005,88.05531228228831,69.5606774445777,70.12981158342787,70.10511038920005,58.07204857395113,72.22467106816771,87.57384481955599,93.30352307882167,108.54187801641639,71.38539388492083
-39.896322621445115,30.076212067243777,-29.005090834835467,-25.040097453556335,-61.24195420524437,-30.21272961059465,3.3202711952494997,-6.232746813465158,-15.726519138509607,18.40291101350459,-8.955505469006342,7.508795856856758,-7.610035668066416,15.803920470351432,-31.885896191190263,17.72187522035882,-34.984156062944095,-42.51231581438561,-29.472478017387484,-6.507327358206395,-35.49264842419566,-75.59600245182173,-22.84263232500757,23.62237913173613,22.309063137868737,2.1811999730712954,-3.2948758062275556,-10.054928022147193,-25.10230246697903,-40.44670494222797,-57.80831406029275,7.701831186445666,-25.075222697401845,10.396791080434785,-23.462249082258925,-59.67873149386282,13.263571545780481,-6.33230224499332,-33.76701449467838,5.601627812896611,-48.74636531896748,21.04111565200216,-13.957699051497055,-14.490158301463593,-35.66212133775867,-20.061477274151642,-50.14231564747229,-2.7738802324645375,-34.87194629464828,-15.311911162373153,-23.386448972183562,-19.921668432845852,-21.001333358737263,-18.97930771675915,-2.407853856370367,2.827431275709147,-35.16834733391387,15.698133419995086,21.534636348962238,-49.462948521177026,-5.632192399039074,-17.60779267286093,39.49309313049901,-39.54068009999883,36.51183923444424,-22.040876738482122,-57.813413295241915,-13.230367708254219,-8.63614205410336,16.233624334071546,31.9291347873888,-31.69074189861747,-3.891752694266325,-14.720804013322088,40.387458794522146,23.364703125978377,-9.711266997498399,-8.457495879297298,-19.824869044920728,-8.068011254777884,-49.18236255264509,20.169056390120957,-0.9306791398292357,-17.541167602133818,-7.924289819739839,-38.08408580390398,-9.255306882153448,18.299108350971512,-20.18020188053942,-4.913992322184771,8.221351828403659,32.43863814399194,-22.962131670707905,-31.595913138536847,-8.23688854799977,-28.519168535416778,-31.51831188880515,15.63428467514043,-22.263338347619882,-3.385561188781345
38.60934907431114,45.87405906124937,32.154066328568796,36.66684107936959,25.543235171602355,50.442802631446426,34.727821375358204,34.19965784428403,29.85566887791123,33.917791703435746,25.686849951053986,35.51353627736198,53.785682237885275,34.15258344124194,31.057894006346572,27.12069147163202,36.81268759476189,12.744073339971369,41.51162452982445,13.86570336082515,31.494960770039647,20.80283278760976,31.962322649148675,22.54144902970337,46.59228223957218,34.343109315305554,40.01291747345265,42.465546415275206,37.53076431442576,27.642184934762025,27.167664614517097,38.915848661840684,34.10077212022485,36.81220312270567,36.36787426755077,39.47075012522553,35.370117264589666,39.12125084593333,28.178597990089152,32.391347809633196,30.792896370200314,33.858852267937266,23.057133890021362,27.07634735797584,27.4992183477651,43.226818463433105,32.08962846571621,22.69583550162072,33.204865612903504,34.195297228277624,45.90271884973013,46.49586324723874,36.4444623684796,38.70709800074469,22.90590468237351,31.29780269376666,29.004891149155025,34.120893959877286,34.46857765743544,31.283311814469865,37.260232872861515,17.498314462982233,25.28409097996795,34.60333890795433,30.119567471666794,36.23370519742367,29.65932294644129,45.43815237045872,25.259072754607942,29.948092401138442,29.411653187195164,26.150034927881872,36.770078133191696,22.360366740856183,22.12637525628902,25.91374739671803,26.74919973288079,30.359994277378334,29.682470135697518,33.32462463524754,35.25751489995954,22.40498390741008,31.77947080020321,39.43817347797562,21.253651930920334,27.66554769804457,29.62311286721223,36.74781279779612,37.09936997671749,15.729148555971555,22.29283088250331,32.39538805188125,32.06325301603292,33.444196463959514,29.19862955411303,42.322296442137805,32.12320405390296,42.541379355845976,26.59717773598477,34.44160829933063
21.636651679438053,23.976930922805572,20.80211164062198,20.05180016223295,9.331114398734883,20.408517311355016,17.970051716418986,23.504808345784603,16.65411922765942,21.303267618858555,16.447108893770483,23.378828689847527,21.30394922247018,20.308224252797764,15.110391559429113,21.133385715471693,19.81977279397441,16.08645702180466,22.017160982304382,9.360733565912867,17.206818206242183,17.15675827660507,18.848098662177968,18.23874522269674,29.766807597718312,18.240578075831408,25.435423704309414,26.263075052241476,26.66131348688893,16.523450794208454,17.515057332161227,21.601269634342607,18.744846522027476,18.29026798839271,23.090125212329326,17.86727933530946,27.579551642880364,20.96841349887342,16.867732652016144,24.411746725486005,18.84415936517277,19.059590715516123,16.534226945302443,19.999034604776792,24.04877591440593,23.998657091845228,19.547913870049516,16.085359443183332,19.77743836455659,19.19193114854576,24.252655462330832,21.918622395899327,15.809689431769419,21.57633762671293,15.583311862858675,16.991806454358215,16.06860682714719,22.374267549823966,19.643880721799476,20.06918127511024,22.75823897004381,21.867990357163915,19.567182603023983,18.19042067116429,24.43061837803767,24.489679327746252,18.233871156966156,21.741426569735527,18.610894842903413,18.605782229412252,24.285899496641665,16.153465315356947,21.260858462773488,20.850983638117857,21.389931179550437,13.153414199212484,17.471162449877415,22.413382875712163,18.87805461952482,20.747329672176363,20.017823362341193,20.053137987568604,18.31536325033469,22.970593159837982,14.996632576508173,20.32887857134894,17.700710718858907,20.834220550509873,24.743753724937037,19.462591443405426,18.148410687150072,22.088358763561914,17.999061306304377,18.08134676518252,25.447021946338104,16.728101106868856,19.200050828091957,24.67042766587403,18.29044697901907,19.79161063912946
120.6141582350371,164.91485892738118,75.47121565084396,83.20361575922291,99.16959438434726,146.6967718104491,118.10131396190519,135.68603927925972,84.984912729851,103.04673467715637,68.34219469995085,103.02153712674237,133.44381766993882,83.08837200678879,61.64043709646838,93.51163806187863,87.49265479306865,41.763034077880036,98.07085643278054,79.56427104735769,120.78629754731084,72.62118833664599,133.97478811194804,109.16968015434976,151.35750784036648,94.78976644152219,95.70955409935614,95.73391626445739,59.49529364952245,108.16335073486844,132.57019323713695,131.24426252794217,128.99399162561042,87.33991457180194,77.09883336069497,94.4522454764191,161.01599526161314,95.67571690599878,62.114873034739205,93.07930760868442,90.57845842580751,89.86810463999473,78.47827936029628,73.73981555942072,108.39279053052381,123.79049790755441,72.93970704448016,114.77733152952244,95.80893369395358,107.46483226284965,91.01043769761185,114.69810493041373,109.93240857561615,124.763073575397,93.5747899151894,58.741643501111206,101.43535771564984,102.11352822250875,101.30034402788758,95.59317609748759,98.71194663214074,67.52293164662449,98.64584292254261,123.8174352431489,135.84386459091115,126.54536744904765,104.32384811883209,63.1578279119911,115.88636504560489,96.83590420226591,110.69973718980106,106.22066303804657,148.68976616557455,77.60949413522714,139.23037947101525,88.49113643818778,53.33305197332623,112.38623568775382,65.14210156963496,80.19010408876792,95.26796874655795,116.84763024117524,92.59875352160803,104.90504292629049,66.17661914527665,113.70361448729525,89.11769317185117,78.51067080835217,136.31253941333375,93.07097316556812,81.2666524035221,86.29038637876612,110.31407176043871,102.46543359382687,79.23085041438785,123.19512119304439,105.52645610538424,119.33747985887068,96.12184683568753,89.80060711751511
-35.921594308108055,-21.484419666301054,-32.511904037045966,-23.29529547692894,-34.137040494096496,-25.29911853716118,-21.230792906161255,-33.48909599951134,-26.848049209509778,-28.11339215310041,-27.62769467371719,-26.13437137886007,-22.09950631886666,-19.606906525156653,-23.854062817001726,-25.02671591443881,-32.805183198462956,-29.209588986120448,-28.881434391002813,-16.550331171435733,-35.353847312225554,-32.73755489033735,-26.032557713223827,-22.690739271611218,-34.37583712064426,-17.535411737973913,-34.720009957383034,-27.38031182177065,-32.69348713499413,-35.36857483648451,-23.124279911738174,-22.586040358457613,-33.33110306808354,-22.739879213656213,-26.109014561089626,-33.63327738386683,-33.344835802700935,-32.17711879164665,-28.5600453515604,-31.357826980269632,-25.56043564428427,-21.899769671169373,-22.0015174246922,-28.870214704988808,-37.10805047732759,-33.58654170022736,-34.58872061125272,-28.21211586358484,-34.302145142960605,-23.472217110289595,-30.82945286713244,-23.85558679414194,-19.352846371122926,-24.14504698014669,-24.027885085871294,-27.294212684670054,-22.18084801116552,-30.15862335443146,-26.72250571408616,-35.34320539480102,-28.701279662627165,-20.048721514843933,-18.320736359071265,-19.46415199332949,-32.46959677569765,-30.52093631202311,-33.52722816143284,-27.523188346131715,-35.69217426115293,-23.295201638531445,-24.872670409788977,-33.56790653833813,-29.15509306232262,-22.74025882587267,-19.887150334605334,-12.513258247077612,-27.46635018671517,-26.756543142207786,-25.685331157805297,-21.60887988753284,-31.665074250848907,-28.490354614272427,-20.68369868055816,-33.52839988919958,-24.64809747262162,-29.347443500240495,-22.113719023431187,-23.410324899709007,-31.839817546625333,-27.101161486384267,-24.509326925072923,-24.52495738398765,-27.9037558599588,-33.346024942362305,-28.326485067939746,-28.015279900116987,-27.9032108670284,-28.09948252343639,-33.40235765366156,-28.057413621173737
-42.85778255671413,-25.032116178363385,-36.457656511792706,-29.351043664605296,-28.830213703726102,-25.910593082985276,-34.48077450235697,-25.703889480627108,-36.809586865316625,-30.86024926474339,-25.341662041673985,-21.91122054153053,-38.64635284897837,-28.247895387530527,-31.623697763784236,-24.63186980415697,-36.8183790623774,-41.243748590256914,-34.38736105072888,-27.156737322036946,-35.71083626823221,-35.12661291026554,-24.96588116082947,-28.863310293795323,-37.26381525999017,-21.553234635424953,-36.34949345128643,-27.629204067976527,-39.461601779246045,-33.85247170784761,-32.80152051966414,-21.435051584657703,-43.74889257184403,-26.763837122819698,-30.543180348259067,-40.09961056291693,-26.867824118831393,-41.706376607397296,-33.263555491426914,-39.1563784058882,-19.199497359463866,-30.06031114401361,-26.009872361926615,-35.98756506936198,-30.103587531366113,-39.91193348508896,-33.99984403812423,-24.14319853066387,-37.03467961622352,-26.762793984279078,-30.681789185722234,-38.867545788688524,-31.47537630591224,-23.815036930366634,-36.800277441589515,-32.32985033697319,-28.134023668135793,-41.498423612926814,-35.855564243123254,-29.226859991327483,-31.470389881189273,-22.32993962148949,-27.652203271903375,-22.83074775912066,-43.458987889775045,-29.389789652258997,-35.30856887557369,-53.424203866840905,-29.605069287663458,-31.832601551812264,-20.150554474489265,-25.715514595599828,-22.071229846342153,-28.137489413098496,-19.835227329149106,-11.629457371948527,-39.255445326547694,-42.92321208065672,-28.431497699659502,-34.12421542946086,-33.709412352861506,-26.044428996069623,-38.11977204118445,-36.126062771321564,-34.70186327539047,-23.77737143917339,-24.664051529394836,-33.30837156014353,-26.231927336895737,-33.24186198859581,-30.735401987699028,-33.90181876178091,-35.6410420820388,-34.3140743955987,-43.84923028725166,-34.03299076146385,-34.43372386317537,-34.116209779641466,-44.94422419385662,-26.253871855379636
52.63647548163337,90.53697377011385,81.07631923894476,58.66987848163222,39.25339697808418,112.53670521635921,123.51911626096049,64.88746766295034,79.59463440973035,63.576791654243,27.146036062909587,95.20132295776999,71.64777605842166,78.98736230540037,45.39334249372998,93.0083547230877,73.0526053220838,78.33231137310717,94.43038910646827,26.12506115122633,73.29217646720817,95.4996519887717,81.92602572092296,83.23144873515538,66.3829271680799,59.94664148871414,95.13798407132913,96.54972823681516,68.47310193396503,29.95830475024131,65.69631833131908,99.18314544527033,46.58424408150039,71.19645610221815,69.64196472538615,72.96670292823063,17.372404185398644,71.65729345176621,60.73644476721233,84.7455608475619,121.06680999414408,49.678662142204075,78.93499668135429,99.0899514874291,71.6128186264016,88.48582608227714,38.044929340962845,72.90333691280443,108.96547707781073,99.9173581971095,74.97907642820971,112.6872659935509,14.477919087491944,70.3149529888094,61.843058078017094,33.99687900691095,73.38488491942084,80.68885307713063,28.010668575133547,100.83331214619054,62.20991206456426,103.44834499732335,38.27840106049536,99.99776729656465,76.12185880399264,46.67120858461402,67.12326011846825,63.433753624422316,72.85010967997502,74.18143702996538,76.69245361260211,88.3910647389999,95.13946191843787,74.90186352897932,114.6332600547182,74.4881648134715,61.029218882001466,112.32285649994662,63.7707389416573,101.1688132474651,70.57237659931944,82.0230340003843,88.20594257127877,79.57280962668969,49.864039799556664,89.30653344624115,94.99862774464604,70.05319730719344,66.85850767299364,115.28336073374805,60.59537793863802,79.39248210083693,100.15794004538166,47.041195211677035,121.65698000043608,72.2668253546495,105.22756643100445,64.80102484658072,77.3564225990328,86.36252340191317
55.03037167117126,64.41962542724532,52.513450169022754,69.21059259561903,47.09427566257062,69.25247257804297,66.65976396857998,60.99122822452336,57.650450470972636,61.218186452124236,39.76849258010636,59.222931145139576,58.88731934005545,55.74698069459066,34.941199317643616,74.52166784934003,55.476256312656915,35.744812370117145,76.46526420906949,96.52806263964466,85.92407092272488,51.380185671161364,118.5637505439277,63.46984664614661,71.83980724801141,65.92620894009458,58.91135081959294,69.9769635520065,55.85693677993839,55.871750543737,86.82338196439058,69.85778652900427,45.20420133046745,55.37379617834262,62.02027242872267,50.86395518632329,30.83430041232776,54.026723905571544,48.77975143979094,42.38463400038071,62.88593316491092,46.637800800608794,82.39302206259745,88.18777258023816,49.766213171942745,61.510487081735505,48.45194772166614,72.0084974921926,66.95149160142759,76.09446695829513,70.25751580359196,86.15665330088324,67.19599109213301,49.430480276011195,56.07117969904543,26.661334098842577,43.887977763564784,43.596827949197205,34.03925907942776,88.23676824750494,46.348714020752276,69.41753182712556,52.803425958336874,67.22931530136916,31.840912726763595,53.468553603457224,31.674849055733272,54.895272873811614,70.7367027123008,53.037012992407796,72.04641599910391,70.17436408774414,65.03381649221667,57.238622971008446,73.00143217795151,69.80055998992019,47.68050312230307,86.31945394907767,45.3380031599985,58.381136933870394,55.996566684396754,81.47123279041608,60.537655345401205,49.31862828588727,63.180530468371266,60.37857319984976,79.17648656787914,56.49662163790397,33.800112681288496,92.37839048268836,57.11098621247707,47.10025376345107,50.19096354757719,44.837188171927515,68.18228401904224,59.2840251435815,79.82500320291774,36.05220942868112,55.32921885731053,53.20247806353363
4.532310711597596,36.07953628564086,41.20176540257561,33.278992463483355,16.297236447796994,44.02737228955916,37.90259661476338,27.04869775202519,23.65311557033689,13.827968744460712,8.675288079133134,53.66674989822322,44.23190517589686,29.238659527448423,13.23347339339013,37.29834789115849,45.66618111749718,6.0103121055372535,35.92776802308865,68.82803261469921,38.94015678390911,25.503934720774165,38.73420215421645,40.1055736877849,34.00079562500871,16.348666963533127,36.05349183669834,39.20781865454877,36.84812755436072,23.254594824101908,11.307721270714381,57.321054009492556,22.31113591342519,33.55653725231442,26.05827458565097,21.417643555668413,2.2608036782255714,42.548592912275716,32.86574847297414,44.74837788853367,26.48068955087464,27.73782828305451,40.833329459502835,50.84313055004288,27.23533768654122,37.90133578282432,19.242348021787567,49.003431916012794,50.94786177758014,41.620146882881706,37.06907514343951,80.84002133796191,-0.047771802037084594,-11.606566078626912,11.28574433904301,26.96711959131046,14.482033239941899,38.91100042143194,23.307281256636326,22.002348189450167,24.87248655808545,59.669856744672906,21.69564915997273,47.70284582341175,44.34964378211002,20.225884449197764,-0.9633754448084604,29.261038533513833,47.98469710937923,18.814675401978015,43.36319102876215,50.73013352777547,9.956695962663632,21.976999568529934,29.375671488079423,22.60965751090195,23.86379997170207,37.15102774145313,26.970549650481825,39.04210689978698,35.135151661602876,15.718417438746705,34.141603524384685,28.04021496963278,42.13198463658097,19.818439120021523,41.737757206993265,43.9483077025111,19.546043470225168,49.41650734368521,25.221911851048947,29.468482523009154,31.398745504868778,12.92679056171385,31.608968797119118,24.9651515318682,48.82437922383404,18.361985486376362,17.49365068509136,39.33317211762433
145.21552081683313,128.90977413041904,75.90484820965422,88.23776209950948,65.35786270750468,105.19683379366406,107.75210369163015,92.60343797631232,101.09389780235618,65.82560464081246,24.751201518213307,67.06572733150553,149.1305148646785,48.94301997388062,55.26065480279319,73.42306653545732,91.24905699095042,74.55311779862235,71.25001148231856,105.22068156417579,116.07451765951525,69.00517454598736,165.37047190978168,116.73771750940833,62.36735115855305,88.37708940573154,88.5453869557287,82.62057919680197,52.55855750336867,60.54385759483651,106.15509226469884,96.1987680909489,93.49037079991244,45.27473244526328,61.87513461517188,124.00278846908341,40.25175662565371,73.29828829929136,71.45475923743798,38.85261635359645,94.82642231835285,52.782347844296126,105.92386428233783,64.14228531817585,86.10828266632292,112.40934173061312,64.55333227191485,56.94759141546806,103.98550053106422,70.4253116444175,41.659353717799284,175.35081830237482,130.32390928157145,111.95002730478362,72.35408955098468,16.72189215489143,151.60013890815904,49.928616347112815,34.48087860480839,103.81876236378356,66.10686196061991,118.67835862093446,109.35530769500339,74.24410779388356,84.99478659645337,39.60163795550262,117.17685431437067,93.23779034298389,84.34029261527982,43.68193611030196,59.90834996473424,51.34196101050451,182.33938231239512,131.33062578774172,121.4293262451093,47.30211263097536,51.44859637626483,93.2899072899573,65.19011086070091,137.9209470358794,111.30478263361195,91.32308833782007,121.1613298371507,40.24951019769295,68.88284008402273,145.55461267240065,76.7631004262543,45.94629905510056,29.81452290253334,189.39739864243984,92.34870027997027,47.05995136083363,62.73305576353881,55.62093446867869,92.84130706508647,115.98822338812812,103.37234834757521,81.34016342152673,80.28830212345254,64.79572128724595
47.75575155945128,44.39215663550703,26.905470771172297,39.538073174385666,31.10978257937762,65.79533648846274,61.00780848938983,30.757700593930107,42.530965268399875,3.8951872938118415,-3.305965486299927,40.538774124820534,65.34613922958785,7.689097181957664,24.003435081858846,22.144238441508502,32.91928680282163,36.51434588333748,30.232679930559513,74.3702879924261,49.22689409001484,26.90134720554966,57.06514090638537,40.50165627599912,34.974251646567694,21.54462401181982,27.152057389480458,19.50709379372204,25.71137298741251,37.368307272187785,67.19448038522744,31.028318696077378,55.436457006365295,10.9859830867453,28.09186635085256,37.15846931347269,86.32339923961202,21.392201509047307,18.331436122193324,12.729671643301318,35.025400175172955,15.743743147803544,45.90164485152868,20.44406779396653,47.055493739973784,57.68788152460251,23.880212476157862,22.88753454363845,35.30844888638209,38.83888999306369,18.727166374027227,94.63978116855509,44.22662373722357,49.66812505591501,24.89717715673614,-4.500067736422393,61.15720164488945,18.875288703778494,21.59120759671263,25.178773230064934,20.30259443024635,52.7584024197142,66.14572785307018,76.50264815370176,48.1635699997464,54.4316626183318,50.60493295143808,27.370708551498748,38.89717740680696,9.690532739090001,21.3545610912512,31.636410143075544,64.84508439643174,51.4744036767572,43.44864262658948,22.093808013684335,14.031802338637613,69.93367339268643,20.328048283832366,44.702102459301756,38.62381705817252,46.02948651495273,56.27486597505096,38.835106274849,25.205620511567712,66.55807446690503,38.57888762215482,17.684861118580827,36.9199284859565,66.07437681775276,22.753547526471475,14.657839433768261,13.71148128866741,19.875474685336012,28.556257443122266,29.492169910241447,66.46917266081653,14.705456225909911,29.761263878824053,19.65568097891837
0.18321029633817382,25.561897453766953,11.596705837697872,-3.335598840052902,-14.419191525820969,11.07745428025748,-9.179001408844133,-17.274501935788244,-28.583479811851365,-34.436131375782544,-15.32821744695928,-4.134104627123477,8.782068900000825,-28.254314945002985,-15.049360608690831,-23.4713147611931,0.8874676103173883,-37.689541365191964,-9.091858809908562,0.5746227736853996,0.1477483018398808,-10.07480709048035,21.187538647812506,-36.56012254113046,-21.69198990636973,7.052360588993209,-14.162136285935434,-26.919251672289324,1.0629514191568052,-2.070309132450803,1.4636571731156052,10.210777692983518,-33.87200929235185,-23.803432418540424,-17.203417882104848,9.021415541351843,-15.194158391243466,-17.727571404594674,-3.2153971614641397,-16.872943005536683,-5.437187955927146,-34.223108216557755,19.51701286559741,-32.643863727497646,16.472421495990563,-1.6316197307600089,-0.8928270961058985,7.721274419981541,-25.674703338906436,-2.713813224753882,-1.9168358746833292,16.93370758372472,-3.7197561415347016,1.664785025998847,-25.77660158938292,-21.708986948930377,11.583805890189401,-17.816930159258416,-26.254528644700702,-6.427893540666522,-6.516117473438709,29.71613248967057,-25.187129396698655,-35.129575757343595,-12.720393850106976,-12.88764908650553,6.326272647301316,-7.6639322333553075,13.313701252151013,-35.285133036132564,-26.22745923634231,5.21661252270729,6.1107133626741055,-9.56830252170332,6.156684560582457,-19.275117482308776,-44.70566814160356,-2.543553104035193,6.565574255435447,-0.784089855435432,7.460259643736646,-36.411102614039216,-8.448052615651367,-38.05584264009191,-16.415227016629853,7.562240511709166,-8.334331351273754,-26.749495273496343,-6.091816011642034,-37.21736407788962,-32.7003915951802,-35.42110470186116,-17.00394292561514,-4.750063349590464,-12.915683581142055,12.839676961090568,3.9134240824397204,-24.41017056776434,-31.045092496990748,-15.212836132058385
-21.492766980547312,69.53553715022656,22.98578573304999,13.0179567783975,87.2511885269905,91.23738151627647,31.499190100496577,13.523416676170822,7.862778175565517,-23.292822814355745,-29.448219496214755,-0.07444767013940395,35.77345561752038,-42.91919464545472,-26.73192195971175,-42.728721578633454,5.622618473466349,-45.21563642084996,39.789900762247534,113.4732292210046,33.587292061345806,-15.088857779669961,135.74628488308082,33.85744137954744,38.524688604090876,9.466713207531722,-24.819963429516605,-11.727992036506137,-19.77545867451116,33.068700993585075,134.70236694161363,53.37893621391985,55.80318493388793,-8.471219887367262,-17.20363318767014,14.717254452768625,26.70175068479174,-25.431534784547,-9.510140031894212,0.9168873766613468,22.7120585270077,-15.025585899664481,56.10738143767832,8.16272188326334,44.067194052312686,36.75906581753633,11.612434477760988,79.81894395629155,-1.2405811068747776,65.20290761133374,-5.519569061365657,39.48944047682286,71.14684271976007,-23.77386812113117,17.821814590007246,-31.437596169334196,33.27419208643762,-36.345724485214355,-15.151272389923667,50.52588371256804,-7.781622591509203,106.47306687371537,61.073351689976164,78.602661683042,33.170348251307566,31.258869361415826,5.632859222232076,12.448751664493988,63.451721233114725,-49.15754024233424,14.21614025156369,80.3766176942546,27.835616591863147,29.34167051278004,89.25208056752956,8.249649077035501,-32.24039925611322,75.85595255801088,11.954968287464524,11.432542314569002,0.1438568352118419,12.967542124280607,-0.02862651093810604,-9.581701141654033,65.96298167981094,90.25554493219593,5.750283627477559,5.028251863446565,15.612145398033192,103.7564850360672,17.41094660368425,-23.09761680176197,12.401262379229328,-4.610936618475584,-45.759164417964776,22.242480973860406,40.72883597907433,-34.56709268862672,-1.7740182123303854,15.04000225424923
74.5273295889818,80.45151891866567,12.674146321919286,31.569494954525112,42.717411617730264,102.66893668018199,28.939017745149776,57.25406673542848,34.10428363980475,14.898801185039055,10.91231142114456,80.01644684836174,89.86906013606753,5.235516124036327,2.7094784782119015,38.47742675362264,23.189673005627156,-27.36877906739754,70.95760586065504,102.096301778022,44.860476778506225,-13.293845220856916,74.20108575393803,115.96560055596014,32.119478487399924,54.27174388728653,5.313271123888456,3.2732879627671077,-17.365326317858006,39.14953089144945,28.84146295188838,131.14185747308375,82.09696921554954,-30.511403202317688,-14.702109857591594,28.750293180271512,42.62011708018934,-23.104709752891527,4.311374577667168,12.479767672450757,11.684783147101559,-10.534123875643012,106.39178208700369,29.74231139782202,79.34159201574519,27.480170919912663,7.291053682276748,94.1771109481197,81.98258177315158,99.06952279584968,2.9210502090255352,57.61008850724729,147.89048098725962,22.931393021252795,72.9244719171241,-13.397326486616976,78.11820129603188,4.757217652134454,39.79398877796724,76.8015526199345,29.742580202061102,96.59012232173565,38.124032747988934,83.72728684665199,-45.70345540021346,7.413030485629811,-14.322117870259806,-0.41783299523818845,88.80448917527478,-19.911606881679464,34.056068004647855,111.64697816312749,49.567522430419096,6.913125412545391,126.54505738411176,39.77154390936711,5.439385762773977,79.43689229757668,22.42865266465118,47.349541287203934,25.105624146211948,40.54277856970081,60.09687995331488,25.760656811768122,77.63327067162439,78.83512784328785,63.258151512693075,12.257982839492012,65.05987550029593,22.448053245060866,16.932295559665768,22.15965071306717,-3.5510026625169817,-19.013740228253287,16.34804233776706,59.71819854274233,53.81495251671843,0.695072140092344,17.29762682976943,36.21469385655236
121.02104494363684,129.17207016087224,75.77924750330553,97.76761878031672,31.966158307653078,134.40860896900557,120.85778352754859,101.25297361007749,42.86188586205776,84.2074624328882,66.17081671012615,111.86495319822288,85.93011726150888,72.10986074528877,32.48383974455278,123.97250502995095,86.2915696247812,109.28600617449789,106.66687572693408,288.913125289944,120.03289621881046,97.32356290149852,189.76657373291724,122.43251281082166,160.34444942018,90.40869769922725,82.45691172153013,75.66009031700071,90.75124015625518,201.28997198088842,231.29748135953787,111.75762623312698,102.7446980065256,79.7260293122481,117.256887791504,81.16041245297077,206.66556680338738,95.36355160963006,63.478929626799335,96.12794284361466,93.70294865074507,64.01452747673883,156.6404660084613,130.56591467373852,181.6523174538493,89.55819947762296,90.60277655727212,191.24031142554998,37.61342215560496,200.7068653435415,138.08196729251972,92.73463898831932,203.0397899527324,142.97421260469886,105.68918567225587,40.49033219441347,92.44163958493337,76.47615722154268,92.95952884226989,125.90122647996854,117.34718427327631,217.47006492838918,250.49865151326247,212.08032795415068,140.46976227548515,213.40900697659487,65.6281817102203,101.01643271400177,154.25598779180402,78.34262384169067,127.95057346962656,194.1513839296298,90.18987877523062,145.97076582906612,120.87350619898473,118.03373259222779,81.74667594439342,258.29026003608976,79.29638361479334,103.97183482316207,84.0826653264094,220.30389322224448,84.29389210484742,134.3027725290818,171.9592400560229,220.53018634322342,107.47649048623121,94.25459007480953,121.73973794226787,136.58867100220613,105.4443768679454,121.45676114558826,102.3302701159546,74.82823546026151,68.9515950058508,47.94414386619493,91.1880839988327,98.84768927800327,66.52038758442444,74.28779745774351
-103.58262039748759,-89.33196802947877,-223.13283174043403,-129.49656393040382,-55.25038281275175,-116.44152539739324,-111.80823411516705,-53.7212966075654,-112.86017848342676,-124.95493876842978,-58.58379064353549,-109.63026783144407,-148.8369695160103,-62.298920233122345,-57.49865172467818,-32.91996026283041,-102.66042346064327,-228.6044735287255,-71.58374139452879,-68.34160857925161,-86.06559031690986,-102.28721070631718,-241.15435530069163,-31.968878773672145,-145.57060850606445,-44.28223333583416,-110.64215098178204,-99.58948289758402,-160.08905849222998,-211.21724341778685,-209.36352418904224,1.2836657160923037,-22.005728677434433,-122.45216674487378,-97.68740230403945,-133.18973099161266,-179.61016177796026,-142.46102227611613,-74.36589038934757,-116.60062027624855,-106.14836676254176,-32.98772777656466,-93.54103760521703,-13.093662887384626,-152.96715698178593,-175.3049789145604,-150.43575162997365,-50.40766050452408,-30.125542816448352,-99.73728947494018,-116.58033424990795,-182.14721717003675,-182.85250325261384,-155.8474586878686,-108.013653700195,-43.979342563317026,-120.21794502264763,-91.31612284828684,-109.48946522362239,-15.444961043090913,-88.33010437616495,-178.5469331720171,-319.3396723533385,-95.72637978382873,-238.71106493894706,-225.12763162412068,-209.62071839519936,-180.9008290860165,-44.18202280107056,-46.0369050105821,-71.98487821684424,33.39644590096972,-115.68321288517302,-135.29595190023434,-43.48782885073029,-73.7873446040086,-97.33668191992776,-147.48680609897087,-77.64179004412512,-100.21364167894589,-110.83621257388614,-190.1456047658738,-50.787948027671256,-122.06135368019389,-55.54259768193815,-200.29161420744336,-32.80866933685693,-75.8025171716066,-85.91482282857646,-185.77844690937792,-109.00837595192006,-49.86287862130656,-62.74402367022937,-140.10025536679467,-162.67467576369611,-157.70849002454875,-199.39586392652626,-175.60314435026245,-94.14831641786662,-29.238217191668472
-47.65139036029459,-6.564599963333203,-27.183755258230573,-54.06624928566374,-21.79809200985708,-24.57018545556031,-21.744006638359057,-35.29987246795867,-47.56617423631648,-10.159965392341112,-21.47860787581896,-21.347585136407496,-37.55873502978779,-23.566009226291325,-47.47637300315758,-15.618661143714956,-36.42711755719569,-40.895358690203174,-26.287224428325512,-21.933198611798787,-39.363256327822896,-44.54855383912732,-28.167532967440298,-25.125687526394355,-11.064469887492228,-14.733731934786203,-27.834120776584573,-27.018600045042348,-44.934856447076974,-38.642910407852135,-39.57146148923404,-6.460955659280975,-29.667107145214615,-19.300575662377685,-33.79810080019996,-41.35153776437998,-63.953854654534794,-24.799549250647672,-30.56587019730561,-17.483732817207486,-41.62912447411288,-12.722372841742695,-20.364980662711393,-21.549965510678224,-23.828289442472595,-33.374433095591215,-37.373436318978044,-3.6936733194762565,-41.981682328913486,-25.702760516043014,-33.42572911243187,-46.68233209101344,-29.53302979382492,-48.08676183121626,-32.54929673697925,-3.7693390754886393,-60.235845989380095,-27.995643127005003,-13.19773732524398,-26.916828678317724,-27.501950362367204,-18.55853003112702,-12.54758037371448,-35.0228241858296,-25.57354974367365,-39.834169841518936,-49.726179866677114,-35.929156276374634,-27.982901344825574,-16.520125378367993,-6.606305965362321,-6.522403248288509,-35.71621152788738,-32.04461195099654,-11.743947636410027,-16.810943960392105,-38.341816103551764,-20.424627076889617,-32.84159399332454,-32.70309725977312,-42.721030990097695,-24.71668037841439,-30.28844580577225,-34.880683803229545,-12.259578120088133,-42.30967128111428,-25.89259851893836,-21.985915287599628,-47.488738007314474,-33.79926138299152,-4.956557654310259,-2.2193762286133545,-21.40259579152025,-31.416448557509817,-46.11774612100984,-22.71609466175023,-37.46811836962726,-18.51801165078543,-30.135366201426375,-19.550785316205523
-30.577959081625718,-37.72325402782105,-61.160345205721356,-45.31924332518052,-48.92077053426747,-54.25859685505301,-15.964157379377077,-43.235802291124514,-68.81284447515768,-1.9611918698448234,-5.673276972908778,-40.46720874031374,-39.114446869744,-14.129538572978845,-37.07888011898352,-12.87895885968236,-44.886611429710825,-66.54496848559997,-44.334840507704676,-56.686095794640075,-39.62295608430121,-63.240823484158916,-108.43570042392581,3.9528203897176577,-37.87406967462415,4.965851613099479,-47.03288426361658,-63.71602797769498,-50.43047838027285,-54.1278788068705,-97.85080663840087,-20.562091114909283,-41.35063328928359,-20.51524558003058,-49.67837651266101,-79.05933360374515,-135.75873487229302,-25.693643518384626,-34.24710987124875,-37.645538610817155,-54.60640250218013,-13.28676827063044,-67.79030959931987,-19.980926881947724,-56.27449803122265,-87.84000208180312,-58.24040646383446,-15.921336193614918,-30.36789234081952,-39.82150392707132,-30.998763214038586,-70.52486176085563,-48.11512607939111,-38.46541704055091,-14.436460700488945,8.531154135322268,-65.9461491325821,-30.402076700976835,-13.426007560018732,-23.094449044710196,-18.24134002524442,-90.07535461951458,-94.99688355335246,-44.72029510784294,-73.66749674453412,-71.33011448975323,-67.92245309131236,-27.43840914271339,-37.465416554854734,8.777192607512804,-19.30128329328067,-19.98957129136752,-34.64276696071601,-90.69766782888492,-51.74388724477665,10.017483674957946,-34.48937323712477,-42.292736597240776,-36.54691797635839,-68.0370159876003,-42.39205678074807,-58.03287600031407,-15.530826417621201,-36.420534160300775,-22.525722738892906,-133.95300147470115,-21.195103356386202,-27.443193121073314,-40.13954569555908,-134.3919225740964,-40.04055144144958,5.471231629887994,-18.983385228380865,-36.01334024701494,-45.449421382105356,-30.3561414409499,-47.96272490001638,-27.973956670435122,-35.486338540416305,-6.053262695878427
9.15479926076347,30.96511003209115,21.47315332269402,5.891674435438894,27.909021332234385,7.712694590903145,17.67866546002803,25.44126203856576,-3.811462340567704,33.435434817318885,19.441539984955174,23.910646409173598,17.082970791096866,18.90044251137163,8.186789198508382,25.84954809933212,16.328360570515972,-24.324078614431187,-5.14091460308556,13.001169532134638,40.100036180939966,5.159332752047027,8.563963944514509,19.238301187126623,29.864116084221354,25.6852170635396,19.2198866023051,17.120692627356085,14.22787179290139,10.687132428010791,3.560919321730255,20.960715848201147,19.534769592725212,23.420498188814776,13.097462469287894,4.328724785824982,2.0965654937711866,19.475757389906317,14.717206892764795,18.725507514152547,3.9943289156397976,37.22849152128596,5.130229307667759,10.348889744436754,6.152560016319876,-0.172885667144402,3.506870791790212,12.127524403041841,-5.162109762003419,0.26933687705494336,23.994213053530856,15.964213573029319,-21.838041187967054,11.92741633815646,-1.7205279470912167,32.006177630503466,-12.794634561156855,21.073207834055932,21.559484971091454,11.580410719756664,18.470102458927688,2.8202350286767324,11.388906312371025,30.496414952867458,44.68186399854559,25.801675853892675,-6.023967809352335,7.398763549468059,11.04243207276685,27.889831175078637,43.534480220891616,24.049164416141412,23.724337736297944,13.139256138138842,18.405903790443055,18.83337074614087,2.8542009396056365,30.211028895239732,6.38815478967008,-5.969085452950889,18.6590545566271,5.450208548611939,17.219842044635953,16.382802345810305,21.76792803726241,-8.599499225045577,15.475712866210715,16.699026619016035,4.129118844483053,22.377443577020383,15.037045435401362,34.03092005554748,30.133837259807706,21.556132807654105,6.733532919480992,15.4544373940632,27.534295349848108,35.58077509731461,17.227801425116866,18.186329631037218
21.648691158913206,29.03577411927447,23.209309776780266,11.216794986124082,28.364162516674877,26.162145751602154,20.760581223380928,20.00902787170036,24.777516965385427,37.60321052235334,22.93104448294856,19.99201007731382,26.28904671423127,20.282108950618817,16.250664454943937,21.835563801072837,16.935591992211194,9.901811520814435,13.52396762006536,13.247754907898535,27.346519879956208,14.724984759153509,29.574874315844337,25.415910270119916,32.40994107869203,25.372201142705677,19.213749792503783,25.391744918776233,13.5053623031471,21.97141414239719,22.09774493415712,18.07204203447272,34.97240481861211,28.268587328757807,18.48118790881862,15.015496243611327,2.4441038813747813,25.528450202932138,17.053691271675863,23.2250307302624,12.72325943668911,31.16444208501979,18.94742976308088,21.8678404952953,18.71831567739321,8.47374315053356,18.698594561494826,30.229912097625242,12.667233692022624,18.297681041982617,23.080764344754293,10.285965730501575,16.190958152721254,17.42799256615203,19.36286775161762,25.63288089756993,16.582901309750614,19.15142982838361,38.36557217914241,16.48590678622678,23.56335266020179,4.921281784166435,20.55269018767,22.598963843075957,30.89453279674925,17.953103583725557,17.066039522269875,19.550499573477104,24.84475181322966,23.940378390694576,31.82525805154075,21.236538122438542,19.841234190238808,18.674591013794267,20.84868545681329,26.15657587065925,13.471191470477224,19.53770309541752,11.52368068362673,-1.667586777881016,19.963503816371723,15.359775243913832,19.417722050492422,22.717306541529965,20.034747618644253,-3.106967362961834,15.748884494162873,19.191976734259445,12.775686028167812,24.30753825026006,19.035692973819607,24.97168814767593,30.443304506247014,24.11264232186305,17.390756617088464,17.75801061803248,27.782590871362956,23.56958378991381,24.527495438692902,22.858137221261142
21.88231233306209,29.48767059452032,14.126216200413623,7.47488545030292,31.810718170732333,24.031239449712775,11.98216020613982,28.455415600252277,13.302561326194976,22.449706955332747,19.21816818483947,20.738979216436224,25.765618897852832,16.311969905160392,7.81282621530652,15.070527280984894,11.351157204831072,-8.979795844952738,21.186030642438492,21.642118357407117,27.08177079468474,8.915057312718309,25.72387629693922,26.942502039394206,25.78460746363686,21.623537507876865,14.286307685187495,13.034318321624976,4.835577603474859,20.08687476233312,15.2047432538896,29.584526854074962,22.02305531273763,18.36096300565182,1.8244553918321682,15.418445566641449,5.359833004545043,11.893151015824952,12.45422959749445,19.990809122728475,4.625425907191984,19.88079483754792,22.02736884525266,14.490653235343906,14.210366206788677,15.573167992571433,11.25303500272749,33.168653059387545,12.921076059542019,21.436678383971863,12.99346711416589,9.73356972472303,20.02862522474245,14.533202799224501,24.3145823223502,18.814284078662713,18.973322357800054,14.135630788025832,28.546223653911483,17.330403918896227,17.51719429502051,7.560015171276471,21.872171420808804,32.052783752519666,14.361930353215255,16.562532490461326,5.699947769680258,11.428511947391277,14.16786721353797,17.673488879917866,25.111344525481428,27.326344249805494,18.706556892660945,2.6553045736874186,28.5871079721035,21.975171247361818,8.799260910673572,27.49227544302613,15.247248608014448,2.595687361077588,15.999180971305535,11.365763919694157,19.6961199425005,12.33727657892238,30.950861170385107,13.363050906056834,17.545166922013248,12.974668084979697,11.54822842035179,22.983335217966925,15.570875789481267,23.884784288304672,25.55693497026952,14.593931115532454,1.8198862846088217,30.98542217252086,23.50089201588698,26.041596842687408,22.864491203918654,14.400745947729854
-36.941846949191785,-21.04461950321607,-60.01135812597319,-38.96289694234028,-32.27748927258194,-108.97095045459815,-87.22096269530297,-28.016198663318544,-68.22060064495321,-44.59213556887592,-5.232657651914814,15.739143631871233,-112.26220751340338,-24.495336036772937,-23.02532205153885,-34.18078008844106,-48.17958921522547,-85.30669239892147,-79.30439284414635,-96.82820249557948,-30.172581782360087,-43.15479770962398,-52.05017303800187,8.544872273183257,7.757557949711067,-44.105480209606085,-46.36748178742171,-56.68817621580185,-24.578462915320873,-22.759805461592467,-51.86455113099198,-32.516275987868966,-29.991301338884455,-8.697339492813086,-34.12577693063547,-57.7710414948262,-52.56106058207032,-42.87190018627761,-44.453061144451894,-5.258798841297332,-44.07382102231168,-3.8652809190658077,-66.03574720724026,-24.321098458448386,-66.27313510082352,-48.18542524218011,-29.282480900229675,-64.6689737402762,-53.543915125891324,-27.040426221448467,-9.722794894126627,-60.90355927912172,-105.280620985281,-9.205621753588451,-82.82248011784841,-29.13836792244933,-60.31167993894674,-45.513319035056895,-29.843295766642704,-70.66221487998904,-37.30064060764737,-117.62730586442048,-75.37366614808988,-12.254333669966577,-1.8024789717051208,-13.244553776617524,-82.03696636211576,-89.07568613342767,3.4199483729560254,-34.58544053111586,35.96193483607706,-8.588352603252181,-67.79728511605286,-46.606516215370085,-60.52784486584063,9.296348678735418,-33.873735425916635,-73.6085392818631,-25.778194529202526,-80.91813391200834,-55.25453011531493,-60.578444154384016,-56.721087336026265,-0.8614080508505166,-43.00576505771119,-66.23686915252641,-21.533437076747315,-5.681082362409281,-46.83796688562844,-111.82171793210982,-62.89954499356088,-19.39456205819557,19.059880675227582,-9.462931505942286,-65.73272825293769,-32.69646257519255,-18.602717539553076,-19.63059526038307,-52.96670674999208,-33.16804267771099
-10.1816603602685,-26.058331646324017,-33.80535726484283,-20.882123145117088,-29.937234785214457,-41.20897002962646,-15.845006128585673,-16.81035550568729,-28.90500413535833,-17.944185208557375,-15.910965337975657,-8.634909050746039,-20.613475802764334,-16.523518695602302,-8.831891007199257,-18.601053614264274,-30.022937036067535,-23.10047712243648,-39.030585694286714,-19.788780891983382,-33.61201428340817,-14.250675661410837,-36.3800242894746,1.4461630887852728,-34.70906156863164,-26.324687072697337,-29.218043515370727,-29.11460859193515,-27.690057585484595,-25.442847375249915,-34.18946343766127,-20.860367941764945,-20.83251616255235,-20.779650896304048,-24.26765549772327,-28.565517581277724,-7.928914997832437,-28.704820847140873,-25.16298703368163,-24.598696041605994,-17.114885049853374,-18.58920313608924,-31.295403291182087,-24.352954176508955,-39.716458902614235,-36.374464836364034,-26.52859433286677,-35.971176108544945,-21.999108331580633,-25.012766181562245,-22.506125151100047,-22.751975830063998,-25.716230370508406,4.975950098528013,-30.674607538314564,-21.82184774195827,-14.875242977651304,-26.25874978207941,-17.358975078302745,-18.303487538101514,-20.862299852580207,-61.74899779964407,-32.08225141475886,-12.061891284994783,-24.48229248389018,-15.330175345826518,-23.193508539119012,-33.72353951394371,-22.958096379857366,-9.551857652905165,-16.08741985177489,-27.514145908604494,-13.210128199621478,-28.237447084061255,-32.49224773295882,-0.2398067697596036,-17.11997170051831,-35.2599372757213,-20.542666570418664,-20.00527548864098,-25.550652873798693,-16.1838182756524,-7.382200398832304,-16.989115163562015,-25.873839360214912,-26.759563139505303,-11.391741725049869,-21.92947154845498,-16.172351920698013,-38.285207010366726,-8.200397363209252,-16.67761086741886,-19.40709535481665,-29.035861066061273,-22.10778693118184,-16.059849944029686,-26.07603501612645,-14.161891233457045,-16.053840620560777,-17.959209488465195
-4.969019756908286,-16.300577902475943,-5.394978570940288,0.07562846219063073,-3.644259381297893,-23.81671030439748,-16.414686396679524,-10.384380868895947,-17.15381811464602,-14.47574711021104,-9.583694794621671,-5.16384109374715,-22.084050252362143,-10.042303620153156,4.113857485499654,-12.728760446551608,2.6570955500512414,-2.169574787555501,-11.317477521624182,-26.249893270838342,-1.7421631245397493,5.140549129560729,-7.994906122000267,-3.365644847302295,-2.3663129589942926,-17.26153835623545,-5.230838286458473,-11.088014755020113,10.190446275283412,-4.375195766459674,-2.239889757679744,-15.073473292185575,-9.414768459620776,-6.794886097607484,0.6068098958246607,0.4073762094666901,-6.724248997566015,-4.947551279542455,5.451530456719257,-4.905585587965163,4.274485497717837,-11.57813095711317,-20.558588482222518,-9.952034502234165,-16.839226999731032,8.934261020886611,5.205130330677847,-20.474116396155793,-5.215611024522297,-8.147628153559328,3.3610803121476014,4.607409503184693,-17.75832402009852,-7.5186044663756535,-22.040814105113046,-15.221394502975436,-6.343039650631735,-8.901127933131862,-24.41531079033092,-10.746618474984265,-15.659373793566674,-25.97309132872548,-30.06264894170176,-7.289792346710248,-2.841625762521117,-4.504829638396535,0.6059216797649066,-4.490206127244337,-4.084390160523409,-6.318082394138925,-4.333430991258188,-2.3283848631122996,-8.767693683746694,-0.7309284718003182,-31.85848033782227,-17.43837517560446,-8.670895396674352,-2.5734597381942863,5.251782249095025,-7.607786327765433,3.7092073254833915,-32.938706911264084,-15.386460134533195,-7.472051987032471,-16.3860418263427,-11.412900484033434,-0.1647968426790307,-6.377702296124884,-14.466029207585054,-21.202491586942227,-21.67625082776989,-17.0941765852506,2.175440044288452,2.0827218593254537,2.0620478781715996,0.8017468130684466,-0.5138292022534207,-9.749472501335653,1.4393745221740515,-2.6271213362131123
-16.806784767931763,-19.282489380723664,-7.82610632921705,-1.7984783061918377,-10.230596789845524,-13.817637956363026,-0.4297559649804023,-15.227709683981914,-4.326078080029566,-12.700602439180235,-21.994300758491423,-8.693076260556236,-12.558729754839227,-18.872102895733235,1.555575300416857,-22.27679034549817,4.837960857197934,17.56740670469543,-1.8954639792277546,-11.391497741910404,-18.138331069002305,2.61209898825592,-23.60919826292157,-3.7855943856791954,-32.79373129949076,-7.137294925486141,-0.15885372061715744,-7.168363399146129,4.630262157297392,-17.919344206751866,-13.165134607632845,-18.90116323879948,-12.418082577453584,-21.750207544698664,-2.2303834022056477,9.730176558319402,19.695901913714682,-18.417452422094385,-5.854474534521729,-9.36490519204273,5.365997831174755,-27.418977041767395,-10.263368816365944,-19.386975436372147,-2.900428387577657,5.073013264063302,0.6711058859974136,-25.079332977896552,-6.528383590782541,-16.804948439020745,-14.295243511419422,17.299467975738665,-11.965541444671457,4.542204659403004,-0.22499450495065296,-25.726472139889314,16.21337876200709,-10.999061473765094,-35.134685816197404,0.28371262933790514,-19.05392047737347,11.256692978874558,-51.48594185283962,-3.5538675548740644,-9.782214945469905,-5.101383524915887,8.46762774551717,-0.13440177342786414,-8.046908496549499,-21.923580366814722,-28.537118757025947,-23.892333783887928,-5.741926628757148,2.0113401804871147,1.3208100532906213,-24.44066015974486,-1.587937913877046,-12.388564440842723,-0.09429594828136054,6.936808691701788,0.864604033297167,-31.599954997792878,-10.672015632217585,-19.8205487821775,-23.311934393504142,6.420707696925104,-13.611086391029529,-11.56216210185817,2.092280453492809,-4.7144361641995065,-15.652462998421989,-22.869767676438066,-20.49520193212998,-4.317047528975271,14.166805636255523,-2.1469929704414428,-23.7947674933163,-1.9152174737267198,-2.0763918793632175,-7.846433902985496
-32.58790635024144,-35.67223214168893,-12.477000617681949,-11.558936072743514,-31.74868692515833,-35.80361512540723,-19.82042320487544,-28.97996642469965,-29.477277451127613,-26.472013597201972,-20.57648859540389,-26.30780874272969,-33.134422251221515,-25.086495152102515,-8.826132023393603,-25.612200176461997,-7.15696648006395,-19.766421189923957,-24.017471071104442,-41.53713258013016,-34.36674990312673,-12.86260132862385,-44.9873318790948,-31.579768227570106,-21.47558437743401,-22.628135260857615,-15.34543668678419,-24.53812896366429,-2.344708507725967,-28.97765699466211,-35.14695300299113,-30.56452372879761,-43.09168279994213,-20.421676601691487,-12.202148459129317,-18.653077546388133,-26.405688724860354,-15.97529598436469,-2.8710352977881732,-21.03403500614604,-12.848325804804233,-24.465604324199166,-39.54224145946013,-28.61451400737673,-28.17740438524285,-10.803815771891914,-6.885471371354696,-38.13537600098114,-23.69980816801236,-37.67161566402256,-7.6442883766514305,-15.051283838051765,-37.657468168807085,-34.93075470891319,-39.57442255411984,-18.163154446686317,-30.927353860778314,-17.01054938710462,-38.21031960166965,-21.556042200151346,-28.448644027610577,-27.350565734111463,-65.60100702110226,-43.50403945333924,-39.116276378221556,-24.564843821018073,-13.349229669146556,-9.096735034891564,-27.902099852855766,-19.782996731556477,-26.02789918836829,-29.703531399444792,-22.389400651302864,-26.055486808493587,-48.09013007838026,-33.199479733471534,-23.115609391822822,-24.664641618957027,-5.9336244631956925,-18.55623130942041,-12.353961091505083,-56.37687379775376,-31.846666190678956,-28.744442331560933,-40.04916515794073,-41.355062893401296,-22.12539490718126,-16.799869653256334,-28.744428209353615,-44.12341319772579,-32.39129183807646,-25.274513422628605,-23.082956188055725,-19.078195052203935,-8.033002759009655,-24.086057470982244,-25.76029227160388,-33.373194496085766,-16.489498953404823,-13.74344747482682
-0.5977508217206292,-20.508948698575093,5.8718997728864615,5.2069123009595195,-11.789322655335525,-8.81615273544448,0.40088730825458085,-9.405622159628962,14.273115272017039,-0.6654682682026888,-15.532532025082668,-7.055285139034743,5.64143791940433,-8.001396489041996,8.19022317313005,-8.905514695390696,3.2140604546070133,38.40619171328537,-1.2030988167225372,-10.487527813210482,-3.178262531428628,16.048727288071582,2.174579770485805,-0.735411639396988,-30.043699156679786,-13.234944240158756,5.179257920829858,8.406182683920122,11.602071914664794,-15.505552228941067,-6.543435174015686,-16.045035111004005,-9.600504632638357,-18.649937481918727,2.8953939685003625,9.724905244925834,31.553893736656118,-4.723642714418601,4.550457047776643,-4.1226370592768635,16.363046582507373,-30.7532701586543,-5.0428477554374425,4.705541700920035,-8.430859149642364,8.242645726615445,-3.2466312366496886,-0.23334555795659223,18.165287882805668,-8.08538383318389,-14.681611706378943,24.428922255604608,5.0755984442702005,-1.1746149265018615,12.068168518656055,-12.473800849009624,7.0671736911792165,0.05455485301565046,-33.1933067178576,2.8491672415001155,-12.099819206729347,11.178384935075233,-9.164439709352008,7.471923485359142,-8.36127115769629,-13.965678037389198,4.464876400075269,10.526511468152705,-2.6327841407645924,-7.674542672747999,-28.85409692095546,-6.503904996047689,-9.033071062700156,12.946506483249244,-4.30468763109344,-13.78848065407262,11.167174289521622,-3.7240959720961904,6.315673509561857,22.49463856590778,5.866525173184166,-7.657658460950067,5.205680101930163,-12.64049746574777,1.2479869884762036,10.166171848863845,2.7433360089204637,-8.049587962098336,0.8199959255647302,41.154761574042006,3.399999833717607,-22.417476501391413,-21.22103564171729,-17.063835576971044,26.66805078905999,0.4544953653870793,-4.50001656658983,-11.050415844201073,1.9852525354392743,2.07300474128304
-65.7576453131056,-71.69341688356612,-13.352737769114333,-8.190809225737853,-30.472420994762963,-73.00822908413333,-29.98019492377898,-69.73048979812074,-46.235546198730425,-48.03204759971977,-44.67027495346626,-50.660220504768674,-63.110917431959685,-40.65493134900133,-23.92082266502124,-48.357659310152144,-14.845721575105735,-25.67694508322009,-46.663691639029466,-43.47230291319932,-42.72528870099216,-35.07009901219995,-40.75893485552182,-68.12345043485269,-64.26854073992837,-60.442051561287634,-37.56379785369178,-33.534124284855494,-11.373604104193184,-35.902529163504,-43.81285831924702,-68.95875338836116,-75.96511981320042,-42.51207456356707,-23.51911223325057,-45.26969667765968,-58.13983204668017,-31.63677215624613,-12.739350247087183,-32.42963046534872,-30.014633382079445,-60.092547720409705,-55.28804632279899,-53.53030637194329,-48.763233615031574,-28.583317041897633,-13.754903420355904,-57.20530850011382,-18.35004184776465,-48.384835705745516,-31.844469483623335,-34.347417283995746,-60.71367877546611,-72.95495384578555,-27.98208946662906,-37.74336354207906,-65.55089597161923,-37.82087169723741,-98.09047898578511,-44.11485429741435,-57.156816197048464,-31.953799116980587,-111.8730242213604,-66.66027207846061,-44.770171683186504,-68.74083449137252,-33.68770916211953,-7.418319699674386,-30.632998445540306,-60.778930152935615,-58.41573736584294,-43.41583361133483,-59.875644145955,-31.29257347272578,-74.97112827252234,-55.24945514488574,-25.28431762965818,-49.636908275752546,-19.64576689751731,-26.77523073681595,-37.92072859070538,-71.66752482195326,-63.69297952504651,-50.16109802843339,-37.535705322971914,-48.022431763483006,-37.22258920976126,-21.857066227505047,-50.79163249004899,-11.901543130078762,-65.18574844207528,-63.95362012396794,-42.35309101673595,-43.29846441047854,-8.444791313818952,-53.18133598685669,-43.808057909467536,-61.11051387433342,-61.52786244383785,-24.46913462488568
-135.2569826369495,-136.56515415945827,-88.24927379412394,-106.78085716600155,-164.76237521199198,-152.37533959288092,-166.4787136180233,-109.58806044026662,-105.67174572119553,-71.0857707602994,-64.26210476652312,-113.62237742271313,-141.10192430697754,-81.29327926084257,-69.68098567742108,-110.8181232837446,-99.79362281346192,-117.81868587238976,-139.2805315674093,-237.22251828265917,-166.43934845207295,-106.04291628402618,-160.84424075648664,-120.7382260889022,-112.50499048519691,-116.74502698396039,-87.39678592398947,-99.02938676896711,-89.52038808474245,-134.0895758840189,-183.86850213535462,-115.79567147982515,-192.0641045719024,-87.31967954916259,-89.78609102369107,-161.22902066057705,-148.81074409859718,-90.6053247381096,-76.80268293908503,-69.1631350911969,-104.74222862950697,-91.07026849005345,-153.23418598321638,-89.05747028614368,-154.21238103725256,-119.5362229999356,-99.95167180393392,-127.59096689890595,-90.55306341186736,-143.95105613458458,-113.81760326075674,-132.70832315649008,-214.95204096466964,-126.47056374087174,-134.05159416018031,-53.59044706088803,-174.40602984185352,-101.43647550405082,-133.28259425489426,-165.3931475750593,-106.95579031790898,-169.6717852593185,-144.37952710415425,-169.37663184787309,-133.59881380318086,-180.10673602677457,-177.10496587859012,-71.00708036122917,-128.74594854619986,-104.37578392936922,-91.67798886996752,-109.51678975123123,-179.7233630403739,-113.47709782928186,-167.99727561146634,-82.64763573108851,-70.65330144341486,-178.19670365664732,-71.29535882239679,-103.25802198379134,-114.46547119982023,-142.24386591225468,-147.073534311143,-121.00877650630122,-101.65124562801383,-164.06218807267973,-106.9975475183352,-64.1239731069939,-140.21357397135006,-150.4785253820383,-126.69570420524308,-110.57058032130922,-102.43728771572187,-137.98040121970007,-107.91644233707999,-136.65115740779424,-151.10576747173903,-91.23347013204153,-125.94262458293251,-77.0810059169614
-72.44835758327753,-102.14544416392222,-46.033985961371826,-69.64392064811778,-40.548585972607334,-104.31716709920427,-101.96396564955654,-60.71142637530171,-75.65571094775743,-60.66465797790423,-37.317489700179515,-72.71705371273367,-115.30029765103632,-44.400460409788955,-38.793164676195154,-91.8774455600437,-59.618836717785705,-48.361502837338755,-122.51931314357908,-170.63872501242508,-64.4027121246916,-43.806618563247696,-108.71799740190376,-81.11981555567274,-79.5928577017577,-81.48348730060178,-48.38958774518035,-29.497194460883705,-43.40280524537074,-100.44203444376193,-144.4587002015844,-79.91302616304218,-96.42458166382487,-57.08074298916283,-59.18675573903132,-76.46439015555556,-95.82588096344266,-69.51435878231344,-35.23219496184344,-73.91513063142068,-64.46280619481185,-56.27948578840044,-78.82480386395163,-55.70553298117102,-106.48207616646918,-77.00533860317852,-51.45116120179528,-56.664137198820015,-48.342988888374364,-74.98249219063834,-81.80540788335698,-99.84006752086061,-152.34582874121267,-121.51658871056634,-79.23866490532282,-8.800663914574809,-122.613361847957,-58.44357743901977,-66.66958251806025,-94.40524246093769,-54.660985888966344,-83.1702983706678,-119.47800676039567,-98.00526380520286,-93.1425598229106,-174.8005017301677,-94.90375055977795,-49.77729293615463,-76.55184976695064,-43.55380010041597,-56.72602863837392,-60.38660023326662,-102.98353047608985,-66.08019343475823,-114.17329007215575,-75.1906615249644,-44.275507129491,-112.50721357890083,-41.24610959061617,-65.56168795115578,-64.74027959081748,-105.10388744009472,-67.23787112824371,-67.86791229313896,-47.60991614281785,-102.59998838928142,-49.089983376839484,-55.93950517087551,-81.47553559013829,-89.13468485662673,-74.99977456748286,-77.70760170631503,-71.84476323890098,-82.92806039179057,-27.203340770911577,-86.78802558649221,-87.11514267867291,-76.79774713059598,-87.22483797955573,-30.802084457352095
-96.57834583171851,-117.10619113369471,-74.94296324437401,-86.916148010497,-152.29146972024927,-157.17991504046879,-128.8313613458564,-76.61262696279486,-102.43484780426694,-49.0782287770734,-34.43290711846056,-94.80085373842384,-128.2738804951371,-50.86693059177999,-66.48228118663616,-85.73169451337282,-88.03991415816479,-96.09682201222424,-137.59682219933936,-207.14300044101068,-136.20410343900355,-76.09865352528578,-131.59415388065477,-63.86980753006969,-98.77759346641867,-102.93725929406102,-71.06635004029732,-88.43689952688163,-84.20521568813824,-75.46527700104785,-165.21430746655577,-78.0872877199805,-141.2123949583136,-71.61398664530391,-74.61164550759686,-134.39596247584154,-92.62396399909142,-67.02407621065042,-61.18626461245998,-51.57134569824754,-111.69199356546197,-59.44886166430227,-142.4236885086937,-65.4297321571901,-123.94949577017897,-91.45511891762821,-73.4788498929239,-93.35027367243882,-53.282858994255776,-121.0227491175889,-102.3045433711486,-105.21540422524475,-179.11172647131897,-79.94104540204698,-117.13476139212833,-24.57664290047328,-156.36520944061405,-67.70576108735648,-81.01844576952163,-135.26863223794626,-87.51917372647215,-238.62509454323774,-175.27793578951233,-133.5746270539429,-131.89128988771535,-161.74910979582071,-158.84762612912044,-67.61849634308352,-74.07153183536555,-64.16212714797476,-53.55105214705369,-97.49574811220882,-130.31852407318613,-111.26143735401888,-168.7274620129846,-67.74207028985181,-58.53608134445379,-171.95167323782684,-56.26717615198199,-83.71970661040288,-117.86228636020779,-101.72965419163522,-100.1741907671936,-91.44738227526351,-79.30879626546228,-144.21741642934523,-82.04393894950583,-24.35666480453541,-78.74414285749317,-113.15653516478864,-106.72703950443423,-78.04796566175638,-96.78227394431914,-118.6502373520315,-108.06496142609149,-101.07234318545233,-132.40245947353387,-78.60619608477194,-102.30524852657534,-56.241419642880025
-116.00453741815194,-128.3101267019543,-93.74163523847704,-73.07268750706636,-113.37040920729436,-153.69314308825224,-136.4822718224512,-106.91729831676749,-118.28746413881959,-77.55386464701908,-53.78646723398317,-95.69697130309594,-171.3510814680029,-48.95138063713339,-54.39168043470326,-83.29332350185163,-82.36176183192555,-116.11596031056985,-120.43136555358572,-227.29572913398349,-113.89604073763093,-88.33693974085898,-183.5622841097615,-119.40113674911763,-94.39233522303529,-87.96749226965798,-75.62835301607019,-83.25621501300168,-52.661926564184874,-123.16096955010563,-191.2390989458551,-100.32814892634903,-163.1326414357771,-64.92541119839139,-68.97235459552779,-115.29775288455366,-149.02697840348267,-87.07959045525475,-63.95365800657309,-76.60896365185683,-86.30817787910408,-63.29572920418165,-146.24103118524786,-86.06957244156631,-141.71320979214852,-105.23427523167958,-67.67439524033556,-155.18538847439987,-102.93608726634508,-111.73368924861514,-67.1189788388186,-148.67873628040888,-188.19386325781952,-109.79877519500944,-128.10553746978155,-46.512256178198,-132.6105452081644,-97.18558347107698,-103.49610617907192,-120.4504995252879,-99.39144191774176,-174.33641832681585,-168.09475075969732,-187.53819350100318,-130.59049473597202,-129.07046796521294,-131.13545490141428,-84.06009444451227,-125.1975065538344,-74.76983836418829,-73.13458556501881,-126.45850155012229,-132.68643498368445,-112.11153905183436,-167.7325595575077,-82.14460918716986,-64.68289644665087,-182.13865473206502,-61.27908587246849,-120.12854017677823,-95.06050390553911,-139.00269876828466,-125.03222851877187,-102.09211393845736,-119.9519645373222,-161.55587674678654,-99.09321821998306,-63.49582763338926,-125.27852925255215,-206.00628486486383,-105.36235752332757,-71.01298134838746,-74.15441892455497,-80.54204979935326,-81.22736555290972,-92.66168796215803,-124.68922481219037,-86.70891899034422,-109.47448686723351,-68.28119202062541
-110.42182435100676,-111.28558009371477,-80.70521146355254,-78.19501346579598,-127.65801065519567,-118.50975774239905,-117.17923856463385,-92.02188361081875,-93.87677312761708,-68.63031189425978,-61.29436852908652,-92.19104720757939,-140.46852671510558,-62.622091615528205,-64.95044964738761,-79.19784521706252,-76.89215359699988,-112.52987239784449,-137.05603967480823,-223.55329767614433,-119.84958376826442,-89.16836409077882,-177.0298070317125,-98.77132139410328,-91.18667099785495,-69.71822045819569,-70.6530904502929,-79.95991566766035,-78.55784442986561,-119.13835172366986,-171.82814479580045,-85.93652245625374,-137.8450954647102,-70.50665000231017,-85.29750686732883,-124.24318178148974,-111.7654374349722,-96.96876741208918,-69.31733581566947,-71.28853914136491,-75.3902466495762,-73.39711351886368,-158.01535514941656,-101.56175421243483,-125.48522923506816,-104.79649614674749,-85.46685753914291,-132.13861950628714,-99.09555236790293,-119.2450883357024,-78.27676107582478,-131.12131650169178,-179.2938188896913,-92.02401301867285,-119.02983866071983,-36.62167538095694,-151.57759930979566,-80.10500819392666,-115.33218101556203,-116.40638897390635,-74.32439873889929,-157.4007510926399,-169.62364594523902,-143.99396299817428,-127.55396933115945,-125.16457437372988,-121.2507200695902,-70.8617783015551,-111.7666554753559,-62.57675129979781,-63.73856589184513,-122.65924896105534,-112.23650751538771,-100.19788126303624,-156.21527701988805,-58.55517775965465,-83.9721857651325,-149.72004539733456,-61.65642941746507,-94.29729746354052,-94.0691623374991,-140.66476796423584,-116.40398137695249,-93.32093770577106,-109.91763864075364,-169.27716039456655,-88.81968121228189,-67.43067924514548,-75.92137680898047,-184.7619873853257,-97.68850177701691,-95.06771692588681,-86.77956734273644,-75.90628271331548,-89.57056664229721,-84.88255964239804,-128.6334789349036,-69.78927547366341,-100.13607327481856,-56.90396333188619
43.26739640076055,40.70334044338798,32.44795642147229,27.70612130491085,42.22731672915886,32.04582736179826,24.937595246105307,44.03838518910681,31.11621125954242,34.00837612952268,37.17902568893247,34.09058046366884,30.964567479875473,33.8343776632799,28.307815679947662,37.09074785521073,37.91235865102767,31.653902876730786,32.734870747940235,36.65408921373498,46.346939226680625,34.37850850211835,29.208418933248957,37.38825539584654,56.98328715058251,29.46578302540224,38.77806012145452,36.87685327951239,35.227125062340654,42.6711643316825,43.245006970402294,35.60720773502341,51.092665157972384,33.716211735729175,35.491402354032765,47.71758827834069,48.982874799295786,40.75784285544825,29.40517744269782,36.859754184581696,26.324588168722638,42.34696349360612,36.43942353382194,36.41718175021795,48.45386930488445,42.44136580926057,39.33883364758122,46.84904940902772,30.281447751877366,31.49191491798468,37.6395589575751,31.935548721358245,35.745647471812056,32.48174058238888,26.37274717077881,36.240929995719526,34.4211704003007,35.18125291329213,59.91663681770001,37.96192441276272,44.12693246467229,31.099234726515615,38.927202069911196,29.629033026935936,43.84077612010614,41.34408228494811,36.32779650245003,28.93618582443756,31.812834962160224,38.37418015036136,44.880910158138555,35.75747401498102,43.767157049946874,31.01194152630015,33.22540521147044,13.418291089509339,36.460000283134924,37.30321890566233,30.129081948508713,24.86349748175361,36.87335807192924,42.47302167342218,36.17558750327572,32.45095325755993,25.58917949381839,35.060684114704,28.363793925950887,32.87197925697146,36.79183652286315,41.850204356143315,31.45654428182006,36.25657704304224,40.297696461920594,41.28417961029652,36.78607361894039,33.18637273587314,37.7605139879975,36.219771209310295,40.37191011441267,31.051671402688417
31.112130125608807,28.901270467441698,25.209665191619376,21.386894883329454,33.103413952886626,32.678922471209155,25.686288405283367,29.245475293536334,29.964044808099363,20.74880826956346,19.481118351567446,26.491213685345404,36.331912227038075,20.114727227223174,15.881764047622895,22.79601013252513,21.80706339865075,24.154879379789357,37.79672404849164,43.812431975905334,31.816299273769026,24.204469823072124,36.34277134114722,29.3033905895613,26.941925191999562,22.574548889855105,23.46835847392981,25.700090201615257,22.861333192745235,30.893639520191584,40.21419048374477,28.20873107814854,36.04490697627863,20.83401573608151,23.094963884436925,29.42635170927367,34.25599966026769,25.39443181682905,18.984525300764183,23.54640765249776,22.73596656513466,22.011624419102585,37.90409662413669,24.80048840333047,33.29971970543695,28.533722702831923,23.076400946050466,33.969366586972384,26.48330352831445,30.411330259538044,27.058298856380567,29.44421022860731,41.278249993407336,29.06906776641657,32.595000388241296,16.64862880910954,34.21801263039671,22.700777795426838,30.51695724991768,32.670613214088,24.50442125795997,38.3344934113375,31.760291093653326,37.84671374731607,28.05438157662915,31.781814145554506,27.415920311329653,23.883101893171894,28.069502919636086,21.97588588946288,23.444171931752475,27.62678103506757,31.10100099460472,24.092009576624527,35.32960699804502,17.536412608639953,23.570619231506374,38.087666809521835,19.62475374894624,26.30149322886386,24.591015133183006,30.36186565741578,26.002219367894106,28.695650607188384,28.442585283539223,41.34528183979467,23.31919683996492,20.09370882831296,26.5383317717802,47.51431999844825,24.517091886584804,24.10831075830699,25.044877185977874,25.297214015358794,24.610240487960535,28.135402056651017,32.38213689107145,27.32334113838832,31.057457795910153,19.3336097642087
15.607937620088991,29.139433778226138,55.56960671959008,49.607377063729295,53.05373412966345,41.64404526628144,36.55940755130108,28.599918532807525,53.70013955107093,43.768997552403974,41.31740050243658,33.0118290739535,33.92049832658352,40.45969007201903,37.3840143619858,44.460719363377564,50.42722601945278,35.01284553438582,36.65445883703266,105.4902720020477,47.64001045002656,41.516167896299045,50.49292477252876,39.637581305799685,55.97946552569231,48.6146174717686,44.54629158482492,48.98062531952351,60.51477364777989,52.72571328983448,50.04447025960464,15.572438960025359,62.712711065164356,43.280134380900144,47.16464757806216,46.70391041546831,44.130713841006006,54.40347069915753,38.21870285975722,44.648535095794436,36.26424125908551,40.29184012078354,38.02182604621848,39.42526599534699,55.08581966617138,30.492536531089723,44.21235472698924,47.9943953942561,30.665173775950702,47.441330357711514,57.90339061888515,40.19936089126159,41.02017991086943,16.0949665765373,40.842587875696886,39.77220156810904,45.60025926769261,53.37373949765321,46.50201537415859,36.65227096025593,48.256191196394774,75.06111891084173,40.45141164074182,45.120348521697736,57.516506556573454,44.65849596516629,45.65429841424914,46.96344872572124,28.251468092975482,34.307184745631545,47.99750311195211,24.692631487495696,26.69407034914853,53.505683559653974,48.14231173269478,23.573910388440144,45.39981601697203,49.97203179923779,36.157266675077324,25.081942003515795,59.91826312554444,54.3067334380974,22.555940942909505,25.933305909095996,41.142610918996965,31.30788720665985,34.825492681915996,33.9141027911307,38.54059199445961,79.92816509521096,40.1963848855415,32.61940981198513,55.10637740933577,50.380770154131234,53.73919555049258,13.574503153049148,56.30009231977561,32.15072018680138,50.110750985458,35.32276390134022
-84.22603641693495,-92.12177092304708,-52.1710237290362,-49.63928898994925,-96.30906059061527,-115.97244185344245,-80.57382140471817,-81.53160105865526,-92.80182734954407,-72.97603899667975,-41.84930808810863,-78.03569128144856,-141.03229231252377,-43.18601961944369,-43.22055766423197,-59.63424989106482,-48.214585300566085,-72.94900138412507,-91.46067749067737,-159.79417300266607,-84.86342778408108,-40.07677103759792,-117.92997478153296,-127.15437047489138,-82.29709913114156,-84.90027874772204,-51.67378653761746,-65.78859123025897,-60.21368114331999,-93.06857790268153,-143.18065833649453,-67.03997637455461,-141.2285293632481,-46.74141669758889,-42.51328990160293,-56.91371920918156,-83.24805477662645,-55.33824624139542,-39.16329227384879,-77.4347596624771,-63.44902707585988,-52.02191464659511,-104.68150504497926,-54.186064203412705,-97.36968189865898,-74.74240473050641,-46.23757253735561,-99.25851695806561,-59.02238561318038,-100.89117153667131,-50.01301016308503,-90.9682274109915,-134.6984510834214,-74.72668500853109,-126.60396007348967,-37.34471098891588,-97.60412935080238,-42.413345749827194,-89.5361800262358,-94.08452081712288,-63.322078447589114,-78.11725609908572,-108.83431616795518,-146.25952297172267,-97.37381973455798,-70.34044210541487,-75.41454548883203,-79.24109035219196,-112.89864583676685,-48.661103694354104,-64.51742010291312,-89.15281808600518,-71.31208531977886,-71.49027034783155,-118.82325837207708,-77.92351551499233,-68.58985907722666,-118.42333226395786,-46.00693143816174,-76.826315451341,-70.56355435106312,-105.9715977776874,-82.95972279629895,-81.12490562457377,-100.47521225385631,-84.34423104106128,-97.77579124523778,-50.46365564015375,-76.20546171421685,-101.8024971474487,-107.72184754742754,-74.18562064468144,-56.099394288733144,-56.461792401681436,-96.02699376314608,-98.56022542223924,-119.0623771948342,-72.21935227982512,-116.71407979363427,-58.73582056032236
184.50805215512975,112.77782497831589,136.78940010454397,129.1570113836167,204.64181921220893,156.04423219731842,104.80818536660951,140.10454948191563,172.8995620041815,60.592456718414695,89.1295123153995,115.79296727856361,169.37747697278616,117.41116090119621,93.78979234431472,77.69133747767604,99.81619012271784,189.32936684875136,130.6079202452414,310.35861286917657,151.1383012742398,155.0350776547467,163.64972239900465,129.01287564107702,142.43533078163793,77.785521645269,111.73181040422682,163.28324975096973,133.49321610644023,147.21619254962488,191.61586807776035,96.25175790111696,206.47783067822664,120.94437656704764,147.0387466286747,184.75902224791767,241.95831065291762,148.5317112302375,82.18955602397833,108.91529310734828,125.33787890300495,112.45672493240647,184.47323766738006,121.29673641167038,163.30773260329352,110.86949237298624,132.4770671611827,126.44374088017229,128.91780833417437,114.6138021006951,142.9048026332636,186.24971166029894,239.57415179280923,162.25935015129213,176.77254398244636,57.5036126372394,187.45521563020313,129.93426625053843,152.5501986245796,185.4050222938659,88.63641180409786,242.1882454361071,206.7346007563843,208.95965885211717,220.43851032135063,235.41131584002238,194.49070512136856,116.01468424569342,134.0832649081941,118.88978565404682,124.58517016383064,48.4368555421447,156.0638683029322,125.46433058862023,206.2619469598971,66.60738728541152,163.54516245976342,138.10669364050372,95.3343047415012,145.79698968869593,99.59508091425806,149.59297444582,146.60356356875295,130.73036362034267,121.16894203976439,283.55602920564974,89.44691297212587,125.834348322096,135.30489408575653,335.7668490796803,156.9294186006057,117.66162075691068,115.18253256091492,142.48770590399283,165.21185389656534,110.71320331585433,150.15873408856243,129.57349251953323,177.68707062707986,80.35448138941899
87.44798933376947,73.18670731800879,77.00464914011626,68.14002745435343,97.88732475569998,83.35715722505421,56.579302779689286,75.85612124067174,76.57520124656747,37.74993219277402,55.28592145828826,61.10868267950736,84.73855329236109,43.541713234971226,41.86926096002899,54.25647463136729,60.02863539991583,65.92554097997883,85.9715096199459,120.10398878838659,108.00946438450673,74.74796468085076,111.40131116272518,66.73557522645068,66.66061709134118,53.54103523848224,59.91352643436059,61.301570210744735,68.1851566886928,92.1090961096905,98.7246873508725,69.0207854460433,80.18216613198662,59.481825497486696,55.80744705431418,90.71116778381764,98.40102480748966,69.96676206408662,63.807072462043784,48.13443465744414,61.636034121176905,45.696470444743305,99.64303674779687,66.27682030863492,95.15585577707891,80.08770849801532,71.6940229506469,89.67140970752276,81.68832123784796,77.93358746273216,68.11858654844634,84.91298373317146,120.1527742525554,67.66646559815949,79.45753699474123,35.657166858136996,103.69068757946451,68.48574665981873,69.52104442570312,77.1729698472279,57.079487252353985,113.20249301044794,125.3667572603627,108.15462120684978,80.29436371802139,82.46600477502457,89.5642576093457,59.13348154636866,81.19377475237691,53.869185468331295,58.63261620151802,75.84408784251649,84.96345121623358,67.31630737817248,85.42022894783351,41.52384263960006,58.404007671191785,116.40957575565855,54.72965495624484,62.94949675675924,66.50309142034779,95.41170698441118,63.42295718024091,72.88171945439431,90.19800374670284,128.5271271193518,57.39133608204428,49.166692351911614,69.6615015026819,126.79438090950221,67.28551122846936,48.955294842711496,70.59842424525085,62.656214026676295,64.05333139208516,68.64620818447281,91.1904721564304,64.94259632716272,70.24417317436357,47.28657569132704
-82.18297690766644,-96.22508442792345,-39.36211152202638,-27.115131350610852,-123.48765593778877,-108.22662339854735,-66.73026660934998,-121.39909003305245,-71.4795043542086,-85.2958117535427,-52.23938212545863,-53.570088836705565,-124.00299511060261,-26.49108963271631,-24.1971559956881,-68.4451563279945,-42.02388828282213,-26.684649030966597,-108.58613983009309,-151.48598708359185,-109.01916967697215,-40.035558226101585,-113.49697581505949,-123.33377086587103,-83.39031625323678,-79.65648008941464,-34.860014972459275,-41.54419740555845,-11.313564859400154,-117.89522100369265,-136.7016810609298,-83.71513339470657,-158.73805565286656,-30.202349859016866,-43.45194493441242,-50.881185941245576,-118.74858544447888,-70.41465356177243,-48.616616847670926,-56.46252870266645,-61.65151678168006,-68.15953591635743,-73.22537004689447,-53.249564462554055,-69.27181589174226,-47.76679684340599,-31.98273530451967,-121.14304071336227,-54.10212725962983,-88.23672168400276,-64.01582158456945,-26.047678665827572,-147.6333803714656,-69.23518776549412,-100.91200471465758,-40.067881025773204,-89.48730292079706,-58.91661159979098,-64.06685763622274,-94.790111142246,-61.388540956278185,-47.466543818774845,-108.73659171751478,-136.55479437908474,-70.28166394880128,-55.76980079900154,-35.08811870032893,-43.62818927429151,-96.10341932557061,-69.87211961231479,-76.69392876331362,-128.16682431591227,-101.44253361622027,-69.82053967379302,-123.81206218942982,-64.00758724657055,-61.75712758622321,-133.42838879391388,-41.750762768679216,-29.92808316584097,-69.12155668128501,-108.01827920513149,-64.61922914570293,-97.5611680102709,-122.60607957159577,-58.29809331818594,-79.80666276849462,-45.07264306697191,-52.447599187966375,-103.2596738994535,-82.01207328230166,-89.79248421609543,-77.68292971421086,-57.68661588743722,-45.3628320933214,-90.90077032094027,-87.54011356795205,-81.7120341347029,-157.10706653078134,-65.9812063625022
-33.823566697469786,-43.97796984701544,-29.082931078416827,-19.71549032617457,-47.65783114161475,-41.32349499250207,-33.71661902611471,-36.66808509866012,-33.3765623439737,-25.917108075211466,-22.863073099027233,-34.87761529855231,-50.622114290601004,-17.464462586605713,-17.125781553087027,-24.991162264250217,-26.652982152323897,-22.04769132631303,-46.90110659821004,-60.372950623434626,-42.23493016683613,-25.59633721162861,-44.4317523989173,-36.02065956470555,-36.33748105956193,-30.003892963842755,-25.303059096549898,-25.537434033734893,-25.075717791593174,-39.004431176404175,-51.36872581883942,-35.95325179411166,-50.57888737056124,-23.231111201418724,-24.126233684564035,-37.13181568936443,-37.523614547705726,-29.10817661718386,-23.31852984764935,-29.65807376650397,-24.418259321684978,-28.149764906733715,-47.728344465599385,-25.560213516619804,-41.9758565931258,-37.68742250201691,-26.16478372184647,-45.7437138109845,-29.370680765333606,-34.86841694401061,-27.615986362146142,-35.79216934523096,-51.0309855953578,-32.93005434590367,-42.51021230093536,-20.40890817035142,-41.436416964112304,-25.990322362821566,-40.47269301950744,-38.93394545760526,-29.303451514590297,-46.30646352518014,-33.642645719356096,-52.713344315120665,-32.045712562169726,-35.52866009866366,-34.523118843571034,-25.36788320159877,-35.853134749071806,-23.156314585778176,-27.088574957983262,-41.04426702134402,-36.42466348577632,-31.88606654834221,-49.02158657666588,-20.794595320160862,-21.521665040967807,-52.636555585302574,-25.154250025314187,-27.039420405243483,-32.54313273138876,-29.62622421508473,-30.051022320923828,-31.369597310939294,-38.74446308982324,-47.2737541609663,-30.364905078449407,-21.35147448142056,-29.84193631424473,-46.76116933232371,-32.079696092045126,-30.64780399322584,-31.34755884623837,-31.654179478405617,-23.069689766690804,-37.234926305890156,-41.45174982634686,-31.769060722788232,-39.41995467979428,-23.556046661962373
-75.81169702764959,-94.10411707664593,-47.32100156656972,-41.94433699590364,-95.99432455421788,-80.58881876364323,-51.63663105201643,-72.50196427395224,-56.25979912977479,-41.51543416625601,-46.88957121970908,-69.42775508461791,-93.52444960329451,-37.230373413795576,-28.523050343029688,-52.26589390715925,-49.992865546106756,-49.88833098511175,-92.64036960947834,-177.2395664265027,-92.9921511852865,-55.70661594418473,-115.52729689405687,-78.0450340971752,-62.83677719161095,-54.10990523716157,-43.3867112475488,-44.300498458440295,-46.66213983294542,-92.26139864957314,-137.31620272640936,-69.920783229026,-102.5328229618603,-51.201005548798726,-52.1166991793798,-87.86780763238521,-93.58381161804968,-58.38078355059727,-45.35245557053719,-49.63105934069482,-38.86106328259299,-51.373388793848946,-113.075615362546,-58.32370747266284,-88.31462002490565,-65.20932663586383,-58.14568881751825,-112.47525087759709,-48.21730503403976,-83.93573592818832,-55.39573344526985,-74.9134483074669,-140.73221762669885,-73.19821411636572,-69.63041403865688,-31.512899819183083,-99.93481642256013,-48.109759613566105,-86.54397083735454,-86.55511277497963,-59.404404202604326,-115.62027218701013,-91.44178939322582,-112.10395778090563,-85.8985962858847,-91.36152185861984,-69.7744951659302,-37.44942504228613,-90.69793510015647,-46.2435557670525,-57.887524085932185,-85.06440996668265,-79.20012280210213,-63.42114866927961,-110.7634462098902,-41.707629520623186,-44.48706775807671,-104.56274152389312,-48.3939211524439,-56.396724745182695,-61.00982032273007,-72.839696304617,-69.8271746194223,-61.72012983939584,-82.41417203472399,-115.13893667582646,-64.2499802192821,-50.05260889340389,-57.542053000596944,-119.07300749670009,-54.58619845463233,-64.94316394902984,-69.66498852486653,-63.02879130891549,-44.60174934590113,-67.41253584191239,-70.49716654843205,-56.938260339877424,-69.05581466147741,-42.94511353123305
-191.75625392964065,-167.89284975145387,-88.70830205615628,-73.61936859128427,-210.61475803319695,-202.3291382947603,-191.14187120620707,-172.45655914723295,-148.6908107733194,-93.31525298245582,-72.39965039192657,-151.65232093261807,-219.34450767038956,-58.28665506171058,-69.27877957079659,-92.62757339749048,-67.2385925855454,-134.16087183266396,-172.08105033976645,-299.66871923297066,-178.81922694819426,-109.29144360004474,-246.9395912774618,-155.23893051631882,-107.10255130812025,-92.25131142451453,-65.1217652726698,-79.44634243634376,-59.54556200519331,-164.49163075859192,-220.7435072260405,-130.3535020181899,-250.69005202680873,-70.06380239790151,-127.93214559226257,-143.40916472421932,-240.7870165377672,-114.80437809826662,-67.60860675480255,-100.66637506602669,-76.11198701074261,-102.7358916364535,-211.17924672805125,-107.72859685403374,-179.84413580020174,-113.62995078147604,-76.93384054662093,-120.33061506077964,-124.6333404716933,-132.63434371712637,-80.0453508088074,-180.07460256719867,-344.73428271590706,-184.92829297619946,-188.9915888383574,-30.650045897542647,-184.38578404395295,-121.44081904289045,-138.93680172950727,-186.8601534265014,-98.31482679170394,-196.4217487127701,-218.567768750789,-239.31787160869294,-186.1229776261419,-251.84729618167594,-177.99672542639547,-93.07387380474769,-155.69295124666297,-77.03916471062351,-104.67438174142245,-122.85691319655086,-181.1199098949636,-150.94160100756184,-221.8554694566437,-76.24759075144974,-110.43700292273819,-221.19854373877155,-78.90793920106422,-145.28956268230073,-98.02472263651451,-167.92911628830595,-148.3146862103104,-134.84849031819556,-160.34839462360657,-241.1078726033698,-97.80922780230647,-86.93981329839869,-103.8794881690051,-272.03184169873964,-160.25653314652922,-135.72741607357148,-104.21969834715125,-110.33537436833798,-75.39283945745952,-109.23734189006825,-160.87689315828342,-105.89219659575451,-191.43625260572182,-78.68458829022305
-50.348061455852026,-59.987452081232256,-70.18380454177449,-0.22928098268734734,-229.35210415583325,-48.730548601390474,-3.491899467453109,-55.31935326063889,-51.70279790369497,-18.010087133360766,-29.077585900609954,-4.188801778888353,-54.56816594373754,26.974700823054533,-36.583537381555374,44.58704029986528,-52.897196361232645,-0.9934457824446351,-59.42013149612053,-167.84030063296672,-154.75558481455184,-66.63448423672222,-108.12927217912853,-39.76168008181869,-62.31860037407202,-25.278208297519928,-19.783155297675453,-2.3356451283583617,-55.78962539264863,-94.2490962576728,-70.28233721155608,25.65602129593376,-125.5482670460763,-34.974887725787106,4.544163245979778,-69.8307896409758,-189.06647744389696,-64.23529424340687,-55.84230393818189,-49.97682817287669,-32.747246787044325,-36.22979148138357,-80.11190504548318,32.52352505300836,-2.463665456506307,-57.985984220613815,-66.01029714220984,-109.44517844102322,-23.806513502812567,-1.8357029739348605,-23.107298693221438,-30.536434531462362,-95.3027466228957,-41.56365210719147,-88.4295142292931,-5.445063853940033,-88.53296261971497,-32.59549535267186,-17.068017582956156,-5.793582102494556,31.330275509308724,-41.15478638250727,-25.43242467339558,-144.30693235526607,-53.109803948876376,-16.094119832872327,-75.30124767486687,-24.755566068027083,-52.83388766823924,-19.736980677047182,-25.030800587098003,-83.20771714326635,-84.34261680033892,-75.8893739413578,-99.89973268394837,-8.583529077208004,3.7179885005500752,-114.79745239925346,-46.743462405851126,55.355091955163836,-91.16500359988652,97.5326105888017,-20.669135184229262,-5.555082539261352,-125.38017186095385,-113.5263554009955,-19.717264810942083,-10.686377857653456,35.12661631569991,-73.2056123685765,-40.21331369333637,-36.017898424982704,-87.27481258944788,-58.75424474023683,-20.978999340775285,-93.42350183667239,-98.01580715114221,-83.17298039973979,-107.79300171905744,-17.15015089701876
138.0456235973928,119.43871699250258,95.05159369329728,53.198423524574416,127.15552253642562,174.52968478720678,73.3868345482674,105.71346582756796,145.89438101100885,91.77137548470931,71.23762352915715,88.2796757755732,135.62325832459777,66.74287689759049,36.885946401082506,87.07812137674217,37.457755419181446,115.3342012159114,132.95078743856337,101.90676160533265,116.72360998210358,89.2750074024251,110.51733642101308,115.4208042171868,124.15510858571662,55.44431827015078,80.73905928350881,86.0786931840956,37.24262122729046,99.91699905703446,153.3596622011227,135.0311445468876,137.8012104792593,74.15331853602484,50.1404054258867,108.86179278792237,127.9687002130934,65.24459025112577,52.39284017797414,74.8434142961701,103.45023917119264,78.16012717249622,136.43824391641004,106.0972360313097,109.76340400810825,117.24435301330179,64.64653806603444,119.22170061876842,90.72257698254955,96.75109564419931,54.0559870772822,90.0248119974731,174.24882384791667,126.67106116446006,97.20532107402556,73.02313433904801,104.89335829169417,83.19809281292402,127.53849393890667,118.61031707722603,92.67095563429577,93.00725582929682,206.63925009721402,173.16420017910357,102.6157557461263,94.51217401722093,96.06771539619474,80.1698784533511,69.68298108317128,115.97016928756072,89.7969042868026,108.26832081970903,121.38953599459411,89.66093081784169,160.49392390988243,83.80018057284036,94.57188156021944,140.0907281490086,54.81348767716096,114.3895561914855,64.48480294667182,178.53281354416188,112.49187165818483,123.23925938714304,113.2089604075555,159.00576098902744,80.07012667545936,39.551200922157165,112.52925684409901,157.99887909486196,147.9724445470556,80.19424389777954,87.03862770330655,86.97981940152715,74.13565187686181,148.92254712741635,138.0503307939891,125.13492582544362,118.84252166912923,55.177661807833424
51.38453099562849,58.23981201742257,37.042495478692615,32.32606205963743,52.580964450062275,59.30671160536212,43.62009709970752,52.071537786783516,45.60188031643666,30.002863804376144,31.943437871106905,45.98054498889878,62.1923280802735,27.52489553152964,22.38961534621691,42.14279467467854,35.933220974799795,36.924167695713315,56.238327527624456,73.44872306525325,53.583968280462855,36.71791610256785,61.54515113207016,50.24774536099488,47.1267030369066,38.06687205544925,35.93460743065954,37.97459196730234,29.87873417177287,54.75524129011991,72.640711862416,53.67773313914817,63.275461648885006,32.96486243636496,34.51753989750667,51.4329005654639,57.005234366354124,37.00951515016374,30.304645148388254,33.26585562736436,35.68263395804372,36.955412013930086,67.24326308076984,39.14081012804366,62.73965657232829,51.17774993856082,36.34355111380624,63.417662382387064,41.48975193520841,51.6545730366369,35.59642755109673,49.778608547151435,74.84650040834795,47.3022655250475,46.50393188732682,28.815289417608298,58.27299272169718,37.437472161332536,59.41500529853112,55.6264039773568,43.91969491579109,63.847962916476234,66.58414892479693,64.51481917271968,49.056538705851445,53.20860595804397,47.75501648493789,30.47982656216877,53.74018747992413,39.72805358441116,40.14504649368013,51.11829664333543,54.9014705871921,42.10459948551893,67.91251675713352,29.23380914998743,31.298042347497805,65.31240663271821,31.53259329216282,45.08899629913252,39.31508988092545,57.184504627415535,43.15389865100961,50.936942544861395,50.22687176361211,70.96789037789631,43.547263075733,30.620732764479374,49.32147846733574,74.12381904030055,44.84818668040897,35.887242895166125,40.02280461717718,38.84732324304844,33.34930986940857,47.611676297778125,50.2617915251242,39.0551088868591,45.73302527307246,32.505440246757175
40.26534661047955,51.32784091982388,28.163425350808236,23.991484744366367,57.07564985748454,53.386015788131644,38.761741050255154,42.83102184604586,42.28797807784633,26.17952313144847,28.28630774268137,34.110767206594396,53.89135722601163,23.171418424799622,13.338269927041399,33.982477866529095,24.71893334638203,28.828465042795084,53.064475157026756,83.58590111293019,53.22456846433151,26.290262617364466,53.688980293008356,44.49823585739333,40.2166969857679,39.35013477922256,24.891905169300525,29.759649345462535,18.063711435557654,51.399788466479976,65.38443464431361,47.3512260205088,57.57955233738913,31.250415044534932,26.384515808193253,44.23365507108629,42.0561742725673,31.10488131317792,22.383493065379408,27.24100729504626,27.7633266133514,36.17775361125521,62.00426810471525,32.28296999300798,54.585264767400425,43.175000563189506,28.767591596669448,57.69270417416927,29.426867212627286,46.17757369090792,28.527092407245377,38.10378203303219,68.64169156588372,42.299664521096076,47.60717557024126,19.476842135086898,56.73540583889345,28.066075482182118,56.69911373823378,47.30139673376682,35.06074983199631,64.71696438852821,63.118685034932696,65.07481062396197,43.48360214922347,45.241830181288115,39.57497698841249,22.39297603762183,44.250483122671994,28.40397078060321,33.59018891928153,44.96798920605526,45.811103185869555,39.93784526305376,70.29965679025145,28.006694604388922,27.240090743206906,57.11620526951208,23.739070842293653,32.73433759979498,34.953757730256264,54.27424444690702,33.20015746892475,41.8837677719566,46.61050246935215,61.50867417194241,33.525613581821325,26.192452335882233,36.558672174200886,71.37524830539238,42.02456180675847,38.84112862399473,36.818999626166644,36.63514912597251,21.462072321122672,42.014917938959194,49.93871188338722,36.252243364828566,36.33781815485203,17.417802162325838
41.61819014063659,51.564759907657,26.37076103952697,17.056484548258855,48.81341786092119,54.649703464608315,40.936516512706135,46.3487124061757,42.871606757110975,28.61153668927028,25.028556033831194,37.53310874336894,65.1871533554265,18.81404559851237,12.728128826855384,31.30494614823037,22.758762462731745,30.576313925757265,51.830649861612315,85.29742293486163,47.39854218836978,26.647115493899697,55.96718144078171,38.23551639838158,39.78322826281251,35.05237527294845,21.783157276887334,30.083799132791594,15.28886920553254,47.664610257037545,70.23494142544183,43.103797583637416,56.87894025896665,25.950078667192518,24.496604591862756,43.32317103765735,48.25522897513045,32.70242638894281,20.15543760835476,29.478663750178377,25.15790561522027,34.9023056380523,63.976413890798405,30.909970809372027,50.92712773270785,39.607088141337904,21.980303247965107,55.01864748537104,29.32780877069347,37.4738409163161,23.806266672384996,39.95779496290317,74.88318018817989,42.47844081681404,40.99655674191679,20.178823459286445,52.010639099170405,30.704656795800087,53.68988909111756,44.07930147564465,36.335376396205405,61.95308634977791,64.48884627253058,64.51699672467838,45.11058284423012,51.97111851862883,42.63564464522427,23.39105929580316,40.73213969274779,31.346170103122706,28.162588530301452,43.49178223144578,45.030576908423065,40.15519161929884,62.98360672162915,25.326947586605517,22.0812347064799,57.24177968398463,21.438600327252225,34.55265708574342,28.58051143708356,49.9122695225768,43.35354643097124,38.701639470796266,50.10808612320999,61.53054530496702,31.573896095105376,23.61573663416058,35.390164248877106,73.35782722569503,46.10979755811115,36.4178791756386,29.288902077995637,35.05739455144267,18.1716070885299,41.01210208066706,48.43879996174249,35.6043809126888,44.21241720257182,21.191549680491946
95.43497260688946,95.16614105970082,53.34404904152515,47.70985280689899,97.43356588282889,99.88068852719604,82.63997383351466,86.68226371102708,76.2747711418876,49.401267338171834,45.49951522497176,64.63327207137786,106.66107257196825,35.685225364224415,33.99343987752513,62.45172489663295,50.242188804967306,67.36918199615378,89.41149933702582,126.25095597457876,90.47240024068337,61.5238337956621,103.36717405571372,88.95661418746292,80.9443030342882,66.68973892284315,47.35713053012715,54.40877057687959,38.122181122616446,89.98882203809723,112.21875620835839,74.71239769899093,111.59982205124365,52.96422605519212,50.97394380048868,86.74634544009797,93.2466633487149,66.07261338214698,47.53623221434683,52.1909720230745,52.74053291765013,54.22967111572673,102.56125504216502,53.80706828849796,103.58642475297795,81.08655429335394,60.671009254605956,93.03941785991844,63.873403934075185,77.01121365910413,48.962372547684545,86.95686305661984,139.15347656414622,81.70176092585987,79.8403214161028,35.48713255946436,102.11456629519219,61.98849488678855,90.51953860544684,94.82735967084267,66.97455213779513,103.95671241296665,105.08717856650291,113.26274130182935,95.42773334492928,92.33684199148199,100.81959466813807,45.30540313137373,88.09048107056377,60.03162898213158,52.178907637842826,83.22735370715331,101.32249741571306,71.76692661259685,113.9604054403912,52.34358247301622,45.77785588973787,110.939224556526,40.74315947283601,70.70185512914671,62.724998695749136,99.89812309125809,83.86697035862674,80.77848334560673,80.87093875775925,110.88213951410705,66.39242103729087,45.75447237422326,74.43024812094771,99.1076368900231,76.7146440282116,65.4187280368714,67.76467505966954,68.55193071007278,50.457700241827936,79.8682784463131,90.9746169372534,64.48739269819544,77.28843626522031,46.96599585561385
37.63753072102318,43.18441271219258,25.94600129136049,28.395950320746344,60.113023964422005,56.70397411537334,25.283490213573042,29.24220510484901,44.16161433965932,20.970841506999847,26.032331663368673,19.543418968710117,69.48436664757288,24.762040009932896,9.80679596254901,22.0846683830525,21.07738042756366,12.015544417067497,53.08392421824918,147.73671125570243,50.84912815530404,16.88713102610817,85.67245111900203,25.65396028565784,45.35957336797147,43.74111217474145,15.263782860562737,21.21532365610271,25.754532198493724,60.58020416754189,99.54936306109317,18.851702642382776,55.47068191569388,38.94313119432511,27.097511889309995,36.84636406129605,52.833217558522016,49.85531509217563,17.397301990538974,32.634228631384694,13.249059916750879,35.58134207688036,63.863003807334835,16.51729570624494,40.10820404826321,28.26136967647175,27.277706764246087,47.683833144070846,4.243657729696001,46.49004173472072,39.39325939179453,25.972817259996944,115.50129012707218,35.71621351684758,56.19371167180253,5.5282847843820635,64.97918546214406,24.092424133252745,43.452963536291655,18.078608478474067,15.700909817502751,67.58211907315666,82.01767482631729,67.1146458897545,70.8685925789513,73.40359602586065,44.371776835122915,23.36755266504334,33.81338100565293,15.582136799980102,30.643318198837875,30.889909737337558,36.530538308175935,34.14249559672767,67.56855092383628,28.133561315318076,20.300882669903608,75.15261562707883,15.73016290591407,13.256011471235587,34.210780316944614,35.71412299655101,16.687576384378488,28.23207644729644,51.57926845883965,62.23399591384562,15.928368791023717,28.808765258877735,5.440616145438005,89.62296666384042,35.91670869957041,44.907585369873324,43.11418941606294,45.072169003947,11.849985439803435,37.21471996490934,48.226381184046076,39.00793223630058,38.34998389789139,1.8212819225347419
-16.7867797430833,-22.98618514738403,-59.91599395665078,-53.42409159833132,87.46731445906286,25.963921047549828,18.17331011294293,-3.836368754692724,-0.4600510014923408,-4.418504763213024,-13.603503446488617,-35.15242584553122,46.144768547451754,-52.437232117103434,-33.307656618535844,-40.874762812945704,-48.22667456009836,-69.01262735050867,19.92385715992304,94.57980618682882,2.9757769182292133,-46.170015645873484,44.27703330409241,17.270424540369685,-41.00620690123156,-11.110651186036435,-77.65425079337145,-82.88793537738576,-80.56212517998391,38.35115077119296,33.01502511942925,-22.66199021194232,60.16741443747224,-36.1693578054198,-86.03944828694304,-40.070073979348244,-73.24229960087169,-15.184009534166536,-28.40405430142494,-16.359220077479502,-28.834905696917193,-13.779684113700965,-16.01197918388021,-45.860710870533445,-43.79068026451855,-45.69703923778373,-48.1096645909251,13.636503929762851,-28.160977615594977,16.573333152986528,-32.457230302542136,-86.59315553013535,61.79055702519646,-27.723857092104705,27.98646138201454,-28.521518394263435,-2.5567327673557294,-33.46665441432361,-14.703587111299889,9.044465261676622,-44.567295527480645,-48.86739172111149,-8.312773014916578,31.46307315768185,-12.706474353081953,-9.793485716568469,-20.84575471668655,-50.570039233937514,21.8268899525349,-34.940567553072775,-60.91422086882617,65.5840062837329,-9.05633826479734,-36.064096368009785,14.21647696532539,39.56016736045873,-21.291157788666695,12.363063074327764,-42.56919462105546,-81.89597782108842,-16.8935949221078,1.676079737575437,-28.09448909419424,19.78604230878061,38.5232644187958,-17.559885522283004,-4.727638098702406,-29.799795342066602,-39.373194061445,-68.46636510775335,-2.4190136260420014,6.683883381637939,3.1913884953769998,6.577671281559573,-105.89973418284278,0.15296945167810333,-1.7920715179963767,-10.011464986262085,21.712286759307958,-29.970542424576816
70.01725017906782,136.34755100143832,58.60748171430447,36.46865902793388,139.41754893947132,150.34443082728617,29.0462261274849,70.15660627998294,113.24819674292846,0.5499434448069448,-4.737503143847573,44.32655483157676,154.5683635389016,-25.783825245318965,11.97220168421009,-5.782900636555321,29.812412275655007,28.60597732505677,68.46582936644116,253.10565427787478,67.42028645432512,37.411758700991776,203.24769944821696,28.86295369312147,79.41134648587085,23.36886527621126,23.054958476961446,38.839091730922526,11.765359223260967,71.84036107001495,212.68053420864993,17.17255777729812,181.127907743635,9.423383747822935,11.827488631544067,46.66902067208707,218.02460169820463,36.14958251458537,5.535058424503704,75.46794000053018,14.687509677496838,13.064323106717032,125.04556079474591,6.867754714030499,69.2165892004939,44.012974203989955,32.19510895244596,83.31653237055738,9.88677858542869,84.94070136337133,11.500182618333742,94.2555388078416,173.12864572940708,86.05825014291175,102.29577146202199,9.034028042491403,101.59847600783355,35.40041721965242,23.04490219889657,40.88141154057307,39.31216678861963,157.0332095934544,170.78641636055605,155.4718316288875,158.19692598729418,114.7692496807937,115.80184220991151,32.38521583043937,60.38718776520835,-23.672759440919837,33.7898279568715,33.15632782888717,98.21316662323034,72.76834367428974,159.8311800793971,36.92425369931474,-5.044836378336454,171.1009723111896,32.09977100925488,61.68132190679052,47.38488677899889,35.59402952238282,39.27309666036315,-12.245138766463118,88.38815586117403,138.2365094539018,16.614676645587018,16.61289661020665,52.50498152586431,165.86384339976834,61.868862429234746,26.515175658842352,71.73716127573023,73.45555349648639,0.9472554100904884,78.14869996718379,98.20233614529934,70.0891473426474,91.32223086814527,34.176102692936944
-31.761355606591497,-58.138102545983706,-35.419276695398715,-16.515912650075624,-67.35326960824887,-57.95153650438503,-21.949045708639773,-48.240311797645255,-46.41071962666036,-28.101502596223018,-23.892990062208817,-34.798430539126656,-48.87820375503285,-20.081252036663106,-2.7374862391694967,-28.294176031532672,-25.667794649698216,-15.380040750052785,-61.03076218039333,-88.13322174197766,-62.669005891519554,-18.95002718830433,-61.906809156063254,-39.74308680665777,-47.616535860920884,-38.352176561087624,-24.488608594494263,-45.65989562167035,-14.593514739629532,-43.9982399677341,-64.24152960003714,-56.14357332847944,-47.35590064424905,-30.51587232889109,-18.360444781041718,-36.42097196572866,-41.02673578099226,-26.36365208048701,-16.147669048468774,-35.230577059723984,-26.61205698314017,-29.296095502886594,-91.01142013472453,-34.45328767788649,-59.50770385011606,-45.5655749573089,-19.717439457560157,-76.5214023499833,-39.91714202995099,-42.165433483712924,-22.508969440603305,-42.32547240434787,-69.81784404860991,-26.599011026708705,-52.78459366231959,-20.73456930508269,-44.98962371899029,-24.729984744273835,-51.925057149555,-47.99668369761931,-36.09995176884031,-92.44363394477574,-61.2952326611491,-69.12781067679059,-23.990741383558984,-34.761599685004995,-21.38158861558427,-22.70556601612553,-36.261012277867266,-20.32657650777042,-41.14778002606099,-43.58638998682868,-35.71827834990792,-27.31550186585613,-82.80735830812026,-29.23672047249228,-22.623412012663554,-55.285219150365776,-28.45418077764596,-28.633417883821558,-23.30073029261642,-39.80317494203289,-29.340379813881412,-14.667441264790217,-53.25163280898703,-61.80363678588233,-26.842391697323713,-28.47795664197716,-34.16848215361125,-94.59034882471859,-48.19973546074074,-27.571241974419557,-36.69699308804955,-29.909737605409795,-25.85354154426832,-57.30397267502121,-65.50880097714452,-37.53228438458599,-34.736181233955826,-18.65645422720901
-70.90298632963382,-80.6571108534434,-43.26561279856068,-35.253549907832735,-25.818517885859332,-77.1139535095174,-67.82582316582804,-58.44723996393933,-48.12752073680408,-40.59989498581543,-35.30512650304363,-55.10790777489407,-63.802036809851266,-31.054631698046638,-27.37407323876986,-54.70179080955403,-39.38700652400516,-50.08652317963255,-44.21970895842845,-46.9491890849889,-55.725139640213584,-44.628212104639516,-51.590447846351125,-53.38636924273074,-66.70656888771938,-50.06163857913602,-52.83636753720473,-50.860786528413236,-26.91528522263693,-50.40298994570132,-60.68219522366119,-65.9055626680143,-64.53732091141455,-41.23977122962335,-41.29471619082562,-62.93717861944729,-72.59403586444361,-43.46210188547962,-32.548472369595984,-40.28324912649554,-43.30748232663979,-47.06444694167828,-67.34442900445531,-42.84033084454132,-90.90125653024182,-64.90168223301539,-43.12091084849372,-58.272827976205896,-39.96112273686743,-40.182693437435496,-35.12470445881547,-65.24853266552351,-62.46216120077333,-64.57194913633904,-36.820639000892136,-44.60226397597343,-58.383936095236784,-53.170771248295495,-77.87609688366284,-64.83112169287314,-67.17910536154363,-76.0149453241137,-86.0960276298239,-70.57979790742283,-69.97730399815461,-56.84605465602795,-60.11127829809922,-42.420909270673995,-58.62506383804049,-54.91844210897118,-47.06274074167795,-55.1195191667587,-79.57798647966035,-60.11336742131304,-68.98938178802437,-33.86623280080787,-32.86108544043348,-71.33000018950182,-33.231022700569376,-66.10832115748843,-41.77086349675454,-87.29979037655463,-59.42013207236392,-66.04079623710385,-42.30902206029783,-63.94451134752062,-42.980961571861286,-37.65677654147101,-75.2486765816698,-83.79274979651271,-70.92163485209237,-47.9512426978657,-32.39464700649296,-45.83721743654496,-39.6525682861681,-46.266041536961815,-57.073891317583374,-57.342947513150854,-44.29235675832471,-41.589282806515165
-33.87325789056239,-31.80651668991521,-11.557093850809968,-26.107357190754257,-27.24997313615459,-42.559520654513456,-29.58030922872948,-43.804042038698356,-34.38396156008345,-44.710394760486274,-35.77421394159757,-28.19680838102789,-42.533127820902244,-61.001878131867464,-7.1187486647663745,-55.08607551313481,-15.003075772945692,-20.38613463730056,-30.02778505956691,-48.82295908392013,-53.02699621289875,-17.68246911238903,-29.167975985081465,-81.74614698652917,-38.181275714037206,-36.18373117095811,-10.38804536636983,-36.87255701483394,-5.50582363438543,-49.283170148433484,-41.606629513391766,-57.911014331297096,-23.45912357624043,-39.19528271820844,-28.960624550496522,-20.93541374213629,-11.215807388860691,-38.082657463936876,-10.348799979828044,-29.431827519163114,-22.327410385962626,-56.387235670528035,-32.49815941997343,-43.82882948939452,-20.844620171762497,-19.150408709976634,-9.783119180133353,-57.97242228926824,-27.75362311237414,-62.29530340150532,-30.94671080183322,-16.545150767738935,-43.85255924194665,-44.80330667761047,-35.055269291805736,-23.92023308288858,-20.996679035893404,-28.956124025131178,-72.81269204681375,-31.590135731041805,-36.11083394239148,5.376211897724123,-59.87218428631296,-36.29345550723438,-32.1317667022076,-27.867413107566826,-5.115239600739629,-24.47902438843551,-32.610961586197526,-58.52983849907182,-59.00219211415572,-34.91454981998826,-31.877621978746262,-8.604055956239,-45.611879278909875,-53.289052007875476,-39.75684363707153,-16.105840744589496,-12.555389425553862,-23.94662541893928,-10.540403441221157,-80.72067246445734,-49.2082328583587,-47.001361262898335,-52.581344562148985,-30.63456770651729,-39.16208770034282,-40.11623803662808,-21.253679432840997,-49.04536605938892,-33.30360458879242,-49.60998269277719,-41.50714669021512,-25.522639939700984,-28.881121688662414,-57.96933034794294,-48.76262084568386,-38.53665025726868,-28.60961988950535,-21.825985737213593
-88.48481291579346,-88.94612858813089,-35.27805560492683,-44.46786415195423,-84.65102398556681,-93.94655263256993,-56.82085837904899,-63.29321575879717,-79.32335878861632,-34.15582893478146,-31.547720538456673,-44.801246032590306,-108.51247839692559,-15.635176061527922,-0.36505527413997596,-42.228785134358375,-1.4257076999599316,-0.45942129701460693,-79.3444667851174,-169.69721167055954,-93.71945441935236,-7.918131810830833,-93.85153583027561,-61.582318177520456,-56.28918551176294,-46.23289508923666,-18.882561897640837,-33.61810298169793,-12.608826725194122,-66.21415660300896,-122.66331082073052,-69.08751618355109,-106.40316078228075,-39.30600707612597,-12.708916259680342,-45.137771161629594,-73.1023210500017,-41.62312112251112,-22.381976958981753,-39.58825661235821,-21.116159733144443,-51.38031110686495,-101.02947868532338,-37.97783650675441,-62.12837287332335,-25.921873705325684,-24.99814269798863,-41.85163871855476,-14.969791412900108,-59.126336738721044,-40.99300992186067,-55.25079302632962,-138.74247753393652,-82.86165113232282,-83.99947137865934,-31.130828270640063,-56.62624529422395,-39.48985443268742,-61.0328206965698,-57.24776810266949,-49.04152128793064,-88.8177359008825,-118.35565842484068,-147.95373368727005,-119.80146442942713,-64.05371089258388,-44.10577482217722,-39.84426695312286,-61.41849211283243,-47.667222236565756,-28.46735134467438,-49.84042613460879,-58.11585527069834,-51.85433778718245,-102.88866869961889,-60.41077515453299,-34.50183254731634,-113.14764827860976,-13.423860106277054,-42.50990446052095,-23.986982018399964,-87.9677766166848,-41.928791360251566,-80.1173663955071,-97.36361102800906,-121.33346294929703,-39.0191539985499,-37.748874078750674,-54.57663153002152,-94.43598701894044,-88.03670614581843,-57.323967717627944,-50.56625008180223,-61.45079441601349,-3.7377183965043166,-74.26873932568097,-67.53320266529364,-80.597287111319,-53.72309612507453,-25.31402859623831
-63.28869260716823,-67.66255339253983,-29.637949180058104,-19.55668758138493,-36.60990828979069,-64.64992428073708,-34.130840334733705,-63.90534364873229,-39.535048875383254,-39.093778324355895,-33.22148747472266,-51.97198743548467,-69.92383334521337,-30.59576296550739,-14.353184443990532,-45.50300364430431,-29.265222781080215,-27.33334249019458,-42.59513283146523,-46.85811699703619,-49.067273540518265,-28.781412827426305,-55.2207681901342,-69.05637016994426,-50.06254375262089,-39.91546298680893,-28.31046670647208,-30.45672053401289,-12.976707079684365,-52.95665093728227,-55.54935377596976,-54.45447525090026,-51.28237719890666,-33.65543846120991,-26.42283677870512,-42.74758611403488,-67.69173113496151,-41.40798586101657,-21.057761748709495,-40.767252556765385,-30.243211168233373,-48.99191123032128,-60.16840541468957,-37.646865634261076,-50.478078598440156,-55.60855707381829,-25.269424046653665,-71.94547176951457,-39.53487623938931,-62.69460988101736,-27.608993647974003,-48.654995931723946,-57.06481504583783,-47.15993099565334,-41.834533642321155,-34.2094665047874,-57.45968354200963,-31.559181181139007,-70.85496339698695,-47.851114099754646,-57.472214698172856,-27.692616424629406,-73.15228970983307,-76.2986449043438,-51.836545929066205,-42.230654345598985,-31.06627328853437,-22.946583466079804,-46.27414930486901,-44.94671204289945,-50.900077600652345,-53.03827509074519,-63.86516266308685,-20.269985494881244,-59.95831413644862,-37.651579029538134,-28.71176898054765,-59.93474015306928,-25.592941446551986,-46.166976335357916,-36.349503707172246,-67.68793671296281,-55.16530183535979,-41.57448418412656,-35.195275946265646,-41.88946119165901,-43.6221570519889,-35.80222975989871,-57.802850693093156,-80.06790486003793,-36.41209410219955,-46.36752275080103,-40.417409008525695,-36.66766947141862,-26.36259537477769,-57.75074329981784,-55.17575477749788,-46.45807559433386,-42.48580144650099,-28.700583453034596
-128.25243137698197,-124.97071895926474,-51.72592523852358,-59.1523586566374,-104.03284926597904,-124.00126141083548,-110.66433381563259,-118.25131182383639,-100.04161244966468,-67.02165843743944,-71.54935185400728,-90.15730966870619,-125.93694570736005,-76.03443331331337,-50.75529759891713,-99.3231790335209,-55.38811193310175,-94.87289414211645,-99.48177384618789,-114.75457385291048,-129.6814812136963,-96.78861537704493,-114.60669289205036,-112.57708965237158,-95.18442869193278,-86.44360495142712,-70.50236261472284,-80.49773285200807,-54.180682538644874,-104.13231786660799,-140.38410311484364,-103.010645222504,-133.473952636434,-69.6149932583795,-76.24189498026747,-131.2430174638527,-138.29645769473444,-77.29998689985858,-62.43493370643799,-67.43480657397107,-85.43985761934903,-110.70804156467298,-120.44002278009502,-75.88417764907474,-108.61601055806413,-93.14664385106852,-63.69128094911041,-116.55454424032791,-61.86061756351704,-97.84868588977955,-61.75350825997817,-93.31445477271969,-114.16772133878163,-151.3695391868084,-92.38306734368278,-62.65845792206525,-134.0719500958177,-87.2895410576843,-143.8283797627484,-120.0193691475272,-93.13523793819529,-84.31811888759596,-113.34652361862499,-131.2003678011316,-91.45979149620244,-117.18274624043856,-123.46605074420059,-57.635658699168246,-83.99636938281935,-118.40865388985725,-83.83514934402272,-93.54487795694969,-144.75787552284214,-100.40373789471386,-136.52741280820547,-68.31216177461556,-58.97859298313175,-104.64500980369709,-60.668748714544236,-104.97712207372237,-78.58144870807409,-119.58441766481093,-131.76578519794177,-113.87966186843664,-90.83991265171515,-149.0596479811055,-93.09114022640163,-48.34488018772141,-96.34589158310045,-120.29061390755997,-107.06425609828317,-98.91878527241481,-72.87699900933094,-95.12091738354184,-58.83767006679126,-113.96919697261725,-113.10266236202541,-110.681237538559,-120.13930612984704,-53.34384446622342
-45.60681638191904,-112.01093584911013,-59.34446585476846,-98.13482265465542,-186.75447685047726,-132.96744380431107,-83.36758954597641,-100.60654046688195,-96.75752648450741,-54.39918216666047,-56.35730517272983,-67.91377664162496,-145.2256039734183,-96.46964910304433,-46.718823097013235,-68.38628384326387,-68.05625108665527,-83.04880219122174,-132.9994037876195,-174.82248610078153,-137.19838403663252,-87.47186754519988,-174.61776319080286,-53.355995520458904,-70.77697209393546,-107.73443520538788,-40.82480437835857,-96.57181675086629,-79.73108725701918,-107.36776010179001,-202.9618392569523,-66.00544802315548,-124.00941749019792,-94.27255941172241,-89.85906535964487,-145.86037492309305,-153.22616767385398,-76.09141644846173,-66.50480880230025,-66.43369512302465,-90.12529007881545,-82.9284172291246,-119.49316192259208,-94.23526995630571,-118.12658574769216,-63.04081171877585,-65.7098560947264,-119.73508519973267,-64.14451000567603,-134.36049558572432,-119.92846824769548,-79.9128309451981,-189.03612900061782,-132.47076287927865,-126.7653478726735,-37.62131589630529,-149.41928204325757,-101.4077016135286,-127.72982713588046,-139.7791880174366,-64.72618541381726,-144.32212223995344,-122.64588470089998,-173.87594970448745,-95.22333088138461,-142.55463826514523,-140.99158950453347,-47.75749401960683,-91.05121169479733,-108.59297904447007,-83.61064953969812,-46.9318814163731,-111.38442082303621,-92.13621686537083,-167.37557273784768,-82.80436294293816,-51.34318816720669,-122.74269135230922,-60.62770178626752,-43.040632723334674,-81.86481537445395,-66.48592209136652,-80.14706298396642,-115.40656632642477,-101.70863241798962,-163.55472290416398,-73.58079927925989,-72.20567134539031,-78.81674261763864,-62.144063868642526,-68.16694283178974,-71.88368627052937,-122.90389062585206,-139.68944307526513,-93.70364406646928,-101.0015877241663,-110.91599514193345,-87.47911658028926,-131.82984170419496,-59.523169918628966
-181.99959577409143,-197.610091248734,-112.42525750248497,-28.95639670269235,-160.48595386983138,-101.66383008016751,-96.95501222632465,-206.02554730462163,-102.72034157135558,-89.9682702237701,-117.75254003239313,-139.03663312836605,-147.76404285714077,-42.814107507319896,-13.641130107111358,-155.18115060058224,-76.00429913285949,-76.28767340220746,-203.42075299665095,-214.70459723065,-265.8639425435418,-99.6184724966247,-192.72160971658434,-176.04136785497073,-176.37024707846658,-118.91293030282003,-50.39579714219206,-64.2383167225657,-25.176496593889606,-195.9367537390445,-206.65464480282503,-180.25004485872228,-144.93898701287873,-100.6720118791324,-55.663860173028276,-135.3569651919932,-118.12463457844227,-100.26075260374685,-77.02373249020624,-136.44655807413915,-50.19877297639884,-137.37396085868806,-262.5449022532663,-112.73143418817719,-149.75195306830642,-159.24190399281073,-66.7112338271883,-225.30707421510112,-130.37914309533426,-124.7222868094076,-97.48016967378506,-124.54608930632016,-262.2537518740047,-170.11043094323654,-118.80490728088479,-46.886786636248154,-168.41210433848892,-83.63654892495752,-187.66712821226997,-156.1846296893933,-78.78798050834739,-234.47578481369547,-168.81085949391476,-175.58317319103145,-65.98623668922858,-237.6791907606907,-79.7059234161192,-24.10263368479319,-118.78647970552852,-111.01112118882537,-179.7269001536957,-156.08561561155986,-176.9446487539062,-92.11276493679509,-274.00280235909446,-86.96432063420987,-64.37926954197415,-189.37511506903195,-93.01066966080911,-81.22415279608273,-83.240080174715,-99.35617608086329,-84.87638325465761,-62.951217598583995,-154.01237573519515,-204.7177511996483,-100.50184553009358,-79.8038633739517,-83.64733014443397,-316.3490272050153,-108.24832218347194,-125.47005488554021,-179.63399929852608,-110.1747109884389,-15.613411118681029,-191.55499607210072,-220.7529019169542,-119.78572053918288,-163.16142872165486,-13.422489466177257
5.369422475422604,-96.78862893242174,-41.44755201520072,-30.425111603056052,-283.792624407607,-184.93750316910993,-126.34900669859933,-100.85707637342676,-139.77950300240957,-36.855820449521936,-62.34604141483291,-13.88500421164625,-81.71414703379094,-43.104089495882015,-33.46887736075796,-58.83880630041036,-88.19366553181578,-72.44166030469206,-263.5232100535687,-142.76139028068135,-124.44912763829863,-111.70019989829353,-140.18242333839441,-102.73903470532036,-127.51492849756359,-109.60367657053885,-74.41087442820393,-125.2973405072468,-74.60091129476244,-70.2133388446615,-108.25776822725429,-112.37055201311587,-92.7074410600854,-124.35326628233129,-64.0254713661709,-160.09998231877293,-58.132810476074575,-66.95761100223118,-97.59434960620138,-74.04625624610843,-156.60971153427332,-99.64417126303115,-144.75998879802592,-74.58507480739539,-123.94463330089685,-185.49603476266327,-113.53791028122947,-187.8000889613236,-105.09922371487015,-116.78721185943961,-70.3457614965223,-54.24768911577779,-119.01961655549623,-31.38229174638567,-132.7416383854704,-57.80582596421338,-177.91118903644895,-89.64643521192976,-81.00661110096449,-209.37246586826893,-58.19742696321999,-126.41252546706447,15.275849523010555,-186.2808085270209,42.58638227133795,2.224470599321327,-156.667259551995,-78.04174672738978,-32.67374313608395,-132.1339281914028,-67.06761305150137,-181.59756056512492,-93.43620361624552,-61.88715759429303,-245.4812014746523,-25.329483093552458,-23.089391636977226,-204.3807918773652,-87.42096158626038,-55.33522525307624,-118.98612138534583,6.039834584300568,-60.64257530879914,-107.87585536326267,-125.32301133422384,-125.73366568500151,-81.72822547061942,-5.498645530600002,-39.83363096323365,-103.54452631249829,-158.87361067381434,-77.07944766274464,-133.98748066856592,-122.41787899065758,-55.934042134769314,-218.57662248603344,-161.53144264654668,-92.82548589595066,-184.65640393505092,-65.80641455483682
106.9387288607305,108.9183077661347,-54.59892557532478,12.521424868434318,-5.496935509224834,200.71305823184719,343.78062254364124,118.28145079501381,45.73272914597339,76.50939149873525,73.44002597783893,227.58262654729322,114.05236906095007,129.16463110786293,112.25565381506317,150.69727491505205,43.23148558200433,235.4067769152009,154.26741088802677,23.573201226222164,7.756116938638941,120.72671999262613,156.16926017799156,152.04370838847726,69.9109902442751,41.383924935519104,125.82297340659079,26.41842281269545,52.40283907108415,70.42091625827062,147.07873497564793,96.49647966847878,76.55931993865066,25.180547737102724,112.79536166554561,157.1772419629593,81.72685539185854,59.36373501442325,43.33633746065477,69.7423637815034,104.89212678335232,116.84461791331893,44.48783517965518,236.62927612260137,98.1450299359478,118.12175345146474,31.761714467332105,93.12422072632843,147.5233174375958,231.10265107159233,3.1457712415544745,132.9727737083728,35.517090032151366,177.48145992040776,47.21632541300975,74.71559877561924,134.0220728099078,132.998451396532,140.69502407582445,236.69868409980756,176.33922890734914,-19.526001520039525,137.04145096485362,158.70322862454947,73.65291695638602,183.44139183969367,159.14447807576428,59.00757830034725,231.58840618199145,173.3673370637087,28.35483678045909,173.40496930624903,221.9324125204109,25.739420016939047,32.14385484536968,114.48755942364691,135.0785627971271,87.58222622269051,55.602287296660755,180.74905364779795,79.02459287171278,318.99913575126646,210.04884491603985,233.51401797571577,-23.91715424781296,104.39151207425641,182.73846246534643,48.97447991620537,219.16424634171645,-88.16395077961978,104.72841036787268,239.98131340408628,-18.963727958315747,119.99201634921516,109.14704278542541,120.11287121744667,44.48795041398741,-14.972169488778027,154.51045450432372,136.86391510757835
-159.71345588225984,-106.12993696233463,10.853747407508703,-53.29367808125571,-131.6610259692075,-254.6946409288524,-237.56614741432594,-97.26711737508491,-175.63047108396322,-104.70780102023163,48.64220984399953,-13.097264875427522,-215.7400182319511,-70.16818871862553,-11.242838418180208,-54.29338985269223,-26.243429707347257,-131.11151368327197,-248.46544371119163,-462.4219740723779,-159.24961723550427,-39.91771013913949,-386.9753918174415,-200.30024379650771,-110.64677654110093,-17.22125343793912,-95.26640015395287,-82.95082168561248,-4.623892078344952,-164.8734385099623,-380.05174853606826,-61.95954238439348,-255.76464966151275,-101.16089457410447,-37.70390035368214,57.30209878810524,-217.87867802753408,-100.46975476566146,57.73622504393628,-74.35717728952773,22.785753715956947,-55.50499772035171,-86.31771371832293,-83.23891527817364,-15.239520907831809,-126.35970448628292,-4.109477330734688,-24.689737304168933,-89.48578250312603,-80.0741927937817,-52.49050277734845,-134.9453099264694,-488.244933733776,-151.19628695738515,-175.96976996362466,41.91020325852493,-140.8965535914225,-79.2045052360941,-86.39402495280017,-51.21351862714914,-44.85617980047724,-155.99252507134545,-464.41993654441814,-481.1283619788627,-312.00227001753416,-267.8901474539761,-98.41843707203859,-126.99743479645234,-129.52324600789083,-78.88167747000983,-17.47823576181752,-86.60811096265483,-137.3486504030992,-52.27737615656431,-118.66253016254126,-133.83415349548636,-183.3765838566031,-410.89230526633247,65.32294727365574,-25.729304260195544,-21.95837409932504,-285.169638182447,-15.593641327575666,-193.4211138054765,-141.02176638079604,-288.10094890290844,-22.85129030899719,-156.29301279396302,-30.65658888476623,-206.533929034681,-205.26022859067692,-184.37455717531793,-112.15522807362423,-28.12042276748401,18.740872670751788,-167.19596586799113,-208.29360351492076,-153.38300137348617,-167.4798495489361,-86.05480535902373
257.94749279764926,287.27346286484567,259.22895108504565,172.4084183612526,63.958559285309406,388.40940170940655,320.6741254425304,104.66764382546171,229.57748517954334,130.21150267183435,11.315017489261939,165.85156431480132,421.87343616526283,144.8615853048746,45.07096057566156,180.3565860387866,143.84788350966198,235.63639289082465,117.12451356780635,394.68619258938946,115.67502804321154,68.94251671688352,427.08344106284704,41.385369141698696,100.12136839579155,214.13584341134333,133.3052426921008,110.67469950842258,71.22558580917098,247.01959941825478,489.5721468270564,65.26275129119797,303.49705654344837,47.00607388240114,140.56791078693607,140.33518900872676,285.8002045248489,189.34866007617399,24.999892866564334,111.63354655780296,109.56282653664609,48.52344818657288,370.0092944925853,23.295502979875234,402.6498084398216,66.72650831355776,92.79265302917706,93.65619116740703,125.65574285224557,103.30825727771384,115.39596059003559,269.4766481448584,573.3010723085199,299.35107962546596,268.8874811920873,57.06672134553218,188.54878085111773,105.19569213543019,218.98969110025178,242.54332105554377,258.89607821214287,414.0250051218473,579.2760695861068,306.8544461305956,383.2971458974068,301.94851731772263,266.9722495182957,248.35102580123043,228.75175034069835,16.870720732153814,86.5430756082108,32.52490651685945,248.46530991904012,238.41349690917784,222.42395002263905,69.88408940680544,171.23765939122987,349.13144796207007,-51.957182319095274,233.94276845680454,100.51033774620517,429.2523616204745,155.7907453011444,169.05533281668448,30.095292055329878,387.12736756678044,77.14442291844766,123.97224537229357,212.70806376255243,215.516322022922,173.30318017491467,70.2849805253532,3.9056703126919907,180.11332409604555,88.90071084251908,105.51791918708442,161.98897974452186,240.87958637082144,108.80193281258977,72.73297526144209
-149.17244085970898,-228.78754651805664,-173.18785142651,-160.80538996053366,-187.67744953925234,-274.18572538260236,-105.25110775277132,-172.03781171959517,-239.03521095988322,-133.10055335378428,25.546301396081635,-48.99069728969436,-431.29118373587823,-88.42537064046626,9.520713591147475,25.41517819679998,-71.58544170169074,-14.844657145290203,-141.47854437925477,-430.23276630461055,-214.6200565118785,50.7549378156771,-338.31800035726667,223.11573741978745,-45.66260873907593,-88.92643370876138,-19.728944260701642,-92.53190863724419,-92.08319840292721,-221.6712842886442,-672.3042242542326,-66.66714971441111,-396.9041606314676,-41.24631050606993,-41.24458801672623,-69.8781550906136,-471.506493166119,-97.15722288722478,-12.431733071105722,-71.86894524256077,-66.8715030134548,-20.43468323313705,-224.0582805550486,109.68398493452978,-173.10838531158026,-24.38910431606206,-25.821759794600545,-163.81049954437634,11.983723005821165,-58.18244757444755,-111.57157048283146,-65.71901202092532,-542.2959679354234,-222.00884086125103,-216.1983786275264,-28.99274807667794,-197.0716318190139,-22.956939831792955,-135.16789901809213,-49.196185135078146,-32.91627063897969,-314.7643721830457,-540.0273507942759,-234.92468669875214,-298.3172723236376,-304.135151902779,-240.2878781289981,-140.04651351972373,-131.925096214486,19.102290523002917,-53.23501987157513,-71.33639515583255,-176.01481668027353,-129.0990095927223,-301.12712975245717,-28.88588028446294,-65.89389993834628,-120.56058399178832,-26.682117678924598,-12.560227411998424,-42.702409486646765,-197.46598870126823,-32.16760891409267,-23.721603175704043,-137.46156969424183,-446.0605204407405,-24.674359350557573,-137.97271049585262,-179.03629703718394,-107.24313833036332,-107.53021630325759,15.299860946457459,-7.817385566569946,-97.45047209219814,14.19461350203691,-190.86790773045172,-171.1732792680322,-287.2840261769491,-57.65575616646721,-69.24641404428085
194.91578321032472,65.23599509228636,215.99364856399765,93.17328350956923,135.50792499492104,140.64448481343902,218.30265848029822,72.14617439258919,167.13098362318013,76.70631535019032,-72.97554664261206,24.95630984717628,112.92486731585196,3.6913788632805544,-35.57222369473566,110.15850031056907,79.02668578893922,205.1643702079808,140.93578952715006,110.870595997028,151.71259020254078,111.98071918793049,143.86443811620583,-94.40250325413132,-18.09141553247498,147.27905527316074,2.0944866797333783,82.0042093533786,24.466084372217967,119.11334761286277,270.67614257098427,67.31063520937178,167.54675140027877,89.19036737680017,68.41229862222652,72.24027208950622,385.17430385607906,69.62154438145839,30.765896884759364,63.02140366181448,141.62396932189526,-26.924176388555022,164.9026593711313,-75.28213590582001,289.0174057607719,83.45814417713451,50.201182280298674,82.82737457077748,115.11433336044753,-10.821430337373673,85.86039213940064,118.31284922746536,456.05913391453686,111.66124953673693,121.43947699612353,9.46848391032276,-2.391611656665833,30.81102063128423,50.95766551144362,189.62956744439364,53.329826363168415,213.1543676033519,322.3473362150801,239.70034502488454,99.68870382098486,221.07004983624083,223.40004049893327,153.2819556751853,53.87559976415202,28.363660809558002,19.13863583667942,-64.62341049362442,241.81272559630756,171.042064461131,192.4063274939765,67.32122488742986,47.26830341379277,137.73375025321445,-7.584019731232605,72.6783526989799,41.16053785729788,220.443349201751,55.554718555336024,130.70964519714863,29.027818329599768,274.15079837272816,-0.5191713364802629,99.44177161059858,119.38378635767945,148.35609148241244,119.76079822181043,-52.872196427104285,55.24698183001096,69.22929591810197,61.37318912936645,144.5380165014624,176.0956943068396,172.72613585030493,85.81504607740825,61.44823800974965
-197.48884324714365,-134.54112698334825,-53.82411684218656,-111.40373814226263,-36.680546245090184,-261.2059352472665,-387.0758096206089,-123.12518942768965,-118.1865207568081,-122.65536262543812,-60.09041091304178,-239.43394815120348,-228.9042900027445,-190.3563816243455,-111.4999206225432,-238.1516905704596,-34.15469353805497,-351.23839435596614,-284.18937803822826,-12.987478694400542,-87.99993673509458,-152.3618754313816,-265.1051303713582,-191.06384795783922,-5.644913210647045,-63.39003896458655,-1.293910526117349,-87.26393696112818,-73.70929785210807,-142.09047370276136,-205.4214771661642,-280.7875144731244,-263.15417107191894,-96.10882843668385,-137.74294776946263,-187.60289214429608,-349.12558087795156,-137.8838119809165,-35.7853532274305,-105.98366783623077,-155.6081841630594,-128.80585827209816,-237.25498836763674,-181.01613892764908,-191.5745196527731,-86.87609360151218,-23.520123562572724,-143.26349048129057,-236.70287473423372,-407.3232533816682,-36.37227174223097,-143.63999181950123,-302.82387080016895,-230.4629057260565,-206.1906730098113,-44.13524477723997,-279.6388515692038,-143.90136663902857,-183.50182558791977,-343.17898523556903,-156.26528742847373,-20.330333901274756,-289.651255782932,-182.60055182676078,-267.91145412913005,-323.18486046622274,-230.84904152925262,-69.42464354060345,-206.2104412729748,-236.5953451343277,-50.33530282072589,-95.14552685757211,-309.2619517964628,-137.57576057960026,-326.4647261761103,-136.03498021669083,-176.65243943762218,-230.28946028458066,-26.9651292779971,-275.52419412776317,-74.1987809740701,-467.20481638456846,-317.0615196383896,-274.88739332352054,-88.37227603804922,-351.4074073493274,-209.11835076700737,-137.19452939589706,-250.81367951647894,-214.34948903283092,-78.42066531434838,-212.01958803431276,-75.42377975710356,-96.39009130248253,-169.12569059814265,-277.62399256547565,-165.6058972969596,-69.4266650386591,-137.532266876337,-101.0311867683414
-207.44271433920804,-274.299004942145,-112.94282108484285,-94.41892972348091,-384.398186714541,-167.60029322004436,-36.840584817911015,-272.8969790433341,-210.19096165185303,-137.88119747790685,-75.9189100586884,58.47893345473945,-177.11673852847792,1.2574760834550796,32.64883559597165,-80.73961883951812,-37.233980566417536,90.81725384088902,-94.17367792899914,-223.89986569662776,-442.4105092076658,-68.25036922365405,-484.2531947500015,-12.079687260310346,-143.37614353816113,-209.17119604122126,-68.49510411938304,-29.348181244066403,-9.455670700366838,-238.27354762217485,-317.5410476527008,-38.792981753955026,-220.22974791697288,-24.91652315242794,39.92038798402538,-84.06800202984049,-260.10454275300157,-87.78196224945631,-125.5160158172151,-142.9357961176811,-58.40366802359177,-95.96333401083183,-234.55892831494907,-70.00961581063623,-109.29722808828993,-54.29430036864916,-105.07418799178365,-170.61722237719772,-64.39256092747462,120.33551839639506,-109.31023368708112,-91.4613690373077,-226.39350833395855,-185.7096148165577,-243.76258029074933,-55.609445037849284,-136.83181123747946,-51.80170856869724,-61.51795130010708,-146.44411242665427,-112.54635215472132,-133.45172996150114,-90.68452338817629,-251.7300838471536,-66.76060994918043,-43.58615318227425,-187.91105929673157,-72.9711969777389,-219.17184836181735,-4.872906267864979,-118.89043878484296,-113.63277646485533,-207.71013252012872,-62.71056040031397,-201.06903690067145,-60.84958935338891,-20.72027690938974,-183.89620765762908,-126.3060037804413,10.241673359105373,-148.46190808834058,-15.083800010930188,-105.93709948653824,-71.56315784816351,-179.26167267293042,-144.35396255807143,-92.90901151657027,-43.7735734853459,25.22444576659408,-205.41797677603498,-148.09337757463172,38.82529116165993,-179.69434474922076,-139.16759515440046,8.03486058305695,-250.11046837492825,-200.55586690605108,-116.71002005383558,-371.46270966265865,-68.6391390207382
116.83772174147677,-32.048951287464064,-72.05734572165886,56.32287088694022,-58.8007527344801,-132.51810747487846,-104.718434019864,18.20165346225638,121.77533602045409,58.619951522229854,-43.94046061679211,-70.56292120130504,-3.469544522465135,30.293902228276956,-52.64474092677428,-16.500079176739195,-135.88938227370068,-117.18621858990453,-162.10970397113985,47.456944972044894,-4.326493339247272,-104.30649066039894,48.601966545089,-47.68952037132586,32.61118485201484,-85.99997073597608,-85.9683892907501,-104.91106898983335,-57.819901006023564,-33.47443425996424,66.32042782058532,-65.68016390160324,22.07143893789421,-15.249204002605353,-22.87959699064241,-178.48288512511672,95.25001602800604,-63.80881673071046,-68.01983903060213,-77.46499462228799,-170.98779055751615,-28.556889755068127,-79.32069880397817,34.78085889078909,-135.62005372999894,-127.7453513900458,-71.76106303246063,-163.84370825933988,-53.36944988020251,-152.9751875011572,17.582213723383646,-106.99229251471803,65.49164352135145,-16.441938769978087,-43.468185518514865,-66.052000123896,-98.86960967120359,-119.4012386304833,-84.46897857286277,-158.41508492096546,-60.76441886707235,-198.6320645912628,98.17728899087905,37.39831707429636,89.48528618553931,69.4518415055769,-51.499737393203176,7.640547543600061,-47.17032290640066,-57.74763934037632,74.25189898170292,-123.92342394656697,6.492727835090578,-70.99539004605074,-142.986866088984,-11.550966296685347,35.320022556383435,-53.81710355183897,-15.582530857994882,-90.0166766128267,-104.35927632153651,106.09240179993057,-9.784512507905017,-49.8428555369503,-76.28313187560934,-96.12935922476103,-23.198433668410328,81.66644909902541,-106.40463615317255,132.232979167182,-78.93310608410414,-72.15631827070058,25.136634989926836,-103.47911357864454,-88.90861671085578,-100.98623330124443,-81.19167963863815,-10.03999956181658,-62.33666342181848,-8.729837510081223
-77.27837166338831,53.703682048195255,36.72378693008181,-3.4235455675307214,-126.09566345449448,67.17477674089325,87.67104116480706,-53.259614704774066,-123.57139432346835,-6.753738977630159,12.235794535617869,96.16125952844638,13.09263231937982,59.69976700947,39.07306452756616,-13.934741743638451,50.96426261477648,90.1834874829858,46.137709155449265,-221.04291871105107,-92.1572977315881,-3.180305759713085,-242.25193527145643,-202.64159211482448,47.23556570920877,-10.716851136594537,125.10791238696495,102.72993124309299,48.06653325118064,-128.58460288987882,-154.37995561731913,31.269259947585,-36.65307213167546,8.644693637869358,98.32866031064923,48.25643201519853,-98.0325242817152,18.356410634480106,-28.92341245437246,42.131212140081175,105.73628288361056,-28.417989913317513,-38.272180962658,-9.465061844034775,34.75132431672676,56.55100978938396,-19.743975485271548,-34.27447808359207,-77.98801426388317,87.97431897926582,19.790557806439192,-59.23996493748308,-99.57396199884089,120.09157699964216,27.61392246236619,58.41872179915886,-128.18128975334827,92.87937120868837,-12.746806850775231,-11.608430554474214,43.52703428726347,156.02302132868158,59.42493114925776,-158.47845451440253,66.85488025870293,32.9541264493909,-30.433330624179295,-4.572626259437123,29.301447486711766,14.038210297882511,-90.88815922622311,58.04961981980368,-63.57841179751606,39.86706884832086,89.96759362622895,100.16253381428024,47.36469337924863,-150.9437762875655,18.975642588262406,54.145130318746105,-44.15837258494752,-58.10961369599999,-87.48590001865783,50.15810192741942,-9.40458922287237,-52.114891145732905,-1.0666141610935793,-24.229430211513172,239.67881472293087,-423.5820126500189,18.064082115371384,20.67996826642777,-45.172952459609554,82.45537104255787,78.49024373567859,-123.87386079562368,-60.606271710543346,88.04014017209839,-120.72994889860381,78.70042754043027
11.921961450742698,121.32928356010827,-48.72057614946808,19.73785094558084,58.854482761749864,51.312676989634404,46.63913105881598,99.37830812207078,-63.588839261296854,30.989998699621022,73.60823470412586,20.149257990410433,68.95962643119358,-16.689650645373693,-12.187013366414105,-68.59764465872125,42.19446632723608,-152.61902253884827,-27.526639184418574,37.69801910182604,116.16907679211401,-45.78221829352646,4.112243987652294,66.76433716482256,66.4373889344167,129.46229220963627,6.699894275410893,-44.12840174607707,15.028901532961996,58.3526239496157,-14.17756862464143,59.57530272122314,-39.093646473930406,44.559797665720026,-26.8551950762242,40.97201162406776,215.44764992768762,47.65272241051532,27.417828487607093,-26.23785675399835,-22.259562733509657,84.05345797177625,-10.433484605767875,-38.21295008340091,85.21101902605074,106.2861652562188,30.587566962501853,215.01633611443148,-26.98738570109922,10.383705352505896,46.45999109754627,41.521957345284065,112.01306648618454,25.468924373503842,-61.88932070928993,39.85365225770803,124.51567787304549,-9.591010743816026,170.53512831699038,-29.08079938452353,52.94608297200214,24.308055380774256,24.57409634791143,158.73560437228548,-128.19274268233377,23.491325598898406,35.37105103172096,10.864914261540557,20.699654176373212,46.46349380902275,60.676843000488674,127.09253141580898,99.80105912980784,-88.32577227390965,44.27279004971597,-9.212171912282109,-70.72562320870728,78.30787191291164,70.32050580897264,-73.55147805996481,84.9907198402756,-101.50156386596154,73.36223877995359,29.588265665698607,7.31705575377567,-26.655384835988336,-14.365544696630083,36.77740502510973,34.20570220403203,43.73973023297746,25.720698042262605,72.34497254939599,9.083769852616754,-64.6564047799176,-25.572677920323645,42.88403022480551,58.09405518128208,17.80561269336876,-0.096286323940168,-1.2572885472172235
194.201678785584,54.36145282754833,55.272485387070006,72.89161571270824,34.338493641050164,185.98037808621734,83.1546710337578,67.84462643830517,80.56390381204533,46.63777150699087,68.10036874969028,129.96905654586863,109.99739681009548,106.799896909247,59.00170927951014,234.02528955529812,0.2417582526501265,156.27158740053753,161.5253087678242,189.03887054120187,61.50400122075865,52.27512791609006,267.40364926079053,116.00922443124907,79.74646680471463,-12.12244067162407,55.39338646248467,47.245471063177,20.59895321055935,143.04035483647465,243.35891805757154,41.27365529533011,173.0727627201231,17.478425764782205,46.74228942016792,69.65353144068762,-99.72750635982995,56.18185836218207,45.80540237017124,56.705982182203876,68.28389955246726,64.8993760405932,190.98628927478492,128.31231202278778,94.20314264254951,-25.369940972675344,72.05629406532492,35.729819411187734,90.10779613224938,299.2714246362626,32.73593284295516,15.668366186623329,193.10689924818885,94.98538475176608,149.03475775866892,26.859028184213187,33.36496588316042,85.22994649510956,83.56250672893385,179.74320996237316,145.7383975984131,88.68437785755332,317.18349389200444,0.7531945078800417,215.8469981246722,124.72882635252898,105.61615724809145,19.57725487215109,206.77502649399705,80.00278115816336,23.021584270736028,75.89711335261883,52.99867259098545,132.82430647338816,115.97613689172383,124.86572779930313,142.92746187739434,131.91619519648918,-1.3792100225482418,180.38968598307608,48.58928046381316,304.47377614160473,131.19470188195686,167.80351340545204,90.80788847838673,157.2761960009674,157.75316004985618,48.73739380426452,71.42587986008459,54.63656852605417,78.0594351669032,110.56123478084456,79.68519002705406,150.2216959233757,20.703686674551026,43.962612448700476,24.459249949883525,5.0371793913135035,96.13543474042065,53.145058195344426
245.68614752858608,288.56337408159504,197.89521985975932,69.59816578458197,250.29578584434694,279.5943407669912,182.3351434071927,233.87574386148776,196.16048531468502,83.5987886588333,65.57824521326201,121.90721111219298,345.8958661158177,23.922145989900887,-45.40538862661295,44.41293948713632,112.41471068144448,82.72089374238774,136.49428987241114,314.72694893943805,347.6748132307071,129.82697107767572,230.00123285983204,86.26368814063756,241.5983532943191,308.3515329783189,32.51795854926913,77.99438049815848,80.5334611438707,265.0288584053204,308.21243484263687,184.88541428883806,171.80815351042327,90.36053017959297,53.004147857069704,129.54863676822126,599.3736184031533,146.30963996205034,86.67670858339764,141.82028389635482,117.58072085750138,105.41984124864572,266.79902654161657,-8.918942237226132,276.047928777997,190.81068195098644,75.29330365922304,335.0290387335002,111.69493861677262,-3.178877090119118,143.25383311231562,296.0016579525489,278.19538848894365,281.9818779264955,220.00013577925066,76.60007195330307,329.5532423821972,140.2574994693616,207.8766969525926,144.848461097552,169.9593911866394,449.1526336261199,214.18631148899706,279.44625710928733,132.53172459331043,244.14571944399097,256.55044132412706,118.07414641464378,95.20234382814287,77.32775516138922,152.00272499221154,159.75302769652362,353.1303086071462,113.27370159976924,203.21812609911444,99.27899597699981,-10.639707354721157,274.0964726061743,131.45761188260965,94.18802856015485,167.9752136613137,22.292657294693882,141.76011856626425,102.67623666988213,178.36704971820237,318.3459807380129,95.8193111421752,74.19129380959033,167.7307312180842,420.067815540124,121.22423608105855,67.14746418174917,133.06379145653986,226.04196200733406,117.38667937153286,305.4316116567926,379.1731544942068,266.77078887395345,230.45607673887156,83.40972407333045
86.20275871714382,90.97707716563033,-2.920019118562876,-9.369115150318983,55.64671987735483,29.405150025282566,-55.89587630645993,10.95748393257056,-145.78067261241245,-47.37662384974045,64.19569185339084,-17.78801871255845,-51.06465456567929,32.9249099949934,11.76704060686932,86.21725196552656,65.80463983560566,-170.06759903266732,66.40381104377029,-169.67419880813165,-21.272001880074136,-24.21972690310801,-22.870742123473434,31.328970069730737,-60.44497051526549,35.46574219717224,71.28181647050016,41.44717328641398,15.842490690587034,-39.61628552811581,-267.79192299295187,156.88590359694555,-59.55560029061349,70.15068229789281,36.633652675625555,27.825183700800167,-146.40468663945396,199.37949051550092,14.15188575475787,34.10758977608595,-16.961254603051753,81.64195963214894,34.53784444845668,59.85151268385394,9.621099293598675,-36.310217868184274,77.87196971536501,-71.0327284931644,-70.42081175134844,74.2666730595764,26.531745193600212,27.04468865021397,55.2407830808913,-41.86488004157406,75.4562774615396,53.21210556404881,-54.8333764893449,67.87844978432516,88.34799076750576,111.69808271466822,80.89989371133427,-117.28536973540353,-163.46467771612956,-103.01515174374612,126.13294847973245,-109.36309839860651,-50.58166265445345,-60.07789720943422,91.01595417813976,48.67324778365874,1.0174798435064922,-40.094670141629884,-98.96324057567375,-67.84262396880557,14.712690972242534,-114.8721012972909,7.133370310135679,-68.44984733808018,-46.780812748769485,8.448237086555809,-11.232517362195024,-76.505261670869,-89.09503595315057,16.783728230303883,-8.86436378351442,29.1194696755418,-72.50184750169444,38.113541603955234,-29.70331314637392,-124.3966819836173,79.81532425124827,74.98405651319455,14.93991122615956,29.780247326534013,-58.165767888044314,36.49303111034535,-165.72794420082778,-103.21975694679371,-15.73765575122821,12.61163825347791
71.99297401389884,-96.36092348651599,28.51497510750272,12.697209309327397,58.48176590310911,-94.65584889919828,-47.67866478890154,11.073693495392664,165.47832673424224,-78.3582186534761,15.50088171073214,-105.56617996455824,99.28939097675253,-89.31542215298381,-70.83099096605916,-58.95619728851398,-48.73588832295648,-65.89647947656186,-228.34609499269686,131.5888174043616,132.4403058178011,-55.366839481056495,-90.67616527832777,9.655931292251184,-104.05386641012423,91.93843741618785,-157.06662791132084,-57.30795109930107,-85.94500246520121,21.09363240305841,14.628466904972068,-140.17408013309824,-45.03280583210521,-92.95357011599546,-82.34566306551861,-51.35435093380065,-41.7014039613867,-67.60472295938025,-26.77739764093363,-72.70908719208134,-126.197319059991,-4.721792040123067,20.751566659563835,-129.0409203452366,-21.29010809465217,-185.8590552391708,-99.17061306568839,-8.045370057304913,-25.162461129150362,-163.7589334376635,-8.411205058968738,-25.304991350793795,57.64373618461608,-9.942336503849024,10.358922746359658,-33.93642562087065,15.547113960931002,8.9027299679239,0.7495843090386046,-99.87394567498164,-61.54372262270929,-62.368145977708274,-114.15681568955861,-25.0877649607942,-54.58182468120082,-7.270946645231923,57.095591999149576,44.17450426287819,-63.376167694181085,-45.25435463572927,28.384236808310092,-122.70576917167594,46.53173584804709,30.540093469705603,-51.344109902372814,-45.62746363904929,-108.7824843466291,33.69642786188967,-33.90500295809579,-164.60480983468082,-29.75084648690505,-38.424459636202336,-56.782220395809674,-127.60628682662123,15.60882738940156,-81.12911749260783,-143.51021303153715,-116.68595920341667,-106.48314181232281,121.84090815278205,-50.95095479623665,-118.53720635098747,33.4688305728148,-21.453548897353844,-71.91567248076173,23.7683503768764,114.36813042940564,-28.67335040894606,31.03157452490752,-72.68123651838971
195.85028009772594,73.74492492349832,64.06705933725004,24.62139042449651,118.09039999926938,194.10325882212345,149.693009429947,182.68365160406518,84.96142169698076,28.284768574729366,14.820624596228644,122.45752390458202,148.41059086598875,112.76790546818303,9.490531022669114,186.43318043800144,34.06828362709632,145.70077895936032,270.86424037294563,265.422827667359,-22.821623979345013,153.3239392980002,177.57791542617062,70.03568495835007,136.6195069191452,-43.76228777475122,119.33278282264295,149.3319651398738,33.20312423552311,76.92306202068276,191.92203623295504,279.05844712927865,276.295840198766,99.53458096550854,189.2466910691612,-27.778322312994785,182.25219519608825,186.03751566373106,23.87195871829407,146.23636397464074,101.93904173723178,68.76035081201334,164.85885010771338,281.5371792580058,144.43888919116094,92.7419691583038,34.1836843123913,131.63398570342738,85.56995173384745,121.82828309631999,92.58962226162636,120.79666398560006,205.3950348588746,43.097266454252996,206.81509421914373,52.27167719988854,-8.777076366722381,149.23074117336313,26.00788507873655,243.74345232763488,112.10241031213329,192.51334366504167,219.2071054625983,263.6421127247661,258.2716362155498,288.85228164363184,13.378480147068393,36.38763853048276,197.9794730952927,113.59426822584858,128.46533462649833,201.36250172865837,140.1962193949298,136.12364001318005,146.99483297818026,99.1574499631334,161.0546377484646,197.87862784547235,-28.40968787008762,235.50951384845254,-34.4551900843915,324.07813257692476,60.24527424732863,227.4668305385887,189.07729970521405,323.7895216981194,152.96453705025016,158.15071927121073,139.3323030069871,207.26238354162578,219.5126806439891,195.92159352923073,-16.261112768200597,79.54129306613987,18.573585239609137,-2.4316421724801685,64.57794979764748,139.9097734773268,164.38093631874307,96.41625806060651
-115.07269530555487,-131.74135074587096,-27.257734850856163,-62.23221726835741,-211.983016113359,-295.6683745980233,-238.02735750576116,-85.58115047881854,-152.8750343280949,-47.57081503348018,52.82087383812137,7.178562189724734,-233.65247221555967,-69.27769056847278,6.978777445217761,-88.3770646551254,-16.751373626287467,-148.80793929310212,-296.16693025967345,-192.28487710354477,-74.41807581236236,-76.22104554610182,-269.85595415347797,-122.83255022895479,-167.52283231250942,22.132632428979065,-66.8223765854718,-48.85354091108076,6.2309776110035076,-2.968954050348331,-246.0413537853925,-152.0420625772054,-336.0672456285239,-44.329050814404454,-64.03322029126612,-4.056751588016013,-276.3308213557925,-106.79149456621778,1.7862266219768752,-77.40333416707183,-154.06876125746768,-23.94528456965856,-93.56382256878973,-198.7390486573362,-36.50067613123322,-153.61235504797537,6.92532113966416,-192.4377511727016,-164.70505867841854,-164.27267950612233,-24.364566909821292,-210.57679738989776,-353.2748465032371,-82.25081524228285,-288.2878954764566,-1.9416563406544638,-97.05702988660676,-95.03671663328507,36.62949480275006,-299.26667960903404,-80.47332307008166,-337.77654675279376,-277.51155302880284,-279.0648037107741,-239.71175160724894,-106.85598377179201,-116.10877931294102,-62.44161867196733,-124.75247907172897,-66.66408781347717,12.924127975292084,-200.4215381321127,-242.39697456167926,-28.103390010496476,-313.5924348587232,-124.26672816084204,-102.46840390206646,-297.1302491140206,12.072598928192761,-274.11534332250756,-19.064026186907626,-278.80544873275977,-27.02531251489958,-176.9122682617724,-169.06711953522188,-245.1475475999619,-168.17718482528207,-83.70806511621107,-179.93038752253128,-269.8693983604395,-166.8608513719955,-132.15940681705692,35.19370245575964,-38.26899545261675,-112.34949536480082,-116.03148283197832,-105.35239202267523,-176.27796894752862,-118.47686100885241,-114.04158705098413
188.08254334807927,9.75489488993348,57.72617248825842,105.20799040497688,62.03749217147059,109.01282611269917,248.89723819598203,81.45520545433592,320.207349401997,112.79924705869703,-12.338349280777436,58.42617377640848,197.81169605685915,101.34808058992941,101.91285973358848,56.88669109931714,17.566797471903442,345.88517806536873,193.79987265905936,11.004509626569345,81.68972102550352,90.43956260042083,71.51494514500617,94.21362090117489,128.49886560721103,13.540047658479725,90.6955190698498,100.49116539024352,10.980228040823135,-37.498232185446014,21.184750271187593,99.00784038993423,331.7061409074584,46.43955788889314,82.37655427239352,16.562511408162724,279.7393127468349,47.27863332754303,-18.079765444941565,26.428893831464656,60.715880025719166,15.662056741906257,103.62938192848317,163.51484743429904,94.93984716589429,163.75592852209815,-20.75601389089758,-23.414645496948978,260.5419872425091,-18.314269105286957,26.41202466236706,269.11588423579053,301.99850627215596,139.8254221366164,274.40030556522805,-32.75747497254564,145.3768689947956,114.74458175760334,33.73868719941225,71.08283768055125,29.297272544383013,174.00288389401553,292.2944289278559,183.01615247055742,155.99678788089142,129.25003377047332,158.9985105878744,93.34671928754678,-18.497386285831965,27.766601551224632,32.520504520449805,-19.516467313281908,240.18091441759987,75.2184890821436,146.7212282234638,137.69200504325758,215.3133625728645,68.69876370878752,0.5720588691280997,196.96395905055485,-17.19773480018128,386.76894629944763,60.440879445333486,111.56694220674727,46.005074633022666,184.288080489767,101.94507899112448,93.08001650937304,209.49880728289855,246.5463419619688,160.4935771837604,27.427954199086027,23.99879231365475,-13.208326099517873,153.50858050297785,50.78234846254063,172.47405934580715,152.91965087660773,101.90642667950983,51.227162917703126
-241.95809394166605,-33.5506812267546,-61.828730734423544,-70.18743437725426,-236.48460021786084,-189.58306426490165,-140.62153858600757,-55.82644241918029,-311.3911115485276,-47.3402983794803,48.270867847080936,87.31943992486248,-270.88145531264485,-9.524601560272723,11.107417182319654,-5.835281489072731,20.122695281447275,-89.19330502318027,-204.94431495443948,-211.99324062317436,-55.688316699426444,-129.9885433611139,-293.75773079344725,-129.74765844117965,3.8633085627888804,-114.34283654470697,38.227394584771595,-64.48874700270459,30.446185144599074,-31.296293196072785,27.984442859573782,-64.64452655126497,-214.11378554966828,41.209333936332555,32.60402246555905,1.9508864241534178,-141.63844577717933,-10.24052429950213,-24.24580146117769,7.229713562435891,-55.87814194084788,54.07244146351892,-177.33409986442956,-101.15637362973449,-78.77778001171825,11.457274474093476,13.894210738968324,-100.35078187914812,-148.37948401310203,19.09160562258901,-1.7683400514314596,-227.9903963802034,-222.25596245163948,-157.43003174115813,-347.81645458856394,42.350209630612625,-206.34081000446605,-188.5304410462954,12.463422789468705,-155.12589830470566,27.70692499537632,-238.85163935632673,-135.90734246859535,-77.96564481871985,-125.08442093844276,-28.79507907545555,-233.49653471127255,-74.37395780781607,11.887754760757135,48.95714966088663,69.9621527869391,140.84114548753638,-241.69104915470783,-81.22264779285538,-186.22571527424017,-81.24484041998497,-4.421229276504751,-212.6568780346595,30.758173808364788,-121.28155842553588,2.306046979532798,-242.7634733631399,-35.62837654363047,-44.254425793127474,-181.77706656064402,-188.31534631498585,11.52062445970489,14.62936524062772,-117.97443276839566,-297.19020571031916,-138.39551326562508,19.51066043633158,-50.307374701977736,-95.60500863332857,-43.39609137198677,-140.84012272230527,-95.10646264371154,-88.08894497683774,-120.18092779630722,-31.28174150884124
273.83358399665957,74.91311149295868,123.73037478690749,215.90514614039057,135.0506557693721,373.6393617253283,169.63420165533617,165.57799554510783,403.3915597840678,161.6681631075006,42.71237809303633,135.18007470996116,349.5983713069721,164.1773452430116,125.9747628870658,77.23633288006262,74.76849721486701,273.7808450389646,220.21300307886722,377.5060420970082,116.53835439957747,128.06265977103158,430.6256737283834,244.8904070361864,89.53733113342872,130.41358439918807,123.05479261796184,216.15080081009125,103.2517839529746,159.6397338096241,275.4093889934427,61.19823742290694,266.3063789321554,38.461988559345286,28.106949399792168,156.42471202193414,251.50471706444756,-22.867014779526844,78.66360804672759,1.2800280070833345,176.52451191497133,-27.644202867326474,245.57752813602897,129.20621354776264,209.18538377692727,116.52796823020662,111.51833344668925,109.60007606725797,234.16627416246325,213.50436892119436,66.03190646974102,200.10797369764794,407.92647463801467,267.0939203927527,292.5636772924578,-26.593332879853158,385.0099479109055,241.86179780502505,109.67815630299823,152.17935167055748,66.42380625391198,314.75248048524514,376.9526404091815,284.2586584666418,134.56800344241884,213.17134689894584,338.75746154748333,170.723930128192,46.613768603877396,80.51441722088718,56.03390133310128,-142.12100608534445,225.63141095552322,119.03155103543267,268.19710040302755,251.00301720710877,133.20678159799817,225.57259029738415,121.0409438134014,191.72044198013782,80.49596206783382,358.31816238009685,225.29588184744318,168.7018040191301,197.40259573184727,249.39580257392427,84.49034968956393,105.1370773034251,276.7839490625785,448.00562504650895,199.86416439394094,54.341122184334225,147.29066135304717,169.252916034523,174.44737567094026,211.12190484027747,168.71919905468303,143.18360566831282,173.0717205896474,122.55887339235619
-48.29726017681929,105.65297383750814,59.934287237319126,56.41412996558199,-15.948854422780295,-74.12380976171406,196.92591124574457,-3.5950948745458606,8.762517712224383,60.419494114766074,30.886868592016903,57.764977075485234,-16.289883494270615,43.80935991390195,81.75093462359914,140.76614297980697,113.27722310265403,228.01597258636266,36.264665048564616,-122.27245940816606,197.99659188978166,29.36612989975784,-68.61026173025184,-96.30991655606962,110.79190422127259,-59.01142902253169,93.8345548391798,-25.541849468208472,131.45568524077092,69.81883747645193,249.22251877444694,144.50062490042365,80.7268007935351,142.4871680858882,111.33203313888143,99.10668900237509,243.36425262028658,147.0138712599984,14.330665809176619,121.77316104184479,34.943898060758144,142.1397178227528,-72.70987902950421,48.68362893522513,-10.422871123094694,183.5065460192248,62.708921582104985,32.701342709563676,17.70192848648523,-10.74234965695314,39.75179456839963,135.42131287721347,82.2637925144443,73.6367847996681,-24.11007530468818,76.84833761895113,-57.256963839598875,-128.92981743417545,105.71555646787147,13.00165627191927,101.32300121448554,-25.457364358156788,322.50322711926884,77.96438954603019,210.0241749312735,230.1463271403865,91.06849741387165,77.54521842324046,193.48978339453862,133.05530170921284,77.23501391129649,232.6979457128265,77.57717160907893,35.19630748170173,24.836818582017838,29.350421075375273,186.4322936620845,-5.841379456500842,23.711968272170186,81.16307542111765,83.7455572866582,71.76941919109409,120.18314804737693,101.64019481245529,-13.356242308841118,201.804548150616,124.43723827195896,97.64333394461158,137.2829366039389,-92.21909537512295,72.37088025981639,46.898462726447356,-19.006694015620454,60.00932534289163,176.31123869609485,69.09397846369656,105.5649969684473,163.45681156492338,90.46023940259943,-10.34594359913029
420.6292298138171,120.18125255898995,113.8393354555923,138.02546773428853,51.552517361653024,116.26527285434781,78.35252958465807,126.6339668432993,127.55139866595506,72.81623113050388,73.97424958442105,166.0396271939301,304.5908324292445,134.50304512361848,31.44685757269963,18.308786815202232,35.44792588750661,205.4874664512683,136.31430363760933,104.2497727917481,-66.38595382259409,67.8641963824807,98.51358928786281,254.75061351851454,165.8781340861572,205.62492248317136,72.55310480575329,126.3963960809768,88.05029441177156,132.682399502465,23.46101972846432,183.8006657132525,116.011014081419,102.22604912949554,142.9147189075323,113.04295380775329,149.10908223877925,122.5766280284835,41.177002422149215,10.116187778548253,68.72055721779851,30.751864265005814,222.82458479056686,99.28705640823685,176.27274102538968,123.35780077480621,102.34221738133354,12.073111101548754,178.05446023846216,164.10367901104007,161.123148212587,281.04279791732944,460.36203203686233,244.30188472060934,243.80747645912209,15.313509717074487,266.33675420820407,123.398047053964,146.63296497387694,102.3143892304398,116.1080033911928,244.41601709710272,303.6538867817873,218.78668204341642,345.7419489073777,283.7290143260009,152.2341843153516,185.47450905893865,-48.26471893844231,59.64191167874428,119.85175519507739,-149.4069052912802,206.94943479536957,97.55257204562658,140.23418491189324,47.801261579328376,153.08602197626163,176.3030892948796,76.586293204211,297.6079167230007,48.04388107647272,201.70297581940417,110.13654513637023,171.44452431264776,82.96782938856761,256.660616030394,-15.927613116566949,117.78716927607583,100.20543271762708,394.37677566117475,-41.30881600906851,151.1638324173201,105.72785272837292,90.97425853483101,154.78629418248343,169.53843488070146,115.18689790304636,218.72620555270623,2.505345352523203,41.510102373223184
55.271816199440316,119.84910985005304,98.48139169504759,120.30277729173484,-5.770199834112103,122.27920079846955,-84.67577939225771,28.409600009260064,163.52087544553837,6.425714472599698,14.872528883355457,-23.501309325006247,106.15319659058741,23.409686712903234,-34.67321818818869,117.69909943369396,119.2928081268545,-70.95858291735357,70.6921004985369,155.7838884652109,143.5389774738784,-24.014987735661517,74.09619548516989,21.049199662637633,91.18443860556872,28.43391210444117,78.3944081178815,85.2956737839864,104.47519050224548,67.8829360364279,212.0842482541467,85.31933777348442,-79.64736277294749,54.90394816495488,5.629687206858198,62.577032864408054,101.65075772210729,72.52834271470242,50.32668444982594,102.23128186559546,27.3040264061328,52.04691925714943,74.46110720381475,-49.57190835488595,-24.244919200889118,48.33663589742874,69.01534551395955,140.0280865256081,-119.99004356719516,6.060470394677182,45.36798271269435,103.12446127508098,82.86799237573221,106.09773465490527,82.07096487813888,12.849234617516384,135.4585751629939,116.78786977626285,84.9915075717701,-23.16200879589292,47.60497555497094,155.19629669122102,-46.77643927110076,115.91801040951069,6.0843157247164665,37.16163602184088,51.36030758442702,143.0759076857105,109.51328561992011,95.394045619035,87.9136917163466,-46.57322143215408,48.80995894207749,70.76958118274221,127.24846906825238,-3.504755191481106,-100.46450780370729,216.301013042838,63.55990780759925,6.850077889211499,63.11284359748478,-80.18135838160542,-8.958714645716142,-22.22072665506655,105.58472641776316,203.40198287054818,-18.486457765790238,-11.13609119464906,2.6416980839833095,129.4094322026598,96.85362420665429,-10.473175983872661,33.50720755058652,102.32848391101788,69.39810086223345,232.66709616877534,62.33495075827603,91.60984381592974,85.08436653349844,2.23079622529801
293.28862902594057,99.79268551381706,114.39235928621186,36.66943456917089,228.96762176164427,319.721363731381,291.8192625342367,222.26948610575815,175.1868291066128,128.58120117481565,130.7814959496476,116.28679310181752,355.68850759897276,97.24186413271313,110.91000835026512,143.2057727353536,68.91922660436671,265.7977457628268,307.77253421843704,103.06990633211261,76.10350426828889,169.782035001893,402.3314830068175,173.54774088431392,36.2504887368704,190.8520077730012,70.35909411878676,57.9961557026718,22.9577639244285,123.48511034271336,218.34509116976616,221.6055186693898,347.20431454072025,78.2571019557781,171.40645241300388,29.175893191222087,202.56779079619992,204.63102192290523,4.425213249749992,47.98658725100229,96.27241749214474,74.58471436693644,301.29886934946114,280.69076760466794,280.97983275366977,63.67915367913627,32.06826401765208,139.16766100947115,215.73106486252973,301.12832436871406,79.57319933248674,185.97919774571184,405.34337143811246,167.83455825910718,268.0538923459234,93.48015081267886,155.90391082555786,30.586529530023427,129.33092462178615,351.0316770411413,231.43424367857628,146.329938567201,487.2049215430292,199.52718262975836,199.13566255421955,129.94960727980052,147.09048142517892,80.1804404573032,228.12251743887379,-0.46925054064728533,24.097934261748364,257.9099928243366,229.3861894847588,71.09599300688782,205.8808723776348,271.27471340365076,273.57998285474116,200.51905252886877,13.931753625102022,247.04779751811625,78.49626222893703,347.2643956432493,220.25155246337138,224.84553286999818,100.72563747695408,187.25537008506157,269.3639565508406,140.84037417075646,221.00838930102847,264.2629643394832,141.15836774874901,141.99419547695794,29.70742662661867,16.758558741800247,136.95691420446232,43.02119228918246,284.7685215505919,88.34463026184889,175.96508370473344,125.29530140543683
-105.91214127772595,130.0430918487726,185.89585014846466,43.88014798561598,167.7664483622429,-55.52900543757849,-243.8394676829256,-26.580544262463224,42.60283152244883,-87.50194218846379,8.395443907666802,-89.2425728442072,-31.024797157320666,-45.313813825608456,-80.42597703564344,-51.61570473034126,43.46038796078412,-176.3245040546491,156.78525979395718,-102.72807490180281,187.35871001354562,-47.12724908478949,-81.08456305326598,-293.73896822505606,67.35482002996828,-31.900385124648185,13.300018157773568,165.01904460843096,76.77735537130829,-97.7681529852759,91.84193443411809,82.01338305505203,-57.51167245793466,73.4024747283117,-120.84568781273224,179.76661226551292,-180.76627063607643,-8.887755333844664,153.26902159018695,64.38395715411197,3.1048168566690113,46.557176678473766,264.1697453434112,-136.30637986395868,54.19563833353094,76.87342188433962,52.08992523889415,106.78292947421576,-180.93208135305093,-340.57892743057124,32.60639286682961,-53.82005458768599,-127.34468463123343,-50.110874505625794,16.69337755088838,4.2862161309108435,61.77975650988302,147.20572942297537,115.18040967337737,-59.81883706146299,-96.01083929206357,231.18575456272367,-462.63558910910257,27.892093440372598,-0.2906545745024254,-73.90220791616008,144.85114116418077,44.40291187937021,-67.2855103395967,54.841695092051864,-15.151224861495093,-127.98433908484816,-141.3464963062654,99.04695156726166,257.419294655004,-250.7940539324828,-199.2488467741169,52.94636175285984,117.6743952821802,-105.53680621472294,23.90184000978028,-492.97556427494237,-211.0711501942332,-162.42040298927432,164.2837730478145,195.18734556597246,-220.70923250544686,-125.44283990655788,-203.72805318209575,-46.065651042136416,37.45334480142445,-198.4427670730069,132.5473229229973,132.7004562872938,-121.96992772729116,268.6637707507436,42.947930204230076,17.912375525834204,32.45725215619718,-53.80090718689029
155.34320538057204,173.25797606227385,2.67154911437014,56.4728071535834,103.68467732442345,402.37427490471873,392.87843009281704,261.2606773519765,208.26163630299044,71.18643597685261,92.47742045289803,156.90406186326294,437.7127386656301,93.9121622065969,105.01766451959192,216.15666554803803,175.56383695937714,371.99500320983753,352.4928820201396,244.83953616938152,118.25674663368885,232.5822059092769,393.6766586945342,410.91581702805064,-104.56313890344165,283.54529835609463,111.7464415873779,206.28516399494407,63.672636308205625,211.2307374396185,245.57053794710794,186.49515363049997,240.093709247361,57.71768953276109,183.4654582608138,203.4867043984274,163.21544995592663,96.64526998859915,75.27835331791283,-8.280450063256051,218.5993535816017,68.44935078847726,321.662000531275,284.02792445465053,450.094910842702,164.1059779108382,48.55202257450882,306.6388163004791,314.1314973465224,347.5418980177586,8.037268087181879,279.0390488879405,331.42252249972285,272.5949674018314,241.34553623711065,92.91168182295706,442.9237093096494,81.38577568708106,218.876393237812,482.83717984174774,242.22323318873165,396.0693588337295,481.99574541286233,251.0699393017559,-55.97991385154232,96.8456569181095,177.4591549288613,106.56515939853345,148.1597966632035,165.5427304548487,0.4217328035734193,303.72650276760584,333.70273349537814,119.1177599913296,321.7734729658949,282.03262876871565,184.42869809524905,214.25331724895358,25.949681356674123,321.2359352752599,196.8767716128525,418.15818458182633,417.76434862690394,197.52530996877675,138.56758198209855,330.0701299792832,311.97540878929993,144.7227410649095,299.7977225438008,329.9640872426232,274.64974572893914,233.00059028197882,7.5901917357695625,-14.30516209582145,157.16888013517013,88.62388623926125,274.467451340911,190.81961682494878,192.41261574860394,167.65883779197858
-18.09102789792347,-18.98420361660826,2.414483742940215,2.5119824198916554,15.040005045433539,-0.805033525603421,-21.89904847143844,-3.888708263892661,8.091276477872901,5.528883748485252,0.8259614352391274,-0.90821254628912,-25.364763500679498,9.308647763711825,4.953640551374887,-0.9084349748464854,-6.315764055182844,-9.241191315554701,8.934588458040663,-22.798501224715803,3.072915190155489,-9.247192193253204,-3.7109174381185484,-0.2934003610451688,9.622747195689389,-9.415006178928312,1.3852739921187756,9.671753646787963,7.356377848802136,-13.990874863776787,0.43346667606342887,10.129817814979226,1.7805070427661245,4.817114534773981,1.4668875978736076,-21.479666354919125,-22.686913466252676,-24.345388500509056,-5.786717876110875,-9.109549095327587,-4.953654476058746,-6.7672118333192,-12.413200305000917,1.3566056781831002,-15.5074811978929,-21.132655913918605,2.0871992819136667,-7.995098202933801,-6.825581827164282,-0.3743782314287185,4.673731279011548,-38.28966827825966,-13.325038771825392,-18.962106695066907,3.105981982202393,-0.5019951831049532,-21.568186235667145,-9.799276484784357,-6.534058054951829,-7.7703489122517695,-7.482824251596283,-11.125538545001659,-13.01982665408729,-18.380334239215014,-8.734428539423515,-9.850395299684656,-19.058832737437136,-1.49266426599186,-9.139603637775576,3.498437872089394,21.69585444041626,-3.303950888663667,-19.42204533063301,-8.839634075125254,-6.20072412354273,4.908394616150064,10.319390639138067,-8.14485462498103,-0.44894590363174186,-23.98465285812505,-11.043727576826358,-8.766762164899319,-31.47062979916175,-9.074710565416265,0.38035209720786367,-15.117010319604104,-0.3267010006749853,-2.309437498069504,-19.95022477545613,-9.643898386502029,-3.490210547963238,-7.048817109564142,12.392215162820461,-12.408252710993448,0.9596007471231014,1.5330216207540923,-1.161190582471307,-6.698838408593687,5.119017121398864,10.185465429047003
-2.7857566270057794,49.98456224097952,1.8883632778087394,-8.440121305157042,36.731215341850955,9.019023771422763,29.800440501853725,23.033059008610934,0.7216209279481298,-3.1926152985656144,-4.023021623820857,-0.11469374660693127,23.93858775705183,-15.306238721901126,-9.982400794044208,5.021613238779277,5.766165191345156,-4.009909402845952,18.177276006358166,54.970258570668584,18.623016021968958,13.428819594999668,25.786036152927455,-6.663687540257096,12.588491178895802,11.29406659690478,-1.3967822162072823,-0.9798073630003502,-8.578581263213636,20.58980359191422,13.870520627541019,4.420795687201332,22.49831285638299,7.2196038366428015,-9.585000857772467,34.20474143571143,41.390349955528144,24.001350527501888,14.436388438456703,24.56151766528709,12.041742941098267,16.711304418059147,49.01445913514016,8.613570678729317,25.439069175892865,45.29392727750597,6.572870866745233,32.12770093808779,9.10091498569932,-11.820914900056545,4.043391280814081,25.45464521234565,38.40409003825641,22.4774855672535,1.6283431977254448,3.409485558905568,15.550908948446972,10.015674102453326,11.9726251029897,26.70894715548945,-0.6621133939293925,33.85611655665015,8.482666753416034,49.17962696693321,3.769305859065471,9.143649565736855,24.108013234260024,-7.672820294567887,11.06217851902825,4.881931416316152,-14.074599398382768,27.173056744710546,19.530206224157237,12.46849296336821,44.20481269274028,-3.8873719505740825,-13.297067531654829,20.757782960382343,12.97112664957597,7.773234677185564,12.024272238932248,-4.0847995271588635,23.562692172283175,12.854784395067943,21.05024296724532,21.116669387883796,8.705267540272766,10.969639930014791,17.01921882855761,10.754616274126537,30.007776912623687,2.338618584546581,9.052046997569613,19.37198183818369,-6.733437146023001,18.138216463183838,15.563399324705962,18.675762267810207,9.533305518944564,-3.812036486907198
9.87807887280694,10.80358889312818,-2.4592575068210993,-4.375292180933494,3.2990644612099245,6.1490401281722065,1.814831135684368,-2.0868900494564433,-5.766137378579069,-8.88170030450753,-2.305663060424056,1.6659450971818273,7.860551282756501,-12.134076882043114,-6.027274144216295,-13.63663251903509,2.6487685960007736,2.8122315228614543,-13.922599960826938,37.439281323407776,6.634984139131757,1.4362388317275112,14.84307928694072,-14.362982967407008,4.425622563029948,0.4955524634488841,-2.2504610297291534,-6.7159383294606,1.5815766180750401,17.749519177887006,28.452488378671728,-22.74036951949363,7.8446842495424605,-7.505162963232949,4.736574351090738,22.08454593534259,25.71690149048219,16.244933640377063,6.273862915925264,1.2819897619620353,2.4032408202998394,8.34707842786414,11.821939724267795,-26.267184630870553,8.13934064296798,31.98330343152462,6.0451843980913615,12.112837800931567,-7.222857484545527,15.768196708270345,-3.955454636858626,14.12266422902926,16.929664404688996,3.891324300803628,-5.345127152692857,-5.95206443696191,19.51951224779401,-0.08364577064983593,5.229385043790433,-8.296556749588575,-10.86879234379604,24.38380130925305,19.765926748418977,-16.932381606161748,19.946901717331038,14.219418087956202,21.317216359693717,-12.791643564950048,4.84736027389785,-18.70549276140921,-10.30864623037253,3.2866197560467723,6.54937744941281,18.4374274158516,-1.3666479904201234,-21.77392053980424,-17.523120150441006,16.70403983400141,3.6273619398685666,12.406577235209145,10.806536289085882,-8.124534805831605,0.3463251750375001,-0.638458491409148,-0.05070560882883769,23.77665113029627,-10.374119021960942,-0.8264524200309773,-3.4468200392187365,31.884029747217614,-0.2761070734828593,2.6150991391496157,-6.5211989058230575,18.084302353983706,-9.185023304620756,-6.689268687991009,-3.559641711473813,-2.9818352163596504,-0.5712142360538301,-22.3194602323235
-4.797455374335573,1.4318398285817169,-20.78346192531071,-19.61216139227261,-10.308510762330943,-17.61632593378735,-5.686982503687456,-13.54899438859614,-22.736086367440585,-15.651373547380901,-11.408551684183369,-13.789219612143354,4.5490172843100645,-18.145767358119688,-17.544994124976668,-19.735316649931583,-3.9955032755259365,-16.028576415453525,-25.475108213211584,22.757890505324177,-6.359482973765379,-9.338919124408003,-6.698815014707621,-15.464097112272789,-20.203290334023986,-13.113955441004732,-12.104084846454512,-28.798476850517005,-16.097685536079243,2.155272427409349,4.818425119681543,-33.707758744832304,-14.229187730254857,-12.437054355618425,-26.18937168321496,11.438390525198706,7.456940171361221,14.133818163070242,-2.6409193647023934,5.2633640409952465,-5.865310921271302,3.485189012129326,-7.2508866244979195,-16.699000790613727,-25.31301410231119,6.623476970906231,-17.402524688898904,7.634768365225841,-15.867462625187784,-3.4361975581893947,-14.826782302041652,2.1917877263610004,-17.288173899827424,-2.738139886867756,-15.362038265677437,-6.563754100836504,8.960582671166359,-17.694437267324886,-3.242645450007119,-18.678245044518896,-20.80958392835395,-8.651034172523538,-31.742282005473598,5.752283070658625,-14.977850232537811,-9.76226096293028,-5.52716339051855,-26.258536208257624,-3.1245467814085663,-14.936376567648882,-34.180378981349044,8.106270838166708,-8.780717553226012,-10.702331129305344,-18.877699920984515,-14.983172401909169,-23.246576084910803,-13.721703791145758,-4.913104142708218,-17.250404919112313,2.7483581194976647,-14.268485901013351,0.8873006833368683,-5.773069673857954,-4.735666159249808,-2.93232428561557,-5.2007306811098095,-4.60328829608899,-9.605937647932643,-19.827970185891605,-7.390440113857291,-3.810539785495743,-18.075829008974885,5.581017970786214,-16.828853665510998,-2.4393136423909008,-8.403408219349261,-8.431012468692376,-16.889663792707474,-22.95555351544179
-288.69772299104346,-113.44581407152913,-128.92431691627422,-30.42492726848083,86.02057051906145,-56.70749088184112,-69.00501485911947,-99.47026194963172,-2.335594179106884,-7.9137120806737276,-138.49882999348054,-241.87245026666716,7.597950865917252,-105.30640760940294,-100.43081446870885,-173.85418982892003,-82.61940597520167,-259.4531867361357,2.1039593736288125,-68.94388935057006,-116.655817265229,-195.9870448230924,54.755725165100465,-194.92126124679027,-70.73194988371382,-6.725977144248445,-140.76712229568736,-33.54616037341926,-51.86838333666138,-193.75559727131514,-52.663179700581935,-91.20917676116231,107.48524766552303,-140.64863478085223,-159.71619229771898,-259.9823815564668,-20.15740547731025,-149.61509497218012,-94.49426564255599,-170.84820703887172,-127.56500788245175,-140.04960849759195,-110.49911150109077,-298.86989823080205,-104.80393598649947,-124.9978698395811,-85.98925936573572,-98.47229054851634,-203.68686670438365,-281.89737281371083,-83.25485022128403,-134.44466727686338,14.455688383233282,-142.52212751347568,80.03789623646882,-121.08513808142551,54.175678060881395,-155.99984826048706,-276.5334481794259,-211.7916390286166,-184.50688460853368,114.40051582541987,-323.1868657013128,-46.92588247947396,-256.5002232945855,-167.0422642581395,-41.166406758484875,-96.95401272125397,-298.5163314507661,-222.3607652487495,-144.14914660406453,-264.8689997483885,-41.05302184501422,-82.9140592210238,89.18110124128019,-137.2486733858786,-256.98663477860634,78.48055853244476,-83.89702853505317,-215.50707977006334,-49.01083856101563,-380.21103119557256,-202.41933559208275,-272.10531231102885,-108.18298905102118,-47.34623885153661,-179.43041221013974,-138.217527205837,-134.8837860116874,65.23395968871945,-99.72465653616926,-203.52687191531737,-114.72861021757106,-106.27246269800405,-210.66222910547154,-188.2750444999195,-142.69797852403943,-18.99224025891022,-110.42515622948113,-123.27459105627645
-17.19684236899952,-57.100775409073336,-7.312150828246176,-17.1678519277497,-21.842894420106706,-40.969508873056476,-56.591588761251124,-47.92159521928016,-14.366619009552466,-11.524052433716111,-6.625130877846122,-37.352730264023165,-80.8910735748951,-5.939104680674931,-3.9311044945651816,-39.44800095815696,-20.768420047803478,-47.66099181722828,-36.25850662725648,-152.72285361723013,-41.112002141021044,-34.07369370268524,-72.07095626708067,-40.88848680508013,-8.451117344880945,-41.197638657132785,-10.846630720562214,-25.9273552929159,-9.082293877131091,-45.07309529165814,-59.20508222318413,-12.118167527960418,-50.636559364020805,-5.764679824132721,-25.856057768709785,-74.48349831214084,-65.93061775690096,-30.61536063387928,-27.810173989166216,-9.653834498641068,-44.366800901154754,-32.93809364518145,-80.90894595039143,-11.030991927298201,-98.79416086503376,-77.9097156426494,-22.775716883147602,-69.17668546591776,-24.245002874377516,-26.142097433439943,-9.813482423947677,-82.23931114986246,-85.38102461612856,-59.90185754448197,-30.124863897707275,-6.254506117906914,-83.53581760311083,-30.12390408926477,-44.52568332659195,-66.95217192722917,-16.35490541143244,-108.67450518534866,-64.26643021133708,-65.76460424780095,-25.76754862148142,-33.984093774279515,-68.34779581621508,-3.3476284245985393,-32.446271206042844,-18.634950010741797,7.907312558260364,-31.68980373701715,-55.39563895609692,-51.74751021565532,-100.53378721340728,-5.6070753425266435,-2.3037915902443222,-35.578566323540485,-26.552702977678624,-83.00422368341492,-30.067863641915597,-43.69849512424288,-80.68978724456407,-37.65103803593653,-39.71202947318634,-73.26654274507902,-34.09304079249439,-14.386283644633806,-49.43373024609061,-103.35485942716817,-79.92321869136485,-40.95229325610696,-1.1354819122332784,-39.16905636250313,-17.512515664951973,-18.704106069024117,-25.417170708212396,-54.666869034328265,-19.554420493875206,15.779143674903288
-62.66062664696164,51.07551171841878,26.020179334204016,15.42452690800737,107.69182720684852,83.48387760799493,14.31896428997911,34.164671902447104,52.35446760395231,42.15456299353867,16.16607792277867,-2.092193053703269,17.2991687640268,25.082666825848182,33.70801135917648,54.60690392470091,19.946813218063863,-26.21828747927304,93.4614399589589,26.173558167389675,61.03839986071616,10.304378972267692,96.62096316227993,59.455300482788346,10.190557196050515,20.30231156703054,6.188940285079884,56.28209274122203,18.26978652489988,-3.3295978512810116,62.90749856958433,83.2534737219909,79.09361703490043,12.605888279965772,23.026758702305834,16.1753377364151,-28.456870672671165,-20.624227813178734,-1.1433529191509422,-4.540282127371361,22.263516204537172,16.792766721255166,54.94728374306616,93.03861388190077,42.60565701517777,-42.73031264815116,13.568900794006051,87.3346394177417,-5.1663681995194395,27.530642639696246,27.05062685192977,3.589827718453525,2.142278497070065,2.4029817037089614,40.17722146322671,19.364182178144183,74.34093766549306,23.76790393862496,29.048501266158336,101.42695265074252,51.35918657541384,38.651618813023035,-21.10446539209362,9.497237000709676,17.630088399731704,-15.110035885118524,8.69374186105085,26.875240020257706,72.9840300989504,37.45361415650355,39.221675666432795,51.06636896792903,32.379363945799994,4.278161703429402,120.55662389146335,28.134177623642007,6.551562683713956,47.64773920488434,13.164550250334928,-23.8834375938878,13.473608141313445,-18.681586733651756,-1.0545928999091456,-13.346530493608102,42.638754589583094,20.262364819899794,26.319778334482255,-10.432472477863499,-23.71240806944213,33.558641795896456,77.67516735745401,5.742116033781143,67.23796605505474,3.603090009646488,-8.13431008188553,75.51873721682577,51.79185947647178,-6.101857108885208,74.2997896649928,72.68112787980627
92.46328642017596,-267.5173268447074,-64.76661174861037,-4.965144899478401,-135.3136092531524,-151.43959856938915,-209.2525556866229,-121.82630449858055,-56.69114720017171,-160.20622191134117,-58.53651646831584,-116.44769633648033,-106.36054654916227,-83.90815984669494,-124.74986595241694,-203.09002277114462,-94.08088803250126,-79.03174082648108,-228.18648352622088,-141.85924498325215,-200.10933909509953,-146.34246731311168,-135.54830369943022,-163.85724648280774,-161.65442405951705,-69.24788554229448,-113.40737306095328,-78.88718460366846,-0.3055332071729274,-131.81134919703806,-280.20875323750147,-197.02773305214018,-164.98966324242076,-95.57986466894927,-116.33231658688636,-242.2859360359722,64.03756938177122,-141.4337083267015,-65.22439496818804,-99.29581604422319,-131.23792469846853,-167.1880384218007,-221.9020347386983,-237.89691807885993,-167.6615810502041,-193.97694174338528,-80.39947211650986,-336.39838089768,-95.63891420814782,-213.02970042775988,-150.80137019004334,-57.99455504355704,-113.77870326100769,-70.16139175704576,-71.30519698644648,-93.67827454108479,-151.26928745944974,-88.30556525426272,-204.14566663383215,-228.41726516489138,-149.90920041470477,-99.1922755911196,-212.30272373927187,-147.84164949079621,-140.58891382303483,-152.92430364346686,-12.589902278074103,-80.39962088790314,-251.5462734260246,-206.71361580373062,-51.4656725041441,-377.8015888656586,-119.53781810208284,-86.12554713589921,-264.6588057527219,-109.58307788381796,-64.86396036714952,-252.58920000708733,-103.63366622218139,-54.257562702860014,-63.45761566380606,-89.15327898295968,-38.53292379626373,-146.0873166405154,-162.8416355900765,-63.924903502867075,-109.34166268459313,-97.933066590578,-22.218891674453353,-96.35142790082708,-231.347021095696,-82.49159460004508,-234.45960935212815,-79.89037744984418,-47.127286089188544,-94.22559331581853,-102.0573087988413,-16.375771750909102,-307.08466578119226,-175.57931794068932
-359.33404898739184,-293.11378319680176,-180.48025522853987,-214.030300355422,-513.8712993414614,-506.8761671125776,-180.5342459550311,-306.3509246498441,-571.425584615871,-91.65544993610696,-89.99821457727363,-205.87655667924986,-584.4387336948043,-78.87449646526672,-11.07810425318038,-127.6906328221725,-98.5448152079732,-163.10396242549004,-288.64725760034753,-650.771192422312,-364.6753753500347,-157.40214493115076,-407.7814179736476,-393.0212525943691,-280.52507436356376,-296.80504780381636,-92.91020090667433,-272.97571662845974,-164.88107964772445,-310.4177664406516,-504.3572252317793,-251.80241217687487,-495.671631867739,-167.49540412781602,-18.143223299909412,-120.94179401408182,-676.2872874248633,-183.96069839931943,-77.5043459795106,-207.13872018515823,-237.56930260211686,-147.31049983916375,-371.663734320582,-106.96172324418211,-263.8224599914288,-157.1606350387524,-125.65917799173873,-272.41036474086445,-153.8268129954681,-73.82761195884089,-201.19807219292363,-353.72152927469665,-579.4073157360593,-445.4764908765259,-461.5097734841306,-104.25832916720931,-399.9563927223916,-125.69057668670871,-283.7136103864712,-301.68535517483514,-186.86610062025733,-461.67671249856164,-532.2114823892596,-566.6278481855015,-274.9846545599226,-146.34996915856138,-400.6051281268821,-244.84673558930527,-212.9740734742843,-153.7058047124231,-195.53284696834314,-82.40672759788944,-434.4582965655866,-125.98336218275921,-407.80964327877183,-397.2374226111368,-189.30816008977632,-430.29213935876334,-98.52620235264246,-251.06890423618074,-197.4915300811047,-396.3869917907578,-312.22284079935145,-274.3324521332187,-390.84487816371217,-484.49551808898104,-276.512612533953,-206.16521755485005,-217.70383077318144,-357.51950044783877,-452.80602989630546,-119.16905523759556,-178.4727768921153,-224.94633065275025,-242.64346713785298,-486.47953423015554,-513.9919521107084,-408.29838713489465,-358.3181603307631,-156.3513233068543
51.543196709234614,33.92689900005497,42.87219931281739,35.97481504527762,88.15677705409317,60.063402856602984,5.1309775810927425,76.73703766744134,101.7686800442919,-10.344022011872182,20.867807671026974,28.056268648417994,104.85813466301762,40.39569179893051,13.79060170549819,26.82110554888391,-4.122920041758313,42.297510627673184,47.06389936770986,150.9178668526674,51.63629471619329,36.53395915606451,67.2352199530729,41.17476711647068,32.99964144249262,45.60152780763994,18.63451153984884,58.425410005907274,35.50606723534242,27.44020526540608,70.40020323798129,24.562530324404147,56.18503513885695,38.76898056530573,17.595690112267775,-18.08722195819079,82.13942142494604,-26.155721592905667,3.369317370478341,10.9048676560078,26.125709342233577,3.926838353256493,74.2825344216201,19.74079076307025,33.48699463457451,-28.8768295591813,0.19738927927280056,9.441714723739027,40.47967205695528,-34.722933502013696,30.133979136060734,43.864594956655885,21.345052160922744,94.73295067146275,97.97099339901523,12.345951323492292,12.0718784310917,22.41293078864905,34.920908385728126,76.39264441416215,11.356157099626614,62.67378005613189,96.94560797005089,68.46473683317335,61.639851664397966,34.46467652867071,50.27020831906965,58.211269556871734,42.93402924339868,30.25541544967187,74.8288952322231,-4.962519512390093,38.671097192247096,23.66398632512918,65.95059794580811,64.16911756318277,50.51137928686714,-7.3213972756923456,25.272582322436094,78.66779798550812,-4.148845509440893,33.66322927571789,52.94811831825759,29.61105817586671,86.74965371760294,62.17318143089656,61.08753795680119,34.351745908460956,15.554462968837997,47.69983351103479,82.28955883840011,0.983864263186787,25.385838118786623,4.291747684892389,59.98636306725706,85.63861081525793,78.93393126775499,99.62857538207527,73.55532641595106,17.984464040412586
-49.33810154171174,-62.50747607454363,-8.677198623896288,-5.193731008564899,-88.44580501766852,-68.61168529220497,-14.729548139995288,-70.02912141263178,-67.99847116529222,-6.110953181864719,-4.396030061946222,10.184476977999251,-114.07132544867359,4.74723654672582,25.248547944719576,15.59188445424766,-1.6822206959884198,-0.8794482815471223,-38.537142563501675,-116.25551091993724,-50.096039910081146,-25.278612985117952,-117.66286104327324,-9.268166301287634,-10.215059782851283,-47.22275499651736,4.940626756246012,3.9032994140881794,5.247064840615195,-51.70867588525899,-148.1800038322593,10.037202207076735,-80.39238113476327,2.436470741377501,24.86860329806561,-37.49343406188871,-126.20054846976026,-29.864892692663812,-13.288404728869002,-23.619834988961056,-9.630424231314931,-20.021946222511893,-91.2709666150643,2.7685586102408,-43.51463652876825,-25.68980350281543,9.339197049373094,-65.43626274599642,-8.542143223786642,-1.0777716138746858,6.8258954899346795,-76.36712203092786,-58.571072898276114,-73.09740171872997,-69.86342192979758,-0.7534280477714643,-84.4678961875823,-0.12814275279631984,-33.85819112333497,-42.182045967296034,-9.620449950259161,-61.862116840050454,-40.737121843799585,-99.3086193528355,-28.610859929805642,-13.473573298178191,-69.19571288116235,-12.864256144015993,-37.07958904179339,4.923572866608305,17.47633884997876,-12.364655258177338,-71.1723806010667,-17.32259485677894,-57.89922515122573,-27.39805803787758,27.33243714745989,-68.66570323888668,-14.678005699404077,-41.769318298871646,-36.14757466039571,-24.28963071676354,-80.53069871443662,-33.61517794276413,-43.76127493926239,-95.71645094862988,-38.169541985252025,-19.398270954300326,-19.748761755377,-61.162106685927796,-42.897667596571814,16.042127508214506,-0.954939523189487,-44.41110028305434,-0.4948192359065641,-69.39676711357698,-66.58858213573984,-46.46579055031421,-64.53306264328656,10.638997043879062
-173.78453832104097,-175.84892048870012,-138.38484518706147,-55.401573235552284,-91.38675718436778,-72.0355050584127,-136.17644013240846,-160.8479195477701,-77.29253312640795,-90.02642631594223,-92.6955205834078,-98.79092925990217,-57.21578937204564,9.798589987418914,-54.650426462072566,-138.2172460321932,-73.22173627375817,16.739553101717785,-207.02235495842172,-81.36769024474673,-194.93114594762497,-41.068815981422716,-53.772226819407585,-79.20269187819046,-121.19253521997366,-83.7264931538914,-47.45443483156146,-25.269576108367644,-65.65581242549712,-181.14920935557686,-95.6662086128927,-245.18127509150145,-83.85416069107661,-78.23140967752045,-50.46200233520228,-82.81407010594651,-137.01091376312294,-126.70902505038232,-58.61867474774724,-133.63803130354094,5.592964146183782,-103.74103122749598,-241.28659022662484,-130.676850052057,-164.51231905983468,-124.35097568545928,-103.04309832019366,-114.81231584103504,-70.65495560495955,-49.82028436796602,-113.68968636650904,-99.2227796761846,-161.90481166926722,-86.46995132937107,-116.71969530525062,-44.66661263754053,-171.28111805143146,-38.69621246090204,-122.54219060630423,-111.51356189168129,-129.31504597567184,-176.89337135356664,-75.32577081877454,-90.29614955889402,-78.65077701799046,-194.41452777060627,-38.05284060289285,-38.12157507750662,-109.67092918717154,-67.63854508634887,-70.84001128584839,-168.32659039405402,-163.7285772689062,-23.464450677070317,-118.42953566095044,-24.15074595625376,-75.21853384081446,-179.92308307903318,-48.69269795377037,-23.95964793393773,-84.76477598869069,-26.680421957222695,46.94147585613802,-86.16582283714426,-58.12872961734277,-132.79215216091984,-38.99990394000703,-33.45816633456747,-116.90254462212665,-197.622734402307,-46.578502784706835,-89.70659010414077,-165.59708951531766,-78.2573562463974,-29.459895440286278,-121.90188997596387,-167.6237502802877,-44.841050274721695,-125.41135233575682,-42.72455450125561
-28.74224285100691,-8.700805448055636,-26.30698459645141,-27.784894257855704,-43.4563906791811,-37.29303301714621,-5.182534867359863,-35.07659677349138,-30.517231002307383,-16.09645837582326,-19.15047962268064,-22.315341697420006,-17.712900040140052,-28.57466028216366,-20.912756096845783,-14.769554530666513,-10.46475476197433,-19.75482641447764,-36.75008578812061,-8.076784252664316,-22.27927871086989,-19.299775549544254,-23.042942690084335,-28.170345585078746,-25.284904241506364,-20.05334195129773,-17.35535406664186,-28.902235664733162,-22.43697725167273,-13.555424992039264,-18.09165639472493,-28.938713533690414,-26.806926174282218,-26.173948252917224,-30.110329940674585,-10.546397536598686,-4.9188307478435815,4.177358924541095,-11.025279419568992,-3.14084525029289,-16.498662293677107,-2.2243288007646003,-17.250347486846334,-28.09730200203386,-28.91754757902082,-3.6445813401514564,-30.0591472102034,-1.6271927267903663,-27.021162845343518,-28.585887335201395,-20.120336183842767,-3.8105518401960174,-53.16020175896525,-18.802291999764833,-31.411946987943764,-11.865396706608848,-10.766531089755764,-23.422245582834297,-18.84705280526292,-20.834578336934133,-27.410888049118615,-2.5838794293708114,-29.852659416294944,-40.567993531908265,-20.202867871204493,-26.10536455744018,-22.808111071201097,-35.70936430162306,-18.958328877151008,-31.153582056010176,-37.43068652204203,-5.43773887066749,-12.161726022910404,-10.182347788497314,-16.774703978353703,-27.763354485464493,-32.3346412449201,-16.766813055323485,-17.68229875309434,-13.506180513944221,-7.77524962181377,-15.280257082966815,-17.468643648049788,-23.21373292511093,-22.55808522687584,-22.68777956736981,-20.39399843786726,-12.481014732241526,-18.898645829098395,2.3652195223107557,-13.234818179189684,-11.454323902868467,-31.253739657666568,-9.337972032379495,-20.393190103517146,-27.642017499128862,-22.055070331319076,-19.40106284639845,-31.542028341275117,-31.985166234485067
-42.608735506835,-74.15674918634637,-59.18477536964061,-45.72937585791855,-82.77700791472304,-83.40487861153726,-47.88063556645169,-89.28838173324665,-82.7128671765336,-46.47339550907901,-36.3750755965223,-51.47011631960052,-75.10929519457797,-43.02711503481635,-34.265581297461715,-63.99164627407729,-30.413358865450622,-49.15269563328088,-98.66739919014937,-107.68411342640776,-55.4477866864695,-40.53600411021431,-103.05725987371304,-91.03411086756974,-80.91031565644688,-54.44895031155746,-30.40055373889714,-55.208528303273425,-35.0475196210133,-74.52864450596522,-102.66428749554974,-87.8242165118854,-72.94153713433622,-57.776611726953746,-58.614325374964714,-32.92360432688993,-62.263537004820016,-27.89733149748368,-20.552521756208698,-44.79209074575602,-35.28523835481219,-29.068940280071104,-107.88049315404778,-77.48869314190108,-87.84618911929233,-31.987057415501955,-47.13334522617551,-75.5179984897998,-68.2439768737156,-54.05415939489572,-45.384487304174634,-58.05199446418516,-129.20814445829947,-57.402086118601716,-76.36763210561638,-22.063801341103876,-68.57048300821309,-55.5822182132111,-59.019574806002346,-90.53167106883606,-69.47471718033715,-109.6601118732274,-118.85132927534292,-87.01442151783448,-85.18260876513537,-73.82590242751274,-45.55621339908296,-72.32822450780199,-59.98333397505635,-58.52248118893146,-82.1803159792705,-62.794253535409524,-62.69887321717933,-48.46142451207684,-114.74664054318052,-57.47016658540107,-57.177685477010705,-80.60415109451172,-25.844028387161817,-69.10980348658279,-32.043927575750914,-104.01450302857788,-38.04419746112535,-44.20409574564287,-80.54913795973239,-82.53255459070992,-53.46571211604186,-39.478803925922264,-35.54421875471927,-112.2654382658171,-68.18109318026403,-51.02207455709132,-70.57433773449927,-29.246155526817745,-55.57745162174183,-76.74977836430239,-76.23791899897631,-57.83309898059329,-78.34512222543745,-57.19209060520497
-72.78324416330237,-5.721641530466685,-10.787256027528567,19.450636143576617,-98.28661797545108,2.6096749781526505,-2.9900882302474066,-74.1200891168067,-6.122178728274496,24.132701683662297,-4.234811511763882,24.156140319770945,-32.97870041362429,39.480037771673,37.18239857739382,65.46164514151774,-0.10154702340489546,6.354107566078171,-2.6931810930937856,-121.11019006431005,-40.65117175337406,-34.11172376775646,-29.477425730959983,79.86291455935192,-23.391302391053173,1.9620191437958885,3.9574725501887458,4.785793357432319,-11.541993803496478,-34.61930657136289,-66.06686227862657,8.818801932393352,-35.57532106000501,23.60671326934151,4.076478211551411,-70.63236094746247,-63.23849332808277,-39.53291607188736,-28.113528033622934,-6.2250669535943475,-1.0017485836104645,-17.83062580648348,-35.51884591140913,49.43243465393676,-36.4911358191706,-70.81849336338378,-16.11845048271688,7.290782199171769,8.862086379316489,-16.589725957344253,4.935894229301162,-21.27482822665468,-85.47085078633344,-18.171377580110757,12.79363717377746,1.2860015842989407,7.435946295806188,-29.315996495057266,-10.188255566067882,-7.7368713527136705,49.76760700756287,-67.55668153679248,1.53301159602986,-71.14524918408004,-17.064904649950513,-45.74504504827261,-67.04922874289554,28.988011980119012,1.3372451706851558,16.008070135479766,35.44618033736215,-2.591212886204884,-41.807593872592136,-19.699077272553012,30.323746132620858,46.459959545872444,22.08517252656936,-7.514270614503408,-25.96165548123123,-2.195618028715339,-7.631444835477429,67.95365691631466,-19.218136661799864,-6.5537915038301335,10.005771998683427,-67.04512670641003,1.179558479534452,-2.012615290422078,-35.78320747520781,-10.783605386455509,17.064218401505155,-5.04096698082438,-8.407259562618963,-67.30306954514037,35.823302005127495,-16.011019990638612,-23.85823579552171,-40.75052706086922,-15.837220852411303,37.22810938370397
22.512802509143782,6.952397704432247,14.324532235407213,15.995282613055139,18.780247830482732,26.37106375126487,5.805101538480776,20.49003218994607,23.145940681733308,16.443036205956975,13.945373062000163,23.213409856428665,13.716748460157827,18.21453183206456,13.686861862836832,16.12512227080574,6.165259438262152,12.202424516144154,35.529674393321876,17.97835809417585,10.61346434248178,13.349115197458296,15.964833280082878,29.368017085996506,27.578339583655442,16.467565877288987,11.415400501335391,17.90949142764385,17.289722199177863,11.652528627420073,13.256492869279585,29.68130624239905,18.552728170391422,18.996620541454515,25.040286401630663,-0.09098201794995635,6.442095721620904,0.7163623759643815,3.37326847129679,6.051340844003297,8.91167276008298,1.5024813226423817,21.45787824856171,27.202849636105327,28.0622194277943,-4.174466993733606,17.991934459358205,8.71112177918575,20.032707829838376,21.96762022748155,16.98083273672333,4.159789267916927,44.250900480080105,11.752298602008862,24.177382681163508,8.89940720003383,11.584456909149518,14.973269570485353,17.629303321567516,20.506089757684045,24.0456424650018,10.53482014890211,32.98410971270449,37.9773108377931,8.845048714319661,21.520682896639787,5.37312606053399,24.763112900579827,12.647381858393144,20.819182600210723,30.746253671712903,6.468149105283366,15.926815537328375,5.01449990677678,13.907603299053537,28.21764757705949,22.833055565510737,20.328367432667914,5.748573141568679,8.248017846580309,5.222994427667389,26.62394045939897,12.75970001021527,14.583705010933183,14.709378775073663,12.953514734062713,18.282860763439608,9.908758949894127,12.030949802857396,5.618538419363566,14.530159112678671,19.328746345085857,23.138850306503322,1.809551587611875,18.348373863741767,17.230202571696246,19.80662379348346,10.59226223369212,20.046145774329226,25.861124113404703
19.338868223553703,60.06594548876092,93.02198851454274,26.886169932826128,78.54106911952269,50.060217194951505,33.708802377619165,49.64945233185505,19.05892028669557,54.3524522450258,36.66906212339946,52.52694141062963,1.767326776971525,37.12845628828494,44.709297746698866,55.94434686745481,41.732725303926905,0.3830850132963211,66.4578285186624,-22.039235901205252,67.30389731955351,28.009465360746145,61.46119949962602,63.95576019590717,46.27559616347751,37.16915746085536,36.271422297194704,17.272912371261288,26.943077304997963,34.21930023852629,5.558549682809383,86.214449468443,40.94673867802226,72.25983153045705,25.742587895867175,29.169356394359678,7.883976314102723,11.631947294771985,31.44336408322262,38.18703936424425,-1.5094084175951488,29.367121592394685,50.23552332116634,78.42912115159992,50.26743273357557,20.205636079730315,64.45116423248497,67.58598645688663,21.06182026241254,14.052235612066417,50.48802051338844,32.49138681520895,71.22550458590497,17.377456982996144,33.646129207393265,30.425881881804113,34.19457380297856,48.27544421236142,50.69213700021781,48.31556776815006,68.6841033237624,20.570498285460445,32.71759353651713,11.966648593557245,27.699478098395744,31.876952131903142,13.637669812470158,57.25052767060716,41.041831404212765,64.32522577362349,80.5031676587823,51.09133430745992,43.556952743545146,-0.6279705710162056,83.88875475646238,33.1594146730098,36.33513161162025,36.83542342085539,35.327255762250076,-11.464565676793612,31.69360009589673,18.661952891274396,32.6283950170454,22.003448917720622,56.20431747586667,0.6807964006724467,25.937435826254006,27.78032540138059,11.554604263330978,44.63153528279366,16.145019057361466,31.361074398209777,76.69177993281966,6.201058562992405,42.07364487178627,75.7754621312559,42.259241472767656,22.985849250148913,79.67836326491098,60.25414049785659
-15.761060590024163,-56.15604616865447,-51.169513968385445,-37.34859813690853,-120.65409700032738,-71.05741202100157,-26.06838830757304,-93.8837758340165,-83.14467704985387,-54.466454890251,-38.11130309671253,-32.446286916932436,-47.27372514139704,-49.214049143080786,-38.582745612780265,-52.08898273835031,-43.97762284002397,-22.214550886181428,-119.22782887342346,-70.98680730135706,-68.90072651916154,-38.80545267664472,-80.77306363620572,-65.92072174219717,-98.94659929028197,-38.57440499948896,-36.756993356764575,-57.130921692722296,-64.48497983325015,-69.92858077584962,-115.11767432311055,-91.18226846987253,-71.07970324994302,-70.07218420662085,-38.491522415428115,-43.158390638791595,-52.6341225144066,-33.76295737493829,-36.49848570701106,-46.93835592304219,-20.262817648942043,-39.62597177355465,-54.259289632112434,-52.44842516189049,-31.470674681379137,-54.90623015124895,-70.07412852418356,-76.47423172521874,-52.440883358252556,-70.89668764070004,-53.126916260884194,-18.926506535447615,-101.13934808127296,-17.877086254739876,-69.26356262246281,-24.204591919978,-73.60348380028815,-44.99696911090349,-46.58590595716683,-38.07580958361275,-63.59668165454186,-61.50991655133901,-26.47385996765292,-79.78635389781766,-57.25907747597683,-52.766114281024095,-69.64125816754249,-59.31741799304425,-15.073277413146828,-109.72302060506009,-80.67189316788948,-48.27788428500585,-75.29796589348538,-36.165290922153595,-75.0731376534349,-21.49365421520998,-33.12379856877991,-78.35712452701834,-47.93085136188593,-18.308763602267348,-56.545201815514694,-41.81879599855823,-18.990967655647356,-14.799935141353156,-70.62370119929405,-76.14628528631975,-64.69385841815046,-34.69196461523911,-32.075796941207884,-60.59159180046188,-12.275463899015202,-54.62819046197199,-98.67667598120063,-43.58301118024784,-39.49515963589415,-97.60152620882407,-64.53315119459481,-40.70670805494441,-103.07664489723422,-88.72628286261427
-58.14957862441603,-80.50627342584721,-69.86749374597298,-71.07370317833299,-120.05563270747028,-116.58294904154464,-50.85007333726886,-131.51843598516427,-100.23842629202336,-38.62098079918638,-49.4625401654759,-74.52677066426303,-79.11793858209839,-50.94729847531888,-48.05876968768563,-55.86813300127002,-34.36464015242407,-52.94531330380222,-127.04450790267609,-128.46799436559837,-68.62518152435358,-58.47479752109106,-97.78904325235581,-69.34647448598822,-116.8832402631586,-54.8145084823136,-48.34953980051123,-62.252893056665,-62.646825644792756,-92.83653647872401,-163.73252876751638,-97.8855490253712,-120.11972778115073,-59.79788128565219,-61.07508977150789,-54.84201206306836,-77.81713524218773,-21.74690651004148,-45.230438966393145,-38.514089572636564,-48.6052675701062,-34.842407037432594,-123.46488357879593,-87.59965440834914,-146.5460971866292,-53.84142113436149,-89.07479585013199,-46.60354611822175,-83.08877767628712,-76.39075958277081,-54.72332559076768,-55.77767506318917,-136.0287161546669,-62.1077821049207,-85.98858394517522,-40.47207093057287,-70.20834664939498,-43.39373117608894,-72.03312720710291,-75.53704889187966,-87.91987536854406,-87.84406376354238,-161.44240212661572,-153.91833933290556,-94.04785819023758,-106.23381889430112,-76.01870942580871,-72.95804271286707,-72.27437839836006,-62.252142191184,-94.99891129244705,-71.24622104624244,-71.03410333651937,-41.329533268845985,-93.44667841141863,-83.82486116276777,-75.39289521229983,-95.40771312359338,-47.99624986407535,-70.90291233913068,-43.74963670257662,-80.63563298056958,-83.09452328359217,-82.31920863950266,-82.30331334919741,-121.46219656564341,-71.6782104976629,-58.212912457067304,-64.38064767535514,-74.30022100710681,-77.20576682128716,-38.87893180554098,-94.26158949248024,-51.95343775974468,-40.676920755347844,-55.741418101025964,-94.07885513198148,-56.96447064583656,-103.30597921368413,-70.5587731492674
-177.62354056073397,99.32476148569903,132.6541820528337,121.96055756526782,272.23303545193096,168.79490245728238,183.30966078369696,129.49326977218362,101.90705667044404,-160.21682736777527,50.65154937420906,89.11223753702605,107.41575089350897,-74.94915269857363,28.466293740695964,51.36885393314998,45.22240149499588,-23.023272684063834,115.72316732792167,390.4254999524298,204.68384041964214,-8.183402559876058,75.88945311955676,-37.134020009852364,-22.22187621191979,-13.19917094061898,-36.29721101284008,139.33298277301662,68.3778345274881,251.45586995513236,154.48613970431566,101.56108892378035,158.02712091959438,51.97470563968204,35.7493708592224,123.80876280489436,37.79977651829855,-33.64447352637272,55.69589358322169,4.612566938636583,105.78054381135614,72.47000035216749,192.01628640722583,60.662106611221205,91.5578212827442,84.18247451238229,32.97445384256662,-23.792924381159306,155.05433639587065,143.34403975204194,-2.050342402684173,55.52186041252567,134.59472798709203,-15.944736404597306,-58.13049473088686,50.918969856286495,25.482189290561614,116.40930076776404,57.92727615872491,103.60810198958178,26.992830493031743,228.0175475119849,416.99595171477984,327.63051084057395,131.9675246561549,50.78437532423902,85.56218093774825,5.585877661808285,129.46384043415904,55.68874731206284,83.09188074777244,72.11237738038757,-31.956054855136298,136.33092727761436,98.9574028371019,-45.63363568131534,62.55716712143492,57.81029485763494,14.26986653980059,25.96692578548016,-7.79978905662603,88.94757026546914,29.746172106283588,97.13036896988733,186.5766857765859,326.8730232546163,69.51983640662485,-8.293979114032874,155.07098984343344,189.7859189666877,27.394052714793606,-85.35032382340822,99.79984694376776,16.692401439667602,-153.7132844509662,0.6347380620622031,228.56513928848565,2.9161202822975283,-10.962690176596219,31.716741044801356
24.632292710299893,44.957060143996245,21.15840701699036,13.234321243232493,51.277775566135425,42.69988754712029,20.538972895377757,25.675228046961365,29.752835083566097,50.820914444867874,35.87873984538416,39.244933625795134,-10.918112546792669,32.8921245977192,26.449214800625526,36.98049988247094,22.10579148539969,13.561172298498155,60.163639259085855,1.9708193237506344,27.901551570168298,38.53908463903933,51.503995696656894,90.40032784407128,88.09985028742872,48.947149515552994,54.41732597349481,45.21212340183697,7.971183062938601,-3.4777289449000754,-36.18083896561228,63.20995378771499,18.087409617494266,53.518317583262295,31.11247942571124,2.192436163293525,-11.322333705970008,-0.7473231086710885,16.160494479308795,32.573667496648554,8.581110417069647,11.172360048101849,31.50498461311019,63.930325577850375,60.0660503295141,31.006014573986036,64.05679527452263,55.736445753351,4.146889329094375,0.5625841208140495,37.47316018248457,15.327415139331897,72.1373146854356,15.985148373734695,53.84588970343422,32.726840191381136,9.098902133541745,40.61669607727173,40.401888691134424,74.68950139411115,51.545628080197815,41.25224832384604,-6.870157194411701,25.5626993630773,14.250933012315206,16.5984394001516,1.3328549793895879,54.938954544674715,24.31552003022327,48.09230922412928,74.34921792755844,68.98240154835493,19.12750277073655,-6.041532129156207,75.87587643708842,45.133406327061266,46.383071946564414,57.881258706921656,31.096913033004935,9.935693731826241,23.266900614610634,17.240911586041356,2.5862862145427035,19.906317882014612,39.02981494183357,-42.45414669889219,18.74397536263681,21.45599126471137,-6.471005786857187,35.20230284432568,79.80121693755014,68.07590553180457,58.494602073339394,8.720999856111517,48.11332942906798,51.29565012368745,23.00808771263834,40.16868492423843,46.89616248485143,50.11265132688354
118.09287056854764,17.33894971320609,0.5631283260984176,60.87659705439594,-2.297723162894971,131.59085841383364,143.1225306907373,5.533080578321499,117.08138938479092,22.70657575952559,-37.43762399809497,179.01446055915522,198.79123466552534,138.99201438630928,131.6810741316817,116.56839922282242,84.9846899865865,198.6906544764069,122.38935607777346,168.2378195339201,31.613722077400734,-72.91201459172599,12.574130950037992,203.27919660435222,-32.365265846124,1.072054638700335,60.2378742175263,97.17518020197856,153.5786502807218,-45.71921817501335,208.10231511263612,113.40609053779667,278.3192843304768,27.184817783527595,75.81833915328619,21.738471402596705,-3.5062292752363584,10.498039734515315,-31.278896337896597,-79.1121896038063,35.92700641252529,30.43701214047542,79.9915382500849,70.85440223456295,-28.444728943943346,-73.94938915971886,-76.50286004608712,20.490291693428453,216.59356279220742,249.1842411309764,-8.459323668543727,86.76254502000326,141.8105270539502,-47.38100737705312,137.265411273237,-7.950413065494534,205.40917768808285,33.62266718271751,81.81695079213591,-50.58791580818032,20.840447774696436,-18.778543929103268,343.36041877960764,163.55929734213734,145.42449378345415,84.66317779957113,42.7616042149031,37.35365729332666,-47.54651422670672,117.32380435091962,70.47169768840381,13.180266703643033,60.77261114592246,50.58501959668694,108.553289393443,117.66794660656176,85.92238051021744,132.607910798942,-70.54567602040089,100.7853479860151,49.52703812553531,239.9735454162975,250.04329002956055,-47.14896945880551,25.274074037524773,215.7214853303247,128.49036343220968,28.71576338420373,129.31147965952016,32.68725406990711,-129.50984529189475,47.08116713519069,-12.789327975649606,-66.36620105541617,58.47135274374888,78.33875477445955,72.9868201785665,-9.251880348217604,32.45985597568799,82.82320488186289
-139.9852402653772,-108.20712788190585,-107.58450010372563,-88.08171570076308,-181.8750276270933,-196.14584075510712,-102.44345670863228,-132.186797660428,-150.0708593985403,-45.626160818525655,-48.90825511821369,-93.07602254187282,-168.24742636078278,-71.21228683087861,-83.80758035556146,-88.1193843155669,-67.80191002808512,-76.9428828052425,-154.34220826591286,-168.7577431409404,-104.93004024193982,-55.22481276503272,-177.00231123171756,-122.06072164090422,-75.92299912872599,-65.21735285119776,-43.50147064448229,-95.37055729135825,-54.96859464914188,-71.5859871135208,-120.77702579458705,-167.98717654515443,-177.48010976306256,-65.3181917766107,-76.3946872198899,-72.89805097030775,-22.40590459012252,-34.55476393710616,-28.056101722629265,-38.282855093789664,-29.612734644593537,-31.75026344242058,-126.35821755677465,-111.2164136351417,-123.39913351217139,5.748180032638529,-63.46222018949535,-78.78621337154058,-113.90500475608027,-146.82454967677268,-77.35074509990599,-61.78030700669046,-256.5689018067904,-33.36691076936349,-134.514211195359,-23.153731750755174,-103.7028021563415,-101.10951206731005,-85.23725194433018,-137.19626592492693,-118.20782072492831,-138.7421641989561,-151.49526492997222,-159.8037560891265,-189.79542347764385,-138.00495520904983,-107.09859894060146,-117.8839662440655,-134.55039458252034,-67.04882297557623,-88.48839862665972,-83.64557499084908,-83.34978559980401,-59.2402236305875,-171.20877447129453,-60.6659111879109,-89.44123370462212,-143.45036183442957,-49.15736118572295,-84.93577598648271,-50.36166740919192,-113.06179304158051,-95.47686272345864,-59.31807553995518,-117.11953695264458,-126.84073591719644,-72.6882688947968,-58.75321644890964,-86.76547571353554,-116.44178596358424,-6.874804555877837,-47.513765182061746,-132.19195996524834,-56.36105903390821,-23.716497263750306,-131.3722191460527,-124.82113461584264,-29.41137707776795,-159.75834901225042,-115.24871268277738
-38.603163990805264,-57.379263568693545,-130.38607624404736,-126.21170833994907,-127.85817559928078,-93.47366760506962,-42.75725061653721,-67.74640732993154,-121.9760886737013,-24.127569134009804,-43.16619719201887,14.824282622046585,-36.27258003474077,-33.59104409275939,-2.0631796940282277,0.5354763968958945,-38.26460551415235,-2.9544738628737526,-47.73058351679663,-110.52185345216418,-84.49327414340996,-23.65224033599966,-62.90917525504059,57.7959290400986,-150.32636649791098,-69.1211802955512,-26.789650355379543,-85.94224649184717,-64.90607037351738,-106.35836987957033,-139.79535627505672,-26.231221985635003,-73.42536271140538,-52.538280445298795,-66.83296246245888,-8.751850072007546,-126.85299363091725,-49.85739246585623,-64.00080780207293,-51.60649859181866,-55.75601113829521,-8.127094781504114,-124.70086041227937,-6.310453320701858,-155.07991097019604,-65.23126859519193,-104.53838890998983,6.900006897420739,-13.868934671164947,-60.22904691404176,-59.16648666662761,-28.264160044626024,-113.82287012315383,-61.8324472435896,-53.03779659214582,-51.7129982866334,3.0836630869268586,-53.64786184352346,-42.51069049509876,-0.6444484692822627,-49.414609706870195,-168.15710035988778,-86.8768297244224,-53.79014867609795,-69.07452958733882,-60.728317893387214,-111.7751245977213,-78.54473601320291,-8.623182950669625,7.093644643348979,-63.21650941748369,25.784039473763535,-76.18418244162903,-82.73345465615631,31.49756980188885,-13.998976497352851,-62.18670410748468,-107.19103053501519,-41.31978030388866,2.793694084530096,-64.81063872653493,-5.857330637039708,54.548711807435694,-32.9428758221569,-40.56524144358931,-77.11363007425099,-30.958200334056844,-42.3827542748664,-45.18088856327746,-66.13678868227719,-37.61074381223735,31.160592639461107,-97.76313742456692,-65.68508165352459,-70.42508306807066,0.995245818861945,-109.57885861008198,-44.91779086293775,-1.0803823884306418,-77.9123330868115
99.33869826456412,-48.58114988264873,-64.23834146077593,53.75516970911157,-162.73350472324242,-40.50933466400263,49.76911602674931,-85.55813928363605,-56.672028604881824,53.43365278403584,-14.933043582732884,67.53777226262804,-92.1717117088157,82.74617966433274,21.468280166222435,87.18404868363275,-45.83960438010358,69.92506351470419,-66.14641816297524,42.22656536561739,-18.845699249156542,-5.420433271067568,-40.142658634215934,43.300087590951705,13.131094043226792,32.98305224169652,-22.198569725582743,-45.54512458461754,50.30428926083474,-3.4958034369345756,65.47760901828008,-47.07424445431749,-71.0247544676139,-11.4186691974898,82.33115836959126,-91.56907751729122,81.7944317056251,-26.053878231838393,-34.269947857162876,-17.736361833228457,10.897230506903496,-2.6137484324681255,7.8327052082778605,57.755378587729375,43.52582156201929,-129.5793932604995,-41.61541775138567,-35.83024409166894,5.513838421548569,47.640205585155165,30.02142620326191,-15.36293973738381,-62.34627322997311,94.45863511178187,-43.87305445730169,-3.846717566392006,-134.650245232051,-19.817231186569728,29.28785863506435,-36.67959426976696,57.10649016415878,-92.18824801929186,91.09815324385879,-4.916163346246981,-31.588812422868596,26.57561185724707,-41.45713367769416,29.650204587447888,-23.64663009058854,24.17909375504155,41.85015883336365,-36.671246842702175,42.27888001473612,47.39884320406233,-185.66428417549747,113.86347746787358,62.018294337087944,-26.7390081298417,-44.86734263143161,18.999957180835356,-31.770886641819008,192.24416084996034,147.66289780747522,52.01123787650483,-26.93016828934318,-42.934227511560984,62.19958303085365,28.466453002620494,37.641982281150135,-162.56395114804045,43.911631615524506,65.19347842388675,-28.023821556522613,-65.54822204057233,121.3737298104872,-83.86226209802903,-24.6843232976878,-25.89839993308632,-98.659411803698,27.039470473769295
124.57093588290046,101.55554066461974,84.27090143611774,61.08254108478854,162.83495100132149,149.993173833073,73.18924964412321,145.43522504291275,131.8770037029781,62.48998987373444,60.61647953067342,95.4127015692438,141.65199930173074,52.22800531870847,58.53371270732733,82.77551249258975,45.821971286201574,101.5997324446743,184.6014326896533,116.62888705165622,95.94461015898304,83.47239941475439,120.58806237288633,156.34032638899626,98.16884045583849,61.85876784578267,53.072136586999896,80.72964769676388,37.19591234776108,102.56452145555846,97.66238620658503,154.23293109356416,132.34792230214646,87.27878695591325,73.63497028769073,88.64328618731487,111.93379343784098,55.35327764699957,41.92745998285622,60.657702899901814,71.74318231121097,37.7549174864314,130.70490776261676,94.67151878894968,130.31580488529687,89.92490002670971,90.87769044405282,85.8310195801092,124.51571047179766,102.55072211239944,70.08660683857309,110.93931200461286,282.04128794996114,111.3119743332432,145.80432696986895,32.37171936121211,125.92132131557463,77.81890133364058,81.28943219742442,143.46842757762087,94.26169719119983,83.16052621605024,166.63959788872668,198.83013370001316,148.12403494304579,139.41951661560617,109.00056382081087,94.69349569315938,104.00866023553533,110.9012182594546,100.22569755407036,72.16305242273822,120.30819549388734,47.74894476053997,201.10103102395172,83.66503837473789,90.9816045002921,157.68489305209806,59.02899433317196,129.22139424278134,44.6261220488885,119.4425253953281,72.57069205160153,114.19667805990463,95.69081903227648,159.12451341340895,72.48563510832504,57.51318023424952,99.40941562792685,115.47115197927177,107.05935729089222,75.33224472365858,112.23040700837922,66.62674376765862,62.597402914895895,142.16983183885077,107.95371849224327,108.86517024372587,146.13311058105222,80.7754964892067
-37.545564972762286,11.139348401629546,39.38022322565636,-6.456520774698441,-11.944618096279997,-133.39343667682863,76.48323957442823,1.975281425838871,-79.71223215453502,6.978547153475968,82.89524662412998,-84.67753380289062,-296.63478748010016,16.373357324474362,-40.70939650318503,2.177152669787409,2.2841754844966196,-26.74634499040611,-89.7303184719607,105.82788587832201,208.58972682500828,105.1106572057368,-9.002061899040337,-65.77338013905133,57.750137760008094,76.60744571496956,-104.03038445819386,-150.91500825702073,-40.84842614483009,156.35361378995484,47.68016983480815,-115.53241084363582,-185.34782120774966,69.34886360561131,5.560646580538234,99.51542080127065,-58.51067641574205,69.82295147558742,52.81915435179436,66.97667403854419,-4.767965925604241,130.00508902189122,-26.405169750504637,83.93595830587915,58.057316107188576,40.47701177082062,30.949085270374937,130.93162041766544,-15.080587232196416,47.05563468559693,25.80100098425138,-96.07996014457251,-275.7041372410783,-34.04648165636239,-154.29683069853562,70.3704202704954,-184.67404456309023,21.285220689865195,128.97983814194774,76.16777480297598,98.05421640457548,-29.691140547875374,-72.94526700490333,-192.45042147238254,-82.42517048005665,-44.09839403827067,27.19823185960299,54.48770743051235,78.63379954011212,131.0873414908719,-18.708187236806324,78.23934737115826,78.43640858445538,-9.811852266010144,-191.46878475961384,-18.136838306552622,-24.01440192992527,-218.4205555081811,56.14910043719875,-53.06212385202573,52.333880576494444,35.603944690842134,62.990055330206424,16.97892237600557,27.176748739018528,-139.05841519913116,7.707138953956429,66.59729630519931,-136.22087793678222,28.023950099945754,4.04841308506705,102.35326968752507,140.54234474118246,66.67952676327782,-1.9771695922138417,30.771898945184216,44.52439919784572,-40.643243874769865,105.55026346775159,14.795776066207063
-65.57522112742244,-79.21261928544075,-70.75133665874272,-52.23185236700292,-114.95665800692773,-92.5070301447178,-54.61814684489007,-129.80108649172774,-87.0404637951044,-25.3719475247261,-61.96819831474049,-84.2090709566993,-82.44897450416863,-50.02415085833168,-50.82358777945276,-46.14081806823358,-46.377687517876666,-51.53726400956769,-99.86504997022878,-131.0137762612012,-98.61458207710665,-69.2874597058063,-54.015996274159995,-46.46662249826856,-112.34130453947925,-75.81704755467399,-60.49056144428306,-70.59654554598443,-67.98988477013599,-93.4835754475401,-106.96574012525747,-84.67592062425268,-103.15961481507793,-66.4061374179092,-55.52875464298254,-87.81463717610319,-62.20226245888235,-43.47763989472484,-56.93278287654376,-43.81929996480668,-44.03470779065941,-66.33918122792296,-113.28759924449236,-87.6578352357189,-132.82941992469244,-52.84781135871688,-87.31640990083237,-54.55169773624815,-59.404970682647466,-55.88762691343204,-84.64405255002403,-36.62924103800208,-46.59003077224024,-60.147810406694894,-72.89756217899333,-55.487151144206265,-70.12684897284292,-55.573757881985024,-100.31106908560369,-97.55113567634496,-94.84068237364622,-133.43298302755065,-106.28105954715785,-112.32956962840883,-107.1926221973645,-129.7542631801984,-84.29141933199595,-52.488399071405844,-106.08627000943808,-96.91355042486013,-90.25980115748227,-82.69386443173929,-88.12476759923207,-45.669011184969946,-52.52174002063257,-51.96241280065738,-60.87427255358342,-37.00467992321342,-62.437204010674826,-37.9113325995211,-59.62309196807155,-50.84286291885563,-47.559053249021915,-73.11757081198847,-87.54678755229862,-106.15222970844924,-58.95581358553412,-64.9781351410216,-57.84604055405452,-51.834690070483724,-72.74950791126253,-64.99119671394921,-99.12082424938865,-73.0271993460771,-37.52163421132562,-59.040464311663484,-86.63271172147346,-60.4604502914334,-127.31560787738512,-84.58450035846766
-75.3413806686375,-131.79902334804441,-116.48069241583647,-86.03265985570863,-140.90831390189848,-136.85569938991566,-83.06123238137369,-96.19824177485413,-101.38091946244019,-84.7249355901908,-53.582950956552395,-107.03023480523886,-126.26777252477558,-69.44344665786953,-77.11866488743493,-97.75274859675841,-93.60831932713246,-64.93291003450241,-114.66114644851334,-125.74810499434204,-97.62800309318509,-60.71966783935551,-170.9453988854136,-56.844704317168315,-117.22146714482938,-84.94304304235031,-87.04550732225894,-82.24682199968498,-117.49216022171477,-106.59776587998766,-193.17975895830637,-104.92746536729842,-143.61151851890654,-91.62482088275623,-94.72108577478936,-91.67248688140502,-149.8058423878478,-53.12545187212154,-57.41699228206325,-71.93185720320258,-44.42454274421588,-53.55770388899703,-169.69694278220678,-78.73259784330641,-153.25182595115731,-72.02045156850573,-122.96475010636604,-112.93279844607443,-55.6509785987388,-81.384180307215,-77.47538179363386,-88.22652931737001,-139.44913164437725,-87.71575542946097,-102.70052328416993,-54.79618456575777,-131.38594283329567,-56.91717979541813,-101.06643371825194,-69.58552687746531,-102.64122003472728,-147.50099823160934,-71.63430852600462,-160.7184576030768,-152.29808793822377,-135.61044813503412,-119.94087456175039,-88.09561214132002,-101.32944533512998,-63.69470967947823,-124.41685869384996,-107.2429736148891,-82.0673282491179,-98.49810138792664,-130.02014615438623,-64.35931565464243,-68.83960706213932,-170.78172406798873,-71.26492073587751,-74.38733591782608,-93.14016992452287,-51.321328320048124,-92.83243614849053,-72.07781375556493,-87.32563630910201,-125.93193470185956,-98.83038787245462,-53.319033713812196,-97.03720760533002,-124.5809511051948,-40.661553554479724,-63.11846672358416,-92.63011766798869,-87.08631608008858,-80.88139251165715,-101.03539814348466,-107.53197483397526,-90.7704268539102,-76.37255107453969,-67.71521632946583
-34.06692367887627,173.9962990696363,208.13119752445797,95.11195511831025,219.46548141347313,162.17520806843874,118.96674163282151,84.84069802373295,208.24013176391523,67.56576251657008,31.92201079846365,31.82749162183386,161.95503763375368,26.13712930963174,62.99091271776127,64.51575854329228,72.11501455181953,55.877251561630935,176.31928205282847,66.61568639398341,131.96626246665653,32.78736655527523,268.170194281531,-85.87436063875704,56.74464772295263,35.963563399202265,66.54722771159521,93.23057226862687,95.74574908548063,91.29467723873539,176.25463493945696,168.19061179394342,192.22333296821742,195.38769562653107,58.94001229760987,100.75019195179583,167.62292033695192,45.610011017884055,54.80366573071672,117.88924489742851,49.706434705162316,99.09082885398755,212.92500338541464,106.99838179767666,45.75601211941973,171.04794193819248,55.10158201440277,70.0405889214301,52.97038283266034,76.28776275727986,69.32182048189115,117.78732773707917,114.74942038778323,28.339189217708427,104.29589858914784,34.75760277159353,232.81400078788002,49.93062902212223,-10.352203810601361,70.81173686461186,24.68987996330682,174.75004849462667,149.97765021803366,99.71796475641293,247.52873189369006,125.29924362082771,134.11420079121393,51.2135470370439,34.93270493569416,42.439777701159386,88.36846769879728,27.192001401294725,91.34018659071398,128.62062432093967,218.1976528901846,1.5137890911035254,91.61788522152798,187.89696664092932,53.32153637003321,111.88736749854925,101.24106919985887,113.9102324650076,-15.026296043272957,16.71242523210289,136.98299864779716,262.65349332144154,101.72370465822337,43.45823104640249,69.36618505008006,309.9858228819184,42.67127119110817,4.007180891196189,139.59866312015723,100.72209721627813,1.586725841433984,178.64719220381966,174.59399698382217,125.36136876885261,178.05334882840975,30.527600162557214
79.8869817516943,111.41136977387411,109.11326718061925,68.40769999704561,151.77057233594587,143.3325884310237,26.223546816589675,136.99409433203715,118.1685860547693,62.04249617396521,55.20621444384044,78.62102671530093,114.56677873573442,66.87240508991528,46.313371959638275,60.757841164696885,63.96037523387636,53.2574493959504,177.0775130059288,125.29078075471158,75.90088210952545,62.614826033167716,163.33996644764284,143.08993125879178,140.8166802565431,106.41026159345377,62.48944918971165,105.36683109652961,68.73951176177484,94.57312115149021,158.8630315659084,115.58008517802284,136.6829338258745,88.91437077890349,67.88633804338964,65.89718790176063,76.61238910775441,46.380074600483034,58.845522302388325,39.49268935703448,70.38493294413341,25.925859886369125,145.63659530610917,84.3413264334142,159.3589220709798,79.6602236000876,115.92949204344445,145.67366899488974,67.22566052598036,76.32585701594941,59.52548407170181,67.42279270461701,195.2411766844875,74.28832923822551,133.4683753439777,51.87729594728767,143.66902317422077,70.99457681512455,117.1806903846798,94.29718318206743,84.25368630834339,162.9552892792365,173.89651027791209,159.72254319468135,53.272961680268246,47.324605274898246,74.94915603574316,128.829661883676,72.80759941687128,83.6699419617746,105.06611074541723,101.65727077252036,78.45493396021334,52.20492880145567,168.9384831662528,87.36694786213401,84.86760745868823,110.62117036560339,53.1618770349243,63.122828748726775,64.95717825831693,93.09100377614902,107.67976208006267,54.40992551820708,118.1639909142902,112.92344913229797,69.80883843104131,40.47886325669141,53.571438065046664,104.68541878362758,122.25114211149541,50.648991342170525,92.4726992470411,44.345922979035784,105.29108297696271,107.14323028425711,99.38019426492481,98.65990234076719,116.32271717655719,80.0546973908578
-20.34632233122875,39.69198837316247,-75.47072697022342,-21.67472178936635,39.38889082980235,11.668244801802066,9.465548415241786,55.91401559039209,-81.32369223174027,-56.986080190771915,31.463670050043735,98.1257320830532,-78.51321583611667,39.549200083830534,7.6845630717398805,67.03023699040533,-17.50183832825713,-25.969015406023424,94.86455903518532,126.79368358400164,36.43399240109063,58.066716034115515,2.710602798035462,44.75711993706151,2.5709698502330234,-45.853576861854926,30.86750990420728,32.88411889735486,32.810182883617436,36.72191191807945,13.71407164157981,126.08061189828231,6.2637171158663945,27.00296716619664,24.565173554949784,17.332600173031352,-65.68437054165673,-26.574871866832446,7.334272689696655,35.58924483881113,-23.884148297711253,49.42522785637912,61.438476655467575,89.3987931261471,55.837607367673805,-32.290690310415364,15.635085147711823,-29.036823299716968,17.655950034449702,68.89571255620437,58.71017393242253,-95.4148900696706,19.301294478308417,-1.695610114709385,-33.80079229176957,39.37998125683802,-78.01748565499989,27.43776646414846,48.99066787670352,135.9925752993447,68.87595405796012,-7.849259125255323,-13.669603820361141,39.97761504416361,80.2999615335151,70.34682858392038,-25.316429281662543,-80.41611380012273,84.61526321850809,74.50074884520959,86.98532430058937,39.23613445444937,35.86810297846792,-35.60522114280009,-2.375703161628978,16.861442438960356,28.305352384534505,-29.37479528553799,7.00755568812437,16.168792564942255,-15.148472025862233,18.401160058684617,-3.5914778799521208,50.49249059820674,13.490256555135892,44.80324914531257,48.22318682835947,55.872569390179414,38.09413307356407,-68.14930160842262,45.076907780093656,73.88533716092115,73.68128133207102,30.922185801560634,-45.02558586359638,23.48225269808926,-8.142912756706387,6.516649228247247,2.874259562242868,73.01091952872848
290.7654305949829,145.09444419039602,111.14100798401513,79.3755200630827,216.4044908498918,369.8934382190885,206.88215618664796,216.1263291563602,401.8620716024452,205.4971031955901,80.87928151918483,128.07067028745993,390.0317927608437,88.05857641299708,78.8666462860917,93.14751334630948,110.46788943732194,254.67520321304767,203.49705616867496,307.565417440651,255.52426716849928,92.20784053393041,340.5338881433443,205.8538050169527,151.83873806031926,230.98292001256377,84.94587445536585,101.60216414323682,46.91415346619614,245.9067592740055,337.2422248895514,94.51444451668401,282.2182818932783,82.54478488257689,29.625908378342466,197.17475508525723,280.24632754795084,168.73026550513228,65.90106487041238,117.76532729019173,125.65139005075314,153.90955726425634,205.89908805944236,50.29595581226171,142.59218303337354,113.18220071078132,84.09600134311523,223.17585370246567,131.12704641874942,110.65968102467956,92.70885146718896,154.75212481126897,199.24838911298852,234.9902380264505,287.5904050701977,35.915250523341506,270.49081905166895,96.80266665010022,185.45044774817237,155.69527106813823,112.14636772036214,87.45217934261886,179.92858407098652,269.994541901917,169.12646648569284,162.00521083920557,225.96587665557928,197.0840511976955,203.99852709512726,139.79161415336512,115.58188063272236,176.80738243907285,249.51481741012913,114.5890176420771,228.60809660049784,150.6210151087254,186.4855404455292,174.16938907701928,91.4218054462738,129.6145775311432,132.38516629493105,217.2883941241914,225.74592050767495,193.5747595907504,162.27380905844512,255.12222939639773,160.64690820739372,70.47843631337555,128.57555659485806,283.7824723634293,171.76987904035735,119.06933872233907,140.20967856085423,172.72739397422987,207.10883740265353,337.9091562762322,263.25109083100847,239.60014846545639,443.8270942951337,79.93945401553387
-343.013953193158,-62.81843130705046,-128.1618349990979,-135.24431412444662,-122.15791929459543,-284.2596638357625,-16.581094051398267,-137.9742632457962,-306.45754904807643,-127.0494505211712,-46.05564720285426,-111.28605648883034,-234.6077181057298,-89.28328001573409,-67.83971501139311,21.193136466565175,-83.18494612777147,-173.20272480088605,-208.7635139890549,-180.38937088878097,-111.1129262888479,-29.249299836340217,-217.11446553611228,-64.62325277581266,-233.3744043749739,-83.18022103616667,-153.03480326249164,-128.98304678829078,-66.80204524794877,-56.998862646524366,-269.6633981708791,-157.00159147217087,-217.8175231467781,-101.33510879193167,-80.82751703962064,-73.24580685253308,-303.36270177833785,-122.66390895276864,-53.82695187083622,-97.05996562437107,-30.763363696364,-6.13479030209638,-195.26912544010227,-0.2848204712343035,-156.06192427830774,-192.5510463888196,-121.85411035676323,-75.13700243100779,-47.740159036524155,-197.48476452998236,-59.91870373136229,-190.89911986327462,-361.8881090622996,-136.59135187998078,-224.25328150363376,0.696748597161401,-227.4957021087478,-104.20890065532274,-99.65551112999054,-1.3460151368221653,-32.47351550421934,-244.10342945448951,-208.98212031355726,-320.90265099517774,-232.43539548884624,-193.98397669340017,-200.66487561779033,-135.9448722149165,-75.55856936074895,35.58212441099303,-85.75238710982858,-23.34239199335605,-143.630218385094,-98.49585284803291,-160.37899755348587,-93.10169753602172,-162.2353295190121,-318.07640219363486,-107.74888598817411,-130.71103854870603,-92.75713446130196,-121.51214162069854,-39.885626524816686,-81.92668462439347,-91.02692149423167,-348.86151798851273,-62.771694751048194,-94.08573092200469,-116.71458572967785,-345.96607635186285,-14.929179183406397,-56.46265549059014,-129.76453691575944,-128.47644893033774,-119.47754663353989,-199.66472316024712,-178.2473309555865,-175.40668617906522,-172.3797988193892,-61.943288539661474
163.41621194659615,-29.851734925265543,-107.51201231999919,-3.519550701336332,62.355012753382645,113.9613619971544,10.321707584049783,108.23242271663129,103.25983335901552,45.360512469369404,11.275728997799735,-14.569311664524045,89.56610653402461,10.238198405644647,-20.076776590870605,32.192370378743476,-66.4980209173703,85.04097283855646,114.54850323733842,186.43705112301782,96.24761495138019,3.9865282129012547,74.32547058960562,57.33517754607115,56.89624936042805,-3.2830270524626335,1.0482989611174907,-47.4065442191725,-45.966000643712825,107.56475291086137,192.12754115060298,-54.40227946201054,39.872100919098735,-83.9644064954963,-36.005528310268076,24.921937755291452,113.41538159994252,30.5847143508937,-4.341074858927859,29.65189388812755,12.904653703928563,4.4291783332143275,144.15104321834175,-81.00356220603567,38.38637892070651,49.0095663002081,-24.357872493482336,52.299234783299305,46.22332718479603,145.86682057017305,-76.5167454564685,-14.856745856553504,189.99357327185615,93.90735272627572,175.43791813212113,-29.32910600453622,35.19247869505734,15.543656433155979,20.45235119200122,52.34541939956214,-16.05576427894099,-92.37185617933979,-6.668689031680932,138.59572847426242,42.16517737796654,30.37366699922461,100.15763648656441,14.80047670198518,-0.9970570981083806,40.07841640502339,-118.02760008372057,43.5715159613994,132.80055694743055,-25.68611582052912,57.69320251364343,65.90154349586854,47.852019067976954,69.8824476337136,5.776718189959635,62.57755414671608,7.861406961854386,128.89260355894487,25.021274943744334,105.82410332537997,-19.420823364226173,108.37505597417139,89.92363828738236,2.0955779951501694,44.73549953188341,-69.87981335396728,-8.796396665491935,34.06642633530491,51.156115242387166,68.22331485484695,12.827151248105435,187.76250378528758,38.44098515382525,88.35641211941937,82.85293764319404,-31.819327381911094
31.963075363112605,8.301130284084735,-52.827302774666016,-69.27196990157395,122.68712383569766,16.630820297515974,-0.3736918711715604,103.41102140413719,10.63394813234993,15.473321419769468,21.303013273597635,-2.1496481676913897,95.9658373176249,-24.107527103462612,-1.9849493901388653,-61.4608338522298,-89.25109716741264,-2.4935109085368468,-11.656149212481806,-13.050100074857285,30.036056186974474,35.618714399381126,97.51221261249484,142.73446932801195,-15.814579498756473,26.350573744379634,-76.50744970304503,-95.90098706618465,-59.52569540301154,83.45454726322559,96.58873725804791,2.5678393468112843,80.20556341294049,-31.78080628477051,-56.25399346874745,-1.9734755587189554,49.38985306933061,18.78414407354527,-15.772972068134061,17.097743587779185,-14.146009905549317,-5.840453845421334,-80.73000067825555,-14.803454939401801,-205.70950120234554,-13.408035431627814,-55.175392626190444,42.62843658205918,77.05696846718382,67.22172702282197,-55.134781114220765,19.881433556874097,124.78501299808502,71.79855114492092,111.0577107972952,-41.82926901182639,8.109979600517885,-54.70777813288561,-12.402114179092393,15.834799755442848,-17.494984664105278,-196.04402908688618,121.70786172112646,27.406523098623737,21.014209439160947,78.60296999955459,-47.2217281638362,-56.01238695981169,25.806981995018795,47.28402766628371,-1.519603815592289,97.9691833361091,49.10429663501611,-71.46507808341892,83.41406054611097,58.246188952825115,6.136798992843669,95.27812209465023,-38.28277662604443,-13.998386073978402,0.9705660290115196,-16.441260090847045,63.10276163781818,4.778846976911415,14.783945807814277,75.75297501639749,23.188682381437584,-4.647435604397885,-49.268074979608464,-42.77387487787049,-27.145447215239862,27.820361924492655,37.94638728016168,-12.398572326976117,-55.71203205019292,49.499204169341134,17.531997977605084,27.249480206808887,165.01836767987442,-14.826608981712017
1.3598946095468485,-109.57356361406937,-96.69766631487356,-26.290053674257233,-52.24595498605256,-116.24985577800071,6.647788895273088,-29.754907948423213,-3.9580198931571124,37.70906527288476,-62.97791778085446,-159.93540624487304,-127.97730485780967,-35.968800560445864,-61.72769758824231,-11.807438606268798,-92.43212130773985,-17.633544909480147,-68.35055327270688,-132.01904752756388,-25.76165946358863,-25.41027243132472,-162.94136623787563,-32.14833520506116,-92.79385919163441,-53.37327405547927,-113.63879310024664,-104.80009224728921,-95.54572007916236,-89.60325177404202,-142.58671129145372,-76.84163566727773,-67.87614117586413,-78.4689231442295,-19.617596727602532,-122.46541796791116,-8.036682217571887,-48.730244234799706,-41.48703851388046,-32.82851172370964,17.99734433608541,-43.957952043157846,-127.66413518646749,-58.413102566837516,-189.69785546236872,-27.378423510580646,-115.18510155119758,-113.57006248101956,34.26748366873043,32.596568112116955,-87.31049263888653,-22.758293117643742,-88.68516521862409,-38.85758794046184,-27.93433580491907,-64.92354507521758,-116.93780375791908,41.27961209312239,-196.90987257603408,-96.33924664126097,-99.93483902784368,-285.3227318785224,-87.40714456034857,-40.60732657291939,-121.57407835119378,-112.80397237220463,-36.799767533690456,-36.88487929447867,-197.21699739103886,-16.048532303785485,-148.03572578541178,-99.52359675963913,10.797585433844251,-21.919961455553544,-60.3690983260099,2.752756253039457,-52.61462504865483,-54.46879507616217,-38.322918844962686,-2.9825566502581498,-64.88395374015307,50.51631054730544,-10.257463127757962,-42.63420333508037,-18.256091433569672,-92.42327549919365,-10.037248101931478,-53.48042306753136,-19.898992106061115,-115.47322080665775,-99.05710102734871,-33.396039152311296,-12.326272454452978,-44.98884016609705,-74.81074248308991,16.275701234713097,-69.04057702819125,-45.05289355097087,-14.94270840040777,2.4580721709524904
70.56753110105814,44.135615226244845,-12.086898634692012,-28.800120338749625,176.7760204387653,65.78454310143417,-41.756882763585494,84.85596965344426,51.65363623110287,-4.1118258442443905,38.17247512171948,-49.692459503074296,99.09104957607141,-13.871279504675321,5.338331183317665,-81.9891817153153,-45.37746768303086,-10.635174291679093,113.87130859281694,-83.05254649797398,19.51597105996884,37.9642706726381,103.95339659838824,89.46410343840417,7.8438083985963285,-23.804617414221873,-8.917351916836274,-11.322456475020035,-27.05027684627689,28.888195346349946,74.70561347305926,91.5439321193199,126.73502020695838,27.01509512653252,-21.272752802270425,29.9126880871952,68.00644851239518,70.0649138322435,23.87998598240592,25.496838653432757,-10.326034479885456,7.810394123184893,-1.729677015493928,41.52774171172575,-58.35404679151376,41.32009059242181,21.070775964064303,46.606435945802346,17.368272246786262,73.24742383743235,-27.456761361408553,8.693354572566932,179.423494814776,45.687240072285505,115.27777686138704,12.694494868453418,111.50761008769553,-35.345516469894555,39.653649130276584,79.67885311805787,-31.64181005516807,-111.42550020468909,107.9187054417527,15.722771920153095,37.75683348210234,1.9586298687084949,15.368963545671514,-53.894058065681456,21.86017835688477,24.37989946922976,-8.270743890874428,73.90248723618188,50.75014537479487,-82.41834896783426,136.14526542787476,5.496978273422601,51.82092726518625,136.12396735110767,-8.252164923783416,6.816228651742753,19.36736898667175,-16.23534778524599,9.953036804931681,20.21517816568125,25.181408364237083,127.06732590292808,1.6346339974496138,16.420653033521507,-91.39756498718046,21.61886917275005,27.224912656102006,45.352869075295104,84.73053427739424,-5.13204787198095,-17.335998323074637,78.94220703178051,69.5887570182803,2.506122780770438,134.1670148285084,4.966359885601301
169.00888101822895,103.34404063455803,-8.142070276227406,21.00002608043425,97.46262524997162,63.22132978801554,178.58517468612976,160.81231809290236,133.33495057220142,121.65396324923374,13.071599207285582,41.17415466021136,98.80985742394886,74.68301798845158,-20.94721273902225,100.23344698212671,-5.484936905198996,116.41544398747831,211.53929709175833,136.43820368353693,128.9278380311689,77.3071953011231,206.6193518898002,94.92328538414704,115.67239747592583,73.00949242446038,-5.283687141829757,-1.604415588897921,-36.498213433210026,110.20528240631278,216.06643833944358,130.11569115741483,162.12278793723587,34.40831105211769,12.475450510109145,40.22078514755127,213.21329324806638,24.910786524848074,2.5463064852741515,84.6072720737541,22.234456102847542,88.04381924108829,56.12570931705494,52.838366399365796,-55.26807428892287,87.11284790405364,-72.43915268414338,83.49115712625944,95.10084220868349,216.94493680227376,-24.25907538959976,90.13656641800625,125.6967228155894,123.5194769679857,121.89836200754341,0.5050275586612322,63.630086550825496,169.1895539445713,76.6501461509836,72.3148202140278,-5.1337702613866885,-91.58258574836987,190.08207171269245,177.8202565153914,171.49369761204778,189.08160099103657,45.44864556941858,15.88501874717153,11.970599628856354,144.3421274081681,100.29665047122056,56.757964984483664,142.91724896642464,78.72198457613466,169.1073321609266,123.1105340120238,67.57442340243513,131.00544829519322,50.06406765716892,123.36378037281732,31.333190671280555,162.72491358255405,149.0091771472005,93.68504288482765,151.69186331418553,209.1321619537009,153.23990708617723,54.588874032951466,123.51146405466929,83.1783001440318,97.38058692329885,98.94233696276426,154.7094942784188,80.09837805658599,39.533909588922405,175.71709895933066,139.38604816608907,132.24355729279247,226.37530392236127,52.334082500419164
84.10426780690237,92.18391837828543,91.40108556173621,60.3228966470743,371.00221383180366,180.04468397598077,49.963768690109,220.94758627965788,201.42136401448994,39.82558991716961,108.35710739407338,4.2747608867037705,152.7670003219697,76.11340119230924,68.40303180927198,-3.9505552015921066,99.54628757243162,48.896965305066914,151.59101173339891,-8.393887280398353,121.40455198511899,216.65453728528337,103.42057392069965,134.43766888526793,85.78936631354999,47.78405402818217,51.44012665133257,108.301779679152,5.928216322373722,146.22314088542842,201.8801926342644,154.49737152585422,287.156021901321,122.79991375640991,63.70892372228714,211.21918306136493,146.0831392099909,87.18814696462087,120.81467775375597,46.394753579360554,125.94412890230379,111.97674950918723,3.369567243483997,94.2459941190732,112.96169607449043,167.41527760432106,120.90605548079996,-13.088392788884788,170.92012829862531,71.66412711447849,80.33341766728496,65.82301568178251,95.9950033201766,61.388012313595105,26.64846263666921,90.66796926936807,152.90765257008698,66.90390731526729,96.96351858757251,202.29533561338258,81.85595764378637,-24.349645330015704,60.958688717301015,232.8490919965356,63.616668433450954,89.97289722501137,154.92589848674902,83.68535849691214,61.81802665065118,174.7920332254704,138.67868960015957,130.9415634439099,192.54368974809339,86.74930117347125,87.67117049449,-2.9028839125611356,135.8883086684194,153.9083165246703,117.55074173992016,122.59280686178892,100.69327174943412,89.18734325554554,119.15659467803145,173.22031017194095,123.3073171665865,170.64490596967477,47.07675915755237,63.76021038932379,46.90516402931794,203.51181175953292,130.90442750194862,83.28661480671074,187.95088280471788,166.13548166878272,116.34751737007201,168.04319265435254,148.31471038660038,100.67002033176345,309.60949639678597,151.25356458740944
242.3646553491803,297.26439976794245,204.84986978407028,187.7301472350588,421.55185894068694,334.9734956848877,272.63313525809446,280.7911599824011,295.56140771165553,137.91334763536548,115.9936712668364,178.4486813018589,314.45831714847327,129.0010723932089,93.33816026465716,194.11211878751388,166.85476239572873,131.12158709686437,375.30634478819553,611.7850044609459,331.8171799769436,160.04301736614423,379.2910567293104,169.65671622955045,271.01957516573134,246.20243504342633,148.35506962542283,186.39750695283237,180.3073357489665,305.4139292124229,555.4312159742699,275.8497403501627,394.1682023766561,196.17169183495602,140.03375945172962,217.97694598956545,403.05536801304197,132.8599047022182,96.89411963823,201.87439265804363,128.72175235240675,166.48278476350268,456.03082559725925,164.09556504479102,408.17311854263227,187.59785208420874,160.34114608231823,347.1082101265909,112.17503874195278,254.66539650988366,199.5305736415128,229.54826381929675,452.71810497189813,258.676815317265,314.68373699203994,70.43029600774413,391.8604079919079,189.6762380972783,282.41162568047804,273.80535763778494,227.89386013147686,489.84053032512355,299.45314296177474,593.2546592322437,355.84880050264906,347.15901926562077,283.3861499072939,178.72044266311684,306.79917042600584,161.2390862192772,219.2147651746433,201.09917638047708,237.37991398405254,211.24879631712804,430.3788048013974,205.86550001377947,139.692052216872,476.93142520646035,150.57056888074402,128.19965015449117,170.4945991834519,139.86952584571912,143.89994094728968,179.93427855150804,337.6734714129863,514.4529156250385,182.44496128882662,149.48133095540632,224.36132403382166,498.5216826428477,270.03628716202354,114.74305430917548,272.7619464861513,245.1433699892954,44.96440115501558,313.222257715851,359.72795257399025,272.87318180723184,296.6955123851024,122.4172952514288
-111.86093040244911,-55.84792598191848,-72.77881742857689,-90.99843038858569,31.07243979895922,-105.94631036909037,-27.665359093658328,88.96276392825399,35.37890644279082,16.236180636121954,11.500708609228484,-103.97639835404847,30.8845225874494,-22.65745157593614,-24.979668036829587,-22.03929031930555,-7.90222536463702,-29.13080871660182,-40.88684607632196,59.54510624787235,60.848256819003,90.7286686090309,111.47297737709289,91.62036018065218,-72.22909611167164,-22.43022776314949,-99.95663054254713,-52.193069336400335,-73.48323539056727,63.956183156992424,79.51310385950256,-31.8015326964955,43.4518920460275,-52.596341138255255,-106.50335042918033,24.442957280391198,-29.0207380320468,-47.93542093932662,17.651793897223726,-28.377105141090293,24.840736751514516,57.51458029561923,-187.5720055990881,-19.986733424124843,-56.58445312141556,-9.597638996818807,-34.6640841162798,12.193333620420038,84.56675605535612,-54.6694269391317,-40.05901089802493,-64.76215429660816,-204.12991817107005,24.559705985936333,-35.796203420355205,-8.406942520320207,-32.09711246340676,-109.5567931114908,22.911144077449187,133.06120833927446,-53.96863495607156,-76.5558331906485,-191.97742997897547,-37.974216270010075,-134.13724043221427,-41.18530051665651,-6.381331160474352,-70.55735832217054,107.17249832229257,56.70880071815266,18.870564554511162,79.65944674989548,106.58706283629782,-34.21033743078037,-68.73315571118336,10.81521085653114,-53.326877888198204,-215.55776962725676,16.056561167942093,-7.30207608504988,-7.155423288234968,-20.72596215218947,50.73416221074396,47.14710676564628,-3.8445553643195653,-80.48707584381553,62.54295451052785,-8.729254182434985,-10.42398555121655,2.1492604160325337,34.234816412498496,44.8769929297262,-28.220372454431214,30.366079865825572,85.49682209375082,32.10991953366383,26.66050725429003,58.697998009263145,137.8083505979098,7.717983744737199
-100.12781201221921,-82.06966291187506,-71.68042378016202,-53.68315064652638,-49.58257854631344,-90.4554504126991,-33.61804528702423,-73.1465067637429,-64.34967806354824,-4.15406872561665,-63.87811049921186,-64.47597666485541,-10.011879561874478,-30.15894486693992,-23.168204529791897,-46.12293217694466,-61.78474161705089,20.02209862203352,-94.22577016850971,-9.969596603360182,-57.87485089888661,-75.63434529448449,-111.39074081464886,-91.29256847182289,-61.32229544219235,-76.38685995471701,-44.40803961542737,-49.81295190446212,-3.9949750971703732,-83.71772111340488,8.8236194657458,-102.54802318580317,-21.047222686497722,-75.25779405367442,-59.78887736709218,-39.776774439208324,-43.68153363806538,-62.67811393599855,-56.46413757281359,-31.715805845351632,-25.39534145687271,-31.63522742354734,-46.47623740975101,-128.48021943046086,-106.13067574430004,-1.423753611139153,-117.01802258829572,-59.835113966935815,-18.415681306465768,-22.29405299514325,-83.05602220758082,-48.7497674238236,-58.99125028890624,-50.63406869493695,-28.03052806509925,-67.7395620291251,-53.287282213649085,-67.81662415213394,-71.93913744859255,-129.41980470454791,-89.45593095937231,-137.35504435906185,-57.62784566383786,48.405906612829355,-31.124860629094087,-48.48930478299794,-39.53628788389887,-84.34482869954523,-96.79014390056636,-50.85574296358636,-94.47195571810717,-60.88568766185757,-90.47129575231585,-16.345032995325216,-22.80349632326204,-36.39185667013298,-41.92013629133741,7.476630935015532,-47.193207807782,-34.43711093027577,-55.08514498073595,-44.6529038745015,-4.991798233128044,-51.390320680563086,-60.71689368011699,24.3942071191827,2.2546712401172653,-54.948219496597446,-20.957768408949388,-56.2212999727921,-77.45268632337502,-68.09247615203506,-75.32090759006147,-44.044139927362956,-44.50989202940503,-22.894546783588144,-52.5992549862483,-1.4869913522944977,-36.40203963894004,-98.76570193734311
-81.64869204122625,-197.82436997334736,-107.91834106563884,-103.09977653834045,-101.94200597900834,-19.699867499243894,-103.13050283168218,-81.25107510313974,-97.69476056577685,-112.52981399998941,-88.37696386626016,-63.33887260846826,-101.35836883066396,-123.87479043717705,-56.736641287220124,-140.4236175182096,-92.368245971741,-69.14432046183012,-155.320243952862,63.473948768692466,-89.68927684355593,-61.21340838671659,-60.60015023953313,-76.5293593580178,-196.55995112147056,-121.71731431236289,-65.90747845042434,-55.06898399087236,-78.67164005495333,-102.278771868589,-91.57990008618428,-195.7361869956012,-149.0335783319675,-118.82550514691945,-59.02991523830213,-140.1425822325463,-18.52056296109406,-70.49169989699399,-78.18350614989758,-102.34605118206323,-53.10815248201276,-104.26205893647976,-151.29228529355962,-156.3409964441131,-147.03384931950637,-133.44819261669934,-80.10235020749727,-76.9898950456262,-132.76005824210554,-85.88974253131056,-67.39413753306867,-85.26657722515127,-153.60806431332762,-70.79843681422425,-118.17354911046463,-62.1628352921477,-108.3575783764815,-100.1588094413279,-152.80624244435356,-100.22266277524089,-118.21148939756472,-10.863989687510394,-47.172335037419636,-141.9697157102933,-156.17619129513614,-57.97152997948449,-59.167374504424764,-102.66450830524283,-27.500149350113062,-131.97995296820946,-138.83058125702289,-55.16981896992295,-90.83704850194813,-64.04440200793103,-164.37439348536947,-39.51349064825997,-90.98616029505689,-104.5991608903764,-98.40863244149024,-94.75897086679979,-88.10795463498455,-8.901967694865265,-144.96608330158392,-62.677593941802236,-98.7563851133708,-104.43556333448097,-83.36409299155565,-88.03220918515179,-33.802262019832284,-88.58810297139017,-78.92020379001778,-30.774768862576476,-205.1230839887564,-109.2387863277371,-98.82458347567747,-134.560631041758,-111.0495556808612,-102.99948379657454,-165.8189822605764,-108.49997685857755
153.8097575640157,223.20653880885612,52.13112986315926,127.19560333311735,335.83133510631217,152.94107219595517,157.9154996682949,271.54648793554804,199.07355024452204,169.80773619325078,132.61820207653875,97.288794677332,262.6857855831692,129.2719404484536,135.4823342106916,138.0587412215899,90.09163049827556,105.22296083631622,188.64966789377678,445.0493741942972,248.68593496613124,146.3089290367379,232.03111665614443,261.0031536128921,257.8841591609928,181.18189612067712,81.02424113581196,62.51212104136455,143.14508312346823,251.44761466300275,362.9420738058905,187.13455461226795,266.9384342578954,112.75599629405441,79.81819718951516,223.2379410956081,252.69873201436695,169.1555085835724,87.98299718116905,178.55615573219262,64.9999668033705,189.44162060727712,238.5048879072689,198.52846524739218,126.40231599231218,180.50292957406182,127.03118543313188,212.00671292749797,241.49756556800568,243.8537132201069,111.6608703008831,171.68514006023423,379.6740150127513,184.55849332030576,251.65750774396022,56.87095888069264,246.67436270467914,102.9714177476111,196.37352226505584,160.70265225039265,199.70823531457745,-1.3892329090034006,124.10207936432495,395.1034924612033,125.55513213886297,124.86546406446286,158.43243265116868,116.05340895921955,110.07333309585879,177.91763497879592,133.85005174677232,165.0373687280576,260.68953205113655,37.02944348009824,241.84655676439303,169.75912643407042,113.342277967034,230.48814570069925,125.66831794902217,115.81080561324707,156.14607826920175,126.13710764829496,222.81616715162883,120.57817676048283,220.7814819071248,260.0477704850138,192.1412055932235,150.34873186077178,68.26130461867756,246.96293666333827,112.45260368631632,151.90068616652584,251.33101708060548,154.29113143559937,108.30185697337929,270.78342298222725,211.3560338803717,124.95423668884601,359.4358834376538,141.94686300917354
124.41943055808336,156.25959716206245,143.38013446542666,129.25036765270895,213.7354511975208,193.42576092461746,113.53325063657174,208.85425169025345,195.05842751734454,76.37521837014997,85.02599256989241,138.6373676511933,240.395050911439,74.67683735729838,95.06317558480809,87.79916595068018,98.7962727093361,112.1852545816798,185.70079816166262,256.774580315392,140.1413119460261,102.89593966164635,176.29517326021968,148.01095407457794,186.76995596628151,128.08553804432748,95.26777374765489,146.45475966407778,125.56918584078694,164.38600652088547,251.04316885723873,169.58026146281867,193.49746341797803,96.83393937310147,78.43368017732615,144.34183857805172,163.5001603466957,82.47504984979776,84.28356673465244,108.27763076716633,80.02254838817039,71.64597373140329,238.3383954886122,102.5732078571009,177.93115184995673,136.948301954401,132.77279864508463,147.8240311548242,133.69526703221473,129.66419251313644,98.27613339777517,197.6454871074924,195.45329091919308,137.51634101791234,176.54485384610064,62.0262050934543,216.62125311441375,119.91747535300067,148.04336460613712,123.21385907678045,123.13774957101103,281.81390194381515,234.5912359858822,264.19485356644327,217.84510402243663,196.80584859254768,165.32067033402308,138.626240319576,137.82410433822648,119.01482049753997,115.86259706785944,149.52973543886276,136.87003887167495,117.90250945148523,217.95555112929455,103.64324167533238,116.67770715183757,205.7420040487371,98.35089939827613,138.1667653471105,108.93879902286783,88.85432882306893,128.92514067929042,107.02092639395309,169.12564315197758,256.5609595582591,121.8553420410425,82.96898952380123,153.670756019643,196.12190317139954,89.8484008192463,93.22548189360676,137.92917478048957,116.4706728542679,96.06925785883377,163.92860165907112,198.04056790101396,142.1533169429142,173.57124074847223,111.2487270632098
340.84275404683547,265.4186785540237,104.99668322158705,180.19549700481076,267.6153194552575,224.41972505716785,248.6711130943201,275.4155273538917,271.7181882305776,115.54278556278956,141.3066303227614,151.3319974243306,316.58925084956627,128.09978667722393,118.43396012251316,172.91817923908863,130.93600980075635,160.54220190431428,182.39645187908476,314.6813968430004,253.54132588465149,181.1618213100206,229.13833531123893,248.8024817859556,181.57192567042156,238.59864624057255,98.09203553422621,105.15294652728721,54.7799478012409,284.6814151405844,304.2311159810939,201.60623027606113,339.55240279360044,99.72972827142945,121.86345416565587,240.39511608340862,262.7326782878062,171.76903321514217,98.5444261330494,151.2148792103019,90.0412785837151,214.96664381009086,264.8734163781159,253.14834534742837,230.0930664846317,87.1934925884898,150.71592273855416,130.72363227199867,225.69211883546447,190.25522236086198,166.46949701095065,256.21092457715537,295.7460728834795,292.822333093776,293.67478694370436,78.86141610002807,401.4654411663181,137.24358824410794,234.36354422876346,254.37165649445805,254.0321504375383,127.45021344742558,182.5439331103851,265.26908162461694,192.35905766867506,230.19324274046397,314.61599670107637,133.68474968074716,249.5445401859843,138.33263439421023,156.89362758679832,174.45534128615532,334.3745383833772,159.92342267141336,205.70693477951747,130.1458864415085,151.10374080934704,248.94349797902984,149.74880639239802,189.26193569493438,198.86781664600773,226.23153277359796,218.3910983777398,221.26126355260166,253.40917824690052,280.9960240264914,169.09376937816756,127.35016618848105,140.54794866010727,267.6735613353814,172.759924983075,178.32820891618772,240.36076898886006,219.59761809243673,125.56992163994494,245.78184778714143,338.84147835195023,70.90856766239233,332.3688108689446,179.36609483033575
-26.67778852508074,135.75360645165125,153.79832852490125,88.91387017655698,258.8235917566726,15.49454965961539,64.25326267104818,105.62241029523337,106.26531130173456,-7.9612946607762245,54.891546289343765,40.87473101069839,38.957953948918394,41.322051597010734,98.47954692396092,60.70821007477924,111.3054743924354,50.06117065166931,75.04446345263402,-104.87422429569276,325.56758320409875,151.60182357593774,51.11847070194467,37.42242819298608,61.82774660421384,48.51933996643195,76.1674117662864,155.23473148365747,96.47046115455427,193.9252708621178,182.75112846585552,153.75028727019838,125.96319651061006,86.13486390079618,18.217914914485895,159.65693381495043,12.650522265715091,53.93501202646708,121.41772131990868,122.12568896563893,69.52245441059826,100.15753244645715,153.16304065765445,82.85792331631038,117.08309545677092,165.46500362145923,110.43979862219065,53.41052433724095,110.70887407925723,37.69430382692534,36.57865019793507,97.28261076793456,-46.98777984147041,106.23457637113165,56.510777802298605,80.85210952637235,124.2274871191581,-3.5108972287366016,90.0770040777161,32.28977688763967,59.07423762403398,179.15587518192652,-1.3179798532587044,202.27323893362595,186.0721688106091,153.67821709648004,113.17019173516583,2.393602145807307,92.67816602935757,124.84233716140952,116.13355642311917,139.38463798007214,42.94241088049514,106.90028766746455,61.688181191382654,8.738910028915457,56.18674344656337,200.82651716729453,117.55019669563822,33.711697591024944,131.63844914660436,-125.95279924920241,47.33238968050757,63.983084300398524,133.05817301544676,247.24979763850527,80.71395341734203,56.93959953893235,69.58511618413515,148.81937505244224,-41.62793194106737,-66.48122004477621,197.83673921713324,107.18698852683936,12.038072818824915,138.704857083801,203.02491236162308,111.19814546987897,121.41524608442265,70.21144493283923
43.84995346237366,-114.16546604872457,-115.12577130383669,24.139091390905023,-81.98335566446224,-68.07610633425324,-81.40938022110512,29.276708318995766,55.71932607190753,2.284458243401876,-30.490557391909523,-122.92665543317442,-74.98364824104651,-2.35572838310231,-107.88590007719279,34.68180952171535,-74.56331155969063,-51.21378936832735,-85.767373569042,-109.27288096449563,-65.4560229016259,-33.784012831201075,-111.11373935643806,37.48003646940032,-41.299935684041394,-25.78888265399784,-82.21010190103017,-72.49939709799736,-144.16223310614973,27.39716086084541,38.497929905814125,-36.891827217105444,-95.26830507247455,-88.04114647656274,-22.35271023982955,-133.4614707883629,-9.641121897560096,-72.99915727370673,-14.335979763714123,-55.4315146633283,-31.044918176633928,-43.518258873499484,-122.18407843849128,-5.761650922952407,-65.43564745981658,-104.75564562361347,-64.85118062984027,-98.28473838809997,-50.57214442320231,-22.859795228113885,-70.87349157775758,-111.48977756645648,-188.01915758315835,-6.00876469262378,-111.84095622552394,-32.0142412703701,-102.26036387564376,6.4683265067101265,-76.6100263642664,19.90746759351821,-42.66536319809674,-200.3254523160716,-167.24093533621334,-57.15914812567204,-61.967031143242075,-43.41572881675603,-74.50279382249872,-33.14871487116916,41.03586260652976,-46.52803858646606,-4.7514128270647396,10.129824337034433,-42.79361198665358,-6.593056971934226,-152.44710329763552,19.511321604851755,11.610995597849268,-31.546009674752465,5.457727230968394,11.282879371971998,-49.51074731485934,92.13820576203781,-42.897153015813345,90.96726068169446,20.103191961489863,-103.13049509687887,11.789373145454288,-8.536686383878914,-42.240072004879714,-51.739923456397754,-29.80226338471969,-41.3780354367891,-21.2253662745986,-16.21730028384829,-48.277635212717335,-52.83795634718099,-27.460429414236554,-129.92127187941904,-6.479383785477865,4.1886910184459865
-68.92319232809604,-50.20952794661963,-23.904471939269442,-53.62618881965281,-141.99665289205635,-52.415095880339656,37.15217120998955,-100.27946149550921,-54.202162924707174,-23.529003182066614,-62.83369142100605,-30.219686491280775,28.16103949168319,-19.556573750032207,-42.06888379033835,2.4066876682344893,-36.59482359753684,122.41007908545153,-15.025185787417763,-32.02215563638132,-38.76178162536569,-25.81616226619936,-84.59700306271485,-37.55674038291749,-109.69670197552819,-106.57177940147092,-48.36510337320038,-33.30508183879492,-86.64533764867826,-61.51454918127146,26.516801555868827,-63.250537956139596,-45.54881745072031,-42.38802140209987,8.808161421651834,-13.909082035115935,-199.78784912928418,-69.07800656645612,-17.913184065489084,-68.10146233221079,5.7444406478975685,-31.59019235440129,-94.4100355855893,-86.94576576751736,-20.06344494050807,36.606071668333264,-62.25732851865813,-73.9299733260839,-23.708149268669725,5.403007779301583,-140.98371979811807,-42.23590101478649,-25.893632844364454,-37.88671839104105,-37.05598601885685,9.25190261851719,-70.03365170617631,-35.02593777879301,-45.80820690282263,-24.428612422298272,-21.39294259841808,-26.574436641551824,-129.1574041043731,33.00926616050979,-2.729604200498655,-62.37884341936645,-7.880644815386396,-1.3879822567391897,-31.15225101706828,15.106373369325343,-112.52234957608975,-64.18909110487371,-60.66955949379719,42.68482354213086,-51.241962931606814,-79.33525739577273,-44.43001545983904,67.4001370343057,-18.9194098867371,77.90330414709219,-13.785014126510923,-48.91783965492004,83.37703270273786,-11.810764955369788,-125.83158653133354,-56.79929183613273,27.036146054668095,-23.036771142706403,49.98531431832964,-32.648284698530766,-61.58650814947712,-29.83152931432547,-88.62609583647505,6.005536481671757,-12.22515873592856,-37.07387229298766,-72.78516405940333,4.923887875091253,-94.92266337317659,-58.51140338969796
3.8131174845737648,-113.27621045810238,40.275116959661176,6.786727814967532,193.54716862491853,-166.84663423133375,-21.361852136304545,29.618174631232854,70.38300059848189,12.691672959846727,-71.55529162182947,-271.5377752998296,-32.00115558645272,-29.545413641133635,-40.74043566977778,-193.0227357727993,-53.08012818184367,-52.7880852488636,-208.30379284055022,-69.39834103907273,136.05935903433047,-0.5670722584724692,-43.180780187179145,-69.68167423550281,19.342678265941682,-29.80257305232685,-1.9173717828529313,-96.39471996451637,0.1340500300730446,27.2455341392832,156.8124096903343,-164.0039270500691,263.0379759747561,-14.393338255544807,-74.5170795812792,-127.96462985594901,275.59564500268425,-53.44003527841506,-17.816475730703466,-48.83209922838275,-51.06037665737074,-50.649501019418466,-145.45465469698658,-130.64673547609186,31.875396217625465,-5.828693386259243,-18.603511065268357,-222.56693967089885,-44.15072148052964,-272.1054555926932,-26.116344638594256,24.160743675799186,-53.87054426232661,111.8268922195431,16.743958191329394,-45.23430750379964,35.40443824120414,-131.1541071017909,-50.1789015332888,-54.55421722287054,-199.02323174142768,59.61101458567751,135.1701821664241,74.36590847510259,161.3278689481073,103.30019124476412,74.82997778503494,-84.04165316423003,-9.633810315009496,-128.6888413152018,-19.18220548271209,-94.85992331345442,111.86364754013155,-40.330484927827115,-175.679693966887,9.060459176281698,0.32535852595699516,97.15058428377309,-43.12263175622448,-145.20459952338817,-5.022053206695748,-18.051670714816417,-186.16945885691422,66.6527665081821,-31.838938181199588,115.52713751114781,-63.82165704797196,48.43343108966149,-81.16083033103706,120.71914229617133,-1.7981319996276255,-107.12012016775853,-13.147822944760268,31.6158404514963,-18.620317717862584,-103.54771341542683,114.92786305601668,173.85207293238176,37.36691246480766,-59.43087077338493
-438.01018144753084,-265.52369052483715,-190.29457559965093,-157.91810923679432,-251.96332926483038,-203.08794064727178,-273.0731182730804,-235.58935308207273,-294.32032515270066,-122.13480825486971,-110.14289246439475,-172.20932701575953,-430.84750717865774,-122.37240860959228,-155.33113033941999,-129.4452432732527,-140.0434704115337,-256.9352947586166,-262.95613787154014,-312.04930597609933,-238.99491703692664,-213.11113190663522,-286.38847143996855,-299.56454593722333,-161.01792866497502,-187.23472931630783,-147.3618073922355,-128.20113142985576,-126.55949429768427,-247.19221505010458,-273.17532909294596,-241.3586989123686,-411.55908282262186,-105.75013780050828,-87.13413082079848,-246.3609566873799,-349.83156691001517,-166.9384136879276,-93.43501298976274,-121.79933788175772,-90.91518324644665,-155.69048692714952,-284.1204622544217,-238.7292805987887,-258.2179033355022,-135.55421130529487,-135.01860305752362,-163.1034976751948,-237.5805516107678,-145.7574205409739,-159.09929121175102,-483.97953687297564,-312.7320557379523,-461.95570424852957,-311.1543357133964,-77.90409211566046,-465.52584811350533,-139.91595523747213,-319.1646551960791,-236.78576521658687,-188.2082101469089,-255.92147530390676,-348.8493150969577,-286.146952952384,-348.49391483897017,-314.8161540325545,-308.1507908220654,-157.72202062446715,-292.20866643848063,-151.8133619676876,-152.31281531273748,-171.33669440933394,-401.47619199812596,-171.51736173772326,-255.67230952333188,-184.2099133166979,-208.48306063196017,-301.2131105392231,-107.54795785061043,-281.14646441189785,-206.688439357126,-254.03089083175593,-228.63960463879008,-272.48044738836444,-186.2739232227889,-435.1525846577453,-141.8906297245022,-108.9035724958613,-185.74995277672187,-303.0125323849523,-246.04416857546323,-182.82398165679004,-219.4230553562741,-193.58943808379817,-194.32432652038793,-229.78077801575296,-311.85211968127857,-253.17755650079934,-328.2265091480868,-124.6443489839976
-140.03417984872024,-167.37526901589192,-90.865235467384,-76.38445611696308,-230.72871780081468,-207.7939626700623,-55.06434747251564,-178.94802059705697,-160.01468051609385,-88.62574119483614,-71.62650184833568,-99.73359615367873,-109.57337933186696,-93.00308492627057,-18.32222525304651,-102.76413839085276,-54.111182189590366,-59.05072278923343,-216.04200845347887,-244.39402250162928,-156.7440196735092,-111.16835176073282,-218.71026892383583,-123.0246803207572,-129.83945320634726,-117.56834459562941,-67.25556629685111,-101.43479960382433,-36.86334646812764,-177.262541381323,-310.3524872660633,-144.72632770123255,-133.8232811688496,-103.97578236372323,-102.06335063693997,-77.97982491240062,-174.88862284162784,-72.72417271326621,-52.73210600055879,-91.44994702498825,-102.10085882559079,-81.49273323316069,-170.54566858516887,-92.8807051135234,-144.65214860826546,-74.66386601736818,-91.45839591098058,-161.3757431315615,-79.80380480359452,-159.42951447902811,-88.9462386908603,-40.76477899878264,-285.465961264521,-151.18580551134113,-156.2757457713994,-39.84925776749362,-124.89477178528304,-70.96478472038753,-88.06375409051226,-124.34248464544424,-97.93986483555393,-158.11373880995222,-202.59446519062675,-197.0935112375088,-66.24987500809324,-154.62752734573735,-138.13955221723154,-85.47376696759424,-58.49539623318183,-83.09906118521809,-158.06385540445987,-108.080155991453,-129.65169629328358,-96.5554536152644,-220.3220424776034,-97.84817004240809,-74.88721870116251,-210.77947669831215,-95.26294270733293,-73.08871238369663,-81.61499148146395,-100.61821055407138,-129.48536372674474,-91.10236534420312,-166.19461710736425,-280.8741062567727,-75.62897594437726,-65.59161755638583,-32.87132842696942,-219.95963393863119,-147.48161827982173,-79.04335628380565,-181.70180301703618,-102.76449691394645,-53.199012222854556,-173.47537550462562,-153.6305889169087,-123.42518113953184,-194.05898431687493,-86.78095641253422
-96.15645851880659,-196.0628991336284,-112.57927176846452,-95.09650512365008,-177.59771114935594,-252.43620792801082,-214.21620974637767,-131.59713677525397,-257.7995494491156,-52.9651325836202,-75.64039681058057,-92.16509047600297,-208.18683726878064,-87.95741919732644,-30.941947927888727,-151.2076165551641,-103.91902948817011,-126.21861894363099,-351.7573104725333,-152.1420541992514,-121.11661412491078,-109.10897744690094,-315.88853727105374,-245.65599655158263,-211.79687620574288,-158.45572161488514,-117.84659219513118,-92.11693236594762,-9.935399085283011,-190.6685982677155,-180.6984234234616,-157.76303319324032,-128.82623705288074,-145.34697419421576,-86.32434302926467,-106.46478591430045,-37.49702826789079,-126.23499819605881,-123.18563598449143,-128.08551511655864,-124.19061299846474,-100.40568117727318,-150.1372229606823,-173.81005865389272,-115.9298844230498,-228.69563896890813,-116.87671680677765,-108.35545947453369,-137.52012292930038,-128.27291707062668,-49.48043015159184,-162.6887462620705,-222.6861714683831,-85.83331550016595,-199.296131173754,-105.65388717633496,-115.12417515960917,-182.88393769216555,-124.25362341060885,-201.98465708604698,-117.7848423277284,-98.35444546015846,-107.0546747099019,-156.33402623124948,-190.05237102326802,-125.94787040286597,-131.2370123084643,-201.88036269176277,-95.29719504714804,-161.34362235913392,-115.03325032747304,-135.87125382789688,-155.18985334066352,-95.60388267092357,-258.5302594883915,-73.86210595299507,-79.83672000476014,-306.90431746830717,-115.12288375597387,-188.53282343068122,-174.63282993700193,-110.39929203748493,-102.05914285051465,-164.27714270936536,-104.36062940968574,-90.29991100659349,-123.5671978378441,-97.1003226629841,-86.26336616766511,-179.82653659306584,-138.01249417927792,-118.97553886833774,-164.33988806704707,-148.19091798604904,-74.63368698175866,-234.0870792237938,-152.4973491554512,-83.78465085456492,-278.3623243673287,-110.47789464448915
-179.19394933236129,6.311282834580645,-66.6115891718017,15.99593884901937,-197.13607057040338,-262.23279320350326,-261.07967740752974,-161.64351772372765,-213.36732287891536,-177.24005063309414,-33.36516455256628,-49.82227922495131,-294.90208447970093,-181.5495941834725,-24.464751405394882,-135.38667172876336,30.054902730230893,-420.6999823580823,-320.9143948327136,-500.6066031475391,-324.7054702988079,-140.93966958539295,-265.6835066088712,-130.38994543157585,81.09369169240595,-89.41056010232766,13.153210639840367,-51.4180392022659,-18.384897408483187,-198.69126119554315,-609.1806128812087,-206.01574918163786,-317.6564617110825,10.061608319140952,-70.66689586259743,-26.527702525807992,-233.99943835300434,-14.425295100665359,21.96235256495549,-27.2651494545463,-101.97068306800026,-65.9380622175552,-211.8736438286947,-181.24712805401705,-255.4549120235837,57.04352973825088,106.80593336997978,-262.88892753878014,-82.46173875832503,-330.06963225903513,32.01501737062817,-28.370764615869124,-186.32717101040137,-214.20029614909146,-262.6215207065757,-32.62438901638747,-172.75078160483358,17.761867728424594,-147.96274684656814,-304.2718426688019,-99.14558467819175,-203.13565912267427,-487.591919124231,-306.1122748271311,-168.80229338567798,-183.39901754209842,-148.13250384912547,-72.24208091625206,-321.6892012886581,-102.62818315554036,1.3059315674838112,-265.6922838200864,-217.29427488448215,-130.1075258424792,-171.083977583976,-234.73538487911858,-211.98866566740165,-272.2737167800571,22.720298416536874,-113.48193888700283,-54.441026910060216,-520.946820238273,-333.64021063431414,-207.08255397081805,-265.4374194241737,-503.77721102748035,-223.74055201357413,-58.77213793763444,-130.85549246818115,-198.17433451803188,-211.44497458355048,-176.4535360567785,-71.38693104590497,-74.92125210584086,-159.8475802467252,-207.82719072170477,-324.12869681213743,-230.51096945992012,-306.92968454897726,-55.329200945861906
84.64715616231832,23.84150583282607,60.81479252889371,48.779140528736924,48.597975852658394,146.42685225214439,20.69965524997156,45.14035932182765,28.58223386153887,13.87722817049693,56.458812172304654,96.79204712300503,131.7984846952461,50.47583240313298,31.34253212085944,43.50384332268036,73.65646913280283,8.357635422861756,83.96325287132777,199.33998248578692,78.44936497470347,40.25939875660872,78.67884500748833,3.3349296966054673,84.4052117178816,92.13570818615112,3.322861033278466,57.79956191609951,62.84549906643769,77.77092596544402,101.14459009431826,137.76318702968769,73.17793979354748,24.585218734840026,22.760373902444716,39.025892939330696,-4.898519566854926,49.07697669905399,6.216244128601183,68.40025147330859,32.891031501528474,28.240059490039965,104.17837076548956,114.47853769217677,143.02405836030607,-49.90180652779437,88.19974383633624,206.2631211928832,13.061911275632493,161.68352087272362,130.53786272966158,-7.69489420117176,36.80715723933044,16.869024943626933,85.66550460359306,24.211729997289517,52.596128883762766,5.540780149986536,94.9185744593847,74.48712530810674,117.93053947067382,188.74335421346572,15.758876126787735,75.42334928891309,2.160191061838115,28.7317770202934,21.968261090368816,58.95888964895202,189.6864515866986,-2.966586407969087,77.80937706556708,187.41328360677943,-7.269459008289868,41.98478001399285,62.99676550814321,63.81946558634219,29.55661308344039,35.93514752114249,59.20256953250335,-35.98800630020602,31.495807862790468,46.298613519839364,74.10987756406534,34.63540702616617,190.31452593806523,116.12381043313707,36.795904613413356,31.37358765108352,29.58647370101381,-11.758178314972646,-8.293177353642422,72.80440958222448,78.91752610026042,50.53280052876777,32.41193106717798,31.16227865631393,132.7667898771096,-34.44024872656696,-2.448070416755571,52.03113943544374
130.6018821414776,16.521637067107967,-11.905581956692323,62.55362031162737,-259.8571911886504,-93.11415462300775,-19.158311441757252,-109.18774475860982,-31.711135500451782,-2.903769423772624,-42.11449365623742,16.421508820404938,-49.160090398405586,-14.904782687618345,58.99170591283902,8.218107306217993,12.72236377632868,88.27673330244276,-146.02373364937753,-178.71640799417443,-161.73704265795908,27.061409801063192,-31.774803222258836,-134.54591267529435,-32.019423434980695,-54.55255244096415,69.50147492304075,79.27503339231954,59.31192317715639,-144.43970441183728,-90.70524040196877,-130.72913917093587,-148.23554929558205,-23.03800856338114,109.25632272886038,-24.228769557660755,-51.75253966450283,-17.00125840189688,1.0835592453173981,-67.95634394969159,-36.458011126998684,-61.80964530359698,0.8916861275381722,15.87056779032834,3.3919023314963073,-93.33968268768302,2.6797152906393626,-120.75747552701516,-47.07663696309651,-138.4607782754521,47.21047002272988,31.36350592063844,-80.98273126537734,64.67524548424495,-63.85096526285362,-18.341780868438,-13.108772174710671,10.692501095763426,-63.80562437789871,-120.82041749285283,72.00198828225342,103.35358511078788,-62.56110572874089,-118.77006949018352,39.017071191228666,82.93447383049472,50.573935937737225,25.18723470645599,-47.75741809160932,-78.21682837878242,0.32127955733469005,-110.97339538490156,-13.146477011055461,117.90635420197383,-142.49917884320428,-22.655809603971687,-28.841782967074202,4.072792402944177,8.97162473586281,160.5283722800764,-24.13434326224527,-63.136276326241855,-17.832802768180393,-18.59506944552645,-85.55219867017476,-87.00960887030963,-35.666479718555294,-22.90727449062027,49.63420747137721,25.865115722883875,21.461094732819326,-29.588687513784926,-104.15439197696973,-41.91729129092023,84.89884191944127,-242.32902211794345,-140.79034380125023,-12.791660626083976,-197.68283142940402,-8.42324460351188
115.0605627001893,68.52850629160328,101.89013892189513,26.127358570579382,48.099634811222906,175.53713331639747,92.38155186324742,41.84717378862175,44.262122843287386,-36.62858053306251,4.7119920586673425,75.54818810809927,41.52534977392171,92.46034739992864,0.12105853085835275,41.80679334388293,60.17844093789162,27.442904789363496,136.76048195631938,117.91078922225243,0.5837223249944883,64.67305311654098,156.18216969370445,81.70997770698493,78.65897489092633,64.0987351830592,53.57037699458749,-6.6477280487542645,-34.36752276081424,113.0010403183543,133.27968108046468,43.8973935755502,171.69840816792595,68.68415311640987,63.17731270961245,-24.359773106640183,148.60202859730748,112.44574807841678,18.23736033993883,111.76949092967727,40.32541671452299,22.29759924051738,-44.45624775798471,34.30513868552825,122.09969986028862,61.16768186270805,57.86151368286636,62.08012076736496,-10.067044764502446,91.21439701516509,13.977049818404845,40.550809371603414,82.75473889833354,47.438741258291174,158.3298757188329,19.098382759876916,10.415893493851998,52.93571226632141,69.16585667631561,57.66752574517683,68.48654152719885,132.95618951522295,68.01098701669048,65.74886416725276,181.34626681471246,62.62721631613811,58.05699858456562,51.85796203766138,106.55943727482547,-2.43044569740053,60.367103899832706,85.00984638571568,89.05378791876578,16.532266166375898,148.43781945666888,60.44957487083927,47.246505420638556,158.6461240498991,28.214235275901117,46.863215932399896,75.2579384693189,144.6888821789741,64.71827356744504,94.26143165153663,-7.921125497352383,141.65383589072033,18.547988768620854,72.72656486200896,44.508085991174205,62.80843289201824,-33.0380534002108,73.12954178425052,83.78911820316922,85.94613542076274,19.848040123309747,21.105419376752085,19.36432107020935,28.981275658937296,61.299929802154146,53.90028943920172
-204.20738878472898,-61.10789737212256,39.92768955554361,-25.58883279093152,-127.78129207127093,-158.10000574279934,-224.488426525454,-119.67562257911109,-162.56324931807185,-134.88087639697187,-61.9047383618809,-106.23422314608753,-268.4468964607364,-86.62121298312557,-107.64153366858324,-128.16601724972517,20.177940369902544,-182.1175772547968,-113.13833879630806,-193.70785069599222,-98.41249907572343,-167.15218293206982,-226.15883890394744,-244.73190948313558,-27.12201095198471,-50.309720343370934,17.2987585409998,-25.754826700471547,32.471451904452245,-192.68503911235942,-226.9416907885327,-91.88718987261291,-245.53959295352024,-41.944975582229,-83.52309669423043,-131.65183471906053,-182.7882671896724,-148.29501614572968,15.434714525581363,-154.40056378942015,-32.9149766258839,-104.98402564482369,13.09813902381416,-232.36218242520988,-29.273086783829516,-37.703180958511815,-11.693924687401024,-36.66808243476792,-160.2695364101661,-254.08259853157156,-40.570208465492364,-118.03353121682709,-243.14717456717003,-201.88587424085094,-186.0055421680457,-14.725063272067137,-119.73312056142109,-112.93292317722064,-116.95656381327645,-202.68190882263016,-167.57780959038334,125.83392939441163,-117.85510857272136,-333.25065445844376,-194.21011159619192,-196.939407384677,-106.28011213665802,-99.84391160353384,-201.08605627226456,-187.30865442649002,-44.68237336167344,-108.4919318938572,-196.3782974964768,-65.95788932505259,-119.72058765723784,-246.92155476173895,-199.3627470067023,-149.84281233371377,-2.847117465105704,-159.09322627529204,-7.741880324230466,-367.25637186756586,-327.38801763144926,-233.81990501764454,-98.67088851565974,-188.2152053545169,-169.95120418607996,-72.60443452102247,-195.53661880590363,-64.55754156984189,-30.87811032939609,-170.03380876436896,-119.8720162057376,-118.26395003384064,-107.9802674976721,-174.60284586060277,-136.38611222177795,-74.74685685886492,-277.66684160139096,-84.00018347584923
-207.9179197364701,-72.74858101483264,-10.465813373872672,-19.0582465191959,-259.6729888118775,-111.88265791532174,-86.42579409738745,-225.56495474289974,-159.5540028334169,-73.81531786415955,-23.222213116951583,-51.931535346658535,-255.5935400254445,-3.567382613675512,-46.43072024839491,-9.635823568036074,-22.68609095900463,-182.77193214486292,-101.68142773178384,-293.7089426202041,-220.89631957158633,-116.21710536141134,-79.98032379905656,-256.8075513157463,-127.60072684463786,-62.929070982240596,15.517929346897395,-8.114873424514975,8.114415732247165,-159.22592698375635,-226.76282068328862,-80.82025374383386,-383.3229509362396,-6.35441768434597,58.59199306645757,-73.05928845813176,-324.97686710327775,-121.92756821365666,-11.761564768138015,-58.36327223851733,-55.07664907440544,-112.25371649631181,-87.73214244477239,34.26464342212477,-40.67658530591036,-151.00066339861252,-11.585882014718804,-100.96162717764096,-209.41490145679538,-24.005219232449424,-7.684594487806147,-251.3156101411493,-206.79146288118417,-233.3551098949425,-255.69754534410512,44.05539218727556,-206.1964122685165,-64.83576144574874,-206.2162305471205,-75.85231876456528,-41.51598529748464,-12.416720998906092,-429.7322519823244,-365.7101001738935,-172.79086624675674,-79.36913639588619,-162.14968104351746,1.11135233660062,-135.01036122133564,-117.56558071982293,-65.07693149230374,-78.50395634355658,-309.1384217950423,-40.99594439575886,-195.41384919479455,-110.62177159046493,-85.09117618336816,-218.81173304809982,-10.789190383321179,-132.3271262901899,-47.10153326890555,-179.99046087462912,-72.20799106055685,-198.92317154081326,-200.59343858619147,-283.1499649730209,-93.54027665409195,-108.11531782045233,-111.7326581909799,-129.19926017781697,-241.62478903553486,-139.8828554140887,-118.88673345301413,-75.17619273063706,-118.14910272761678,-185.78555490269616,-201.28090272173782,-241.91414361459346,-292.0288072148633,6.996921757274791
120.17026922537221,304.17524001486305,247.24056999547867,165.1593424457943,348.3896695717213,329.02767608336643,237.50025557219328,163.27087350028032,291.99176014461267,113.49048420063424,73.95411533809184,225.75089492472733,382.471409189746,74.92727153573637,128.5124006563196,97.08973079175531,216.17049843962417,232.1996959699175,269.1438380152185,610.4611107391156,479.14779158333005,106.5311247598201,387.65153721558596,123.68594781303405,285.50716432946786,182.2615527526174,138.16789640655915,115.29460042109372,259.35752413015757,357.19526353614725,514.0708020214977,159.13804610988626,485.226000540668,151.2102355258752,122.0094774339787,290.8306231344715,532.3273244882965,197.31952925614686,110.83333764842659,155.38828193447145,167.7651846915125,187.37296916342655,351.79647241406724,96.77581645060899,376.9667923057699,295.8355350315244,185.35297991622429,284.62533316621983,135.46509420098633,157.49298922340273,155.03677110281765,369.3292454298237,329.18005690581106,191.76325958662858,207.52041585013473,116.8406423196322,441.6487598682764,161.7654060671346,330.1181471932852,195.25507990876972,163.26843865348235,503.07704410125535,621.84489419792,406.3742783732224,399.10502554178044,256.57579449750153,370.9967754376348,130.75305755292325,339.3679768042123,53.5111333696157,159.36851425914588,205.94004778436084,346.97903286798794,245.7776158316165,253.7020527752846,85.59312721277,166.23043496165965,322.0050751492535,111.373552543072,57.77517288534801,240.46616067710116,237.46829499064782,65.52863959647098,140.63415442736243,155.74493107847357,418.65195659925394,148.66516522880417,181.04930793924697,306.2706246257832,372.496800946816,215.62692655700036,160.25646464158427,198.26706809922908,305.12323301031887,222.33099410240757,270.28335025891727,397.49735597972006,235.36219061130183,270.68418500153626,124.85228517347188
-171.5881407926309,52.418179259298626,9.35999838077623,-3.9145772778359693,6.606351243292211,-49.187778080170325,-16.15809795762383,-23.201458506400524,-69.70795565364035,-24.41379547028455,4.724238980342796,17.544726123807088,-114.78954940371278,-17.508244687362467,-35.43723067946426,21.631836464818825,-30.62068915512647,-126.81675699278185,1.5022892443719766,-118.51401003350065,-26.909068211739218,-90.48802780654998,-96.10511979834048,8.5307490425323,52.02189815491842,-1.974269679450756,12.9197004090909,44.71793661971024,15.963883714128558,-11.69342060524532,-120.6282377952752,58.599175468161455,-150.17041268527126,23.25047538456287,-38.302607443299614,-11.171764971836811,-192.6841312609255,-48.53980552786379,12.183520793441852,-19.554668619470128,32.237342828980005,-25.85350666383123,34.17589943340316,62.986401981203706,42.20931258674611,43.70233674821427,35.08911936471518,-10.046380630747844,-52.6319839944394,-33.037815045258434,56.75836110308922,-85.35141752881233,-57.02178542153653,-51.320989380824614,-155.23788033516388,43.56404982421038,-50.038489207998026,-7.392746444695954,-37.36309975441061,24.88730232282864,-9.540195882228605,-1.3232484082172828,-71.48785626892905,-54.97408765051435,-97.03261180110758,-53.0561685796819,-115.66385045086871,19.311285488377592,-77.1531383103881,28.056098450531977,18.80421267603531,-9.227744999963846,-119.62738182295962,-71.21141570600504,-56.230665447254836,-26.161707275849462,-35.33548713764076,-103.7194842862277,22.550689570958475,-98.26144433362866,-29.77265165299828,-65.06845782244235,-55.24320406159017,-46.291213019075926,37.74573225633236,-134.84291024474314,-47.228902733679284,-13.125256301114613,-55.85249230623743,-89.88456088612467,68.95089789083403,-50.423363623386464,5.83384642075161,-58.45493193181286,-78.59428097379369,-29.727429542790393,-56.47343798195072,-28.92121988079959,-48.13221250430554,31.816480986566006
-163.2668641713863,-130.4383570029003,-62.3489834084373,-107.22888804348551,-172.00197870184826,-109.92657250324345,-110.9156743848963,-222.69748086545937,-258.29378471999576,-79.3927394210958,3.651669944508464,-47.45437560168063,-240.86456102009237,-82.48421910427808,23.725603224593858,-95.3199009427641,13.422805917581341,-133.4431193622296,-105.99403784435653,-77.75926053081255,-146.89625085417785,-96.89500141003212,-149.8859839455843,-150.632514390182,-107.28877292446863,-65.93081174448506,-17.371398128043996,-107.54746882710474,31.20679631665834,-187.16858778909872,-253.03153106128036,-106.819977162892,-185.822806365353,-50.35657893896805,-32.28604238099601,28.01993764815846,-129.2300165808249,15.291464379569657,-57.36978527850261,-42.81511734635127,-163.32229501162735,-51.830332193611284,-66.7353606816632,-68.60481851411208,-24.652551900750357,-112.82907336483603,-5.226935003182183,4.9804256178309165,-83.28138708604234,-98.34035335571001,-60.25980162939991,-102.93110083471605,-112.63484982008332,-228.73827718070402,-174.23287631336282,0.19927076421149653,-116.73046348762398,-82.82826206428993,64.3646103726804,-16.89911083453569,12.529098233923301,13.423392702203154,-178.8139273134533,-367.5534307819336,-147.3428637121632,-162.53049369175972,-80.25245240131338,-61.7604807923192,31.77476950860596,-92.25799976834173,-152.9947515505636,-22.846681222829424,-147.53830088399872,-130.5654279293833,-202.86635352192928,-178.81616751316903,-80.64967517406917,-316.57663112034567,-108.52342543889499,-178.49169465277316,-33.15273608857585,-154.55113915876498,-116.980500497497,-137.88342185756989,-230.49604901734517,-251.43788013556514,-125.10126738974029,-52.05954086635374,-93.75721162410379,-155.98246304787875,-73.79694058952046,-19.172746271150743,-157.38491338680865,-76.31699411256956,82.39432283056085,-138.93918084810622,-122.37185823516485,-188.46235892402956,-270.3295864618994,-83.00916167673887
232.98892053982271,217.78299199933934,-33.58543219707028,64.65267623101214,-77.11263045088901,157.61089654622577,-21.10715736457016,241.39706786784635,45.697048446104155,42.26360614952264,40.654445622449195,120.53465371086021,122.88461445604207,45.167339120501616,-56.88892237645599,161.6089202149907,-55.26011242318388,-36.962011721441094,124.9648826428877,158.55195864283897,118.93432482842229,34.97581000708602,104.86932768652547,203.16919544753753,138.5292702456318,77.18653124235108,-21.87271792561574,120.38008659723731,-52.88024097517944,93.70924513609016,64.18021497990145,149.5790321841473,40.60417368946958,31.557060577153074,31.057869493981723,-51.073674726966054,78.09334226244664,38.78011740193036,-43.683708035784335,93.35100495391704,100.73276526152065,16.925530078929167,266.4028059541437,17.11522099778117,126.99639968042962,57.574989003099276,-29.801092522084613,5.855594785298245,169.2787685389254,265.55249375706506,94.51032614214552,40.00806777121307,111.820152131743,164.1686558747532,181.17131861993542,-40.20134631787627,8.31775619839369,76.91697461962491,73.90178461455474,214.90824137569803,216.43476448989665,178.31680649196468,364.0836899803275,174.0595707453238,149.0902938079332,120.81975718713882,-15.821817032177396,34.84124029485095,237.02518892133,37.027743224036335,58.87182126145971,32.65570017669158,128.27517909023726,99.24114699818665,173.39817730865784,128.78255721264523,36.286325408320636,25.670092724031033,5.517544900693936,154.51247252013673,-78.18367630215732,218.92623437518677,8.123446095466452,204.90634060975776,154.61468024433236,264.84837538931384,156.9146137709385,99.37546442969438,151.58159556120907,-12.671835028679647,165.08806789628198,47.557614515268135,62.0391452797917,10.724602172025119,10.09707881202823,136.09806709336033,105.68181589575063,163.66147972626965,116.02666201699428,87.53502271836761
17.111491278650927,-34.55133921336009,-10.243366823507147,54.49282156911767,26.927687989733236,-56.63950099107623,157.378341980639,5.298310465061833,113.88606930666742,12.095885320530458,65.8349802637073,-160.6387103308731,-38.07253706054495,-31.548590650126258,58.674394294077096,-45.772957238548685,57.69309618713392,134.90785169153162,-136.56811515690168,76.07646399442659,1.0054588649345206,189.7509813619121,-5.803003500476937,-188.07153125731378,-20.419195477473995,43.44018508194363,45.56794588149967,-50.66456643077282,-10.619881590029706,43.772807098052276,-24.864154459936348,-195.29507040875387,53.04252431748155,9.324286531534758,51.74814317377053,132.88261787518326,39.61532919224293,21.798658955327582,67.69261889221795,67.29541681946328,-5.011338803651828,37.544649401497395,-35.71476474743441,22.404770004254264,22.090147386372376,16.543270466326124,106.88457991897786,-24.185478449057292,60.3968652091804,-231.49503966880422,17.45114893855993,-26.88505873601787,-15.677508057750087,75.88065731729196,38.320282077820174,29.815028290952938,44.56619045107193,72.62102754284207,-44.362862981359186,16.916415173391812,98.12949926662644,275.8233801162397,-277.9202615130601,-212.46163493025384,-61.785172217402796,13.407377024127213,283.0298513585984,105.87511129575678,-41.548503752384875,-10.822104493360403,-107.95733339446073,-135.37732507462502,158.51547534592655,102.83991984928232,55.51320739576832,-89.91855965956253,18.52714748119667,-104.2136258496715,124.32997510473788,142.20223845880696,111.13927167528821,-39.94964520215557,-33.79356849824302,-11.585238306832329,-6.38196220911269,-67.79400138487766,-109.99591559598817,12.492478294126826,13.083467739493779,259.0076663644542,-31.38134343075474,-10.321161573167643,80.99952470345065,137.13894804344218,37.752714605964655,-163.60292465683978,-101.15586680132216,-8.570451041438304,20.232457818461313,-21.039157570844516
296.0737811493109,33.722622937774595,-39.338153292701435,40.257092815332996,16.143865928907125,51.41857128184244,-78.80327059549332,141.54191041067963,-67.66305731826894,-1.8169693160037454,24.76287869306895,185.3472213969811,51.55108707253195,83.64174609032969,60.48981397180537,15.720137483316659,17.59041771648871,10.567697487036067,-25.913172244879057,135.20443204455876,75.51377266015922,51.66335066382525,35.67148277707512,70.33293803672704,-13.007610328263471,119.7276819290162,31.10772056482506,113.74950658763602,39.826299207388324,47.81955950841489,126.3960279241584,29.24716628726735,17.961777431581968,-53.08783527270903,32.75143873609466,18.16625671672888,12.964938400618696,18.84159367297435,-46.553468160774855,-56.4307751980221,-61.05379153513782,-11.820247585278647,171.846711546316,-66.27492732085494,123.50548240349136,-86.84323081184975,3.13833995374108,-23.485353692006107,-52.76880652959204,223.83682308945993,69.98775613428865,29.02990043537949,-11.89971961791802,149.77685723229774,121.08255188476454,-41.02324105077482,60.12098916361198,-13.012233163855237,214.2312914218189,-31.053408482298266,128.0407808934928,41.60148744758243,197.44823300034113,216.23021060833486,133.26666541911027,114.24114760617712,74.80636562785345,-46.56593630136763,164.2258602918945,-13.008408578730489,-4.126722809937026,29.062187617022175,60.354311117052795,1.9578558440052223,-105.86642580750028,122.99289299370142,40.884261530432255,35.96042288109973,-13.335987683000148,-9.590069369323901,6.577571866828224,25.464815545788543,79.30307911191237,122.98799254120424,21.55001743634899,145.9148506062273,195.69776264486902,34.89475979370419,146.37581487328114,-353.87878345804216,17.87651326944717,35.63764002229731,-2.16124032134319,4.774068374954254,32.991629876646435,42.31772345061397,72.97924717774251,-12.1522995675763,15.494563256303152,34.99061436921143
146.545789340707,-42.759178707136904,46.75020949404815,56.995197964837864,30.43935975974384,177.64141947222336,72.45216301772997,58.92568356504941,250.98042710737803,86.67000153614055,-20.51227568409869,-93.51060742374408,258.5770763627845,37.389428771924614,30.207844178751877,-25.74031570051649,74.20020802795344,162.07423870929878,-32.692305952289594,85.26858539142113,-69.93646306019222,67.37994629653642,140.68781229554253,-12.330694409872924,-13.958442784299066,74.87123428438018,43.18034912659368,17.087256537410227,-30.33639701423131,-8.612178224525367,115.29084343268639,-31.587251670787378,164.40944132474337,-4.230761497744348,49.086964558697055,-7.004351173464185,208.17871611176045,34.186731338531544,11.133175396638006,44.93973037614696,50.026444248606026,-43.59681935906764,-34.3848097611089,9.770315408887573,-55.768421798826225,-42.38950727136225,32.20439659188447,-2.8002734999460697,97.78711105005735,-20.028977802372925,-16.26974631189945,101.57616549286936,229.54753477070247,107.44189303070723,208.11938267278006,-34.149432824524396,88.88608388223946,35.67615198677435,-99.81287524412697,-28.377816337322564,8.032207291352567,27.506798241140718,-62.35615181302332,81.86252771812592,23.08911723654415,28.104035062784742,127.3320517975087,90.71719928109613,9.395431050063758,-35.016508664396824,-10.653214333365609,-26.87474091637855,59.39207820975678,67.33510522908078,132.66096132791205,30.073672079916772,36.71901865027127,222.6108192709825,32.474746040009514,111.65235295809184,40.98335265037409,49.644169961372754,37.86931402621883,67.76337661083572,17.933195175200996,87.37494065001272,-8.6779388699447,33.825224660770004,37.6231056475631,176.06671164915673,-67.57681532711705,-1.2624349205297096,-6.01087402905886,93.08083329992222,29.39433150024274,2.0718909312496603,1.7512515148667411,38.91801339219212,78.41846890666565,47.91358571256086
-108.5609987404628,-132.67463085396972,45.80725054326483,-61.85572746389532,9.514544961095275,-217.57284267783717,-38.02025603829227,-56.838740486042425,-108.12035713513856,-89.56586811111528,-24.690707390469417,24.308019783239224,-85.98700573686777,-36.83857739119622,8.464825087002978,-89.48814665288639,52.33276768715667,-63.979482676307235,-141.00712970584053,-159.50662376957317,-47.62126952841634,-15.309939065471992,-244.14641882676352,-24.159211043358308,-69.64577811960355,-33.62183528869234,32.11507357339013,-30.743105450600208,31.799119033116312,-65.00996662821656,-144.08769290054894,-59.88533098220699,-20.6875115810269,-21.290927533857378,-55.191231252425595,-44.52615762825063,-192.39519377041424,-60.53610849202527,60.97968489047007,-36.85107808902525,-62.79760813952567,0.46771485955697617,-227.42051889880992,-84.76080911891786,-50.681626963433644,-49.64090960858277,19.788068847321405,-50.09855296732824,-167.94993744914208,-121.14248444164868,1.3628905587810658,-34.43747125211072,-324.7328224555283,-112.62321164131876,-198.30325326745498,58.80974740687088,-63.934953925232385,-34.19317388689856,-83.70284312285845,-217.4997657367697,-135.20710069293298,-231.50383153026382,-318.1898189313117,68.39686301138559,-131.87945363706123,-127.54192690770319,-70.8031625970006,-117.14728177717112,-141.86944689177392,-39.558576464829144,66.523135263644,9.020415010328485,-31.856567681544327,-94.17830988371973,-178.04529024093708,8.49564089829848,-75.50947842407983,-26.17319029427976,17.88574708411643,-176.26521975676945,43.76449665468381,-219.74136945094455,7.756300616257899,-96.37916830075869,-57.76759048608337,-293.84602166255166,-7.323653304369389,-31.11800112468574,-53.680450585839836,-142.20033367436815,-145.54561260692213,-15.435088045223164,-25.304465603404445,-7.605370830716149,-112.94863844151266,-83.53837594732406,10.627019375496522,-81.62465893955608,-37.63092476495193,25.322196444175596
-98.26591112340598,119.21442792865616,98.49345353519941,18.22155985358915,-160.03215136339375,126.66623135960425,77.89418195623291,-145.0976762637279,-34.669966957563915,-27.304952742792956,2.8030445671383695,134.33141397764388,0.9491178459748968,79.66412701893533,62.505642390907475,62.76440709940668,52.9305130098518,132.85612800792074,139.23316825044054,-105.37374193107296,-141.93242574442226,-13.158193858862834,130.6960183061363,-51.41364398301252,86.74925235435555,-3.350480372438624,78.31861712859025,123.4654875449676,69.82560545258906,-1.399935910079413,19.289796070897413,75.58736193409119,-65.88219629465361,150.29619898819922,65.47879098055736,66.44236518200492,23.4269537186222,120.02652736197555,22.541966151965163,68.48581291889734,45.53558738720181,67.3138789450267,121.99663945903389,96.07109714215456,57.643650598378386,228.0640590553261,57.93336708360649,50.6452163920616,-37.07114384790574,-3.9446056447308493,54.36569044425204,69.79425458368226,-16.883419332629373,43.71279158677548,-32.49348020154845,46.98956040345552,48.731619711133405,30.45314724931323,121.98332780167355,6.178556297664512,61.87756382391437,66.84307538308363,222.38289293460804,-291.52556005586644,135.05445932609882,121.7715271204973,35.25530023413638,60.470217352564845,49.4419895283531,72.96955563049399,30.25412783719785,82.91896672897799,-84.41471737632507,34.315202790022866,-70.12400443012788,-37.46335588020345,62.39489743416395,10.645931494633217,1.5216400981421057,94.64109049796727,8.773899140210325,79.81814934626014,14.968469242627764,11.460687570569979,-8.746369809162209,69.57805607066749,-7.858429102298565,36.57106009889407,-18.078958098898763,-50.712437639260635,103.33441157988842,55.91224926638034,-55.79389616986201,34.89672631176947,43.86011509349765,101.05624366758681,-18.69902696453416,45.954450898589315,-61.63288387005037,-14.236826568214205
-285.63170985237605,126.70039793785058,58.36192443481413,54.97578274445537,46.84193445013878,-35.1973020904116,26.384016221587398,-60.41485626183511,-38.81196334130296,25.825032873285025,-18.00432201664533,127.46961410147304,-10.008397885223035,19.290209323303724,-21.814520095930487,160.16806122457086,18.86384931440701,-204.5880306965487,-120.65875093255914,52.26133238956694,-9.21557874124286,-77.51703396818071,-0.7187789382286841,88.88688053922924,-57.5077177773535,84.93445580172222,5.079756684983159,21.244050667237243,35.886600306665486,-9.162055332169528,-81.10628370667366,-15.308051021884562,-84.83629851361808,10.636903321101988,20.337571160530707,-19.194256666590437,-233.46715541245533,-78.96349500770289,47.01148243738001,-130.36856139181586,108.7642282987675,-31.05803923178574,-20.697207759530638,84.10107615691474,67.1417876984551,-81.4661288429702,-16.464310741573485,95.85696442821258,-75.76450829410669,-105.22549367621959,69.86733605786377,24.23382984383005,-110.90517210431499,-77.185905510929,-202.51461520715367,43.14758002386364,-66.92398648411456,43.53564818819729,-123.84150200553032,7.001796987138746,-49.681231787860966,-73.42292169588245,26.19221345379882,95.30651266194742,-112.18782406754403,-208.93191827408043,-183.58778525661197,48.82716485719333,-85.23495199941317,-16.193969610409503,166.17543957013186,-17.53058472808626,-63.98629916153935,88.63614295229867,108.40159407221584,71.37941457510205,-84.52431854619844,-4.512524981661337,0.27904757099771615,-105.00295959926996,22.339892257639413,33.185464536986885,-38.03241165809297,-98.14559549992543,9.086174367105826,-133.81990851350486,-12.58770519400092,-71.17111690115897,-22.76042941061344,-34.55062856891192,61.03137068729797,-90.69881573115256,10.470342199726103,-122.20163696974143,-59.69712837813752,-50.536066449278024,-100.26447735728986,-91.83057353706555,-76.86862709661044,71.16982520665255
174.16264010054047,282.37232617892636,225.25575009840884,114.3654127460517,99.47621020589806,211.48603108773352,135.82079644084877,45.8106474660029,196.42911337994263,77.90801238090374,96.82297297936059,159.93554598324147,154.4281031512246,25.37268609022211,59.57452147664928,160.52494680364035,42.09835203804994,173.13546943103,228.984456755161,175.7925318221159,185.98304701625096,56.87226055223682,215.5068376994913,153.43557516190756,196.94911716289153,46.421007459390886,93.5164182900104,47.62935417043487,69.53858838069058,217.02372914742486,79.03349664276071,149.70670048357064,222.12759066791546,138.21430523780094,59.657481622916265,124.46116713145715,209.29468117442894,145.19369127863843,57.82487661006619,123.475413992208,55.92345657998873,105.3490357040341,303.4260828095341,119.5359468242785,219.60469948267354,186.52418746789058,112.77890613275946,105.12981230126033,130.87035119793134,120.12704663553852,70.88676412627706,140.31835183588956,382.6705047375421,46.62552418910985,146.34901860144447,91.26334943562222,181.70942446652091,92.11741582957295,163.81475618401018,146.81451302130637,160.47790774596564,228.41836163079142,456.1862454916567,24.5630932399701,197.29201924210437,111.78141971729983,128.2762588237489,118.20914521340498,135.819824882578,19.34720368767418,103.78156148616226,58.02850518697938,209.02502247963258,124.71087138420931,213.32673768957122,53.254615506564086,231.4299051487342,89.27761062626804,53.4176586370698,174.28944681658905,108.25799964054372,300.9196534626602,86.75973856065964,112.55463553210893,83.85809598281445,155.37883933232425,65.20680841241162,79.58449890380338,44.3860325812653,329.69362054754265,203.33048278247728,75.14708591216316,138.7325432982983,70.20666522243698,188.17036456675498,111.05834070017166,201.88572621638266,133.06767312536053,172.9396434676157,29.784245357965126
-153.56162592661465,87.0026660251649,18.678562375772586,-76.90224576228974,-119.13735387839347,-124.82941165958849,-71.03082136006114,-117.42665110670987,-219.15703026757404,-15.601170737385521,-8.30785015715565,-52.49290478098368,-220.75227440780438,-12.374259289272235,-99.19474948725123,30.660134164543898,-99.95959336480385,-255.5359169518663,91.20769835341495,-99.51724856562491,-52.488849102683766,-121.4412618004476,-6.548337535030252,-171.8915945526893,4.828307530748195,-83.25434937942784,-54.084468065748176,-38.824037693463964,-9.155291106199213,-66.70808001063213,-72.65057417268638,49.660633450336384,-254.87248798167158,41.61222491975379,4.301952015608204,-32.891104970662155,-175.29813084800233,-59.93918000879258,-32.480116721340686,-34.761874123486486,-7.296282519476285,9.36040289503859,54.45764153402062,1.6722981051957004,5.829082822292667,-17.567778939598888,-54.01911789022096,50.55094681727424,-117.75310330538207,-67.04610932101663,20.05523153770949,-232.60191236324246,-111.07899079314865,-85.21091320245542,-203.54449461458734,-5.238802884064005,-152.42659036104365,-46.64936868550162,-49.62629427338762,105.35901300414157,-45.3620912118396,78.11090061557965,-127.89426784809478,-224.96924259463336,-56.17669336196894,-14.1848960127482,-178.07004523857017,30.041745409070316,-65.40652509222937,-5.031489734729612,6.510059509408989,-74.57219769942503,-163.2219700059272,-50.20525918807796,41.537032768602806,-126.98671654070691,-102.69628037065029,-200.0141615299288,-43.444429754683114,-9.415500971472529,-131.65795054789677,-28.52754816819215,-212.2265201789574,-85.14611619010361,6.843617353334477,-8.016280932274496,-209.6264402808464,-84.02675140915147,-154.83435473416498,103.90709030441684,56.4770779902362,-29.493359958437324,-27.877123782431326,-75.85579611681692,-95.30204900615918,25.410045243093254,-174.84135572016805,2.3470514609105706,-222.60518237100055,-83.17386001828872
117.94785135065294,-121.84670874160712,-58.065890926740536,9.95613751625738,-2.73780953011754,-34.88076434466623,-93.73117719498025,-13.16586086595927,9.795568010696114,10.03043593680922,-13.28661644742416,-92.32142929161712,-85.87935311047775,0.7909941543678055,-24.657844324519196,-146.66112893599964,-50.46392010879077,16.12443242577049,-52.941167869689835,-16.557361672641644,-47.36150932913047,-32.037798867473654,-80.95690079718345,-24.53980962154467,7.500886113930377,-12.486043119338095,-26.29452747646028,-35.07358795109838,-36.82445731956564,-14.028775497323597,134.9615484412798,-117.54334677038402,43.89156121797269,-83.66566244607708,-12.231425820975828,-17.8771757885741,48.915352249866544,-45.55120836918823,-42.02116351185316,-98.3160100835237,-9.651774668274918,-100.21048642397513,63.74012212855574,-123.75055665219358,10.528026621745239,-29.71907451886938,-41.80348627639112,-40.330556517613005,46.770477952433644,-13.12061632282937,-72.71236141857909,-35.26751623304201,46.7279060982094,-41.00010269543329,50.9071597535195,-59.17733726003103,22.131981333587557,-54.91508479323716,21.814823159696754,-59.782338995003045,-10.352946225177037,12.885972325894507,-7.168583972228835,126.29437360856468,-32.3399884138633,-34.950906480592366,11.99904157536468,15.74561223773121,-24.465582395559775,-99.54536621971921,-59.34637661840715,-134.0508491201474,-6.971956866275373,-4.639541825517054,-36.45207417373025,-38.917116914427304,19.25030470596563,-24.57799580599458,-38.855980076836026,-18.770741613267344,-12.891912580805592,-50.61406930669588,-32.546317429943215,-12.5433251100255,-114.2501902760314,116.90092949760763,-64.86205702612281,6.327690596583372,-7.744574176278303,2.849412261315333,-109.77736691445276,-95.83495134210123,-47.032977599752215,-11.707964283582601,57.371408133878994,-115.834557914607,-19.48058940314114,6.4313500526309335,-87.28629269474632,-128.9369432371698
118.87584571984964,-36.034568326832094,-42.71090859679383,-76.70949808578514,-71.03801210776278,-95.66825120502246,-64.26686138565026,-17.954848469233898,-70.50378986484425,-5.173539204004219,-15.665600576757512,-30.748182014959596,-28.87543552111123,-71.53487902328814,-31.737457009734406,4.2700270044109345,-37.040448810789194,-68.6537785015581,-69.12418351175344,-35.7996450188597,-81.57660859733458,-41.805642445210225,-17.049884204309397,-65.77853518024375,-121.25629787989662,-83.33818555088398,-85.6635596632843,-86.36562366157294,-68.37004451117303,-64.88115406784681,-130.121953522945,80.03898929850465,-32.457870220184205,-99.43913670405789,-69.65743761719997,-71.48637245059894,-59.050847774913414,-26.34668543720259,-74.49345333015202,74.53143494571727,-145.98979695791957,-8.935432933300623,-75.61197238984956,7.496014931924039,-104.15364101742787,-224.37556165028093,-90.14373535799929,-52.460097891440824,-43.4464852618989,-84.53180054361388,-55.75814049426843,-54.30108121332413,71.69850070321041,4.052743380018997,-45.64422969734151,-41.66135636335994,-206.36351858322072,-16.46062787425645,-25.93894952824671,6.582987103748932,-5.419495494101026,-119.31572359923179,-93.82107535355621,-88.64794149121803,22.660596358613507,6.164127928069802,-105.45177281945216,-34.98036544323567,99.28623190767075,-23.053390607656244,-36.60744524613047,1.8915752492073192,-122.62994111560398,-92.49883505857795,-23.07443086618075,-42.944287737022854,46.301372867034274,-89.5577312018942,-149.21190884343446,-55.567708433704006,-125.03715436861496,-10.508434261317914,-24.346001596394732,-51.39910210518989,-20.3907662100945,-76.56162720553031,-70.04849620082419,-22.125740403023187,48.346757691332044,-48.57959849304395,8.656014784325729,6.648911192514373,-61.805261912639644,-37.62760459942887,-68.23291910297218,21.088860640365706,-108.13476021140536,8.275322236578077,-86.59115117446203,-55.40032784693305
103.10407512893951,-36.237033492292916,-21.19943085980624,32.994757365807345,272.0671913975702,170.5774027509894,-12.640533063066716,273.8485865704007,152.07878058134054,19.359033235131786,63.1974624308422,-53.88811150829404,44.930454893617394,-2.200583490504014,8.052218067898108,-101.47871275181306,33.66830184941242,68.50918527300685,95.84403778142745,177.90010239795228,210.01392112316833,141.81846563475833,129.1475575572839,24.92236187073726,44.592240977688895,77.86331320331878,22.58342769045548,43.88510684316184,41.045015800507095,145.52717162311794,332.1150154473839,-85.71778162520968,182.7463571650025,-2.546282471372458,11.192992130633801,148.98061563266137,256.5911643449323,35.00352749027559,75.39704980275954,4.672923749309884,80.59120332284836,77.87633426961969,21.01104732111186,-12.342618981230475,58.713692667817845,163.57575185884608,131.1871709520257,-4.1591468434110554,82.95494165163824,191.2072131407275,-13.077403872744174,-22.84169869989691,90.45777371267012,32.505084618523405,156.8201070846427,15.527277793175763,215.8929186628768,-3.2839739030414363,60.381458465693,36.33091821463502,24.99266624346682,103.87641192085717,-27.354540589760834,246.02142578580637,-58.271480474120885,-62.32935938590525,269.06972841527227,-54.812751202444595,53.5382420397698,62.90317030131289,-34.99250836535355,12.9535475992855,185.09677058866842,16.15119911025706,90.28603338942735,-16.487031776689637,3.7667678600625205,145.10955476874724,141.8589482653188,9.862033800759676,115.54412101670354,-19.53750811290245,47.43253657640059,121.5800509174008,2.149367750402016,149.11242611087968,86.03508803406169,68.73216656216344,59.69777061623728,94.18206791265808,-50.958807891252675,62.085934522434236,155.15990508176716,150.45223858055,66.2432702475231,69.15281411473403,189.63507370673778,-46.22838861311002,206.633392487063,34.35695469334671
244.2255520592176,50.67074682246555,31.038969313055002,78.75664720075122,5.401601251961969,75.1755984030629,-24.06965913536929,72.11982756187143,44.4941102926728,52.1119326020314,47.258696000342404,118.63715479840853,191.25678415399585,78.73710663302762,93.65601121509725,56.942257699368675,88.64251664642896,35.972517103653985,60.38318058847548,69.64631836513752,-10.423394936757674,74.3014203020981,64.15779898022028,129.14931468613977,25.24144380901995,73.70855599039257,58.14382191825251,69.55568948617494,48.37149462708512,7.414035335908775,-36.60159835606342,180.33575223519327,1.4021242873332171,52.23950253695555,45.08026646715199,55.074169713727215,31.25406625234021,19.101397627233904,13.718965962027301,89.37687813533503,-19.94112467241668,17.454577859938272,24.630864233392693,23.89836539902401,19.1894603405216,-14.736809043339623,41.416043867208884,94.65641874574312,44.27251410972359,106.51848069826907,105.68326581532885,151.13384321967322,124.52530842878569,145.01225327849605,128.64764123057395,17.35077347568899,68.13109582290846,74.79490234717755,102.07571045842109,44.07498696777517,119.1237000805805,-24.667814603788223,-32.05451932166148,10.897338662857543,79.39321889104133,149.77986454844552,24.153914516991367,135.9739770135187,47.691927843220476,119.89222903816209,102.63424003780426,59.16935768187112,5.290199151546487,5.896252467526142,97.98933943142175,79.23475191992195,64.0516670194401,115.95974430905935,47.634119441062204,109.73388100433979,27.066208203618753,-25.911548124461795,137.78899176267356,4.54108655692943,105.10997811354623,43.12081621877073,80.53161728743837,37.68364784663742,139.1741667279166,-24.49453619499012,57.02195171757483,83.64592619677369,25.90040402014177,60.99103950734949,35.890992012955536,176.628472656415,-8.882194278835215,143.9447395058185,87.05347539241825,83.02603065250547
69.00872815102484,106.99308318895493,48.5519759574862,94.3251659739585,270.429552524149,326.2770754250636,241.4806004966467,214.36996072508825,155.226875543224,5.44408308444892,64.11944856248624,180.51356522836593,244.19837037407947,71.36121308128394,91.90835780873209,39.38356859553313,101.00496013476464,72.20068226801821,100.8581515945229,300.1213476216729,94.23045486941568,152.35238776026972,306.08602634329355,237.3356268293735,170.4627815050196,159.26033900615954,120.93486420210978,127.6621671266562,97.31232405922857,215.65372466543596,356.1193324257657,-66.46688987158623,332.0218244478662,41.51697218020585,60.573208341788366,104.96661943872446,316.563837653543,110.89814607071607,66.37104983175094,20.25696062986252,126.17292371392894,58.72467320569476,74.84699463519782,160.7504616214442,181.49392344043198,73.86732199763402,201.57556198327066,183.67083384308995,-11.80566367967357,219.87817927022402,81.61491821149306,85.83396738775305,158.4891204397301,156.67646349929515,151.27887179540076,61.267382371321006,270.214177142279,98.13775127381284,139.58990679730536,167.22834932335513,118.43110992600815,227.26168889378388,301.9605173410811,405.59776256094585,151.89194061570635,62.415752363881296,248.9443445262288,1.2217349572846352,151.56554841122826,87.30229781963897,69.68009279490839,308.5298835308182,239.23966917233741,134.2466829557307,126.72407444358426,164.92293037011947,55.50009497054508,273.5172016954583,104.55006807042433,11.204568282192094,151.44479598857177,288.1377905370475,184.59773800738571,243.41987658731077,140.73817276213586,119.48939698178589,222.41812635402675,100.30519051129569,165.15031514601586,23.01814608496319,50.088169287768125,169.89521589322635,86.5501789548549,111.4217700831066,74.06678048809377,-26.403400579707267,223.4400813516985,-124.532683195232,180.99388460569008,190.30310794024285
-160.79584022797692,-121.59497425025975,-77.67315104326461,-59.368380357455095,-115.59920303091202,-223.15969557934403,-68.34729282411766,-189.28529664496938,-115.95491248201535,-46.26147676031569,-74.39867799227913,-120.17861969386776,-208.40973996149356,-59.78202705635315,-63.355583889221414,-31.95972824927604,-31.815686723408493,-64.73960774395715,-102.52822156523264,-192.26269638475407,-152.27442575535915,-70.44059070895868,-232.24574287258864,-113.69461604524633,-60.25504339674601,-95.33516082564451,-71.88223134062716,-72.09189187973132,-34.44798058521762,-134.85989593229235,-168.45640881490556,-56.14872590490441,-135.32792836553824,-36.006108194887354,-26.141287442090988,-86.35732613763419,-148.7370840334101,-63.96403779606729,-32.59298129119327,-93.60441051001814,-32.79236674182689,-66.98266575187273,-226.40999370129802,-87.2249543400189,-102.75409930547555,-75.70963836765345,-43.745156572883225,-80.67260355356264,-95.04796535982258,-102.73438741998716,-18.434397712207005,-77.68912983629218,-147.96981583739353,-123.24557770863821,-112.31705940207033,-26.082193989806,-163.76120963655805,-94.36398945791892,-111.67671268442675,-91.56710145880479,-107.02876185106447,-93.65331955463287,-167.95291330044384,-284.616889694413,-93.44508112905547,-62.80458384647205,-73.88715673614568,-67.8345199760222,-156.94333057771834,-30.565395092868464,-44.051884473662355,-38.79740809031096,-117.87250519014498,-56.53201432127271,-111.08944478046955,-60.621292148705216,-128.04001607314413,-89.25212558678088,-50.3125927447855,-46.5398634849669,-50.65683527955635,-128.76701508932106,-101.29265567966489,-103.62419881429791,-84.96234651739324,-155.22373544889743,-88.87560480394848,-78.82045189040916,-109.95392034174566,-101.86231175585904,-58.93842835713287,-37.76609851432732,-93.37875084881871,-65.48510795259628,-41.706995981735076,-130.02888241831593,-128.9515296555804,-57.94115864377243,-160.04715183090795,-64.54141416294065
-273.00634299907404,-196.01253783432372,-163.44572716414592,-153.40985843748018,-253.86558993006287,-237.32384747061093,-48.18390882504682,-195.1078251758931,-173.48198121001747,-98.01991302313137,-69.45586302668723,-132.00439606739755,-266.0353829910838,-39.01966536298675,-94.88467970648651,-70.26926212859534,-103.36208048093327,-16.22889757682856,-214.12075798829102,-276.2863251808737,-145.61639086995478,-40.031230689004616,-447.6050529556172,-59.32061138534382,-223.45999260331624,-67.01815404307446,-35.98163473007576,-101.30233295604707,-43.18337453077207,-145.95345085132956,-317.11484220240254,-171.98089843762332,-313.9483873469971,-114.46707564968175,-27.887798029088888,-87.67284577478299,-242.22644459063142,-110.78499742429922,-21.190476203691492,-173.80425208132397,43.05104251299914,-112.19398459534335,-198.97597761568,-55.8472311295301,-137.3429284625725,-101.1228882825728,-123.36615835613345,-124.26987225776541,-61.06064264622731,-237.09897376226064,-176.55842946274825,-116.7725673078874,-394.1522049427849,-49.709786441873376,-178.6394110263127,-14.14458348829432,-179.22652954373206,-23.086687992572735,-131.51008841488698,-57.716261508052526,-204.79567734287969,-117.39250530614459,-155.56749981979917,-319.82913156472455,-221.94080977452117,-204.1606447005567,-189.3333089416918,-83.69690614012858,-237.48700821456913,-20.1848187344724,-158.8806704522159,-138.6668108625161,-124.96699605582465,-80.84621177326216,-194.00099389910076,-79.69159588458109,-135.25353124932772,-319.16333687126536,-61.28856780089855,-80.15081061821103,-91.2578881377847,-104.23738351201877,-73.44116043750387,-97.01928362362585,-128.1282851992293,-221.97777777529976,-112.84510954880986,-74.82270391898187,-134.4829679102734,-160.51389951912716,-118.2813270810116,-80.08116423231657,-187.91072252085144,-133.18897425644923,-50.948274713587324,-225.29254824005187,-254.5352189450301,-103.35582687042492,-228.9557450515866,-71.06275667282279
138.77473675258094,107.86935209323143,141.2465901944989,-10.44322391236477,141.3237766323589,109.54976949826501,77.95689085598383,12.868169868690769,129.61696760550925,77.75033294474488,-13.403115629473678,6.250712094245077,254.16308232366455,-31.987602610150155,32.85682162343907,75.818215523448,129.33188904279405,-85.81361691695041,176.72325353890594,-240.275778342385,88.37799346392838,-128.32475304846977,132.90611127096741,-28.442905005219476,184.2942565515483,48.19049373727394,76.3075984891988,-7.751507748328997,-38.52386537625024,-21.941850004358166,-71.46457204127373,82.86319964969945,321.95593255547317,88.32727916855447,-22.39648858042243,-79.45629441724473,125.1818128004509,187.52573153467404,45.46488573183574,7.954849808415763,-91.12034921795066,12.375459443412536,-124.80439972570642,-42.03542438928766,41.35566800598392,82.75288953917946,35.39817750275333,-12.773241491345685,72.58425189521552,-122.96303692736255,15.529382862281023,132.66299321166335,299.14523395099,-140.16641028410362,51.66656700420545,52.82258994430011,90.16212442859779,-67.84069377339932,-29.265842293522258,-111.66996210167886,-16.59079342795497,65.01895510581213,29.77054438110186,292.88602843845416,136.35072843200683,214.84463696957923,20.314802890779223,-16.154027866878582,93.0600093719811,-27.84621877177955,80.45680542138419,155.1907707756015,81.65918952362797,20.3237206685016,61.682761777247734,29.453447155781852,51.07378576615661,220.13294257780882,8.59200344749777,-81.24443592510247,152.94814189368824,-99.08239169185227,-52.566016616768636,8.780864776747483,-41.53975822739675,-164.97321952385315,21.44144799007088,-29.142606657466608,34.448325892975795,-10.797107179170617,-10.631405660909474,24.828688160401583,45.021059498404874,17.029927180938504,-15.048562903743175,36.92582981411972,205.67226203048352,42.78112789279418,145.23559403373278,62.488717847908084
107.24950102284294,280.1438206981417,177.1996855773396,111.8214785055662,404.88502193368726,302.49211193416284,228.57228405131409,231.85757698241608,261.16815225558196,116.26169680217951,116.29087481942989,104.34892834532519,242.82009301983808,95.81285471336746,70.74730188169947,128.11008894957394,93.08610356178507,166.85091677536872,346.14597651318076,466.42390623973324,393.029445922052,194.13393393953672,296.7845510603291,40.59886851778731,200.0730787998427,142.43462399990528,115.20928362351599,133.02435837035333,153.3061515906966,249.893981056338,364.62744164724484,218.2741634360247,258.8861604341513,154.10760588122838,120.66241274418309,240.59108492568149,306.82172004331125,117.82319388119035,117.81164948446113,138.22353633723858,178.25746083637927,160.55790626862856,489.850823554412,191.62096149888117,263.3905815332027,213.66262263867563,137.48474471551538,271.970412774137,193.57123019574018,174.47099258657207,127.55492782864346,144.5465894858649,363.6240129699078,199.04378174050746,249.13015185942032,82.33101428546763,222.07428422459677,184.62727906602262,183.717934219601,299.20013428347016,146.48553853360536,435.38465277072044,351.2072649948307,319.70242850884637,152.4721237598842,235.57163842425732,278.1769395258173,140.41284160651603,142.02067435925116,127.33601517289098,135.12605179714384,96.97431612357896,311.33294712480216,172.60128617583638,340.4034942456775,94.82577593433714,92.20685942791017,229.6118901949176,153.26981931199475,147.87132909986863,128.32026650384086,143.39315662013445,77.09088341191291,155.4767046039283,254.4077381757564,540.9848379475332,99.74535454306084,107.96145453791524,89.55859744424849,395.14544250161947,219.78050491184572,115.91425222213977,223.53673516984125,231.53242497472297,81.66916272979746,299.7450339746554,234.87605431363718,199.72023076151538,272.04219664867946,82.34882275997872
131.54277974943454,123.07874548645604,52.04981112805102,62.1997357041195,102.69603959833489,21.51969525819133,15.971834995127947,160.1662757888921,56.152452932987785,55.36570257835035,67.84266317657901,79.7397782036332,42.4183250307411,63.23071491572922,52.10447473133013,148.6511901895632,46.250966483203186,15.618499440150917,51.290777076444996,205.0551813943631,119.61481368296893,33.15936941269138,-20.1637965516251,122.88423960576333,119.90517341240273,66.39990270473253,48.80494346473051,32.27761414305285,35.96791936793676,189.09530783190667,94.16212778141178,97.30677216070907,43.53287258058935,28.343911406801546,19.364650085577317,46.38629790488637,20.965995370677952,28.31198587253131,31.393531223339195,88.17629987100672,30.491480582747915,54.50524382830594,167.762264457978,62.498519183613276,85.59933439894093,55.512116729226534,-15.043648274449266,49.63501676253297,183.83147518514363,62.533975439412075,-12.518791857061904,32.73107726088596,-67.25033090642712,58.762806207254386,110.52659534647712,-3.062477704447327,111.08694671362964,39.13559157987247,127.32419471270887,-8.702029108433516,125.73652894371862,30.377495827728186,72.83073519098123,246.81631616204527,85.9604895601556,110.95936640861778,9.13230061671959,52.87822985011977,105.47035282747188,27.876831543256714,100.39219316300455,114.42613597505147,17.785023907960014,80.5636347057015,80.73007186005142,66.17835605053276,100.5046296300254,38.83243361213496,51.65002432829592,31.226834750089836,67.09991226727685,65.05363286881598,73.97992450405305,64.24153447740824,133.78093736353583,150.1132593427738,104.52721505085505,36.67990800957439,89.6401638419197,82.87341668960877,71.041068121131,-70.24489098417737,110.82599355315574,15.879142347377368,70.81835027626481,85.61259226229753,149.60131537301802,143.6963603400819,96.92339817598041,3.799192542478901
-88.2776355244118,-133.4559983365796,-133.83653112766171,-38.44918300166274,-149.45846927381788,-121.71396308993431,32.64127380419626,-8.14180406201254,-89.02764643321582,-60.10349733048106,-12.669498088218639,-69.91357845123713,16.456373222097326,-28.126916349877057,-20.460772674091974,-58.969471771524084,-52.70053903914381,23.576649204674016,-103.61648692734913,-9.481342570855452,-93.21811932101564,-56.47480157497324,-10.739742582396424,-105.93720393621534,-126.18470644626206,-55.72105755502375,-83.97988139200346,-112.0841211420314,-84.13133034354819,-20.370393780984628,2.992392947023635,-122.17919592640453,-19.269299963864995,-120.17433653963968,-71.59954016190555,-47.87108308004137,15.61637031091876,6.817879155543911,-41.364715023568955,-29.308818195747826,-92.79137221336323,-9.850608049475042,-76.51451398437747,-28.611804307883773,-127.13307189626406,-106.36088400473544,-96.02862972619573,-132.89904674516345,-9.160711545061895,-78.91088180774825,-121.3947631295107,-42.4140777133128,-82.12397111563955,-5.728215006720438,-81.31890206927405,-45.68829232638549,-76.96294337219555,-36.13852182332552,-78.77473281596804,-126.53659724990092,-82.24961050267306,-127.67431301504084,-22.290630725397865,-67.43523326836765,-70.84453956945099,-47.6681792872217,-30.965916172226716,-115.43492305236161,2.18011034218803,-86.2489515604032,-118.61571301532008,-72.58737876720097,-24.320100737734737,-13.833351835321096,-166.24971778775748,-53.38821234891685,-22.329899823395504,-158.85380795012156,-89.87035551064507,-31.538460898279528,-45.00963355759918,7.300986992672268,-4.659370415706458,-8.985197273193956,-34.79255426736753,-1.5762851931953183,-25.52610296332187,-12.025652750288431,-16.88761391918044,-118.34819988670742,-76.19955833931891,-40.71971637118425,-122.39987998497429,-56.57005993244626,-50.6338042310713,-140.00376421003855,-98.02089975196895,-94.64299862771496,-76.23467842388092,-91.09704090382644
-35.967587611142996,-151.2082319098928,-178.60744353338967,-95.73499948766188,-167.3330722057885,-192.82132345623248,-91.32972908979804,-100.39111429079757,-129.08995556361324,-28.56448547341223,-76.1641565565165,-42.748423516865245,-180.28275800221303,-12.447326747231283,-44.322588723473785,-77.3653660260938,-81.15128253071585,-6.367127986831568,-155.5067097324219,-32.8451987371256,-116.90784128703613,-46.637814202692624,-138.60023086273617,65.86597669594595,-90.5955080539646,-101.06057822264329,-110.01524208081106,-101.50790125620223,-72.28378337555843,-144.333441268492,15.33297474879596,-71.23326446436006,-182.65111585046955,-87.04902407446039,-59.094276815519144,-104.55517203249936,-107.31437909571072,-88.36610233929764,-102.60395217493895,-21.95665246950205,-79.13030545322712,-31.089883052520307,-238.0474770883367,-8.655255545946785,-214.31037432711346,-87.28094197706544,-111.96942655730986,-64.01849046326961,-114.05931130362337,-4.119714202045864,-68.30382961875267,-42.10797516602828,-180.27162468410552,-30.75759296357083,-125.62503302553732,-59.92991612342212,-114.48031147900825,-37.96152968687401,-18.79646752902732,-91.93424152995776,-75.5276092105935,-348.39373778575657,-178.31637231777637,-139.30010309752498,-52.34959709869829,-111.36603597194757,-142.5056298821711,-65.18315820851878,-50.05520631095849,34.36326192863921,-62.338599170769314,21.95605275550738,-155.67173795577722,-136.11435834485854,-264.99412980555246,11.136413507149399,-39.717984517535434,-117.03480524160317,-75.0220305211894,-75.92146522527632,-108.93147665615743,-75.02324386566937,62.74108669250143,-65.9823984076493,-104.30376499155602,-168.95305360119139,-15.771299198584074,-6.494056102643643,-52.622727807144116,-276.5491146292291,-59.885435910753664,-5.710963199755599,-87.8375259437803,-60.96444545681835,-10.193857410337865,-37.061075585756576,-129.02103354372633,-33.882094845032604,-39.27734703364567,-47.04244099738781
207.36359601142226,183.3698602078436,160.82274843328725,180.257945591522,229.38841928189387,290.7126721076321,4.650857169617309,199.74902379882303,273.5857728312267,82.36205596000806,80.42311839184033,189.44746517027326,384.3990626029313,92.94401378569044,119.50288591067074,148.63204036989652,83.40018536881857,182.25764152444324,137.64350505328497,274.20508088998093,21.184876071801668,93.5181166216548,383.25596880495306,239.99945474518265,39.712191145194446,85.26467121926109,92.01051365997526,218.6649812905954,82.4718779851657,231.75881772048334,243.88583412092697,102.124858385033,364.72792849084146,82.21207561248993,88.49970300399997,202.63015317027472,356.64463483333446,146.80665819203537,33.172567946526655,73.28493391805019,75.51275162019886,66.17136473387632,193.46007814354158,78.22061598799976,166.85800251310314,114.66719125713837,150.26033294528244,4.891055055075399,147.88404712622648,235.39709776975798,56.68382848432267,221.91216054289038,330.6292326172024,210.95986008605945,188.33895656480823,25.169389520902573,412.0787423025876,-12.072982821352031,138.46273551723263,119.23504231237875,170.1050584422214,179.53073610920646,289.48153357555174,439.7543513324537,315.96112116357426,133.58946774987191,217.71627455311082,96.14789532183399,271.10541989211106,60.898980309703504,73.22708713095179,-95.68294769792222,130.50186444877406,216.9502638519605,348.3915154754859,94.24426678814598,207.8614638065638,257.0389522141547,24.1381013703539,275.11270566888106,124.62814582241916,376.3215970598047,149.57758222483957,189.5129305341448,129.67576326279462,355.89924400377953,181.13952384448157,75.075569574927,198.07998123361241,427.16316241739406,192.85196262227723,22.331589513612865,53.18578832373678,79.90817594220461,220.47981599412233,85.47420136211967,184.58525211000446,141.72370946712564,161.97297471060537,92.987194064335
221.25715612263102,139.40777683951458,122.63883659635465,116.9037742427482,212.72614105168506,153.16889461795535,223.58061994040537,156.3358296360897,120.91066087284847,43.91534286050332,128.014403881388,100.6013116204448,132.89451590654497,73.60323332472024,79.1705300053288,41.30639657195651,116.274263457761,79.9838595681526,173.7037984838197,304.6716312801559,181.25711099369622,197.1259745373869,150.97895552454443,134.1915283355005,256.98652888694636,137.16890271692947,103.2437039883034,72.47954783114004,112.31726536870617,201.64229864189028,237.22392531785,177.10772121660884,174.98957154675298,93.2270116744979,90.49027370150797,177.85926329670818,133.33236874847807,121.4184872428433,110.32193570750982,163.25084987045335,50.38386844418509,136.28850482835662,165.9008158855943,130.4475120256063,306.24306390888114,114.07113761878031,210.03920366995683,145.0572394151217,86.48878570465803,190.58164754383733,199.752751348819,159.37381227872197,154.64363056937307,133.05363482094364,247.38503975381272,89.13554085813284,91.67644620301378,138.67645794209457,151.8261120944427,161.88625083696348,253.71473324379758,199.18750812867307,131.91855165158196,217.90472020361372,148.79289545070446,166.11422907068325,269.9669722256384,154.96018819620662,77.88139029597855,99.78568213771011,149.34057016512978,220.45090593405814,335.8579347258366,74.8084915484244,16.04955645297448,127.87381932444215,62.41477224110312,294.8478012610648,123.86356515797206,99.97691143883145,143.19152067437793,91.16969618004562,145.80102526920996,133.14499534476596,169.42047245174086,215.55004731402101,135.7620905826307,140.06258559264043,161.5109582468133,99.63212755070799,103.858610449127,183.33169977668058,157.7499922000678,245.47984933884194,-12.816944855901708,141.3632143143117,203.8044070382961,94.96314144397277,253.8597261703729,135.44001365441574
79.45263079193087,125.92429767802814,182.12381401892375,117.82602071667026,182.96013171315317,239.816358951444,-118.92484006872446,-3.0661227298085088,300.62550408952785,142.53718853668593,11.91155626059879,63.66967717400822,138.90397065488264,6.836045834446214,44.65093602243594,104.86520874112585,90.01389587629252,65.75123570286075,133.0607429812465,-2.4500928193802447,39.20071012681686,5.044992179677562,227.37601279056108,86.85058224614487,113.52118408559612,146.84507295020498,155.94762898165686,232.93964310764548,106.88563142485249,18.628094586803734,50.20549507175131,57.43183901674601,208.373848999433,101.30256309343116,117.00649885982423,98.10956165120136,169.53492680972695,44.045190106905046,43.370327422494874,0.8598382888232174,78.42443434933695,3.677050025486548,165.81020423166004,-44.14619643281456,131.90637142961958,121.47126177269018,139.29808189656117,107.38492710165818,-11.702526671701808,-13.229878871400041,88.83986850458197,115.85423359893494,435.05741548792196,50.37346256195872,90.98589039166818,15.852498707933073,265.90159076850836,26.997384728490676,64.76963275777773,102.47219659236784,35.393305673362086,338.43688558575576,135.0905474213803,96.51731370474755,174.4788582788516,57.109276080921234,104.66518077181635,126.53596761192138,6.734008997036172,52.31284272520919,93.19395913724966,-160.49198275863176,-18.578443286609275,180.91561528497908,431.0684298811474,-15.48467758190621,72.96301589894775,343.0173260514826,65.22990596984202,115.10951895923961,114.99331855365342,74.76012846621914,-77.70792977440345,-16.830817256796294,43.83059343449444,47.68959723995625,-10.797733135815397,-16.822673245151005,-4.7391742098342515,465.31047179671214,144.615411084429,-25.109919500150912,81.49942732312464,46.305462209006684,184.28765839200904,121.32667112579584,89.09653725784158,44.76780487195488,55.46562746670723,65.20675772033341
39.293003589787226,-7.922377699298419,-28.091013183303136,-29.527789135001257,18.781446640789774,-2.170689524519529,33.47496242745716,-22.06469831685709,-66.52450305640991,-25.640752397140844,-29.621123639030372,-37.21166515477757,-105.6731127326028,-40.32287312304596,-49.53334165266666,-40.1571538966556,-72.12255015420892,-80.62216618234807,-47.143901836039674,-59.42260579803021,18.04245598778877,34.040795165390506,-41.04429839463095,-27.624939331550387,13.626040734581052,-44.36938297520424,-37.262343960490114,-57.771129240298436,-56.068396703028576,-25.736158722851332,-36.470064732703676,-2.3787941738955376,-50.73289511473265,-25.7766680653189,-27.461656792808135,-40.52394133855671,-54.56405028270351,-72.32682809103683,-9.783458500839437,-32.76525074395298,4.24741775436141,-48.287551291512436,-84.66025878732206,-25.570755037732006,48.782140802036096,-28.234626657910894,-9.033561241758125,-29.519850526414224,19.933786694835188,-23.877086280706116,28.934104870305493,-72.20560577745184,-9.646675492079087,-15.053893141286487,-23.005260498233287,-29.085216226077307,-132.60050628633644,-27.445591646995563,-38.29842265553517,54.00075580965351,27.711466818596893,1.1290971966951475,8.23266030004209,7.539303209268473,-60.31600709022355,42.93336522139194,4.949425763672431,-8.85606609673293,-5.873094650826815,-29.87084217850558,4.404257644701983,76.09520868165554,65.43752178996964,-62.98527627594296,-38.23383453010472,37.04476631671095,-47.516401119239944,-22.397625793538054,-1.190408665562229,-32.8761527362188,-58.500937518953876,-9.504953394866586,-27.79060832381352,43.4349901867841,-40.10592248586971,-44.65465815693707,-25.497327843618383,-18.424065079433632,-14.393565606235857,-72.25687059258152,-43.36237290084928,7.107720289832548,11.108147882174826,4.448332356218135,-90.79636355113543,-40.69577206791359,9.626166775866505,-8.454937878201678,-49.74870719259484,12.78774043600821
-359.0624593074414,-137.48056586424931,-18.99534659231236,-143.55610854172684,-304.53879020502603,-269.0774176660602,-173.331357562768,-254.2778729985316,-291.3366671969754,-128.97413405062713,-88.08403228809615,-86.81614450741841,-274.3604776008992,-130.3525389577541,-49.00387927528992,-58.828277389128125,-55.3951565276131,-204.97490541559125,-221.03782912039614,-502.9652648588252,-155.10975098819722,-200.75100090320956,-421.5813595986033,-211.25437638952,-255.89445750101012,-144.60506563404508,-43.83886858673482,-132.46661090374883,-24.074228675473787,-262.20652463511954,-495.836057778271,-136.47646210371494,-311.33654868476583,-31.832968931135706,-93.61895928766373,-144.63225706026446,-450.5152892304406,-105.37229513470983,-25.388507465118824,-149.18097652477357,-82.29416390234067,-101.9114774606739,-178.68583449416562,-172.4410332805896,-200.11694371536547,-99.5208704322386,-112.01394181589087,-92.56319535722534,-187.44142212458084,-154.52952479715918,-175.88765559925116,-178.2818218776628,-411.9204591461908,-328.2937918471692,-306.08559845712404,3.1965496972456506,-160.05385283859528,-95.80742756803207,-108.67581643823989,-215.3103543545713,-245.57200667446895,-250.24167622362793,-398.72430419632207,-509.0768807506624,-268.55587346506417,-363.3536735400335,-299.1271477121273,-149.86066027647533,-173.33786250255793,-92.87044257058002,-163.87449618588343,-184.1552148657569,-386.3061733079745,-173.76683579394611,-143.70665497862277,-201.92435748092086,-116.2911562367117,-446.63799723716926,-79.64154310430166,-180.01553542523357,-81.17405514590156,-326.7680531930412,-210.4418553024321,-222.3147569009681,-252.20663372962647,-399.50500930865076,-149.15356226035746,-173.32404886723938,-209.31437004530466,-355.526162468767,-145.80168346027696,-146.46822050869582,-164.93972100324868,-247.2647821390007,-38.69950368828726,-171.04538583501756,-172.91970602004326,-285.170715165406,-318.04231858128895,-120.0922451800334
250.06515090169526,61.47485219207762,-50.44996978104945,69.51672538881839,75.22323994472377,137.7911186712519,98.27115541762927,75.18925380224788,90.14387765898233,128.2675448195848,6.274469679562519,129.40897502524655,37.827672336074805,92.55440379659474,18.786012635681818,135.96236082817322,46.79287872770444,82.1145301119902,70.65605146718431,144.37064552639407,120.8896964072362,45.37854052974918,153.79735589822647,117.69614796804694,64.98713351974773,116.30170436501614,58.93599297451367,33.828120182827924,-13.006024652720232,18.256335767522355,67.99312760308318,159.54628652484274,29.473853684899087,25.585055855451653,78.7089568748612,6.634290168268721,168.28820501126268,48.51433970072907,-22.267280625061755,45.042756268491324,92.2306159108812,22.32588814298817,91.60310686635938,270.5945670125507,-49.78588547267595,-57.79318486569643,-64.95032116011151,144.83599836336074,102.02099063531945,-34.422050427510534,92.84844959245365,94.35652983906122,257.7617585470321,139.7504315793451,25.09280733438581,-10.788603047378952,-8.223928488194048,145.76268756651953,70.42636708799186,95.18243329497622,82.2189510061562,-62.36504088506909,124.48748326872696,225.42943509752428,-75.98349437603787,171.96190024073613,-12.201868591340379,68.36639392170854,10.995246242299311,33.36995299375036,110.70231145881922,171.40258776982662,29.904687179553687,4.100744867627533,75.03556500218862,168.379945802366,101.93638656370962,21.258521661793708,27.964985909230734,-4.657107909517951,-9.783142313830593,103.1456065697087,226.64682383781553,94.50971585061356,150.5393467992269,78.71131875489108,55.23295909757664,36.54199572775089,53.17997377516171,-8.665593514443168,50.674078242733316,-7.629887081010577,24.025096830614597,-25.590610656272055,-9.661920120387018,157.23103702886058,37.824797064722816,27.89752450314192,73.40617356567003,60.23436838807851
81.17579621326728,188.95230194220704,122.25067907086476,84.98032799892934,168.00962861659596,174.01535026431844,135.77737595786496,184.965096271477,129.28982962047542,1.8965201410745982,102.59474673124666,162.60371561363053,219.39091365902067,81.90840785770261,101.48974447294064,133.849157390814,129.15341123575737,113.21481725635397,214.6984185014747,310.5944344867334,160.94988116078707,99.00360440938233,164.38171712466036,158.9868292168899,233.9272333526398,100.36362677938703,94.20354467947304,113.26193090307436,96.53410331730643,217.80585852749925,155.38780519952712,138.66714779906337,208.410414358888,148.62051686131744,92.17090688707634,130.8497984618425,188.87522700292357,153.2383171495941,81.24289021506392,127.62686003818827,92.88340391693937,107.94127210122815,267.70015560482176,177.51922133320315,176.8046647418955,155.95211955587874,117.92199965192107,265.8211283618147,156.43486237733717,83.08819490978765,71.09332204877043,159.539908191269,195.20575894498288,94.08182634676339,177.75330931072963,71.23688663941995,200.13404517864464,118.63022073978172,190.08507975693948,138.90556487073596,111.73533009939031,288.99636022457327,232.10399100338574,202.2475333605546,228.93952977728,169.87006148880747,87.06626469595614,95.40413148852929,140.47691798066353,144.02154452608568,149.65763740603785,237.8721442469627,123.66852889234978,100.25019630806484,273.9522784953817,54.34867914305679,118.86701054441947,191.89592006223154,86.55325405949137,96.77791245841765,117.77693882818599,122.28652586693278,35.405521166611486,97.49307137804337,257.8377449982345,251.90967168085186,73.78685646261987,93.96366905296932,101.76334093728063,255.5342456659929,163.94851952387714,106.74200274204345,170.05594628405214,105.7810500328909,132.29888686639023,106.56253626117478,150.92180993463825,124.56842865304438,147.5065085373893,85.10310404528694
-137.36888047620226,-26.10915863901052,-72.54184089962051,-124.37556446177575,-134.93666775837787,-154.31655865610688,-151.01595580770837,-124.25407108586579,-155.62558059440593,97.14593387494779,-46.01303246333192,-40.15073236268725,-134.25667587304955,-2.92420927260502,-65.88092525609522,-50.43190921725904,29.53355280892102,-157.95584555766283,-64.88800151759959,-122.33768883582152,-111.41342980867135,-83.68961925527104,30.747057434167054,-198.8938195128096,-58.71096906582065,-24.226069529978673,-30.032680062019562,-90.71586254214596,31.243713490594473,-246.5852983189057,-60.96901602268532,-67.03837552876928,-203.45549325459174,-44.394365347789815,-57.63866609948731,-21.642776589361656,-224.97449768220378,-94.55249034093501,-38.971728375253996,-37.49996239214156,-94.66136195615054,-10.91170892748019,-120.77425590033457,-55.16660903638175,-197.98005168883466,-54.22766141869958,-63.36504474729668,63.28124279530012,-233.43182987572513,-34.50425933109025,-30.1913988706478,-197.05839962487084,-201.48604711412807,-128.5023649731334,-266.11766173828187,22.08756470095082,-161.86479123954967,-15.737800680734933,-31.928394975629196,-110.3236654468907,-105.70814113150368,-251.28772988015663,-209.69117633959027,-197.08951097049388,-278.6837280711441,-224.02564550304226,-103.70215214662574,-69.28564314942683,-164.32812364629777,-61.34968262864813,-72.96873541318716,-50.2013603384045,-121.40024495149669,-131.46496048204108,-210.26726401736275,-61.61287305234434,-230.63145843394057,-158.3476334875189,0.5301995425501019,-189.5195787414462,-45.667818422558064,-229.40469374105672,20.612417456779717,-211.58525005515006,-119.76525304699734,-250.12096243508933,-24.581817643145214,-59.56314197999102,-154.4970634770995,-239.7836336401765,-24.617903374884765,-12.308436199910464,-50.08889244404072,-51.90405243894028,-58.85785287173776,80.9783474965708,-174.71721984662452,-74.59998686270352,-59.169783532028404,-48.43670653001333
-86.00021867526003,-162.13595019021324,-100.68454534527079,-34.86021519492874,-110.15155591393744,-157.88983663198522,-36.944434105103205,-29.20407607434,-30.92390851379395,-89.87863761478707,-37.82259044309065,-120.67390873167616,43.469166636617,-21.35337549265633,-34.622365390221596,-105.07692839230245,-86.06245770436931,54.748046648747625,-134.1600003547053,-90.56160276009125,-85.06662120529623,-74.93967102378446,-113.43782195430616,-60.74428399613037,-115.03528805462511,-69.01114039739069,-147.4228736310771,-70.38229241506312,-79.79606358944972,-37.99013826535684,44.484594211672054,-112.30974430423355,-52.28720277701216,-95.32394011723957,-51.98397305279134,-105.25703355397738,-41.91929136408748,-41.77418944263847,-60.33768092609633,-46.60599923917632,-36.63378456891615,-55.3801931907732,-168.9437172676998,-69.3515685044589,-135.86293497847038,-91.90284152956683,-99.94163963387622,-128.78311490578693,-33.97438103109643,-102.08149103898793,-97.58239970775283,-11.095297465554157,-90.85341860779916,24.46159347993156,17.251842056696614,-78.13218967650003,-98.63059359076792,-83.75219599883094,-117.92469098372544,-96.16426171754605,-154.96484556691084,-128.04471545956784,-83.98289923924351,-97.73031853632124,-10.311021312357113,-42.20913722508957,-77.9632528387682,-10.6292909904233,-28.887751620012256,-33.66346124791646,-123.20174802054913,-96.34603857557839,-109.36482407017448,-5.225862315642801,-139.96533724043076,-50.62489923308494,6.169391466573263,-96.0996450157347,-79.9837330354691,-18.599528393610573,-97.62990454451632,-28.403376243472092,-44.214339825169915,-26.257841695534058,-27.256963739726817,-0.3180364486053515,-79.21723860723368,-14.23739448543552,-14.707507611021246,-111.32426316288289,-113.72634407750351,-75.83059368704251,-95.53630239477978,-49.873762620955176,-9.829288650072328,-106.01963736154993,-106.92220520709364,-5.266031265664884,-61.614292936324226,-80.99404194622547
-171.24929692055952,-79.94156566839798,-49.25115184537045,-95.16578209433771,-205.8349189375519,-122.06637204995054,-55.16682433734663,-138.43121071749175,-143.86054137938225,-68.10630872024545,-42.51095540449659,-11.676249581603333,-90.17752222971944,-48.95645511699643,-33.83572912792661,-40.58196139156173,-120.81693671766082,-71.52919751486768,-36.05848835828827,-198.9509948819141,-242.93499842145482,-108.02816274318289,-152.48211980078338,-75.81052630106142,-118.40930328242345,-97.35756626203234,-62.20639691627235,-23.967630638426737,-48.639084886426986,-165.75856347417366,-294.8974869889576,-98.45485519714387,-113.65544904254196,-89.47213631292627,-88.70973151311377,-95.54454342996108,-263.8327689262215,-85.41668695358074,-56.685444687479176,-53.538880443713246,-57.95015187446455,-69.2253618020099,-91.91262637675224,-102.15718549850969,-94.86217095766804,-88.71182109908446,-69.76805021389707,-167.39194129193135,-124.5099386480168,28.006361235132903,-60.56758941879103,-124.60274008667655,-241.50836163627878,-114.21402207627905,-112.4345947521859,-29.05385556155453,-91.00667513859591,-69.31624744356354,-185.03856094943276,-58.83509228151337,-54.32097150189789,-88.53956615650482,-118.36159579686166,-135.1059292345577,-7.001583535385401,-144.47720999238445,-91.39147678739498,-101.53792329987284,-116.16707424525502,-68.23430489531185,-101.74676873974049,-91.38096341384,-148.3809119263194,-48.533719772410144,-66.61554329065426,-65.19742589457267,-80.52790910313334,-106.3839034077053,-74.60015814299959,23.91661245116094,-69.75665436273573,-32.8211829509228,-51.422965131383535,-57.85793322021019,-87.50830517503394,-161.65003809605236,3.1617341041416065,-102.5293795650145,-40.64452761392981,-130.50834396457614,-134.88979789271542,-23.466804591120795,-176.87266224999257,-125.45724262683645,-55.298955768248405,-106.5247860776833,-142.52161261240627,-63.27860186746387,-85.63376413034774,-69.29643618703722
135.08271178989764,72.89068476539367,126.68493961730391,191.97318613248336,344.66941946203946,187.0194405497641,146.16739239055184,186.70707364746835,357.0495809635202,108.2532099417076,57.68337129817001,-61.501505184963285,226.8823232929172,20.62733652063617,50.98227879377931,-66.76436121683966,54.719785918276074,181.17345434652572,-57.940007161863285,229.76286869062235,266.6887203532143,129.05372142716897,237.75602573354686,35.61421487167,115.5057162422389,127.49113715944321,21.230986673929767,150.1731683146001,105.60955986956114,227.57510991074247,517.431986395964,-69.26078915020557,271.3751105492159,37.77091920004523,135.88479789428632,133.84584804888135,292.93178795707854,39.96312837200038,88.22432912832184,65.85279158220135,180.7214328112533,84.4309494167574,20.239939661295384,-96.12529525577864,184.7464971758832,103.73651856716866,125.37300585446434,-120.9075608082787,110.04817269398623,72.27654120854136,70.66211983633545,119.43244057359831,268.26679636788583,218.34419006872434,265.0959630015893,19.980553623074833,114.64067118128114,20.37617734386479,-0.41654647089327995,85.86109753591012,103.07589164999692,173.0988886985243,219.17979038413478,250.56859582670145,254.48000052765033,161.4990314191628,382.66701126126736,247.32346749377936,194.10836989528468,105.01516617225626,91.4377318216083,-68.73966151195455,266.4214052759119,190.64768257404555,58.37089339519925,46.47688949833015,98.25237064656959,350.4699189733359,110.19917202592097,114.66344298304402,108.15049884596439,141.92441206760125,83.70901216133755,112.63820125035359,74.05599851838302,290.0504082823742,12.7173992187612,94.97907228643167,134.1876329058489,400.09286205245326,86.63312846786305,8.35077699314574,188.7346010945119,282.0274114716285,105.04538954526295,-9.24217188842906,211.49195288928848,250.32304666169898,275.422971115534,76.38103895867069
139.32102532051954,91.44578315987708,111.87042538316615,18.094177455393318,157.58382987360795,165.49020936542243,11.77377354392844,99.51732235172278,73.52407722593571,66.75431096437023,104.39390423699821,108.04669747361447,112.11242312907673,78.79401061376626,83.86914545511452,47.551433412310544,94.77419628587135,109.06903258445992,285.81424978682503,127.08907140166882,37.274361263816886,177.39122853720718,78.33092998935292,16.013980234215314,50.93198018951836,57.55331877500787,109.22464535053082,100.75734580555962,51.44125486349058,55.40450759217729,24.1581859552886,215.51503488469993,195.94243265441682,81.77537570193279,85.91523987517714,197.13440147705964,103.7111451233216,87.78276805728423,71.3042809328517,52.1409764359411,-21.175882276679573,55.59440537568764,198.84729058081723,140.64524494792798,338.3869253563732,83.54380763044038,155.03492937563837,88.1031232305679,145.17703778019956,116.51021641827056,133.59883730664546,97.06707127411816,172.7199709421868,78.21675352586857,111.22672953166663,63.99300097400354,228.41515872001108,43.793072963181544,163.13300706896968,73.0820553374674,166.4326612475745,195.84867568224774,61.26693987669831,205.19580819697478,72.80352784160911,181.50449823483606,224.76173277855094,16.763123031942275,86.6378781232394,34.44809477633901,104.46457380402516,94.51740114893148,194.30895119093825,55.94720485600197,116.35795554719526,45.35516599877926,84.60390293197999,124.0782617930506,86.63855118822336,104.30189784646682,106.55554149633443,31.563714632158824,71.70539371066435,86.00694697067345,76.44074559635158,170.57268750263844,116.2051803505308,49.73502990083605,128.05849757840005,-10.205297832513265,49.38671512596579,104.19655863544054,81.19110101010041,121.89337948039535,56.28169219168008,115.48595815618307,137.359850990913,67.31995377103014,146.56698154203156,115.42520434329167
236.85782474273094,146.596640737376,76.09221129863836,168.10536727361458,155.36037642999204,200.31846930957343,221.55304767110545,166.27051705483214,245.5097552518436,68.49577357598778,74.83021580085618,132.00463597485947,191.25250100521086,84.08828412216658,95.5478557859849,102.91138674731107,125.32971653921025,169.97274029660323,54.04153763719974,264.0311969507896,345.4710714053669,162.0095840618064,143.9794571235029,246.0875088249042,150.05613219353202,208.5255388551059,97.72357131524176,94.4421298300974,114.88140287730994,265.9600950994184,295.3142978104414,67.80001301800432,190.01157898224795,86.66824677300738,51.58505977753334,197.01370748226788,328.44011060912743,110.30287057650344,100.66349004721373,80.02069368341854,106.27446967461789,128.8127299433211,140.08594084108196,72.20519259992983,180.39442524061602,151.91237280438105,130.42969690233843,110.64621230065329,182.97364478545012,94.65918325788856,80.25212124530388,259.4349119420368,180.0591312695518,267.47222985468835,194.19259999732225,34.097764989270786,305.4117172436398,158.37431249945556,247.5649765844382,97.75587177652224,160.44689692831358,203.10434039776223,217.7000534579288,232.32864305294453,150.05059308914258,143.33200121642483,273.9059894926934,144.1799792636692,133.14988886027552,172.75084524463378,130.9053109888756,105.08488978568758,247.3786871787026,128.94777013229321,182.33984473727224,131.97202545426018,122.269780441069,212.57200310185326,144.66959863465618,125.48157218269493,204.4564475776466,162.0025997914641,266.8626380598477,161.13844615093566,98.87145222770121,199.88289527018443,77.83653771640832,103.41582588339305,191.7998647121294,191.28885884284824,125.34481897939084,72.64327120853359,198.0606530682343,161.29435121774193,109.55077476249618,141.6515365585625,288.11855819784034,122.19294807152095,157.22572081621723,108.66265903567235
-55.50326117731648,-56.73481420449697,-109.98228486802826,-59.71649981407209,-84.41775808359061,-160.87781335973742,-148.2384975610438,-88.58746314258093,-184.65508241858328,-74.2377593404143,-64.08354438489934,-45.565364647540015,-237.8621774490741,-61.166457443412455,-37.96302467866088,-37.77146205568603,-44.890457971486654,-75.21206768651548,-151.8705745299733,-117.65967995527669,-76.2161288258172,-45.09954184191146,-174.8234378363902,-90.80392531687133,-61.348247046752626,-119.68517644460005,-25.339134488839633,-40.56932246346542,-34.049284256029125,-100.7542829756393,-189.29236882565903,-48.308547382100585,-125.91654961709479,-25.715561464657306,-10.02591374460844,-72.04584103760361,-71.51703237054538,-64.06979239019788,-71.00322553372605,-47.9822694393031,-51.95502595545473,-47.750649984425834,-118.37271814208061,-57.71043442565529,-75.29356358803173,-52.347417530819676,-39.6874846052811,-20.03363305830784,-51.003448072227194,-84.65903777853492,-32.59294742288532,-140.39246336931132,-99.92215198925813,-109.33178850920149,-211.2743008799049,-53.95146340598939,-109.33089979697378,-83.1926254295616,-76.89204110423697,-85.40821378269567,-48.89940912130587,-84.4849579820154,-127.69797172914001,-119.1729847898377,-70.10671712438229,-82.91251944795991,-73.7505966205236,-94.12467372200956,-51.74294676991927,-63.10791761555807,-28.368537252820254,-34.21663584048522,-69.21882940786709,-80.706116955377,-87.79021612815409,-52.38934838540034,-58.56484844533412,-223.83167687103384,-36.033521841322475,-67.25818288221943,-92.50143645344842,-72.31160144164875,-175.11692581094792,-93.04874144645818,-91.16997086132041,-132.47501595438203,-68.5134970538932,-39.37971881040583,-50.847273021696594,-61.780088522874124,-50.78207921968488,-16.64946650183834,-61.012110438424884,-45.85795974774906,-59.27277146764687,-80.12107033207327,-94.61028554454705,-64.1001857770325,-201.02175323792903,-26.95444766850058
-274.19507094103886,-247.49605653665924,-141.14359085948337,-123.12515539936696,-226.99711537865315,-278.89603370692936,-204.4976934530367,-182.77490503542185,-253.84850283073402,-145.50088121095274,-76.31708645137313,-111.86786190077976,-186.3553981420823,-84.48227479366025,-48.829743915695786,-78.98744105271899,-98.56138674079405,-178.31016656889653,-316.50172853444985,-251.58893874663278,-184.5597053628963,-106.45726076132264,-331.56754887203493,-48.587998574630795,-288.4055413150402,-132.56221239015002,-117.8078377978916,-192.3708585246635,-67.43797930591388,-216.92273666052705,-327.1653954352507,-134.90607695619184,-344.7777655219511,-138.29691912299393,-127.52536822014967,-116.308676527487,-349.30934495151524,-150.90477269008193,-59.58067653462503,-175.63325548487754,-140.60507217198395,-89.3686675924572,-300.32192424253174,-103.98970712575243,-342.21941302464006,-173.91293838391954,-150.54020101264425,-135.31789737349743,-146.11321677455092,-190.51420866529045,-153.81255741821494,-156.43282003895368,-443.9718317923239,-238.40616081601317,-353.8137442801136,-25.245994114864086,-183.84576399702095,-97.318626002438,-99.50562058118858,-190.7091491803387,-178.61257820788958,-343.6725623419973,-386.99541723235296,-317.65343549866947,-335.10628057341245,-295.19603555268117,-307.4418021261634,-181.54909069793774,-198.71598795958243,-76.51593234373469,-149.4096407509117,-111.81271206862873,-240.9499350198269,-141.9292863844244,-285.7153923881478,-172.24724737842104,-102.91446210670718,-477.0053971724556,-101.30289977894199,-125.52737424450801,-117.09326773458592,-181.24705369528195,-69.55166624756356,-172.58951319287533,-197.06017571921117,-342.8558882164045,-43.82403148954329,-148.51239072078317,-143.9717260910809,-434.1323749281668,-198.1846113318356,-97.21811000436637,-231.69400514396827,-235.23105373764915,-77.73117455232315,-183.10922671369363,-203.8499227301773,-238.5490210134539,-275.1906586230249,-135.60336679143415
95.6034050752179,215.13409213276006,109.05128680655095,6.251348635736636,108.21854085141716,335.30649379450153,274.6191638043539,121.13507715691738,64.98163901568402,138.62800280745188,10.511797517884764,95.0128061001274,219.69757389137283,24.617518364595178,-31.69734377221463,130.1593778827678,105.68163504750585,-122.38253114834755,218.72434442324322,208.11538365043938,129.75012727010147,-83.43755521507762,326.6693484632389,74.12131535103764,171.18262071738454,196.53109758760164,35.81037724723867,63.78716751631425,-2.2088100316686035,43.5560620321751,37.072879239413744,181.01037403557694,82.3947184875741,55.69859458295476,18.88942450876842,-62.13202349677625,44.90350930012802,103.04685091897575,-34.45413529747282,117.29531183614081,45.976648801358216,31.892442565586553,268.1648763858485,86.73600923728885,57.84581705551538,54.397223373135844,-23.539038443987494,238.04829277870977,-0.6857244466443451,67.85210696367207,70.9348404743124,143.2083106106862,250.163147466091,24.51823654148872,204.00893669912236,-2.5660773851518717,11.170858205302666,182.67056793041576,74.63085685851897,124.06168668223454,64.97370006561779,200.03836557917165,-4.610456638241934,155.20742416863305,29.237070862370718,143.57504466963846,-44.8632010065369,112.84052823547833,109.99049657426968,-12.713317440953844,87.7173177350664,146.76650061842219,3.5646115707526347,9.8052594055551,228.12097662036788,131.58398666276483,-57.248524584404855,176.9284505278719,43.95903726845521,-48.4058903020666,42.55835971781001,-0.3815368198333178,-30.347565597605687,-5.215187095139888,135.34816364195598,-22.81942583945381,62.12114481327372,44.260984517696464,73.1028307898497,142.86951211399563,77.93857246091906,41.77553151605045,49.07432841901028,39.909665923744406,-21.776308248295305,307.82302657266024,188.47109326304812,52.190469986334854,120.58716056663164,21.204993804580745
22.140983764177474,131.67570816742995,86.12629789231345,80.56402345816208,208.88035624453389,123.88107988311306,31.24444844141939,102.4680404388306,124.25575803536516,19.44966598117047,78.06912369167308,65.31004228414342,48.65989880389742,38.61089815415948,35.537804537782165,69.08070545849117,59.39092275712808,6.351813556666162,108.28388221286387,293.4035343571718,176.03985057430512,66.09463404264862,146.2820541629108,-4.620068175337596,160.59647522083085,62.62962624395549,43.97841184230604,69.7610323689659,65.00979814561661,179.80584391496467,189.52749865530186,52.72924703017796,95.8629076323869,82.46476779807594,64.92215388176976,115.97229846830288,45.757978372765336,35.64891597644668,52.80093361854337,81.07983865374194,79.27086988011104,81.55389304766463,207.38647150038045,71.17279879396354,101.57620029521769,76.6629698938204,101.00730154011958,120.52228536279333,39.46397340364948,65.86271472198762,93.76055821908109,-13.200607540031578,123.78672504490909,55.30064254685513,67.67881716838512,65.66474753430674,38.82110383162019,71.70579797052702,68.52022460660594,142.45182074569146,104.61218978606442,213.65045966234058,88.1168160526335,132.39948677480893,45.741130578436525,80.01015109317515,66.97606883336532,67.84571273296459,34.555117301882255,48.07651004093641,127.21945904034312,72.61328063433206,49.43701740463449,98.8767675288652,148.471910786198,2.854105876935148,46.776672881169056,119.17496530732467,90.6255214610488,39.63817299173556,81.22563347432559,22.643151702894162,-5.339424066840786,58.14211088239398,138.34130549664783,176.5665656456261,31.48573139795214,39.24969992846021,-25.48501442800756,138.72212166171943,80.25465671945152,20.841481186656196,160.0493680884098,113.3099960951555,10.470347797618077,110.31383428214482,91.7750186276865,65.46096581480151,101.60451795598192,23.13115086978347
232.62797116415865,204.7610657971082,125.60349391831429,60.76075861886171,188.85560964124682,271.22576816969854,274.2878819744371,213.04614375250114,109.10791139445207,206.60373481255655,84.45331238993282,168.05063793287513,268.7533267408638,37.71040181006792,39.16443108261339,99.39904667982132,94.22403411866287,68.27786231799837,259.18696389253626,216.4645380408869,198.77774515206278,18.73507198672425,417.1012473789114,175.47448233141918,158.41021784596637,126.37349272368184,68.35549325639828,60.53058757149899,35.482093462834975,177.67844413001535,194.73154816379596,181.5518113112879,266.4220359944515,69.72615370059982,46.13622093198801,46.852858797340616,316.335454513679,145.13175367113828,29.912256277272142,119.89380344175909,67.58252894336411,87.60086890774882,301.52439274833847,125.4708599659455,162.93460177499372,169.6121014096697,51.0248535920473,173.9867578443308,113.01406389147054,196.307267823925,76.12213739641241,283.2984212063641,367.47338532015067,227.16529742674453,301.87143022640817,53.32016567752995,174.49014547061893,126.69405714961378,185.34878047621456,194.25920353776877,130.82787293958884,175.6881742558165,260.7480284294494,275.2416578257779,191.71446019806342,381.3982415074794,86.3163779371371,116.82470985821884,168.58665825719183,100.84821369519024,66.45786177725039,138.7195969455281,159.30245728300608,30.764374929239654,227.4684463100955,172.6398912932612,80.97215712829106,259.5666531976559,52.823707499625826,64.25005722551937,98.98696541141922,167.91072335504205,163.50279593959536,202.76646801141038,207.2846855385294,192.46470337004382,125.22768351869661,92.94984902087313,203.8988794417917,229.1337780824505,184.31345588832585,93.6546009168583,53.89590186928783,48.94898533768752,141.42228452194414,207.03974594467917,181.64411089851774,153.8944417415322,279.16890765918555,61.60266951524441
-120.6448135815537,-82.21555607371565,-52.41492770328237,-73.95572627506255,-69.38032215601133,-185.52987264835846,-75.12445817067936,-90.65597496717562,-54.55880234946103,-5.547953386846159,-40.40329170908025,-83.96154727650084,-89.77563911556223,-19.885880989830962,-35.251003195846906,-23.061536246686146,-181.0097269421075,-41.19817973808217,-160.22618460967226,-124.88961555250023,-80.46351759655585,-32.560122949762864,-85.18017907378874,-50.21342782709012,-95.97097028622481,-110.46035573104251,-141.7302496082649,-62.51666138646236,-66.26564228753303,-70.95498406697475,-69.3488877980178,-65.92468979434324,-58.88973013123673,-73.38348028871867,-74.74413421583209,-70.46578971817394,-173.42205395557738,-121.73560418572293,-38.68699764363513,-9.567531493250495,-16.25510673761901,-41.07882645328723,-92.3433443080834,35.333476466599635,-129.84846788146768,-128.05583690652313,-78.18223121029607,-84.68049457442793,-49.43443360320315,-92.54842770772525,-65.75819163623537,-88.27266343019534,-140.57583959518436,-46.397878066079336,-193.56999104295127,-10.863556902927368,-81.45839229725,-86.22814051374043,-113.72932064341146,-21.49220553734634,-95.59310886253574,-176.903051166446,-60.16153702929594,-90.09463408591341,-65.21277202415601,-102.46159909311501,-76.28334642623219,-79.29383409720745,-24.7682617384538,-36.37997531960023,-79.05315427911786,-41.34520857538018,-104.91715795172286,-32.353996815267635,-89.30011232463747,-38.33781681331244,-31.26432001191301,-86.75117135309918,-71.01592126069443,-71.24020707302701,-106.76004705507454,-4.251707734991676,5.09322874751889,-32.89358656585365,-29.868907521893526,-106.29969040992536,-29.496557448167252,-48.96459465368312,-116.01479472628125,-58.222539654142544,-35.973301293791636,-38.76324976528197,-68.26552901660352,-59.26543586853497,-36.94642803053168,-51.3253199242087,-104.21936032938915,-89.24836752938141,18.17304073316699,-31.083088256239954
142.59410003980534,-18.48142185524984,-54.038703578081524,50.75994516419865,-139.12885907809928,-50.62739467697742,46.60932784436252,-14.862005665666082,2.163117673193832,29.235974845700547,-8.326390804808298,27.669947096840858,11.9619708584568,25.01070072736944,32.98541028203835,-35.91701625740362,-69.51874902015031,133.3649327127888,-63.802363879368,-85.11627470917414,-177.63404406256203,32.10645704575067,-100.52431007974616,36.879019871479734,-13.120550318213706,-23.199567091008408,1.132799384184961,18.66738835596952,-32.72406765501792,-7.345443930442557,-20.60644214734974,-59.35691502044087,54.49054488520898,-33.83814706364037,-2.997202023207531,27.83161454670778,35.5566179342516,33.19358386460803,14.447559545750112,-40.38855901767779,21.012939835834594,-28.28854841973654,-60.70348938523765,7.1428464798744224,17.375083840792865,-6.79495025985575,8.562043355112543,-112.52090127466145,73.71912476751157,43.606438645457,-19.403840664386163,-8.78175643523375,56.28675662964453,96.55316368706421,80.48890619105268,-30.23661780603581,-7.97855100255947,-7.511896921178037,4.7925004848929005,-54.81373513556905,12.401806187637865,-106.47949378281739,120.49327131357987,17.957886382115284,97.09954452876377,-12.448684782926696,63.20496842025261,-14.267375874470126,5.808445363589591,24.921811856256447,-42.98498789225484,-68.80465984914284,23.7653311568533,17.55201003503436,-68.75628578179305,30.326202335071887,76.4778849745857,1.9985241115459838,-26.087377533550626,88.42273199872315,-32.21297719833501,99.39354885803398,40.84117020136547,115.99949233419207,-4.396439244793584,18.605284566825112,14.568043576486017,31.281626567914753,61.2338747437794,-95.92684290920242,58.016786670835096,-14.228769515732754,19.41303615089513,-17.992006562111964,14.608680136431104,-134.52684422843316,-101.75944693036159,19.330546969252072,8.762659988340706,37.19373359347693
301.9510933990322,216.90082835151378,135.48610730135445,143.82861746791662,146.3423342114244,206.20301955045116,237.5568594816543,231.93805062836046,221.53094524200426,143.6754454647759,120.5003740127046,206.64564740212592,152.0474388478399,175.33337872482082,135.3135510472847,220.71843330320496,92.24219744659845,331.8457546272606,271.77099282779153,102.55784425051912,287.34881136077166,210.56866896365133,265.225197258886,258.0613686334894,121.25219113558428,114.88667758974039,181.96138119059003,116.70783736348588,90.48057075949953,289.2625180525625,346.2361130095571,190.85367460233718,248.01294864631916,139.87983505476797,147.95979932990542,251.1860772862295,367.181689898513,124.99751446476294,121.97525515002098,158.44917181403747,114.70272682975083,169.64664430268118,226.59375805193275,232.44833098219203,264.37058381978886,211.03714044699615,146.9582075925232,141.15236384203058,215.95161834599142,320.41568160002936,86.4528620642418,212.90245223830507,242.24414094767573,336.9552990158555,227.2312359991396,88.1942642865472,310.8489277684803,42.319716504712154,234.3462946552654,217.88306590489853,263.7919878750166,118.11502501711765,413.95045899620504,265.51407079068946,295.8963727854795,386.411767483033,285.6920463393455,100.38345511916356,310.5316644584421,212.52911446188293,177.8056307252182,194.45912770629698,348.4670874843942,146.60171175591353,236.67044332510196,217.1297885003565,223.95037171937977,363.22487092005485,112.91853064137415,265.0095957906856,207.60253725876294,393.48101052104624,285.65502407729593,289.08919859419854,104.6708099130891,430.2661930969576,226.4145043437256,140.32115033811556,245.23503337026372,269.4422179994825,172.5039252259418,161.41625879506856,215.28120823601444,168.41040143712144,192.81832468012,188.48125173523528,195.18579077469425,164.67377892322597,303.40184040778394,152.00206859760044
53.33846016492823,55.345148407760455,32.493111353236955,19.19132809395201,78.16001986555594,114.24550168720141,43.633796001749204,71.73826914972365,91.34087685623291,94.13209759070904,24.715669088430282,-9.688149479722764,219.12953663066472,38.36168689495723,29.59032032353473,-80.68366355883556,98.89065687946467,87.0183533391161,94.45169176901504,247.0825982737156,17.836192461787046,75.54955799426935,26.467820235903222,71.04933239871633,43.922088859905834,133.84229426731255,84.08843532036309,22.244159954094012,68.59750861661759,45.63209401739401,180.90483480666722,53.971717255407775,165.21537590476638,14.845002526156403,9.227294079318405,85.44229711621891,186.34305920867345,54.17265167526879,80.62908827807709,-0.4487172620779458,13.996293966134882,9.933543818050278,-20.941968057358558,-103.10999806561159,163.0967481468296,49.64882844207208,64.58380287119819,106.60344216002115,29.105314305645965,-47.7259370118726,39.080012878272875,97.08109937609075,153.13550599559758,103.46740803990517,159.37252226068696,35.26195917583051,185.34460380227185,19.00835993488242,118.15520537018162,-40.86987829278734,32.78922701163376,125.31214128045747,21.1566282123051,238.74829147300596,-38.62017700658458,-8.739212808714628,166.4788015312807,86.67326449053077,6.274992625765265,39.89621807362043,4.545381069723575,54.5292911837312,206.96996526098638,64.3629277931147,57.70660110401606,19.901138281613555,6.344116281970638,272.7019677873886,60.82176981115691,5.749471001754614,139.17746967634227,-94.47680362011106,124.32745221408463,-20.19388002427518,-0.909942880826814,109.10880994955718,38.67595320515002,43.003733148842635,109.74286120209607,66.98905179831246,47.40242553943619,91.29783150229807,-19.678740071879506,136.50199035193427,59.377296835988716,39.50457208021664,51.97564931955819,147.10385759330828,149.26050992843514,70.51050790673351
176.96399042778214,176.72628136748446,60.61421339315015,106.10847065041257,99.91377115045984,233.76871396195833,145.97597073922026,190.32978876580623,139.69851508585896,20.34180968327875,63.32436792686779,193.35968675189747,78.13250532196918,47.82099641486358,55.11845428248077,213.69429505198528,132.11333025761877,77.64471981263443,267.88352972571164,317.48245358457103,232.59432119035927,4.68967266524311,204.9233473099306,239.4442796716419,186.69510898323415,106.31150151129731,129.0982698344287,100.14791933030718,71.0242437238761,143.57360297646736,379.56992096124276,192.58679749206127,106.90671519380442,102.40174467263606,92.38595053042972,93.78797455934475,-25.927023502497054,63.86310417209219,15.236565366447538,114.51921367425616,77.59541356312131,181.8504291109386,277.33719083606815,164.07404544970183,102.15645950096487,228.31929985528865,86.47001876183388,156.03090854366806,49.53377168303194,283.56832137196034,101.54952639775762,149.98150947066765,75.49852613144978,-12.213280390679998,82.16421127651887,14.95447562760134,173.56534663855817,124.33646095587916,83.1735084025352,107.51759571250064,207.22307847876624,204.31210633500865,170.29938042022,185.96399000011252,192.49299520603245,126.36131502123324,99.53109864447231,67.68042063046343,85.34917368693382,76.75651289606516,190.62102739080254,242.67485157632376,114.29575889446565,102.21336470240774,232.13946247834437,68.52797066575597,70.04846729765343,217.8146247878769,105.84294459099354,173.61117857177564,109.78024142399885,221.7896888655661,209.55326608786885,80.82135777879361,112.38220063512263,131.97178855300928,121.25580745583098,46.85588896714966,175.92976113285832,299.1630980792519,91.2821892819818,116.5078139386963,126.11362179858007,176.49899989008432,-80.30418277754725,203.7425438884204,208.94337169377962,12.512593365516832,126.88396283073189,44.36976310911825
-111.9463363925268,-84.39191604543187,-122.30888267131542,-29.24686483383809,-55.513979662322676,-124.64297073381535,-92.53035646039598,-24.231662944072458,-116.15631811963712,-37.1546330077278,-3.654467536537413,-41.09367880258444,-46.72592846418305,-2.5659188309084175,-32.77231714513213,-34.641337641287144,22.493125859888494,-89.64348885915219,-159.2195104314307,-56.753171369643965,-31.054708786706772,-2.360619036843613,-144.55873102769485,27.56064614928271,-81.91255642393465,19.009307230208005,-111.42728574746603,-106.70275798936268,-35.59201095761058,6.023244787686757,-75.11923106565553,-36.54199986169927,-99.2481557727992,-27.176415499859722,-51.23213283979033,-24.642638964249148,-32.46960938163731,-81.09822679793234,-57.82549130213901,-67.75304465129854,-37.22066649604335,-42.90914779788508,-173.29856100614978,-96.26935128032028,-17.17466689993175,-34.50467839166495,-34.11867137501242,43.405161827169074,-34.037278279763086,-24.396721977162624,-24.418357300728218,-90.85509142945037,-126.1559539101405,-19.309859587725903,-67.10420150788484,-38.1413446344931,-45.684867033547555,-70.52704687146084,31.783061411220466,-28.304919266566092,-2.635872650443961,-93.47610470695614,-113.10833578163073,-103.86331456630785,-123.98913067581695,-150.21438495744678,-54.04142591616575,-9.367162486055772,-9.25742526696324,-1.4477192056439852,-42.99448887268075,30.218409999670193,-31.764243629713107,-55.99588017327253,-65.38478173804624,1.7923200207472614,-56.40133087812073,-209.82807199496682,3.8705884183553643,-47.39215587292156,-26.187139251009246,-6.180490303244914,-21.8840415741267,-22.30313861976724,-41.47825007536537,-92.9060034711648,21.83103342947996,-2.5360180464524915,24.899727633450006,-158.98087306709826,-107.3485513661541,-20.425777479270543,-64.60388222564306,-15.184378194088458,2.475840674506822,-5.316497241305999,-15.303648208076064,11.552639719304752,-196.56352538507025,-40.59848846193846
-150.54032451856742,-85.73840968688732,-47.833358063969044,-81.031126833936,-66.8748759391529,-65.18863145204683,52.834530763873275,-169.00672464155684,-55.54348635290164,-87.66171396197852,-80.21861100259588,4.350966135891107,-10.693140780842018,-89.17269610016407,1.5302379064479843,13.8899446457097,-35.778562660619805,24.771306012191722,-57.128973136430034,-87.06464106148088,-57.48117546764055,-132.22414167456728,-290.2382772861191,-98.42708324990843,-159.70600973710347,-62.50316339615621,-30.735404032048343,-20.28529275611056,1.642949895255789,-226.4002820768189,-196.44698969543418,-42.338502792780325,-43.22535471450081,-35.67544374395291,40.91909483921163,-99.44005287578598,-278.73442139956455,-59.61588225683252,-83.36360688832214,-42.03903534003577,43.00273779306778,-21.260348977549878,84.4070659129681,-33.56801345205458,-127.33498792657126,-85.53993736180928,-136.99704000851187,-124.45207938615823,-120.21468440284826,-83.26554471695651,-28.9543293839176,-84.27105317535508,-147.65408093759225,-138.67821826641654,-82.31680857898546,-17.64773180418273,-81.58064042350976,-17.978446439951238,-119.08630862602317,26.213152455722298,-123.44330842854278,-45.68115742876878,-104.04894116758162,-21.12864269124018,-55.536022793715034,-126.23590884999685,-146.29432028921167,-50.44045010650441,-69.02610820412782,-91.32511278183048,-92.20672476435541,-79.18962435652618,-180.44527039518965,-15.506194576234492,-21.015014343668252,-53.925362151368766,-45.95636524541177,-166.5979653678097,-91.89915313774077,-52.901470437476235,-105.09096426664958,-211.40976761455497,-121.56051798955443,-133.5104719579274,-66.10621050317661,-115.06388694378953,-52.55753117414725,-118.140583717677,-58.79834840950262,-74.99740236853249,-35.15043935904269,-94.66163867123254,-117.66865762015516,-83.91074955853041,-83.26207063889332,-29.29286713143731,-3.5302500910013825,-45.7002830397302,-136.64059825973155,-81.59307487462569
-173.97963225644295,-214.35005613661093,-74.4150300130658,-59.19480400148326,-316.3598886269238,-228.52111163340908,-22.73518152001964,-169.8313072578116,-116.35939093728395,-58.84035688177041,-40.70580099666218,-41.78256727935098,-257.4836351621478,-50.27726179240525,-22.61518589526621,-29.43283190848071,-45.953522921650574,35.16234633712192,-257.23741773940446,-256.6229312546855,-135.2504133786068,-28.043901605094934,-346.2161449369664,-270.811099562471,-92.35971443867628,-126.81441450167424,-101.74167569197945,-103.63675083474584,-62.819049539450255,-157.64634417044772,-357.54834396814766,-183.17971590063414,-399.2077871821436,-57.787522695895866,27.964205274753155,-204.34893424154308,-222.14434383483137,-51.79188059026598,-66.63204651623705,-64.8794709040539,-37.26075131850311,-48.2345000736019,-231.36408276899115,-98.11257183319273,-150.40954623572753,-153.53297026343705,-99.44228215483001,-168.89897316574974,-22.22433938328244,-224.47228437296332,11.085136018267432,-171.05351230746572,-562.7824857623219,-158.00920431175507,-252.32771503576666,2.288882639177876,-390.50268712412503,-29.991002252299477,-148.011597980477,-85.9945241754438,-44.28786016235639,-59.08703893611463,-209.04096035173916,-429.142980986185,-167.8257091970553,-88.19784790629376,-190.55468327524127,-3.369079864716277,-159.99361944240442,-69.77960528079801,-82.35234973861695,-21.393022112150902,-156.244619822715,-50.709080500869476,-332.9192223170655,-39.77305965844735,-24.662202488644702,-342.9394819619308,-89.83911053198298,-89.46365041671605,-106.3048011691951,-28.273319302615644,-165.41983873961271,-56.96397108974598,-101.59851890678848,-418.4569068190223,-66.31029033860179,-11.987478627759803,-85.1717692970238,-124.63356746668954,-182.15383209760208,-52.267704540068124,-199.02112294653574,-174.8601628981159,94.7859731601217,-294.34457991161247,-180.00232137416563,-56.45270401518445,-144.73865054405798,-78.93143169953466
261.4043469919262,270.6525421753368,145.2740508285726,114.46536579508069,315.45957134364784,139.28180225184576,175.0844398896936,132.56190258891274,139.90570151028822,122.66364620566806,65.79232578989975,206.6413270793228,310.37509219501084,90.30921874274699,79.68954311784624,133.577392949637,69.6818857303001,191.3957227264764,182.91887688149217,316.22398451084,265.4378955884149,137.0752109617987,295.8446304431682,60.11765945034008,102.59753920955784,114.73001370577606,110.49484751750957,165.7534869500881,82.57506920012392,179.6279394651003,308.0611759739178,220.8946704429407,327.1081286570273,105.02918448494422,88.1732591520969,287.9528342078081,187.5141855637119,112.73602187954336,71.78273106993815,123.714360844803,204.20472508276782,103.0800003960746,339.572296867381,249.3592956098036,133.59361258593245,117.72746186196254,41.43998312989887,192.71169581050995,127.93089351951824,79.40032169347793,139.72878056649984,330.04463924248387,484.89303208716154,306.13069169757676,234.18728531232526,47.9741131717623,174.21085343574237,235.72069604159464,200.20865996191384,278.54153656191454,79.72319666909578,176.8906443192113,263.5703935614031,442.70748124791277,276.61869274333503,318.9919481635447,125.47859969023538,164.88030251638884,174.3717234607516,212.32606445633445,100.88019568034055,1.0285034164136984,103.20992828193224,174.8243074694376,387.92378252008155,110.368356468523,142.10875083280777,199.8003247526002,130.06345331313838,162.92878399263486,39.486055000832536,60.74002418740376,178.16596840781997,188.0585691441436,269.4209850865831,499.32080367665685,35.13725838523662,50.64640204978309,145.91784420625308,289.34444028218996,272.37040774172567,18.094637666362463,199.55999042802628,151.42811371273802,77.79523999944217,268.64022650893963,111.5432869513581,194.96867896876387,228.55807736220459,48.93384677503895
93.15067310112401,52.449570592933604,61.898981084619635,74.2815603122419,31.068516921011938,73.56086496305153,277.12179871976247,87.92480941348767,142.8144704502315,16.670671206884855,116.11711989865535,51.16768269473354,73.75210185674757,40.39192263733457,66.01585162249252,129.29928515394542,53.044588595169195,160.63238780233613,53.92976851614576,57.01967787073701,160.98076822183745,150.32526983720794,19.430605555675346,137.48458653022564,82.78880164305181,114.15549870325322,-1.238487356864729,49.06772551388643,-18.860416047361376,243.65041669835693,-70.23685725889634,74.18281074150711,51.25255076686978,67.77943223584771,66.11044130873367,47.14939155118048,102.50399818064275,168.04015147689472,94.35554701901671,102.97129051723259,74.46770649048838,107.32819265292132,78.09297759429474,175.7218474835712,127.34110952618876,31.77125275258326,75.78167757419402,-5.315769568996973,154.08936794160502,17.34031345640669,104.02649629477852,48.0554422014376,10.058879410986831,149.82349114392707,129.19622244255436,85.19128141712535,11.10828545796578,139.43342675102133,88.75760686894453,181.48194224508853,136.97888876734766,97.58585377128561,183.49825330758733,-34.19903967695624,158.0441346981675,182.21073752055574,119.0039587567383,75.45484286115193,176.40683463069524,132.36136727828494,66.51111550944725,190.45424226318292,177.03836336551302,84.27886097820225,-40.46159079830812,126.028572074369,145.9616704914388,-46.80195590255844,14.166797651297824,95.17099169889299,66.86273283664507,223.5136335250603,100.71959634270809,237.47783936832514,167.46422443004855,-32.037852387720655,90.42519519726721,123.41094149040755,85.90837073684774,130.24905964537908,97.17056916480134,101.51816528330133,55.94651979469075,96.02752324753145,138.00231108178522,37.067935482284426,142.43336465557417,73.77543246965509,167.658223177559,119.27689874632975
-38.72002407119779,-18.576758151967123,41.256830741971264,36.61904286357589,-122.50790630267394,-58.832934994997096,65.73275111311695,-99.49863867258617,-53.37018597179729,18.918882158799704,-18.52586170120086,37.37035351527638,10.802049719601742,82.09178573302144,44.741097507903106,40.990398614579014,55.89034268557793,157.2232520941585,-51.4069095499773,50.25526896328363,-47.40262157441227,29.413257223933357,-40.068023880881526,-19.886514466240694,-104.88767570464526,36.99050224207315,100.60644607203443,53.44567428203072,43.53792761493266,-36.637257383643245,-43.84854960623104,-63.01024420543,-57.28161238911407,0.29333474877335336,22.067548618059213,99.6250273759018,-50.879735784592086,-0.39389662851580504,38.955388143663335,-7.527522334470949,31.221464425462194,5.066939907406622,8.636846155853553,34.86239798117138,62.52128074672162,-44.18378690416469,7.362586295522616,-77.08335834384008,-57.23044062359358,-39.3561994616447,-5.529249011677602,151.6137146730528,-77.2116958775052,85.53297961318648,-84.58813471835569,30.805623538513213,72.77742311906832,44.28407745049769,57.11037857757262,-2.702836412454311,0.9244302638618497,45.11602315838451,-21.085169754851684,-15.841397714190368,21.878553092580038,-28.364104387169103,42.1886959624456,28.622852089150744,32.310106986060376,31.67150553442434,-65.55741812067838,-159.30879528426095,-29.19196011963173,49.17096942940596,-8.681699055717443,36.07188673570791,30.68292437405245,-65.04362498558095,-2.5514566430989345,55.714085459877055,28.56615717171934,47.936441442066695,120.81512171213625,-0.5388374069683344,-55.51282765829663,40.93834034089053,7.186756543309243,10.398870596512348,18.795844475688114,-45.8021214655909,74.23460589690399,-7.157287121620089,-47.59833039844534,3.554439631478371,67.2856186775458,-48.59715459391618,-83.4441658518074,12.197684975967624,-55.03548034788033,19.760297140305987
146.7389596700277,79.94565361832665,38.511648355015055,35.54346385699918,61.545994911525376,94.34360110306615,-86.58107654279429,113.07766937038421,102.9939989882213,-6.337861810615768,62.62333860918097,-16.943295790569366,161.965894355306,-29.529767707581907,-9.607516794655472,-99.36988065765632,24.548116454306054,-119.9677261763615,-39.54677383209015,34.014512085988024,-86.8453240888831,12.65601570490937,124.34813454748708,136.43125563075074,82.75188778986704,97.96812161184484,-7.304988517864376,-18.226894926782187,-70.44416921051642,82.08211365712927,47.396583965124385,91.42084612655304,135.30087881216912,-31.385632530572856,-106.58998013885773,18.40159439425998,67.51704039765376,31.221116273255635,28.384420272345583,-5.247168543931143,-60.843597622221864,-45.2652495310451,-117.08962026678866,-72.5749166301328,130.47476330924292,-29.204964491641572,85.5686233259007,53.263297207942834,24.82024844886716,-2.42355026886054,39.093703490510514,23.293965870018262,152.91972370055078,89.90577094472525,154.00887274565082,-5.043373734520141,32.9211563842536,-52.03307512651753,18.11187353182127,8.424761022992332,101.10638396921108,9.60034643377802,114.85889948068493,95.85671221710436,68.77891246649608,-9.95612740717454,51.29378231024382,42.771598168687895,76.5910132330239,-43.24650441975796,80.63671930612227,119.87641706754718,141.54563688283335,-43.96614246480377,48.54706848013629,42.154184024061415,34.300015407303384,147.9739666706495,-32.65682792700251,43.58351666355931,40.460245172042136,101.16459902321652,63.74213379609966,81.14924483105689,28.143761882042053,21.992455306126026,1.1582452023454308,61.99868113723639,116.28961298913674,-39.94637983507103,54.18806530530428,5.994552131530205,-22.23000107883337,69.73888612574227,-16.23356649664576,-25.297004001241806,-45.06301509648789,138.72191621621621,75.1668715153485,36.992796550057555
253.0314615699284,63.82252023901768,85.45871582790578,146.86999560050242,42.14599372734736,197.94831050139186,133.5239366823254,150.15407483404616,81.7017101070501,98.89902595974797,79.09515710646578,88.05073995221355,103.88271417641803,147.91365643293838,90.44095840826408,124.16505294074896,154.0066337239333,216.80585808945014,146.67045537582752,297.4094061665154,173.10826289968728,161.40318538482,245.1159182140118,295.99136168821974,-5.462644664052834,196.79964258210222,130.5389831770151,100.80296376540339,52.02387340422501,289.90986695812353,208.8799463228605,20.571964994336028,92.93353120557884,87.4812637098454,60.61892082881305,160.80655885329276,230.16625165479886,126.68470033669911,86.59075761121636,58.416571237538896,138.85723475134938,41.06247214656393,88.84472104050651,109.72248067964033,142.82087707810234,80.98795649025048,135.92440833093224,250.54659745684805,107.92775183125646,248.01470664139188,64.58493125584579,188.69272662652648,185.24844143538587,286.3308445332006,278.27669628957716,61.984277411370016,288.4969191996564,96.48256656706808,168.47507824563073,95.14441275213066,161.8014476458352,147.59161369133005,182.2209809886335,113.89538715705649,40.13860938751245,14.97230988856653,212.32502451234353,148.8405565783855,202.2662720967521,129.08584632074525,10.579526449546597,114.96526547444009,224.4738860248167,109.95901858689386,109.65438637003481,187.8435360771458,147.54252646446585,96.9509267368515,107.66327631935437,140.20004306072678,200.45656778590168,309.2409460797973,230.83199023523923,190.6611190343313,164.64754717082846,96.6617802942885,144.4209840679393,86.9819367627088,231.55640852580376,75.17090504370596,141.23929779293272,108.57333227299472,98.95129724573715,146.6031271970826,185.16300988950113,175.6314734068245,123.89905936286657,133.3959193696314,96.82051462373622,119.60109221237578
23.18439389173965,100.73552388012997,-4.082631373693218,3.8704544947031017,-14.947461847245519,-1.762809991334825,157.4482968307623,31.70643948605284,47.662103017929844,66.34843830028353,81.2870460792109,264.47222573253043,209.25382158133735,89.5472805335651,101.96189463007822,117.23160719505313,108.84333148552915,89.15723047695195,61.0965837609396,235.08295443040515,80.42910067013946,36.57631426405514,-12.774561851811267,111.75140580808248,35.75630452988687,111.77309172132213,92.34201044227632,-30.738515133204185,66.31751866289159,8.54929859639475,120.82197313478433,127.14582146469512,175.05266494110347,61.39933284163733,55.10591476321558,123.56370318243728,5.618256874216951,73.46667800250046,37.19455940705497,93.86225547995583,-49.002352147153424,175.34967370240676,142.7948373782486,148.83431274946878,65.49470423318553,44.34684718196639,24.308365983095012,94.49697299392709,15.077708930456717,-0.0016271753660504803,58.74189410510453,141.076512095394,95.97014722748429,75.58641329640601,88.81680408290097,49.05900181029588,102.47384362820316,21.88004327763321,179.54425524943008,10.58502590419956,77.5796298901253,29.875576800833663,-1.0936932671878468,210.4570252604423,-36.31676899574266,45.53377594719543,8.944288451031122,-28.06245176759068,48.55512778820071,84.62561804372629,61.594792883892495,111.4315957463163,66.71213062114633,50.90649737698795,66.51410648063504,85.2694527057602,53.18919862142091,53.78528042209071,41.246638486277845,8.576854056393929,95.59504673063387,16.009010694746628,203.88005441780564,-18.830476257668504,31.376022333532916,47.69149468590281,127.01690106064711,64.61517241331389,67.08006093099372,-27.744593800358793,51.4190305903723,126.17554801069218,21.41709475901721,62.10008739004451,29.593983374585072,-42.34695594698426,50.7273142539995,-13.525745109406634,124.90669178019586,35.84612206359637
192.77438874223577,164.15002486912087,92.45786023716575,164.32295235251183,60.79711299811905,170.2606349155006,162.11914390461035,120.75815378634135,198.51106325627055,87.87821445545413,41.1485404501824,43.608759621999475,226.4129948299904,54.62798131864578,90.4210095425456,132.80908845379642,166.47509020722038,178.37382581629885,73.77206258393946,242.65888203156572,67.50621167210416,53.063759172993315,163.87646550880305,119.15421576868958,4.678684791328681,222.927652310827,73.50469376180767,69.95038201056875,42.954671036361816,221.96534399647086,172.34798531824418,-59.091077171808834,199.76315170456334,73.8483559851885,98.34842213208904,52.51615730600861,281.7907772611896,78.25515128150975,10.188554444017422,37.513688649707596,176.56934287967832,35.59893767790345,170.22758635276625,-22.37404835650138,81.57505563139152,44.84740301278414,75.55525582056097,201.72288800007064,132.2685561124968,183.2618567374589,59.347633491109555,146.72874700945184,156.29261858063458,187.7915150509523,292.1705717958166,27.301915048891477,243.92145529920728,32.478766851191445,22.19408840418094,60.66385794310934,105.67775617404192,125.95840039754451,191.92549344648882,287.5427084110312,112.12475866038535,69.86561543813733,212.67321701882503,142.28923893927504,108.33773003179799,13.650537420313682,53.96507711450007,24.763035863847684,103.11551038380139,176.47154411183328,192.1400076280788,104.40185467964186,108.73924446391919,173.32765681226428,61.226726875121294,182.24502611708056,155.89034050230748,213.187091201034,119.85325562679648,107.67551674573265,150.95100431319682,126.29564816652321,69.77602987283328,17.819352848196186,220.36056961524685,234.87376678410766,79.15835297692523,4.292470955187733,45.5163167251127,74.19606036798889,142.06334124423776,90.8074765711552,72.59624137368321,137.01655085862924,57.61130290817674,34.28581831726597
3.733145777655654,-69.54979309241081,-87.9597480013809,-21.263625363885357,-36.069126469200114,-108.39261177736395,-111.0764481740479,-33.91148087910958,-83.32006649508065,-39.07840337095088,-20.282366146625126,17.128390671083917,-165.24992927698216,-2.0599120038219034,15.718874911138988,24.070952656868553,-29.5428428534333,-51.03123528589301,-50.651248050342154,-18.806294269638496,31.692016168464402,-63.18387600228643,-91.3981893868996,-11.627380886443442,5.706037822982119,-140.89965371647946,-29.890821639467642,-30.990345398481097,39.41575041949269,-16.53825214331636,13.531720582036451,-20.058537838748087,-94.02463849191261,-0.720175062998142,8.128758459810191,-34.80614411069807,-148.1000585397422,31.248047163060757,-33.27255459663912,-11.859006547158142,-40.16279013120624,14.558152585294716,-22.593073919173314,-25.462922460334173,-126.73056348566628,-3.542633734103214,-24.91111776388899,49.732483667097355,-17.65317887299757,50.66570035921786,-8.760901049561022,-151.15754179733605,-55.17322240373565,-126.25120298679128,-54.44493513707145,-60.59168106675557,-87.93940211699659,-51.07821058422271,-1.6417915699285266,-101.61826102572557,-33.669750684850136,-118.03855417893277,-103.15415450005905,-89.0769114749591,-65.59929005982461,-85.28527139715727,-74.3849386820936,-43.73053025054618,-70.70899053873268,15.467663190428988,18.955103982201233,33.84394288759312,-83.07797783710681,-45.69353901597699,-114.24539235567687,-62.500448342965306,-53.5545251035483,-149.58573783219344,-17.49257404350361,-93.11114289077408,-41.28891461893899,-48.60015738895077,-96.59649068051027,-124.02952860255735,-2.628195392361951,-12.708974170674676,17.312288011527624,-63.33317283673362,-45.02608035518089,-74.49195606867039,-65.96183623353566,2.2766885326447723,6.054303231588731,-65.29837284077605,-11.040797168468654,52.42106811166657,-22.50729166740104,-57.688724421760824,-155.43004635671252,-75.57656758322692
-106.8087149287731,21.076896384698216,64.76788793388381,-45.67340456360086,216.40590768744246,-99.15292060594406,161.5641965918467,-76.81114158594619,-37.96924380506128,-45.4874954555189,-12.985717400924491,72.47021659227711,-118.94093877125646,-124.60799553928231,1.1947174032523573,-61.83500703543453,-3.9508164846447102,-2.3764524994616365,-65.22007151706576,60.077615938860944,131.73842301479146,25.230686872382204,-167.71413235243406,-105.52404120272412,4.886898017828919,48.24592739117357,-47.57531623819699,-72.60039306053953,-59.215368419259136,-110.78483485674731,-230.21799234138712,-7.414567756494217,98.25806143856494,-1.5797801977795558,54.161376491075494,-26.62453844289839,-101.63786755046682,-125.60056333941931,-12.97242169644503,27.40290479363524,-7.406659686283981,-14.566568308492602,134.9414014051463,99.36365666794214,81.51525630737576,-55.43364312542593,-49.797039774601004,73.455121923621,-51.12797205703699,-273.9603318051194,85.45738726177412,85.61380810608661,-204.21034476053637,-20.09066129589285,-11.587684191434644,26.095242264340442,-64.15656324326476,69.23834381262479,-53.287420995845714,75.58540268394988,-66.30598666316934,173.788348399727,-199.38596292799227,-36.8492636537988,14.670665306720505,2.737790125649446,-51.37959238092647,40.50961546809505,69.87307325308656,-124.26566949127579,-11.192682762010618,-3.5423023741777087,-25.740716251195238,62.410050831334026,101.13301225726798,-53.700058662919794,-61.79873664718151,-75.74563939397946,59.23739571408713,-61.58472813091368,-11.85276279861087,-227.32941090598973,-137.90677397991976,-41.50867811037247,62.59433547711198,-153.44802751139815,-61.98882598992469,-50.8827846161082,-44.7018524824881,146.2535112349154,-5.825112596627419,-93.8971501197276,44.95443491086078,119.49400876284882,-108.26129396450385,-172.15808983091003,186.41744759294852,-70.53251535362043,-17.696305798824852,3.0836276933343116
-6.1505437528522755,266.2557591203122,71.11806827062293,114.70970514280178,19.786530704873663,101.17539400109244,217.17788972136557,84.23192671385675,25.722424672634595,138.26516289014256,15.881113485176614,102.47126800939922,204.6647083018782,121.0627696861732,109.32896826915908,96.4454267206749,80.12626812211238,117.97163448986731,120.57539913132781,254.14868496428716,155.05192056868495,74.59787196337636,171.96767855384437,-0.04456406554917914,23.02810062791356,23.46224297746541,121.80069612398326,152.55898672256174,126.45240673080131,132.86856301086428,178.22456977505615,43.84981227219733,1.8437290145460912,116.11944941484543,100.40504054923893,235.92329461783862,251.57624395426862,127.36046388162967,68.99260541498845,77.26281302881459,135.9476422956382,159.84384143525853,103.78679273610717,-22.092657355668816,45.04110360122506,197.03254827932275,65.17808712232745,27.68506513482967,90.87111456608162,61.06827642601635,64.5120703637647,112.65286704382372,128.65569572523523,198.49450324748057,-17.4205877506644,41.072405120274276,284.36774908670293,121.26597886916217,159.6441661441932,104.28579519052072,99.76831863640085,146.95005257638172,171.69179258679011,354.65870252216496,10.297929058470457,186.0994045567275,184.88703320620112,122.79132243471025,18.115963365771385,135.80627059015865,-18.373614783407827,7.651538370454497,144.42355239823445,137.97713279856984,100.65583374522268,7.409357591896702,98.63259411971721,35.17526068143686,118.54945150231325,83.61571653690316,85.59902353747927,55.81366110901063,149.98160002327452,89.24536869323515,43.73563187844317,195.18987388807923,126.4050877245891,115.84790755665698,179.79213661596924,195.65994112510455,127.50980013359766,130.93090925369017,-43.67295233047614,14.026870368829245,144.1008586734516,213.75675061225965,81.74622282426935,127.94522564108745,72.08667655629345,74.77571663595447
145.6379080483114,210.22573573386143,118.53366925179277,98.73188117095665,245.48138997684407,55.18681710808338,89.06474059581947,98.53894137146312,61.27443885219429,-14.32721237005817,101.43835993000626,223.69093968056444,-21.418384158015783,9.506621554061802,117.90647163850383,64.09760619338033,81.50872919360302,27.34024621639517,31.94312094947598,134.68155813895297,306.40318826295714,171.22779451021233,4.083861026725258,151.88409516165973,186.94376057666005,86.26798760524747,82.0492090681963,79.21306694445693,85.984250330587,117.84984408835075,-56.6811433359361,166.02768804339945,198.94603590401042,95.28801656888791,89.25370677520205,198.7623399639065,70.23907838107051,45.0653250869485,85.94599896005538,75.42089053987898,24.808798741050165,95.34699485353171,224.629730620831,180.42365514669726,264.1789075631811,87.07060205300981,119.84545699423956,175.40170242455747,56.0800270369602,50.47670345600356,186.1408789195354,167.42824988438798,30.29235840233267,85.92676934393586,115.5320413554082,72.72367398902045,168.71392851034028,120.56543586731442,197.7206600306877,189.59695402609154,188.22584625457492,289.46553362814376,130.56746622748156,76.98443389974454,240.40270473011563,161.24364804541767,101.97814261936004,49.70944054465901,197.23891725050927,70.33575499300547,151.07705833632025,184.68160427026908,154.2942353316553,127.10424193122232,256.4522098954101,85.12633408435224,71.71486290466702,151.73257498012987,127.97030666257044,56.34796174331274,109.30148521934736,-10.775955936949552,-4.838089803142872,113.18196528999069,229.82741500562923,160.613575167185,45.11261235213679,59.556551094946585,8.5099724784716,153.42957790589384,156.37284391518347,60.93532898809914,237.35557586028511,125.47184742303062,28.235317606355206,37.95191662977898,184.8507746608011,23.34174273959873,176.3699018840091,138.09323725471612
19.34063539743317,44.190661822063255,79.80383479603975,60.297849996125095,1.3858392666229518,218.08729129327233,171.80129628943828,23.615309033843413,139.57491936666747,53.13941200816424,16.57099180449287,9.31182478386742,248.0271810612757,74.32817806687487,29.930127644793245,-10.026817877184595,75.19071171236918,236.9622796069159,117.29107759406106,212.96554694675208,-42.219218170543094,31.063766830720734,148.24197790588047,71.22051909170965,24.00512988770064,104.36859625333548,44.68643935497264,31.753281605854976,5.31994502773477,50.42845252305564,133.723766428142,-11.815887175758506,159.73263956643746,2.2949247914071806,75.40040457473702,101.32695722818973,143.05643775121283,107.76875120342778,37.718680030627105,47.48180632155266,49.67661368848559,26.004300914728073,12.64774792343771,4.06262719023145,153.35035637294968,33.654590199400154,52.984519851585866,-97.37334169143905,79.11614840015808,46.598339836148895,17.00424861542188,245.68427216301046,237.15634452143738,154.73903709573887,60.02284784464759,22.22114681667969,192.80564020913442,112.5932318446309,65.30360993990492,82.89323094157722,83.82698400925666,166.9498230993101,154.15687354239475,123.65331087693784,125.88523084548225,106.14122215634727,131.52666397825624,131.10931973344904,92.15906514704318,6.612317938628802,-10.159683541498692,-41.09854272969929,144.91701177316617,99.45633988558292,42.94704392891317,-17.234081356871304,132.37313564960874,226.1703043572109,18.006238721120035,105.47751597326896,100.38202351778716,125.17084830567836,89.98284655850448,77.37879033852771,-64.7478926090885,159.25631536632437,14.392333873291516,93.01660611548651,53.78302964292289,152.5055491067907,37.98907245027788,81.36985321503009,-12.02826875078518,137.0003023899912,83.9907439624376,17.907719022554804,60.61647598969911,109.74709049489557,121.63227463170291,49.63266234531522
-165.89468748903218,-242.60976184570546,-159.71837145131195,-159.24181381763978,-169.4792170558862,-295.3657592634917,-250.62643270484898,-147.47008404606703,-256.98476285142004,-151.29289794761902,-46.42204922632142,-143.5367753738789,-412.379470797167,-100.23108009305004,-70.39524305740862,-165.28945631481565,-180.36898536072667,-85.67727841067682,-312.7577825652539,-441.8298472680712,-162.0717566985656,-27.779486182208625,-426.99905734973623,-190.24946243159536,-184.4189525807613,-183.44353990433052,-73.26372937137295,-81.93737442401388,-85.53413677455372,-227.12119145368771,-404.86991371363354,-132.26125662277994,-349.45888396024736,-123.50490273028993,-115.00308218180251,-112.26577183560896,-231.96390507336142,-249.13887879480984,-52.552751203604835,-98.14779742509876,-115.43578279100564,-118.84346582983102,-251.56576187243738,-174.15561561692107,-129.81159026890282,-133.43252340845785,-88.81881172779637,-228.1417303289398,-123.18523060014704,-228.13026843859345,-128.1278257488806,-271.6207985273819,-401.7155986748213,-168.90132613349385,-421.41633607450854,-36.48597411703914,-240.42845041113392,-112.07483973125596,-176.07164102490796,-135.4735624733076,-155.6201645766056,-279.8295820941361,-283.96808465080034,-324.58713770109347,-257.43231567132455,-193.13961438232568,-150.96938802565228,-180.10141538671337,-221.6677449367894,-112.87558966348739,-100.14885247009781,-181.54081042114882,-159.88981555390984,-140.22081041337603,-279.16285260972245,-92.55961946486403,-133.8028746410017,-394.7137589404317,-77.34989954716916,-133.73542716130575,-164.9630879395939,-206.01551658271478,-76.12253978727196,-168.12141333655626,-194.1655405872506,-262.3609323595621,-145.05674972230673,-100.966389042488,-166.14724092779468,-260.9281031039192,-164.55748829749442,-123.2396660941734,-159.1715711080344,-131.31313700790744,-155.8159973417203,-221.90299064825703,-212.68141198007916,-158.7156977200836,-102.78901831599721,-101.11859094344734
177.25603205927638,42.3852019554276,16.146921634844148,83.27230248824843,-6.4973923399422215,86.4567497781842,-27.295290872936917,12.479563689518724,91.67954270256027,-11.661924601622545,-32.018256106422115,18.04270733106351,176.28938943914594,6.894719907587504,47.23078142676463,29.77185348524085,13.872649123662736,29.7963182216407,-26.517190247299357,162.5769969368743,-92.42715401129732,-52.55722827564734,118.07133145541593,185.8154171291795,96.87958950598376,27.640219035485348,-2.336501602972603,25.528114588311478,-4.120620066979735,66.23885063843095,101.75243613427646,-3.2142031880438635,238.94337631413285,-45.372939629746526,-23.27968952627108,-5.9414603941488044,156.02145362857578,81.19401052355207,-36.12161433500215,-7.846954666501647,-26.23984218705981,-33.87219184317121,64.16809627583461,-46.77126188119165,73.53967539880162,-10.927425634451339,19.512731055584357,-70.86795106095445,106.15008928775056,140.08000297609996,-53.412835488760564,172.11864232711656,331.0953938751412,43.438749508364836,146.6890722310292,-59.94280340729588,237.56978357791183,-24.27885708789654,41.285741060117076,-22.78755671998422,112.563934000209,128.3941295327105,234.53394715753828,132.5550133672989,266.1978681296655,-0.22582688027250822,43.00711995977844,-35.52343465657096,79.10265098620555,-87.38575499974343,45.23802142989645,-39.14406223336294,44.715544499975096,42.770523643958754,94.3329824232013,29.798610432639297,91.53686744703914,221.82282242332855,-79.87322368326595,129.80732610544038,41.88619998433277,115.62456741886837,-7.341539273379831,24.210699999676827,-50.704405975777384,147.94308507372008,-15.410340933799421,36.66367226801033,24.401973506735562,147.8384091339008,-55.11149274690791,-19.452017320090217,97.32885222649296,21.412262269147448,60.680196803095036,-41.77367182585006,23.395994045887992,110.3153551636307,-32.81727626538771,-20.551165004880446
-223.49540184382658,-286.3347257741595,-45.19305484312343,-176.9383180355767,-59.22420120193961,-228.1316679435149,-253.52105957773784,-103.78755281728702,-86.26431410634325,-126.7182450986808,-3.214185728785213,-227.54144380603597,-197.86456233827892,-82.1739058020067,-156.15892324275862,-138.75865628697477,-41.41358040137511,-156.5577552183922,-57.26199186432154,-231.9213120589906,-149.79265173282204,-52.03679066445387,-160.20389519546677,-289.5140938299299,-106.23601146782794,-62.98541729332289,-62.65815710714947,-91.9484791472764,-6.5354772542114,-111.15610087158743,-128.07094918900853,-124.09167058228627,-249.014658796422,-66.26207729222276,-82.78871600696147,-98.84802511186334,-147.98221200466705,-58.17090377094718,-15.336737453067744,-57.5801463442724,-119.33621096429117,-68.55793697969204,-157.36777572523752,-88.85904655708407,-107.54239662823342,-104.49736355545976,-9.750454184978034,-64.301416054199,-167.8433326484161,-230.91304703343016,-70.10791808145272,-193.37835440713764,-325.83372522475076,-219.28717875445838,-196.365233100733,-24.360285069005503,-259.69875932042027,-140.7284009200383,-157.07928541854665,-155.29832562104102,-245.08399489799012,-167.936308368613,-327.9135177417391,-268.28405960466034,-197.8069324187969,-124.10217112973982,-84.74478379466021,-100.58736209727655,-131.69109251801368,-91.690929005417,-59.549464595171514,-99.01295183723539,-187.0165071525239,-98.27362374176722,-258.03540388695876,-170.47962971568944,-180.97726279449117,-220.1590277516926,-62.218163484529725,-168.9518366445452,-70.88334617123219,-179.40689683638436,-124.98440896299435,-224.67030349451377,-107.10078405619879,-108.64651668713563,-215.15202947353174,-135.1932913589919,-206.34631559145163,-189.18270685468232,-133.88578452978385,-114.76623596059143,-153.03574511591776,-64.24973076122825,-132.10814789896042,-167.73781621698865,-209.72850767476402,-159.3426838829558,-135.9191472970555,-170.87893184184088
70.29284097855675,141.68114162566428,42.48904254708527,44.56812107419536,-13.572472046732228,93.23474070729537,-56.05108343177487,30.155305534560377,54.13720363854884,32.855949818500115,-34.03088714878751,-46.77071578592148,57.60863982432163,20.168764272258045,-44.07496698659833,-11.95347483820964,-1.3600689931746264,-103.72301802681618,63.267231321974144,-14.340641655530888,-101.37800486386404,-34.28686895648926,99.77288482984193,-11.179271424277097,143.74478169337834,-13.950449806907006,42.70900070378418,11.626221416506231,33.623428098469574,-7.81963868948201,114.14304621461257,7.242966584320696,143.17616496633735,43.379173727994555,38.06382718722285,-47.71909774806003,134.8189623402733,20.44487520626619,9.30638501711002,-16.616392771638147,15.871909617954046,-28.26665999069938,-41.63600277403161,-102.21066629217277,-48.501376335982854,112.85765409510729,36.93131367274308,-98.66557998865117,-5.737765969160195,65.56874734266619,-11.164587702589783,18.306056326749616,253.16676498215676,-30.425397555514134,33.32866184019052,-33.96793130395167,-57.315787247598195,44.683109411574804,-69.12982252176238,-81.46058994818968,-38.49349570883151,42.11517581469311,156.1584265466768,-47.80530891843064,109.18796321372795,67.1453146583605,24.893917906727744,32.547406049611666,-112.20446916332321,-50.97094199730971,69.54614251830613,-134.17651507641418,49.45582182875936,34.98273878020054,77.41211891987997,-10.56637981983581,-51.66446067108917,109.69986360189176,28.634790422915984,93.36342660517897,6.724936141066815,-79.20582288330135,-84.35806213356233,-60.39202242170238,-79.43687052397874,36.05838573110174,-19.289966854933994,38.6420792951665,-23.87602006360039,40.4075646851256,27.302441723153574,9.426948302511946,40.144621042614055,41.360992581900895,-10.388829225098203,-27.725132270688384,-35.47396989025839,44.52748071723255,20.500115700993277,57.144430088028244
-77.39784929232614,-27.210217898875793,-29.370642213694868,-61.706901599751966,57.661929927038294,36.06789285224859,-248.5152328260376,21.57690288117726,-48.88127616513361,-96.5155226552008,-6.915787394848272,-67.48884687903409,-71.69753038071264,-66.60566419219518,-73.14689827739971,-110.48613929039465,-80.95570935369688,-311.0224016252161,61.285210359018286,-161.92206985682728,-49.45630830556014,-49.61437072825025,88.06454815365488,-76.69757245989574,-20.566161668747725,-108.08865167026927,-66.41265337095679,-28.153778473216104,-21.592026640054183,-98.81172163541748,-2.5241828807244424,30.929292685354127,-78.55527378167884,6.36848599399983,-43.99162212998632,-49.60164959307718,-46.190173694126116,-70.95746920497851,-16.12149410045632,-45.82978198661494,-38.22831149808154,-51.92046734901435,-27.211068916415705,-63.09236154528563,-81.8597256897268,16.97052972562359,22.772697183847505,10.89033298860869,-81.27325194347112,-18.041416208252933,-19.62691281713815,-211.31614077066726,-10.685011054355222,-95.5690625736151,-118.88578860504022,-49.25017926936216,-64.17937663295936,-193.4140658773488,-68.72025932997634,-6.521534033843324,-78.66630549455925,-107.2293814874237,-155.77541904174709,14.108327729762173,-106.82309884698616,-29.0178625976358,-47.72119428430166,-46.110278699759235,25.37397647258603,-71.61537183169754,-12.367579651162824,36.941463843785584,-113.57048145000554,-116.14943104227176,0.3203953137883407,-79.67894320602359,-109.30054889828497,-64.44755584384875,19.312022618853252,-88.10395114039014,-97.9456388163955,-171.29655713041043,-203.97909935074455,-22.355107414578455,1.7884283380556505,1.478614581298793,-67.49351522598668,-71.79342035813889,-70.5607125305564,-105.94931465690827,-48.11587969738738,-68.14462750717905,-24.069025044321823,-75.56518126753441,-88.0806793901533,67.07134270294708,-25.79797420154436,-77.79934834408938,-106.70186434590059,-53.692416088235824
-173.38099497654048,-185.00139099836488,-161.6547294315897,-115.27895008309626,-163.52762574312294,-313.35881371925973,-323.0186762404955,-246.94354413102,-264.36075292155004,-178.20450183367606,-135.97235740883994,-188.1087028216939,-390.1933313873617,-141.8676386866857,-122.1485671723599,-178.3427093694281,-188.41190855685363,-257.3461871562219,-190.92946509735327,-332.24482772211024,-205.75829732168717,-149.87700574009492,-312.71440152494523,-296.09664667580694,-105.90830277031264,-297.4410909044144,-184.25188281619674,-85.20623601772064,-66.19598565655556,-257.5165236131002,-308.58595717381917,-177.33661370795565,-306.5702728228764,-84.80303840047546,-73.43552005728178,-203.56327089119893,-228.5203550991822,-152.484471802386,-123.49939130934465,-139.47471037550127,-151.87255148659605,-158.19566763809158,-164.08362345127756,-181.57711988353685,-241.73675413524782,-148.07099792847953,-114.98715496211501,-185.43813915472367,-181.9966867884064,-251.46509694654347,-74.83130232827833,-310.0538089558131,-354.79324719103,-256.0221053026572,-367.2277893124765,-142.68642831385327,-278.5181226439622,-140.62312505409682,-201.31513079050302,-214.2181346694614,-204.99657802074307,-150.06642070236236,-301.7993527875506,-373.9299985824169,-150.95586921766588,-217.61524325911844,-225.41792561123185,-126.20262627360788,-214.7410190779283,-181.53455079413308,-159.11830920468938,-222.80113254834353,-235.08738286960678,-105.92281252936584,-284.53983644933544,-209.08508912602298,-179.1156487305898,-333.7296002603843,-86.73946160722345,-178.6420996745239,-229.49450372733136,-241.9038152231299,-362.1101042181009,-197.7074114968237,-176.06581325495284,-270.12071316887386,-180.6228360511583,-120.08571179362453,-232.10885078443312,-292.0732771612462,-157.51973063480736,-140.79255949340282,-121.95575011512355,-148.85182002893745,-155.98276010893522,-200.3002483280228,-178.46754356039867,-212.45003244679899,-382.5639531103843,-100.85495943325832
-253.73769625235167,-292.724919629237,-138.55074442435995,-161.0563622069048,-197.92901141135548,-236.4496449469061,-226.9712127998888,-193.92121345097445,-198.5069161242005,-65.05770627238296,-110.94267738465973,-284.0937652288841,-259.47637667865894,-108.7857673891115,-151.17631320511802,-161.3070062887026,-163.93938140234062,-277.5449993142008,-164.86930841525216,-442.4030158300934,-301.1906301835072,-172.01472019121275,-143.22607148335698,-227.43726289442512,-143.60102968944798,-174.84866451931853,-153.33638141344332,-172.30679304400513,-92.79182411827661,-182.56967718028795,-176.23247807900503,-246.05819192776636,-248.649287379753,-112.70919865058461,-125.45068537549518,-244.60843319061163,-230.94639467780007,-124.28758928048173,-82.42276534650975,-154.0827330774891,-138.76782759864403,-207.88014745798014,-394.0919490273015,-129.06526576057422,-247.3553312865496,-136.2144927623194,-108.78741163780761,-217.62480325565022,-147.75154390722759,-183.28545584685776,-193.35993063296257,-310.8529518196879,-158.0909796233608,-202.36188062588198,-297.92210644347995,-87.72943640565761,-498.8027527008705,-146.09753851196177,-220.161055745993,-219.73991498409083,-261.25695645570227,-265.99843852065,-204.2797603722109,-404.18705651026306,-241.06974330268747,-192.28306544895375,-215.9012270928338,-151.50906395052627,-311.2255088767227,-170.77243461900622,-142.45442321372477,-204.92028121742032,-222.3724391763959,-224.0784446650296,-294.3317439226998,-118.17381063828446,-187.10747946704484,-223.9247565765596,-146.6815737434559,-170.94851442285545,-144.57818118454526,-221.94391875544065,-207.8949994433208,-144.68167700852152,-249.79744987394005,-294.2130026846781,-154.44841205242747,-93.76727184196992,-237.90662506463482,-243.79780881688146,-142.09990859971313,-103.15634917462873,-152.23442558703073,-210.9301830895015,-120.44673790334404,-200.62262893987398,-259.16182594139053,-162.34356057368362,-321.5616389662311,-125.41472208407323
-73.00915560345159,-65.25681291754007,-26.196202759830175,-11.211004739809683,154.2467549807673,86.04123094802745,-81.36139416347142,-11.764159638829389,31.411622826552115,-72.66273362695013,-34.56834310921384,-125.26699632458553,-168.26875044585236,-63.404834313302516,-73.57083169074798,-70.97175821293766,-48.615632335195116,-55.07795433975356,53.416011708360266,-93.54249403505172,73.28476674635303,-31.759439411592812,86.93124899177023,-85.23542804407326,36.44683237960848,-98.71067544186725,-50.39106481207386,41.354922725856305,-46.93840149100498,-75.73545251750117,-4.144812927327637,18.27667974659926,21.361464247144912,-23.620030529643245,1.0413513954968037,-44.51523010113323,-7.999866384580046,-75.39339097894486,-17.25124533380451,-33.14658432605146,-3.506769760681782,-64.84134553506892,-16.61980873189436,-35.43839716105326,-40.10478584178385,48.34009015119336,-8.08470767323015,35.97152462241593,1.8387285131961386,67.1276270421866,-54.980115779186,-137.3127000225042,76.5127101849917,-172.24566616892895,-37.34130097820563,-22.548398056902144,-88.22929524567698,-9.777086176881976,-116.27791351416508,0.6938343347712449,-59.972662575824494,42.95441141741821,-28.708888058272873,-153.0768978971337,-58.5574229285355,-47.38869990096124,-12.482037631127207,-62.24904991414218,-125.04468305753088,-55.550183074871256,33.827005430381845,24.422105089618974,-44.13808907785544,-23.925026527055643,87.88349993991673,-85.60402954394789,-82.01487902663891,55.989548106411,22.001337631046948,-41.942624669146426,-51.529733548007876,-68.6413196549518,-110.96923530936644,-80.54239734937886,-11.42716751921284,5.44925818441497,-54.192900953573044,-42.9896009692826,-111.78692810959221,87.66222828070609,-48.845601967555744,-62.91561590767404,58.857021460027816,-31.489210021315547,-97.98990620659553,33.11795785111491,66.80939229238447,-80.45325530358357,-48.298393359882965,-35.6228011355422
82.58544546442039,17.290314248499183,-41.483302438582555,-10.01764393229664,-101.05864416029269,-81.37807393451531,-124.71290264120793,10.053234869212002,-43.89150116170957,44.05860920382319,-28.99941180847901,-36.741489748553164,-27.750511453535577,-1.5671402329274542,-8.483207597624695,19.707774667583838,-18.953624031914092,-119.30635118136716,-60.87503051441828,-3.964535990220131,-105.7457643095461,-79.39566518070708,63.38360095670122,-50.22448603988646,104.75486798765854,-45.663009255608195,0.4887060059780908,-22.373740612733524,21.153199085267232,48.50472953793089,45.32138061768648,-33.595673379279575,-11.26762464593507,-52.25858588778281,-49.05303258897123,-99.23730409245918,19.444124516098334,55.88735592813725,-21.900744710410816,-34.38578057889026,-126.31567530566267,-60.77770501401709,-15.237675854571398,-20.619191363508943,-59.66246295525516,-47.523400473409865,13.403491266741545,-53.45857405178095,-12.433558403783866,16.568226276207003,-19.844332504190554,-81.25817617422231,161.3311962725167,-26.876777726834202,-25.539302755220955,-29.66930738848268,-86.25319435831905,-8.538167233620726,-14.618229450476303,-127.53752839017044,24.886420115427757,13.623333778846902,115.14917722582598,-56.27417267089733,67.32041812444382,-19.42255183893735,-100.27561946342492,-73.69009516639012,-122.35869855429604,-13.241101016949925,-38.51988578838504,-75.49967632142416,-31.570551597183282,-30.05359769477888,-140.28467027877204,-3.3457452030847876,-9.879346819806644,64.69334322578939,-65.20078847202728,-85.32455108132791,-6.4414888921948465,20.82119958593221,-49.21411808198785,-19.431591483893257,-65.5610460179471,-12.803414448271127,17.548202731881336,94.82749783136325,-43.02869229443154,-157.79045682820072,-115.55969307254513,28.87152250079795,75.75848181652627,-86.02080629827377,-40.592544260751126,-108.15804541965085,-149.49030596422128,-11.753000586436652,-82.74443416147123,30.98168112487726
-80.88071923522612,-82.0350858312911,-14.17716344597088,-42.07003587725925,-5.867786642598701,-21.654379895282542,-144.43775228087998,-59.306535971487456,24.68297962445956,-118.04079754784743,-46.61583107434465,-112.8739083409846,-136.30456068299947,-22.16582989464016,-86.98570091404258,-96.10336426797623,-104.21385535593052,-41.24300050069626,-9.043689754306673,-146.73832698646584,-84.17109351725209,-74.69173322240135,-4.138400452207707,-162.2319952395757,0.8029522958819928,-80.75751151032455,-37.63153864231835,0.23371523145992654,5.391297908919463,-135.04216290447533,-104.71778283652014,-66.32909062993295,-106.7554417358163,-21.6546819580731,-11.593913593007871,-129.77786399375464,56.85685387300852,-67.68350698109654,-97.64880883749524,-3.0837343706509532,-66.62570883112554,-70.99352765402371,-10.827016951599925,-61.95512129480516,-44.60736929824367,-36.681569108261385,-47.55432328755536,-73.23911710224868,-35.89946317445858,-115.31796463944143,-65.09972969367293,-61.33748800850745,46.59342575756863,-126.86588720695893,-64.44324057796145,-46.69471616452243,-68.57718562916239,-61.59513407333873,-107.28116209048675,-87.3168120755951,-68.51842263281802,64.64541116243747,-70.9758828028699,-157.9947138999542,-59.41790082873609,-28.09529654609624,-44.745764615663475,-77.1774167960684,-118.7884938554466,-119.45026085787045,-20.33170538967673,-145.28117209748558,-113.08404448987191,-71.52939697696341,-24.648336561382678,-112.22362567690577,-62.577238221762634,1.1260428604279193,-48.22673364015341,-42.93388664859665,-87.0302606462876,-122.21561376236158,-210.23742537675082,-127.41935753542742,-141.64792859168443,18.5235887575354,-132.3668046014581,-35.533954548272135,-153.05584603544025,65.42987334144553,-58.15007939731384,-73.80880844584581,-53.88525963835124,-68.25870340303962,-58.69362527552894,-93.0814316210261,-19.600226941155118,-42.28382594770573,-109.43193394246386,-90.24240470841524
-28.6634644981057,-114.73790964983513,-74.06837756539278,-49.7493210943101,-44.42251113358106,-3.0812093866847268,-164.42205594789442,7.8047186692441475,-70.78196776006486,-20.6302331963111,-42.21220179053868,-114.44924340111474,-116.68677238456884,-42.35053380247837,-66.5110288829957,-53.7160595109806,-112.57079416098554,-152.51606551365882,-70.1498107542383,-222.85710907597232,-113.61722436631557,-73.13177809848739,-36.153996228129344,-9.831637236572222,-16.02234562051649,-119.98569525629058,-78.4459040629291,-71.65148545181059,-85.9115495291017,-78.79122404208933,-23.65005393345941,-32.450284165080696,-45.84118747756427,-81.68517073679547,-100.18899763182226,-134.50987656427301,-30.936317700376613,-52.624466467234335,-29.560906538511613,-65.49606137907308,-65.05142022225192,-104.26831890163649,-183.50427564709204,-83.58946999598207,-154.7585513025812,-40.51872611265696,-49.234750448540936,-173.5450928989433,12.727421907549632,45.607904636025985,-120.97692245417679,-119.57786532201177,-21.70527780214959,-106.6861111982732,-112.43501382914003,-64.31515632721796,-109.94411903264452,-85.05242656185541,-195.36378790724706,-108.06598569331412,-85.5786787021846,-288.73068379984295,-3.2957396757177064,-82.75538855124117,-66.04696442912119,-50.48978550997342,-109.95029972532004,-180.32826744971356,-163.13117840268004,-78.55698509275557,-0.880722633092713,12.324223543193295,-69.69657764939492,-137.1911638553786,-141.2876666385666,-17.436462809601373,-34.591263835947835,26.44112013821622,-52.9864788333558,-47.52692503155015,-63.277169043582134,-30.95596324327052,-36.87156568285549,-39.27187288250788,-81.1469623820434,-110.66426854848413,-29.096752498441134,-36.75632411683735,-65.48074357463086,-126.59989852753725,-100.63515911573992,-59.25556944766564,-23.858897587771875,-89.73083947348891,-119.43705756213824,-35.3149852335953,-73.76389377779412,-86.03014446712757,-22.676737502094074,-18.327525300860234
-82.9190866390459,-161.37129556949586,-103.2269819674294,-109.84048409986362,-83.53756285172322,-166.05565609705664,-176.7930986018837,-116.17222507242214,-133.36952628138548,-107.1058418900449,-79.21778629051397,-200.41422333175979,-139.6440928442399,-86.52236567039434,-121.94004999574054,-129.23805002667,-84.58794320268387,-150.92440566727606,-75.56089766174274,-310.18251117163317,-236.16061006608294,-106.3813108722875,-230.27067136402619,-102.80673750029568,-70.17656295223378,-113.64374668643516,-65.16015401090247,-97.08962700180285,-57.5810600840445,-224.53193277002052,-302.9403155561276,-42.45333577102196,-113.20709473396418,-135.27994965528816,-91.48915614689822,-188.08528218403634,-100.9803759521154,-58.796311499847825,-46.924221045806156,-161.82556134272292,-92.14142745664192,-205.96959336036838,-311.7686726490753,-46.87618239618886,-144.02998286924688,-217.72295210021358,-90.16053838803599,-176.60668683967006,-85.904201576378,-259.01964670438116,-92.28542730528984,-103.84896675739029,-107.13263181580581,-99.99019162244285,-53.02843474297662,-52.46640297582663,-342.60275382803445,-75.16829972095739,-194.30133734969743,-48.70067547949441,-185.33063026655495,-142.92977329226346,-161.4715072972089,-266.4301934750437,-67.07859977437106,-156.9426742032346,-170.79101468526468,-105.7085358053704,-157.11871252446397,-97.36300544813967,-67.10318102919932,-34.083172214690336,-156.1300236234843,-144.36665653530832,-146.39252628430805,-109.41914511314016,-89.62946555208481,-80.54320213813234,-124.4322572700181,-93.3302460990024,-117.90705234151581,-186.5549153678219,-178.47367548147662,-114.15378983327638,-71.40725433737046,-150.08219503518094,-176.91188906767272,-82.78317390911835,-138.7322949528354,-266.42860494276766,-142.57797675777542,-72.2471882907071,-131.55103291450132,-85.03354564122591,-96.78568767108413,-177.54102985773315,-221.9064217904979,-22.76676347190847,-205.1580630152961,-69.61396965448449
-55.20466617044633,-20.883649420152963,-36.54634708178074,-69.3734505183751,-56.12696898650732,-4.052469966855187,-76.05673091862634,10.327891256400717,-24.27246948451769,-29.32885369288724,-10.10159120453738,-65.51704171176138,12.570712873858191,-38.658888374255504,-78.74028395797805,-27.80080557312782,-73.93000155323405,-161.7061779248622,35.249188285828836,-106.04036679684324,-100.25529777753268,-71.0760466922855,-37.162009092520115,-48.497202429871884,28.450487603109128,-39.69448320271176,-60.78560417606001,-56.960991352026724,-31.662850743233825,-45.84765549842946,-9.08549689555406,16.903116541388815,-47.78058970321784,-18.549007207696825,-35.29055230281033,-91.02705232759645,37.32228924130823,17.218127719375683,-33.08949447789175,3.454568997687791,-65.80779455077585,-16.22911812112402,-53.52363432101035,-81.20728344938108,-28.0398843546919,2.103731365798361,-20.253902643711115,-66.98209454623765,-18.32607273424261,18.142403286215345,-57.803321755592016,-65.5665143100416,21.654124785566843,-101.55795182898329,-55.677003199776905,-26.32651130362955,-34.669145380266606,-58.8955188704764,-51.606769805808945,-30.155047045579842,-60.0948822173067,-112.41998943826125,18.251288712244133,-25.314833671168365,-2.4960125328052953,83.53757632482919,-83.16495338794657,-79.70734387721933,-16.226536408855203,-54.13190074710658,0.42300099986090584,-21.152639232820405,-25.787144324640177,-87.76258384311187,-74.1936756874065,-30.177482997609,-61.4811445421279,-18.061698666299662,-63.52806483209937,-59.18945945790273,-73.16409419221483,17.763606108628558,-61.51297008528231,-20.479138529402018,-68.69352865526764,-15.45051133190387,-72.64360313351939,-15.111522361914469,-47.59508017706767,-105.57232403053501,-15.860383443854666,-18.98887989244957,-20.808991884572166,-58.12717178906776,-106.69831194634331,-16.544258931782306,-17.63638572129418,-71.36735092946414,-14.361910380704082,-21.414483095968354
-67.92080733533172,-102.10429972178385,-77.61714606846952,-71.72712197333225,-79.6607232578181,-58.20176134142822,-149.31158004835203,-15.998721999270169,-52.96513925896216,-7.247543667076981,-67.80403354146706,-138.69886520452872,-150.93152605644437,-25.448637645556854,-70.4404768433875,-49.831635667433986,-107.79645941087801,-122.65181593094367,7.051819721713284,-138.02120741788937,-88.29591143168851,-67.61693869718235,-85.53619869850743,-86.50971946173041,-15.434460570795517,-124.18341079441049,-43.88324765026008,-46.223857863098814,-38.92556997032612,-162.85965850285115,-9.54960499898027,-36.00145637691834,-104.05603524895177,-35.4915638480026,-64.27293604079586,-118.64151482491151,-73.89456777750935,-89.09737230136128,-27.287608701441656,-71.14893468428127,-87.71760864863501,-39.784629291574255,-109.39180433086858,-39.11025098235729,-195.0965709229486,-39.21735880356332,-82.11802450171348,-152.84673730683218,-67.53235778987731,-0.2924897285276226,-88.46464700564503,-219.52298559908735,-212.35389879691718,-192.49767682772375,-109.98051208242224,-82.19495087120266,-155.0215148704922,-79.6434392368655,-212.80847794282533,-99.93104408230072,-134.40339094418246,-172.3698067757258,-83.37988236406485,-142.17985803468372,-76.59178092417942,-84.63221354522685,-94.59101768417821,-150.0566908307999,-101.02567641779461,-31.20910895566725,-11.954186976155254,-58.800738848738185,-51.37256505783834,-107.29035621164454,-135.2028353922959,-56.51851220704333,-106.88285589147577,-87.30476307329225,-39.801529493362665,-39.818545489821716,-114.19592482234398,-99.73435162776222,-111.34557252791154,-89.94929789849142,-66.06758114797292,-83.55007183914117,-16.89038649238255,-60.075067518186245,-97.25872865349089,-125.76084105442074,-61.15142405396848,-25.71884403536194,-21.515894304665974,-69.36644996775235,-95.6048978871903,23.869925487475346,-40.66323283677579,-101.36906173583787,-25.53339803655494,-7.071038739763502
-43.30814391790572,44.71970172295965,26.690295150499963,-72.94288545609865,155.98843238709475,1.1033188712103037,-32.67656891062067,9.756395213085812,-51.157329206693866,-43.610960411171625,-10.977374049784059,-60.76679740876382,-73.02517109792225,-113.7866684526175,-74.4954049405646,-97.58083315244923,-92.37238319516393,-181.68695147587962,77.53084808978878,-140.0584846222812,79.28219362755168,-25.722577109336633,24.708430937649897,-89.72756742259752,22.33001636476363,-16.48524853433393,-115.9619844080761,-80.45119172865779,-39.71482569050535,13.520365883874055,-59.60335008418593,17.192282110836643,2.669541392627334,27.61977079362271,-57.187996596094884,-6.912604300535492,31.742491350184547,-8.61410647264317,30.92686290852801,-16.8816689013558,-6.0639291722187325,-4.594393735502345,45.9893610236387,-154.34230543191893,-7.8926569510665185,115.96241668699919,12.163012689188578,156.33817883353623,-28.02946517302552,-34.84884663391147,-28.737395740998082,-159.16509291331624,67.07486282149509,-105.1598356617286,-39.76916134045009,-35.22402910141804,-9.810042578287206,-59.683341741798266,6.186266762150049,-14.005405672789243,-105.99338621826759,-21.13645336727473,-59.984540978964056,-84.92500893043147,-68.28142239353865,-46.5979951240986,11.537108999339447,-44.87464795018529,-26.509993007666534,-22.92602225945151,-11.702984242849986,53.87876526896135,29.83557553632082,-43.60318238256168,127.18825407522584,-131.48086736984874,-109.49345237443524,-11.422729176246822,28.240173855770152,-109.87055769898289,-36.6406479696591,-122.9041341660168,-189.94178386507596,-45.860037305083246,10.035123969356587,-49.174471219259225,-78.03733859763166,-70.27157468068935,-109.51649142667121,78.12145391622022,7.539102503822683,-30.89251552101506,69.95396039859403,-50.843282187789335,-94.26901319195053,92.18661565694832,53.81937784876945,-74.92303395568574,-17.72174403386449,-50.61926861231581
-209.29604078870705,-163.7827314286795,-87.68666663070991,-156.2739697130971,-96.58808614127514,-172.00909918386807,-197.8055649293924,-103.77082018003992,-86.89331117249579,-1.1355136053425736,-118.18530830669235,-235.98605800925242,-218.59951219705314,-90.99064116343823,-144.03603564518193,-98.00430627442988,-168.7765871866429,-187.17170492321986,-66.4117947441482,-248.05450086018985,-110.79379805268198,-106.60478821407827,-37.53295837786998,-126.22414079218304,-124.02076391012126,-179.14591712614396,-130.1897177528839,-75.77310009189121,-73.40674698309954,-176.49896304876594,45.98615434075126,-150.19982355472308,-179.9433125395239,-64.15870191629449,-83.28091572283691,-184.27291974735238,-250.45516019287982,-130.90641078647897,-67.09265757333182,-114.2508765415535,-88.51516600476178,-93.46436155294856,-255.3077386895005,-88.27308396038049,-195.0103933192018,-90.40934261639777,-106.62767944092374,-87.68731192843329,-162.58445850066846,-140.53272292008214,-101.91359387099497,-304.0762544559256,-243.915452673779,-208.43724688874292,-263.6660215302895,-63.67790536927609,-237.48452746695307,-171.27467074321046,-218.44872652735975,-94.60587017767585,-195.15278651770888,-196.29997181367187,-290.2184960966698,-276.5636535821282,-202.97958457396655,-233.64830318961856,-160.20664336089297,-76.99939561382524,-202.35792791062113,-55.61052663039635,-107.07632863270459,-98.31695703251499,-85.71370360815425,-133.91299509719497,-202.64695673873337,-98.67471503686552,-159.41606512613507,-156.12482518630003,-106.03287141825167,-140.48396581173185,-127.93128128586696,-31.771028902910704,-150.09292076553325,-146.11841316262706,-203.43308933961222,-258.44337544938,-57.13859352142174,-82.75245291057284,-166.95608692354656,-78.14154867856197,-73.86481661631466,-42.21746937893735,-85.7283073766781,-143.80917002182147,-118.96363899243131,-2.442244592498814,-85.53045361144996,-116.37773255205572,-161.90772741629831,-48.300622908719
-83.25733615339512,-53.97264654841742,-102.85098182803034,-101.77925212654738,-48.417726157398725,-50.4813412665699,-130.55076019471107,-119.31954166964186,-165.28346391777757,-35.01884789770818,-29.63678806113237,-3.921215026768472,-182.64428417622474,-41.20528188311133,-60.832914824469924,-47.20390357177361,-137.384817464512,-54.38334839076125,-1.3895275580866129,-214.81262221021927,-122.45273229849238,-99.5773329636032,31.038919447594925,36.879014553231684,-13.756777167610217,-97.09108228476221,-33.62480157770731,-39.18692374253386,-63.88810853969431,-122.13649303052182,-197.3197490834585,19.050073269752758,-164.68692028280032,-47.585446006436534,-88.34628525904809,-72.85745240293181,-174.22069238738305,-128.24872824661708,-77.22228090888507,-34.679358222790285,-102.86742330152539,-56.788968493571204,18.424641198539756,-83.71102368542877,-79.70685211382349,8.067510344967125,-32.39617859735692,-60.916139882070254,-105.75315917327794,93.90441838397516,-108.16938931026564,-140.36849301906645,8.706264580940113,-108.1788789174665,-72.61279370311698,-63.66276967625097,-101.38960989735423,-89.71852283918973,50.21079310786655,-18.125340021884963,-85.99403614147003,-235.9411128391345,-37.2245621182139,-132.06596716214534,-44.77547789106112,-42.13833848358086,-78.2045773277136,-95.81903196808915,-4.566163902269763,-68.2912052046913,-30.23626005022934,-83.98270179196052,-113.59600530131186,-133.54976393125935,52.157510729709294,-36.817284629990866,-96.33050452854572,-76.74139562434121,-49.52564604914185,-68.27132384384434,-119.1016698104559,-95.545952715766,-56.44812300276511,-51.45237633485134,-115.35926131344713,-58.04833172587567,10.842226154960821,-46.74304645921735,-166.95848974457303,-169.28613437329417,-10.41943310006593,47.382272290970924,-46.897819849654866,-90.56661027070962,-69.44726861414841,108.90298109689155,-23.131279864013415,-64.18501411756819,-123.1492741743002,-84.90118286626131
-93.88446022693749,-3.5017689728530286,24.483620236235087,12.387362060786645,176.49464221249988,125.011331150373,31.41000080516096,12.589334501430338,58.87840341658541,31.944654005339448,-56.484340484092826,-130.87461638891773,-14.753349522802893,-63.15227632759728,-59.660192534365976,-33.63092795958872,-11.438583335955505,40.973055227712194,11.124122639997399,84.28280072827705,0.13529351673401352,29.66928838467844,165.05554965725585,-12.57677379394915,-15.084306444412203,-22.572877284000008,-41.33495131192403,38.07885301123781,-96.36160971550143,20.560858239975705,117.04404623999908,-36.64036335946944,30.95855143719529,-21.91470644009008,54.897586310265744,12.09521926063124,64.92890843036083,-49.22951556988834,7.095200108840706,-37.75451849946101,130.18898454167712,-62.99715022641712,-21.03914551200634,40.90515559706174,42.30060882452791,18.888689938665188,31.272521253833162,106.11285950845594,-18.188279587786447,-8.370059278884195,33.975454272942066,7.364853389872974,161.56960677936868,49.11329955097355,13.867096272075711,25.206053811207212,-62.776194401873965,28.298555561355435,-79.82568625975917,172.4199093702089,-6.484871087732778,97.49783928834226,43.69294115653855,-1.5299934321032382,9.370706665835229,-10.826839975433948,16.21727506636889,97.88215850635444,-15.209696559069124,6.784490293623411,13.569764787926044,43.621660577195804,15.33850809093929,5.070500211571026,92.26137147603973,-11.234821104240048,14.504707461155245,227.71898819075005,-10.178551270596554,26.741863881882207,-27.707482830222858,44.70400204481492,-47.82837872724559,99.53622233606572,34.82477360470032,-56.730972086768666,-32.760660780173815,3.8432261016806795,16.065247997783754,260.06887139743253,89.39270183381223,-31.982746904132366,9.506750866404783,41.235668865778024,30.55761624441832,-8.438256682487863,-27.17637529635307,6.342900984361188,49.098721585520146,23.490562657234623
202.15060617089068,-13.363166914835263,24.164052671689234,39.16525268554566,43.4058713391182,106.67296225780275,-80.77935549164287,86.2999454223509,19.640113927347123,27.062870474267214,79.57531419038814,167.05533094718373,50.69120587336958,67.07761107439232,39.06302142456819,51.9071200692684,11.989519883739703,70.93558285427707,47.16210354251871,46.69894465700904,-100.64126087770605,-3.2623974180291504,81.1697713927975,189.3664250526582,120.40063990088389,25.946295645179063,91.93783505317502,68.88024159386983,-15.610404489813785,12.21773876645645,8.08260717812096,107.75214010596682,92.18963506013543,12.791630048912138,-4.441004768852557,-27.50732702530246,-95.50473690937758,-2.7954629170778253,5.064341556411779,2.7921873502143812,-27.16237634085096,-38.86271437848733,-17.74398931529149,74.28541121044785,44.405465886004194,-3.8946341473597013,80.41699282469989,-92.56171711830315,65.05011169730763,197.4432964992445,24.833391136833256,22.359442765148458,193.0193097353659,-5.047573288211625,82.46288572333233,70.30838842403726,-26.982336780744305,-11.302483686612923,12.586507105895201,-18.28469564790761,125.21300632917297,-103.74240648652426,197.8079244327932,204.31008496446782,61.93792469620112,92.81208370801447,-5.3760899524826735,18.215169368389553,-16.039312745459373,19.215314468502225,130.3231859934069,62.516305852840674,-30.39431568491175,-14.740054133695574,-17.387214273536905,140.50793038253633,80.85135922285274,181.24115885734844,24.172412182224964,70.95855039937115,64.52004416740854,99.92540941289222,122.396510827639,80.84469726965717,102.58486260905312,30.42891465351146,90.74324234021871,50.10909046249711,52.972728745911645,-135.3378274311973,36.39847516996793,111.71793108723101,49.43798867130717,35.323662662679034,9.947344085597457,46.623977894861405,48.119337143401985,72.07896890814384,67.24658881497085,72.93039989495125
-80.4183557257989,17.407652050283385,-8.44057851921388,21.878939670042108,-23.739119875598462,-12.099626553514236,69.48113832739766,-64.0032036411797,15.858761578263463,39.84233934597137,-36.11115340077485,43.914911843196045,41.16381156651759,12.575919440242584,4.044759058844475,50.32383604892838,-6.7444354546940195,49.93028312860719,-22.627367977283882,-38.34667776674342,-73.53799116198546,-29.20786679747735,-126.18992567122788,-6.648322356144428,-7.465667721697393,55.37882031029917,-10.401914514323225,12.279492860834777,-9.675445621160538,-51.557962504596226,-64.78607371123236,47.94297476767501,45.61386755374799,-18.560993254284075,22.80802784088078,-18.430392180556648,99.28953271424078,-36.65037005361172,-43.45285517840945,25.269146571093916,-27.21831583443745,5.661079601889087,58.60980419791556,58.32007921197028,71.05415724137416,-76.02078209834218,-45.041886189745995,-85.61477850657488,-13.732673826903374,-115.55130334258035,23.965748852831375,206.22296199558775,-9.557323634742202,52.081696127663996,-39.880434178761185,-8.320671006047764,62.48302301916087,68.0698612939105,21.416931328436572,30.09823160815861,16.123911623293075,63.08750036180276,69.31657396212466,19.153731508421394,51.46546986230527,80.10910654244681,-28.43236039379599,-33.6986476455808,-22.82301550859776,-15.984741287357021,4.303294582036202,-97.08170898515868,-27.721310848229372,49.315610836068544,47.606641727396514,7.31441982036539,14.814608635544788,83.53448271639215,-32.813386618141884,24.834609746350274,-11.18614860987064,-2.2108078168192673,-30.915670363074952,-18.035752700774328,-47.21158463826503,16.520090774389182,-7.253468701621547,15.049969495638194,-15.417679856464355,64.37563475227103,33.58047721685135,-28.907792894608516,-33.22377222037988,14.824831352737254,-1.875305804327968,-83.88695169543993,23.006754775459818,4.35880100320855,58.25731468535544,8.375908520839175
151.01061213234914,-102.32427769481681,25.835653689818187,92.93249549352323,-273.4654985616817,-15.14768593853744,-55.7801973582924,-2.8034564957428763,10.449493269732864,-94.13536097856492,64.09415132641232,-74.83261756444944,-42.39331623409199,59.91420879050376,3.952694095808203,-0.6000553728034567,7.170832966546475,59.39770968597155,-75.10829153057972,-47.52290838832447,-52.1826802357666,-18.48342745632131,-17.812431175957098,-11.722467829669998,-32.03906649777584,79.01999439919865,71.02941288278483,7.504653910935074,64.79460840025926,6.488567551435564,25.903516184616162,-126.37435212121792,-224.72861990685504,-6.7578703019651725,11.332306629381993,-39.66730028999907,-66.38712944055274,67.90811796539464,60.49688618128069,-66.2740329243733,54.983974797753376,-81.33244886318062,-130.5081465532471,-16.923438726966623,15.031392494621585,-32.80993449097432,7.691322533043193,-158.01700301520216,5.21723264488779,49.289080481385824,-39.68601878712598,-24.801067346914476,-48.78776557274802,41.776456586768404,111.78899643301564,2.133967234211691,16.178739303190042,0.4590016764488769,-15.216706436423866,-53.38229039129205,45.26148860642502,59.324440576628376,76.63901730435624,-67.9186049645468,-44.72726054923351,1.1531007898060062,33.31809415942066,75.73919520966574,10.35419737903588,2.2799010004654274,-71.23567720235138,-39.8255923725552,-38.282860431379184,19.65787067662321,-236.70312639617816,48.71799053320782,88.31080845718911,-81.34037222164436,-40.71316625399658,117.27489878591287,49.61718287940654,173.3367925935984,58.80505674639705,68.3996333742487,-19.557331513396438,-18.379895731857935,-21.965771301878792,-21.525221359754003,84.16252363426142,-130.15487163804093,65.3166255106211,-52.44171135366094,-101.91517461875254,-13.087285879682543,178.3722224819588,-107.6754200709362,-57.8241307650458,83.91796352510306,-78.2535954171414,-60.648955457517296
1.0420632194676185,25.410394087321013,-76.33102760725656,-46.84002961040692,-222.09199238172096,-137.17025451997736,54.05020776813261,-46.577740679004165,-168.97949389631896,-27.488351544244498,19.97871293800998,-10.720478708544695,-136.8722752663665,-19.909114335974596,7.0306407737086865,65.30737713334852,-16.255378363883793,-112.84776533366035,-81.12467215452418,-93.2530463545207,9.371295997030387,-32.11560739397045,-188.12963059616163,-45.682398973572894,-1.7181588065158586,7.680061112980794,-69.58155166731552,-146.8608399396406,-79.17702261882916,-57.26782922118322,-166.62853045517937,7.861385038179319,-106.04947399895062,-12.479464576995378,-22.868110177124915,-68.86440138092972,-99.87960546101658,37.9098002057472,-11.88152439426188,-22.901132507796753,-124.47480231896556,45.45245863296701,-147.13284184402684,-53.72832777087947,-88.0161922979642,-38.73174040648814,-81.64978596822986,-59.20650961640957,55.55263060414746,-43.00542575025623,-24.84043090242961,-48.00143632019674,-103.9426369316992,-107.04595282881687,-182.31834585311879,-27.980245972458636,-135.86290238615678,37.97373291846598,-49.469950728045404,-94.85007555700372,30.93553030959845,-212.54956961966786,-92.18262806702793,-162.3386268012318,-196.68259523615848,-92.2227782498448,-70.6115548566842,-65.4096152269835,-68.48162239186854,-2.750535246283882,-21.234764396516017,7.271202706861043,-13.895319078879824,-76.2524536797072,-131.21819570593703,-38.44903408641457,-77.38268633234861,-152.17170682248255,-8.444956276242047,-63.11440507466611,-24.043561904145015,-74.34916244465627,17.82675949787185,-52.82820292228718,12.44007433443481,-212.37769232581192,-0.47162273057263343,-38.614235126127674,-66.11968158921428,-174.86547380753692,-90.62520596701587,-22.080318062439197,-44.41428026247357,-87.77332257786492,-84.80244498653319,-84.91832573243957,-56.44925908430182,-151.1573599117246,-27.876719313618544,-44.14635162937942
27.248892119993766,-14.424586072370724,65.63309494151868,62.552524888805884,-24.258176249608397,4.627381808426952,17.24724154160143,-20.855944679687298,123.86736561195345,-15.625593705024837,1.305163729432273,45.004375525147665,131.1452421764313,94.03338850873374,83.38636667019139,49.013765640811194,55.76039363443201,146.1930730471363,71.56401346662031,65.91395132105548,-1.1861117584606016,42.637563094204005,-52.84964773218821,22.708160586821553,-61.35035191326914,6.244250480746897,51.56509435340434,95.20251790134756,117.05101500625987,64.19569571891786,49.47504955052777,10.66547719333648,52.39437594718783,66.1428199074282,53.11736657295102,73.49647569220987,-9.601697138965921,98.29104179672885,36.128190042749246,38.874161086915066,76.3577217334202,42.64046624006027,65.79303452021686,105.26630380559752,-1.0078301293091587,29.312934094810625,8.954874600431989,23.606025691764078,97.15988932856456,-9.236509107267702,17.285149268737527,148.00415464522686,-72.31604601819579,58.910084542248505,65.71110600183864,13.252722646212465,202.9233410071438,22.938751952638953,70.18184082465118,-31.784357686558963,5.190151238075834,74.87423971200077,69.01063253691903,43.988037811001995,75.50423439150877,-40.098570176596645,35.1302519667897,82.60787284417529,65.73809002364875,57.783199155114616,-25.14951866461291,-35.89115373306144,-1.5573542021233018,52.85596682101414,9.324707141256566,16.151342940696452,117.01386844219816,-105.70755081712477,-4.9005119351968975,94.49714288642002,62.455163797011714,93.83446311904781,32.20473485858908,2.705713617026811,16.757690280438847,110.23515458515882,28.07691203645535,24.419647051076097,58.11641350452348,75.11175767375511,48.71643371111743,-30.452771742428187,15.702937335747427,19.296703664203367,100.77045627449816,11.83206936952271,38.99732308650815,12.2312658116487,34.84119758457918,34.36616159958085
79.18583722336543,125.5849154382002,66.03636306470902,5.8541537236961005,210.291478119822,86.41923506243627,158.85131906907262,173.73523499798273,100.04425177714566,43.48160306038746,101.2367586152283,85.02961617083623,205.81593535293524,18.561784752353606,55.09086602674673,63.99940602270285,133.56486882915777,8.661881303612946,124.20394073481006,333.65458095129657,307.1210111525749,127.34872738815206,186.62916165981835,40.83923837218665,17.359606870850083,129.63030442577144,26.21966741722037,40.03334929923728,77.81167114150132,129.90344779229198,90.69766806952119,115.06830941272811,154.32434592572594,80.46662436285933,39.5420177449486,183.3993006319405,235.93641418084312,83.98815175296198,91.76548891482072,79.4023975860024,82.92801010464585,158.32771172847663,167.03173358334308,111.50480041952703,159.2831190283877,39.53590839819584,74.01241637944555,320.44356071915155,11.230436224788795,-8.201573363107855,116.70373228118734,44.93819339822484,161.70960156014522,116.93344720238848,127.10521753842461,76.79561130586413,24.50935352419492,118.37885351104605,111.25237214556527,159.04739129447373,33.530014933736894,128.52523768463982,-57.96007111243458,214.63274015460894,8.589796751867848,111.03212208711031,142.97569766148263,48.890807845636466,180.87859306907424,146.07921010090516,101.49102311472093,236.15705014237784,144.41264545159154,98.03869751494423,183.76480909020293,23.63672118169777,31.214404164476818,80.40489461060037,106.93245111048435,-15.142317609319448,46.19553096163578,1.3440962174658424,133.67089035554739,69.85338163135273,192.32281074550352,70.87450788542745,37.28645250583082,49.091127015381744,116.95267823787265,91.23950242354388,82.5002751294312,124.61456927098271,71.16225409900218,106.12436124697156,15.939164795033715,176.6503674336668,57.74926492392417,104.99793921959865,138.58605853936473,69.34602655167599
67.24400449412038,130.69310313184997,113.19474962588215,64.54506336194903,56.16184583323955,88.33273186592788,160.37675846684698,65.53628221236512,63.43648673487641,5.509851367750425,56.889931352115006,119.8352331533336,240.7668711972599,69.04445560362056,96.885379348905,39.95717618839282,70.7356555899889,118.00633996159583,40.99538012674182,210.44689470015533,120.79942093233399,69.78447738488015,133.7231128198484,57.18568113740779,11.843734870418494,81.93829544379341,59.70653739079079,109.55243328543955,86.88880192892873,148.18421582230906,171.6584631265583,52.66369259287089,74.89593180133113,48.517698361313485,51.40215464063575,137.77404818125802,-61.42796536680558,32.146968245489795,46.69603945703537,52.06735900469272,121.73876980513475,68.24578073674888,131.5725860883776,19.133474910935526,81.31289406342437,51.668687832726526,45.00616045769184,134.66544709780538,44.877257058053665,142.7311082658075,68.23595882554459,19.83258718230041,-4.804968358869328,124.68162840495773,85.91457818028009,53.16636707731549,78.74275039560095,51.990452514141495,136.47157782497092,123.4486019335986,71.62315970510792,133.25153990581532,49.96272076536306,32.47830284483717,160.22245871488886,48.24900413114955,82.91674597862801,151.61561193612576,174.82335434030273,62.574994157900974,17.05555873132274,126.07993215423754,78.52225538776389,77.23570833824915,158.31238272226355,53.995084650389124,93.38258647516584,-121.41886273200234,78.21108637631681,101.08496502503891,77.35550301417106,60.42268358395247,158.18017776899498,79.745449007461,64.63992892928079,115.68920812897827,104.70346478594753,33.054413418776605,108.69007482700538,43.35723641085619,5.106061944235729,17.79335063874241,68.0351085759796,68.13833014416795,123.23903180398446,74.31669687035244,101.86875444555784,77.00231540464962,-11.01026289858995,58.5789248363847
-218.6435148090274,-32.99099011449079,25.28654996896121,-61.701080864925956,288.13365725829755,6.670318426639941,-15.992663362391562,-0.7745852459456019,62.95380013577968,12.570374631635591,-48.823994910146254,-93.33847507910825,48.24717331287791,-38.811529821155595,-5.01124557689068,-4.660942770809111,38.672020102530105,78.83443861137384,92.06230677394453,111.98733233484964,133.52172190331558,63.69925338691802,25.561782245683297,-79.7211309811979,-195.3897864559787,-69.17882985785813,-31.861454243375604,79.12413928281111,21.318253905556432,-49.96056579684019,75.89873030720429,48.57916951988992,-4.873481836897235,39.535415317592395,61.97873124083371,78.5775469519385,35.56349761004464,2.8287986123029185,13.423934966423671,32.85051090130517,63.19036380007929,51.0363950761744,1.94555341360621,128.6208888282429,-132.0603047937417,-7.503553754565286,3.035366057072652,183.01155712565688,-79.95739432177898,-85.48473052233253,39.63850719660183,-3.669528527557218,17.199373844806374,-18.814082853059332,-49.2589317544503,46.907309634318445,-86.43232298107235,-32.96777131810157,-46.003317792735864,56.77417044647331,-101.96347431224501,5.093806459090504,-118.07273613062317,-23.10745175751713,-122.85502289024394,-120.8787941385975,-8.287205317012022,70.92892453109847,-23.708585996469253,114.30712747544452,-12.379376119850598,46.514429088199684,-76.51720859462827,22.896948867962355,118.09352688230537,-79.96983313013308,7.088432044121437,25.789836667829846,16.565607806703717,-124.26003462117353,-48.66666327085064,-84.98283036632549,7.828422397516914,-73.94759014878161,102.10614341999933,12.534625907612346,-4.572034225564541,-12.282509369567416,-6.329594315224023,90.9942766975386,54.91485282777959,9.098664891392975,5.363593759579953,-24.931603205293825,88.53420527683834,186.09751822082688,-19.462897215017062,5.263870102362249,53.035283971453346,21.778764474831934
179.05472756909276,79.52316697914341,20.614799834522714,70.47212548597632,39.18178411885071,114.0812917174965,158.1526542551794,40.33165340776028,74.99204644590576,118.19710189550054,6.9337589374827715,139.11995729628293,170.0974204344912,101.52118732179984,61.855598975035434,49.2031156185201,75.40530976763453,139.79210987808943,49.497709076222094,133.39387435197506,50.408297489275355,90.95608518782718,103.67814722216812,214.43803220537467,42.70074362585871,91.64322320450798,77.47772037477654,32.26578286793474,14.491335333901665,95.731098104642,118.1161759591169,77.71837869207245,185.5583518301062,23.87886247308314,14.37120256780105,81.9170119338209,74.84748090439355,4.594360055445131,-7.786928411247816,39.66679756429228,89.40987468011349,29.782514139363403,99.24150715275687,47.13364046833182,162.245722728148,27.928807169044763,63.889476546138575,71.77418819753852,37.720418608076216,133.68399451066776,70.52431195405548,156.7746600294324,55.557602572754895,185.3311828140631,349.58972833546636,22.923976329776238,161.32364413412216,35.844098893211864,154.0795455699906,163.3979956221729,134.00686340972646,56.82341223096164,102.69715400166652,266.31096762027954,159.5858849697479,93.91577935088873,89.20843316025795,121.66484435862635,129.2789206090794,40.41397073786096,26.934575374903492,95.8345928594065,159.00785148235275,40.44728371682011,85.8858925534434,167.41504342475477,64.7595481530769,190.8401179049525,34.03309140972454,117.49690896959359,107.28636750925787,165.01985937839436,157.77637571722997,138.6633886222305,65.62786557947399,151.56243790807068,120.01359477823364,87.72853895497745,155.1284800640202,-52.608882405983074,79.56778551496025,108.5514397175281,45.502440032006554,107.52939907159505,88.9867687692347,84.59393547573706,72.41421521459286,174.8817894852338,63.26875807960518,68.51709371339162
9.512891122107039,109.02891189934759,66.5540124064201,83.40542339025102,53.14708201978575,103.14268455777788,146.9575139479719,39.22205187115641,85.0946232787147,77.08976771093597,7.540801570068466,87.66345284174264,23.614690639928742,-8.388760685106078,12.139587319139201,83.26755639611099,16.583393596972613,115.59896835272289,35.25051160026145,145.32604890173587,179.55802660828803,-2.122775924995412,50.69694697518269,7.714302888098304,88.81727521153276,27.531360117737176,0.20856588788174324,54.975336696126185,19.924550133288488,97.45087180430708,114.75580909324478,34.60314528704639,45.69203586406531,26.92992444253828,109.65053747055124,44.730271733209094,65.6308937393085,-5.563184703391389,-5.301309642868962,49.54771788826045,80.89945101933381,35.7130910546381,254.21694870462778,82.52632278470514,87.75052276781675,48.26068059610145,-8.703124245400147,78.93382878630972,44.903845080586876,52.907126360709505,71.57152474137719,58.70788347818113,34.31821278548098,57.73407902717667,42.19885138065073,15.975353362551225,53.296279964746894,51.90270111970402,33.21512776433678,99.36792632623711,136.9410082034325,215.53030127575533,95.5040192460737,80.90845242841117,39.124858132396255,93.45960616217566,33.667084744456375,73.13576577599892,30.68846752990618,-5.019105660267763,38.0108058107951,26.41153366290721,43.51716704230151,126.54540523944323,75.4475716659733,16.58061712625942,27.179379435898262,82.8244042693241,43.620427098213916,59.37128531856869,52.46312546743526,62.48824031438521,22.18329160898974,57.725843178742636,79.86145944060858,116.66782416768736,63.27485139245952,18.091440596476687,54.99538268468159,217.6655516585273,44.24667450961879,-20.330749247879627,59.303823384684236,51.03436167421359,25.0026802927144,29.069446175302435,144.75088280733675,47.19666779950679,48.36045731220643,-7.17234629536415
