0,1,2,3,4,5,6,7,8,9,10,11,12,13,14,15,16,17,18,19,20,21,22,23,24,25,26,27,28,29,30,31,32,33,34,35,36,37,38,39,40,41,42,43,44,45,46,47,48,49,50,51,52,53,54,55,56,57,58,59,60,61,62,63,64,65,66,67,68,69,70,71,72,73,74,75,76,77,78,79,80,81,82,83,84,85,86,87,88,89,90,91,92,93,94,95,96,97,98,99
68.4976563897894,-25.833366249135825,-5.727941170239743,59.980342773436305,49.638345742854035,-12.572594772589564,45.61681411446743,56.26155282155783,101.33612950077874,30.259886255219893,8.674396649962757,58.880710746771804,-16.009463546320415,60.921428825661515,86.54245703105232,37.822042472288764,-28.98988026359129,-14.285529819188485,-11.229452721814168,4.087615594026903,30.701543503057326,9.000921839428825,41.578088789828776,21.719122885466202,-24.13084847900196,7.26408792646354,6.82323418968393,25.96642454306097,41.43902287768898,91.8791127319151,93.45289938140735,39.959133377234714,122.60975175690594,18.4820481641679,69.43082040885626,56.06595509420971,48.209424733538484,41.246901971606945,68.78191659450206,104.70370177234574,82.36604319088163,34.100137041270706,43.173185848361385,53.370434944659,55.84345797090287,55.400413084207614,11.008105748148413,48.16982366382598,62.74775772902537,67.07439517625733,-30.624476941292176,8.68059092683906,36.84838257669667,125.10074167832965,41.81075517568318,21.478004094090334,27.65801449855099,42.268872740440614,25.21532171607094,19.05752854574772,-21.683310747148646,16.29285576200048,68.09127493761262,8.26665925543199,22.468170802768842,52.79503377771284,48.279502996552075,26.807067922706118,-3.6812861008569855,9.446565991351845,41.35893499005755,-21.998858916273775,70.01506517035597,44.59766663730065,-0.024714733071220983,49.09112157844797,101.85091547038047,83.35768864972258,127.81431879270308,85.07889652974912,66.20393314136479,76.77674868322089,-12.779860220899797,37.47367345882313,54.47104990170371,86.03373334723545,18.91507707300492,55.555201712698455,-8.495239056908142,84.03987752594018,29.407041879928027,68.2345530165498,120.67489935698015,82.12647645381932,-1.7000718221612017,90.89454243748848,89.22053641896372,119.91923261663419,104.39314688718967,42.56089011323904
-50.792662618320634,-57.52168501076038,-80.34632248978303,-27.084407602109238,27.6403699784288,-65.20098269202748,-32.27870180813044,7.956688131365254,-62.3350602080394,-72.64724107900737,8.095521345009793,-22.419872078623673,-39.25799558131117,-27.52815978342272,-44.55458038420495,-49.1028527149615,-45.08796547478575,-59.76929127968019,-51.48173891038102,-31.475480050781762,-6.294794527127927,-37.68480414950689,-67.32856307809783,-53.49474228419404,-51.118772610919144,-45.5302424362199,-38.66651106308441,1.2915524484482384,-55.82679774710498,-81.4435635856037,-82.8385593283188,-35.02690209592621,-54.720773454162796,-22.644461841216728,-42.12487422661375,-63.13779654681242,-37.586487095827195,-83.44486745451954,-65.06426230050317,15.943400725283256,-0.11477303715133348,-4.988467299787523,-0.2945120601684859,1.5016574119831816,-43.82620399465029,-21.53052632936648,-13.113555600461272,-24.68114744206893,20.062130105220586,-17.747804391990428,-32.223284426197054,-78.54499305823654,-55.430655535733834,-94.96805328184367,-35.2075177889397,-29.32197602505959,-35.21495495259434,-27.46686413898535,-16.68640297696787,-16.50738334973573,-74.5242766535777,-31.445904489747605,-68.72671299044859,-49.51589105869529,-63.253318457691634,-62.10933204137271,-24.55535421878436,-49.56913299776064,-25.925119698499838,-23.117392378271088,-30.34111187520522,-9.583628579359319,-57.35321106903284,-63.40815678842516,-18.67532989161862,-46.345838914695925,-25.667393301114934,-7.410478357320701,17.851312148834495,-82.58468804871346,-37.20021412042615,-32.862419710375676,-18.063500934777824,-29.709499284553697,-28.61665958547572,-22.538238893132192,-32.043389608013705,-35.186768030584986,-32.86582802662318,-52.31860790676541,-70.28548762070582,-67.90130402563666,-29.782688520861107,-12.887171738956358,-38.12720154231789,19.318868819598755,-6.2216488838021915,-69.50709775176097,7.497828815631635,-14.009952246405986
6.315484419529662,-25.130159878821328,-18.551875576667662,1.1231411281196952,20.833343574016922,-2.123582878164911,17.121483176554925,12.408177421754438,-3.398737907505182,-25.5894759298212,14.523585163525434,5.8353332605822885,-13.810321681769391,13.508161592854558,25.84783775362262,-10.746399365284804,-18.356326694457234,-8.08241919177182,-41.53902135879158,-20.0814846033889,22.67541047817418,-35.808097024159174,-13.224528772111324,-42.22590488799847,-28.042226596938963,-3.5317512503806485,-2.6723256350192837,2.421734370654531,27.203062242840065,-32.446841413453434,-25.110876246677638,1.6509824366970454,-4.901619211957891,-41.60955565282531,15.509302763075635,-12.420465058192663,5.4065855225944786,-19.118775510546456,-9.906488708037138,9.8825643377791,1.1849023100595573,-1.9227474607193906,6.116415504816674,21.709132858916835,8.701601316570057,15.759230367028321,23.72954596788731,-9.937275687734271,21.52422532332033,-14.575938559198702,-5.251014454777044,-35.04207636796602,12.486802742125048,-13.744774666437754,4.370922239811523,-12.70433248863041,8.293182732508738,13.12272025990326,-0.1657928945390811,18.945342541094785,-14.102745101610042,3.966865670090137,-30.217616902472653,-20.89271876322681,-20.55368817565152,-13.822883749609298,-2.509837048788275,-7.4487547818331885,-44.26375719903129,2.7651558262548415,-17.559232542417202,-22.166381770320335,10.380623724495024,-24.95212854028573,-8.843572152020936,-13.06444367869754,5.138534078792172,-6.982837953596877,10.273685145648761,2.633416486836347,36.78360445997908,22.967969748531363,30.870594255053632,22.835168636743045,-14.003096892070776,6.156025364848143,-21.355916966128614,-39.409289580910496,1.6703277401652674,26.67485669958747,-29.236108375985054,-9.18579195864124,-39.807964001687296,28.21938854611693,2.226990266772324,39.58707817893074,7.74162258907216,-28.0121324975091,23.424812961668547,-12.282857194100584
17.150318648847144,-35.53646324165738,-2.7724190592151765,15.039079744021375,32.1422025902925,0.0576326392009849,6.231186114893165,28.113053367612295,9.299318634747449,-18.749355138366706,-20.45938100062463,4.237082013164583,-38.85658884832275,31.679612563723072,7.935860233740982,-0.9435763343108357,-38.945292991014455,-9.684273197448519,-47.19095309371614,-23.689221438098865,1.5560791929706623,-39.9784456806946,32.417817304931425,-82.62385132835814,-3.4364382699820637,-0.5203402678203263,-19.83010199251211,28.004146092787565,0.03257865875572815,-40.39197365620008,-27.750523670018335,4.828699329140186,-1.7398608212903282,-46.6232616597373,6.644544509844813,-37.59057202990463,16.345692301306713,16.624412459473515,36.526027441926445,14.683274858995953,4.277604203576157,30.112413352163028,10.106163701811019,30.84491173793705,-34.973468054645956,28.118502519108162,23.305410477902484,-14.891603588139628,28.802484693465864,-12.14154352550549,-16.222379204219877,-15.237134168660903,7.368741717506143,-9.311404492865531,28.746334647445227,-21.55531162552983,25.95389064782752,38.99072428958158,-23.610968730171532,28.583197417383506,-7.943630646482112,-4.201927848584709,-25.038715569254588,2.950948510886312,-3.554313707818821,-42.21970622581092,-21.131126422701286,-16.467082832722685,-59.42243145493592,16.460800731156414,-45.074605113961425,-37.51088973709334,9.36773916998604,1.998691751159285,-1.0731478039412763,-11.22355057851387,12.442449844417608,-2.3762776325671293,7.622066709585051,23.746101873331515,59.21766976916254,5.905237487659741,61.606306862246896,39.12453207025542,30.983060702845915,20.50675497343969,-32.795213130841965,-57.486924469469685,-40.7740614881275,24.893804653922057,-43.72109315910023,9.637986621446922,-21.544472392396194,28.31455741460058,13.506972948197685,70.44597064273938,4.566527635076505,-14.24667897528297,35.287466879957066,-44.09909887177086
-261.9600175342247,-119.95321551387563,-206.20721804341593,-183.20193616036556,23.772507191373972,-220.93542559486306,-158.0866136170671,-180.30944223329837,-353.58206055130347,-255.56239326451387,-42.53114905241604,-191.55481002918532,-144.1798656936637,-169.50103346955927,-367.12600469487774,-176.1426348343243,-140.47039542029515,-180.7387088153088,-131.05639578306992,-88.74254880733028,-1.1584024168630882,-82.29336843864003,-82.84877327459948,-259.6781457418823,-197.3889012920038,-90.78497162055027,-232.78358279396204,-58.43490872301154,-339.66974824959107,-316.5355700896453,-392.78263967469917,-157.17055745442445,-283.7449820768829,-67.16112069312146,-331.29770848449965,-230.07808057420485,-311.0901938560643,-146.7389269160303,-254.88233228555794,-125.89238344134294,-134.21374059285785,-116.998768933383,-59.44729328391177,-159.73914991150093,-197.47062775463593,-164.7677546525246,-212.83041105190472,-176.72346666722868,-149.3665689192241,-197.67793990891374,-157.19217894439075,-160.57800005680008,-218.48137363677228,-467.84908108139444,-121.55402907648123,-133.50968975248557,-197.14732883042922,-186.56973067485194,-158.78073781434185,-9.633196260423802,-149.8802882787373,-86.8499012367903,-285.16575667101637,-158.05142164762924,-300.2594865861561,-356.9864789001706,-248.83876449963034,-207.9967989922852,-148.76124956651267,-192.45579325253922,-167.45564379454723,8.3811101279788,-310.4641764272222,-224.89160692406693,-167.92989823006658,-379.6387716919925,-246.5498399499493,-139.98762670614173,-120.2546144072219,-282.89340248056897,-132.5561425221237,-218.83803667539192,-220.86637793017874,-233.20676621554747,-185.83551523950786,-237.7431470081017,-78.83137967335252,-211.72813195268913,-156.22076588730377,-228.62835490864651,-172.7078347878257,-301.0185589403804,-308.00695019274633,-300.59332949536594,-285.4083762444421,-101.63951076936993,-138.72736563848244,-398.21879379888406,-104.4956141960819,-202.21410860521462
-339.3972248115356,-122.25616654346732,-348.24190561849633,-271.5194987400212,-18.125054038758808,-336.4161459717548,-254.01213906234,-308.3947354863061,-429.52536461281557,-291.8742664801271,-68.15905166416503,-219.22015060362,-151.57149171776032,-289.3341532233888,-353.989912424101,-203.7670850719741,-135.12941520887102,-194.99901935988197,-154.76439411118423,-89.88777357317528,-93.73300045915529,-73.57636183093122,-233.74194017158356,-241.1793054248945,-334.2816843612794,-154.96387879726393,-211.08769633456342,-118.87375230271083,-374.9412898932947,-373.94520547926544,-417.4540081384833,-179.64705016977467,-403.1124856050935,-33.084901639714836,-370.12749532454916,-225.11695769642785,-401.59921744828443,-368.7025525655258,-410.00415621995074,-245.1333853590084,-137.55656338780605,-123.12145102437344,-71.50659237479977,-254.7899183364455,-256.5256501233523,-277.84456479753334,-268.7603278029487,-146.5962865750622,-225.47768042186473,-204.39097900843902,-155.06902480869988,-175.13007994931837,-266.71289609909456,-470.92096860904786,-173.9451009919578,-121.78596734296534,-184.96740440793545,-352.552496384232,-137.36607171094008,-124.0508719547858,-194.05731360127294,-147.7368667478837,-363.63204653353307,-155.0424701041055,-388.875324928231,-312.2520406101948,-237.6983589419764,-218.71571775253267,-62.019835870907734,-176.32545045474043,-145.8661278209567,47.063917318792996,-364.01028161536203,-219.22696155802083,-137.51784879544545,-399.81128280065457,-309.7439488133445,-217.59036542764568,-152.27735595528713,-423.05684771555553,-297.6704293448916,-327.5897475143582,-253.0769367386151,-350.5706278484003,-238.02224072849202,-358.5700552482524,-95.61545707572093,-165.32838225156584,-209.86046364076466,-240.52160286570404,-265.01811612607725,-387.3716381843801,-344.2533011374452,-301.2183961152608,-311.1723710599457,-210.6274589677238,-158.78689792468427,-459.08615269578826,-202.3463644676657,-143.08896995433673
170.78201014912094,-219.41441961765116,443.47547633793914,15.0078490627205,140.0076284922526,595.3759292250313,183.58801177482067,140.2675721590069,-306.77999576189194,-56.44147001120941,-156.17275683794807,-270.4970101772908,219.8737259365519,88.06538009172539,-372.35324419843295,-49.86341432301296,-452.64428298525456,-31.742004082715958,-148.24846991208173,129.11972238361298,220.3160706615213,-413.47124785910574,330.21737929117074,-850.2406984936614,444.8082405729796,190.58694826312208,-482.97836264488706,360.75485075123476,-38.41056176631179,-386.2351552793732,-200.15007682706258,-241.91199140814666,42.70447191905602,-424.3202887831097,-47.71524291895009,-391.6428414266826,-128.01715220143237,86.81850128992255,352.722491719204,-16.913840124921812,-333.44441284076385,-1.250496715063472,-103.9488447171757,342.06846454373186,-416.53774072677965,270.4683647306784,114.26840956354131,-496.65196902021387,310.6244531925979,-286.8763137820699,264.92742128852274,-247.7501394951253,126.9215934432373,-439.7609980157019,333.3326007430394,-483.13724524700393,5.237609569722592,868.4723720303122,-510.07964696812525,574.4579709081848,-11.700608278229922,377.2544356658228,-142.3487167982896,2.619317041836682,522.8522974075396,-391.8654979189443,-75.72524935315525,-273.758780756298,-543.1579377440889,-41.69230396444753,-548.1661344625821,-202.2413697957059,433.9602551747078,-232.81661936341987,-29.11843881079048,363.8270940717505,-171.21720857330916,-195.9166069754503,-410.3363710159009,110.13431811276189,398.4118195759168,4.15323001780917,117.72742294026861,694.1604124691571,-149.66922564907821,-111.26475731376446,-140.47304633125452,-611.2816147727854,285.8445570042675,119.34873786304219,-157.01501071649957,-23.298583510904717,-389.1173926318032,154.89647155038665,189.8504670830143,444.4868357629435,-128.5599567034707,-39.00546935441328,-32.602521981176345,-545.7627670279578
71.71975348921058,9.834647823389725,59.0655103021913,31.611247146333223,-13.9663338015315,58.873413327750754,34.01194865923043,40.07768659017662,90.4063102054565,37.83669588685523,-18.531007739227736,28.653045450216435,0.5371906927628343,50.316796487716935,27.658217578600716,31.538854406489847,8.613909171943847,32.90793958227426,18.16482904175457,-3.0093251559448357,-6.4721260276498125,3.430740561192209,54.69326541931525,20.404825790956234,46.18409980384203,11.813213717706518,11.95690662176649,-2.1745525257933527,62.63669143298327,42.129868439290256,74.56902486770613,38.43164584284747,87.91248125363808,-25.70395750495277,47.505161597435425,31.699989818405985,62.863598316128204,83.67157657395403,88.7640346276318,4.77898204381829,2.0399450661088676,10.442456472391783,-6.706060200103251,27.1992005099144,9.524235985827545,50.63936018274396,28.154807776069443,18.513388062828472,21.331990789062406,19.182566509726303,12.45313017886795,47.93138506559451,53.91281632561902,88.24122352295774,50.3857121070123,1.810304525606502,33.404463774011255,47.12684240553555,-11.809077082501455,22.073845815831266,32.98689363357306,4.506570489714756,62.058832517206085,19.052416480697623,55.070346800094214,38.05761714850377,10.309440939915708,46.99392204538138,-15.419739120077166,36.63622542678114,-8.162880227016656,-27.77288427386609,71.48406619632046,45.56958760350759,18.1926879678416,59.98225583624219,51.870542943719535,31.34574241904684,7.270309291577757,91.18923401580102,41.80154493740255,34.590076182004324,53.13781563240019,60.06402502465557,66.74068749191274,58.51191364622521,-5.919842420766571,15.155406881783092,15.361949324555395,20.628603287809018,52.531626724418594,61.25773742939637,30.146949493086087,38.44692542813411,23.675524219066137,41.039848107549126,1.1048384668802451,83.26133990154474,22.614634870215752,-17.860873582642895
132.45809254917208,5.358290007740616,20.247031322771885,13.686238683182905,-48.74656890983635,76.49363099074057,71.49587407792288,65.06501387432553,95.74680771023276,29.04440398210904,1.9422653922386157,21.775549038588558,92.16216970451572,0.47170116880718926,44.88386152524893,17.866858226386757,57.31900776008604,74.22308121053663,69.84307074114972,34.355535258296676,-4.4600102736224905,24.2921455533831,-0.06079528332650694,161.40699195730724,61.26851286379478,-8.262176896100078,38.94265139824176,-37.363372089965175,49.37329195322529,68.62561383825437,84.47039712521757,3.4559416587549436,99.02383025193505,-4.576367053130509,20.74671455066547,40.30129089515859,22.23134671071006,28.136863576957026,83.4695019522399,0.11139759094976535,-25.274077312081634,-20.31204498824991,-27.86273444962419,22.521972105356912,25.95517118721946,11.485425091345984,-38.44897935428137,57.435712722080424,39.85205770993114,12.82196026596585,52.71975042788922,55.360874640228786,30.87480584952329,43.22311723372509,10.312734944089248,15.32395442135473,48.48782872812231,75.59562755464513,28.934043271526754,-30.113778947968083,26.666524814724077,17.99490489183093,101.72967308946721,45.021908850279665,98.50251525380038,50.47974227843794,67.07705398992962,54.79441848031817,54.78458075837803,38.15672989755284,17.606883945119094,-0.9938256771133441,64.68842472427721,58.772673430421484,32.468840441497456,109.76120447051788,42.0331825606316,47.51322143987603,-15.838164654509116,92.05752376068698,59.02811615834054,29.62683931511344,18.08238287877556,34.72403460477302,38.60489014899065,74.83188498259712,22.732245942111494,32.92251989668906,80.25976167955358,10.678604357148775,29.64393438731853,0.18507646082763635,76.2035616535296,11.638604525893225,93.01605939394618,2.6828218543067988,8.726792851787698,88.89784588385615,-13.250025218765849,13.056384823033142
-191.36615446955528,-65.82560339718935,-325.7088332913014,-241.1529153542201,109.58343664105844,-223.84349580688308,-174.70985597680192,-101.28345688615414,-322.54077427143267,-245.81479314770806,3.6018314332549557,-160.97459970280943,108.28838409968161,-304.7305448742853,-274.5469052547408,-127.12503019857547,-26.761905868580165,-71.76668030524718,19.818557343970596,74.89177252087325,0.0790349171093258,31.648972382282523,-230.07082586112514,-52.149175097253966,-161.66681179274178,-15.492517460068145,-116.98005193276148,-59.00516513450241,-322.25298577697805,-213.3981423887706,-336.9306236621458,-138.1450928538355,-316.92009942494906,101.40255124473316,-310.7499237943997,-160.09412635904022,-246.82099699154483,-409.62728745975966,-364.99165548660403,-164.08826129558642,-61.64259483972094,5.063734037533341,-0.48144335971323987,-93.16344252291933,-178.88218686829958,-202.73759358414065,-222.9475313608959,-56.40402063513807,-91.7840087781355,-124.95032729925732,-16.187756454347916,-68.6381555845708,-290.13957597636437,-367.7778990865021,-15.287359514413811,-70.44978204258355,-43.29904750822268,-201.05219703617186,-51.762396420749866,-13.91696219174197,-200.74545809317775,-25.157439568169835,-279.94561868032423,17.922696229906077,-200.59506552492405,-199.444044761735,-80.59152546847929,-144.20818740941078,75.60082147699254,-115.33993271733199,-38.33293929980717,154.2441825911123,-215.78608851905508,-135.15236146067966,8.98681538339137,-236.9616649245341,-262.3649541094692,-99.58208043618254,-71.1410079286295,-349.00837087647,-227.8548490408811,-240.97570732669797,-140.03021710187255,-256.2105676804279,-186.1637175696258,-205.20402844704495,12.453674644057532,-72.30534221010804,-75.3734932337672,-165.19674024024647,-199.43253216950032,-347.89677577333464,-122.7831635508358,-155.48103049064352,-93.8497547030983,-171.41733117509978,35.24628556915026,-369.3929982006324,-145.63185676028166,-4.006812803026436
243.1523243371038,270.8149011270746,-60.98582862463361,16.049913592526146,118.71303135361207,626.2096674070991,-269.8664926622853,456.34386022149226,-191.35995256495994,-213.9317495974578,207.76248942998672,311.77370292210054,310.8724552068602,68.58804814092238,240.43218896925518,265.7013908835338,565.9348449895195,443.9106166488981,358.96290319924634,-16.17688525293471,308.65133715353505,321.6997097215147,-41.152833244073804,508.84028929285836,1037.9785320791086,138.85244329095417,503.39847816131146,2.745255206018064,45.23309917502532,-102.43476837727987,431.7425877402033,539.1649336301853,-180.00590955307828,328.6171007533751,185.11458880034797,168.5691505489022,-48.48011876439174,-175.38707623626377,355.12316907189796,-304.63962737080897,-79.24238784584831,132.49338400522356,153.05964244259084,187.26679768473244,17.868893226059917,-39.67443131579948,213.60236745342164,211.26193105202884,86.25304663706312,22.479358409106506,166.42692253593407,204.2607421942224,-50.44647323848245,-479.7201613443542,381.8574463584746,251.75176038743385,667.4381224604691,-73.8477165712844,262.5352346108054,163.6228615257056,394.2396469434519,-45.42615898909592,647.9831992418419,503.2590392554626,591.9644732236222,71.78799046710729,-432.1221156938703,210.72899432755352,24.972980061322687,663.3000584287145,99.95490255630217,430.2972855398121,-119.35024550971663,229.55623985240024,428.7717879093606,-90.42123063520785,-422.83164959515847,167.276289617139,-109.55128036049801,310.1972905963225,176.12660670140704,394.3753318950002,802.6244305658705,-367.0882572936245,304.608518298667,587.4914108758257,233.58026779307127,59.67833029499449,-389.94165863125926,-221.95710251116384,-55.01977471898672,-108.5126691930719,30.878612392434672,-123.70340976492399,96.09224029074298,-71.59243483806016,134.88072210928001,-366.5802841971805,-53.22579259340972,208.57912962296814
134.7866571689888,14.823048743103517,87.40791138729912,54.30033259750575,3.5598993531289325,88.67857928961286,134.86420396322774,121.39352695411226,157.07900034791547,17.23072343891545,23.001596835867264,50.50798431819027,53.65569052017588,80.5048700570214,91.39501130969069,32.90076412622304,69.5716082865755,61.5644687957447,85.39309896808533,38.31696539206275,41.40350893785325,16.917509930076797,66.70047598883376,133.40595582428458,54.41093927559702,17.088656126842768,37.92069148655777,-17.630837260065533,126.93580187277931,153.17740008693542,121.93852053519232,26.329896843956455,187.74607661747493,-19.04960581353754,40.48918341773716,50.92837529580138,187.0439782015865,183.71233286633213,140.94591826523188,5.887595096324494,22.221215688847295,-3.488610134864742,-4.091827868416135,109.48349781531634,86.150665840024,63.544699006702004,29.61521391188249,28.106107507380447,51.93307240478431,68.32556399787245,77.01714435331812,97.02842889806085,33.26716749499148,148.00008416136924,35.781712388075825,36.4287484047755,36.543783260443604,111.12798853310599,18.865119081013155,51.72319083383629,44.55356777590719,20.471737473892716,133.07466444060836,66.77973994142064,136.86007636329288,83.51974217059731,55.4732155668353,63.085958597746945,22.737492436367287,34.677232624238265,15.854417545380212,-18.381946842455193,123.19361154949208,53.544955232107036,42.231471762055584,79.90929496067066,72.9051311732196,128.68022986283202,11.883581752490102,170.4756316802498,67.91149662940717,94.97178508370781,79.8246843382953,104.11428991671781,75.02366033549144,141.78530477104778,-8.025401079530761,47.75954973061491,79.94049598073835,14.794863392470655,121.08114003037362,121.15287344623367,51.67571244499873,53.78267436672521,59.693378496453434,98.78858961587547,45.51859883656511,104.27805463200039,46.449782830052705,20.76370059283512
-1279.0473582334664,67.95912921875434,-1826.3985376742376,-1813.9806500816771,-188.7402739508731,-2024.9677331194907,-963.5505942003244,-369.7982723504344,-2092.704734971908,-1417.2324562185781,3.642668407341688,-917.0882700624711,-467.3059455794383,-2586.8815586944197,-683.1945188615997,-1165.3829048019968,270.05604844926876,-585.5302369666033,-480.8096397873155,251.06573545250112,-653.9471005163683,-529.4918513916555,-2093.0604422188653,174.67678477565434,-1835.7429779153508,-1175.7795189921046,-18.653300541240988,-1184.0286438043474,-1693.055695339843,-1662.10487574322,-2419.9003108714237,-301.9629224644635,-2391.5724821666554,94.15808427335536,-1940.4230968070206,-740.9984934285966,-810.1635917866104,-1994.4036200734972,-2138.7414085743726,-1261.1502484958598,-392.3327902737706,-381.69973037185144,-338.62232891282196,-1240.981904290567,-824.5793310805891,-1447.6566445028986,-1783.8644838329606,411.67061419573236,-1309.7335307216454,-903.781344875806,-881.1926964895341,-377.2749087408258,-1876.0972472554906,-1677.8629557583652,-396.96524226326596,359.46539044573996,-507.8119739776698,-761.7381496226689,236.71826881279785,-758.5428080397601,-986.224692895471,-1100.482837385693,-1256.0938816006976,-207.4655326120305,-1647.9928224857224,-1378.9041778821907,-823.5753530307063,-423.1439548301831,286.3961436662164,-484.0416101824701,-295.4971815926791,306.96271401482477,-2886.3833632678134,-429.1727583222013,-549.0918050023932,-2428.4005255131997,-1890.0812281303477,-776.1013261842908,-742.9138609946023,-1889.697211700907,-1366.3398869110367,-1479.8038724176522,-776.2965178600019,-1294.4647589555323,-588.7155798631538,-1194.092365403678,-623.4733478382221,-664.8475876609399,-1316.4881586369709,-1596.2654810400102,-1255.2640191603718,-2101.471425393374,-1013.4450450598581,-1911.9498987641716,-629.665125189148,-1391.7593487886168,-132.58106495493024,-2210.03833806618,-1563.006128223315,-251.23223832993023
-65.00060366037602,-36.69474194977349,-38.244719912227296,-28.343383211981994,83.91816196870077,-60.364630125905975,-43.60810271041416,-34.2192926815975,-84.87029391914064,-14.82294996588954,8.175834116093657,-32.666602052315895,-65.49489834315663,16.11447817089552,-64.68294495158682,-15.122266140671938,-70.26457866885781,-44.11475042557794,3.217096156939119,-9.335056914313043,56.85585722308003,2.9071920456350386,12.68377541601319,-106.51067676697528,-44.84806832361839,42.30448172608052,-49.67347653356445,24.82346011936697,-57.87167858769372,-29.061474498445616,-23.553272925827795,-9.637385229448038,8.456976548865377,39.0923949402862,-86.30703649792135,-46.779669554836374,-93.87577374762691,-82.39537195682914,-62.58463058318179,5.151531861631697,23.517498053917606,14.785186309871387,26.429023234362326,7.64562443698722,-73.10726059907904,-27.055462385077544,-24.72772533577423,-47.948351350268744,20.205343855575176,2.0559954554519138,-37.922371990172714,-49.86607074216728,-35.489062063195355,-84.46041027907748,41.177173587774426,-45.46402518913899,-26.260640266330675,-65.0546256731152,-55.37805551042694,35.90097293702653,-35.56831249586024,15.245156145441932,-48.11533403196681,-12.04605447276992,-44.6137084899926,-34.602293266779746,-41.45180441484898,-46.42826078107559,-6.920023698846328,-25.332638909639563,-27.455059165649047,18.765109615914273,-17.559877990981462,-61.58301977260388,-19.329300642321694,-66.32979519102584,-38.979405371040926,19.959205704810913,32.12073660540854,-55.78095652792271,-12.113126201539114,-10.002482322587456,-71.35811337582957,-57.50333720940078,-25.391348334655294,-42.72273872636961,14.651784895234098,-16.424872459556997,-67.40862194435748,-9.201608366169951,-24.404062227755027,-31.70071061148522,-3.6181871362993405,-9.204641164790267,-102.46405141479545,21.042136382641033,24.458556821979297,-59.3338688852721,43.05133237725159,6.058167932959461
153.71740919099716,-489.6288008619936,-251.25901611852433,-235.17755171675472,165.11181696172324,-395.06441590535076,-115.16837607145241,-99.91508065730442,-150.63665910031463,244.5360046174839,-174.26253649274403,-275.28767712665024,-253.08473316557877,-226.863022279377,-540.0421082120992,-629.8782145451524,-670.269435728392,-766.2672509494065,-270.8522541518223,-593.484394893046,-223.23703147593517,-176.47805284697137,120.9829996294014,-452.2929295207352,-670.9784936201547,-99.32424290929065,-782.6670291805788,-170.015674380502,-114.41613150679454,-286.20493221580466,-62.22212181165421,-312.0217609717541,11.647350172181941,-217.2313273656241,-322.6759052526985,13.892912783740396,-588.007563108495,-108.51928133263259,-198.60610921724296,194.82973162428752,132.83417441627427,-228.50255771601397,-282.3599863859725,40.82650387014822,-414.6263792438332,-212.3668226514522,-600.4520953794554,-112.39689366845703,-4.764400929839135,46.90024982125708,-324.181675081937,-524.7319730689608,-125.0224780369913,373.0652690631483,-457.49551530418483,-321.12213213195827,-611.7617607031652,62.029302717904436,-685.024373783113,193.94642692138487,-934.4934498113377,-113.79438860511927,-272.9679261110556,-847.3161910309224,-215.98250544073312,-145.12667014191496,-161.2663887373414,-388.2405678809267,-292.7793904136522,-908.3643190478288,-367.1180118602217,-243.01382968304253,-261.8330506126466,-518.8880842816227,-677.0810138752344,-162.56711128570853,-32.0735940443049,-87.03769884209837,506.37647884562193,-192.77878979424293,-208.07526053242427,-365.6672144430289,-922.1068932845973,199.81747259520054,-483.73655068524306,-406.5156186355675,217.85247373615164,228.3044619316493,-230.05660655688797,-164.93613913179726,-167.8057114512197,-19.343502353826633,69.89463797483315,-190.37919399524338,-442.2111176940919,55.86750279014793,-61.85198847006741,20.57271645010019,97.51319364259483,-259.0150694598229
220.51290528240352,104.39562614800057,267.68951164543944,170.6139649152462,-1.5464732197223567,238.22619348941436,202.04097654374615,160.3362776895864,354.7865675517584,253.78976081995967,-8.301203052268763,109.73214134094431,34.323503535241066,194.57553271246246,193.0787909458948,173.2160243060924,108.36358973095149,206.3711885786635,176.31550572578772,112.79904980245647,15.38571172377436,38.59750380794327,182.97968649672205,242.25881898693117,244.8383204871625,0.5642634923074482,154.01041479496615,106.07262831518237,275.90974848363544,258.9209054466881,283.23510661954487,165.4260206072239,387.6058782165455,-45.176009315803064,211.20366923107866,94.30881980064883,389.7500800625314,322.00894198752354,260.849519177683,87.85562072898843,43.88977837695372,77.58273117968524,45.94734353198517,153.6475562731917,177.07471764210192,195.04888312965198,163.1652454060887,100.11693988573303,142.4749431169688,144.04104488416252,67.35700827399441,194.9954520607956,190.18638523591616,339.98142760647465,204.52473061984662,87.23082676508577,141.41462762932665,142.75372382252152,70.78763363617222,18.163587560112795,204.22698919648798,31.448486278932975,267.9284323571421,132.8767523285247,309.1471253899489,254.2051771261204,184.67700598579947,296.80580201694454,108.93455434018821,162.59999725151258,4.540400455979178,-86.526810631563,296.7199096145458,220.37018547566305,122.00230745245872,230.36327918091578,304.7762582477313,215.07029825015266,59.134984453609384,296.15060715118966,124.07649070964105,264.88461869523957,162.64502921143026,240.89406725239053,288.5369402449744,250.0862658340714,9.974453718923229,80.41910658859958,86.4822783736155,75.81601331328979,240.00145918876436,234.0123930361134,256.29728936737183,194.51838092785403,187.84811015180662,150.76270622229544,66.24709910305495,304.96928569217835,146.04883927478323,97.67155020643249
615.0768259147137,47.57665334528569,1918.6729594886829,1038.2534153253414,-83.88326455148533,124.41996084932842,1341.7497731347974,131.1146550606263,1750.3763969113825,1365.9697210117365,212.05091466884488,266.851238182026,-363.9788006304436,997.8637634010717,162.2946319689115,301.21481047642084,772.5070191097348,-262.8201929017791,485.27185130622087,-1014.5518299102073,338.5131222046137,774.8111941372636,315.7059933024894,1662.1535647696842,-434.52919388597616,223.70554271497207,231.02045982403922,-237.0338974752244,228.3732290374314,-26.562858746944233,547.0597822053089,845.748851251896,911.244852815659,403.59561217176974,488.79380691235133,725.9476342361594,971.8183925266903,387.9209449913988,1225.8434828604952,857.5091084030627,1116.9548292769814,81.62853626611451,-114.28965292151179,1336.2261461434705,951.6433264247754,464.4868338178166,603.515739732505,1368.4225641783944,339.48174537718813,460.3902505825155,779.2323609789526,154.60109828755628,1258.8169002872564,2346.183034470565,-218.62338667928566,499.5221811908543,-83.0528444488253,621.8051770210085,-106.6984254110653,87.26639356851564,434.70981805026196,426.1428389234988,1004.1537747221829,-442.09600345618605,-315.19093890821864,1187.213748432203,227.57397170440905,1712.1351838064559,311.25422172669136,-27.085166198140115,574.4815280663406,-159.67497804747498,716.4777055934121,131.5322304425374,381.49633076222574,1105.3417082894582,838.9877981322809,113.55011675371166,1700.2863002181903,1122.3544135164298,311.6061589804626,1266.9267196778821,-1115.8728275700048,1998.8591466177197,1242.3576718542824,5.3041487341958575,480.4425405351089,1786.691122122226,103.20312276956899,416.01791109867895,1057.966723272851,-27.850791522324766,1153.3414350950134,514.2972134280191,-241.33635707653474,757.0931456501054,977.661641099661,1225.815313498838,825.0004594973046,247.12741835887783
-73.41704514973699,-27.09566776528479,-282.63501274212945,-121.34591910243698,198.0648074480489,-106.2956051630435,-213.5237779641817,-80.95986695475865,-203.68853429240312,-72.85346715443188,50.120579468407875,-93.58636519106665,32.49904348282914,-59.3392798603612,-237.09991000803998,-15.859415753975522,-38.01058352283416,-20.041829296841996,-0.4079323298302506,254.50161965245528,80.76156409094791,54.16709130664147,84.9807270155484,-159.25990324329146,-28.982208793410802,89.52749489228876,-12.510943318827502,55.28518176945792,-275.2177308317446,-84.7771646977152,-207.65634375351007,8.12618827846367,-87.06726430305677,158.33303920705717,-121.68034819036522,-79.11026011451429,-244.79993129095925,-115.38777058634473,-224.06937244415695,46.127131404929465,-20.836008844831746,0.5436877306458807,84.95380785060006,-42.85284020892646,-133.03167670509956,-168.6636239798065,-121.39282373223666,-107.9979810366298,-55.79820102350115,-43.41769183326723,-48.11845741293544,73.27098766693395,-176.58831277631356,-348.1145535422121,150.20543671365988,-124.85303992055606,-37.4931741180752,-126.86459837760655,6.682249138226195,6.3596647004904625,-40.63522237310981,55.0241115438705,-124.42598975251403,21.183574349101146,-61.97763545769221,-103.46346672567081,-147.13954691115237,-11.239130522553877,38.25389538348567,-104.82442642376509,0.6166491031372524,117.71074493378246,-134.83394064045305,-49.36539402272601,-49.50962720010432,-183.79576952135346,-74.80451449715292,-13.73830647391264,0.16139286933756364,-206.1440747375504,-87.80516682273154,-77.33803591879696,-89.0539893535482,-245.73219936114825,-131.89063666010446,-195.9072351023535,41.50228593536801,50.13966572400238,20.874122674668303,-15.455848388829587,-144.14016621225005,-75.02276012749014,-12.200133251901525,-117.78773124694456,-186.47346140137788,-134.75723384221988,9.785871162403351,-198.6075180867646,-7.334995370945288,-2.729629509142129
-961.2132244707757,-145.23200197754628,-661.8405942891982,-405.8155869912376,-69.5627083141927,-581.3876251562269,-513.0849929075446,-662.3502743831649,-777.5025194932766,-616.2198086558071,161.49491470502,-519.1506506470369,-59.04804439724167,-482.8997693343275,-608.3717911286569,-291.6652292469992,84.19253203161728,-374.36395858574303,-53.528246124274986,-102.88346751986695,-133.13114596489837,152.79003577536784,-647.8853607561938,206.49465012215805,-703.5386964537116,-446.86353686871917,-93.4776379389545,-338.01759107681175,-701.0664185962694,-666.6050497162935,-734.8335830839656,-395.495823537272,-981.2368505714151,233.96853588264523,-598.2219683686299,-379.6137919097893,-764.4000079294916,-937.0703865532633,-801.81812508752,-448.640574946033,-126.72600663249612,-230.86972233532842,-84.13222183205411,-370.81289247151807,-50.59623543555682,-690.2001758503852,-473.92625470942,-296.5824256809036,-535.0536273828391,-155.60555797060866,-133.01819269900724,-419.01769236978214,-853.2937915693935,-921.8987824530369,-496.266223536886,-69.14922740540923,-555.8016593360196,-817.916716969035,-83.053776416012,-420.86850183836253,-255.84721110491324,-225.06558537803178,-545.6212119585467,-408.0124587580957,-845.049100449033,-365.7678571821996,-330.2084811081156,-380.39295548592355,128.12530942202412,-451.4499714324782,79.88622316008585,368.1288424034249,-1037.551471461713,-334.9011818847875,-22.440645641182666,-988.5068630642179,-794.0695225088857,-223.65027717439156,-197.15475993039004,-866.6785374815976,-654.3450995736712,-435.82713850307215,-651.7023394838233,-839.9355003196885,-539.3642498161537,-749.0463940964888,-0.9508409817283451,10.434310008153558,-311.27105862500275,-433.73794726899695,-416.4095945819413,-916.221562718882,-587.0252746243199,-617.5455842338075,-659.5386676704261,-696.3500132256938,-119.38273954181703,-1063.0881723470407,-417.3483825601021,57.37724465531379
-89.67515260785419,-2.4312719701025243,-190.67359136088152,-91.39372944346685,25.705101285349446,-117.84201518993964,-98.61596013674922,-98.59230057028638,-180.64416958831887,-146.56560752961704,15.101044423884757,-18.89028885017333,18.617444444815877,-161.3437577230264,21.128358161762943,-68.22825990426391,-15.0386858286552,-39.977499423822174,-24.850462636517356,13.895952821696067,-0.4545289005493667,-15.49166569622386,-170.11515073192382,-25.05519588704486,-138.93597673718392,-45.825135977934146,-6.5783929704381805,-16.700083101361503,-240.72346776810116,-87.7296141759619,-184.43940271443444,-49.2832487822021,-252.360590010087,67.92264743010591,-99.43849967159427,-21.048111918930967,-124.52882402470344,-315.5486361139957,-130.356134320573,-13.227612915002059,6.942544369122398,32.866589199398746,8.238017711661124,-46.42189838479976,-28.84502571749061,-27.9751497032133,-30.638096985283635,66.59104719534348,-137.41008243777847,-87.28630443699194,37.63666849180609,-14.682841487756845,-110.9716182307126,-159.68386708356044,-47.014906353900244,25.89544971440054,14.470994677239522,-32.863379076976216,55.172574609525164,-65.24267935847801,-63.63605022761077,-5.829687013096941,-166.5973640545588,-25.503805679747295,-127.89675243037289,-63.37082783847443,-5.55479805355168,-73.267196869494,-5.904081217353565,-3.3937907948353216,79.65148977250063,78.02645254800326,-109.44213831216022,-29.88115703497158,-5.19717555414167,-103.1583441841449,-87.56109980564896,-90.57845474814206,6.4253924478913165,-199.58914709043623,-70.61494285807656,-91.6825899276412,-73.0971962194534,-181.59973093189748,-128.73876194928948,-91.2871612240745,-14.042843309134229,-27.332721882833187,-69.71995093765729,-16.82295249287155,-109.23804756996675,-128.6110803460036,-101.22269227696214,-145.08204621688873,-10.044894815628034,-90.20878415260557,47.894724503743525,-230.91608338091933,-8.318832506552168,26.830484193978943
-162.19118271899177,-44.03961261942762,-121.23326579822054,-70.25431560486341,30.74165290144135,-99.67382472373966,-133.27802188173283,-145.10408442213628,-217.93401609656678,-155.3377493397887,-40.09838971158689,-61.07239728578775,-161.93729356500577,-85.21534315184851,-105.847455319052,-12.136168059074095,-95.22609998742556,-112.54757319296544,-137.1330839523606,-115.22540256254685,-30.454488489400774,-49.11956177563421,-75.25533913829845,-234.9984447758668,-118.69711795180588,-70.48570661319104,-102.88306968571618,-42.74266291525777,-165.219852027421,-159.16087209783717,-151.65802616291452,-58.6349834260358,-182.77458486500342,-2.2079113354928044,-152.20167904651873,-68.34857563416223,-270.44790293278174,-272.1240657352068,-103.79064754439679,-27.080944681615488,17.219457855811115,19.171465088583865,21.250552372542867,-104.73237258931906,-133.8427033606897,-56.98128355643643,-40.433644108050586,-88.78848722173237,-141.56559568225833,-43.54800809284172,-101.5243114690419,-172.34305705079547,-124.03952086183087,-203.53413877112942,-59.57614103191506,-78.43205692117806,-74.3344431689917,-152.59614732716344,-102.96830460167587,-31.76538077089496,-97.13096193241617,-0.6083525726814782,-168.34718478226105,-103.10572178759531,-199.5918075132658,-98.61235365668797,-133.25401286832133,-156.18156993212443,-111.62832479416261,-55.798042561586975,-34.55568981448786,7.495651317915256,-169.5566676657433,-85.33389074455441,-39.45067227536969,-173.4675187626572,-173.28383459935935,-97.91529442767111,39.9244526841548,-158.77847097549093,-109.9327405180283,-82.8115637111225,-122.99045201332281,-175.15521937137203,-57.286107216455854,-142.9016660921078,-27.89961912795521,-66.44953766257228,-157.71294829194355,-13.716770746196715,-116.08424542955562,-128.41325567149744,-96.38388207632988,-78.63615640588621,-211.52895265706047,-88.33028724726567,-24.813907756780146,-263.39761825916077,-8.08978293946602,-62.0040307654364
77.21856619529376,-38.58409042060838,16.601375422692843,-11.374910512661256,92.51204664173171,-18.920897955467787,-24.99958657166967,26.028536019934577,-58.91234225491491,-50.648988919043546,5.14059629463214,11.428570277410138,20.565094772135687,-0.41841162795806824,34.42784339558939,-27.476089273101845,-107.05567775824126,-38.46266951145006,14.8771114100618,22.33336660565358,44.51131845154332,-38.615263110486765,54.99720121560434,-134.42563142730796,-23.935151148743284,1.4250502590913605,-104.32632217926162,86.06290410643167,-49.481137492188985,42.53100210604273,-5.584242183456891,-30.06188867567626,-34.66156188418856,20.079189287332586,53.45505201560692,32.57607237840557,-37.13644521080932,-59.805894640263546,28.48799914658465,66.35731474806035,36.76865749272625,43.02889314349477,15.623791776443872,118.30974039026997,32.345699182832725,47.36348499971379,17.582250142861618,-44.38665159474205,-11.181555654762576,-49.14505088722374,8.586725438643695,-43.481920807958616,45.408409717102096,9.220799332994398,55.8888071384163,-53.98478853878498,32.708335209940586,97.89520217960549,-38.9650337339359,104.24960129243996,-54.73197493011172,48.983025092041345,-27.16270767570321,-17.468602004213825,-2.957869553674575,-51.6374118291718,-11.171146222192146,-59.214795399693585,-68.96836119201924,-17.88343745794885,38.94944824997063,13.078070525970727,29.007556507717293,-15.712088140677876,-28.996214586966875,-25.412217680614205,-1.1883749652379783,10.097272285005738,52.35308043813813,94.8876153478327,104.2505234149781,16.6629588266477,-44.62416553339812,22.523166614753496,-66.81158247998066,11.379192439737974,16.4522566482208,-60.00169645992289,3.4202399487468576,107.71401784989413,39.20667936289952,-2.8794343190850102,-77.24182501463886,39.08821975801452,-4.4662082427557905,59.33360591205735,74.82328654295179,27.236739246549053,116.03868057552066,-9.488684357063264
-113.93245473917419,-16.95705964318289,-30.313906383187533,81.77453772195032,-74.565426178482,-43.850795096415744,41.88794191272993,-61.039579860161886,-72.30634748639619,-106.46180843511624,-107.35197186540563,30.23899281047054,-169.22504880858904,-48.483760260796124,54.882038537232155,-33.53657851906005,-68.12671496182733,-53.55109856033193,-107.35371831775453,-167.35574225723363,-18.878439215256748,-177.3776031419938,-83.5691482670448,-188.14502427695592,-183.12149683697905,-117.89976683309416,-124.99972421309117,18.636961708701723,-91.56693119590769,-137.5686738421868,-227.3917655406723,-106.785442934694,-184.79315090957172,-210.44362987307792,-105.73436481236037,-25.40537754100375,-28.77579953397384,-127.33400676155915,63.62752455989878,-31.538041071967058,33.89339189854866,15.234147465456566,18.781165827876805,17.766661292574735,-18.574140701007437,99.83752005709803,34.996880253498546,-11.604128915182242,-158.3961643504522,-81.62508563287446,-13.84622527731508,-103.0813958210745,-22.115806826749928,64.53359432824503,-24.638976210084394,-40.65906739110083,-41.98924672574369,55.35718936092506,-132.82162138466995,1.8905763181912467,-23.669359353319948,23.10274506840163,-265.6944429111779,-153.07133933877978,-314.4553280899998,-149.18712664373962,-94.62619703875514,-89.36751342460597,-233.6633889828487,-21.834128999584717,-82.4688664458467,-103.6191898157418,-69.80438574473136,-81.65908504545021,-28.15558062477213,-190.80389233734607,-55.93499440956633,-91.97327955920458,-8.562664790780103,42.4287539116199,94.9447558364617,30.29424401204712,9.477667766665748,-36.85762439403809,1.800923300048714,-20.921152758359298,-153.98896182738812,-176.42102864192884,-193.28626283522829,92.43900709571693,-86.720138905441,-86.01498344534004,-152.46324782966232,-154.20034647741483,-106.17639190178274,24.0263035456077,13.09214252535328,-268.6425889270844,30.43657260320115,-167.66950797270212
-25.859387417591506,-66.58403956586287,-23.391718154506222,-32.66751497192285,-136.49156369288013,-10.444049884539304,14.619560108877879,-134.99418814227576,-0.7573102780748271,-46.99894850032016,-81.90021443789706,8.40182813287551,-153.95475485754727,3.6360584180547284,94.64159141832057,-3.7633257924508987,-54.43967014648396,-24.441038906777173,-103.99998633994058,-132.12561126010556,-130.38548664351677,-137.4376496690096,-24.697089287942042,-185.38967739870893,-167.7804455599382,-146.480583106243,-26.58142491828281,-94.89972904816582,32.76361312528681,-74.48341809987134,-59.4306879567368,-9.280674918026467,-38.20205125158107,-225.63433628246733,28.87210824317558,22.167163903940327,62.04639324153808,-86.38299511996387,22.12806440131438,-54.46503924239187,-26.939356113452558,-48.39336612714998,-22.752484666547755,-70.04878622472944,-9.832966219078232,13.077653893528728,68.40315511484269,-28.498354038948502,-90.01776369164294,-78.96823236481066,-90.63566812172263,-39.6245564220905,21.854531463446325,28.35480129458136,-46.273725902496444,-2.231470265569065,21.936901080889378,-93.94625818102321,-44.01643817408316,-69.4596934501285,-26.668441664784087,-93.88185852794844,-108.33397655266718,-140.49067281841567,-202.81866235386426,-83.8261995487473,-75.08456033137658,14.979519631914853,-155.47869473761256,32.754598711968654,-67.9893870448745,-128.00180235944578,-5.630280437248117,14.732613740814882,-53.99078229220576,-160.50727192623935,-40.241899406212134,-80.65156307601985,-43.1919463659754,39.54620787494781,26.719457804676395,0.9344530511068927,32.95332060903557,-14.984270121272873,36.93108563251721,-29.584654634642504,-117.01861957337894,-168.35111690890398,-98.20232510984428,31.458706817958376,-65.79302905669843,-27.40005065249086,-241.64366248966297,-21.868631645664077,-59.21828247775233,34.30012637017369,-62.032260709199576,-50.18674625520323,9.16232058581108,-115.56694563102212
-546.8611795303831,-304.3700523226747,-366.61144311840843,-284.26452823128363,-221.81133564158088,-518.6443560078977,-142.37004905693468,-467.83913272191256,-582.585282930438,-217.46754345239762,-25.530063102078714,-346.4151986916637,-312.7754471975578,-101.75619262739414,-439.16148554094445,-303.78021769127764,-222.7282267532229,-378.6000471892324,-205.60363367086018,-207.9641506938936,-140.74461533494045,-216.39790173715656,-240.6241057496772,-283.70288109604974,-697.1990928415258,-328.18724137073747,-386.5140989601306,-359.03074702613395,-187.1827599518971,-361.84894375408425,-579.5601781460797,-442.19839128648715,-475.6811846241935,-301.2258703831349,-419.8136482492725,-256.3489284256194,-405.10934272604396,-237.89344865860318,-367.7465230882198,-236.6425048048831,-280.98868538585566,-360.35936865153917,-216.66889203367967,-332.77881815855966,-195.99933039420654,-263.89260112460323,-183.95509188010186,-199.75256618098678,-318.9672541707704,-195.60263088179119,-77.58347698883848,-266.52881977928996,-288.06853385497664,-427.8206298071638,-349.19732300080824,-224.20503583095234,-459.1241219972994,-334.28306386302944,-264.68887530026205,-236.3600550561119,-430.0573177241651,-245.03174966465392,-594.2728498275842,-561.85049855177,-633.8033553551968,-368.41740935480084,-232.07620612205778,-276.9843688830582,-219.03854274044372,-386.6437563607608,-257.5136339439864,-69.71993392191844,-427.9322892459011,-586.381810271155,-332.5974929540625,-574.674697031867,-256.1648081410274,-248.7988653251876,-177.42642212604133,-486.17675001778184,-277.50697234867386,-334.519769446245,-467.3035919521106,-272.734234577659,-366.9472975077335,-478.0208930778956,-113.0799558981721,-192.53467374936486,-106.46464363227263,-309.60739602384234,-399.13007635519716,-261.6859535975372,-525.4484538682152,-379.86314119642606,-355.4868233612397,-188.47849061474034,-243.6035597802074,-472.18960912347364,-166.59745258482167,-282.54184751697954
-458.8001908727831,-172.01274374539804,-414.0692046733352,-318.34582106917645,-75.66983967687595,-473.74474953717043,-280.25354730927023,-434.1572773657176,-555.2691914178297,-462.69119589964663,-72.73999735844467,-238.02947699641527,-207.84680864551305,-286.9100142935618,-503.91484494465533,-241.5471862757566,-149.66619006850368,-260.59955332241765,-166.0596871412639,-138.8701801061335,-162.92729537481472,-47.578057270252465,-298.1496817277542,-194.2392234853436,-368.62930933440356,-279.38403732387343,-238.51116961114604,-186.78888539384567,-439.78686568136334,-451.2991733940793,-517.5425104125995,-270.1411450660612,-475.44636856555405,-101.04628373825975,-497.9119353528268,-234.27603979395667,-456.60406773079865,-387.16131155741203,-427.8180211170894,-275.3238992085099,-192.32833484389775,-169.93533425861702,-88.76681565128,-322.98843792547825,-230.50905495097817,-306.60052768698205,-346.7452453142148,-189.83978639000426,-287.4370103027318,-221.5503820594649,-187.93261675903474,-184.45288372674673,-340.57112162305503,-588.1295592468546,-304.7878007723327,-140.23013789352245,-284.3921854211108,-457.96113924103963,-131.37226555349451,-192.5859457630772,-250.0857523659508,-240.67072069129773,-468.4363058857498,-232.63078393133978,-576.7963416695278,-424.33270786009297,-334.33645676694834,-242.22322591096002,-85.24292498396734,-263.5427810678231,-148.88533469094142,44.78587115245103,-482.65362525003053,-250.90331979829423,-185.54509280793758,-652.853891886322,-341.2689971310124,-205.46098300189712,-185.82917055168926,-453.66738197859945,-321.56229012385506,-409.5249555130488,-370.4097550842711,-407.04325970514066,-293.5122319801117,-406.68511443972994,-121.64825902838923,-179.64493214985498,-264.50146904865517,-360.7712223287004,-301.5239055011641,-544.0288939272953,-388.43261044276056,-461.7885766828812,-364.0218505208653,-261.3763479911582,-213.18732088739515,-508.648636774734,-240.97320839704858,-237.4562733188122
-509.556230654771,-156.39077794977274,-325.53840720958635,-217.47580432649897,-169.76645495770052,-397.10041194388805,-322.1720731205684,-434.9126745561038,-431.1880493200119,-227.13438185678353,-2.9281172287931256,-335.55197532928725,-295.4452463898812,-191.7969592062513,-485.6790700160718,-209.62560875772996,-36.685804908091356,-211.71963336761644,-157.90224563949107,-85.62873239413746,-230.21407743712837,-37.82987334267638,-295.9178975960619,-88.70308928254242,-335.6899025195168,-347.88604026401424,-152.7490532370871,-284.7965297830268,-281.84809307028775,-546.2734996701962,-412.449766665561,-186.46748754102757,-513.1101688955956,-67.04695929990423,-458.1064086562447,-314.0929549916949,-340.2945294404806,-402.5163953352347,-385.3354879660629,-241.43524965863745,-216.0755984323709,-214.78023003291153,-110.4910914851568,-322.87232902719745,-257.54504066030523,-302.5789282543227,-193.11874172762697,-154.3545794802275,-384.83372846928114,-114.5649827913345,-150.01090080222446,-200.4171143386725,-384.85204507743543,-619.4472450392981,-279.94580103793425,-136.67936547697113,-249.29760313255358,-521.6957484909118,-71.05464893431767,-265.30429512581145,-208.38972111117096,-295.030766168584,-357.9567567567462,-212.21486727254026,-405.93206307244384,-330.64601424181944,-306.1140742597932,-125.81237608655485,-43.9373873463687,-156.08641853722153,-127.92358301961757,37.79399147059137,-394.3056764034496,-196.8752389592546,-76.97983022464122,-480.9265509654648,-426.3607674806962,-214.11984694885058,-211.59554030682267,-634.782685434389,-473.06634633553676,-315.3697991819827,-288.28559132185063,-455.20869519843194,-162.41170639014513,-426.1773070200068,-125.47052783393313,-65.25706720028722,-241.748627334166,-453.59389728493176,-297.04122111352035,-317.7099285432361,-392.9263271100411,-428.19691032566,-417.51728782689753,-270.78958344823445,-241.86319748301804,-488.34799906680723,-244.2834217890527,-148.2687861887134
336.3047468228113,-64.51471006701432,365.8436379390504,118.58866211096608,-149.78498635515646,483.6415787383873,205.2122943445951,-4.399079131034142,320.79738998719813,23.212454982113695,-97.7262493018733,156.29542784360925,172.89446372520047,396.8958476379827,313.289453317802,239.8057783990697,-137.5276136966507,62.2087466372343,-140.60359939385864,6.456778739830419,-76.64883093469217,-240.4124095180013,231.88039281688552,-60.53515699401724,182.3579552449011,60.34379742795436,48.00555210881635,103.18242914050073,203.89361164929645,442.55519119667133,220.9632255319556,236.44519772685052,449.1302009155899,-318.19425062238116,570.3835840261072,266.801150073905,177.83602628383312,330.21603729903563,397.2932573356144,193.8885447451668,43.39437906720134,-58.59816125749668,-44.55637568208132,149.70647949764964,172.907444633591,174.5474808757841,210.22637283452914,51.26399695152187,53.62406536789614,76.79775792752301,-125.50937365084846,24.43158523354781,341.739307400286,385.1998074604038,210.31290054228504,-40.69661798102511,136.15946252329755,356.69386657137295,10.030816393591063,-39.49100485198895,175.138641638335,208.00286688873408,399.05497217931156,-49.3165447044129,381.5814165543804,141.07609993664627,199.09785241474862,160.71956780451544,-33.3510713553669,97.71353242871577,-5.317680653984707,-285.34115971441224,403.2403383818833,119.50994208921037,-16.071362013122314,203.65096024816216,184.1279115763709,113.95257666186461,-16.974661082620425,522.4866420539585,329.33680508408736,224.15715466040697,107.15071932204626,269.7273303326418,113.85707842520492,271.25756069738355,-130.10922427794486,61.32627156989153,78.88473303255041,244.6591518365035,138.84536072937155,261.22206635738263,68.46642890536639,275.76461596163955,137.4863144933844,160.73508776034035,100.07720702877036,593.18850699881,60.248712296789265,-108.85135087701646
517.0459832986423,531.3195177749792,593.5061523388289,714.7207302601425,-12.096515968209701,305.3776322780667,-135.20030088655326,634.7794474256826,692.5359307606425,109.75610340725268,-110.83841818435755,442.5214752068919,225.82271175326073,-117.44229515504502,89.74114960442635,375.96478655978984,249.6241093675432,319.6160039411813,299.2790428414687,198.00257450998646,73.56115620022263,275.1402509731898,364.5326919479019,651.9347175298443,1093.4316702779113,122.4062930315313,374.6369339662365,635.8582044487747,141.76668470447214,139.5059991162161,623.2109034375229,543.174206766625,92.55031143629587,473.30111217990276,209.69778749201123,141.67979457964103,527.6680310767886,272.8761953131317,610.5532449531576,668.1068388367737,336.7950618466559,480.3363109097168,185.57120660296656,478.7207535234842,120.69088583006041,551.8059120937959,72.13361022869503,339.8048519694241,180.82391205300874,468.55993819690354,157.85420971502683,238.9925820625926,294.961914135699,496.29576641297126,506.9261315584488,219.77664391247788,403.68245767325413,232.47589876499939,170.81091315387908,337.1052007887058,239.31425061709646,127.8946913340102,508.0304839223858,601.8200919652908,677.9048316967188,247.943258616091,98.28587919864071,251.6485111902389,242.13576318470416,293.0024614266628,357.6492769208072,102.05009331306199,201.52747534370232,638.6930317488807,215.71538701898038,473.48812235966034,342.11468598890326,367.2322095493559,463.99848819693904,534.0692944188472,115.93157091283217,227.64324755717365,606.3236963795318,342.9456232897083,476.66245421165866,296.47544920450605,66.99721248415524,606.7928487026596,-211.42597894521913,132.2464311440665,721.1884546861721,629.680900200749,1021.2805564939985,84.23288802302586,191.22159657118507,336.7293515173418,372.77402488404175,561.8948741741115,197.5492154883359,11.891375279752905
48.38785372914561,73.99357600240066,56.641372465442096,70.75574992686386,76.56882103748664,16.104427964203364,-5.366670326673308,47.73146070338085,-9.134920720953891,26.52445049388601,30.666931788694306,49.11067560654309,87.34761094531008,63.55401420840353,-83.06392434879842,71.64976383821067,75.61268187106113,88.14581565478898,76.0731138577714,184.92868275215628,106.00973095761518,124.57218318660354,109.36212326980059,82.88212095064563,198.77499533995547,154.26173141315604,55.16317826984289,48.61587092452357,16.10834221045792,71.09477606670454,84.77157616333662,47.10190873682129,43.043690714464155,178.66425394181059,10.737373104780778,32.402729244442504,-29.114628588573893,152.035663435591,6.301995028957371,39.75035525676689,8.952311931928113,69.52949613486774,52.81992632739468,61.969534428504595,-22.09023292825764,-14.050189876663076,-72.9834670091019,24.70715004637936,62.57975068922534,92.89511837142632,43.16519865433097,92.4905263483618,13.531706490196559,-34.48482221748478,146.29460664665226,-6.985641614585805,64.57338967557898,12.74219533316351,67.08768159851326,119.00404917848321,78.64404413752874,94.49078970468221,82.56791056010961,178.06658209816692,146.43303033549165,45.48780531056043,-5.734826389966763,48.39968536715022,160.3813408445923,35.3661663291951,30.06779820237074,92.62086021358303,0.36975707785043904,64.99191995652932,87.3609082000202,35.21863510412763,-27.01267823587646,83.21220133937602,2.4170241913655928,15.840632126479832,25.50549866709009,27.322917914338092,102.26369682525386,2.526177068675008,47.74490676726499,70.66550152640008,32.31445531976452,100.82905574788539,34.63204225383936,-7.893722255217656,68.69272349651649,38.82420456397856,124.78287312176239,45.49902096404417,12.756176865358189,16.69495951124558,9.77853970012662,33.205790987381114,8.818277945852158,13.821611477343737
203.27273710585652,241.51220600770864,230.23013826864704,73.98697734588589,87.88773839095742,387.9301234764361,100.5786172672181,246.02314290201193,253.04551830605556,118.43670686177823,177.29986232096533,192.81312451116992,281.29308634465076,-25.64175351845019,409.938560400549,119.88523195608221,249.77432534268138,201.2059845418488,251.57824797906096,208.82820266423775,87.94020968448999,123.61781164915287,-46.39966721976426,486.63232415259034,408.6758902898779,165.23584571519314,276.09655212595686,166.52674879749173,151.4653223519515,329.74558092154183,284.4927413894078,304.45783225457217,266.6112459039153,294.73560271763984,334.9968147055931,269.75615821422264,174.63190739137565,59.44719784087284,142.00956894202832,104.63414460191427,144.33288800389337,128.41075480070225,68.15374854800652,240.7624534268439,241.97714713363152,48.15281460501748,154.4141486113768,230.48122273797034,156.23497954648835,124.80066839211652,130.22610107458988,167.70906757240144,205.8161833524351,206.18902377168183,170.91850232770915,242.13457300363223,169.67470534121043,152.28071715438,275.8406988952098,24.575853700489755,184.8638807626472,213.88747065339638,427.605008838839,222.4292892865501,541.9260684045614,340.01585051564103,326.6914587325887,205.23662056850526,243.7900166597238,202.39108035033587,281.0315615576087,168.72114175953675,275.86393785044277,270.45790489338657,211.9122559051729,328.5008497583978,122.86175871069773,133.0787217917752,44.46678327283267,239.95522731115602,36.23499691921749,229.03902510612517,121.16412018963862,-59.40542478377329,117.59846279384482,299.9095625896817,174.54525179126952,221.60687391897454,137.22692117060737,119.03497526690187,343.942789083005,169.5342015360538,273.17280087524574,294.7524143830533,413.70846195851726,0.7635595839717819,209.58837818120247,285.2050498605329,27.154778821046193,271.66028042353173
852.9006096908839,448.53391280176606,587.6090116453014,619.456062351311,4.406777597064107,734.5942441312714,471.51662364388847,846.8182682535771,1049.541368490871,623.2986385376712,-24.63290050353304,587.1621337394902,450.8184955079279,401.9749950380164,655.5400411853952,527.3780908023602,419.71517458308847,741.7564638604574,291.0648625063634,368.0821036667821,334.11668227408376,266.08530406105876,468.8560910233904,460.93692135962414,876.0059899538626,536.0006790341142,532.9405283787311,475.7157337736318,635.2205817086791,581.2148523079818,749.8958903925295,769.6856335765581,1001.1062601576959,197.55270434126527,624.5503282928079,500.705760688542,1026.0743652924732,637.7711297396548,542.7423754931948,325.3577449628625,281.1373214103524,495.12220859721543,273.04367827821795,540.2320101423956,351.22097840350756,506.25152732797386,293.9442228521122,436.9133974272702,493.20265821340047,323.7329318691659,172.70508633184315,547.4032838011127,606.6008294592104,867.9353005758737,784.0673350574696,320.0961537649609,821.4389149305374,634.7567689200318,487.24010379634495,371.779915543435,523.2321800151332,345.85713148311515,727.6849173169194,876.7352477979477,800.9355770089278,420.44499471280886,406.62138469418306,680.4855082872473,279.29662233874427,593.1743032361509,188.37627658786036,-40.10734495720806,887.2454727175028,814.0031095821178,538.796689979997,710.8612008139122,536.653657598827,362.1472121960558,202.08737172590938,786.3815432358108,595.4878468549438,638.5539739376507,1079.3645552285298,776.8939359133846,838.2569704595822,826.4718016324978,118.38595206073359,151.18717597804738,383.23761742265316,614.3347678172153,625.0750124258905,642.6094518316847,763.3958629611935,544.7021696065348,707.2608119335524,399.57956094113894,320.5488374042079,740.7333919878166,290.9511445693108,216.7027576249688
151.40743060176385,411.40289817985985,120.18752238460235,140.03111871809583,97.35606771831769,106.94324948655743,213.9845582996642,171.31839546127037,231.79061218359863,232.56336313100775,216.81770755822768,264.42843648487883,244.7251711016334,-9.147363686243724,248.59593725781508,293.67932373256923,480.1998390331892,379.9354170193022,312.153785684476,292.9979633243314,81.98542440281616,461.90344362256144,-124.85620856861127,665.1227043866909,484.52066204908385,193.6105629680135,585.9020288147062,132.04073472292887,204.4848674670894,310.48548988792345,116.11794267984652,369.4403084324998,98.73080359494305,443.40874906601726,150.70724531823993,137.18525392808016,314.0639101163765,227.725369390418,59.20755122874345,46.20088043802647,158.19226871241318,226.01702855377437,195.75437554669784,95.66557186293547,269.0000711480227,-20.301155956206117,42.60774202015216,350.8498711935656,229.43107561542243,113.1116632999874,184.45905761940136,420.91973244115223,62.661630767670395,43.24157435446421,298.71019578415013,439.4959584797105,265.80895187989205,-63.16402921442896,513.1602628654426,8.530824860885962,375.2303525634122,113.2853697518029,271.1583959416745,433.8535133722043,356.2826503323387,290.645073806328,296.73379713091055,295.2938027609908,398.96761433183804,351.07295220787455,304.7585719358786,249.29208700581586,76.99082467321931,561.5327403732949,349.0045928598195,193.68457666609945,135.10624882113706,159.0557022400972,33.069293992758936,163.26662327214538,44.33220750983021,180.49043928703438,384.03067757555584,-108.34624868481981,204.32296773170935,216.1367321379903,229.16866923861102,200.53930258654094,152.8940118681082,-75.06999731610323,198.3688133106154,-49.23588532026411,358.22630950234105,90.41371870217773,618.8958514887089,-43.353624920340124,156.19199501655612,142.4238784110151,0.4362867675781495,286.7657118899299
181.1434917846581,226.27024133793267,87.55506959614044,103.77871768086928,252.49831648617882,170.25974931507594,115.94632173573572,240.6452368276904,124.03482323661062,293.9391768295874,270.0218779816017,274.97208108714415,373.43924505790653,178.28633582529926,226.01968322200133,154.70023884611734,372.2258201266835,314.5294949393264,282.26018916335505,437.00755392525133,173.70426326901637,410.3133940375709,172.84395957419255,393.14766181230266,289.27100680375594,404.800904987127,441.7333076147979,194.49819793461927,401.90473428493135,267.34336340114186,339.5381106618236,197.53514918753731,311.28871459994707,456.563997953397,179.28626747828545,361.0797068015064,228.49051261919578,315.7691930547747,-48.481951538982024,76.31853678114534,23.147888735835583,193.75835473115856,154.76609525899786,188.46864611657895,139.2041515948387,57.79049946952381,63.898023278278586,265.81856664098495,448.26993498461195,243.0578123047624,198.38684790339755,300.2037702463719,225.90795354504743,230.1152684722844,278.85680138393326,236.45923246243245,351.47875135984225,247.28582388024037,348.9498024168114,85.41469909931804,201.76181012069335,189.39318088087634,283.70103123856927,489.68696831185076,311.00406921132435,250.7881970263335,353.526143232456,342.8508449897735,434.54663447672243,115.62777171026161,200.21276756581418,279.7571904839013,299.4479276695471,269.3443971537831,304.29501594933885,376.6491531152634,207.81431643175713,229.1798450800602,68.14018920331245,242.7433075826339,279.7325784087183,140.26077856755248,578.1502881848852,246.84727286453685,155.6308433435426,216.79743820196063,304.8316920600962,165.80805285839838,441.17042242567027,141.20352665789028,121.3553376455046,233.52691981159623,298.374390321638,421.7423964807591,603.5836384024193,41.04781355651525,238.14816226810294,290.27020201109184,54.992569421849545,335.8796919397176
308.06301828681836,145.34774799374452,418.539789770442,228.40872866141706,-39.78180011034522,307.65443307095785,302.82827451010195,267.5389539588237,353.549189012463,253.76456142262248,54.45679426481087,230.87658507901878,154.0654125082068,208.1515591565557,388.0039734469194,241.27359327310532,139.1185319437624,203.20868983272427,98.88749021226836,100.16262409233222,44.761192396875884,32.635301787656374,121.38739595485673,261.8067663519247,385.6745796146619,125.65845771888056,251.80116839101055,125.95717257949251,504.7018665231727,332.5446053645954,358.19449879718826,263.9420473055305,325.12241512635006,-29.453513885854015,425.37024461975255,223.3796457930666,398.18153485600635,406.63973345436034,292.48696760480533,240.63268682525356,121.35777975450223,108.79049728144726,70.92984841600207,309.43812050436753,252.6925855309862,206.6853301466044,351.9047368236741,191.11375089856594,187.95043586364582,153.10281605357306,181.09228369459925,158.7411772436674,280.71628145113533,435.598766765611,165.66111878024253,170.21102959523466,192.51677938359916,331.3880960231131,160.60337846904753,50.835597082989615,209.61017135700928,128.58215955191127,325.0583172239192,161.37076315413591,509.40698240480776,364.3795509655387,278.44304296121356,258.97495686323737,153.27049376167358,276.418765680495,135.0043036082133,-96.90888362894579,409.9889286476925,214.9943362491185,189.33967799892864,413.5783933248579,288.3475729721325,127.34716013112194,168.68971991114242,356.3985178788157,195.55783233418958,278.30885931829283,304.6053509771797,329.88921933087875,227.07553174843633,302.206696765298,27.45899113660725,179.51171410733343,180.87065552410894,199.60773160837047,194.14919032386885,373.68575429942047,346.87310763096724,308.0185402405027,365.47213472625936,214.9436444527541,144.84533218152254,439.2751288451779,122.24173030540932,171.99643963746453
165.27074928865284,57.69985691752591,194.5640927738158,142.62554928261497,-27.646817452819874,164.51199269071373,146.11326083762734,152.86933826470892,242.7793023422373,144.81074954669927,6.454969528557923,111.08790261566382,60.58066708827434,133.0052842026802,164.6504706299882,99.34309690248895,67.9720754970473,121.2085028141682,31.93744305490368,42.97091545456164,23.00633384644314,5.7888526519440555,106.54154763879657,122.66670964248333,154.4736346623344,67.13074592718928,129.0330719258016,50.755012128543505,212.7014398571824,166.66301974312682,200.53016254186298,106.09427907666402,211.01252500643164,-41.180764040709825,201.54588742128547,84.48330708376513,196.2057605160909,210.20069649222282,188.12719094071016,106.55616894250585,42.84896162113827,45.75790056834993,15.784383149114799,133.39311702181945,108.7833088802067,143.20489377712158,118.44173469030656,83.83442139254147,154.35911428809644,70.53127142662652,59.855079264294346,87.16170343249071,161.53417303756234,247.01781554795383,123.48015180533311,65.56807543805243,103.89142737602187,175.5410055688172,47.75593802815578,48.32843456554439,113.64517452712765,39.733855649399175,155.57472772197264,81.44039241046336,195.7395880922841,145.89044034700933,129.34188236666344,160.0579877274529,32.46110008258032,91.42704472983974,17.418806647400626,-73.23578122187487,210.54933012807425,118.33316463825287,53.240619062369646,221.6585335402777,176.1295364139558,94.11043954707995,66.13485494987593,248.15906698514829,163.98453810339768,166.90345702625083,177.308044060948,223.188588832566,151.8636761062567,156.02972016768828,8.371193911117075,43.60100249791624,97.10116881296804,90.24467555950783,96.34982855874686,175.1427056443435,147.28598493649363,167.56183099840177,141.8479512527185,127.2506835813886,75.06217536615777,239.71507997467884,82.42906973176274,36.423693885662
798.1677893134729,55.87142574126349,557.2309631546807,508.37682751307125,-3.074069220190939,731.4989874513736,603.8702455145218,481.4320860334445,795.0784241584219,405.7285320185475,203.3798590062671,338.4215938591167,400.5698857568744,590.1487233301112,521.5909669474872,365.5444707461799,157.7712382836728,191.30347421021614,239.1831915785131,78.98965976830956,150.54420713980588,58.20491190699393,409.5322766429831,460.4337930120772,439.8926049514564,291.70134896042777,278.25436974717115,321.94409403650906,756.3024157343087,630.0025210724671,678.5850104128235,412.22195182674096,988.18644991526,-143.27046782074092,638.748790132339,376.9998933745205,730.1052272212364,911.0859805768406,633.2080586970085,508.5764033374544,231.0379817219016,10.622917804380041,89.8777376013686,434.86232523181593,446.0758554656127,510.6402060409156,517.476665592358,157.808385782633,608.316076584977,456.26518523429985,205.0111429580844,122.35166676942433,601.1430094657827,669.5163595662873,95.45684011348652,189.18273298454915,183.16392085659498,800.5719014272876,161.69907288583514,171.42771868981538,285.0393320528423,265.49277358969744,650.5839668024139,96.40459911796553,793.8227253559457,693.1474737626203,464.8264157480023,349.1989989989077,118.96374830600915,240.76229646408856,151.73456688520747,-183.64534618954235,763.5184872089048,245.23569099912388,280.8339104500612,821.2163757887514,614.675001329207,471.77815426738306,305.85085343444285,844.7029382576287,539.7296337947301,507.94250585393166,361.861904639385,754.5145951145564,316.0808901492172,616.6283571827338,127.734888513112,415.71885721723044,469.03271606768766,283.7051419899059,464.56837951905754,717.8292000937464,511.88491780996355,523.4450840765572,353.01711840090593,542.8335545297298,157.08680418331045,763.8662057902327,332.15641694877695,305.42823574711855
-138.01838814011148,-28.92387881357119,-134.04449523849118,-81.86218801608014,77.52676950555919,-139.48185962634605,-141.2865425877098,-131.60206719057777,-208.05667663611234,-153.29124685074612,-0.34342225895766043,-77.39590396726237,-93.0170224641245,-65.21908608837562,-114.23085821179306,-43.17979536002985,-63.56456368055019,-81.67868422483933,-82.6956101113234,-57.64889712655687,18.90815835148752,-49.73497604046273,-69.92492397592491,-198.95346693067418,-111.52456601341517,-13.698473185613498,-89.0571239415147,45.733744270981425,-235.61988455522717,-158.88940999555467,-117.60836856207477,-60.02380776722259,-123.8780704583968,15.484177103958311,-66.5288864777937,-43.48129504962493,-258.0075993797139,-264.0130166262726,-132.79869365980633,5.825973218071221,-9.113580359137,1.7905764374240671,42.879306387789484,-111.28092127885928,-99.9040996253655,-81.54011993148839,-38.717477800426074,-38.26467726502848,-134.79423113684925,-68.54814981377278,-85.45362103076978,-137.66030423899926,-63.12063386931594,-211.9005600923404,-59.598692177576424,-67.5651042837393,-49.74549910502219,-114.11350263381786,-30.824658544948935,14.30073312247881,-70.20783110956323,-27.099222656414373,-112.45810953133925,-77.3356764784521,-130.9248128493158,-107.94949244692461,-69.94325147790803,-52.262850873676676,-92.5000185876464,-42.68141823038224,-25.715108752788005,26.08453594116405,-106.15452981827724,-63.96363405729646,-56.62790219846687,-157.7146936720443,-161.66530457346695,-146.16265860665487,6.498029436573761,-172.2196804414701,-111.16058648859395,-51.64278885224972,-145.1126629998391,-186.7221576534784,-49.60209404892905,-165.19020758808253,-3.079101569841419,-16.75592037152703,-133.86580526462188,-35.598042714244826,-58.15188710701377,-100.55726259292443,-83.92425217161937,-80.567136673668,-153.89149273532945,-56.57101985889099,9.978605701807588,-148.41789159923724,-5.905936038220087,-10.648083398838086
642.1204058823166,-60.868171977503145,216.5526099842629,415.952564632034,-86.55295963888824,597.3514179010042,399.09289341956105,514.90283072087,572.906855610803,294.32263476451095,29.003017699509115,71.43427114492383,102.11315701626314,248.9594529371824,304.83956392294857,57.745665472295705,20.80268164181527,145.51267641091272,-69.95776039347487,-236.95888384625826,141.88798014687012,-137.15267630024357,124.14660635477749,293.1750865318987,310.9229063182965,74.33961832055677,141.08641984585896,27.98013492334864,451.7131744674835,324.806904202553,466.57683629122687,158.770925017809,726.7682915545739,-425.39156944179257,352.86585650592053,119.41777129434159,395.9581024377901,225.4488502477568,534.9030864586352,277.5024292973142,150.65627395529808,-102.85240156763577,-106.62204127209851,81.83816737793327,263.8182110138214,653.520935274276,236.8642718893381,27.68941346854026,346.2617129112077,206.75426816857467,105.49582179690277,-90.34018227940051,447.7518387168812,482.05843015368015,231.52116783287673,-17.575274866376844,165.88548331913944,373.58489096857846,-40.95587483665152,165.01477082725975,173.9864136018227,127.40688636919056,284.50043598452834,-29.588739637999435,448.7067815511389,287.3028132530365,315.5390225948271,129.67222687012378,-223.10979423831483,78.05160701176412,-128.75303778657138,-307.4984534402094,441.1877528498623,90.83390332083717,-105.02005858589801,639.2442010410541,465.7144281540438,386.0909936437604,170.3875433320039,463.35052402530283,543.5794515250401,399.23348247604366,312.258662574611,424.74912920504636,35.64848288268446,290.4594820994144,-117.64744182453829,107.69968900549904,179.01347014439727,223.33911682913373,276.7020603269238,377.214069678129,286.4329282295648,311.5210926750286,35.260290067400156,417.9265133793627,90.09289398462056,326.9311748401205,105.28821671722272,-21.147698716156977
33.94902908092026,-32.23399201555044,27.908689464306843,16.556496531927305,-85.44847253576314,-0.7577007315835447,52.99832345106743,-27.746027753964334,81.81534909631118,-4.323271310085112,-52.447694600596634,-31.637985491982228,-97.80519177533427,16.440841415576983,37.493888473704956,-14.64507767659621,1.0622256571319808,-26.372780232198906,-86.60311557870583,-70.13093049262868,-35.812303052805206,-80.88454057487455,8.569592202979276,28.086584145622233,-53.50462407164753,-58.452972174437924,-46.98687924063387,-65.00580245925464,23.844936879173304,35.73656248591284,27.816629154781577,-4.537664323003991,46.01719563922796,-98.90052150513658,3.1805273158500764,0.09709920229464332,26.6167989426318,51.404952309880706,59.54151657562959,-23.027530400416072,-3.738271269445934,-48.332469254045144,-51.39970794710842,-14.81811234163275,6.332114316510842,11.649136320381878,14.731686578191795,6.3914159365695395,-99.14737950632319,-28.99499313762969,-26.91007067072033,-45.15532009431039,31.740395602126547,98.32630733290426,-42.67643052608196,-13.960054008406845,-43.6636787003225,50.63387695820416,-57.710078144322345,-32.95727624893837,-45.98702484463917,-29.6196957763502,5.638076436437387,-75.77784552147938,28.777849921861925,30.45975200566788,-27.627154190284923,21.20676505311403,-136.83380701213778,-27.329556938213116,-45.93281937541783,-97.93832913962923,26.37716359637956,-15.273054470084995,-52.31484521017866,-8.549633761764714,-15.946115134878733,-45.677573571528185,-3.079866921758726,82.8079814061021,-3.5883951184869316,60.4553308474173,-73.89525626233483,23.192636520068415,49.353800958854684,5.794899516975237,-48.246596310867155,-38.92433500243026,-39.9222925765331,8.038880236889913,40.85852392300857,58.07161529182341,-29.17956217999039,-11.056460890552096,-69.98385455042677,7.495447525870879,-37.28764550518879,-38.05923325858244,-33.44972599726395,-64.1193887758618
-883.6674816883132,-371.96176898362,-804.2997284821932,-748.7689533562176,258.2130929484151,-561.4111538879072,-821.0095324284144,-506.45935678083214,-1287.3210232436395,-646.2454081788974,-307.675953568896,-416.7080229256782,-933.4952101760001,-64.4757887165205,-984.9729776558709,-535.4720825370679,-246.26572224494353,-575.0615226177242,-391.5260104533527,-1268.0546235875777,62.581134641870605,-117.98778956822487,-293.8255631956014,-1169.585704141502,-437.965772686975,-614.0182407032488,-807.9069141228495,-487.6338297384153,-1219.7519711356103,-1573.751243082065,-866.791968513107,-435.4565397599869,-687.1787480438342,-162.84388170749625,-1181.0445248264793,-510.90424098324024,-974.3807503260277,-1466.300499549781,-646.8582717044607,-504.9663136072109,-23.37458994994997,-242.05827731075217,-1.5193333054648694,-1040.9742205715538,-903.5193544179846,-366.11073200777184,-446.41011055215364,-586.8261847341975,-473.4203358563766,-344.5192171980648,-834.2777302623199,-557.031495305168,-619.3288704734332,-937.7988005238651,-548.3343666349641,-517.1216278375954,-244.78209982462758,-1017.2530297292195,-664.9455234995828,285.1649742111605,-539.5189444114981,-184.79999981683946,-802.2951507800616,-798.464799660398,-1006.1989937034401,-515.6900444905219,-1314.4503374040821,-533.2793674988823,-642.1345121853777,-308.22718354583816,-695.3224593100849,173.90768941500116,-1390.719971265444,-663.2376781485339,-529.355073859888,-1276.2265686899268,-968.662265380225,-541.169575904061,-13.386841295430209,-755.4403225809809,-915.3848374492356,-219.33474234927488,-668.5813772720531,-733.7551923139919,-372.88437773177895,-533.6212405757782,-225.91484018503522,18.279265924557883,-1052.7817979864144,-716.3493717588439,-227.42909759203863,-443.8311491793407,-616.7019775278288,-752.755995670873,-1648.2355635763558,-395.2096977900676,-494.0776016778469,-1127.3767462404578,-88.99454501474898,-410.7621361328548
-151.83550717371241,-35.825128499352004,-173.37317971857235,-124.14711187870489,43.894962037927804,-165.82246106799374,-118.94353091862045,-127.80984010688097,-223.45021334535542,-123.63855082842291,-2.8117683422069706,-99.32563405932402,-26.854918570596514,-124.59880355231063,-133.10721119116056,-77.33720393027966,-49.248709296595734,-78.27588819015793,-16.42201203327465,8.825780554622467,-6.5382807408123735,-1.3266036436341029,-104.40716892840157,-111.12633716644018,-123.80535643600666,-35.680402874628456,-91.06237501007608,-34.85037075806881,-187.6867410470211,-159.76906045293507,-170.55516681854547,-80.08367902611795,-259.74425969454546,59.30317902590419,-162.64169520164006,-68.28405733187022,-185.17880168913237,-198.81384371136315,-175.22073949182555,-99.90319945741435,-36.425336373281795,-10.25713839204697,-9.46290001999674,-107.22838831688206,-98.44326096205582,-120.0348213230757,-114.7514973445648,-54.97080904390562,-116.1059642154706,-69.12689579355164,-26.088046442655624,-74.71449580860616,-124.14456476839892,-197.36959011236996,-65.66086423258335,-53.113189485455706,-63.72810942190214,-107.4656420806463,-36.789651135209326,-35.932349021533064,-104.94341759885626,-23.209972180483764,-165.68916577892995,-44.90116079380471,-146.69112333052462,-132.59158990122063,-98.81680028375924,-131.27037498159282,-21.968184345964943,-69.26679815811451,-8.253468772122417,72.4084863435945,-183.24341069549862,-87.54493339402214,-43.417829712324455,-192.39040727238068,-146.2074627821456,-93.90040940378273,-48.859105025340014,-233.33663950300675,-120.72854298887873,-128.61823870892235,-114.56586262386935,-202.0417341551942,-139.21727361220155,-137.43953074034283,13.654719826052936,-58.47142205108499,-88.59792700090249,-61.46176573683373,-116.37936240466469,-161.3163521785194,-121.1906459872151,-117.76575091270092,-84.02687477720663,-91.85986191018665,-23.55577602260676,-226.6087211566791,-73.3922727997935,-20.596643336953107
-610.7021673795662,-16.897018869202242,-838.0419078508271,-903.6720402691468,-422.1997866412828,-1080.908106670383,-419.3244943261224,-1016.0429860526331,-1059.652966457201,-471.78075983213404,-325.58180239379084,-135.89785238655827,-831.9517784686504,-791.5650521243934,-496.8123527768571,-358.8464564381451,129.0558103058817,-157.87318963834835,-419.4090227987833,-235.27601280636833,-611.1006160026923,-304.76958982968813,-899.2556597158703,-293.9999358103247,-662.8788921848956,-831.1628421485121,-64.83683634598657,-850.7359685803945,-687.180113460978,-896.1858178941036,-966.467892592873,-399.14199840985833,-950.6282601479204,-170.76709915436956,-1130.162697958958,-449.993170992885,-503.6322384950361,-579.9175288176513,-1028.349076433904,-728.5472530985048,-292.1602703944158,-128.91433103651806,-329.8236633014247,-639.2192728818733,-601.953817318801,-568.4435208392268,-506.2528549380344,-41.13620254367972,-848.9075290421004,-708.751350460748,-371.2131026966892,7.556915959478472,-613.2985296055847,-663.4221106985392,-430.030087883727,173.67904144371798,-304.3188555709212,-627.743748460547,-232.05737760568627,-454.30721267877055,-367.523445249223,-542.8534517528623,-975.9265113665675,-270.7941838482497,-1031.4433813810838,-556.672484415049,-554.3417881393257,57.68461847142316,-144.08532349846604,-345.24737245308523,-312.4554407410333,-93.2740217972401,-1096.6913292491786,-272.2710140970712,-225.9895867706629,-1021.3390676952631,-742.6835987743497,-528.1060311896368,-344.505876368965,-729.2466275618734,-1126.0888380476126,-342.58385049276615,-105.31236162869354,-794.6373501080848,-389.8109840069805,-1195.1280738486641,-469.59791516494744,-430.96340135901295,-487.4697888735658,-819.7785419844399,-474.2041384243367,-402.957967117809,-804.4564992313094,-862.116233898281,-551.0688000800828,-869.5845449148837,-477.863094320522,-954.1260143600568,-846.9104313912254,-417.69644622166146
64.66799750356475,4.665351154534747,78.93964286257729,58.861367353419475,-52.47574436866879,84.29883088895986,75.36428332557203,61.233832946189004,119.23050438859019,63.71449709458152,-23.110139442010833,27.362637749727284,-22.149314237776537,73.97713599292508,67.41873448590017,22.86113340965677,7.236488211317259,40.03825766456672,-20.790834186456898,-34.5306374190352,-6.920114587682745,-29.856832629434127,66.75094558518046,14.053443993209914,42.17885008200766,8.405011741537091,15.619161282621784,-3.1946991018955027,114.79775869246706,54.39055626157774,91.08912610197038,13.71534148957286,109.2938808072472,-57.33748260600629,77.26773667091483,13.250013832810026,85.22034024436843,112.35085259602157,120.48989506179645,13.302921277337752,13.03960588594426,-6.755811378119446,-16.90585182921351,30.958346834627974,15.726152684392584,67.77963422578631,39.088880921959905,0.7188368955342725,51.94860779773874,14.038007438681918,6.903683259191452,15.473001535758181,64.29948559572723,138.2874706726324,23.525529290297712,-2.166413390380892,20.787079642480155,79.57206907432713,-26.39356250564945,-1.609323073033439,39.85478157611485,-3.2404305290761903,81.1661261509365,-8.170849724429917,83.52162027661433,49.551491200541,19.285765093276368,50.75203788524069,-35.01080481052849,28.188290984795046,-40.65744069984566,-67.5598875923971,121.44181596954658,28.8457798027577,-6.736266599790607,107.64465509301345,78.16767720587124,29.94556040458526,19.2814011062632,128.01372310897315,61.69163937367397,67.24864245090733,64.12657162934151,151.09035944441004,78.97422061387134,78.43752216609523,-13.174320078341378,6.102319123082986,17.863302800150183,27.947501575629975,42.826478736802116,80.62201886316245,58.01574637905496,68.56127793158251,20.003070116441762,50.102593788069974,-5.203672401267013,89.83094225264148,19.567972441666264,-15.615992513257554
-1843.4356189938906,-726.7945848679457,-601.2676818457827,-1214.4087148663646,-735.4684337430697,-995.7583418457004,-931.851388505087,-2533.338854047989,-2206.209679177263,-669.0022142185536,-787.6037264795359,-2041.4641661259138,-1337.4776802798053,-441.8017938988773,-151.34106068316797,-1264.2322668035506,-1483.2207326091109,-1636.9050512150575,-697.0657869679465,-1017.4042762344463,-605.1660464723076,-1058.889151563663,-633.7859417421308,-1748.183021929928,-1283.5404024108939,-1201.801217226745,-1327.6855949672408,-184.0010375682666,-1145.125247263702,-1267.947369657457,-1845.5148205253838,-431.60815835771626,-1096.9002631714864,-334.4312045806393,-1715.7193284875464,-26.048555398931086,-1947.4861173477025,-2256.337598778466,-575.5477772977295,-488.5121127918547,-585.9927085639528,-654.9512419678538,-958.2164747583936,-622.4445490463004,-1502.5033784602167,-48.0426826371203,-228.5554232608126,-946.6095145976861,-454.5706741817041,-446.3931222104727,-558.1172110793783,-1191.694547486583,-1009.4273597228733,-1849.0462533119614,-1401.1764059865257,-594.4944495493761,-1603.7232881107793,18.44569493448222,-1451.0779490489267,-1277.8200057242116,-1218.6593569412933,-557.0187791184145,-1806.7119998395726,-1668.1100797232084,-1676.5080069361625,-1677.5345347218758,-94.11079932114538,-639.5218022346318,-946.983339690701,-712.8492386046325,-610.2204848440463,-554.2540981319394,-676.9880300281885,-1058.3208483741262,-1404.636224751402,-1352.954727264209,-682.0398644993697,-1265.2625996038637,-554.0695677672943,-1845.912681317899,-589.5557291417429,-1140.1174549195312,-1842.1947291066924,-499.0261521128333,-978.605552783673,-2068.123954213026,-331.02142301773546,-822.7054014904976,-1293.5769081933738,-760.2217640050147,-1087.2932777972915,-753.8440067751768,-565.165018377915,-1408.413464807297,-520.8293172853855,-37.868427309385424,-990.7260863576051,-883.4223768327901,-857.9722289318909,-708.969999412453
-168.02997807273823,-31.20853123089774,-160.53468484144142,-97.50441436751206,21.00837370603922,-146.1751497578462,-135.06922800589615,-175.7730235991431,-175.09459120768435,-69.1704920638093,14.402996988436076,-80.02644727771401,-66.91162347430067,-114.20277695027389,-113.5820346535181,-46.056465352899245,-42.47683486286169,-68.8804859201922,-41.11181723673226,-21.302668994437408,-29.746918188870495,-6.98126326235895,-77.09168050328871,-110.54793705020114,-148.41187156429453,-31.17249950761487,-40.942689349530546,-61.70335385943593,-169.75194001033992,-114.90145979493349,-149.20697463610256,-101.64709575971938,-209.3264745952176,54.89632436447763,-146.04210084822603,-75.29544952990805,-187.571473016858,-201.66535152505023,-159.4992211138047,-62.86162285245096,-23.534080900502513,-16.545855725436628,-2.938978364850189,-121.95611511755713,-67.0768441445624,-120.25823924819679,-78.21748511053642,-45.87720409366313,-147.1433951423382,-68.78174708337119,-45.47197898684232,-63.354130611297414,-145.73287051781492,-212.62466131935915,-91.9716024136475,-29.61711278200307,-76.71959238734601,-120.69998781923272,-19.66929367975375,-65.83675679736865,-57.905995298859395,-48.39673147139077,-140.62837878587467,-54.42925638045398,-199.46246548475685,-106.9314954196762,-87.67758193530989,-74.6669790438231,-14.997388656654726,-77.6659437420487,21.64425003068735,62.50018192282663,-187.7031386267696,-68.46872799652762,-40.874409747834825,-155.22521350858278,-133.65266165815308,-57.798790343339576,-24.88069174504772,-197.0004902743408,-126.0225816977986,-89.92408403447854,-146.209199622994,-193.20411790961896,-115.10231211224564,-181.60296564258468,20.695700318510475,-14.542242843673256,-64.61952583623321,-29.400995924897064,-128.557261285383,-155.20060792928498,-88.67438351948641,-113.31159148696432,-105.78035880237177,-143.7378237781353,-24.359974992083774,-192.51264400487705,-38.250936679009925,5.7532988105030585
-120.80281674847241,-122.1534613620332,-133.9647441919382,-203.92365189031307,1.2636905556224218,-197.25936931642428,-242.28106318435337,-240.5527684813258,-370.94215021798294,-72.75871198838723,-60.350566289889244,-265.145617562467,-216.3876125490566,-34.23584506072486,-79.73585384086385,-117.42392510645888,-261.47379936277986,-146.6331638348821,-216.29339660071696,-86.416323835689,-22.795933198302357,-152.89231629956376,-72.32373957298066,-496.5429452316868,-230.35121784857608,-36.57286604871052,-242.13725947096944,-64.9810279638715,-208.43493985804122,-190.49203420421816,-206.96075436986493,-213.21163099789004,-224.05302426381851,-83.71125651928281,-202.32688786203386,-53.23545334332802,-430.1515390890484,-454.3016749147352,-118.91547519435679,-270.0239814842139,-68.22581685076337,-26.784967752613607,1.7811485255448412,-174.33819759133564,-187.07683458204167,-32.23647571129968,-77.59224951466642,-162.95755343842586,-154.31933856605426,-159.65443565673195,-66.93088330262249,-136.7120324412211,-31.001268472840405,-195.15611501618827,-38.951037392448804,-212.24488991145637,-79.88572339059345,40.83605462772557,-110.16721167643018,-104.81390688442752,-91.12613373411172,-15.507701532169762,-227.6381948600462,-166.19371842327578,-352.99308992122957,-350.39254106637117,-75.57882075906987,-183.20738563821192,-280.03205635667604,-88.30208728031062,-159.2443841714037,-42.87402356952934,-105.1463448868822,-185.82209518776554,-53.347483799097255,-98.71938004201465,-211.26411799169816,-293.43568308127425,-154.80375955953284,-88.88963747297892,-70.75081409475587,-174.38462374617444,-63.29137033700422,-10.12921658644344,-77.66281200284982,-226.22527359832307,-76.5663505702351,-206.56039498479183,-175.32929803583932,65.13922637402065,-230.07389937439805,-108.16607643210453,-315.1982209182349,-183.83357929926675,-154.4901958619348,-92.17992446688456,-116.61141039185267,-198.64066222882101,-28.123826121479823,-111.2586536723441
-393.2392375114235,-367.178697708004,-242.3744977159511,-255.96239615021523,-351.2858179781771,-271.2812227758123,-283.64875207985415,-432.76628251742073,-163.93008537423347,-194.1811555222504,-270.06952736343806,-318.88827994542095,-495.17817422847196,-117.18963418193307,-191.05886861467212,-228.08471880718332,-326.4009618978081,-364.17522043159295,-616.856573605512,-423.94196601158603,-282.0489310824121,-406.5196080132051,-136.20756564276004,-517.2816646797559,-364.7897011972136,-399.94733761546337,-326.2761360564628,-524.8297090694523,-162.42052697890017,-321.2162108766241,-245.51570467639456,-340.66917966042047,-321.30336533242286,-347.99026183765756,-279.1145614246748,-312.9403954225809,-355.10039167539674,-341.3053779834299,-1.2787558609445668,-205.36985403920426,-195.07728642994215,-257.9993057694426,-340.1982649995659,-350.10137538326285,-305.1337974289796,-141.30919296681574,-183.80748923787206,-357.1935311473317,-377.57925816794955,-288.68440240744707,-200.61816173956345,-398.67344457049694,-252.4760540864928,-143.97474035207122,-407.18464729090556,-285.731984026297,-369.6626997288477,-248.52296747204076,-434.2524213533453,-295.9775954717109,-348.37197081531264,-351.26962632616176,-301.9091009447744,-418.81004643637726,-424.6701875994247,-406.78018105785424,-407.659393305177,-216.75313621002215,-514.2586580057579,-352.426061949562,-290.5945763683655,-295.52491552180237,-277.6070419450515,-328.66654308654176,-427.10191214378005,-257.5953542426557,-199.34703135239414,-374.3149164917544,-330.78908853285776,-309.9872243282214,-199.34173345532042,-179.45701478649778,-327.27987579904135,-83.20518268094854,-265.86340535249303,-450.8992697502314,-173.12048791071413,-256.3665846948283,-360.2014467880198,-184.15329637580322,-356.77676262438547,-187.921489057705,-391.174335640968,-343.59526472246597,-331.252968223822,-134.6580150775406,-268.4650081312838,-172.657142873073,-283.00426505948997,-459.37956746753594
-272.79152392727536,-129.04758159377,-250.6477081709336,-250.4815250244165,78.22568036018764,-296.3345924921646,-268.679462399622,-199.47368246267172,-408.22815965403026,-189.97458510391664,12.340433285183936,-268.84189348831484,-162.2144857764733,-154.78870206789702,-215.0672095320811,-179.4321390212146,-140.17122801809595,-204.72141458209893,-92.37116589845657,-83.3933339214522,-20.84013415847389,-46.482140355559224,-140.38688710358866,-241.76075773278137,-331.7005037581906,-79.87764107138746,-210.14243518083472,-138.69993635565407,-354.5053612865192,-253.55468943464805,-232.46277283465272,-244.1242680374738,-329.65586699878725,30.696062068476014,-286.91312311398127,-105.13472212195384,-344.42436582860387,-411.34391756784714,-290.36861623662367,-154.2306170226481,-59.040590247275986,-88.24040381315447,-31.945853356454265,-255.08107088157553,-156.07495292185524,-228.47122900703113,-167.55330185065816,-152.45910053259152,-246.0574628715886,-113.85728238698067,-79.43330624445038,-215.75458165984287,-216.5526593358671,-322.74711038891735,-206.64443081442445,-145.01702284929158,-223.13967335983503,-205.50321170734404,-115.66023604358138,-55.690675486711385,-233.38841431989093,-81.66555743900409,-218.03889147280265,-174.2202526069727,-270.44932201174845,-205.47204732228715,-168.06544335640402,-265.46806309483264,-110.62745308619293,-173.96904813742137,-24.600843909069585,95.7328949854062,-320.3832740180319,-235.95140080409485,-137.85647647665823,-298.5850400998466,-250.08786652559363,-171.49673138029425,-96.97348014276432,-407.9176892728266,-244.17311087217305,-225.3493132255993,-368.025774475385,-340.59506291152377,-278.5989282171643,-243.57292439851318,-6.0504599763929185,-34.732068834352305,-130.04722119617855,-124.62566325193663,-140.84284821898697,-249.3073076890564,-235.02112490102328,-230.09669417913196,-282.7298454318702,-198.3012955320373,-85.11925164779437,-297.366547181223,-110.01425597207262,-42.83759159090742
-74.17694602824439,2.2928736232427087,-62.65057057675091,-50.85170943274788,36.022962738363105,-78.39169233533475,-76.7268784813228,-87.38120313388637,-118.29772417714254,-49.98079254963078,20.930574116998024,-14.537074981955952,0.38350375410301846,-49.58025739941981,-57.77801932656005,-7.935428759131576,-0.5604744933628238,-28.813992623471464,15.163058042283536,7.188590505019198,6.858013889764657,20.732677695774214,-31.360834648467822,-48.89524110844687,-40.04704832091276,-25.080417365373727,-17.742202232146695,-20.842291227584433,-74.85197353614737,-60.72932912373329,-71.21782248375625,-21.051151582651006,-126.0783356302145,54.07958459903528,-64.07965618736917,-9.933993727054139,-99.00624542448733,-101.55582181576831,-90.52301169620193,-38.39360982125834,-5.488811218510549,9.880542079147197,27.679393796940698,-27.87024182354348,-15.695208439077229,-60.93016374634663,-26.151827781943414,-8.574081328082745,-85.0979565024092,-16.012873291414238,-3.7792148708734548,-12.444551482107505,-54.958554496449274,-109.64632210046253,-21.640088918317524,-1.0858827745797368,-10.992117420324142,-63.80305946061978,22.493455202491514,-0.3390392551473106,-15.78433630337175,3.1804453440751024,-60.41813190416461,-7.950987115410898,-111.21525431754296,-50.11862306764566,-57.8246931563215,-41.975979455127074,7.7977755266045055,-17.999936625739554,34.7581416410746,63.199306379577095,-123.85709152640625,-22.782581265755244,13.1098209884382,-111.95830295482918,-97.34522392534116,-26.573185560563353,-13.37703544893043,-78.46347852381747,-64.8646217419918,-34.68303933270598,-49.33297736231408,-113.02093047420216,-50.92526206212403,-64.67661200162124,14.954608306618075,-2.283199789721013,-37.91047207625591,4.302164867620993,-40.36072770842188,-67.47456597661052,-68.24102456170014,-54.28787425280097,-55.862717184706504,-61.89382618867706,-1.1476516806475503,-92.14299798246904,8.062149351523614,9.91486299911463
-122.97065030594672,-17.927687526256545,-123.05260012820591,-73.40531372364755,54.95349784634505,-145.49626930579433,-95.54929163863424,-91.56306408717904,-151.92126038731797,-49.90743490506347,24.89652183747324,-80.01185490256037,12.843510587246723,-88.47112335192735,-79.4582088822168,-68.40471748522766,-37.66326001774995,-59.819053827621,2.5499791150434596,7.712174391040063,-15.92050065273753,58.283154278079856,-61.150410730433094,-48.570660263247774,-76.75117833881218,-34.64884929513321,-85.87774859246854,-9.762536499414358,-156.77870613783188,-78.79691169033177,-95.99117772354,-115.19226134347069,-182.17091548522288,79.77938791144793,-151.68773832206955,-13.940736340150393,-89.05099475516514,-156.99479391319824,-134.90437709021165,-53.596998909879645,-22.307788595518677,5.89358629410036,-6.120434718915173,-39.786003616700775,-42.690888337263004,-70.25142391816262,-55.838076180207764,-38.655695435772,-114.99876191660915,-49.21169450240855,47.98230382616954,-15.61115123438094,-109.57030283197851,-135.73418197540167,-104.77557392836815,-23.15896616715386,-52.41777751633259,-110.57703277933588,-5.690373532697387,-12.12624254515643,-87.64786660007715,-7.789162691904216,-128.35493787209688,-16.34982371010247,-141.38709254644453,-90.08741082911007,-54.73187474701834,-92.98008732962256,0.9637086372656725,-86.76234521610199,49.11817259146403,100.33328413164203,-142.30599919453272,-54.52545006063556,-7.680774445468831,-136.49918003869482,-71.82788926576424,-53.886085435310996,-39.855730411373635,-187.51143083712972,-103.59311833978653,-103.82566745334474,-176.80906023520276,-101.64646729150287,-106.78593215738464,-92.7935624656685,26.25522978421202,-34.864314955419026,-12.803668490946254,-15.369484835391068,-54.68229288576428,-123.83961115450681,-98.10710892272388,-88.64222897923963,-27.782911417606524,-103.16921411400315,0.17519660420884128,-155.0638804627289,14.763289508545768,26.644713353936886
-1019.544671451478,-50.76806078129985,-620.933729604244,-789.3891095643015,-292.38920253545643,-968.7365451956953,-649.5488626316773,-947.0058360913587,-1233.4383845090392,-536.301748347996,171.80897117949095,-583.4522453700758,-104.53033591069811,-890.834891322633,-344.36666295964676,-526.1555787540177,-19.65716261316555,-350.8176963633163,-78.20327303973285,-73.71136548132624,-480.6189837286295,44.287400103872436,-620.9304701902412,-81.87382752279817,-928.6091864414038,-485.71801925789816,-99.83913150433139,-875.2646741005829,-618.3973900088416,-350.98920459397254,-678.3786979865941,-673.4946321347965,-1040.4790138820772,265.2987922023378,-1045.901908379411,-311.23247130916263,-998.9882454727147,-958.3994892485666,-901.4630205914166,-498.1019337839577,-267.22648823055977,-300.2591935243452,-105.35631081191573,-857.064560149798,-248.66682545834996,-849.2235210606341,-653.765280630268,-137.09276882951448,-1041.2999789242087,-257.508202638883,19.435392303845042,-274.8251439080673,-1046.2414041367108,-1120.0362508155424,-518.4722393627975,112.88778480426593,-557.5500078120525,-690.3077495099326,98.20524335746794,-527.3439244034084,-453.72378097474353,-404.77038331366214,-941.9150703496304,-496.0097181601482,-1031.1024055339926,-646.2599248947676,-584.7295073040691,-332.70043961389126,380.4516493544928,-301.4146289583656,215.23630716844144,404.8324718199942,-1628.6352214022404,-368.1672236698484,-192.5674443616273,-1450.940448556236,-1072.7297519151898,-403.6646208017582,-456.6205072802556,-1056.410118731314,-721.3257298374263,-970.4255221960484,-783.9977624775653,-1100.6250552043127,-608.8313178234907,-677.9548416957643,-23.93369096621678,65.40516942169765,-328.7611157766434,-630.3973552323321,-677.9979147725055,-987.7223717355885,-801.7082410189823,-982.6493044750436,-758.0981390140691,-900.5272419153698,-298.5466134166703,-1016.5354912238043,-335.1353156217999,33.586545022593455
450.42215147587916,-240.28628984723414,752.4536707795777,619.8523147259931,713.3273930970608,468.2363385485869,1166.804019644241,790.5503456896082,991.305225747578,214.3017703195407,25.107820528339957,-229.95281286370937,-92.6165229694035,1008.4164398559265,848.1924297807478,261.7284038460053,-541.6269672451238,-120.72686983214258,-21.822830390763638,-189.18193813365366,752.3788628679807,-294.4630054437935,1365.182052549072,-584.3491744940285,484.2130197943642,513.9903586566821,-811.9154467348426,350.5712235826511,772.3703633170285,1196.732912501557,1673.9597318748993,-427.2864796232401,1579.2069557854209,-30.724527371425932,655.194375526615,610.8828491821458,483.13686562937835,1122.8009589716594,1459.1510122365116,435.26753977110224,279.1478190693105,39.292442843465004,161.7646485843839,661.2757094235436,392.04220839513897,443.8361111817043,291.54526074402315,-101.6988670907263,309.2299087303447,239.88408231711625,222.86842986168836,-193.84970091703585,838.7104778222057,1115.1377361465914,159.71912326210037,-276.5331606131108,36.122142710739304,1726.6303408435247,-521.3851833699337,728.0174227141954,19.12017859460883,546.7271006228651,1662.570928725282,-295.0558137363126,817.98027054344,410.7059179335064,263.08153565049656,-103.90119728685538,-535.6255589450254,172.93474621447578,-6.213569814158323,-350.17743984960293,1093.8132375262867,157.50364110385445,65.08986398840166,916.0023993939823,709.8121921564598,605.7189743961906,346.718902220172,1279.988241835862,837.2724577427261,897.8152939560676,-757.2355669619233,1226.5255413353157,918.9602901918714,1427.5477740512242,292.0799910489502,-10.362667592340696,256.95558222445004,1108.9723450457998,849.0074976274565,569.9043553962921,869.5663924389794,1195.6385014545842,183.11278873562475,1022.8891366447963,319.8837415397869,1467.1317401493218,1036.8624952455352,44.30419492608193
433.83359673369466,39.244537377515776,119.13082957744304,44.603529117518704,-18.500355082103336,343.63592923538,399.80268823753,449.7212818658589,323.38148650780454,290.66174551506504,41.36831281807637,84.28159733146893,317.2454420949516,117.61789617261417,363.02840473399635,52.27328609307276,-57.16765372111456,156.9294947718565,53.52782797730169,36.53545604301404,-17.385425144721136,19.992795043213512,394.04413226842314,-23.595120132200016,224.95379902634093,179.67575919977824,7.061183401869583,-247.72526298631297,453.9231608383308,675.5067277685248,540.6198672727226,-198.6467296034158,375.7000557405034,5.147565735908019,-5.480190979709409,167.03845524041904,424.43411609378,574.6007250595842,442.1967988438385,-53.59922880537655,-113.13665760432514,-12.297416635791928,-66.13673177951387,135.9210553625495,250.70683481718717,158.45952254619212,-25.06312432110233,-2.6184706790915846,13.317052127528841,-51.4264244883852,332.7824957829896,342.26815434247266,70.73403003544604,474.21237516102696,98.66948043449938,90.14632572347122,160.13397406656344,629.779539659851,-81.13300959032301,193.36396646586923,81.63838598593622,38.204204556780944,381.8468668509498,124.04222514175233,344.01694951377425,19.256886158169294,144.43546232697696,10.232810982347338,7.075200658717533,107.32379671204858,42.498675697299305,-84.15555377273216,345.8396030468549,95.9876112379521,180.43597790369097,418.4819937586718,310.8834273092867,102.56792273109248,-199.77227423128008,474.4446362763455,387.27975784906846,45.156628155141874,162.6366921722958,451.60389517065363,214.393364071086,517.9302527731465,114.0954879927357,-88.50067789683244,452.5899011104026,298.6881665597698,74.741583604604,185.69716002889234,147.58507367289837,295.24250869815154,636.9543698695687,35.81718952364866,125.16095271611273,468.942902731333,299.80857990213053,75.30463368750239
-161.8607025460956,-248.75441696324282,-291.3216114053189,-395.3890226937647,-128.42222331366364,-349.7712215717782,-114.28293914362798,-175.2527620115168,-208.5010870441165,-240.81605921893936,-102.19210068880325,-140.61363642976323,-102.40114790612974,-233.56146579801373,-52.211941893475235,-228.20187576367744,-133.44988896328903,-57.48030491047608,-311.3465454095789,-1.9054769142368455,-192.13873285133891,-166.12047871725412,-245.602139738045,-142.1516024376479,-379.77242492154267,-82.71133872645794,-137.11572136393744,-430.759199399351,-254.093449812087,-122.50003822086086,-173.84655153552833,-348.7240875118797,-87.43369300671972,-134.17089755181607,-321.39070390770826,-66.72799991701692,-73.2145249299938,-277.1623543727752,-244.59941137946262,-416.52510149705154,-266.25354245631735,-178.53221025512468,-198.76976788088268,-420.8679679787249,-221.4378824258875,-355.90994159332917,-361.6238915188744,-100.08194302449789,-178.61953023079323,-225.6170755361868,-95.96150915638513,5.054387986017129,-270.81361948727323,-138.43966075605138,-81.48501966672013,-118.72277711560103,-114.66309523162775,-101.61572418339836,-99.13967022168826,-241.28993142912176,-186.08258550290356,-256.7263298082749,-158.29284366127834,-63.0210313240577,-245.19718117808438,-327.4245333617832,-148.81691802275438,-126.53350110055531,-3.5350814191353,-69.21798225684984,-181.30896910727904,-92.3540530078362,-136.3367250754147,-225.69888805125873,-195.11484088132636,-185.40011134913283,-197.78832474365277,-211.7506266363755,-417.9917437751606,-321.27543068355317,-158.88818661613297,-300.6002900726321,-27.976661822474792,-158.95563652025396,-174.54887962392456,-111.46360234249971,-129.30290256041005,-237.3430342736452,-110.58149403561309,-207.19694048211136,-398.05521605339413,-307.3864937129189,-331.85860666420035,-246.7247652172224,33.14278036738334,-106.76135513264862,-157.11428778618313,-28.98827217177177,-308.53348230238714,-201.6220749646726
102.27639504768091,-71.61454107342826,111.84001839238155,32.25151242933731,-26.770673775531534,147.41207609332022,123.81131443728773,141.61377807631916,159.5256688320196,67.45220578251696,-24.946490799776672,-10.83271663204067,4.359534083850841,95.05657062105904,99.44133163558331,-12.309402440533754,-44.41683870814032,-20.83316208597034,-44.879125220579446,-10.211040553119975,30.517469358706407,-69.74663662700472,158.15120430129477,1.723153653171286,33.32685520638502,41.93577214360563,-37.35720327518349,-48.37190218733654,164.2654583396619,178.29450295810105,204.81737801362635,-42.27525212370453,269.0668417706701,-89.5257188676431,109.72076954033497,31.993705427728443,115.8112564494286,208.97473308686244,190.95445966115966,25.33464139109337,-31.0985716771471,-60.273722252129275,-33.09225379879653,63.88031388740552,70.5288969827402,38.24590209201286,24.326755878543903,-23.52454126522555,74.93293738064473,21.69647131299883,18.593721405486136,7.096941691670395,81.40991039920775,189.1192541081322,18.072984552489423,-38.73063112342714,-14.8643793950565,208.0064773484713,-77.99318219317678,54.96387331160652,2.907749136744966,3.0596326010166397,211.32034682510016,-16.865544764019408,174.3455224676655,56.7257901877083,57.48064063447958,9.625704872547898,-38.55196152736526,-17.54926269166538,-63.63628258632922,-96.98612297188379,201.62493547107098,-23.647113453311086,-26.28782621563402,222.4284483631601,107.10445026038023,57.6728201705634,-48.53462059955344,199.33382070539318,135.46094306768254,92.35742376662527,30.559658498829315,203.28124181836736,57.86305082000877,141.60048241832428,8.190586618661094,15.739641506263174,106.49185268129084,50.55367645500807,76.38815785531169,107.76507663353703,57.398497656835985,121.32527018319361,56.28608647087163,103.47172084060787,4.71163368862687,257.32159488035757,35.26104652148958,-32.056872477034
522.8072290350723,-109.81981972271794,298.9289603139454,120.67897173835651,51.6852662902723,495.3884687731012,360.97495774677543,545.3935533339584,534.7632175843155,289.2186411992463,-17.697013966076668,70.23381407351783,197.90583478343478,465.9618904129975,301.40869538852417,32.5352312468446,-53.53569963134756,85.51441204517509,63.8864277405364,-116.04020825912498,101.7715997788061,-124.7011091051057,378.80345602544224,-126.58250000578512,250.09557946481732,274.18707509001064,-35.880970708495106,49.268845418657065,471.4120904846339,468.3625275943225,629.3240499660975,-31.88078773040267,810.7290054660434,-153.39262298269486,307.856824200266,144.66940936928145,463.3414553426479,556.7851320730746,538.6600516601419,81.56171477256417,22.10561866492079,-44.16545232075327,-84.89718668203425,204.0595279356517,88.94257389671333,340.6160802417798,160.51885916849935,-98.36386193016166,409.78387096727255,114.51112606659473,123.05387431169098,43.89325427951112,388.1085382888761,579.8446959143287,159.7004532013269,-158.08082550463288,122.86989861720124,671.4670954751692,-181.5840230281504,174.69310404755734,31.078927608057754,104.68882918689509,638.3042723563008,28.247123180132416,628.6876847218149,191.2681168854863,243.64792482371934,55.543700205127934,-196.29903093774655,146.4772774135097,-119.3767133682194,-214.75109902680128,636.4467406422384,-32.22762015197711,57.16667832024787,772.6141069181555,429.00687329069854,251.9189460172846,18.218229800863817,564.1396652878647,417.67700925338505,240.32963796862634,228.1706301916786,656.3082635274735,222.42138731561153,522.8560177534589,65.62217891711983,20.331041747335217,320.45548447356515,157.02805899090038,220.90103898445037,408.6682073030604,286.03865441193784,356.3634729822312,312.6151569468357,417.27515464778804,20.446147578522915,759.7558918372412,153.3195719312302,-21.682487376016418
-125.46225441924881,-157.2165476541274,-408.6759975116403,-598.6306275549671,-195.6650856398902,-330.65691020480335,-109.68945162208055,-153.38038136253297,-353.0098652253842,-309.496699465184,75.32479244053921,-357.3337839686744,481.72639743273214,-766.2664327899278,-177.0391799365718,-656.3921228064011,-250.14971403771378,-256.32024408589103,-261.13572746676897,318.9711756396026,-424.07237078774045,-21.772471961918964,-394.1771815202039,-23.712395986921088,-564.3049334788536,-154.05490767338244,-164.9210326822513,-464.31558971699377,-437.78326820952765,-75.28188413133162,-344.52476809180746,-545.0088845377494,-590.6176285354144,-31.51593435953025,-497.7558894642425,-32.803457843917045,-147.85617994232797,-169.87920164317566,-623.2099613860727,-486.386925354432,-522.4362016248712,-395.77069990063126,-109.94372294359307,-677.3285846757069,57.517215124731145,-592.6752021376468,-659.5346653403927,-33.96242487106499,-377.81861334007124,-222.91317385596923,140.91021754268215,81.78241636715425,-438.255673197437,-418.602485005253,-523.4078935901907,44.53797429006535,-255.42356006381303,-101.77595684908128,120.55555033939567,-367.0560866781524,-393.0629111292931,-229.72545052156104,-487.4980794031608,5.713621331270537,-305.1054364863681,-273.50456464077206,74.54547264358979,-271.8618548172532,586.8453384848441,-429.8491338212985,-112.65564187753213,154.8352841376296,-240.5017158518062,-362.3710690231067,-405.0214631064332,39.219186951986245,-193.28342240681516,-216.39860208496205,-778.32575889093,-658.5142946783981,65.11484949098485,-621.6859498372424,-465.6514196561544,-170.58517521400458,-659.3785045360237,-267.74257252237464,45.546642674314846,-147.21624048680138,433.86985378200876,-315.7477666991779,-483.9095429329073,-516.136271908736,-510.25246128218663,-243.34491520900656,336.0742784606309,-351.60501397838675,-97.91013668680812,-124.7989675945501,-364.2928681453403,37.87987381302925
259.326146445068,-143.97551564922446,287.7508087520192,-55.29040483322899,-119.31178691255948,361.7412034350774,102.9191351178411,155.37078520284172,236.6757261860105,186.1576808208349,-49.991045570663715,5.9034011061173866,-83.39458152002481,177.09512995312977,113.50361995110046,-73.93270299665284,-55.42685805253728,-1.8657371761562827,-120.82218849656884,-178.43137565662894,-1.5708966109716243,-229.16561232211174,143.45889531395494,-215.98155653417223,116.10786212161554,-75.66275129377033,-19.926654870618385,-80.53886520924576,409.751511648898,112.07300720944266,446.707905299849,-36.91225201009317,555.7574550651844,-282.39856796795027,306.3259770821183,13.2212219457198,87.85247806497593,227.49867881076466,299.87853206869335,88.52678597015004,-33.49541144188571,-109.0765806029538,-107.9366733712844,25.843635250433135,12.048756662028076,250.51520133917415,184.01417079041386,-142.8992296883911,333.7429997490797,34.53242647789342,-45.211201200642336,-150.65498918199017,323.4675671264527,263.2218647306106,-9.415923385615173,-206.8415943065241,-7.667918489483118,374.630282971673,-219.0430771957866,88.02989258853924,22.04576293403352,-31.65486045592764,326.33338803556285,-110.87098483603961,557.4269539696222,324.49075522790065,209.05616287407022,-7.037096357929094,-226.37776783919173,30.691257801088817,-221.0258830990129,-266.87582112423235,539.6336611038776,-122.32479959024204,-25.291732879488354,672.373373122439,202.11426339369163,145.3726457134795,25.10685304315246,257.23631175254957,-44.22394434327717,189.6414654011829,18.815836647878655,444.0134631194021,113.67794327940065,277.501583713175,-151.89448959447233,30.229848202804202,187.26049388955155,9.106052566189447,167.00786940838563,377.6070439732375,-1.522843020000844,315.982132066157,-122.76534825552808,301.62758944963855,-151.53605351250476,534.1502986839679,33.0154835191361,-64.00861870563824
167.15897161861605,-42.253499428676044,138.93928042042623,140.13637944057615,-83.85318101082078,231.98625039274089,173.60572841501374,212.11934490032792,249.99812179096728,108.18608239018914,-68.45015549411801,11.30766129335189,16.723650333271372,150.34953857067555,112.40668183657812,-11.658915856340789,-85.40743978450158,1.3624345878079107,-73.81194894467818,-114.04839901015599,-2.846976649292005,-149.59736477496722,120.91069851445019,-64.48497551073181,123.66589869149294,76.68738400809801,-49.63531328660113,51.67375865765538,155.67943297841632,122.24313190225745,227.7329591868971,-25.58119457558221,270.08432904476547,-199.05084824767548,202.16295573423307,-32.59511002200926,167.23348892944827,255.96459180544917,254.73773353551903,89.44336624188652,-17.596622460719654,-71.08036319180276,-33.40119914701776,62.60124139971188,21.88858444321699,148.08236752387364,122.951562448444,-41.670785472907106,203.57966548273467,0.1964843354971726,-5.876901536245789,-84.25511079842403,171.31107008708258,257.7816464305146,14.97215814289256,-53.27913268356439,8.397475567221667,237.2170565875211,-110.84823916071689,73.94561446064674,6.912214387994311,16.138712305105024,220.20084385141914,-24.938183426133463,279.0217176524571,88.61168939886267,117.48877951103864,6.42471260152507,-131.67884451617633,24.143114538441456,-131.71204533961173,-195.85380896752986,328.4798522334926,-31.72154881978333,-45.23798865691784,394.59117504444094,183.61843113676852,74.57080042935753,17.673038567522724,218.59302866025521,202.0183997262809,102.39945115732878,102.38458935682124,285.2983841301716,99.26056819404202,237.07357138502493,-43.77060817369893,-58.728016279840666,79.59450467013824,53.09516145269298,78.15594988857525,140.55358193087307,92.425444178394,220.98424690172672,113.60133147496289,183.35181873991365,-26.271918011091827,301.18336894119193,33.014526412161445,-31.662282030212268
633.5710529345253,-486.31290882528845,-217.54960545666847,96.7576940907687,81.41411942093747,145.98502806216084,819.6984579675924,1471.0180918869385,393.40850077944725,-546.7675157309618,-499.3285411396211,433.63472275967337,196.53965083351798,-248.64546953442962,1093.1467869682967,-184.20311969713643,-635.2654001907649,300.78821896659974,-648.9061341544823,36.807120528469184,494.33208247292885,-669.9451914250751,-422.389749192327,-93.75166670772096,84.49515965627678,125.54102358156588,-298.51002130147435,141.74768895810502,-465.2917042612163,1034.1930467764048,1004.9913916909039,-1037.7485918896837,1732.3627539895454,-568.9442575985728,400.48357707485695,484.43648108058596,235.026166298938,-189.98248084494136,467.4376923905131,-56.90812464152821,-428.3547637463093,-195.6052031419687,-54.9333669577835,-396.88480477994267,-405.0860000991305,301.39134874785043,-94.34197465440808,-101.80019594528336,813.7054101165552,-478.74868391024205,6.859897575385951,-510.4482129810675,695.1107206718491,-385.994002317338,328.33442419820614,-238.14642418003547,-11.380755262078937,568.2096775104709,-247.2221695207751,214.22475172279593,57.2298923526548,255.59101216839514,986.5576331918218,239.10409554787392,1583.625614908978,-166.1406596872731,840.2823370223746,-1400.6236351960695,23.260559311512385,412.5260934279068,-216.7663838447232,-733.0306635538612,1761.1199986317613,9.503482024764775,-118.84743255919432,1017.8115348336331,221.97297521412509,-145.07193419325787,-853.8815073761248,113.77219779635894,660.3110423717096,-617.6944350916896,67.24760533721215,24.148441096546318,-116.6236105116556,1270.910464511334,-338.8300187901873,-940.5755047143352,562.2340474714247,633.3367569300964,-74.1323990459536,56.82698118708287,767.1309729513731,781.8465553457867,1616.6078371492986,369.9102750108466,655.0244553078194,1275.8037912243706,-68.57004208689436,-772.0184071493926
54.1336997469492,160.98249291220336,-12.530801597471186,56.41816758113806,204.08683333985658,-129.90265682527897,-52.021905435886396,153.43421468414348,-65.32386407885879,15.196446384565169,166.3553203755442,122.97338655083453,233.6177028192697,-105.91375265371003,-24.877937099890037,102.43959334500305,163.75922303846912,161.1312451757788,176.7046010005045,184.66539710104485,184.63893067549768,239.1845599883019,49.086918291497476,127.58504948877722,195.32182577536827,197.98422862355707,126.72107249104836,178.61114522867834,-55.4756771084249,58.47200006466823,6.185494312475745,32.01740362708226,-78.84325953790353,250.646161521726,11.33763247997212,107.55611116768851,97.34113526594153,68.8806285386025,-122.89177895652469,61.836195322485345,55.55337301396147,110.53148438182923,154.95221241094606,-18.60478995605878,95.43603309293125,-20.96848020120213,-12.890743361802976,121.50670508878554,56.05837968209718,103.97869438318534,88.97055074140746,191.93735814842853,-19.844425075669474,-114.48933788729332,133.49407887545158,131.46088493415158,138.65320046645604,-66.6722108125728,232.05858730042002,118.90531479030801,137.99650617823332,57.474630328857494,-33.890307543792865,229.8437654185794,-79.35250506561577,-26.05240626310608,78.72986175324937,31.74634616976515,205.85037061079228,72.4876012490543,161.04317582912748,226.19071740800342,-119.36131695757052,121.10363256759793,124.11359794183302,-55.878417622585175,-37.21255205844106,51.939646869079596,83.07675859138195,-16.45758291499317,82.67445488566321,78.64153310829143,171.09467294661795,-65.65818182285665,49.4469368166365,79.58453251425604,134.924265485839,79.4065060093135,83.38893749143986,161.4739834302222,-34.78834930928011,40.65250999349021,70.3732705358969,84.90264346086639,216.83651352642016,-1.939774555206304,119.84521469648988,-21.530528867320626,162.51494803421116,207.49667650659006
35.01973837469871,405.35411168509114,154.71719525820083,409.29449800450897,321.8133532890005,394.65123259485756,510.89352861130266,287.061250497985,293.5529910565209,242.8884292596474,604.4485624475801,346.3897918043578,579.2482172809891,186.03061267557942,538.0161260761183,165.56929893237526,603.4574381171924,539.1594895643453,478.1364311001432,494.107636613716,428.0242461656795,656.7133094806122,-151.41922503756123,977.4543938050837,427.7290981768986,446.19182040607166,727.1511828895292,466.192360885894,258.5212197625713,-33.333175410212895,89.04721344652496,39.50569612374365,-30.103759838707514,493.2526158988637,455.07183895311755,325.60860817483365,539.7401913532569,144.30005773084517,-37.50880342578892,179.1316535230639,270.45889441774824,277.37545690424065,243.2406597744591,372.54167942126236,462.741036006645,137.38102051729135,307.7550630534281,340.7059680514431,646.0050927849912,287.6207445405885,408.49107115187815,317.55094555262974,180.94503451066797,133.12038642848393,252.19253477668124,445.9972626221653,183.00860891509942,517.388686020917,656.1498649162124,287.0692910045839,559.9019866748388,442.10378120339664,274.5857807896632,490.8113512449402,328.4033863912306,325.5009815817485,807.7272136233449,282.7727851573326,608.5851432708739,216.7640329859089,451.19257320864074,418.2117547694502,226.9724774280841,374.9345042294716,572.6489341960454,382.7352973000655,324.9157901147474,404.53287058284366,166.36983100900582,1.0104857331808603,355.4124875897325,248.29978258646761,522.872692528352,136.10083149214867,-2.343750680962981,413.5238871518112,229.34931104994632,153.91012873051787,546.0708224965304,196.4156202583026,101.38574504831742,60.71294135449709,410.0808574119682,497.18757732717455,1258.7052935760707,45.44189130506838,566.6650460408571,77.13082087513463,177.5641746714301,438.5118272925557
-19.4254083411897,56.53437631476087,-346.3000869791235,-130.51059053189925,155.1659658607552,-270.7006943546458,-224.74292669761576,218.12514603700086,-296.0858967409779,-264.3126468018974,-433.2353501013207,293.20592289805853,-290.35720708766337,-402.4617395346564,-475.9349691046042,364.2621021884936,-306.32614963459446,-162.96257984139677,-342.392659987386,-356.67068474933944,-521.3674362507729,-274.33154762304935,-172.2036385108852,-359.84905264902216,268.2429835819702,-316.7758986992544,-211.43201892513454,339.5294960448465,-456.4438006429427,-383.8748724443564,-625.432584141924,98.4793707555615,-217.65525883244692,-485.95215115790836,31.837553760495002,-588.0449040337346,321.1779119246912,-33.96813440834322,-130.44031816354646,114.14261869137054,-282.1999118816779,440.6019637718455,89.63659223842072,-219.32327355463033,-117.28368014870655,-261.29508915182015,268.0981033503327,38.12102176625246,-487.59329640352877,-301.6740306512403,-534.0496582435014,-288.98024981558166,-152.97774069742937,-293.18708011682605,80.27156407561624,-86.70537034811035,352.3992445645311,-921.1408171203794,26.21131463236557,-101.13908311331065,40.47847666143022,-392.6337576150361,-678.4223535936318,-298.97863252055885,81.23802537451712,-494.93129793504914,-89.24560213419323,-409.47614339432624,-246.82779432662903,487.36139784562926,-372.0128257540704,-211.32195609177927,159.53718899847823,379.4862338800138,233.23653372857353,-570.8568387068065,-177.2087976994191,-620.6084449768134,80.56713367702574,-200.664239495868,-340.3965799142145,-499.6971671619216,135.21688190462393,-936.5419617801444,454.3659746726873,-81.26299475951015,-232.9305667029922,-397.0863502554061,-774.9606748268019,-340.36379927995955,-133.84385270710462,-338.7960413567618,-166.75154586914493,6.763747612581954,-173.8333654381206,-145.4002575483977,-422.979218666058,-196.83878778371155,58.25423100066107,-183.36513885032193
87.72893049935637,197.7796466090576,57.671157354356446,97.81117740789368,201.80332739589574,11.18058835722936,41.49604353448878,134.72737291630673,55.51503253297982,97.99501509097692,211.63203042630974,203.58878260100764,254.05329062859343,44.28294255698537,-39.13400496278301,55.203482472186586,241.3080206132302,182.42150654630288,287.4699867328878,193.94448868364796,127.70438982833089,282.95276640587855,-6.2116066483831816,127.9054771039087,102.13040374184617,191.081363624652,300.8697482412162,244.37468960220664,223.69528299757604,-188.5184580024007,-82.88401895972079,202.26999997081674,-151.212494319393,240.4142313397312,252.59533318648016,76.61350598005212,267.95856284590724,278.01998074828015,-106.49751936171864,78.67470816226863,170.8535922687135,132.29670878068308,124.43081286637448,215.45948730911732,76.25120954844608,87.0790793942737,43.17942633887092,83.7573187784356,286.13592794329287,186.08176059469685,-5.824663147864274,278.727364752311,42.23707852333296,57.10966084889722,122.92624745458126,150.25943897476196,98.06542217986708,24.711272312200975,306.91818534026766,135.93464328831584,134.73468839843042,68.16564723696266,7.411834308177463,242.53460793871895,-48.380316824974926,65.53560198016902,69.44653767653881,247.73725373653053,229.9147724774825,54.351741661004304,102.46698809222042,235.78643429404065,-193.89763154324743,96.42766930322053,122.51308899630631,109.14091796687211,72.86967082876713,310.8261613654639,162.79128396579304,133.46824163124109,92.12632258556275,65.65763369110832,398.36667853389224,144.97247619321442,-57.417522627863846,43.77006076745323,47.51382951895747,162.53157074480862,239.91427228315433,-52.63523509544083,141.72974434790052,173.6816103850177,118.99895523835929,-0.08975049453711079,139.804489349733,171.41237760610667,54.889543281432516,-7.829590214371091,65.78555974973091,92.43985214452817
-54.82034279371701,76.7694770954162,-49.16407296992912,-43.561419322323914,105.54409421334977,-98.01144699951674,-68.44773550284754,-38.149353730024316,-116.16603682045867,-38.42309710209871,85.7298557007754,60.419339659195565,85.28097064750372,-50.70647600980491,-112.37058034862316,52.69176917306889,88.83742941152983,50.41121437286028,113.37778066799068,122.6140711419891,24.344474080221502,141.5355369092849,-53.727444167718915,69.63209537457102,26.71766601134213,23.367370220427336,89.59736481859382,83.66074241232533,-91.42247689041616,-65.08704184283451,-93.85732268906553,55.6738508869309,-109.98749082364681,142.34553724529755,-74.5617912681939,-4.89201757619836,-53.04491007481515,-44.24942650851698,-164.90099979951418,-18.62819351277544,-0.3109543839498307,75.02639936637867,71.07155469056885,0.23898166294696935,45.94198800213348,-80.23396431695348,-21.007026082839317,53.365465879219244,-39.94029939344144,33.73159336356952,57.874376161264166,105.00552545903491,-25.123343046884962,-137.99549912706544,40.325906936481864,57.712833096099445,58.45146638056465,-157.66464406487287,146.94099923486868,6.905709498443776,60.08695682183684,52.54012452655554,-70.28302106149839,102.28474310538708,-93.01228527551477,-12.059392150437827,3.8090433299897293,10.721788341002863,144.2495990660461,54.363875455671206,84.67476170139099,165.95364246436282,-121.37953621743321,77.42761532214513,101.97487994826903,-139.7247551729619,-31.656811806490904,-15.077551586422388,-23.73191144448316,-120.60582155154648,-74.26636251742104,-50.52919623688975,30.523033195903025,-175.4479517654621,-32.76753043754187,-100.3371430115269,45.85364430744881,56.38127671259604,22.145342207085402,-33.340003351614605,7.694906423048475,-75.26028993331525,-52.99630558013481,-72.37605082621465,17.522067358573523,-96.40813771262388,18.009782297709062,-112.20516345495437,-2.987110223870905,93.54087199864802
78.72625835520833,400.927343589575,1.3838965742180436,130.61328714969838,242.1205883913331,21.122880393564202,303.93431227782577,-48.199297932000796,146.24132951977427,217.1954584396382,594.8642309962132,68.95304489437487,659.0300455968442,-298.1826222512808,92.3787153774754,75.82521724945755,594.9360078804364,348.9026049517624,341.6355542673989,496.20930215501795,-68.29994716550675,637.5217385735547,-201.49931321640196,625.1017523097659,360.13558932738596,182.76013313588928,636.6884158435444,484.97354336018765,452.1570849777685,-158.4859013948126,-803.560373826879,285.008242035536,-741.9996413444711,412.76525893844837,260.5635221328084,-113.56209882145669,467.98707201315835,661.2541305157686,-487.9372453003146,445.04107301890645,190.41410485225234,71.6143771573573,123.33110061126307,-11.188678503152083,320.7278910009981,-235.05912181942065,-13.585619673919528,216.358269426179,425.7524792882312,61.32627714194786,70.55463029375322,274.1426464093087,-203.41965726556938,-265.72540923067857,64.29685413522525,370.52668611320576,184.55458346585496,35.57168291246424,788.2318883398485,87.31557449081608,235.39669980028765,9.141208156469483,-247.1806314777656,329.7496300014498,461.7302009172386,190.2692128233198,556.7196511821837,303.52437811213747,966.456911742224,112.24573158000538,359.5102889865303,459.34922482004123,-483.3920536073467,157.67258565415773,273.51894992044373,195.27816477344547,-28.671597020187704,357.7102432083183,236.32271162845674,-405.2818674344278,204.30888103698496,-120.87789231030229,405.97159843399635,76.67575075282328,-491.11258746547963,-80.9237167548014,214.48765756604504,287.38822221732227,626.0201355926243,-390.8640723579392,-146.94544758461458,-8.156963865673356,336.7811471360145,139.16919523091897,778.4891821684195,108.28234771299597,170.36762847738112,-133.90546891793804,-169.22523217013114,268.0507357959459
187.9358628132306,-99.4356860110662,144.03751515718807,210.5592741651305,-126.95961695072828,289.6634019940619,111.50546497944028,197.59185129701166,265.5383961611281,56.346959663861874,-163.2392637205328,89.24182170817927,-113.66947324594176,191.88973495673804,19.849215431619577,41.302886919938814,-127.2622082960501,-8.2977751495029,-158.99282036763583,-171.7840899259439,3.028361349255211,-197.50147564136878,143.1604991744005,-116.51071870832924,207.84455881694828,62.203828393131566,-72.64361048180393,119.28575875293778,117.68977409543722,29.639343896723503,181.2459998330122,105.33898405977354,393.8502185535475,-293.6481092155308,189.39268479926034,-98.80073227233076,65.14747841380328,161.4513730192442,298.57761553247525,109.57632535616224,-6.482507909531689,-52.22118960166932,-32.002611950493296,87.17653607102933,-31.148110227447358,198.34140581629092,103.262256247062,-42.2406481911021,223.89776204779716,26.978234623132213,-116.86975448104943,-133.8206220168428,261.2017901513157,177.90227170539688,66.62552818603676,-138.98556502584267,59.62386847709847,149.8069203520017,-148.74304542945478,111.44813249215177,40.65574645815914,6.892561909418921,205.5500036216551,-29.318939180433055,248.61536183136357,56.73041346910294,35.27219978029274,-6.137589672472573,-245.28447503682696,29.627273169683335,-262.83022086728965,-283.2668854435624,363.8442461304434,16.57040135414146,-56.182934625282506,348.4776463617158,225.9291642728321,53.95487207621879,34.69925194772414,283.40810529051515,191.30972303225147,146.31086401691184,201.54235079950396,304.7155652438192,162.89683426693153,158.59007176505196,-119.07021504074622,-71.59222039234258,-10.393893902922297,29.563716969016813,72.96117730794805,160.16679203997887,121.23479941539999,192.15251037259253,-31.305527858159692,207.78236044930003,-62.19135327981413,209.75692658828257,20.830261027517388,-134.4173162026977
-310.9559491245067,-164.8931813699777,-150.28936252319076,-22.926325152304393,-292.672732436291,16.781631599116643,-152.2946842011397,-256.5207294964586,-63.35334909907905,-185.6461230651333,-217.43502783456637,-198.0098673021537,-237.57523833154184,-214.67992646979022,-233.15702383417758,-206.96760888644664,-177.31888531434433,-138.16178268455428,-357.816608926999,-433.83159351228005,-262.74653842446855,-308.0552348619706,-189.98385854784874,-285.1514688735171,-194.24532496778713,-261.9469918088792,-75.31162549771143,-49.3361038415215,-249.58600223778708,-401.3932467322295,-413.68902868939057,-54.36700355074219,-279.2765834841604,-328.09146790669536,-185.60727398011403,-336.1009566242648,-245.77949359356995,-248.19966724301096,-161.61211446324424,-188.09106062059277,-64.70483223028293,-218.8694427016157,-180.88160320686416,-281.99268735697217,-295.36969479914126,-30.362072058558734,-86.9798920057938,-155.46269356890076,-171.95834947040808,-295.93669254082937,-371.28932595026777,-357.93921124577486,-71.94396539623541,-239.77117851228854,-208.4462647015422,-139.00082036660595,-98.63052222101628,-308.4410258167639,-208.25478538348924,-239.3260642996128,-126.02558500482803,-193.5986053524101,-137.20787571116796,-270.7641800846726,-67.17193871633359,-166.32280868700155,-129.6397589663662,-152.9032830212927,-255.31760585049025,-138.21958274406396,-224.58876505386814,-302.73500792426967,-24.41765522692334,-146.6798282199173,-273.4232427245305,-235.57876554165497,-300.99981210196256,-248.28939558107203,-107.6789991494306,-308.1013151827733,-86.96615872525838,-173.57369307799186,-161.46571405585942,-55.20676267741837,-160.64627209765757,-242.15392024854148,-252.784488426424,-287.88099672723126,-168.33173421667152,-260.11458409894936,-190.79306899862195,-183.5580563618743,-213.5074389622379,-172.56078257517802,-210.47653118822262,-125.14351873884156,-155.6839064614572,-330.0548854027784,-382.3284807600812,-358.465446515464
617.687996383298,545.7022898688432,509.37023047021995,918.7473077627218,304.98145281945847,196.917725277285,23.12797618621433,592.575368162344,148.8742130687483,301.41939833455245,347.20021015583967,601.61887108998,295.6706509141665,474.1167940767624,191.36205643374484,635.5294692270301,430.36088888333603,646.4293811356819,496.8944095729898,1218.970702602199,644.5587761247225,797.7197197326583,-290.7314042712313,1240.5281148639838,1597.9681299260224,548.5862504854161,646.7521793771679,942.9789463151976,149.14702785593875,330.14723017639983,365.32245213499544,969.1654978523749,186.38066463402666,723.8302139601726,391.9722487386629,162.72446685545273,182.1893536331757,272.7061510523751,219.76683887066744,867.5823576149212,179.13250601366525,451.4694452753096,444.01506316816057,623.6739222060376,73.60142136949742,162.05804568230582,424.8445942663169,561.053050654015,1283.0525352548323,730.4804871431122,565.4698320132397,459.34588744327385,567.2389747781793,-644.1812355857933,859.2079003336613,328.3916417634338,442.3246773631931,108.20733693836117,659.562483400977,661.2839437739323,655.8963744482368,620.527007536994,166.22786690557956,1228.96021381859,1039.2660322329803,494.3983079049649,637.3504563337328,253.42279490580032,1004.1137967946527,745.6847685753354,227.26357590752218,446.4516054139401,391.1984348237613,864.497911711016,847.1409622411929,886.6337390603727,560.3909351793609,306.3793615649787,341.4134952056249,-60.39283290886518,242.877564232546,281.21943594095563,875.4082595066136,-122.11603893607956,488.55607997144614,383.4673026066325,228.81265083474827,504.4093904211506,93.98900037231952,289.2692417356395,105.54116986748134,448.93630848114435,1066.8503476048093,486.5839030948078,1104.5458121512338,467.3129089473336,204.27585381172167,416.20277714869445,40.2043126627508,362.6746043564963
548.6400592031715,564.5995321263784,752.165288093007,1033.6565960701996,444.1764376810152,580.9474354633205,753.9896022335148,538.0973561375894,1031.4577337260196,502.33744064132816,553.5118456146042,527.0538109811531,682.20601318461,698.6924859864322,570.2679514974164,695.7086199494261,659.4062361655886,499.7291522041016,721.5390700400658,584.1714502003159,667.6133342558301,851.12882109352,658.2187907474662,1295.2843601515965,859.7647149789742,883.4427068179119,622.0000343335959,749.1961715746841,788.4065535427397,618.4205464371322,762.4824736932094,740.9446882676953,603.8590779438703,758.2944900978814,768.7724626063728,758.6021726107035,952.1935090324205,988.8580594016529,560.5092995650886,811.0948463200474,662.9571073031461,533.047850180238,499.56107498657616,832.9516887590638,600.8134165859699,544.7378830150574,741.6096857540928,659.8143859523236,625.9898984598083,985.5522468212299,327.8840670659861,566.7605978826197,588.1773388681138,543.151138150785,586.7871154836956,550.4165249069761,438.94798300316074,391.4133458917292,565.1262236086744,730.0426550848771,543.9164225659748,595.02695264282,604.2392777600619,561.7549442292507,793.5908549716078,1015.8055188185712,689.7143307760016,527.7674559419889,700.8117526852636,395.6136050584718,770.4252277805465,429.49542973952305,710.8058089233417,612.835195583851,568.5629958696771,367.7783263695779,443.44080954239524,856.8703958053915,903.6235858860799,565.8626374571797,598.0347552051508,937.3043126769837,569.5631660408256,463.8211486265675,496.8013610443159,581.4850291829495,571.4871515936672,840.7752221917234,479.8912819691589,540.7640051545975,646.8937305933222,729.1877341632687,1274.1584163003647,1038.3647424180467,587.9099835537234,643.3450579368073,806.1484874135256,411.4295810119503,572.3424193593943,667.6520155545634
894.3900393110473,554.7516045058904,660.1808789070457,933.65499877393,511.23684816094374,789.490060708719,354.7371747094884,665.3117908587612,502.5983628448413,903.398548012792,271.0807104912898,873.0066864379262,546.56437841426,727.8514835791851,368.84886224475474,702.0914969722744,521.2842143293675,499.5525290844755,890.5547452393089,635.5358514566851,597.0280342489151,616.8306640227258,445.9444835534711,1164.702184260716,1089.621713415173,536.2378385902251,558.0932119179994,951.3810204304757,463.60689519974227,868.3173176247288,626.4524718700578,1031.7911571079158,828.0102388964028,507.189075998893,1186.595846564567,428.0226337545734,526.8879073986179,1135.46461622401,579.6378316118374,792.8074677764274,429.78893813204314,630.4149522425259,418.29828939374215,1373.1486848588645,568.245746107032,530.3266049696676,722.7616605076588,410.949683881424,1055.330168605877,666.5936978331265,434.8261449856832,469.37004519772944,768.6410000495199,634.1952822004913,701.0509977415212,344.9845412623986,402.12724176716245,532.1424589859575,369.4971162053822,621.9934639854654,590.7386020238793,596.3990932156067,776.0740982266117,669.9541151929101,1169.7413482444447,926.828393748207,573.0177116705665,258.1952218351119,337.9845796815824,491.4967782002999,543.0976710045297,311.7586430344162,566.8386956240707,489.28049918862064,567.8298896785545,884.751202957854,753.6054609985947,602.3055608601129,763.0176064903418,787.8778628737359,469.46642837987343,643.3587787267015,794.175789308025,342.49557041766946,657.1354438854269,700.5162337023606,466.92078615207714,620.6405110812248,329.7708695889326,373.8053058783286,798.89743663148,734.3010348811833,1009.1779576852672,637.2234594509014,736.9085316601121,457.2768502491842,420.43566468313026,772.4995825896713,511.2400073226959,440.7725615498767
1530.041292097188,1319.2932228320765,1422.932110383743,1084.770339552733,-131.41280195171922,1297.8004245056948,972.2679318941122,1574.3106472104987,1638.7539700049895,1029.7800292715428,444.87771274786246,1585.0028917022307,771.2293099228192,996.4696803343646,749.6009622746927,1297.3451337556892,1503.9247205560043,1609.7067624821036,1031.9693127109213,1111.3166262182153,214.86592688963142,1158.320771465587,549.3487290079346,1879.21094469514,1694.7248956933784,340.96336379943125,1628.7937802141578,1085.5284430114725,1260.5564173762582,504.3023171554984,1160.0291505406008,1628.1944891023131,1689.1425170124444,760.6331481825031,1305.395965155433,866.5247503640244,2564.2747273381865,1275.1491667375399,623.2450381932143,1095.9832131376347,1023.9523631178594,1209.9869392835424,706.2058413870385,1045.25756352497,698.1154484344322,1393.8080831716795,806.6423451089762,918.6263611698128,1856.8485309868659,1323.8734678981043,379.28636704241137,1321.5413158676838,1395.484075532864,1523.2725917995958,1179.0173860242892,1169.4061880833701,1056.0387263773582,379.2261410757976,1259.19056564295,691.3873307815862,1285.4310405029382,643.8513553850235,827.0760368261119,1612.7481507315883,1646.1475365771555,1434.4227040332696,1328.1484911327832,1700.637663047834,1386.923790443039,888.155437600596,522.6101608780768,268.41339913154656,1904.9862366363025,1832.5978289118434,1339.1435531611762,958.7784053117267,1318.1021656411071,872.0249015868305,1165.8596476606992,1488.082453205026,520.1321771578998,1253.102048684656,1887.394055419443,2342.2088733153555,1048.769155089987,777.9720783891556,264.9978445444625,909.2440530693664,1160.5250668050437,382.08909722615977,1228.489338369273,1576.3018687862284,1700.7118352516686,1180.6922019070796,1121.0657943692227,1049.8166975670658,678.6551677972992,1211.6317510260412,567.6926705310597,1193.6351791377112
550.4553780328506,339.8192384381664,551.5662270221416,677.6726322559794,96.9000315552817,477.06307664108795,471.0367476124776,736.7981351460135,980.3596057863831,513.9965995861959,149.64292496758137,658.9236085887638,188.94404138101984,708.797021296139,316.89716807714314,433.2396841156919,501.3967313935099,611.5655424479854,372.68738480271134,597.5843435408098,336.26659698755833,434.073382492589,389.4890189635987,765.9002871596591,433.3159299964608,357.5642089194196,611.6039760181164,317.1170915737885,797.3526570063817,650.7578043472025,737.6912024930232,639.9755798977521,952.9789227062768,273.551950079382,704.435996759068,175.28575110580115,887.6253552557819,1001.3485388730854,572.3772498119714,409.02396810723843,247.47649206519688,307.58725346390236,304.0885620916716,592.119227854598,387.5945118059159,279.6716802825437,210.65497321234335,330.24539169323015,898.953368082452,538.7186514579205,99.73461441765456,663.0664613204732,301.7810608248489,812.3488340302509,580.6703978899303,288.47561503725,498.82630192445043,186.2689107782024,367.3748583159972,182.4996694808106,584.7289515888805,246.29305331380746,746.159026325361,704.9562419828069,627.2294471689355,583.7983896327297,445.86886230912006,535.8906729240016,609.8512169822312,428.8759854556588,98.71772275235207,13.718610267762141,821.1856159864511,723.2500791088406,482.06206237886823,821.4726576920973,834.9863878188199,558.7243268971941,285.29802434168596,803.3198284160773,252.24634610353843,566.4224779706984,1123.7101237946363,580.4770370992546,725.0737982462222,690.433361588182,147.87859193309825,430.851094369486,533.8548726651212,149.8127639681878,692.7450332866886,638.6570878838236,687.3043876843827,573.0682086483131,473.543221566234,477.1819780357006,172.6921692702782,766.9283494487851,306.67093335208733,375.85304378638807
611.2927761193054,240.66508561399334,682.0217290949548,500.57715031121325,-104.16404357205238,1093.1540470599218,703.1355639063551,450.0185786659071,807.4207373768445,548.6540178381489,144.4026859106767,114.02015112567652,686.5408226592743,539.3176160562949,387.76423615702544,53.88819119513984,201.14842470847537,30.420524332418353,462.957993366156,-169.6060917096513,47.436137839915176,199.0559814705817,265.92302641200996,558.1417893695442,853.4663164883973,311.3368987546604,131.82501535717594,521.7669994141177,571.4775410233689,717.6010543076106,402.96373092403434,351.56634080271584,814.7893356425155,-41.278088692733405,754.7297615653173,378.6184278012928,275.19140677604446,701.3142152505951,680.4777413031446,540.7320405066054,492.8235025900606,-172.6119933445973,3.2565693747193114,475.2797071842679,470.37749256660067,609.021213773865,414.5181559275849,194.02159505757024,666.3495788034975,324.97329090291294,112.75548932470987,-59.95090300810398,421.7900796393941,805.5272672009766,-244.48951342550964,221.59860353460135,49.84389625826946,784.7503311185955,20.457648878065683,211.08805642479177,-72.66997819489652,410.78649369389063,1031.9045642709598,-173.53313477012284,929.6575493405666,817.8405144911312,816.7849018824272,123.99129876570687,221.40099477131614,18.705426335131435,122.53813427463355,-56.062060067777054,520.9135367038996,217.45575632000222,-48.43887403079761,817.6056753057136,502.53900514888466,417.415234790272,644.0486325870885,781.695582569369,897.3211850539363,430.9353958464621,-58.87999930292079,1139.558971112397,132.9956332537317,383.1103985179451,485.85211381001386,405.79765322890376,777.3661222360064,273.5792257167455,638.1950084508653,544.6060381734104,811.6500861753414,459.87758351270287,683.7482420947077,236.81110466150662,191.77840151418317,616.5248078416683,-0.6676856496908017,350.8066611474606
-142.81595349903142,307.34257840998725,628.5198470654772,641.3278878702472,-248.92177214610152,837.774193032135,288.209186844104,-511.5807448673077,858.7295176410231,846.6876026820291,-193.01985460943965,108.58566861490539,-315.8793643669094,331.24722483158934,457.3151497120091,413.06716396063814,430.75392862528633,138.1872082895635,165.30908106818273,144.48339747038452,-180.59874405544167,96.23044983456,751.3845555339927,283.3261873858004,0.09099638983456536,30.425794980622335,409.8414282587546,-102.70099286685432,573.3908880554951,415.28527768664117,201.75415715503945,902.1700382388667,82.21137064253367,204.54907182819755,1005.4460316242071,-165.6019238858035,-236.53421120001624,681.8471420047126,86.90943977213972,424.9952306501997,578.6343613912076,-5.914429268104347,296.27725664928425,723.3864039466188,343.9634527909214,106.77341939030566,610.9593907507737,483.2880668266452,154.23968988240125,278.9149098719907,-84.87539468868779,228.13754171225708,381.2236347184336,440.32723000205266,394.1164622818916,520.6745324718344,176.37685667630373,90.51192226180468,313.8431203495902,-10.397811067174462,787.657834552427,196.74534569436648,599.5524790235355,132.95816983784277,315.73384399244384,810.7153551591388,101.86876744058183,1052.2708563397252,571.7893463066343,413.5245587889803,457.98852084761523,-191.73021025720604,-169.9260972374076,527.5125599227345,231.14631823087882,758.2490656365479,428.265233565929,636.9800060370302,558.4197827420892,521.7303789071202,-284.2536405511334,716.2161047964782,-25.319766692909546,283.92629328857646,624.8827325522119,-122.93192438271053,-6.793563389498557,557.1798130103748,393.67699606487594,205.32462000980175,574.7733693502944,405.2621659200916,692.484734093562,409.5848140459892,-266.4751889330332,-144.75894330145394,233.05872675036682,62.635203275949074,545.0662381222925,582.2596551190245
1318.1143920145653,921.8316413955322,1353.617328209336,1763.3997144353225,290.4033300878614,2182.5602861381135,1000.4664897853525,845.1374917225492,2073.446579170436,1270.6828130019594,690.8668582302676,1542.9728278330904,1183.620468793204,1497.6146816903047,1326.2480512323243,1103.1301117142834,1016.5716569436188,1016.6408873206204,1045.5839326547618,276.56146582441835,347.67202853030307,419.8398755827956,1237.9900451700291,1449.0513151518091,1781.278868680068,527.936857670398,1612.1250566879403,1489.9566700970615,1840.3530616783355,2122.3421390054236,1557.3159674397375,1751.7677616803433,2173.1936446860554,550.5686656943503,1861.6175263610003,892.1018109133071,942.692724331814,1076.039704047234,1440.510665208916,1489.1457385952756,1178.301863711113,569.1182319591005,533.5473202339706,1364.794687801669,1567.9370024831424,1532.9297316753596,1279.1037476530548,787.5572605669335,1505.6228013478685,1310.1273533017875,274.1026840803593,578.1304583622309,1462.9852373137767,1726.0906929779715,616.52203921883,664.6846701937826,914.234445735674,1036.405296577238,783.3176936111269,583.0844750720748,1353.9270556202173,1233.5501583471973,2273.657791914464,674.3118467342315,1366.9435607212515,1895.5596805736081,1437.3050867710872,943.1211390966081,573.5298843141976,744.3040357955334,1043.295264024005,146.0137203067756,1595.2038846433854,1129.3868563453923,712.9802852314252,1501.1347733004454,1424.461834391725,1473.9855625224316,941.7515218718352,2045.9157512340405,1481.0469158521557,2062.1149573275884,1041.9442854688384,1710.853677597643,757.4210581425251,1114.7980741120193,1006.8966456346008,1023.0962767871961,1459.5879953890505,998.1841058989062,1403.9008399204577,1356.685536661718,1593.7305108021285,1344.9466487213965,1219.4749935620112,867.5794809464106,740.5186136299066,1072.7433621356054,625.6951879310219,1142.729313013294
1240.3010308555683,864.454659946666,2394.7877785367878,2180.092643561216,794.108155091214,1806.4114691148002,1142.659677177658,1896.0893724804985,2367.720467085867,1475.459343551263,1156.8460160440713,128.25156853335392,1133.225285466876,1658.0167609160083,1061.2387643197196,1003.0818441909375,1192.2850444869898,1073.1526759150743,1078.974910436141,1002.6516292899302,1084.7663404919824,1484.4314818758758,2612.1328397319708,2038.0594712459024,2475.512815800065,1896.4650273122456,1281.7594311181872,1378.0240345837462,1604.535829195661,2926.502855601329,2105.3016234470324,1427.5593974296855,2031.313193943651,1250.720468635622,1994.788929670875,1603.4471831323121,1116.8120027982898,2223.54326787302,2366.3562521597246,1980.3416509470053,843.3271533727178,363.85898780280684,954.5645670773928,1592.998186859134,2027.753419676592,782.7359875226293,1431.1563919180903,1151.498564624726,1138.6010071137375,1079.7269555978653,1099.7500998481828,841.0283902295639,1310.3691493177155,515.925666374141,1255.898768153367,752.3652849415265,544.704559280227,1073.963672610366,904.6853815895447,801.2899829404356,1618.5779966533892,1071.3629783005829,3624.6088443298586,1306.3516097613012,2150.4994586578955,1856.6391945596924,1423.4499298963478,1828.1082098886868,1093.1840467967093,1262.787274250063,1700.4561891709673,754.4058018318516,1379.9463714692895,1187.9214772558582,984.2744782437177,2781.0649479986796,1211.9781561578834,1122.0189151785823,1186.9238877885784,2151.763573509762,2126.378851909836,2147.189745170341,-46.22867519825649,1511.3018981993825,1994.8442334876079,1531.9114229461884,1448.8485328286429,2063.3464117295116,2121.118746241019,1429.5771469120166,2195.2296195782883,1526.503693751608,3148.6699375140265,1199.2303574251257,1444.7382681600366,929.8900397549736,1257.8006329170837,2517.8432762347347,1840.5601446809283,1578.6211343341186
1249.148671815706,-292.4156598558381,524.4079178171924,1453.570676972828,525.951987047418,1155.4036015959393,532.9925821498306,421.17504675220715,1632.2983297752824,1068.7587100879655,238.57707059097353,639.2666579719669,228.71698118151045,1642.4485410981201,1136.5627294929957,587.1009802242013,-497.3881354501117,-816.0669323143226,958.1997339076421,-890.2781560066104,88.52776008216507,-496.29323429463784,1068.2203249243175,1198.5699984172118,1055.5253509766394,-328.0894206057204,157.6354190316657,1945.1077176513968,586.4009397782768,1019.5079666604954,2296.368456894619,364.8767493481906,2647.5111616411145,-53.794722955145495,1376.265773952617,-49.88500817627236,2010.5783420147065,1318.361909556082,2564.0616865005077,993.4070070537917,985.2395642289839,633.0889262533241,-552.7425873641313,1097.485484210968,180.91227161844807,2136.681229746358,2129.8180545173705,-146.02279694624232,490.4004317255572,1829.7108595657787,263.69794625999396,-300.24920873762704,1069.3653363816347,2135.5794567318176,-458.2301481773339,-294.8125335655224,210.48182976950972,1048.2394878633384,-340.82966298213114,665.1170566730399,377.2044982609263,560.1130177500039,2348.3356613921696,-75.93673199009653,1860.688553108526,808.4362814321859,574.906223081059,-482.87399368663193,-1097.0688029688085,644.2549779999943,499.6545537818462,-327.40498614499717,2314.6264127523004,-65.38053643047267,128.8833762961708,1541.3257852598813,1374.513821150194,2356.065966759135,877.3423582545935,388.8104815414087,860.0021921095318,724.1167849837129,85.96902127878649,805.1419529191778,296.89645307214323,859.1677013170345,867.9735749177926,1060.2230414467083,374.41759523319024,313.2618141434117,1155.0037188789813,2135.287121509063,1269.339644772661,1720.3387665795608,260.80427206283366,1869.668768915774,1040.4624055306494,714.3512379791654,36.84199638933037,113.42548883014052
-350.54229617141374,-153.47898388051362,-74.52177419747281,-39.01202324759171,-235.1451123283393,178.32512129227527,-127.05988843516216,-266.96845198317095,-218.90518954005026,-105.54222046672332,-151.74973172999933,-220.69943395749473,-304.2773084344066,-308.12216581013286,-72.23311994649715,-130.69428202361445,-228.18865231321234,-345.91631909208104,-221.86467423964424,-449.79127987165697,-262.8079329523097,-342.47486064143396,-145.19917690356198,-230.62312411750992,-401.5390874465614,-368.3373516730945,-244.43455420533107,-101.37274069660766,-527.7171708989921,-335.0144750340593,-380.17173583352246,-162.45721767565263,-249.6241403153532,-384.7342808232491,-66.5910543193388,-84.20235327669877,-500.1932332404861,-613.7856967372028,-139.24616886954252,5.061182228069829,-36.35057114264292,-78.25032057648404,-76.12432601316421,-30.88849361375628,-206.04143128651688,60.18944591613531,181.4535970234017,-59.69948540506379,-309.6396379555338,-182.7924414454811,-83.46986200598111,-499.6446564201648,-126.12414991896563,-275.9842755323219,-549.900796693332,-48.442420392024296,-459.1373670862527,-249.59180055360585,-265.9923498453746,-236.42785325155643,-266.5694540064896,-165.09058945825154,-356.7886086646066,-511.2844546490757,-269.1874122789109,-136.86260747745183,-62.614003664859936,-254.65941615218048,-413.85149563090897,-214.62443297300058,-23.669752078614817,-181.5044294120229,-143.9374874449739,-228.789945503635,-219.11579142791663,-222.17943437897534,-284.67984605881946,-394.0033128891635,24.55134928368008,-207.91514460480735,-303.3353697592171,-41.78053786330578,-541.602044476937,-273.70824361239204,-148.53324271597128,-316.3171351956421,-118.9961465091623,-268.2763164080248,-447.7430389362372,-42.79870314007923,-120.52443703672012,-258.4472972315233,-208.873459288011,-252.2253780060304,-278.60724868402616,-189.6324980097962,-152.38802401507542,-287.81222871510994,3.619764599279521,-109.67855688540327
803.226919312007,-443.13967591916804,42.64175814984078,173.66210312603903,169.84339885551395,103.54062522238934,80.20005418005768,710.2070617000011,619.2557004370523,139.96984481694005,112.54636032951623,-485.8195802977668,315.91718539475363,305.9860621806326,238.90781943446078,-337.97376508878637,-427.60684155399815,-550.3193570516108,116.35888268359962,-477.5250884722679,250.03488510612775,80.60020679778643,391.1317294430911,397.84359016145504,223.67804266125938,18.863865086835506,-727.2245444712648,591.1978018389304,-33.85451473684517,206.98121263824092,196.10865001676254,-261.9521797096641,150.6571135830716,-433.2325737125027,132.77462878100306,273.7864766531649,229.47699497238253,43.36223352033673,471.1801201992124,407.1291249714683,296.4132094948771,-103.40784203946795,-219.01212885372715,-13.066161089651212,59.65123362052705,328.4977730830081,445.5946677572951,-179.63902259940795,133.59119910739332,152.61614827927926,144.39890520143086,-420.8691178372074,204.46618992565348,364.0149469043752,-458.4929546924289,-163.10517728258287,-348.3197218923661,138.94108786410726,-370.9817557586736,262.16205842059696,-734.9889830915229,21.126172850833722,41.277983126347806,-728.9653232810673,156.56718645173876,129.42375859455262,261.1761273809357,-610.7030197761048,-471.06395190691785,-268.09016880486416,71.2809409495076,-42.582133628958616,320.4687534406175,-512.7524678662778,-438.62739899635824,208.73912979363828,375.1362031701026,132.46604221453944,400.5249465909882,119.246491557306,779.6571071659056,-276.8079075982124,-977.6398078853756,168.49888348390917,-188.59089489444128,215.6202683206939,359.7128073481876,-39.69565565217243,214.5141797017359,373.77724061731357,50.692614722083874,578.8536298753625,118.29492508884884,95.3898415758544,124.59433834210668,546.7428328888965,118.12396541756256,375.1966542144979,243.31899724683367,125.5321174308333
-50.49515066171627,145.55243740619443,-126.27112876494961,279.2915599139974,182.96478685806156,-172.38671708818276,-196.9491816265531,141.21284944109013,232.04976251143168,484.5500562947477,-90.92697826279755,167.49422645999846,-277.03885442481226,-200.8963105173577,-265.05170331546816,120.40286852091725,72.69595420876998,9.15681202003396,155.31896111587994,-134.17953185360867,-93.78721751780921,336.9009058201335,132.27494854926596,215.16163026305327,-91.47266384325616,-358.86045842094427,126.41763090174815,171.67861411198263,-23.121501111972066,-331.43074874611096,103.3172655013431,47.23019202413109,-105.75059695689468,83.99510717598967,-145.84898909130726,-121.34719769170839,362.08522875908915,-45.935943456653426,66.05187686932433,174.4939374641576,224.84952260996232,254.46837747630127,169.36745822250126,17.193673791740725,-240.1990731332769,161.8118561168558,252.6983751489905,31.50980122552698,107.00272289795016,101.66880275259327,-39.43052331423438,125.15313409934926,-169.94980822521097,152.82838447901105,-101.95727437595528,-18.2725892554213,150.70304188335294,-557.4292612841233,-189.37068316510243,65.75528719535983,-24.529667664093648,-225.11136056614092,-248.56651879653032,184.6504352793025,-56.95048662471491,165.2149641781419,-304.49788313152607,139.87058164239326,-64.40401265895282,31.00656026984503,153.92915662833357,113.45552950967439,-40.89837970793531,90.93458588972321,131.30984056325343,-130.94550886903804,186.57410788977825,201.51823993186386,322.8540763590583,-123.17946956484708,-659.3807355369404,22.158693659038967,160.89420193625568,-66.84917691945023,259.4431547457643,57.947843156194104,110.92196859226628,106.06228718985591,-214.13996851908468,-104.75048464974002,107.97827063010949,196.84463217781686,77.8600339428185,-8.691411983937229,-162.05484298337947,-176.80364469819816,145.61992036258806,-53.3283941071623,187.1503506905536,108.59752131874484
259.7849866488347,61.12014697313137,139.87090872400188,249.7692408253498,158.26741647259567,189.34915957974846,168.5593918011866,157.82561161810725,306.9318151916017,370.00034355781634,86.80163238298107,-24.782673017761784,276.34535615401154,94.28137475419612,161.2266536274348,61.37119319171126,53.28811445839945,0.21441883039886026,253.19559040461658,57.482450382346606,89.06551173400769,392.30993931595737,213.68980191596842,330.1163032957044,53.74287511474715,24.9699397850575,-103.49584886395748,226.88598903259128,-49.5113932364824,184.05175357060443,116.79411024813395,-47.085005371049306,-28.88383097296024,167.72802958862084,86.75095574665117,240.2699093582819,174.26279040930908,123.70001532593898,126.07544769933475,192.59653303355492,218.9041453249426,163.33205013322896,131.3505827262428,141.09439756623044,62.52875232779141,156.5553158089454,244.16679983437098,76.2383490237953,31.696042525964952,211.4301009121751,185.6535440298927,82.90890658777518,61.75113378330673,241.37910862762917,-69.54960725501994,111.84757541679119,50.61584242025015,-37.52351182341834,107.79185270101118,139.7756705172204,-25.711967262060373,100.35990467475516,-137.07066593836655,3.0850133187308324,90.53144633877977,194.66565305562077,157.55381175014045,-65.00206275694534,155.49558006457715,-13.01957827914425,202.80666266681047,177.79542174859245,139.58704422150052,104.20853834511776,123.97869353788634,53.89207956371132,204.86211207847174,58.08591880384487,256.95911301165887,147.38606944937337,162.37980988404678,4.461556975519965,-220.87508642500794,62.87278782182934,53.94802832807309,204.12646641108137,245.66648430718948,74.12393086445745,82.2526964928168,265.55167091318066,39.362046854232396,144.92994938458455,116.27803574238733,87.26867066009076,220.126083940313,124.2494625877628,199.10365563074095,42.61977529341897,298.49821714734026,207.1138922094641
-82.31836450409537,87.2419277399295,-123.61450895617939,62.48952766515315,12.467298187177667,-138.28870235115332,-43.81598290842283,-59.969360437367285,-8.219093802680106,55.54706750451096,54.52557985958208,39.1296945504201,18.360742189924807,-149.35013300469188,125.79027300250118,16.652280093885324,40.19562827758888,-39.33884294404301,-0.836510591559469,-52.65293369477616,-41.460748485357286,144.21417634529823,-108.48035271026598,161.90468686091876,-34.51572630589987,-135.06252673335,83.93675327291112,57.543775270205614,-17.653429925876605,-20.879481495132104,-205.59649784757778,129.47661099185498,-461.5432370265252,121.84129697992203,-86.2485012076285,55.30419463641067,3.5962333451494475,-201.24881502121073,-83.79432515668172,88.34645405378129,128.54347277172366,92.72987559800096,59.57814783398042,-35.501998913674825,16.74666913317485,-4.870130132591534,27.215830670366973,155.0971099256472,-77.20362081270632,-18.673963797455656,32.45456761286355,11.135970322466246,-153.49895937225838,-43.633910979218264,-74.39855095588314,191.08801862004466,65.06605184961705,-250.30239487904888,129.69938101700038,-58.620022815435455,-146.49314792498348,-23.89318806402478,-305.8173413981288,-98.77986134521255,-246.6377231829694,15.958186010129747,-88.05391744276503,-5.5279946047553885,31.693330647109505,49.264147983790274,225.58480088018942,91.40313475643508,-389.86143716006256,77.62259875175721,-47.63375227009142,-228.71204003687131,-6.618889835216515,-75.11780106765382,164.11901531041298,-182.28283660759476,31.67125085252964,-21.790883893359165,-54.91818668440845,-173.7824616041785,-33.409458265940906,-103.71230109971103,92.54838470406597,-29.152524483045564,-84.59905313800638,98.40405640520788,-148.80799259082463,-13.739676030273722,30.672243270895855,-154.8480972796443,35.48327584378791,-51.72200801585223,65.56231438480012,-239.58797527758776,74.10275862592222,84.80668819577417
-891.8966862865323,-1050.0192108078727,-546.3210419772283,-281.2169090423227,-616.3335811041686,-666.9343342376807,-1158.3503724138368,-655.8195745433833,-923.6351754791676,84.62065290255165,-873.1345427103444,-586.1145447252806,-964.0381740886332,-591.3967123367904,-840.7960846407423,-834.0582794137297,-1113.4617916718348,-1255.5977178920002,-846.7852626823077,-823.8845402292663,-912.1599010409321,-294.3615370540449,-498.4454462108415,-678.3345985248772,-730.7342276940758,-526.5436413991864,-1036.1206539830505,-633.091879418422,-1293.900701330255,-833.4378883829398,-918.3099221246341,-1071.372549191172,-1011.5847526425449,-407.74375758734806,-845.2404010140222,-1130.6973996187412,-728.9554009478526,-1068.481695383779,-196.5582501365453,-294.7436167846116,-301.74795493995805,-519.3000483650782,-602.430453858048,-785.866710201819,-1208.5279172185762,-597.8422118949806,-382.03364257314973,-790.9820298363315,-489.2906458447082,-544.1375641845096,-595.1213103670408,-1065.184451459316,-1004.2401345583675,-687.8553918700132,-1008.3857351910206,-647.2681506222738,-614.7623695056426,-997.9407580278088,-678.2024716036751,-589.8759947347742,-956.215508436139,-928.4690601687306,-1602.9687731319839,-923.753439783285,-933.0431911415883,-1043.4572547173339,-1239.4920826835807,-1035.9840413276102,-40.69459595197664,-776.9259635365638,-526.1288057068762,-273.1207533605705,-922.53118977655,-1056.5214950565523,-1336.041014399797,-452.3871487961617,-395.1800717064199,-807.1158229246332,-498.63844739532533,-1233.9226935233146,-633.7246952580753,-846.4292717433704,-918.7360323573018,-734.8042375137262,-843.3527876523209,-403.7392592093632,-229.0077612224907,-610.6224929122246,-1159.1980069647477,-1116.2043097518463,-1072.8428822848225,-733.278923882107,-614.1387004226231,-851.9674874285538,-1013.8255990482405,-510.58469081487914,-688.0375427034483,-572.467115945214,-772.3792335383297,-933.6753236491078
-350.32719524646217,-389.13573978823035,-726.1054675862571,-564.8822901508053,-326.15834045950953,-762.8093105437904,-629.4269104509293,-367.6891865324715,-674.3425282857371,-557.0561482451934,-308.0105762804727,-264.3664722196003,-383.79424101202517,-626.3584053538598,-602.1040726439942,-399.84736418290754,-536.4086950049735,-336.96822289258967,-560.6561144989242,-198.5992286376125,-405.0829755935046,-468.337292732261,-412.5360340061041,-563.4393042147938,-444.17540735962797,-323.7361256333391,-440.8543244674699,-168.45918955144137,-708.9463595132986,-457.5279775892459,-499.08775408952124,-393.07462521509274,-473.11797384896346,-343.7447325333555,-524.3785353242849,-564.6064833528261,-358.0996448269376,-546.0834922401791,-717.7897593407904,-498.9628150603041,-375.9065022315713,-259.6267550050583,-271.32179262169643,-715.5517921964752,-642.1971463748534,-417.9685646272336,-596.4787151234935,-252.2352154630107,-374.9393201645682,-499.64477173807956,-454.0832583751017,-357.6247126787365,-377.5330323537983,-599.1893292852625,-347.3806367013778,-256.3494042700568,-165.03459630632648,-641.8778438673164,-194.26713747182788,-313.1076501052422,-587.2995396059703,-482.20927538308877,-645.1081250028217,-260.5063567946952,-563.2102716029962,-700.7552859129022,-542.3097570778036,-445.6162238145368,-176.18964755386818,-257.09325421882386,-379.0217918561219,-220.94864677450934,-375.0241396424255,-277.53021129656065,-452.92040464161795,-323.2397936165669,-521.3240406566571,-386.7801493310555,-565.440116948456,-648.8536182236203,-385.53536163383177,-717.334773367846,-189.40958259843268,-440.59855862323775,-433.76564776270425,-525.9704434904836,-331.9769086782101,-422.936379338915,-461.40010361885396,-509.97666185778615,-444.2563442668343,-410.3218787001453,-544.9524264263476,-539.4666507897746,-473.4092837745828,-336.44897335236175,-481.9327108833971,-583.9407308828673,-557.7893142016651,-507.8265245567849
-679.1788522335272,-285.04232289597326,-508.83040455715064,-508.7280413957697,-339.5772228514431,-714.4933236642846,-368.0165282775326,-512.7518488460943,-794.3108764804639,-472.73771644424954,-228.98378770583437,-392.22726172288327,-343.92762918585345,-548.5140638167354,-400.65287820400573,-466.2211147510683,-266.5406972919761,-381.9610559534097,-410.75829832976996,-135.62228994733036,-386.30334244337854,-187.53520570976687,-579.4097858950969,-248.63505331162543,-479.475266231793,-328.31838053346286,-321.3588855822044,-491.02530994566445,-554.496953994124,-383.08162418857665,-625.9990876083481,-433.81627265207067,-760.5486017396732,-47.52282589289492,-764.2247717521699,-355.8100919208754,-759.0046080906767,-582.2409753546893,-511.3319981390984,-271.9101343714953,-397.26943206009656,-323.53205795493125,-294.95695365320535,-570.9442302275253,-403.7324889801495,-469.239351289926,-589.6128895307811,-139.76160828745756,-436.5770600913078,-430.14539298714305,-162.10203490286793,-250.98055661087852,-569.1768301856333,-638.3043232835722,-388.965105694262,-100.4703769944999,-356.14373038892364,-701.8239458144325,-207.02259867825168,-334.1721511970546,-554.7772481037973,-360.0250231223137,-760.1941496407388,-342.4187224891221,-485.4164255780176,-417.59690314408994,-391.7443445325688,-323.66577225659177,-2.105735237902566,-330.27963245402185,-286.50788909053347,-14.649998079672773,-621.8923247982392,-427.14826024955397,-561.7746985755194,-498.97123229508287,-341.8146837563392,-478.6293918105168,-380.1448537710023,-918.46088361927,-430.5781253429473,-583.5047454080623,-515.3323146772811,-501.0235715375151,-471.19265204907725,-493.60685409031225,-129.54236499443473,-244.03992746623558,-308.4714310802789,-546.3676054614235,-555.7804162624361,-551.0556188060004,-322.9909206208755,-507.6894984488979,-315.0565648216512,-356.6063496422076,-287.089079692343,-577.6971547619899,-492.5560136211317,-329.9000676691235
251.76988749531353,-72.60783876478025,356.1526949824758,-54.35275980747033,-6.49528576068258,203.48443276041831,121.69679351910062,231.1680747495751,168.32218745051424,363.0870194222741,28.73687843705102,64.2265584092236,62.88522173084103,448.0052445201632,47.027486462641974,-30.014842959892693,16.107737959453022,119.07675816113496,89.90694628990535,55.28097669089843,77.51754500616457,-61.965090688055625,193.49644164546766,-259.7300182808924,327.64532620829164,365.5521197912002,89.66979537842394,90.60599311215066,434.610152623897,108.66264229515062,388.7206854946046,85.03098920735334,641.3224688660639,51.87453326089332,-81.14078621325514,-13.698380837865857,793.6543908172658,364.1440397293662,292.2068449046514,98.01578872504298,-21.72560424820394,-46.72960969522826,-46.29234995829731,35.921164634571724,31.954014578399484,276.79536873551655,62.03204634492222,-67.34728675425723,344.8248688418912,197.02809497132978,86.9621307611873,150.20331937253255,166.93312500701452,366.67725372445466,208.541221337637,-163.89478995489551,246.45610050202885,561.9894978111571,-42.18129707061813,52.88176338325019,294.4320932990231,212.13746691173472,309.6379919866127,245.34891070432698,425.61515468949784,142.92939463822475,88.65836407404886,208.28369818126606,63.91421108415338,199.43161089258376,-245.29147604740024,-84.80240036599409,575.9119934852841,57.66967151729309,153.27021296992908,654.1136623228558,272.88686536267454,263.7055934270151,20.265191322895337,32.57024708678846,101.521904931104,124.63779820147262,457.3511333462307,563.8285244305708,148.86399951283568,225.71312788520152,-5.202522428559987,202.27530412221606,319.93438665239205,18.09431248295962,242.24349017891853,376.2344425729001,64.45850943545402,485.65617920940383,83.17739381289083,310.0523416034259,-9.491474702652157,732.4541172485752,14.103545265437917,162.6417055456291
-517.6815698428682,-164.45185979573642,-552.9159196261222,-590.628447515327,-235.23858227327798,-637.3617227223394,-363.73285607556363,-425.9278623418786,-826.9656855019421,-655.8065506495055,-171.48699234527132,-358.2675672058135,-330.15660266658205,-498.4651749716075,-464.93394102162574,-376.38285727631484,-287.19429224593233,-364.7713476616766,-319.93733753132693,-219.1506241384848,-215.22176047760576,-414.6420590121152,-414.0767289495657,-533.5183738058784,-455.78447405866655,-300.738115139,-355.067616554827,-450.18904038242675,-508.3540826667062,-489.7596078473439,-527.8994835213516,-365.9744103355547,-551.3823363724182,-173.34481323267175,-616.302240037294,-345.41839808240155,-928.6287617895198,-419.02791079901976,-653.7330588505035,-391.5189163168481,-399.2614896694102,-257.59125600052477,-292.9376547776117,-437.07663970364695,-401.5002313274239,-373.54304480605083,-578.6807169782344,-198.0296908996632,-454.6604395086055,-388.51517181754633,-205.58647989206978,-214.5406385939928,-330.03549787091526,-628.1759039651296,-453.543697671274,-159.21510982732858,-429.8042673042989,-436.3723388088631,-247.3760779958155,-233.03942585555586,-518.1586835144382,-298.47662345528164,-583.9664677013059,-344.3476075451085,-578.4967505969503,-387.5920906209591,-398.2366148746092,-362.6757676488722,-179.8751002617706,-382.3523238528504,-326.5563542011306,-76.30520685521725,-557.1103219269368,-427.45800146119825,-390.4945572078758,-455.03090831732106,-436.96708654045005,-417.4459134237746,-320.5518878047421,-668.1874242220144,-659.527083113185,-583.3607457458523,-460.1510659224028,-532.1078291065614,-402.94848343345177,-661.2214213764656,-233.92750818473118,-193.51409917946904,-219.5716583525612,-520.5042840116104,-259.11722517447146,-344.29607917265315,-479.5540383999145,-476.4621526996244,-510.5442928638048,-422.23628864331386,-358.36437432273596,-567.4396765196325,-363.47930359292553,-332.1592230765232
-8.303059434304163,11.791206280181328,19.841297102784786,-268.96867126696947,-51.48901041642238,-162.6295426713484,-14.193794049506158,-136.31096112917086,-151.69009103006383,-157.65895925242484,0.3154900614936923,41.7855212054978,142.11078007997094,-56.49781172173304,-85.14626442330066,-51.98261175480451,10.765046042618165,71.29977334504304,48.47276390532085,188.08549549055485,36.45128125106114,-60.65014450415034,-188.8000416594889,305.90887722180474,77.57044230882352,248.34049465152628,-98.99976767996972,-43.19652480498953,-133.69588238514723,41.74225807457688,-10.770767303312175,61.45882864056807,43.25530525870227,62.577763404634695,-341.02111025216954,97.26032700507187,68.79912427721267,-55.35710394557227,-140.3292103270578,-153.4477138642607,-294.8047573168852,14.620420257159031,-110.54961957938332,-10.117665216621706,119.47374610688415,-73.2793127965632,-193.11248520362858,201.69964802107552,-74.251965498295,-67.25585246244528,151.97328545461855,106.05214332737785,-2.3455820688380613,13.5888732142869,190.76672862755052,28.711673885066737,158.7683430579342,148.9697801497445,92.12566398565819,-37.15771043712873,8.123355617403323,91.21783518681883,-27.206871399235826,221.0303294752168,274.55881215014034,84.84108483982317,68.83873440431395,25.70335229663001,96.28148442448341,-23.150307610761043,-115.7990583037764,32.54861394609146,122.88070970336315,-23.690023964506803,43.448157658634905,-98.40996765027722,82.65509005214304,-46.046224536114,-105.90783108817926,-92.17738873998142,217.40647390702145,-205.39192896982496,-113.96913769437263,87.60499306944233,-86.11253536020203,-111.21158181429468,-51.884451416291846,-5.577548667114805,-110.02223793352951,164.1532471534688,-48.501586156987834,-214.40971430663419,27.767454344733157,14.768863492723158,107.86977197081953,45.313079796557474,-30.668515500511898,35.5568750598083,-101.34733724336027,143.58719700501456
-301.14357049789436,-298.4347431142953,-350.7223122760207,-345.688840672382,8.16671856349832,-585.1730397274292,-190.15558587534258,-259.6967768567545,-447.1491246933645,-91.28963370524603,-145.6583511896301,-319.78084400624135,-386.92021507777054,-53.03155413463325,-389.12358833124995,-304.8355889080644,-243.71420516163698,-401.75043786541727,-260.9975937411449,-63.95134650438852,66.78271157093633,-356.8576497508992,-130.9937697112436,-380.6607546208973,-421.60664749827237,-269.42441805688094,-551.8101610973182,-516.316166309679,-60.89925005830545,122.8975208054604,-139.702065428107,-331.6582545956945,-60.62729052263186,-18.348198458307294,-486.3111970744126,-438.55405537682486,-365.41200168989656,159.43246788359033,-496.6769066942805,-172.8573128201974,-325.83103768170815,-199.12142310930332,-267.55463798575227,-192.1134977821636,-416.9974762267185,-174.28124397955253,-322.2196421321762,-351.8228800347356,117.01444567702175,20.848799432455937,-62.41192294179094,-306.4461947846768,-288.69978266357793,-216.58485982646215,-191.1383134978895,-407.5566592715996,-641.1532920212347,-174.04261276086575,-467.76935035314295,-38.61509257324827,-377.7076852791585,-283.16225316145454,-464.0834392546908,-374.8762536800192,-301.02555051933416,-35.51095722529662,-324.1659709574456,-215.63094407810465,-264.0106625050321,-532.1685124658524,-331.33511991621424,-213.27519291009344,-467.94624647962723,-662.9963614661028,-369.40796212653885,-49.037830237547325,-67.2492610714803,-123.30230815498217,-160.25453882453252,-434.7520290942569,-585.2576174773711,85.9696796270452,-411.3534567665959,13.589403588709542,-124.8754161668187,-288.5224471227018,-119.21522504705538,-153.4653210421454,-210.32228772992707,-125.79509165814824,-207.15493685523046,72.15504724463979,-183.20448249481282,29.541508203272485,-680.1649133321282,50.509893521926,-445.67074556172633,-84.42399686840677,-210.24396537194616,-209.93165435794816
-1321.689456343442,-855.98736424653,-1165.2962461385894,-1266.1443866569575,-726.7268160876231,-1017.5529378870898,-1700.7383149388472,-1082.0103200412382,-1470.010134224538,-1063.3901511326148,-1077.7923656225971,-1032.0104998833408,-1092.5484341819774,-1573.069668233636,-1557.8712665757268,-876.2372023807442,-1134.604962143659,-1441.3238869261902,-1118.1453990122602,-1383.8613900584537,-919.6903587061813,-1234.7787753635869,-1051.950728322045,-1462.2645812823469,-1148.5321805318501,-760.9149420216249,-1473.7200119192312,-761.987482026267,-1635.430417556318,-2008.039552597787,-1596.416179169794,-944.3179462434133,-2085.944164197019,-978.2409860335364,-1317.7223407954682,-1821.6723575791711,-1534.2135574636661,-1790.2381137562581,-1469.3608244986378,-1042.4365830871152,-784.0605584628337,-425.28532757647525,-710.6746868311475,-1006.7194460321225,-1391.8883157880155,-1173.0346280424126,-949.5540343478021,-946.1942697700185,-1692.5839269276287,-1242.4467388297812,-1025.7238830096662,-1370.3680599145584,-1766.7453203821603,-1575.219671760932,-1434.2410857945586,-673.3447160090229,-997.7712754901087,-1462.7112567891688,-873.7300516241374,-1073.8933920397615,-994.1136273245988,-1291.5572216407916,-2000.2477089520555,-1198.8685508978222,-2044.0615824340712,-1678.161546433528,-1873.8257095245197,-895.6949302977876,-1420.9828370023852,-911.201970645344,-800.0370262980896,-630.4463849160818,-2035.6962530064027,-1155.3046110478465,-1168.7020588370826,-1962.1301983588803,-1294.8135414947678,-1459.3165944614202,-787.7293213159218,-1473.2738544205572,-1296.598651925025,-1482.0389781178737,-1694.8841269891027,-1285.3675170520894,-997.113204953782,-1422.7646320948286,-1095.865287034411,-1444.4660483418154,-2449.9663789161445,-1027.1430271275667,-1517.1076379958308,-1909.5943370164575,-983.429686953922,-1666.2845590773443,-2247.926478881677,-1195.1445556973463,-1334.5223042464054,-1860.9954246564243,-926.3766196788499,-1073.8516414772737
-856.3199329971966,-835.9980935438924,-920.2115043120758,-1142.521013585543,-96.49536482842161,-1234.499482245605,-1093.9328287527617,-1190.9593522872344,-1211.0821589570185,-742.0544046266645,-442.0330438812725,-554.5323218093392,-459.24875822259054,-898.9473877580238,-727.0211920501464,-1171.668950079232,-773.817825123544,-1295.7105833832713,-712.3922616780412,-756.4982687224166,-440.9854909727799,-495.4537550599471,-1053.348545639184,-322.82374408423345,-1402.0907324172297,-682.5260466986181,-1115.932286396843,-956.8468399780012,-1271.9288326708916,-641.2466303046363,-1295.0832440004854,-612.2353370541272,-1314.6062520269763,-398.30212940147703,-1264.5584235448648,-146.14940252526492,-825.1849504080686,-1192.8996385299527,-1149.3972703628335,-1020.7124505938709,-713.0043171311486,-531.3064295287445,-533.4550541287704,-527.3635119554717,-625.308162765349,-863.3953324371461,-339.85498235022675,-190.58627266416372,-1028.6131874288392,-630.3439456918361,-210.1646744617771,-786.232142575876,-763.9737560622434,-684.3360440008573,-956.2107982350254,-528.662257139883,-951.2146315233135,-677.352406819116,-652.9625181750664,-579.8989766192602,-1243.3310811902627,-714.3069621690739,-1524.6289344507734,-978.7470095129727,-1127.2879954248813,-840.501439404567,-733.2493312013953,-970.3755290456586,-738.823888082059,-1120.9090073556304,-163.28584279023912,-131.49542378074256,-1433.5774642690008,-980.5557559110856,-866.0012552648463,-1645.0017731777764,-772.0761562726241,-937.4480010842753,-343.791931384278,-1265.2085380798355,-559.9078001379262,-812.4869485313001,-1653.9921725698837,-1085.111928324155,-916.0984555047112,-1005.0436233346485,-391.00413102886,-760.2259257561096,-1289.3152814156804,-446.1453447207549,-1048.4809206611174,-923.3879375682473,-1449.5550928104617,-620.5338026720361,-964.3073361329792,-690.0989202637898,-420.2402316315027,-950.1715645933385,-475.3695516774091,-410.87819461325586
-961.0349973208752,-946.8173187466944,-1251.910139192665,-1593.2009266298455,-586.3287817548274,-1562.0075371921503,-1794.8760203735037,-867.3945116131522,-1519.6211664504135,-1383.3128910482433,-671.5501768660351,-1252.903760102762,-967.9786189381531,-2337.888856888544,-1504.2894772092707,-1168.3926410431807,-1249.3072384517548,-1416.9232652609621,-1023.6013574492077,-1101.096531837165,-890.1529180155957,-1202.4559795182572,-1506.6790608836013,-1332.0803551363888,-1505.647310016475,-1043.8120538310106,-1545.3295590737973,-995.0922387239045,-1980.572240419066,-1471.824508846716,-2061.9653269148826,-898.0045186397249,-2114.677173339187,-953.8474029005494,-1662.4709856238692,-1454.6624026760928,-1342.2224838883474,-2005.6440876303711,-2122.9006866497602,-948.5988706974842,-900.7911733462379,-415.6158846120108,-901.8560785635194,-1048.4665372627212,-1345.8414682887105,-1013.5127966386539,-1146.377584876031,-863.5961403905698,-1599.8570658116282,-1224.536610555314,-931.4711328273796,-1321.7290022818765,-1850.0736376460713,-1738.947339394152,-1491.1288734646153,-580.183111058595,-997.6006587224117,-1732.8437093063403,-551.4755966198937,-1156.52917396966,-1520.9127490984865,-1815.6706808297622,-2945.8583699070787,-1270.4959376771606,-2309.8001532921726,-1829.466168026153,-1890.2134753767964,-1353.565005326884,-901.4416394208392,-1227.7281794345072,-548.9746556418658,-486.8814296144962,-2556.3184935275804,-1487.3270965453871,-1467.9171538529354,-1950.8080982714864,-1368.3370374220992,-1646.8582576438935,-784.1189356388487,-1752.956285277229,-1406.6094205474508,-1555.6787970363973,-1573.6140436774983,-1922.0926875631885,-1279.1965406581996,-1581.7858294636233,-1376.043151746761,-1155.9270795725793,-2346.995735365805,-1172.2619790165693,-1378.9233400257053,-1804.0715608707956,-1172.2891528439814,-1996.444857490089,-2614.8878039348774,-688.7714160329979,-1220.5730794619265,-1981.0910897456934,-909.7768697659482,-1149.267056167757
-1661.467615007141,-1078.1826656798153,-1489.3941815111582,-1652.5816276404557,-651.4096869224943,-1871.0866569553739,-1724.407229381626,-1511.9286270246841,-1865.9380143594528,-1567.5282798555206,-891.9947261178656,-1023.2390860814133,-1436.8955908102885,-1227.4706167033492,-1607.0811441706899,-1170.5525906358412,-1298.1487188855547,-1592.493648082294,-1219.9684464232673,-1291.5105029629822,-847.2915345240687,-1211.9746291297604,-1279.2373757165146,-2136.7154846324765,-1734.1124970004566,-1189.5132126348165,-1358.4281155974443,-1190.1303979052252,-1463.5650894854082,-1905.416729567538,-2010.849726180454,-1154.8217739001118,-2206.8305704022296,-995.8373587087135,-1680.0161579769542,-1365.1672893189923,-1689.4037671450653,-1997.413503371261,-1600.204079318237,-1262.893880309246,-973.3737872562509,-789.2832133949562,-870.3396309752308,-1444.343249488356,-1611.1957590740278,-1252.0212326018218,-1331.5640729453644,-1044.4852396479139,-1571.7587191780274,-1234.5596010951197,-1011.7139503206314,-1419.2255315202838,-1601.3552860122509,-1480.4106451215243,-1328.791426424938,-1007.4409091526977,-1127.9716165071475,-1867.4910941627145,-1064.089546179193,-958.5652171695233,-1648.3612109119172,-1137.6893788175678,-1901.445598464229,-1469.4874521372535,-2267.3949326386237,-1700.4237633859689,-1880.4799792636177,-1291.4089442484717,-1238.8382187061134,-1176.32373130124,-1054.4976030670323,-483.46848183010655,-1975.0430149221745,-1337.1184860675655,-1337.5547154981377,-1976.3309264749405,-1357.8674738986592,-1434.2804826093932,-887.2877516748632,-2281.8221970124805,-1435.6775033351175,-1702.3287974563784,-1426.1260871981042,-1687.2367453847894,-1419.3261164550213,-1455.5989390966463,-1016.4004752993823,-1086.9351127146454,-1877.7410376285875,-1249.3174181018328,-1354.897922499319,-1234.2726102029449,-1874.2913790848359,-1553.657582321539,-1992.6049075905335,-1026.525258016144,-1228.8883212666897,-1683.4726059793102,-1024.6079988203132,-1349.4513879694962
-1487.1198610112788,-1115.1178303977272,-1580.156169604945,-1772.891448071911,-621.8785867801989,-1317.4634333230085,-1552.259020255623,-1377.7716847546312,-1624.6609195510316,-1215.5778710633049,-864.5286856360374,-1382.8161307873938,-1178.0641262267054,-1649.9244010215039,-1667.045879066296,-1246.342007239979,-1258.7276248509354,-1685.3848055631706,-1181.6493546287088,-1275.9144983723013,-912.8152082274331,-1233.0706913225165,-1251.0372749710937,-1973.4550907334738,-1444.1446635042794,-1141.276325797285,-1248.5886340601885,-988.9576929428542,-1951.0514950194079,-1882.8826752566156,-2041.1852112873253,-1103.2621388709324,-1858.3909724776152,-1158.1225064613898,-1935.2472728310304,-1580.3536476841593,-1523.5951656092411,-1963.3042493046005,-1894.5567131925166,-848.1971181860213,-841.8905395912701,-900.0362773347964,-802.6550198303551,-1597.025747965755,-1406.058426802377,-1221.5136785992943,-1227.796771648771,-975.773169637795,-1354.4624387543201,-1331.0594584324708,-1067.6732328849607,-1511.1308017225142,-1678.9278091413103,-1816.767158892938,-1394.138743061353,-959.4498753274529,-1138.4017956825307,-1657.0729445899776,-1037.5748940912106,-990.5173673101157,-1363.4530639626828,-1203.8449221722954,-2030.8889452214157,-1374.8489919616795,-2132.487554287255,-1606.995615280456,-1472.8768874138636,-1411.1051743417654,-1152.3144988172146,-1293.3950380945735,-978.6940119201614,-492.54225686436314,-1872.066038259379,-1419.9546253042242,-1274.3816996299367,-1570.0575587191045,-1496.062925016776,-1204.7759606994018,-839.4184076634559,-2128.820044840302,-1566.1094470414318,-1792.6331882932093,-1866.8871029034806,-1914.5356583586997,-1310.0676779125874,-1650.4490489066993,-978.4197853037264,-1280.608867220308,-1398.3816234846456,-1415.394291886712,-1341.6792579439377,-1835.3092140181484,-1886.1450712285164,-1429.9979525782653,-1894.2125491456225,-1021.7011708891009,-1177.5522978998251,-1606.8194748297358,-1015.1351743338405,-1080.007106009539
160.6939898131642,328.8810904958553,267.5326758366802,67.26609369427192,289.49397963693934,51.00472330406079,61.01427702982833,138.2020817429302,207.5484141427308,189.40556543847478,287.7461555658659,285.7510972407067,238.1067969363709,149.1952851203955,246.83487459471746,281.73004042796,418.43704973815005,365.45601843197136,327.92552207408636,210.47535739679523,141.12908859100654,375.35239254695296,173.74601716465634,330.10177402985073,162.47436840188152,61.10038902728486,346.3222429164724,87.47723129500127,276.8650249896325,163.56943385796436,196.51081252693623,157.38719238354233,12.021401322699095,344.10642194613933,229.2061108067036,368.18745322028246,347.4081677446204,141.45613636609514,155.15832990069921,75.97788978181188,201.71596410424382,277.2692039939399,165.88106682267238,227.62664848560922,256.1681418756704,184.5900474703512,218.44839939533043,202.38577318685552,-56.407389321108695,249.7898142024194,261.04161107735155,375.98847941725023,109.43601333777588,300.7015952266031,181.06639141067305,189.73859745855614,251.8606685555761,-12.317336416620265,353.9031834928302,27.0302485602436,332.9677983714272,158.34308563303304,107.52490220498383,267.3320493106195,97.27004105549848,221.804645235878,135.4094723890536,299.77077298556407,206.41510373106138,272.7520657342719,344.25280332511437,318.39823178223867,86.98975063500352,260.3160917442948,236.54734383252446,-7.831483302067191,138.34897161460174,108.0105173434536,161.81366536433376,152.64038546991455,36.47928083257811,258.461811738941,261.2387447637353,-27.099264186145408,102.72566681352171,147.37044428880623,214.90607499797727,302.7596833658978,112.50617914367136,135.71230865587717,222.71338843621336,222.31277511109073,172.97454727295212,86.24881824999376,293.7897044462972,-22.25479765798857,238.19501631878634,98.27351143674021,256.9202038069467,311.9943480699697
299.86457240503773,231.28758108688055,314.6156221980037,280.79008828935196,167.80664268916965,214.550991180948,223.6248504979449,252.0622049162079,309.38291382754426,264.4788819450929,196.41465901152927,260.57061613831013,246.64270898870546,240.73887866830225,285.2634824358142,234.57602585055892,235.4893923732383,268.88863672208475,283.8694096551191,271.84854645904045,194.7570583638488,282.2112822278736,203.13847956608075,329.36395465933657,269.1929002775275,244.3064962601172,292.4904487226099,193.46164725145638,316.6390891382294,309.9233642179798,332.61559850990926,236.1833171871768,275.2172520503337,249.56793919209088,286.9805788575207,307.71051334347493,341.5975355008572,324.52709142454967,253.26374045836468,215.50630841980316,193.9237406523582,176.21009761883667,174.86060138798783,241.14770848252937,308.29034833104686,254.8110490010882,226.02032382869984,188.5715352748543,237.07609563676553,245.43989776279855,236.56736764971205,316.5867319760675,269.1117996585099,300.37415670728166,274.28366674653176,190.81616064947528,236.21105249680502,242.0234398950424,256.7873696572793,194.0782242344489,263.59628026428453,235.63523360785507,262.03004553793784,284.3153652413739,224.0704987717918,285.9954024561229,233.28586130911992,244.0659197070547,234.76628352421716,200.2407219157212,274.96642550870644,159.10929970558433,237.74661329467125,250.46261697021052,227.63678461409353,240.1567925010292,261.78058247997285,275.64902684101895,194.24282617122745,375.4206883559384,275.3097236393617,299.19907956968336,260.8826870916844,251.73230582166318,213.609055009968,276.35289884974884,181.01404673752376,243.2071154631707,284.93488423417386,285.89615270222686,256.2284192361091,290.5385600043196,283.36885821461476,226.21686857431365,312.637202311799,200.62339025210906,268.15909109535204,319.18546971973035,236.75736302747765,223.71317420532907
445.6925912504442,439.3162244497344,618.6867858502701,677.7532936082619,575.8688701433687,532.5306173833714,814.1858965755096,591.5207841710707,907.3784391642777,781.7915094575349,463.2469416002818,397.2783981789172,393.29792405182235,878.9018936210857,557.2131528474147,722.8636338225418,711.2452985373048,633.7277199730756,578.6169447063985,401.92069549213284,515.9179804348921,806.7892175280464,895.5218015201954,591.7037622130077,893.355292826226,425.04235695841953,586.8105751484488,422.71413895891004,803.9917169905649,744.479140265714,1045.0447146121494,143.74268050387764,887.0051186614935,585.6216634223066,622.25668000397,459.3869571997623,787.5431915172298,1149.2723541375958,768.2206577274416,560.5156988748827,465.93923549349273,522.8009390848803,401.8142495128946,571.6011208328049,779.0933796319276,606.8865105532128,560.0517321094898,205.1393633349286,215.67455366164953,564.3637264092301,673.4114005546388,627.4084521341157,545.9578332090865,653.5952232539211,495.94108125416267,317.73519455278506,336.48099355354054,439.99170455126875,347.53964982015026,479.71002239015866,694.1257728042331,590.3914446992177,703.3380715078205,543.7194291539589,697.7883783271719,755.002867434765,418.88753877919953,550.4802770694062,134.4872464243518,539.0345143042047,309.6703156605285,358.5523928246169,837.9929012819808,553.7604587148702,608.4372146049506,386.93918167247347,609.215429795873,654.6387953284215,497.5866923703359,666.4986843171472,688.6020924836719,925.6590082939963,389.89553769424884,610.4887347679849,645.3067766961004,667.9103040621299,559.3724881115314,500.0450435113033,638.5539550578151,675.9335729558202,635.0922818088007,541.4367368061422,797.9062906783927,613.620730347267,818.4991513642849,281.65859205819805,528.3795444905672,514.3240110998228,665.674823872785,549.4573669489623
-833.138696304658,-544.055841158241,-602.5870398580955,-807.144867065779,-317.93665826449137,-888.0354706008412,-898.8103280005946,-782.9560372081578,-943.0626976703776,-922.3123337798166,-543.9224085692501,-495.15993898942446,-974.7612212109581,-888.5286332916631,-901.2338814489854,-443.28903195356867,-604.5049961764439,-413.7574206494167,-778.9957388712177,-506.63410171089157,-319.4500856517984,-902.5850582102547,-938.0906599317043,-976.2806004402394,-666.7718849803634,-641.9583731802246,-390.2731519454166,-673.4955190168056,-1003.2837557299084,-1319.902544307957,-1157.5484326100595,-330.76267351120464,-1213.4389629181683,-610.1942304269913,-828.2994553209338,-579.9914531805181,-1208.3052785237526,-1002.4512087322252,-690.5684615117317,-1099.9365376472863,-500.27894739390615,-284.4583085490853,-503.64297232467294,-463.708793524351,-1301.4557739878471,-818.9972569572891,-981.6560656530654,-397.4356729522785,-680.6974849803681,-845.7711339999745,-664.3981785256276,-662.4061372560316,-692.707476306293,-914.2919104517197,-572.2755308238133,-701.6974510737579,-396.2681608947152,-578.220618969021,-587.2776515346459,-705.4957182204977,-451.33210147447153,-466.94137529198895,-705.8169531038037,-546.1117704712009,-777.7176029678524,-945.9770805087968,-916.6772753714855,-917.409963584903,-686.7104353741368,-401.29228633343473,-696.0648422636085,-335.3872839614777,-1351.8096721413992,-503.70590869032077,-552.6908462429732,-1053.8665588401525,-832.8580546985387,-833.9027830170247,-818.462296717206,-1060.8711739197308,-838.776570117301,-953.5990068484143,-524.61943285839,-1294.2043993497289,-565.3379466213532,-967.0016728919009,-938.8064844893504,-725.6850332529663,-1068.6368529820425,-592.5275750065651,-940.1030703941279,-591.8402920968346,-1061.561053279067,-1074.9655579133084,-1032.1976448789687,-647.9375417367422,-515.2714989994441,-1090.9740412351837,-908.5636288122753,-989.0296319193693
1940.867431335824,1279.269973422178,1348.7388802529542,1220.5246481674296,847.324672885561,505.880034206578,719.8605339644445,1664.8078294140278,1059.56582049898,664.9640933010006,512.1394571829079,1626.460039997779,888.6634696454303,1401.1215770156327,1153.607413325777,1399.4808538205982,956.5044895376203,1109.2016423696195,1026.9186831509212,2478.5330317529683,781.5023895990656,1484.900004653024,834.0116575639487,1366.3771521576077,628.9949735017401,1260.5238086736933,851.8796708391601,804.1470758164755,487.12449205081015,1709.5824489806553,1686.6030598136967,998.7825219968262,1645.2354627827888,1367.330211876176,842.6022582876977,1756.2580606811125,1946.4497482107365,2608.9674310895357,797.2509015714513,531.3942395003111,400.33357564953576,1170.2432214633413,484.78160500360394,1085.0070493672308,1182.3077787856757,868.6248578584505,562.9657833906239,1002.9241457374269,624.1103299205874,1592.3302206265798,1629.401947477427,2312.8077787913917,1644.6941209878466,2026.301715654885,1744.2264994226757,517.3310548308888,1225.7869267555498,948.9934285354077,1297.7305745018996,1179.8629035984122,1184.07001311128,1055.0434985658562,686.6183194433331,2008.2561235579874,1482.4857132479956,1177.9008509258783,944.0982753979232,940.5423293946086,1693.2896490742899,838.9002543816493,880.8304687724799,653.3984492716124,1836.884879538849,1162.6980043174638,1691.4257518572938,1232.6058205044235,1686.0104237661064,496.10654919562495,700.7844400979617,1511.8323961176202,825.2185599914981,723.659814096656,1766.4328614546325,1225.8157166235453,1338.7993654179766,1428.9690504120463,-69.05599525369023,1381.0718125460626,1381.6501465775066,976.1130984355669,1397.297173255007,1776.9246822546372,855.1221013458133,1196.4708577856188,1366.9676014083807,1508.6985487246016,1044.3483693228372,1469.6508380060773,1209.646252774134,717.4576901231661
743.3792618877318,708.7911340564048,802.780449406001,923.1094299402953,396.0211992643477,570.5554776542284,845.4786309347618,694.1088423197898,938.7496905249542,554.9911322768219,530.629352737136,732.8838086659878,674.9446419330227,564.1698572261074,867.5614198563128,623.3752929489481,853.2605245066812,874.1133174718523,635.0513563375227,781.8240294442858,610.4897271107366,896.2211021135026,378.3091866794833,1484.0046910417434,865.9198463621835,515.6221763354828,864.3916846736831,381.72630502567665,879.9724569577401,885.0882000346645,805.6859739008324,721.4372090007549,521.0229763144491,822.0919490298683,675.1943788546546,1047.2706825939085,720.5908559564906,624.3916771665281,678.2080807161104,565.7978405061915,635.7206532263045,526.3423026658269,498.31632979921784,777.0953175217685,804.4073108553445,455.2899493709286,429.4521104760413,765.4640723100003,664.8790409046632,699.31172592387,614.3424835510646,763.7281273848292,594.4424153362988,690.5106817643244,761.9808931776485,634.6359895341074,607.6454835669782,806.4999167224398,671.525448847205,492.37470221192507,756.5409014552766,618.7780213074694,871.8362950855038,774.4857092823908,885.037000710157,929.6699605921671,748.7598468673702,741.0941921548053,879.5226004348347,747.2261162217173,792.503557858693,463.54666402114736,570.3760304086292,786.7462054116058,696.8627267339157,570.3552949801888,609.2947990411734,668.8259578269283,616.7973509716754,787.6272949303074,766.0926412205384,944.5387768321586,671.3716321655762,701.601620741068,759.6907412282819,715.7923619913503,477.6982376026562,790.1242350044483,803.7546454887796,596.8327171688867,640.843118238551,597.0923911342738,1199.5405067414622,518.209577890703,871.2937755602647,486.9996202279486,835.731508436035,749.295863963451,545.3116963146882,718.9802518040646
-365.69151617004565,-127.94673893693826,210.0666395750703,-257.56453442328717,-255.8381215173561,-127.3834356672943,-397.834375945465,-1096.7999949628663,-675.0801180923722,-883.8888599891397,-459.45996230495854,67.81122262366566,-476.9215989708814,191.0166248382375,-393.8652185355095,-48.20087761127865,-252.33120390822316,-193.3311960751937,-129.75072737763475,153.71518578370097,177.08941111922383,-503.7304652162518,-620.6957183858573,-480.97689299936013,-126.30840714197821,-350.195498291437,-375.45922160486833,-74.3103612935706,241.01522578489133,-551.4948491393325,-689.5878000584844,503.67555180909267,-271.43259802014035,-469.97358272188677,-319.39305014902465,155.8641194338652,-236.9363120543283,142.82611970732611,9.16660065495683,-635.3175979827067,-512.0714830176368,-309.27367761630586,-137.66449741728115,43.2407025001347,-46.92993204820088,-201.67165814988945,63.0423562610209,-342.1720670126309,-185.56465758904096,-185.22909425561653,-565.5866549509898,-154.8706891477585,-208.85759912266116,-315.53113350748816,180.6872365354973,-597.1829652254838,217.44526612102416,-49.690797948210594,-210.63713653863803,-86.84791260303203,-327.68461271996983,147.89774125511698,-289.10683416469107,15.197792929767372,5.485717028487273,-392.2511903744124,-417.5337318542238,-566.4725374741861,-419.90809060164906,-12.139816993182796,-469.3486028744883,-249.33320164745882,-310.26115339704324,-219.82467561882956,192.9013937958079,-473.83220899117737,-367.8439519664544,-466.53011605147054,-133.05789290608604,249.34885234079607,-52.57057313804767,-500.2644954862118,543.8537216286676,-383.731519118735,-251.40901872701235,-198.47572043668964,-838.4980872740869,-354.4976397541156,-352.7985974783286,-196.03507318161795,-211.20061789112927,-199.6574369828117,-787.8447333961733,-260.08271487240523,-765.1627702795834,176.87194631745453,-508.09741238873085,-370.80614027305256,-528.9450799020182,-581.9636480845421
-410.984195940792,-336.921958798418,-453.28280675590787,-422.6522859921775,-213.49981023441924,-375.7613847248923,-411.28981482101005,-374.2339317454303,-487.1506271013001,-451.65070977973744,-283.9900857011567,-326.39212462940907,-403.0308613332753,-389.29839987499815,-484.8965800066786,-307.4963136368283,-373.66407746331043,-339.6252591340144,-398.43606435571445,-253.88012186393792,-232.9516755397942,-382.75174062002236,-333.3231020127215,-502.4856699193021,-443.4512495197011,-288.8977015215435,-412.2808402251108,-289.9534212910742,-568.2481065976231,-514.8098140597311,-525.2636066743772,-296.45429359599444,-393.42179753682973,-317.9945169626155,-492.17997325339906,-428.67187611985145,-538.7469674966394,-486.9273850052319,-487.04162145344236,-393.38407601189465,-330.3469455395837,-233.13670684947502,-235.03970074057258,-338.0713228049572,-445.12929998015585,-462.46900846121343,-422.6481336905293,-273.62568914785146,-362.8904737119823,-324.11484454717305,-344.1881880498754,-392.63740558110777,-396.9967089706569,-524.3124314357685,-314.8323763495391,-331.9484111246887,-278.99737406086973,-436.21671183187135,-302.66962170843686,-288.65901677149935,-332.922059007,-330.12196261874186,-418.75677095493387,-299.81345419615826,-484.1760130117454,-504.2464210620546,-426.8859075054118,-413.8282465380285,-270.87205338600245,-310.5758771138883,-383.201589229148,-183.42897053073975,-437.0782491688439,-388.3903612845567,-251.91809963351994,-470.05115032377415,-444.55423467777126,-428.5509474686102,-362.7095648797222,-569.3015375840297,-434.05496312354103,-490.2605812869397,-318.69779429681194,-498.471640739379,-316.9283760909751,-434.86658694956094,-348.7729733022736,-368.5737958899364,-433.6732611942254,-379.5841994053489,-403.05153171773384,-478.08772761193126,-502.93024796110916,-414.28498299333967,-527.1134711268165,-303.3289627515758,-366.5005047031804,-545.4022684534617,-331.4167903367819,-371.2344283613616
-1256.1948940004254,-764.2093286189278,-1262.8640047237832,-1289.0216555349798,-447.61645344909124,-1159.6171024205964,-1159.2740642797569,-1119.0462915463156,-1374.9080330171814,-1191.7280520088914,-664.3247933000157,-986.7472545825601,-969.9317686328224,-1075.7382291942574,-1291.577292512583,-815.9615531738585,-849.1594650126339,-934.4981815417959,-901.9376728398623,-609.9403084875307,-677.4278104267787,-923.1194883608417,-808.2283264671835,-1560.0116368886736,-1253.357454013692,-738.948186450272,-871.5477189510852,-791.5681301465281,-1337.7467821689256,-1518.020025212642,-1616.9946005528118,-821.981183863701,-1456.0309435945644,-799.5105025668611,-1433.2275960375148,-1217.3623227020257,-1391.424244825989,-1470.4465691558576,-1432.7181627240743,-947.7343812446036,-815.5947083855784,-600.3770471223754,-531.6362865196888,-1046.121202102801,-1218.6140670931682,-1063.9685267584875,-1161.4248549581778,-785.385414934506,-825.6173515950976,-947.8950954926943,-926.9414329053574,-922.4991276544239,-1359.3926138212871,-1545.2365813351203,-684.4516810406972,-715.9874977695807,-753.0644865389722,-1133.5178479912893,-742.7282990690768,-732.3475366428343,-914.6791053708081,-877.6041078377513,-1564.673985148949,-683.4494643735737,-1629.0922650383498,-1286.810827386026,-1224.3672281347638,-865.7896241064245,-806.0287871829785,-779.9118825777896,-975.2825684257674,-342.8718940216254,-1276.5786607590824,-890.3857595946629,-643.3222516232979,-1216.4947700992886,-1089.8655578628097,-899.8407052185436,-920.6065672422353,-1557.0651149082032,-1201.9288836274109,-1323.8374383180408,-817.702029968638,-1315.662463828664,-781.7847423837326,-1087.9443967835962,-899.8675721586687,-1118.6305281438379,-1255.684598164871,-997.6185283026995,-1063.8659497155002,-1485.7835338302018,-1541.0104018894485,-976.6185025087376,-1258.8521453249318,-785.7445993423134,-946.6681007329677,-1290.9072458657492,-798.1923945110677,-940.2058317118552
-2109.0678642539297,-1261.19014115239,-1195.656322799369,-1514.745639015158,-519.5792736574377,-1178.1558799490836,-1856.0206724162165,-2084.152026453277,-1801.2645770503036,-1222.6477352397196,-885.0961667126616,-1504.7983632456585,-1432.3471790055798,-1078.6618131804341,-1660.8303029119131,-1229.9615190165864,-1018.9213418865561,-1615.104847062854,-1065.9998857848498,-1473.1466896053473,-612.8355603344294,-1053.5360239250194,-1163.5121990704552,-1705.3124754897767,-881.8947536759287,-1151.9199401176343,-1184.7724161495923,-1066.3842836357069,-1282.98856780613,-2049.784193970615,-1828.0514994692544,-888.6953517575266,-1694.3540629649,-1149.151816317103,-2000.6107272892361,-1472.4815082346345,-2105.071808558591,-1665.8732708552557,-1346.480204864404,-900.6023037337528,-866.496461018553,-962.1889787270936,-686.8692721044358,-1265.1038049097342,-1311.7212506870262,-1673.0555823083,-637.2031682009006,-1058.2179728883211,-1466.3456690894932,-923.3731435668335,-1035.8994293865019,-1827.722139101799,-1951.202453177573,-2276.121368625327,-1703.9396723169937,-1180.6393045876537,-1253.7023949896713,-2039.4166279587903,-1074.3446855425439,-920.1611119681551,-1386.6897461548451,-1232.303277197381,-1182.907869300708,-1343.0398207537235,-2113.6473381275805,-1741.924154785467,-1720.4550681812739,-1747.0953301317022,-1607.1559657318237,-1156.4985660291686,-1054.7190679381201,-267.5431039597474,-2362.3863552194634,-1811.6870429332305,-1112.0720274814078,-1991.5494355178937,-1920.5852951045372,-1141.4175056778809,-616.3519441487907,-2226.2692228339765,-2107.4823676978435,-1227.1902274857957,-1383.040952946377,-1910.0157282258315,-1413.7023769971338,-1687.516368368774,-792.3632263895795,-1077.1039386388875,-1848.577561928174,-1435.8142431677882,-1660.5611928808364,-1947.1747205927481,-1636.7589817061603,-1545.1859796128958,-2077.505444057674,-1026.085410514857,-1398.077029829,-2060.331959828559,-1226.9616806206461,-1058.482141402509
-175.51387942637564,-480.615345158478,281.3523616225318,-104.02839153440358,433.7856172867962,1720.0357715152777,-98.34745281023358,-622.244594857453,27.19845712646473,-949.5067301181576,403.25523399245657,74.10661512946112,373.44364612235825,638.3946789703509,-742.2751951623691,402.9211841575179,-151.83299384968294,153.38535016591695,269.4534455196089,142.53712557627784,544.6154028493522,-912.4234303382888,686.9793816042708,-669.4345421005751,-24.013537272886285,11.673460844413112,-49.75209127840109,784.1660582225312,558.4043785992573,-752.9956777103058,-453.84810153990406,1162.6028185942032,620.7136792105719,-943.962044100546,769.1410377999483,-503.80732362815814,-1116.184579433361,-406.7202411777122,-345.7258250392343,-521.0335107922589,-272.5341990235157,-414.9678080600494,266.2100202859788,1081.2882264345747,343.4728183446558,-156.17676444299084,383.86280577520057,-797.3866813733629,211.2243334074414,115.91075170517846,-684.7566215394933,-612.4739775225897,445.2346465720625,-1207.0739651632498,360.30003945784307,-1009.5420007438206,383.31615044266204,-76.73338904055966,55.54671880386636,93.09478715365245,369.1630926343973,1007.8391402794723,1153.3820115341387,233.52837356644375,82.06797761862722,-96.5374231844368,-269.05422669626483,-169.23805708492748,-364.8547607576948,-192.75171544703983,-633.9139417934525,-142.47820159017985,-330.50560668645693,-413.48038448112527,868.6049500689187,-772.8455611000871,-974.7054987440929,340.2188140231255,-518.5797504380978,836.2069194510855,-369.30600838689895,427.88768861781006,43.573593572327525,-613.96562469379,-318.6324121731276,195.1096147784119,-596.3370189262661,-453.051154355277,21.633064486426385,104.5258028068752,446.3005337758647,-581.9624676266401,-1125.204275541769,135.34298823667618,-1116.1591304915728,-342.5143204178148,-309.82428795284545,-1095.9054904333925,-6.015624666494561,-181.56945712930013
879.6785650976011,589.6192766569096,779.3765524898379,194.53708522213157,431.2376176135414,753.5202640847411,308.02141411900504,114.01654401446861,265.54785815141497,106.70842915432098,409.0479293934335,118.99328733313207,781.1130029566461,16.458847138274617,849.6696247316037,510.33907318156,414.75893118870545,570.5509319910913,574.3594870833546,701.47751082376,303.9795722819272,629.7485705290776,252.33650493786607,709.69764492804,829.5264659685007,374.6864055167941,482.16658778339763,242.7600133768148,145.7375812731673,659.8704850219639,509.91447319932325,884.8137917985476,93.37003310738909,364.8810793211029,782.5379533394957,815.9231645204762,-170.46489693545536,74.45544020748747,206.12221410308788,337.3582790669671,392.62519826316907,217.75262001619737,510.21732060731614,659.377350835334,700.7661900170094,-214.61450014887455,432.7309747770776,779.0041554901496,373.58975879107714,280.6039876988731,252.33320511054148,701.9254587370277,549.305833910425,-185.01297763890523,506.42414464359183,728.59550526704,448.8450188730553,809.5121854368605,876.7190412397408,385.51366977325097,485.3624719730497,549.1012851041978,600.1862172753267,854.3878181662227,754.2720550681532,547.3995879173291,784.3739031282751,787.3974966372847,730.4797227514155,801.4048278875384,776.215015256031,579.9677599544281,-29.630479307865876,969.8861449920208,434.3017920925479,74.94945657210131,-204.86800970171308,152.74967366589544,156.60628454073515,859.4873461481909,494.1542019661063,394.3909491484949,-170.43941813873818,-158.5514027712719,432.2875095491098,649.6071546905271,231.9874495891123,226.80248381474942,249.71788476328382,272.43713650595157,458.38174766017045,-142.80208824288448,451.99242344107034,170.6093716461207,880.4954679428308,384.6670205751366,425.4223921415353,183.49239397652116,525.9543909075875,864.5023567417949
509.1366234396473,493.2336861953339,615.5104604384081,580.8619177984601,301.0328717444527,629.9531738165608,484.9667118781419,447.6520275779074,659.5046661931052,448.3718732223346,388.7881407411402,474.7824704540708,510.8128897798802,427.37924793712745,610.1687491576866,506.4549892922051,533.6612029168259,537.4196872630947,495.7381501835313,424.8837804349738,332.4168418372962,448.8004499499451,364.89671576214994,716.7695420650025,532.3610714453433,348.9219735086314,617.7135061580725,380.4667842275514,651.4320115054977,597.3379426033721,572.6083728917554,554.7331008345324,568.533005113745,376.6063978450284,660.2287364116698,561.5056661430959,557.9948022127679,460.3318886472854,558.9926682929829,420.82209272466173,407.0148171741445,313.6370787339951,341.950259591813,483.22988247928606,616.6703593349345,445.0108574230525,529.309458259224,406.0950796133828,403.99473835306816,441.0342049821167,370.7867657240482,484.6928872188252,486.86078424702015,504.77597701047875,450.0833759259926,392.2834888841677,500.2360762994373,476.8975934309853,510.3718811293487,304.78308739091835,539.5919684832653,422.32715590883805,650.1184368842011,498.6486702625954,630.1330199195606,594.2461202002703,545.6741352249873,485.0713388643629,468.80641356291494,474.33644133334855,534.3269635734274,267.5721433942326,490.48730928942575,519.1707083340788,481.85599077203904,482.60707834038624,415.9747016086471,465.3133542746839,381.52956947636153,712.6551831388463,448.79350886340984,581.7063308193287,497.2476281890644,405.9607924161819,496.2134800760017,541.4145379760432,350.3844391191956,447.85149615863406,506.3890483201765,415.0480238806699,513.9337376556385,483.0727510315325,605.4703296026789,411.22321457467905,522.2353884544989,308.2697160730462,481.51179280193037,545.5232785644813,389.27193602529144,499.2063634940849
756.4342930387344,498.2202007771431,893.0330492278542,840.5150633437156,327.3932467208071,927.3221082849382,803.7615156632563,752.3065816084188,1067.2660829799142,768.9030576643023,465.3168265445263,514.7900238741616,558.4226059782554,891.4840589245647,962.3845546460768,576.4341178989522,544.5276427718383,627.908630447325,527.7599218571208,409.666709346619,541.2361182137848,545.3416674338185,660.0894734735048,791.4350904628527,801.4375645528661,567.6213054436897,622.7696656274026,548.6748789229209,1137.679369143913,926.557349978173,974.6707384594382,601.1957033167845,979.783323528014,363.31123920520633,1038.3906439572334,771.4471489310191,940.782630614181,883.6601954608029,997.8123599509405,615.9256160366492,607.0495000027219,355.97239976701553,384.45486998917056,706.967369620452,754.7167156838518,757.2132641109147,876.3733244441988,395.8485657610875,682.0439297329714,634.3951418424426,460.6154609774469,515.1643193829586,749.6256717625411,960.6130998959745,552.2820184479813,409.41533082883535,492.9826691860053,938.3311972795382,466.5713865383129,534.352606856383,635.8122410506693,632.8124697220607,967.5646014683637,523.7272344592552,1006.6363480899257,795.8546771744769,783.5246348430993,604.320620999759,396.960277310206,555.3841499844259,553.1542997986463,164.67798125341054,994.9705984655889,667.0973734579435,544.2464733134742,842.2298906706105,643.3037699509707,645.3994868250991,540.2301752365761,1061.9793226975162,936.5104548738549,941.4590668284125,638.9735134036001,936.0735898545063,568.0301757796715,832.789446507438,457.84830836277496,600.9189941058465,787.3061413689105,720.3087857279232,712.7674514589281,875.3121856021207,873.7502432136281,712.7270382472759,798.9670068845344,585.6758572637806,565.5508372106259,858.5644313734283,532.6191377293768,558.6176987706508
653.3925778759539,489.75139343189494,623.1770129849606,672.1922380568085,217.3395208944573,728.7084838980095,593.2753134426526,563.9834862783107,768.7532629465481,627.8957948401126,300.6499412178947,484.79875386248295,512.2560314619762,475.12846541341395,681.0543949146082,526.0551959089872,519.688593345447,606.6451812505579,497.0975749368143,417.00190194375404,277.8061357161744,443.55708962638465,421.49992610380406,731.610112601894,608.1384417135351,413.2361884940903,528.2465909072275,446.6970792299087,714.6521341388744,673.5794386705654,755.7289521819393,521.8903227347402,658.938602363565,302.2120863306274,876.0472912289505,635.0445574074978,772.3451442380418,540.4892224025183,770.4879005082859,417.94783191263514,456.120464930594,350.3743476850373,369.34142075137487,554.2537297433635,661.0203962118669,600.2640029140415,682.9709100684596,379.68450091208547,465.0243659736584,419.42984231482785,356.661948787343,597.1526439339624,652.6509569236517,793.7459487647699,499.3489446788348,398.41763577585294,526.4537472379427,612.2295943114341,440.158462189484,298.4048048162067,611.3743543447533,428.90674595638734,732.813896627727,514.6352871353367,769.2105065846177,620.7642021210371,707.1661567907813,565.1776470682317,305.936906734587,546.7308277582194,499.1553863952499,147.74636789576405,846.0828852884101,669.2388164447134,516.3614096885414,606.176154052096,518.4475905966466,473.6272626478214,368.4735484958199,918.707308893539,602.9864034409835,632.1748383406195,660.5897607217569,587.2666297766314,592.6266355953758,642.848300904732,358.75135799560763,393.8072940276968,500.3740929674153,557.5604528527089,605.1832189086165,616.523658019139,636.645093608402,531.9049724996887,733.4495501117058,382.04521407318504,485.62376157941924,685.110986410867,395.23890979865456,481.0048128216411
910.6298832990709,681.1773120085801,808.9176158486371,843.4784659017688,279.8874022572954,818.7822532683416,890.4239285082086,834.47221561349,986.2826322198907,848.5125840232553,633.5879037845605,625.3958373701538,782.5954007705145,756.3080727515049,987.937331379014,573.8083968377091,711.3658699471099,869.1947623781954,683.4657984919071,743.8518684284334,451.4111080932327,768.9351680940879,525.334013788151,1331.8650504489024,815.6516401625266,560.5922292528625,746.1248152001654,540.5859626048127,1005.6295582904837,1180.3217406038127,930.2955267367889,502.34888769938374,936.1959015489738,580.2165552900598,1090.4088317842647,1051.7800287858418,1094.0094322806722,986.1236608113085,950.7010769167841,643.6768818512182,567.0859667444856,312.7823339322169,382.3345306093268,585.6983103793374,1038.278961488599,781.2914387764802,850.5812110154201,580.7581117393606,792.8499666650323,676.2708019201025,545.0184520269381,807.9164164315412,897.4701276427899,926.6247559036325,581.2768400196579,589.0715281075767,493.4592746230746,983.8503311327149,683.8220541565126,470.0851270329721,710.7582579215443,674.2982315862345,947.3821795316619,690.9060235878201,1074.9986732217403,836.398936450476,1120.2929326530407,695.1024595760332,816.8978662306719,550.6161073753821,693.405358978797,326.169007711643,1062.7273775344008,749.1608443084713,679.1010294871487,990.9297884095519,743.0664114899795,748.2760761114367,447.2422062004778,1157.3710740931244,827.6262930912518,943.5320277357766,852.3484415589108,889.8213973016185,517.7715072144713,805.3536583114042,619.6426134743588,711.8796143460947,1137.0338542301402,693.007454470852,730.2168773712649,874.0393100346623,850.1042448489691,670.134021014042,1300.0888136018277,462.9847339511693,696.9160742282132,941.2979662781678,536.0460036066644,786.9077794424367
639.6626016887665,522.0433945096573,786.8950359452547,1085.1569215651996,157.93139705957205,653.9626500254988,762.96865761046,798.2062858440927,1098.6088962393678,963.3704914203612,205.9678577202929,711.7557752009803,208.66849136358923,834.079150029789,709.2487182794664,768.3385139569167,524.8932536901833,665.9585596080177,386.71767291582535,466.3186756492911,324.0996129377405,513.3169800507928,891.9549065415662,583.102000468169,622.8166941821075,616.0412047067402,652.1046634496495,441.9083045123252,1103.7148758843837,819.1443617592398,1133.930579910301,444.71628292159176,902.0449372940553,372.2980248374301,1014.6587433990983,658.8930180893586,844.2759474669397,939.8837567794025,1124.5987891469756,633.3750354896924,532.3700040870208,460.3472008036076,426.4407885213765,482.0136363060825,678.6740804931825,728.5774982165981,767.4817434931293,307.2373622626964,458.5003751498138,599.668094884306,503.2750064177545,622.458955592973,831.9663150025169,1274.2397819726607,795.698082516474,363.9467887053042,609.0421249039517,664.8823376408593,305.0230681625796,470.2514488048002,630.7510824618979,409.1804851574315,875.483251950294,574.4780084449758,763.9066225315497,804.4081879963273,541.7602013757288,853.8632126317395,124.09281130210586,581.1722203368801,430.1143611520349,20.759635578976436,1059.715978402532,632.2620974644176,564.6232167521057,888.7705983859312,870.6961038167192,615.5720498536626,494.5353912702269,1068.420549762827,735.6295992343049,910.0440842737825,1039.7867167838194,941.4531303465895,817.2934597971257,771.3164022611206,385.46290362941403,512.6681676506058,594.6519493761746,717.1275517832312,699.4836960878717,1192.8560515490271,839.7291385710804,608.1295125862539,626.2663072133698,490.14997246312157,418.72980041557753,978.4765412615423,509.8779138414067,333.9297336853668
587.8577169687044,-324.23299013411855,-87.59879231123905,272.3239345240852,-474.7833048305483,245.67032504882314,732.9716695117979,963.9039325573001,372.9251698702952,636.0330943509846,-29.15311722053327,-815.3300975537403,150.3397209943289,-12.219773822638825,925.7513749071923,-463.1179533618024,-521.901267523328,-233.13609946243812,-525.8082289886793,-577.957520431039,-61.47816419200698,-176.28200105142494,503.17437429670343,-283.2583475959248,25.86856989979136,598.3103860009635,-388.6012106428088,-235.5993288226754,498.2966942729118,1182.1329899145842,465.5212851805692,-1124.0294417818209,378.71204959466786,-284.030875376108,441.1457543148854,163.8492670879887,690.9144145183301,740.2747389930502,293.16483580871574,334.9655233539645,264.7610622231035,-469.72144486941755,-514.1278528267106,-164.10585869681816,21.68305711655111,490.6960143883101,3.08128263545987,-433.9334606133497,313.88530789317065,-211.07670790550287,72.58764098104979,-461.2966225651078,123.39416514287312,676.2459648936792,-473.9849066458091,320.17932680993846,-641.570028141285,1227.6892865280904,-311.6332182627837,293.9216787992452,-666.438474408986,-106.37180943161025,151.7632634219201,-740.532979099354,384.5779713820581,-237.56254362523023,304.02493287863587,-216.39198898088722,-294.3996394175882,-493.7001461113878,-37.612247847980804,-569.0594533566374,630.6286782797757,-294.3308932825072,-1042.249279108805,1153.026151811267,46.89593541640653,312.6653554309948,19.869715029258145,756.1781066216683,887.5427343627574,90.92708914125198,-494.87950257078654,1400.067346016529,-344.51022650855947,441.07762797231464,595.4071667669983,-593.3167420573162,1093.5161600751564,523.482666939049,27.824811671495212,143.01133673953882,326.19419754268023,702.294654622781,1174.1179206779757,133.28868028997903,232.90169294712072,606.7641406686258,171.2038089353016,-447.7339062597767
-1527.0219700539242,190.46600508399,-1401.0363174257166,-1001.286997238933,-703.3317794711305,-1458.7424889185131,-600.6585288542556,-1900.0311351233838,-1409.032571058541,-443.0361054151669,-514.2717798450517,539.1459365591546,-1081.4223166417646,-1419.5456345480209,-1351.8743808665195,553.566767358279,-130.14986258722521,214.66709277987187,-834.2048083425648,345.21301808347044,-1827.076164058982,-295.6220762862546,-1010.9522809108126,-667.0578473805566,-1093.3890743098693,-868.5270539168736,210.30209372924756,-682.953903481029,-2283.144462999317,-1052.2155528212793,-1414.7711097202482,-165.1717213909849,-964.894897987111,-150.75775501273432,-423.6282521375068,-1385.1596886271918,-774.0430973220285,-755.341415308502,-1071.7160805467404,-615.8248450278941,-572.3340941607318,226.0029117980616,299.9392688486131,-1314.389482868586,-529.8721844748957,-1548.7571343677637,-479.6616295597891,290.1908539895504,-1515.877500320056,-1456.5482226883446,-239.92952285876908,219.5283029003298,-619.4541104924992,-509.55774981277153,366.77465733294486,357.8983074942063,-52.230668536371184,-1485.9437171030559,-157.2690484111347,-1210.0484929716295,609.6480727834862,-1250.1879671951328,-812.0683722772767,-69.4419301281246,-1673.782764752953,-456.34302859466453,-747.937271256961,433.6443164574659,441.0418973372598,318.9583587909769,-508.9450048950278,16.63416517746916,-1061.2478101681102,311.21229693923516,177.6668764838653,-556.2833540700627,-253.23670192840316,-552.1848095866584,-812.9121440019286,-1681.7209155755302,-1894.4645021795711,-620.9530462650612,523.2594644824048,-1587.3812614179224,302.5253529788134,-1214.8438924855107,-664.7990212086712,-578.2883124112011,-1201.2802997174897,-1197.9698255387598,-1064.5009737735647,-1537.6387070155502,-972.3453604606269,-1044.8778347897673,-1201.5385786791442,-1880.217722611138,-743.0439790575329,-1082.1640951557583,-737.7634119619305,-185.78379354117783
-557.4731247129258,-607.5682863231453,-748.7575501062854,-736.4535263243413,-262.40458578509947,-823.8746445486353,-744.9320403647241,-270.4355977767991,-766.707208626724,-764.3714951289148,-314.30418242054134,-619.831718709787,-453.7474266421142,-534.3632759155316,-831.6875859702047,-719.9630146951539,-667.8585102555422,-538.9135451425898,-574.7266940814719,-424.8132275248583,-381.1703345995298,-481.385117832547,-376.94841033902225,-948.7422993862201,-636.3747846341288,-390.9127157222662,-586.4198118269289,-434.123784446111,-812.4062773147612,-604.3772431210256,-510.91435752087875,-719.7975156744078,-338.11094160623594,-329.51741345184536,-934.4642152159585,-631.6923379543034,-863.0772100169928,-583.788646053799,-728.2362519581043,-584.6591510169497,-621.7061986035445,-449.0764490600015,-468.08029333048745,-716.0028855349909,-818.5728986144968,-657.1771804204141,-901.2138762543935,-528.8792801190363,-334.1964681356793,-567.6615673340592,-481.45933512510754,-515.8037952229447,-639.4575565453724,-1072.5619311145945,-578.7163526614831,-421.38201785163835,-471.09550092008766,-735.7265716856658,-523.3708218854805,-345.4750932132341,-863.1657233615185,-561.2787463346118,-569.9120075787737,-499.2837904985305,-561.9604710779083,-872.3532133962693,-694.4993936214812,-551.6654218677728,-228.89831582439587,-559.8318479759992,-683.914329436254,-191.26439690325256,-670.9072779053769,-580.0259994069421,-639.9903209503944,-514.4757577366456,-513.1797930103081,-418.9017862337042,-663.8292876479426,-719.0720498813796,-689.1286018163566,-820.0263953830741,-682.265725121866,-515.5571989888826,-519.6218722026222,-522.8238502944979,-353.8712510289009,-537.3688485438234,-424.31507170310573,-580.6921724163566,-503.3201827357718,-607.841086448861,-704.4993660100241,-591.3240150120597,-694.6025597829645,-459.5870238756117,-705.7422043525384,-519.7942587005123,-437.47172698632494,-507.8246279906098
-888.5768898189729,-658.9123317236237,-832.1931491498829,-775.4191275950786,-440.2347855806457,-1216.6945983535475,-707.77793122648,-693.3786332158503,-911.0461964646479,-643.5557755796546,-525.3502695317726,-526.3815412801372,-711.6975815390363,-637.5979588601473,-721.060252071839,-563.1944380275237,-641.8859907250794,-611.6737418751636,-760.1346902704424,-529.3095173125045,-541.8137860981765,-661.7454555038026,-470.77138928510584,-1106.5801401670246,-921.1085921599918,-470.5898307032829,-648.376963576766,-677.4238826173608,-791.8181767702232,-819.2290542817685,-868.8512072014898,-705.0919036953669,-964.2757969104325,-362.22781699466765,-902.3649519865243,-815.4531572264362,-950.0866497934538,-594.0447736945015,-702.7475810458158,-551.8890501579243,-516.4945895162816,-333.9611772730724,-445.3153083612177,-792.2494906330304,-957.421559841366,-534.6380153538224,-944.1443242628314,-415.3946956221108,-669.4043612863803,-694.1810865247598,-390.02903715452027,-551.7542347866377,-563.152570152202,-666.2689834901521,-434.2981641248764,-424.9206177600198,-580.1936253783971,-729.2592411896123,-667.2146471611761,-514.0895568067983,-689.2465392053614,-655.8422297739221,-943.2600142286809,-671.5131973615856,-1015.4591875973416,-715.6098721973158,-887.5803745875398,-608.3069594690699,-567.8853623524678,-564.802426127612,-664.0493718791589,-348.9463748685961,-934.1700347401111,-699.2309251165871,-859.2824016343293,-808.859603936491,-503.9365699757951,-658.0497862529555,-503.7830811478513,-1104.0777871215807,-489.50468238890033,-801.0215084258389,-638.5524910024591,-564.4318008196573,-644.8031543991312,-834.5148052572906,-346.9528635708926,-571.6495707930087,-780.3639591345876,-556.0660741223944,-917.6558039259828,-530.3427257331185,-713.5881654589352,-603.4546645232523,-739.0684519816647,-394.4068433185029,-531.0234922761385,-781.3833306031656,-486.2189798752743,-840.2625897118762
-1071.8958382714213,-381.4410403676026,-780.9696893975134,-871.8009703747496,-467.2889194674273,-1022.4074706234853,-231.5879095847987,-1154.4633779612025,-1783.7728701422373,-906.1979858233063,-274.93895416357054,-481.16432880585586,-351.5693397886471,-885.9427205405925,-469.71865693584283,-637.8140453832991,-425.850101767923,-608.950569990927,-412.1225798275281,-303.2444380162421,-444.43205745791704,-647.30870688224,-788.0617488127724,-749.8998231219496,-834.9614416781844,-642.3534946135042,-435.2395624259062,-740.3574129761088,-745.2206382501641,-561.7444907229132,-832.9398951915385,-771.3157482693578,-754.3933471819789,-227.99636171780747,-1155.566905994383,-731.1774986334174,-1408.4311123266882,-723.3108167375087,-881.6261724376426,-589.2917461521586,-619.6646827059611,-501.76788822844753,-287.71982531039737,-638.4047584342802,-385.6529802267271,-800.442771494595,-885.4669968673353,-347.1399313265329,-591.6973360710538,-778.9532760860914,-249.22066683255562,-384.69465350178893,-596.4813020798355,-1036.4177023467516,-718.4828696373891,-127.85987573642669,-792.5304433985391,-368.1733567682004,-544.5083794473743,-351.57802168918323,-483.3606451684814,-353.57808798445313,-653.976322190856,-535.5174246606042,-902.3700904442354,-681.4798352822579,-389.73492819000006,-460.4034372382653,-122.84135597911072,-555.7499915559717,-545.9819081887954,-103.68355914908288,-836.7319501601072,-620.8083722603517,-469.70462319189096,-886.114704603725,-701.0275411868231,-537.6174560129332,-522.8897848707729,-972.58359736243,-1091.2213132094093,-754.9751900247392,-696.8964891413987,-542.5316850076362,-794.996007728002,-1020.8020296633249,-244.35678129739821,-440.48733269226955,-241.7619760756914,-631.37872588347,-573.3140027584891,-1015.9141038194253,-810.916702297597,-602.4340855747702,-465.323928344513,-868.2344799757321,-348.5007561025733,-841.9305690174457,-756.8826549460206,-467.3686405819012
-1202.9283616235812,-377.155601000216,-1179.4068620856779,-1025.7307409560683,-471.68438952646954,-1063.0859499527292,-1208.0596812962083,-1432.8165909342151,-1307.4166108680563,-1285.8954646310506,-468.88684802164084,-204.84424246908114,-955.5177634313255,-786.7576929168087,-1195.8177960476694,-359.1665384476056,137.0437505411129,-133.895581340827,-712.4884101475456,-699.8259894646966,-872.5011950629055,-461.5223163201541,-1051.8357180826015,-954.5607897414845,-1043.5602069973281,-1354.4563752720167,-136.4322241883948,-918.9871381875126,-1031.2519368345004,-1683.9804331481012,-1196.4419047277108,-237.58570167190618,-1279.999444916387,-140.429356429853,-1392.1630780559203,-925.3637851497726,-1372.3777503567715,-1246.5791638812443,-1138.3739794916198,-1066.7381850658435,-637.0906498444832,-180.49259118100346,-412.8813465141865,-818.0362214254732,-1086.9882548498008,-797.8513886996097,-1260.0023116668044,-293.84992418825976,-955.9333942061173,-606.6465519681515,-704.9084520777931,-33.78528067812481,-787.6284821630944,-1269.2156363541621,-427.2418574460573,-290.3376004707918,52.99640996855734,-1805.8199651766674,-319.22076406757515,-775.8779724132141,-113.70914092544535,-1020.0396421710543,-937.4773824807361,-438.84866502306187,-1170.4459177347376,-732.7270216553306,-1160.9589432829844,-347.92874566040524,-395.86967698050177,-124.02539146004965,-718.6367942925152,-208.6456771574889,-1084.3192708184636,-298.27879174546206,-88.74907656133183,-1236.5961302180713,-828.016515035744,-1081.8788285452285,-688.6789025364407,-1780.2980424172858,-1438.5173254858846,-955.5359430152859,-336.4602140503093,-999.9144463406159,-308.9745897659699,-1381.8331123179257,-743.6248105355585,-467.0673299410889,-1045.4572712385757,-974.768653752714,-1281.3067714361846,-800.257312509763,-1044.7615600006345,-842.7336838790478,-770.8026780610685,-718.3631680112744,-772.005616779506,-1514.1940066191503,-668.6174730925451,-570.6274727042617
-836.984768091134,-433.3935839404872,-593.0575490898474,-480.4191720923047,-204.1338358857232,-691.0412975703232,-124.26265683568235,-371.08104588613094,-738.8450858491226,-494.85094474401876,-228.6988777216437,-662.6850723788133,-492.6606471307802,-221.19665915696106,-382.72026270049054,-639.0445365689366,-529.6382301988989,-590.4878249486468,-336.8291303703263,-188.3343007242415,-131.70014570856623,-411.8557034908556,-283.417643638127,-575.9711806591054,-651.630923330322,-175.89274783288735,-610.4295862582886,-393.6824752972124,-594.5111478052675,-329.01741912791056,-279.80897527450685,-648.3546575833046,-251.585856196135,-214.0844370958144,-844.3429712021351,-376.8885694060264,-692.7172018034813,-317.3660523778288,-361.79297855769596,-293.325712306494,-388.0833076316755,-423.4339178946293,-306.9410074215406,-451.6859673117104,-406.38605275101344,-297.45777002400274,-484.0575338706499,-329.93664295336384,-233.5830961405335,-354.6274458729691,-104.75372028524089,-421.38454304676355,-248.1955519190578,-497.0512991506479,-494.55569117504774,-308.3543740719717,-754.1954429936427,61.68235661546811,-545.218632588154,-183.78104584926825,-509.51178441096647,-179.36166293211548,-434.5892274253865,-505.22685379245735,-452.19018121805027,-438.19274586921017,-183.5906049203529,-472.85559143860274,-327.76202691536946,-512.4372091668529,-373.5442809793887,-221.57209493745773,-254.8283219824106,-485.6468767982972,-401.28107832463365,-404.524695127674,-329.9140895245129,-237.12393954109618,-358.34357267564786,-599.253005547913,-310.56925129237203,-499.0030865885538,-598.6059680074536,-210.14503496614148,-397.1373492410642,-462.8051652309538,-153.09033657581662,-281.64068415280286,-296.5806790226284,-261.2640725913225,-216.89663114841696,-428.3534760189972,-439.06320698034745,-334.0526400311875,-326.52845852128826,-103.4360243668427,-231.53828337682168,-327.930041137494,-371.1322425247028,-422.49187056380407
-1552.7705748199726,-852.4622525640503,-1460.7568591274705,-1022.5293360952627,-507.99455795214254,-923.8728438534531,-461.9432988083683,-1346.967508081846,-1747.1619582094636,-1125.0290195802802,-743.2687181490413,-1056.5525145887825,-676.9349573683666,-944.7528374629591,-778.2562947589429,-876.9334734426332,-715.4069003605413,-1044.1456292679925,-857.1982584959817,-840.7574833355602,-650.3291333416067,-872.4117083556354,-850.196874029893,-1003.7412417399784,-1222.298039573073,-675.7940036428156,-1065.5136411303674,-898.3851361440566,-1243.1812063476452,-947.9975063974276,-1542.60406224496,-1080.8383278014478,-1506.2562732633917,-674.1312678396287,-1279.3731490575346,-1079.4450531946884,-2166.393220583545,-1053.3668126100401,-1383.8055006655354,-829.6251030065166,-650.9005878224165,-776.5023688044173,-544.5433779265987,-778.518776695797,-801.5094345529468,-1015.8353885687674,-1012.4968854077443,-687.0624030392262,-1079.4264756246437,-1073.6667983280938,-533.3928319131351,-1147.8911798948434,-1251.1778355817546,-1256.0441524105065,-984.6580324271458,-504.6995070640931,-1255.8221606561883,-596.5267628833828,-988.2146621660315,-588.040681898175,-936.5902525068395,-631.3123702995916,-1189.610656577793,-1281.4379700014306,-1335.2844652880801,-886.2210483908491,-932.6770661587188,-1136.5027250620312,-873.4918180392825,-885.4221802733115,-651.1931000105453,-415.9589207252477,-1502.9888102090388,-1279.310406035651,-739.7574431466402,-1360.5094739525716,-1108.7790860695286,-1018.121173822214,-459.7209363059385,-1556.448136389836,-728.644761027615,-968.557134776019,-1408.1280800024745,-929.4625159158951,-1109.1575025307989,-1345.6514582600523,-417.8588687691499,-1054.342135181093,-632.7606433539056,-651.6621740403094,-1203.742230907298,-1483.0334583342712,-953.0384602070981,-1025.3924076661149,-871.3544919326158,-1086.7847267910124,-627.6225878612291,-1848.0218544237277,-911.5290956778151,-878.2482670559349
-395.3621422882083,-267.73253138462366,-607.7238721714778,-903.2946112852158,-361.0158466742095,-2.071940859739248,-919.1481856347904,-1094.1692443238073,-595.9271213825364,-541.5109081316803,-812.4086761448596,-506.00910643670994,-1084.3756738779432,-669.4832073019855,-1124.9251098280167,-236.1305334859174,-511.0932144954856,-788.0012680823999,-309.8485626622792,-1195.10842468469,-963.6391580678082,-555.7005233363278,-424.3597954576581,-581.6039379894336,-575.5671986855223,-1081.3347268762316,-775.9658789791222,-411.2546922536003,-518.1709211973042,-850.0895926462074,-260.90899586052666,335.61442275113535,-905.4629181400927,-625.8884537893384,-926.0235246806047,-1498.3166172312,-9.577555318541341,-861.5179317843011,-779.0673747238366,-466.33175749125525,-390.3831801501944,-132.45392921345578,-84.75554571140896,-92.14461199017636,-450.3739851694596,-604.7249097576055,88.81286408870123,-676.1179488315746,-801.935311992166,-66.17184949146564,-1629.1362090148098,-593.3579058979591,-931.87336744848,-883.063322436139,-995.6236594864299,-208.8140361458449,-656.673436577718,-1549.7887344039304,-1014.7839479414951,-758.8800472470742,-339.4641009453624,-909.8706704671304,-836.2961655502362,-1070.9359001843138,-963.9836235367363,-446.0644010371693,-1216.0675256105826,-156.32473662909928,-1157.8649188725244,28.215269323664717,-303.7289327784799,-375.67203454375414,-684.4436981478029,-444.5206139442208,-245.84311814573965,-1566.7868555165278,-889.6662774856751,-741.0194910219557,-420.83403332190574,60.28979566868416,-1243.193624356978,-565.5053508782798,-759.4733117793248,-746.6933384994927,-213.78736475817718,-512.6932975089783,-814.8280660249932,-349.4827778002069,-1768.6359753886452,-667.8577185503331,151.53723973995093,-1257.5309680991227,-298.0764202646894,-726.3061114218203,-1723.5173658363356,-694.5382230527404,-1389.8889913437692,-1300.828268442782,-624.2520666926509,-72.47565755478709
-861.8135979529761,-2400.73418873981,-2395.609207587888,-1353.899055805147,288.0782890458714,-126.75100068324943,-573.9495204404642,-374.8699080871079,-1004.1389219276149,-846.0972409741064,-368.894279233957,-1943.7148192199586,6.56449905438437,-371.8695983832239,-1302.2443450001201,-2895.8818340505973,-1415.8726444533243,-2408.0796525912074,-607.3428560498071,-716.8406959524403,-120.66201173789716,-806.9837833302997,584.3761519520638,-907.3779811426011,-2256.0755465658362,355.48442134140095,-1807.6709370182396,-888.6924653028871,-1377.9669141628947,-35.29498728272829,-572.2617611568422,-2638.175256032008,637.0560017562611,-892.3487230442953,-713.7793951123225,-1144.3956669381173,-1674.8287935163232,955.790378379904,-1876.8780345749453,-1528.048765000662,-1518.7931246747728,-1672.659842397489,-1524.2250062320652,-440.33426443522353,-453.7093575260069,-1016.496522866701,-1143.6778154130734,-1460.2175023981142,-601.1668639337221,-137.80427303989,-321.6303076982706,-1668.365315043488,-1113.82723622957,-1441.667710122694,-1521.7274685664859,-1358.9738072894727,-1942.432726481452,1634.0623506031118,-1297.7704806230595,466.92196884356895,-2087.279181959936,-769.7798651424025,55.36958627762096,-1357.911603448427,-1165.5600387852508,-1698.210236804646,-162.6276946277072,-1632.9539929677344,-1136.7295523425068,-2446.3641730544086,-1654.774028295195,-354.7090404672258,-1213.146502409981,-2236.1628424294063,-1518.764987631157,43.52030329320386,-1145.6384785474004,372.7572441971,-645.1905057647205,-1330.7412770793637,-74.92435817590118,-1138.370954898418,-1681.3841235041732,-69.65579020659966,-1706.9654585044748,-1089.8613188689533,133.72470829320605,-1683.9532390822096,1378.5261287471062,-646.8281984074209,-748.4491681486938,-1386.032956107516,-2363.8913315119617,-83.64577560480653,-240.43011752445713,-361.0132967628595,-1081.1276227489134,-1231.4899041429046,-539.1418053510085,-846.3913814681783
1343.9078978696843,-70.91501789351703,1211.2922291700202,236.4630489894304,473.6623841911383,1434.0765111674198,-848.4510861797929,920.8894457869346,1099.1960928266512,392.34378113360157,-775.8566683338817,865.7645957532651,540.6615219762924,-612.3029901964691,-1801.6319707373816,548.4759884686359,-1400.9654756928555,623.4942688667059,74.51514678939812,-839.5194448122361,-435.49161696116806,-727.0124486607147,736.2100211652104,-604.3477375994567,1081.991271838828,-175.64247092885515,-949.5322515336106,1114.907600699521,-206.26039317976094,-248.19984226595201,277.901628866917,323.69148331670857,1279.5113637056409,-1094.3034556154876,28.481526350197715,-1300.6617833407217,182.7198348391625,257.8250843118726,378.02337853689073,-139.87406010590013,-650.3430360695721,-290.50467434187533,134.76175965538494,800.3890398633902,-605.8331033703694,-235.2136316506823,9.136940372252399,-913.3485483797101,357.09821175767644,-429.3476141332486,-403.4892696379527,-899.4879214332703,-5.2032301642074685,640.3580719868103,212.64335443041776,-1131.9936427278942,491.8106353252788,-1846.0146964303044,-917.2903009963702,165.99321357242636,468.26946734414514,-650.0881721951891,1082.0966159344048,-143.98374442421132,1477.9692755753956,-25.21328078036727,-844.0632866610714,-141.92129815227764,-230.69281002978502,-256.28075500358995,-852.5506247635269,-595.4473696027666,851.8486940614176,-671.3268237404832,158.2208145622196,832.350402975763,1108.3499085601566,-92.73140298371797,-147.1973121344652,1058.9857184728069,-636.4412255621896,-205.32916250353128,274.40302471058783,190.93895025320424,-266.5194151089525,1346.3422159961685,-649.798266436231,-195.6707012090493,-787.7434590280501,-408.3155857821632,57.473786799898214,-114.56339751677089,812.0906237613069,-115.50945262968942,-934.1347946882611,-548.2572634230414,-511.07865137892657,570.5608503089568,460.1460238697218,309.2860993932852
285.4193271352607,-611.1850498042977,131.74456914201687,-678.0573230146651,24.261812251788278,-401.1703044743278,983.6151159888542,873.4817649683565,-987.4196327141399,-1727.9878749222705,1596.356916484782,734.0587243341912,1515.5778672098602,167.24927507436982,1241.5388979449192,-1231.5574298102315,-187.2900458866827,1029.6883953942975,464.82416038936526,1131.1069027337774,556.6927077660381,-505.40422055004973,-652.1047497591622,-385.8199097075873,271.2012220095249,1354.6651872227258,898.4516332298175,-126.8573733142383,1318.1581614965046,2073.1952748051544,435.72860625918526,-573.5553571105922,376.81857884592773,215.15030069937674,1562.5122275387253,832.3479284418052,281.81300836468534,327.5189908321953,378.91513416085104,-638.4901832177801,-1097.5214124338552,-225.24566690849238,-111.22553037528591,856.3812121042047,583.4725575735932,-1609.0681967106505,-961.9879866967258,340.660668677501,1531.6830777846408,-520.6935922901417,256.78060827857547,408.55721319390585,258.73976561518265,-1417.7706733434818,1045.0645477098897,120.20839960804247,1252.8704962675536,-509.4263522087295,1071.3882665422793,155.05627899919364,301.3682524940037,967.7522775122865,527.1560328824593,767.7561211074619,1286.942657164526,-819.8056518575768,287.60726371788905,-137.20580799596124,3080.6128014265055,777.8580262378125,-682.9252243842022,657.367589684275,1101.0496885106006,223.2112735023548,-481.3911429774294,50.80976592591462,-324.88833168301636,319.2602092528319,-812.156144256697,435.1649144490529,418.17384107948124,-521.8964079624155,1440.2788250592705,-526.012111564946,-264.58358581701106,1071.274888141463,244.42438180481463,-274.9221244007666,1291.0470386922075,656.7732792063156,-93.12849505811862,-508.14497611225835,-2189.972769918532,2974.664692827528,1173.461712246402,1376.1989219190175,561.5529327320205,693.309760631062,271.46766933011367,-76.62782918010629
1785.06819572357,117.3677883350106,3764.926788550209,1406.4579548567895,1143.6988270816628,4378.814444648206,-70.48166231333578,-194.13513931449822,3027.5821002394855,2191.164529048971,1257.0272112102984,1426.7255617497685,3092.1734919103105,2184.879278518986,776.8042518392898,1624.0982055172863,1159.865006967168,-708.2601867505106,908.9541983744986,-1523.6950727010164,714.997176789336,1151.7602563760927,2493.525137026205,1771.560143425562,4055.03391276989,-57.79039458978246,538.6039289027352,1381.083172750726,3177.4534713696853,921.2184715800227,2059.742255122469,1782.9830331362357,716.7328137484369,930.2034347269451,864.3046776669597,949.3632669043686,2021.7592570516654,-152.07029902636108,3253.5943258566294,971.2911552685034,2101.8496084475014,647.8670449729682,-55.942268220556734,1473.2171844964137,1612.779993214629,4131.531890143557,2434.338966129877,423.8820460180459,-525.9098192454323,3491.908475313556,1352.852827877457,-98.52043177751621,405.32659978213087,2341.638139190975,234.21635048754453,411.4409106138188,2300.8959429073066,2436.2348766864675,-308.3474488646485,268.57380923918623,204.01641171801845,2816.2825190284275,2792.2973718313483,-755.5197449757181,3650.4233368577015,2572.0478994097166,1555.2243987372078,199.85532083332808,-261.2076777813785,49.821279344089255,343.0194857539393,656.1730714654939,1949.7526882864734,1120.7146701400527,382.8235824409702,2840.0527052089215,1595.9669194252763,2404.5030984842792,2551.5542252215323,1264.33738201011,1922.110420728843,2065.1827971147964,-1253.1840281237892,1713.868507177677,-168.6315424820765,1380.6944885100595,1803.0855239339603,2292.715059948006,1043.147903524623,1113.5604796594907,619.8110815690851,3341.688022823155,2619.116404985569,1754.7585147684358,593.3401058843848,1170.1598109537622,564.4038000346609,2296.3208854998816,1255.677313301455,3248.3564477755635
5914.880723174312,4229.654442324612,7491.241877303668,5296.480699336665,1865.6947590515776,9237.42589274536,3854.3554712568666,4202.182161539079,6354.308213781157,5054.175615248047,1789.6055714340728,4689.151073778028,3719.0703245411055,4957.692105711541,2632.4918064051067,3596.4473968771827,4530.961864146886,5477.53748581391,5108.943281537941,3091.6741818184087,2869.482085361613,2248.516524149721,5993.87408593187,2425.9699882217415,4981.010320856862,2703.038885489984,5167.001787076087,5011.200638107783,4862.003827020502,4530.937045351719,5548.597010453493,3631.656808094438,9049.203553236968,771.3900979151621,6557.644698642569,4216.837157138793,3865.6611007062697,6192.574653836201,3547.208420066052,3281.3245959520605,2539.2729083983236,1206.176135699422,3626.5705968944467,4740.193483312961,4846.189705643886,3717.0253783790986,4148.945633026113,-88.19525600087962,6228.739838867562,3209.5820791233327,1541.8768301916596,3553.988735501997,7470.145978512358,5602.833246214757,4438.871935857099,190.83056193688319,2838.529551160664,2653.393880738961,1466.4431919375652,4921.2301814084485,7020.32644048938,2508.3195243888563,7716.550751227258,5079.686039873392,5621.496045561977,5112.75621387487,4640.310331081747,7263.300421967269,2059.824557252002,1756.8516359736768,1728.1612980384778,244.0936071281305,7164.736876093584,2462.2186347028896,4877.685371322538,6652.794058942652,5586.495027230704,4052.830241948812,1946.775411282958,8475.736939832039,1815.175694617492,6796.272985735756,5628.452858097962,7110.1885863331245,3946.7378731424806,5074.507789814631,1911.2251290956312,3180.567131595119,5541.790069407158,2291.6639236662872,5328.352115880814,3674.9241603681007,4285.97848659538,5532.5597148732695,3525.0763632842286,2854.4649721398064,3161.3043983395796,7221.546913889655,3519.7169528058103,3746.9454370159424
1156.9618160001814,-1420.0336749285414,1956.5833502712494,-118.7478919302697,-145.690840159302,-265.01981383977954,1529.0592909960833,-20.248983351382062,-716.4291199880932,-2246.7330655051774,1263.765719719092,-1075.8427646096432,-1070.6426616445558,1523.7962495639738,2362.3790696286705,1.23117847678661,-698.7466804675798,-1326.900214786422,-1125.8852979525254,-433.24195272309447,1088.8035365653905,-220.3404762365131,318.5609873356035,1438.8351598624413,1020.6972221447749,296.0344403392895,-834.5020712010105,-1632.2942427743637,2001.429329670905,2677.3024919127256,1124.9433683265597,-1007.0251247624731,-752.7070927514544,336.5950179166061,-1736.02763549457,462.4608683608664,2888.76437371175,-358.9653749322925,3430.123521512013,863.8819022879601,3.5977508663656534,978.4899476095146,-576.0076183695696,-1004.9882082818388,959.8817048903927,700.1873669109294,347.11048911004485,743.7451995180355,-669.4567787265246,1161.8936739483845,1007.570601636337,-328.3403312867877,-1595.5964576302988,-2190.3447917667263,-866.154832605038,1432.9568535916726,-311.2634876957089,2283.186358471732,397.74629496462245,410.94479994755767,-324.50890226311304,1218.5496011700743,183.32288048581466,-621.340665825539,904.3074592543153,131.7172996939431,-429.9337729857461,-2145.189758087606,-270.20452726130685,1259.377455494613,256.20907547422536,298.54789968020475,1510.8610286160133,263.01578616669684,-1411.1632000298002,-2084.8239738385455,-709.5641018656434,860.515043337846,374.75322009648323,-529.6219007746053,3351.059177761633,203.85606210833475,-1104.6684624927177,-219.17865294484812,-1866.7789487270156,-212.96605940809135,781.3453740303875,269.7118298910358,-219.28191969109676,1406.247054901776,-830.4691207134663,653.8803134271014,-357.49526586656816,266.05400579458626,251.86389834671795,2559.1609463644095,448.914891411459,-438.5107881192891,187.22808292419106,49.10790685711178
-648.6416015669189,1475.6313764085653,-1594.6236558256246,-375.6214225770541,723.912559023904,718.5117046139493,1107.5700571540012,-1765.1721842283685,316.8849765929994,869.0466464055824,-550.0959552160939,531.6346093846427,502.9944907249464,-123.81672513622478,-817.2466825941391,640.0463131976761,1061.6691067958302,1339.903279418663,27.240114497027605,926.9150685794131,1267.0134596148418,843.8653095436134,-165.1517628929203,-993.1955409321004,-2328.4155345917166,181.38838117270384,988.2780738372512,698.0920685073875,-2565.3172252683107,-1830.6040674975409,-2571.911028454293,886.7990909224453,733.918754475341,343.1425770197935,-407.5469195685832,2817.376619038018,-2949.6868625426728,-292.6297427035265,-3738.3735846429227,135.26800709085438,545.0240046548414,-1400.7725135168278,875.6287231868267,567.7239107736723,-323.3844810134264,65.60410417585987,-361.1545021273377,169.0313113568773,436.28784385282955,-990.2182819139581,-1200.1843767557007,529.2543632794415,292.3353670743876,-511.5392610006991,228.46128052573192,-281.22785505207304,-1151.1677969503226,394.50861987142446,335.6602846120762,-942.2691453318641,1864.1322560880792,1343.2795188842051,-88.081599125808,1578.6405946050902,-2106.338604078174,363.6500404404724,2665.7406157199907,1221.2488712500635,860.1937360559248,-1550.8641423743115,588.4870747423804,-332.3628241429403,-807.0549829639428,-133.95595756244217,2040.526513254918,1753.3844529448058,-620.4747476145789,87.24917156540747,-604.534784466903,-583.9200515756113,-623.1042375478648,346.5256133227858,-864.9220332542035,-723.4573996139605,-537.273123990531,-1633.4355183375174,-1681.6217885157441,-285.15367194896845,1887.9254217509024,-369.06875478145747,-32.66239804751778,8.16660831640126,207.28274274758454,-493.44383806576616,654.5700405540028,-2320.819685809337,760.0522810557538,1853.472671460887,22.579998142702184,490.1455494190687
1236.189739108172,1761.2717913389183,2416.262699698037,3533.6594290243834,898.4350143063688,1994.5323553094433,2631.216477759596,3556.082204038874,1570.875280636864,3165.4313141184975,908.9838971300745,-1538.5318008257086,243.97943547753223,3499.0623536503626,2975.810989039455,-547.8486178416214,1701.6059306841983,-659.4489482892792,1724.3474069958029,-2343.0574387878796,1118.7261245797101,2432.5091904065016,1682.3308830978087,3391.6058162506724,3234.328122851067,712.3269666759047,357.07314085336236,1282.5833524328482,3971.4548562913833,1902.4162412940439,3540.174390236864,130.5350479597884,1484.982819243455,812.2865355555635,1620.6136062733808,1421.6165435245246,2511.9325837156043,2526.291516250656,4182.341817547674,2685.3219490451374,3727.7038058293683,737.8857751465598,-143.4754378781691,1437.410341399261,2749.519828921972,2518.3685348240624,5059.974003830335,-945.160144452646,2074.057675310052,1662.294655427377,3169.606852936819,268.6228350174693,2510.3418843601557,5279.4814828716935,-1835.3582234080568,1097.1536985221117,-2078.5271635971226,4710.335742382415,-1226.0482825936738,2833.045095158559,523.9081600361937,724.7357698643149,2683.785790776321,-1708.4745644916295,2442.6924398280203,4474.697173161723,1169.740742782401,598.4418525284684,-3147.9383409994207,1145.0214613793844,2014.3323932340274,112.71075450751755,3229.2245473976723,38.010932268796886,-398.6783153182874,1777.2424289878586,1911.448509636305,382.9102818391854,3834.397416811479,2621.5186087740367,1733.1321104599037,2958.077692053991,-611.1942499548786,4248.425000755843,2036.5132687624532,1556.6378665315199,2157.602333331617,2765.2418485415606,1016.8529630851282,149.43518351626162,3354.9604508179723,1715.5637643459213,4130.60807362527,2079.0902502724593,2068.1363321478875,2863.905703421998,1700.404475666125,2725.951626333188,711.2274987294765,1129.5220370457646
-269.2671312592152,-1967.6811434002327,-1272.3731916650338,-912.5371688719912,-652.6005622911478,1757.9112987149983,-1275.160465124205,-8.753619659790116,-283.90487471520976,-2343.5952526578876,-1963.8344358966096,1375.788828094166,-865.7006560518759,-2128.048791084648,-1653.6559286552247,769.2030262500543,-263.1705815141887,415.34194720359983,-535.4558284127993,748.250405528259,-488.71592450683175,-1604.6432718651351,-891.7619643996073,-808.0941757236795,-1021.2854585219197,62.81321314549093,812.2177258922827,-1240.2977604783775,-587.8748458908975,-1563.0207231233487,-1290.3860084574355,955.8620417907587,-314.8748226668403,-1565.138920377913,-775.8469783069042,-631.0327633022974,-353.8317440306193,-1399.3306229799964,-1170.216274222688,-1295.8109076154988,-2639.407194657472,-306.5681164011292,62.22995939362728,49.67128505873519,-635.865172610017,-895.3119216900793,-1569.5872929369966,-147.1789022310603,-1238.3785406800314,-973.6050447890036,-2349.1934073906878,-247.62846704338304,-1874.3396601994823,-2498.781465496755,1477.3559983674847,-1367.7379799701266,1655.449775406773,-702.2929257815053,185.2631167637769,-1108.1214828664263,-173.3878074685355,-151.9086692163904,-884.6025758356315,1323.4416888092037,-1493.3926311294163,-2070.071142215607,-1769.6609609823804,-1010.9278064283052,-1271.0915471085225,795.0310589883826,-853.758194241242,-428.53252873174563,-2617.835448254625,-315.93678969162573,927.8191815827076,-617.0659694517568,-1404.9375922775146,621.3054205590743,-1286.4217307537888,-405.2382941909758,1.4577019117865608,-1554.8633415284487,3336.8438103503154,-2554.9582092752307,0.14432788475613811,-113.30008802289089,-2491.2914747383584,-2402.7234725914072,-152.82302927747924,925.7108780547579,-980.8570284461715,-1300.8930277842094,-1774.1720874280684,-1361.3447655343668,-1776.828189286888,-21.706808078951827,-999.049587702126,-2193.33388329619,-1210.9771984358338,-2127.8540904482084
-882.9972832328416,-1308.8666680915726,-944.1358950902057,-1353.9387750876567,114.68405506119842,-3434.3137901228747,-2483.5446120469132,-1906.3053125632207,-2.7967995627038684,-1981.0425640928659,-1445.3298651471653,-1469.060092609987,-542.9653783229575,-2520.502984979287,-1635.6760376355778,-1073.9938047431772,-3301.612623522208,-2008.2521001579269,-1668.124370330355,-542.5717662633482,-118.07045548339815,-1283.9000133695674,-155.73111124576482,-886.0743883562368,-2721.0622476913672,-1762.4006527837041,-3860.713128006708,-107.71460543351895,-3727.114678634777,-1043.9636004899626,-2397.81528385289,-1004.651970634431,-2176.492211700923,-724.8355897747027,-1426.65272685966,-1638.567165508814,-2561.997797249291,-654.3003444949863,-2211.0100327750297,-1678.4329385145782,-1948.813692404013,-898.7241462511978,-1474.2420011587567,-337.76122863502087,-675.7223884432882,-2471.5272948377346,-2293.435866909019,-1439.0201637137764,-2649.9581921824097,-1081.271620036919,-804.0542870463338,-1999.772649821477,-2877.2035005271637,-531.4969612927587,-1896.2357385967357,-1752.0601167803725,-1229.6763291927803,-3515.9898595227514,-1752.169312172741,-624.5382284599267,-2483.370395154,-664.1833845797648,-3055.1667466777653,-1983.0269357668196,-1984.3855948868359,-1207.3689644393273,-1866.7563287510745,-2708.908997406264,-936.8610873174924,-3502.8970678117475,-916.2047461943282,-394.5703346297495,-2864.339959377888,-2164.521258602936,-1983.9572351007457,-4643.245334089109,-1318.9789393237368,-3503.136961677984,-786.4839865009025,-1932.034691789792,-1898.0556755673108,-1782.0832387203404,-4713.4995156576115,-3595.926541720712,-2856.5082775790615,-1613.43260963536,-863.969633141446,-1863.857864223794,-1910.2964900890381,-1219.9811856051476,-2323.380017960716,-1580.1099172703841,-2653.0892047472325,-1925.3998424759077,-2096.8826990568186,-2523.5766212000253,-471.4951139019951,-3137.9937155553216,-352.20497002679514,-857.2068008532613
458.2165193278018,-637.3811802324792,1337.0795633986977,717.5289663383935,1236.082459663052,2547.9793753796084,1749.7869664339241,2979.3343434443304,1358.5090591616643,1889.6169939319147,1032.035855122558,-3.8742711546251787,1726.9561092617203,2176.766724153086,67.18161166845988,390.68247789765184,237.60384619965933,392.4400899286417,1570.921242371841,464.54339698157844,721.5777831955379,654.4472790362015,18.955946156642735,881.3225534296065,1847.1173221601152,2569.472093670913,326.87637295629935,1158.287404417558,2039.9811471180562,807.8976573716324,1300.9097823316195,634.395396417753,1941.952976493838,-395.46574520191376,820.8016792812975,-667.1131258967553,2275.567020559094,1848.399594027655,1729.8249003868236,905.3635858929505,597.826584282942,-847.1630584654429,109.39811142988424,1856.8795007941665,764.0617575064934,-173.6477851496247,1836.3339147972085,-583.7007695258084,2171.8917939840812,36.92466150796749,1999.760415397199,140.14314307107483,1651.0364430746608,599.1889922651932,1729.7856396764353,-113.89099808064951,41.261366205201604,4359.672573140849,-321.9548835275385,1057.412208928902,629.7710356082871,1524.21598912025,1985.1547149522837,-106.35391617439836,4590.88283269117,892.7970794998913,1147.6173685911551,1003.6795467886928,236.9313395305446,1506.1613303165914,-512.6658114695318,251.8095888888647,1669.8488549255517,562.4128871201113,977.3008662375224,4277.65659073268,1927.0216829461776,2131.6301782361375,461.8099745833811,1068.3008633393788,1320.5835931892343,1177.7742314591376,919.9911597114989,2360.3214067432436,1621.9087288793914,2095.362602740995,955.6519995250194,765.9382760058353,1208.1362524779854,596.0217485220101,1527.225333434622,184.54747064855684,1291.418346945,2040.1729874468506,1251.729790746997,2067.7109020779876,369.49451923651446,1830.4255727462817,424.4116346895823,1077.8501179477717
2334.242659813212,823.1614962139188,1865.8260866567744,2771.896860937294,280.4260033199162,1205.1910368198876,2678.4011760475382,1265.4963903748978,3108.915711140812,1367.4190085752593,516.3432332184402,1578.4447268112215,1335.7632274549485,1394.778366604961,1510.8939467124067,223.6589477374676,1342.7226366135978,792.9587611750692,1758.5673677773095,-1028.7725019667455,1653.5350829576612,1069.852661720679,1084.7041993864568,3170.660403568586,1369.2541968127653,471.2850300303745,1022.4768914905893,1583.1331091683044,2445.8588007561643,1366.0917532971646,2748.3078689368504,1026.3446879283385,2365.0087060614173,586.5752811229876,2864.3786024174406,1308.5333044314732,1684.3059408153886,1881.4705662381248,2563.945331937556,566.9961089650265,1977.1789340860519,1213.7539971397139,-54.878228534223034,2499.5655377188964,1719.7771600703913,1550.3327158890875,2153.966884917807,1239.9758710463145,919.6483448697052,1742.3254619777674,1216.835166658616,520.0530384035658,2084.3777227943747,3689.754656400998,-403.9534506340945,180.9797885838525,981.8572435356976,2089.735832762978,543.940928623277,1167.3580677751345,248.33412748293134,1196.6492269990633,2261.6536123622213,84.21008122625312,1320.037161004995,1685.4128152134624,1027.0378765358196,65.88309927311607,-142.04163417929954,1305.2649368102486,1089.1644276339641,529.7392544512967,2213.863252399176,293.6231801111455,1122.0474029115426,1893.924181740844,1469.4232907610212,773.3321814327103,2393.848414164177,3280.0634877927714,1274.2173939079755,1334.1939029299797,2406.095791516395,2534.715468508424,1392.6827335774105,1583.5696302285803,1623.8968547665706,1888.6575082105167,1251.85898993568,947.1422044991028,1944.4799401562384,2431.888593582717,981.7964863766439,1713.77162379916,1285.9727638602892,1352.4966442315092,1401.0907891253232,815.1572269029604,1019.6450937505612,747.3009357026042
1273.962278499974,1251.4938082546807,715.199091714812,122.55124557402108,71.11008424680885,1963.7415842187195,-831.3971823133161,254.07263364140772,501.5771548407222,1044.6532329960512,667.2941042414095,920.3822495082619,351.17012535399124,1038.2536215504833,614.3113480878159,1968.510614751402,625.3453588170976,1692.5374975289226,496.10567034956716,2049.3815649168837,-1607.2456231550252,4.608715680649825,1506.7401147421676,-618.5256220810145,-502.44830733818713,375.67684190665045,1538.8683280321466,-674.9209955004037,379.83134892337694,2060.8011915448214,1279.787369131998,913.1577923233355,791.6292927136295,100.31786511637644,1251.100046863686,338.74477008849755,242.718727321379,-261.13746685344654,423.8131869203407,-120.45515047230724,-503.235949959443,450.9056376754407,1175.100538514527,-646.3261789673268,409.8184155800801,-406.1573619384263,-518.1779192906239,549.9544620164979,723.3190005210713,226.5175748214419,-501.12425538114485,1450.9768597917878,1076.6847701782303,-232.89020945663358,2613.5594317188466,736.405392023044,1620.2347183924498,-2688.4452165158555,1106.2824329336395,-1016.4387356769399,2693.0227622212456,82.17528538154038,1032.2459989377696,1490.709141890081,1390.1927126938654,245.2774886864591,410.66060024478253,1705.210230930682,2391.697597547589,644.7531277022125,98.46162714791673,240.8280993502807,1678.5610735654614,1631.115182688057,476.19435212441874,92.08021438814401,245.95862066976014,235.97806423026202,-1775.4650506836795,3116.6016122508736,732.2686298261099,418.6343085341459,213.0239099156021,-1002.0726769640854,828.8429077471848,425.51946836667935,240.71621542413115,-205.66405390825713,-25.931765311950464,525.5640067960192,166.14519661801418,-801.8480058575531,-116.61149068584197,1.2310474225474637,221.20771370165966,-537.551805128975,178.90888059088496,1338.6505747201034,1333.3046381359839,1049.591323938844
1512.74867055992,2483.9883443880076,1040.945448515301,1979.5139223197884,-27.59361404244374,1475.4751582163622,2363.148292938149,1188.745429793041,2627.012825811928,2120.1413093330993,444.4559469536195,1854.7051437791542,970.5708507746613,477.162028860583,-526.7992073897456,2046.7280814764342,1492.850389491172,2094.266837108794,464.5119580880701,290.8252474278841,830.008427031542,1661.8780560184748,-874.2145941921447,225.19238152964317,1832.648054918169,562.0273720096399,1450.3123068358516,1289.6321166025941,1270.282987622123,557.7690535255955,50.27058822837175,1911.2436939897739,249.74581865783537,733.9050103248022,1371.8973579598705,136.51602415385727,3021.585955193671,1836.683258433439,1457.555645953237,1843.8805776526115,1983.4922868984193,829.3822711847768,1725.0217127970184,1179.9400503001966,995.7514757908644,1643.0485776679627,1068.4199383632613,1398.9439503908739,730.8631359412906,186.37371391513497,959.509154880633,2290.3988734472505,591.6847318928559,1333.9406730139942,840.4891475867221,559.8627988884064,2079.507724791177,551.9185969577162,1090.2601084303938,261.63785184381396,1750.520711237474,240.7064888615706,1271.6827850885818,1329.6549488639466,1457.9219707794764,2802.174040806196,1179.1328626210916,1497.0419244431048,374.98138828638736,2269.4611091430065,446.7763729234625,155.22441776862212,907.971856275367,2302.5034229557996,1454.9494264216512,2331.852845427167,2404.984203297365,379.5900166228789,2076.3418225308305,685.5479352681579,-675.4261601719845,865.1461699455045,1521.4327580393424,3028.7392332653963,3269.6873188810005,991.2751691790367,157.26714575570819,1765.2877661703412,1123.9877927777911,1225.4133672200894,1132.3608398365443,1560.3205915165631,1117.413420342357,1379.7345225209863,1088.2178246874835,279.99595681283677,188.53067712085092,1426.509599987913,1590.6919954343487,1489.7730021729337
3686.3800995911665,1174.8606403614033,3604.388122154231,1273.746697426801,1063.265057954944,2851.2013718489484,1226.1308798896798,1659.0953624265628,950.3549409038959,1186.1767414911562,1779.8512368589872,122.07066447508612,1637.6458543777403,2993.9907840857836,2420.765577215164,-260.3799686615019,1507.7586739483215,-525.448183241215,2879.4672416919166,156.23688367330996,1257.1153667743786,596.1854489608692,1983.9239729539713,2085.9392746597446,1176.5700345701514,2179.7449191754868,153.97564655898665,2380.965057376706,2559.2894215861465,3311.545184497225,1030.6183541162873,834.9833981704975,1435.509962003242,571.4693627821252,2945.844317733762,3228.1916462383992,3261.940322878975,1392.6038347550545,1929.3672413269312,1272.5655673645813,1646.3987287722962,489.42638900765814,-568.2040759376878,1278.0048211074293,2090.6692607945397,3343.6316164918403,3184.1041605808564,-248.54526213765922,1228.476775767235,2283.6772557021445,2505.5593573937963,585.4867745592255,2150.199747661721,2609.551739428084,872.7376389311258,881.9354865833513,-346.7990910136532,3170.24408081001,1491.39439464052,2551.051890362007,399.9443239989807,2126.454753814136,1667.9474000258613,-597.1842854548917,3437.092795520537,1474.5888091965,1664.0300434718067,764.3062389373921,-486.6662424171455,727.0233697329438,2986.1250392647967,472.9163080507999,4352.700080969279,-4.540743200066181,306.5605859333518,2310.7819030588735,659.4657696817558,2396.502523077033,1265.9939179643377,2339.242426650625,2846.64142646794,1240.959427216648,1205.9269153416292,3098.3508250976283,-2711.3329818794746,2313.3000971011957,850.8208022896144,2708.5781141750463,2435.502587867755,628.8600723926428,4373.159534371216,2462.1665450828546,861.2783521914296,461.3578287505872,700.0898661088951,2846.1399528834418,1083.2614595914888,3635.1670469731507,287.33480570187925,743.0916092178883
3843.5153885462187,1571.156584731832,1689.8962917401727,3618.5215093300453,996.579949830954,3370.6259172761115,2688.2871667780064,3076.7564649389183,6200.90445386813,1940.0203283571989,-572.9926685569096,1086.9692337281163,2106.7109397310996,1496.6574713691048,1761.3648321213661,1809.856931523297,260.6918537349816,2190.958738660182,1141.3483290429128,-840.7019381571115,524.5030449436874,2090.04879923,3037.7676260354583,2042.1819079743668,2770.4530345788585,-1442.077081148004,1196.802317872104,1663.9220685255548,1092.9146465814465,503.2611230697946,3027.9887447686974,1674.2688951969824,4490.009365200851,230.94070624461054,1198.1583373867825,2774.6194596018004,2382.9514888152794,2808.2359391420005,3204.205076073202,2287.5283682080412,2180.601091783539,1706.8344993886813,1548.5653869889704,639.8753425370252,1347.1914190297734,1850.716520865486,1092.0013711846093,436.75056313183967,1443.1571757019728,1757.1193627260272,289.6152190955148,860.46548936262,2613.5038773716847,5046.253160266654,1169.4976516472425,-605.6319055108472,1104.8403788850608,902.4422921668951,-1448.6524393072937,1556.3423556341331,953.3941648751457,1047.3035761793806,3699.5079401161483,339.13925769663143,1443.0674083247222,3644.0150886943447,2278.6832415680074,1557.0332812216197,286.91356750854453,1206.062293155175,439.9388060962755,88.92399761886875,3264.2032979834225,1445.1544576700205,1261.4132084767973,1386.7330886421148,3956.8030669111663,2175.708834214445,2991.2112209066686,3248.927010265908,1796.5163005484048,2374.467664086108,-284.2681363114599,1028.6845864643694,4051.9487047629123,3556.979861224093,695.7117292966165,1399.7743854536668,417.7952330874637,1563.824179553666,1951.4179620757952,2834.3200775696473,3939.523357132169,1629.5641098719157,2130.8846178306007,1785.3459345891258,1355.60931361288,3568.311408891978,2530.21082902637,1713.0869376145165
-1914.9801227888784,217.31578405583497,-2077.5991641027163,-2439.6230844670545,-115.97771073543403,-3385.908899936439,-3333.9804767445053,-1413.5832471474723,-5222.281876748233,-2883.1547197150903,-298.95192972353414,-76.37460726144748,-2708.892305482768,-2844.765915713985,-2687.067576894317,131.07430345349624,543.953991233884,-1166.8988768796594,-1074.7985142239268,2205.163711448347,-1582.9154318555652,-1108.5331881266354,-2638.4175814932164,-1017.626732152118,-2498.760525430989,-797.6163512260816,95.59935483031869,-1714.7250915856075,-4419.48997140194,-1773.8203344124083,-5153.020058700482,1393.123492999925,-3107.8573780146503,222.0617695447819,-2697.9311807549893,-2520.5410876095625,-2573.8885300901784,-2042.689782489981,-3053.7894180009134,-831.880938313104,-1817.5509863462305,-658.3170887193427,-125.47631576710118,-1128.9154537021434,-1474.3736054185817,-1712.8247312175645,-1538.1492163134924,279.4728467920402,-2995.7732431414242,-1635.9798208294044,-1756.5702532920077,1069.8231856659668,-3356.2371327532073,-5425.609814322232,2207.794919753158,1435.4302132576242,-461.76012011851367,-4099.931502974523,1391.1059084354904,-1204.406677890783,999.1278282931054,-2310.489445430911,-1473.5024942764,1408.1417587572803,-685.0982299884558,-2163.9705549787973,-2686.3487308005974,150.753874808286,657.0214899721453,150.54383482515107,273.7695702328948,-281.590415754827,-4062.970023089368,701.037935357219,512.1440116035728,-4281.667421859891,-4206.715401822327,-1316.9978155983842,-1783.3540492004117,-3396.4669729995917,-3984.637075284443,-1902.7498959980212,318.79549218398984,-3205.181669434408,-513.0535717164382,-2750.2404393089405,-2869.5440084413704,-1467.1521311792035,-1759.0918569981732,-2522.3995181077507,-849.3222467275417,-2715.4070408909233,-2293.3346466604776,-2407.0833276625285,-2815.6681954593982,-2930.99490341995,-1162.8766718488516,-2766.374902016605,-2712.9357551059784,-1745.564685640152
3431.1510530773553,483.18609912979673,2113.984197240677,2786.3354941998605,415.8258985499757,4564.621551892844,2296.720484666735,2668.858450873693,3415.44552765824,1036.872053855137,236.3066617998453,176.7848549868509,3401.6239578766904,1868.8894885043371,3933.65669872761,319.303641725035,535.1876321918684,739.7020135610456,1795.2097116772163,-698.2138387895892,800.3320536488328,2509.310171144621,2052.5244420541767,3150.122193290745,2348.164300848208,410.4591602039588,271.84143372292573,2615.892112493519,2006.408952806535,3808.5480498389343,4427.552200887004,-455.49669196514236,2881.7959151730133,781.8659532523665,1387.6844474336751,5829.213693155344,3223.179535426969,-443.36787568706404,3259.98299111314,1159.5750508544263,2462.356273346658,612.0118070376561,595.9080930298753,1150.9673603537647,3371.1086987864737,4010.1660789866746,2572.4759096878875,-256.0623047332965,1746.2289120947205,3206.2468353040645,2638.449262863525,-542.5652643323957,2163.248163598461,4837.527243060475,-2306.9732796348,26.524458698284462,837.1194654921602,2169.6941992241814,-651.3744299007545,-253.43188763917658,202.56150334718322,2032.5078012859444,1307.771949706383,-1014.3119164820672,969.1279062357642,1703.6711558688237,3288.620726028301,-1227.1594520303772,-263.90835827029616,168.79795705140887,2819.534891159341,381.58740004872584,5128.401789813431,154.40878698189556,245.94222471228264,2912.7417352591215,2712.1635525941683,187.52747684241663,2712.9958823742945,3521.4600093683684,3273.420114120499,1857.180861356509,-38.979329706589674,1801.2389145921993,159.85547437543565,2279.2793329127235,2746.78943618947,1923.9403186848622,3163.651350762738,3807.522167013341,2280.057549402237,3567.4000273606734,3355.7263878640547,2369.8854988147637,3590.408590549822,2711.44529196124,3272.799241203608,2151.564662902428,1388.9399838346337,2361.553320246558
-223.6387852587903,-425.1591418489281,-251.27169796189577,-311.1155460896121,372.46334438942984,-1139.938489769762,720.1091548709725,-835.6734426711818,501.6590214804623,-1155.4587784718387,-86.78870142234058,466.3536596215423,-1.2351882165683568,-1043.2039081154505,-893.0759083675082,743.9890021261226,4.933216165217574,2473.243506949457,-426.10512281416896,2195.2880228888844,992.2848327676728,-1010.1804264803479,-1188.249451167589,-323.49093118322446,-98.63232963310956,346.21354770496976,205.8720002549091,-325.0328206697132,-45.49846290107135,-2433.3180708962354,-2395.790960258191,615.6993386259742,-531.6125996474076,-330.19919574888434,-593.2777639984486,-2631.6404055327257,-314.36395421717634,355.54516791681635,-791.9302313931321,-430.1259689354284,-2115.654569059424,218.58996163740042,240.71977748744712,752.8154770498136,-1182.7460944706422,-2003.1069685011519,-2149.5988333058785,85.94468650323267,299.7785006030999,-1147.4394123396467,-1398.9312299795001,599.0801735399128,-1370.6567415258282,-2483.7339760844393,3708.992604023448,-962.6521870520925,838.3355103238005,1395.475564604714,282.3857004092283,1154.652676348432,1151.4957581396516,1007.068932606214,-414.81939714897703,2286.8455702616952,23.931387786444958,-1121.625473897959,-137.03820103691226,1974.0252533562532,1019.7649476263202,683.7538256673207,-2641.29182001843,-158.45480421140468,-636.5946910385051,661.75742717552,2212.2465942289423,-1267.5079684917694,-258.3260885126116,482.3146204808545,-992.4185921705648,-1277.7993412108754,-346.3215789833154,-192.08220120125404,2194.4514698126854,-1153.6675333454443,1164.9277718980688,1297.4720387214272,-1573.1002160750143,-1575.707426310249,-870.1403561463011,-1513.742227262634,-2304.9558875793364,-2283.079516354288,-884.3889399227651,-32.49464727534027,1264.7386628839574,273.7808775837737,324.2098353668633,-1553.0878788804525,-326.1984377804666,-1291.1493022258858
647.4228516840967,-197.4238036770802,-878.4279762901781,-125.58563948513654,204.22804385452267,2154.7806100211365,-1034.1286452838565,2740.222277660286,244.45674053056516,725.0862877209624,182.83084843700456,-139.796494713293,1140.059806914023,974.4945802807939,1353.9867535465376,-674.5717155614149,773.7023586258982,-1256.4104873117838,1644.1079635225165,-1440.77319597402,214.53551939426075,846.6287408484098,-197.84262985842628,922.3687304104991,-807.4108788300965,1181.853781183636,547.4613541432113,-159.23219400948958,434.91931866890127,2451.526453277373,2873.593817426789,-339.3535184169627,904.4050055446615,477.5022780215046,513.5616145050828,1550.9119264132407,-1215.4950581865348,-1472.2505964340069,685.4413767859157,-69.22460960607842,1171.8945346954845,-413.8224647242782,-475.4760934625731,945.2813079241342,303.7820336767033,1334.8316631893094,1740.9132375713884,-425.3628868655558,1312.3856133220304,876.7859464697152,838.6913686331723,-437.20264432124367,1149.6451423669419,1014.0644980171058,-1683.2910864569892,73.15951733641087,-176.7489486600628,-881.2424433727311,-286.57895150838556,-1739.2681820979324,-797.8872251808243,-244.0425507408187,-982.8847187848703,-1160.7890230814269,1942.3042175221367,27.88314012315977,549.9752007094158,-2146.379380390633,-711.3775274009075,-615.728682180414,1916.179039020394,384.37785609934485,908.3585839106485,-992.9601451229452,-1017.4122096893362,1842.4986250362754,-178.98382749507815,-1475.3469610677419,627.4364484459626,3465.1198398625083,317.84985084443525,-769.7267056355759,-1176.8173527644692,-1581.8887685714978,-1136.7000370821934,-446.61900466323465,2101.2230720549123,1247.5902028616442,-155.45678700431293,516.9464136878487,888.5332615020469,1161.9032898861603,1790.6186766291264,-666.5171070579222,-414.53733872183034,-163.44183424343396,206.88168067811506,-499.5106852027507,99.90006655312003,519.1691589886092
-1619.7269506270732,885.182063577213,-884.6780878176014,-457.5538478718497,-270.4979901400149,-2318.805847994305,-149.80359810277142,-1687.5867705873525,-796.1583808481083,-1494.0768696103278,-193.79379687580982,1217.2674405559248,731.2314241645372,-1845.3331930091226,-2078.1307021198854,1367.9905788420615,166.59234339142336,4210.028426566854,-1091.7245205385607,3820.430995289715,-1254.1223079811311,-509.1999056768256,-922.2026887069626,-980.0743580799523,-385.61205775762147,-61.53838611328502,1903.9360968873457,191.92958750950024,-222.0106585372447,-3160.190731635061,-1681.5750043642092,1224.7403588072616,-2025.8458150618449,377.5977183082499,-1338.7888494931003,-1509.8959573552581,-384.876649482072,-179.44112307493847,-2241.4649621602016,-2286.0082357382744,-2646.5743689677074,862.6738122943225,1058.9771553400383,-859.5769353524785,-1329.028080506082,-3032.5189016958566,-4001.8936757617253,1424.3865252183386,-74.94990351328255,-1119.946613294765,-347.7720854257117,1206.919515349339,-506.38128685083655,-2009.0463496196621,3054.4737202089245,-513.8992193753932,3104.450722753299,-2100.4160024260555,1778.621784863496,-183.99424391845156,2337.305817475373,55.52433630216049,-1256.8320617211718,3223.751604113892,-3763.2978716105026,-2380.6880541762116,-1215.340240249335,2149.8133213786728,2714.5383096902447,1639.3972993880827,-2147.8927341032386,233.0768255285974,-1245.8576573023013,1716.6191473277563,2583.2946224955786,-1485.1507740602815,176.80114766209044,-910.6536046126998,-2032.4332398541692,-1527.70070878827,-545.9458525147916,-730.945835715891,5095.356789422604,-887.2131482505137,1126.8176659470437,-1084.0918731908628,-1662.2358998534692,-2750.5780762791674,-248.82477350215234,-643.4989292707352,-3278.0100548639084,-2968.7794773109063,-2887.9306913462015,-457.7844826708377,1096.310078969446,-705.9963263065674,-252.76435413628917,-2128.9648242582757,-238.471894401031,-275.1832902644773
980.7629899569602,-448.0540595330706,1690.1693328812878,-149.80203098705437,896.8702923246826,2756.1152144987686,508.44840397005385,3367.472950161115,2968.3616936314975,2019.9201056554837,501.43158261731804,48.71004388170731,599.974140160433,2986.498927689775,1194.624488277271,574.7989672086701,1037.843031662492,-112.22168677742974,2294.1570315147346,-312.09096825081616,1234.8869514981754,786.626309418107,859.2680802060751,589.9428607774081,301.4547574441962,1472.31337586001,-752.1706402391055,282.92929193722705,1347.0941373826759,2748.440685168735,3838.979309182943,398.0795375556439,3945.3984829746755,440.1928030427548,1933.5801564545168,221.93918405660474,1403.205437768239,495.2607520067665,1890.6665884592778,1360.5685195712329,1409.3528734494591,-481.82580438558017,-82.26626909437365,1254.3601304686474,532.0547241084251,548.8562087256872,2211.4838932035746,-302.47854456735143,2821.8511228365055,1707.1237114403086,488.98674000821404,944.8139895732736,1417.2880791461735,1710.2089481106589,119.39479728782096,-289.8608377247699,441.1752343134065,936.8353754364,-407.8054488686038,-179.777413030927,-265.1230560471711,1135.3595120842263,340.90001756584945,458.2557049906616,4286.966444268435,2199.9823688534675,1624.7937134163108,96.98958270544138,659.3453435016057,161.12012217924516,801.7197803844776,727.7048128594814,2531.286440365217,-534.5578553840444,185.18664795320615,1745.9281364443673,416.2818125179713,206.54730888362985,696.1316959379052,3160.2606923595467,444.9605693781589,409.14559749384955,-1195.0111878915416,875.1288175467521,1402.5060608636977,1799.0398949384473,2142.2503263042818,2217.3161684453034,-446.7785885938874,64.87837273322832,1762.11988584942,1477.7929852653979,1929.9229034933514,2339.1281090713996,304.2885603087537,2054.370703028776,1409.5539081503907,3500.1175473739154,1938.017572909527,1385.1237830891373
1299.8980188163227,840.6696966874144,1452.8139441215453,-4.832720326267768,-445.78366707991603,906.108705423589,946.9324071010021,-1212.814279890835,-1015.7538108427954,-1194.3709203152678,-200.59414733909674,3005.546620395449,1165.758257553916,-856.5080714649034,-1084.61993475601,739.3433005378645,160.45547167941714,1150.431207716663,-179.09599937092275,2738.4816935426265,1358.4409439892072,-601.1716025219849,493.3004031387669,-884.9131946421569,982.2769099529958,1757.405464522606,1298.7380731289898,11.26677440979038,2564.0929761133807,320.19650445477976,-2156.310883604844,3094.501098130589,-1370.1570449375959,77.91061798996319,430.8741487780309,636.9214407245631,140.2972505307615,817.2728152873133,-1053.003228667412,-254.44400521740013,-871.4646565869631,50.88191892166937,1421.0314618992504,2551.337309479653,1702.019095812579,-1164.910107430988,-1975.270322445786,558.7696808250469,767.6655398177855,-784.6506018280145,406.2450433395861,1522.5597389502288,328.72602976145566,-470.31081942588935,3563.6530528611415,-431.88471934705905,1917.7414322937022,2787.822888380665,1541.13444798457,778.443807188014,581.197596924552,1264.399817083682,1630.3802613360663,2010.3465442946615,-750.6985099753667,-600.109946919779,257.0312115217931,1557.8360120459613,-167.1404850553891,647.5782713989232,140.75068263096654,208.21098377319544,-1566.1243173214177,424.5058992043369,1906.965126977393,-625.275328368721,1083.1885117862591,53.230639731874234,-297.95033389010007,1273.6773716304876,1391.3337695729786,-652.8409253682028,3553.379624606861,2510.4311419293485,-540.4431545099023,1211.2997502320031,-2305.9432590994656,-1143.2891130336727,1720.2094524206848,1473.8546458047142,-948.8700043041271,282.9878804789261,-1468.9845508598244,-733.3201019542686,-605.9990364786897,-997.6722356891149,47.72826724613794,15.55708873887789,-365.30392166079787,-818.481431074693
1943.3424321520388,1882.7601395990723,3472.0922595380885,1461.4884408938924,1268.245038324645,735.826536407918,-1340.557671748254,3256.392892455735,2775.731578689992,1508.2691242042138,709.5305733739709,801.8833424709132,-803.3376423684496,2187.5843625125995,-126.25588972854035,1834.904324724327,773.8845175339369,1170.8468916069517,1477.8921962479421,-60.14345992854441,519.2289412311537,1381.9367067432077,1638.1061837909663,915.8738423497812,2063.7729547236077,-52.30962021520501,904.1857628307711,1844.117729939217,273.7138188654547,1426.4189886192744,2245.7346236314625,1767.1070988697213,3204.5502142188666,682.6847595795318,1565.783378467787,1336.7655140853099,2561.0857761012417,1510.15642539182,2991.9673827480915,1528.1756179438873,1325.4301736109057,1093.350506164155,567.155468603457,-666.3333630748887,608.2485658603729,1216.9947325015369,2945.4753983670053,353.14055434870903,1765.155762830343,2139.092458047896,1044.0089336594954,1415.379813983204,1632.5996178835271,2030.0470847628292,713.8922512132989,-36.344326021273964,1335.5240250059471,-1832.7846158829386,837.6431787425942,908.5124538023541,1560.8016893091615,-740.5055518286675,1552.3541257556578,928.1780641538626,2016.3454772630134,2840.854858893725,68.86347966947348,776.6794249209347,556.5576781316303,1493.1274097774624,1101.0045041952212,375.8815476243966,3169.8784151537193,1696.7519330939208,-253.6324953619896,3299.1570395908807,1765.9693027326507,1233.738528283481,1259.4033713213448,2173.5885099711604,-1813.3356290156337,2727.1346034152643,2042.410046227222,847.4109931884934,3114.9528454857027,1170.723575049244,643.1276817201546,1924.5636843559987,-101.94884071346375,-99.36730063783004,3285.2844802205304,2404.451992872315,1483.6983984659337,1187.1896104565599,-1098.2199927322044,1904.4447424337088,-598.6733179553197,5256.840877852883,1476.5088641695713,1984.1025748760192
749.9306336751082,907.9456785891573,-3447.4040676613845,-1153.6601161200167,-539.8727511416606,1401.9239840964506,-533.1151949432037,-1608.502226531282,-553.4708723592705,-1351.1669183293473,-386.9624698391416,1324.852369193479,1356.7979005516409,-737.0601462379092,-1946.7997395954878,1746.6773790101327,1904.6064773675469,2090.550339248037,501.64019717988816,1905.2943015377473,-1190.988951171303,-618.533259999694,-834.8826417999188,-573.0537978598334,-1516.8876520364174,-74.73470476076517,251.43124830978465,-1410.991624996613,-1442.4594931793958,-2450.2896575231885,-1842.4903826786558,2803.8827701836913,-3135.6562363301878,67.57318227330062,454.1489411386417,-1386.6364502778042,-791.2837639778162,-2155.8054447740324,-2531.5924465360663,-267.5761754910383,208.85727816918265,-48.66133462338152,1356.1976234696572,321.8695533334845,811.9010676442025,-339.5773146025722,-1149.126465060821,856.4992677192022,-1935.7080121995662,-1124.9611746363964,-1904.8836096099785,2157.4897011279713,-378.44330235919887,-1092.5998165117933,2932.375642561187,1891.0946210391621,1861.7544680713534,-25.672756238483025,1742.5204119782509,-110.59081744488869,860.3123789279181,561.5315676496128,-1036.1110067498046,2432.299549308338,-669.8738489590214,215.53648850431077,-678.7297266614281,2817.0100145298034,1537.0186930370721,260.5184793204001,125.53769653149432,466.5156073355391,-2373.9965503308053,1282.922278749078,2742.525001089966,-3160.2441667775624,-2670.5844572497676,132.181337854793,-255.33213315211515,620.4506533089916,425.9412637167975,-1976.4239655958693,243.21952720141203,-727.9365545636135,51.94077035393381,-840.3407703329458,-1608.704367205104,-104.18559168577978,-767.1039511759582,135.762982602897,-558.8217147738752,-1218.143601506012,-1661.255803031752,-1012.1578798049653,-820.2784878195127,-1723.0071730915033,132.44979165566795,-3418.7758846913707,-545.9851366880712,-471.9936931811426
142.7062917019061,1973.3835334904593,4099.903759799482,1408.604335242044,778.932748750071,598.719850662252,2250.364728201851,-573.021700965704,-447.4122390470721,1698.6898833320295,853.3628354199293,-174.7928723696322,1864.6957514257117,1053.672426713151,3558.8323810657357,161.1172016754759,-97.29738172475884,-326.72379895991537,1662.1830306708011,8.96156713037347,1636.8468415013697,1008.0887374690275,594.7343845046455,3189.342986782017,2710.076959948416,-1177.7325186706732,596.3953474906938,2351.8867725321184,1000.1864281301405,1692.553492390599,-538.0988520210443,1203.8991413414467,455.1638701750378,839.3558281667895,337.1820263044194,4580.231490224788,1122.7604114390285,687.0440247782052,3581.876053858005,2407.193180265734,1176.8103507183616,1209.6684206412808,125.40107031227714,237.6055870253866,1804.0495635822417,2930.5611700187756,2843.5847521434625,1397.6040709301337,1458.955034863741,1519.618666566536,2390.2343398786093,-1072.4237488714691,1690.355751852345,2825.2327235603493,-906.8617527607497,362.7567471692239,-526.6055989753723,3329.5683898123357,707.3900369162307,889.7668586093221,379.7427638402639,1975.3701882424057,597.7051287208913,-92.1301388367198,5173.11960234322,2789.5857398341864,4109.61887045969,-104.35078940605324,623.699601962451,827.4995670862753,2246.031290870737,694.6136695444429,1418.1911907791277,668.1813099820694,-539.1381362916025,2870.2963766986168,3203.484675477753,1110.1061928267488,2259.204948699308,124.43788672357711,-96.50633750018059,1819.5988582640198,-537.8114437905614,2861.5691700188363,413.68048035598184,1500.953399347493,1492.385378468037,1369.6508806303793,-80.9333616286348,1809.6379945250133,2353.3301714877,2658.045350352364,2830.336016735274,1066.0057230374016,2301.2930264668103,3094.9223867591945,2006.9962307248709,4273.5670470597615,1165.1679455316453,1939.6346762499672
4899.882536144702,2748.0584582106712,1509.5417942631173,2509.9822062701223,-194.30122009518055,4943.758564834988,1326.0225305021638,4668.276819250758,3119.8279447438185,767.2700969352925,1032.112731202442,4453.475810659556,2091.103811532172,1834.884601454646,1596.618592001121,3716.7667017639565,5271.1515268658,5622.034941386446,2425.4830556431657,2306.6865845372567,3491.7238850632543,1388.4675497231335,962.3608758729804,3136.858729807474,3455.3182674119325,2017.3833542271636,5352.256015318738,1349.6929394598853,4122.34325612136,-1172.744890822498,4550.225857048316,3825.5926995740424,2528.408220604718,781.2227091239057,5063.125654509953,2336.2592971996683,5245.846899296863,1974.4618154005598,-473.09637074297785,110.56517864154532,2124.035117527148,1767.8451463869162,2745.213556055537,2046.7997038396666,3392.5493249259343,3365.9367681510726,1406.1681407786234,1629.2171182992256,1780.3160222109695,2645.0232365656307,-1572.90349537062,3467.616114004918,4737.733394478103,1792.972418976004,3833.2415741733785,2565.1189526058088,3838.7574890496167,3530.988474156715,3815.4547744093447,2539.9258502321113,4798.490801089655,986.8545722114624,3893.108603049068,6086.049429665376,508.51020990996403,1602.4092031602931,928.4063515298941,4878.191102136898,2282.889698737265,3380.5964568261747,1210.600335571926,328.6346635464717,2647.0690944167927,3144.6727164653507,4796.588409078842,3414.9752057311284,219.5578612099581,4119.121521468659,1169.0871797835532,5082.556225044381,2361.7147021421656,2045.0090695642932,7870.365540712013,2414.286317751693,2491.634377526615,2616.73548759197,-854.194703518878,3286.2800141886382,3750.26721489338,2116.210188888783,2672.5169066978387,3829.5808396330735,2328.860351554593,1791.3108020442671,849.055729792873,1333.1422262946003,1740.7354210297785,388.0144816957598,977.3780886368363,671.2704425277582
-833.9261819657565,-276.95888511707625,-675.946949554391,-569.5394750502993,27.802972729431502,-700.4592197479399,-645.7556971165097,-1043.5150561103387,-661.4961412785321,-439.4666444973547,-192.31966596453339,-415.88083164567473,-455.26570786028293,-429.7116226783069,-512.712147535428,-274.74748968304135,-248.03173397337574,-430.99442665862716,-289.64712780332104,-210.61301253204184,-360.69529408470345,-189.54626857799556,-432.3491124453559,-518.2040928024873,-705.5669498897004,-496.9067883151273,-264.8596213915566,-266.0144114549347,-800.592327216654,-698.8248620494547,-775.8798090381697,-225.88950966740214,-787.2480659920001,30.02880681029819,-931.9314932428222,-475.1537943498752,-754.7448430048664,-867.2542956493725,-851.1973284783121,-346.15358121214774,-282.9790186825896,-158.3112591802378,-81.94334488707169,-372.3112643624419,-801.383975231561,-698.8540037576429,-479.41544531323774,-99.38701400013106,-587.8808842437135,-368.31331496319194,-325.1989535004849,-458.0109043856378,-722.6370292376308,-643.2565130359849,-284.03720107066306,-201.81534683958213,-282.8304505676553,-1106.7446963671462,-159.52165631724344,-430.6714837809006,-433.6404184551655,-347.14885298779245,-756.0887630546656,-426.110612880167,-878.5890910089828,-477.35761707954913,-489.24019874558803,-443.4056471357996,-180.16854769079185,-351.8644745130344,-91.52264060770082,2.678418090270693,-722.2329061379536,-295.14195508230324,-243.32570812880482,-804.2275991932106,-606.6861536546913,-588.4951056109335,-233.78148251911637,-1113.4284855047053,-585.2284287702585,-585.404559420096,-926.1233046334024,-810.6368527569856,-280.07818895221317,-571.9573813568795,-205.1982537970246,-428.39719554056154,-803.4096581778426,-383.74893630167236,-520.8656489228428,-836.5004906182052,-520.4494594650839,-423.89770749765836,-459.18812616194566,-466.96188035762003,-215.0318430097185,-793.9279230887089,-377.8304291517904,-354.8254993981229
636.8174346976315,320.40385587709596,664.4934132839013,539.6033216683061,-25.972300576670698,401.67554776005124,710.0488142490606,846.7980545388002,421.9972025094458,506.5059756836569,242.84546517101663,179.01258294205329,453.31991197148636,376.60057370529984,756.620153136729,230.89042127377513,180.93709119123866,168.42477516059338,255.30649045057305,123.70849116326201,537.9120636000149,189.23287496025986,413.7674537246109,637.6412110298269,667.2727218936595,527.1682541440307,113.28020311072622,368.7805116221169,495.484913962227,665.3806164778177,498.9463712872336,143.94838148706077,525.7140236098072,53.341496452522875,736.0878426027701,616.093667944487,773.0179243980674,1001.5647112542746,717.8279962784299,392.1043102950758,333.8165317649915,184.0317230900535,-33.58033373504002,403.9918805769356,729.0548216825164,785.7783298291176,647.297995259612,190.31201003788135,302.86612147871114,342.5489882084149,518.1001423696828,324.829857352583,622.3484206565212,615.7810047459053,71.2569867235688,402.75479632545955,2.9260489482502567,1361.6573351377178,211.64007802909222,396.437331212009,260.45036466547134,376.8570258194034,537.1434642192421,240.99194835480975,725.6927370866287,291.2090490493354,664.1942639655225,260.80571673238944,147.92328805576602,299.46168101194183,163.58163717779607,10.727382562814881,609.8675565157138,283.08343165324976,100.77574259999241,800.5540454905213,566.074688123172,431.89473609772625,211.24098181409343,635.6641154530461,752.2627326896416,532.6667835597158,446.2027442045297,700.1620882870764,100.22715939221699,318.09679631141586,347.6888519232128,457.43797938499756,733.2940209908539,312.02008880945885,470.3596213975121,752.3759585213435,730.5065052876593,239.0406871167532,661.4935071887729,576.1771609075743,323.92911354506776,653.4752469497678,337.3326067102991,282.1140144681585
54.97372302207262,181.23106689404477,150.4323762986643,293.4541620894701,-267.6175265237645,190.8664598267507,382.4126785017157,-112.98034651739619,302.23694505227087,258.9089666201296,22.03159844708886,401.4842136406551,18.962502706538242,183.52975307551532,184.7139399628551,201.30691914233404,273.55849415064176,270.5855267194279,9.8312747624585,161.8690981520888,-203.1181592916162,38.333338983244055,-106.55899653177504,167.56709659311102,-6.2063651093730865,98.21018948459788,290.5529500577419,-140.34655846183557,346.7664014132671,336.7033784280236,355.57611543061813,20.68257969437435,388.87690546041057,15.139916926705029,355.36454901647824,138.01854437290731,188.0387058777709,133.40869466036992,365.12538877843065,26.563345599330194,92.58712405011495,172.66863356658794,75.54818863241678,25.049918707617067,319.0281592958123,240.8791322268917,99.28172328047336,198.79097083652684,-30.60810169498961,172.7170822483605,173.53956547197518,332.23405884476165,175.70012644363987,392.6505445557737,165.49121759999036,134.95300472280732,162.42801789331648,-51.100415127752406,65.01243813905765,-123.05273646442636,215.7617214113336,48.81634783059984,174.78155794183252,58.95678465562965,86.30007326815897,82.28730262992325,229.81033027409947,383.9767399396104,71.20521279330859,171.3988895591011,-22.582633055353067,-47.26803709874276,380.2396656579639,304.07874470190217,175.47235920966702,48.25726840594312,305.6521655882745,82.98520304597587,-0.7907332862078353,319.6486617330172,107.60627061082563,322.97384398942955,606.9258418809175,272.56120244039226,325.33588028493773,134.45142261745602,85.96616790777298,218.59380211552863,143.96401740613933,163.43733673554178,135.90264549050605,263.6598159758741,117.22228094545879,106.91155772525997,140.10211321162333,-42.40916615942947,24.954525125343668,243.58355329960395,66.05219439718051,107.24262745746063
546.1058654348379,145.47159880289828,360.672125969912,344.6469758097291,-166.1159644772753,246.86910002104344,236.10378308048124,664.4771665413023,325.8153680151972,397.0213089393156,70.1408800807559,198.5477344233208,201.90017920844312,331.7999890317948,343.98577715301917,6.712738413822095,105.2602044527132,85.86102288668474,-25.67122474557866,-83.49773247965264,108.43240551427432,33.02721064379003,225.1470294164763,140.37565078316823,485.15370142871683,308.7609583241057,85.7032891398946,58.92540539344215,503.05532477079885,464.0625250429163,402.6658490407594,149.0197882314009,236.52636063983732,-110.95746195164448,656.7035082898727,273.2229531343969,363.2635135390841,694.7034570199801,631.609554458387,281.78687350386235,110.83600827643312,1.851647536006389,-119.51345022847153,225.54295014321605,301.7972897268107,469.9263570387451,387.62167937432827,36.34828428634447,297.9127600999957,174.90285717004173,279.1442001122126,213.28726892062733,441.2955953943203,480.54036253992314,71.59422258385946,104.75999642136219,132.70597205562524,504.0438347426163,-5.960270064506524,171.20497395465094,41.40635298303341,174.96059915288382,265.3795831669403,46.61928246030968,645.6795371067782,247.72364116228994,132.11285922671476,250.42238292477347,-6.959654219088001,236.97754704663083,-93.2593715447218,-66.02546060321214,450.289999982718,106.62882453310381,-155.17950135680599,699.6004129410004,420.9401585273477,209.37120801027982,121.42397466277521,532.8219418281485,489.6513869863835,313.9268176171292,332.9438187487521,591.5427300764949,169.66752896651454,385.21503624883246,109.96775014076226,311.908845600961,378.152970515717,118.1152889885662,214.9137417054379,670.3982550361966,467.5444787755749,276.28561548353827,290.7424615370193,289.36553339528825,-76.43735524542306,585.2469803333391,229.34424317937066,44.10545351029037
-5144.6535799049025,-1001.2069795873135,-5566.825719182713,-2431.474990653961,-1760.7482986894024,-5017.370922120061,-1435.938804045713,-2939.6878977259016,-3711.046314208725,-1490.552540368191,-1774.2624220102305,-2325.2856471394534,-5794.79287518757,-3742.1839781374433,-4988.4759023381475,-632.8330471243727,-1625.1996472942435,-1322.1258380173354,-2148.0586115925375,-2112.7428919782233,-2407.2267289139377,-3105.9795661091466,-1934.06268470582,-6073.846180206198,-5275.114009538154,-3782.69286610463,-1088.9711976764268,-2664.469417246226,-2159.527323395876,-5717.827633358048,-2287.4250059331416,-4686.030959720168,-1252.4874556306238,-1927.534088676476,-4329.435251842344,-6721.472224117118,-3271.7154675631023,-1505.5739590037974,-2449.4777665396055,-2628.5317219720614,-1597.106055152067,97.0444307255479,-874.3332561341152,-4769.917793226198,-3924.9065043225896,-463.4647577943474,-3055.448554330224,-1869.314531957437,-1878.178908412519,-2473.7882027765177,-3553.649860148204,-1116.6017450539766,-2029.6248176280549,-4817.678318472833,-362.556717022999,-1900.6305161991997,-1762.189186869429,-4317.292733437447,-2739.3513545820056,-1172.724790191546,-1661.7338367972611,-4315.337664184037,-2996.168561800788,-846.3438297624105,-6783.028471273824,-3468.963617488333,-3743.1470362679866,-1390.058465678159,-3656.3147677976463,-1629.1339927478004,-3557.564953767619,-1686.6514017464362,-1780.7147505071732,-437.81511101129183,-43.6247045733856,-3590.63336819392,-2472.2459334078576,9.741513704973094,-2088.8894342132535,-4013.6621734880323,-5496.53323678753,-2125.3216486115402,1044.4643585971903,-1762.3141717356873,330.21617208325563,-4415.649916595986,-1293.4317256789107,-2727.034933526707,-1265.7332405540826,-3273.4084600896235,-1073.421518176757,-3462.858131391033,-4722.981210138306,-2766.097315719691,-4773.469814819424,-3941.0853414323706,-2029.9986767723788,-7166.760271346664,-2665.821808930567,-2764.226320936263
-1732.16316826968,-1110.6634402120292,-2108.5103994396327,-1961.4006808917732,-203.53147397556933,-2400.743960478922,-1635.451772423678,-2752.289406342501,-1848.3424943494308,-1631.586882936318,-650.192348917897,-1427.8330865960613,-1037.7098095054762,-1594.6518576945932,-1343.5145330999883,-1372.6194393936714,-927.6771351342126,-1212.8718229553272,-1217.3582994618635,-850.8530909347533,-976.6627882499342,-605.3534023635519,-1893.530386219721,-1051.451995250615,-1977.137479353555,-1417.1676224489022,-1046.1159800907774,-1161.848799643168,-2157.434062308727,-1234.2451812170282,-2784.8183489985836,-980.3294552508194,-2385.7920270855816,-374.94916133925057,-2586.1746320300317,-1121.9187364459792,-2132.0923768091425,-2348.3900455275343,-2687.9785016281717,-914.0318646907667,-784.5592437270575,-976.6276495400539,-691.275725016919,-1300.7942822541172,-1656.5506572775253,-2701.530270505518,-2198.574503224586,-578.7409568129293,-1513.4461925805965,-1462.4383085820127,-854.4356655273598,-1495.1362021382013,-2674.9232975864206,-1923.6422483311542,-1024.4154391822485,-590.112277224408,-1122.5258761388318,-3017.6875957072843,-629.0218316384539,-1170.7804204593756,-1766.201495778836,-1038.9015111108329,-2468.941854026431,-1702.4794772790992,-2370.0811181016998,-1286.8995093905132,-1722.7223500545972,-1823.2689663644705,-563.3811300939299,-1350.023038948187,-272.4181317221082,28.350971805435922,-2937.6309910706245,-1223.1218379537975,-1318.1004132480496,-2118.2293834577645,-1529.8129444039917,-1591.8368553849673,-681.1900898981372,-3196.069368272223,-1692.4973459502883,-1772.2256769285802,-2796.2427650816517,-2544.8711449986795,-1418.9305951491028,-1538.5391895234327,-625.4660840721773,-1390.8939261003468,-1737.3370909618673,-958.4472429872948,-1864.4502061746805,-2523.8085434593545,-2082.4294422267567,-1323.3189365265043,-1225.3092918859263,-1435.637994483069,-732.3353999659737,-1923.3872307261063,-1170.999547480414,-1138.1408335976394
-1587.080419521276,-70.23991913988472,-1165.8203757507854,-837.0559030393355,-76.11864795448741,-1031.4036221584718,-1155.3652512878427,-440.75947128761266,-1051.1312760588157,-503.59174220964854,-424.3071857960147,-800.1701365742598,-1139.84566372919,-1000.8225922090618,-949.9614907859496,-64.05191962975682,-628.6935868297896,-649.1541015204826,20.642332294321847,-711.4289211281671,-310.05682485291055,-267.292515757965,-203.79529313994007,-1039.293743040728,-961.7730430351587,-1129.8094045407797,-692.8833233846779,-184.09246189282763,-1673.211779824065,-2349.4683173355397,-589.7231365910038,-681.3494449786972,-1039.4954741827123,-142.00697774857227,-704.469420647489,-865.8320611175753,-682.6113405473997,-1310.201135905253,-811.97410635655,-392.7567805235656,-76.64009997271559,114.62711760134366,-54.72739620058747,-1062.3799656893664,-1576.537268027421,-342.1181258027778,-464.451444582285,-308.79372438960115,-1437.355856968002,-603.4606467960413,-1042.0114351163506,-627.904733681287,-578.3761267580035,-1031.349418023912,-913.9613975097615,-200.99072361368667,-246.46398995170378,-1367.340180015491,-18.190402948565684,-433.7383662203742,-372.4094827192756,-1191.743911375557,-599.0212390451679,-194.2589276928832,-837.1841128092698,-340.6011075351406,-997.5362890646378,-587.9805413176606,246.64580941520063,-320.1630265943619,-164.55842645692738,102.55262848109658,-780.9173025146627,-421.79740771634766,-217.91969860770965,-1250.562013653163,-1219.5829539340086,72.09992042252873,36.37632528309456,-1540.2882316122827,-1670.8650591690237,-1073.0394851424774,-1103.9839942771741,-935.0632229339819,-619.0424479659922,-842.5418944285282,-187.59867309590118,-290.3001484921019,-1266.3188007874055,-728.2579719176067,63.46524388503663,-710.8794024232659,-338.0687909418795,-849.3866619872529,-1370.8185200703863,-813.0915377354743,-281.18257127762774,-1674.178401677119,-358.2129129771438,-464.5796537929623
111.3787602995626,-866.9558336903966,-2004.4333987419025,-2766.494398295885,-275.61779730853556,-2430.2596429793452,-3257.2424953924797,-3876.8519771735428,-2004.5294442886964,-1870.6181007490597,-802.2343183463306,-283.4541241546495,-1693.930355872095,24.161294654542548,-3019.5931891569817,-1172.9889172254034,4.870416394495864,153.2504072035465,-2636.078790429745,824.4871004818615,-2277.4838379854923,-1163.9829945872436,-1385.1683921371687,-3363.2458423073867,-2425.6147124214,-1997.7567178584488,701.9910333217769,-1457.1537498048913,-527.9169276613678,-803.9208572035631,-2001.85464118206,421.923109796296,-2215.155824464652,-728.9124194141485,-2161.940702713516,-1989.0537041236737,-1865.7149753833905,-216.9234406979489,-3296.7148443170936,-1605.4486905466147,-1531.0969008531965,-764.7144682112712,-369.79088719980217,-2987.852210792576,-1602.7746812966477,-865.6411887143272,-1786.12765932519,-84.9577140306465,28.458372949354526,-525.7272450917084,-2070.8466160297344,-52.051275219692414,-121.89573553722363,-2110.5404951194723,1325.8096463659347,-1167.9063665049434,274.77526348946293,-2580.0952865363847,-1197.4660118732197,-960.5914141079759,-201.83611503911044,-887.6457729448549,-2820.213483183005,-564.8856152008366,-3298.6112297226887,-1333.6967183748234,-2001.0474385817145,-196.56734745090017,-637.4863762644519,-161.75900151561822,-1421.8638056486177,-761.5014188407829,-3482.357815925965,449.48466404526783,-518.3952331997677,-1289.7451450195385,-1258.0139650925653,-1494.2005140673302,-1639.0140261574131,-1914.78236174904,-1051.8155349013164,-1163.7528289137492,761.399393719164,-2167.2117875735594,367.72848339389,-3045.086023934624,-2653.448410426359,-1429.4187098236607,-406.8812491040039,-1972.7672111448435,-2229.0813586822715,-781.8311662748868,-5017.6889458424685,-1641.5336835226326,-2797.478877504787,-876.5032422681801,-2833.21477694242,-559.1044679813698,-1567.2714421045148,-1601.7843530091063
-2354.9431648327936,-2791.726729285108,-712.1468011254608,390.5406810353063,-1338.4816161072818,-1154.4225148064259,1675.228223035203,-2595.692921165457,-2568.895505860566,-2394.875716727222,-323.2055729109859,-1789.1842266150784,-608.9730369862378,-1387.2844905391191,1695.1239509279205,-1608.9618741140448,-2141.5497283793975,-2343.604616705307,-2.7745307457815485,-1904.4346398800935,171.54348297752693,-2425.7484052375366,-2160.425240393372,-115.2275296024328,-1274.3773823973693,-2219.021780569382,-2095.5625811177197,-2508.108467702815,309.8363267060335,-788.9627485502888,-772.938433520207,-2536.323557557884,-850.9846908950589,-507.75669002129985,-3645.479226464138,835.2753916700052,-3187.9866810561484,-4453.686415993156,941.7646361257567,-693.1678606423724,-1045.2736385000067,-625.2533349362842,-1563.5880417713388,-290.6555723385336,-1127.894502988281,-724.5965351023588,-2077.6645365601617,-1842.9515196322197,-1758.4383320783074,-245.14721193844284,316.9765360238026,-2826.303963054142,-2183.59043838919,-2177.417609708963,-2732.6326182324583,-1305.4723293451714,-2641.1501174731407,-1112.2855309001482,-1903.5513487028597,-2063.6278739521185,-1532.368852474349,494.08759180445435,-691.3244471746038,-2844.3177253525732,17.14677652262465,-1959.0433859439117,-284.7026532428441,-3529.3189463241497,-1401.230387405314,-918.6521261937563,-45.09972147595337,-697.6027383834173,-556.0209536899131,-1828.258818651282,-423.473259314392,-4521.132681903214,-602.3619068036651,-392.2955730843031,-495.0990629527718,-3127.8694093608215,424.3601575804515,-1945.441740195477,-2924.896229385105,-2394.2342237367093,-3677.145097060227,-248.832893077916,491.2585141152126,-1428.9895278310498,-753.7818925368979,1859.8180123079328,-2314.687784472648,-914.0441187288399,477.092341446351,233.1132839454717,-625.1437347021102,578.8736519929068,929.3667421648718,-1900.9159123455736,-2292.1462191606533,-1107.637360698315
7.5656348131065245,690.7302979893199,5.392662492004736,-195.31744559148154,441.2401706574133,318.1700418310964,-847.8512903002963,329.88593460869316,-68.96841762370407,39.65148005129487,-56.24226302916152,690.4075453279575,-169.18056005628,51.9858286919792,-948.3350718426583,676.6838469814021,187.12122775300028,218.92768605330687,-222.1315462778935,767.6384777538236,-408.36595004723773,233.13039289995507,498.0082786391613,-638.9499872060784,346.03546491180873,-231.2873276138007,97.33591251026856,706.1528781042036,-1255.6313122258568,-886.1226603696002,-240.84000586553634,542.6875380948743,325.9866608569339,251.2813192837733,61.60880818882527,-931.7310198993677,-42.08036294248208,973.9116235867325,-538.7432527113414,258.3883645896035,92.71687029415025,395.61920757701796,635.2452456972258,225.18949543027287,-984.3304426061737,39.33017463710082,170.58882789287998,274.6206952951717,627.0267616444954,47.77627453316462,-211.2159254955492,691.0635895802475,194.48069512950323,368.19691049296284,798.4056581506809,110.12425794999754,486.983976256032,-447.56575313448195,146.93244149090145,909.8619095838951,622.5209646451362,-464.17762807227376,212.26375563219173,1086.704645340085,-487.4035469158679,-95.09971585677265,-567.9781224631116,859.7512822420765,333.2352759887009,-304.7480849426548,-184.97306409980615,51.66863597142489,-304.76571843636026,199.05894125837247,455.0305802292057,158.0673323143671,-170.80846329298066,-389.33793228233657,66.65185066520743,230.54188291939894,-765.4674895778003,165.34513841569046,1053.568869786263,611.9404883046766,1176.583713239489,-514.5781309568354,-799.4981374006626,351.6597466243,-961.4909773376523,-589.7297373201616,381.51678433964895,188.76059693407478,-166.08768314728587,-91.98045903091896,-499.4667893720545,256.8963598837005,-325.1635379480932,371.234519923398,313.97317096951645,94.11687485253566
-560.942991611567,-649.0763683372444,440.5609866851451,-284.66842566549286,298.6555768157002,-60.0970300624347,-77.59211765518924,-224.79473990433334,-403.2378302598084,-630.8194186810509,-31.81780045481647,-727.7726838879277,38.148436860312394,-18.707218608007114,135.8303537815486,-340.2807828829233,-197.86290513438934,-472.03476107075795,322.69988462331537,-306.42427575081626,230.49286492470594,8.495735198582123,-71.65531134380036,321.2475828178496,-118.37734000845785,50.93331473799161,-413.0280310493228,189.7917330541323,59.15635741416289,193.3836941779706,-210.84762370330594,-182.31071094056358,-95.67811611587679,193.65881555639228,-593.8492654038204,400.5509951896439,-149.37473971867715,-1036.4331226728207,-219.0420284843235,-303.21644502013595,-271.22569801083006,-216.02137092527943,-290.5081396905524,138.82557927370974,-96.23410727461851,-439.9233371890255,-97.4201586925676,-332.94293186873483,-256.4020410953362,-6.35152112314752,162.3470820214956,-729.3008887942765,-450.38439794605557,-533.2611931357472,-734.2938570034221,-344.4086697588429,-480.51348460804314,-152.25681458941298,-206.43489272567996,-377.38330358749045,-564.5184082962386,448.8883060062627,221.4272848557623,-732.7840870329823,-304.1652818810102,-228.30435318133956,100.49744962831525,-873.027195796696,-360.5116928135074,-13.76103054935853,308.7156030008155,148.55865468183018,-268.21270696643916,-355.4089180693616,-95.65518735311132,-709.7689291073699,-405.28190178363656,-514.5990971754488,-189.47152800391945,-159.64726624220347,295.3049881577113,-481.7995023212908,-1232.6658239358462,-781.7024149962245,-648.7681706966332,-79.6245499633932,318.03055055824865,-376.48212829199906,-152.52885175561764,185.44280417425705,44.263704694092844,-766.0850414048649,141.3918968045358,-455.969246816851,297.626237356214,157.200934464636,129.91906466857802,-288.3147266093713,-312.9370741207654,-204.20379913559893
-2082.531618405845,-636.1695033005037,-2422.5490070024825,-281.82130964191725,-569.461520949706,-294.7168768174594,-1460.7080261040278,-741.6053168019292,-347.9379585937185,153.41210697559268,-870.8023152538972,248.19847684295652,-1221.620149856445,427.34121452968947,-1400.066533283443,-776.1162933493124,182.59843156879526,-278.51732133236595,-1320.6905517437663,254.89593904609913,-1479.8426986204647,-110.56275770281246,907.5071990919831,-1142.1747075742521,-1063.0877341093849,-413.16056757620277,91.05670390775457,-365.91206270349414,-1740.912299122026,-2254.739316169817,-445.63300473223507,-381.15317860690004,-246.0809397155796,-550.3628454471345,-1002.1360385067682,-2010.0479180306818,-1808.4370657766165,1455.1455617439715,-2063.9621907727183,-917.3384844649526,-1176.9545327560263,92.69416860044964,-799.0587955369942,-9.904969131901227,-1846.6826622135159,-617.8896633132158,-1074.7733901488305,354.10259048900275,-590.4363881539302,232.10706711543054,-853.0839583554018,22.00442236676753,171.70136957349902,741.2441448413686,1422.3173783802683,-492.4428645672466,-298.5743186817862,-953.9118299246832,-932.5131281256427,-694.9079940508426,852.59758353627,-1351.7131808367735,-428.0916080082186,372.94962580316735,-1127.426224849075,-1386.0898157086924,-1035.1662277859318,-43.75987281746728,-205.68446683009216,-990.3955674312308,-2340.94834574149,-446.8183258577913,-165.77928512350258,-298.2070916743046,572.0665898925909,1133.778917112744,526.3045540541868,-15.08713113552854,-1028.6132641557938,-1516.3317321112947,-1342.122536120781,193.8638724863781,1188.0793317084645,-665.1507634431983,1294.1827861291395,-1775.1191168223606,-2556.4401632629306,-1001.5313100897463,-1417.4989392802622,-2066.0097411281367,-1379.7285425135235,-366.34720852924715,-865.8320292874254,217.12649203645552,-1483.4198957325214,-684.9254955666648,-1994.1007825912168,-1148.9179317132007,127.28159131553763,-386.74376119070087
267.3948957379753,-17.281135481805183,144.9311450729002,253.63666776711818,-271.45920996538894,245.43801519563814,253.28950682986886,265.98007263026625,211.1178258302772,211.60881644751544,-28.536378867630468,91.16703653902147,-4.346528993508775,102.16114914978915,59.770518553081544,83.37193355343213,-35.789011548487615,17.084856671611885,-48.36823082792844,-251.71456145827,18.945542041376743,-147.34606253246523,83.7645285554407,104.28602180519833,222.77365407977,43.171062618608346,-46.53030646852194,3.885164076812838,192.91735581166478,134.71202105056477,266.3898969994042,-100.09532826934083,329.6543762459793,-289.7702653725819,414.59814559887053,-11.69238261955945,201.9670534701921,292.37965456249077,472.1570613452707,68.74714235318699,-28.699097952539805,88.47383638032258,-64.62217149597754,30.416934245476334,131.23361818243538,327.2233605981634,329.2365246900972,-57.63330539189145,-50.33386698954285,52.8517708290135,101.42626053918481,-54.585830062572036,167.64257811266893,72.69164606750891,-134.8556427663853,-7.05891814465209,-4.067691713448064,204.67761257281924,-97.21488808767695,53.80022497093161,-84.06716438663649,68.42858959863231,218.8691797981229,-63.172130510142075,320.1142340969806,76.69722709828336,-7.992752941307494,-24.83528687775621,-219.57424142308508,102.99288621806392,-176.59926695604653,-125.57829437391689,365.2451897490317,64.42604235437715,42.551425630090414,247.16532585617117,181.86041605210906,98.34198248972082,10.27244405939262,321.5149945399995,68.53351701546703,196.3883667950485,173.08147005518742,287.077866742882,203.2514795725458,224.11362284952853,129.60686209046926,180.9581652066242,143.3736420935372,143.32490575163874,218.24121475094734,309.75340250526585,166.26086444995192,127.04212892336642,6.132299591223574,17.12917359239544,-54.64697002546516,245.41083983927876,105.55321040861915,-34.47793432383409
6.178991331928203,-351.3875633629299,-486.21977671273993,-202.71027476381178,-318.5326408667589,-74.24294312242756,19.114187473130492,-57.89304577074029,-196.52427193827157,-149.67651351090257,-220.4302492185998,-248.61878466288138,-138.39806539039625,-120.4179678791064,-47.54917125948066,-389.72138199964,-281.53930457946,-432.9022907190294,-226.82402345806827,-424.20274215848116,-197.47347196346453,-387.0012121994685,-193.90899790428142,-297.1503105882574,-582.3603533092723,-147.96885099828924,-243.7359355353793,-366.7943662363579,-36.33178534956764,-131.01455314504827,-239.61934564159324,-361.51965351962696,-114.72879209703923,-511.49548545230346,-408.48946067620864,-180.13113816263672,-277.0847760483644,-37.15883013663648,161.37825058987494,-211.55441176646556,-168.88503204057352,-219.26385190206815,-561.3390018922294,-150.50509216270066,-256.52405861529024,-14.26378365019322,-358.0430135364124,-279.7919009101316,-166.24082134136228,-6.466565332216807,-33.748348070627465,-259.6978957150884,-364.8273031492584,-34.32629094385637,-267.1072135038958,-294.02976539744105,-309.2552158271939,39.65549319201476,-489.62409845535745,-288.36701423887007,-643.699053996721,-213.2191486340014,-291.5970265412681,-493.53308197912656,39.48386791778799,-397.13724565483506,-264.6654425980118,-585.9984416887762,-381.2950346594773,-176.4868153693788,-534.2724331874585,-173.77659582581046,-30.460988227795735,-400.72238361949593,-451.7346488033618,45.91494871287857,56.39744687115416,39.752222808755725,-109.54763168610619,-263.5925915306337,-5.3810929742569344,-439.11798420259976,-112.6166237689422,-55.39515408609337,-312.7138886442374,-101.55586017974825,-181.37159664959395,-83.68224405577324,-46.11724962139364,-271.0170203273361,-194.27034356377624,-22.20663741415447,-275.86672613742184,-233.42019411905096,-235.95371300800448,-20.709026219493442,-307.25047739727717,-238.9540196448258,-169.27654452772208,-263.6610547049565
624.3448277171327,-203.10989012333812,1304.29193130602,899.1406721463626,795.5592538790409,1566.7121350165191,-163.1474975107736,802.2529605278247,909.3026215194195,390.76025951924544,90.21468502788468,-279.4587056795044,572.8312548363867,746.8086791836688,-158.38155528799328,407.43693538305286,-222.50798705642484,55.75344506072032,774.6001217801007,-509.02503633635087,559.1945948562089,112.5503430248866,1901.6316068683345,-276.60637763469776,1640.7568874078604,-143.10649771656855,-167.5836649874663,1279.2666237917367,412.58335855039115,94.37394056779401,1115.4563929135884,411.0357547320707,870.0770575297369,130.8382461314073,1203.0936092520205,-626.8913486506545,45.77268362589928,135.81839132967445,651.0207034998768,761.8350138296458,-3.156370927675833,183.26525963340262,748.2821255367979,400.36773182924173,1.6272191637695816,464.2386413296031,965.1957866500042,-248.5557888473249,1140.71494013997,462.1833174911303,-234.53387555819683,-781.3608326572919,1047.6892434785425,-208.1840097480263,-204.5962855476753,-707.8367982900573,471.2801227253528,122.48582938588318,-195.3921816504609,1395.1523059561257,971.3244927379695,701.358774807318,849.3916252787802,317.7864926281098,1130.364019382925,967.7232360938017,-84.89892008304194,337.8700941323194,-99.18735489647176,30.513470057788307,32.473350643059,150.29083628308237,701.2660197659924,31.801584736215506,782.2401854397325,743.7361394303317,56.28184360013053,590.1258200293933,305.62636584234724,1210.9809611183077,540.6795743332127,1177.7452676398923,-673.4926224822276,631.6057467211976,487.3094599934186,1045.2837609836631,620.968546835604,36.3303515745347,282.79685766415827,60.509082326462625,434.63676221571467,411.64702800819435,598.4440882361401,1040.8103723389888,-487.14212290401235,1075.3293315725211,171.52476573041974,506.52115977897546,1000.1603675616487,673.472974937381
-103.0308875026597,-22.878814517917537,-103.04375893113996,-132.80679859367717,183.98458153072605,-140.72609352497858,-164.31094113678066,-162.33396191311152,-149.8982354366587,-206.87599331716515,0.101732775560205,-75.76204207393673,-15.504077905387646,-138.46515259018028,-104.68758760526747,-55.02402021694497,-66.16692672770004,-91.44372981384997,27.807123297132776,90.53662877878871,95.08203434763216,73.97477644182445,20.281639445467075,-90.20860295916118,-156.1737318780902,59.81004072533515,-39.15022905888011,27.817516462566285,-143.84226229501232,1.5226240710647503,-187.60001019347482,-51.31056023432047,-256.7179511000218,139.01613189726325,-115.66713141832139,10.632061924962976,-224.39576189369728,-199.86035902907523,-268.8010746078427,-86.5208090887918,-21.777334921347364,-104.57868346116145,68.24333963128748,14.189824569153243,-25.702859990103953,-370.9037252223926,-193.60028376060703,28.305614071388522,-81.76942059524892,-151.89982098984032,-129.2966962492649,-54.28836907313482,-116.58802483007187,-223.69971188459536,34.120526837534385,-8.305089858190973,-32.86449343506045,-147.15237384343646,71.73915420134863,27.378647037136194,-78.3280538236666,-20.547800241347034,-66.02246341682978,7.263524164662782,-314.4143927604897,-35.38123266604537,-104.66398003483582,-117.27996477163578,75.6170586399822,-148.75757255178237,185.1418440490701,110.85930460791201,-226.47919076910117,-84.22113803493201,-72.85626628857614,-139.83303390676934,-183.35269032831388,-85.5478272936557,20.705706915423367,-119.08366113652878,-40.27308787840204,-139.89575738116764,-251.14811229327626,-337.1251863276273,-178.3855096454473,-68.81649994018214,-0.12730275254932236,-146.36381703143496,-7.932592998672124,-1.2881888462407254,-83.9651875335841,-289.67792626582985,-176.76489077248857,-59.0462607870956,-7.42675128517361,-163.0039910554582,75.87056293427754,-217.18504400225467,-41.95078625254037,-88.72038016466
-130.4387771848812,580.507481231827,657.960510129497,-112.74834805519163,789.3045821543509,119.45621197765662,-374.32898476911424,-99.56259511846343,-132.02818997557137,7.686829085837029,86.73943927182049,130.09300755840894,-53.833433737913545,18.239267282913183,-128.48824008418475,372.71186431581145,124.6825718937203,190.03957723380117,633.0476661032914,-405.9538218474829,-56.15533175895905,324.0185564307137,202.32628287899158,-84.43854566770844,496.5336848623942,-752.0680409690709,117.409486029528,336.5007795752301,-95.39009308081778,-622.0333614828872,4.459477405782423,740.6869899257641,-337.33082129557476,815.5550794237669,-515.8924364913445,-251.65418481787276,-350.90023885844926,-915.9823378003508,137.93798307769578,459.34837052831955,448.4539312644131,405.8112337264161,667.5930660218141,171.24066648850734,-598.7157060889652,310.2321671149018,316.3402309849416,435.0793832063408,263.5550691152888,146.41749273029777,81.37155583950651,162.37334095973256,-104.55472171011729,38.830945830143904,-115.9139270729748,306.4140059879622,478.33434631934574,-836.7670391279556,254.06683169242424,317.53665710821303,774.238299587187,89.22744780409862,-61.93006285845966,116.72677923923762,616.9290297170336,680.6158352203162,41.009767610790135,673.7285574367904,370.41314731549676,720.7637902974659,518.0466874754576,312.5519329213329,-352.11369589556756,461.3112887979609,524.7709321022012,-364.4667563842401,-137.30064233921462,-216.2413516661906,527.696202087059,-213.4261342971756,-39.274636739364595,25.984830809886105,-425.0353765393413,-3.9006022305447403,107.6849742161144,107.8381370594123,228.23045240877926,189.14980945305396,-771.8349163201202,-244.1449711744221,56.538307012543534,177.55162812724532,578.9663559233123,-65.48921598454955,-317.64271803993415,543.4611738389543,290.07154969419105,142.05958135418487,435.885420457781,669.44640868537
989.4933665458019,-281.1887604415863,577.1803882411186,740.3215475899402,-203.8728975356614,1169.4696076270884,834.55695386608,768.2822400432119,564.7713973989861,487.64584981495517,-134.006302777186,277.29004936297633,702.3547022227289,475.19764597940764,199.19204429970114,40.192720792639356,-21.059954486862313,-187.87778266575626,135.07012870050968,206.10502245734654,324.9957332588025,-252.14414140545236,997.9000339611337,336.112500810526,453.2599823261658,609.5727700039919,-188.98640806173984,173.55278954285228,88.3224978627609,629.0818531309742,904.3204526321999,-144.5528906360648,776.6570963607775,-585.1106353064024,854.3615959601942,206.07252441652247,691.0328344431025,910.0199077690612,524.6066525571252,455.8849803122072,113.97046668772666,36.403918533035274,-4.592400551970154,831.8288127079722,769.0816558729286,593.6393148542953,28.450655533426424,-160.59748842231076,569.6333454769722,653.9082678723004,40.448265694376275,-22.638460672077123,823.8210111569626,839.3107351016276,-87.1250416551188,-216.86397825914895,55.84942959937425,2085.1830684343245,-324.79616170354257,982.2393714503572,-79.89821592081654,608.0118820059143,484.52813947896715,393.16911715228235,717.3376785645218,18.972893829373483,142.82719516274724,299.6445872637665,278.2320145738545,-609.1211377599878,-470.6831690296309,-201.49355775273187,537.034347130681,-125.28389755146756,291.5371188946439,638.8701741743764,281.11359351990967,748.4386549689281,188.27204986131136,1555.0525609755923,426.2827377083161,478.5633458538121,217.92744466733734,1245.1379163855224,376.45952445426633,563.8527826315824,178.43417777688256,505.9780906045856,853.7416457354084,417.3299704399909,603.1083877036241,634.9670725576938,389.75679614235736,692.0984751726522,256.7665105415576,474.05406047823425,165.54380476513836,780.0230811534818,504.8361891523112,285.47908804403147
764.4943698437921,-192.00705874038968,627.5932715410739,380.98699862465907,-29.9631684349968,769.2190801809311,655.6002413455248,666.8796047261392,789.2501400168899,500.21081870727454,0.23695523466462287,-6.405707827603522,94.04377368339713,576.2987691971817,76.7011808234166,-169.30499553415095,-169.69177032725443,-94.08852203326937,92.90625446317958,-838.4086279009243,20.782592250475933,-63.076102331518335,374.75556969057965,326.8193276211463,412.49143192557415,348.81719186592886,-213.36847553069,229.41782581514042,610.8277316937183,494.33840090900094,729.8155607127164,-42.989119394161335,967.5039877461089,-416.9604788890386,447.9847983657772,301.16005084693325,675.5399974285857,739.1294678551596,1049.334338227803,275.19352304469646,14.703879046749064,93.90597818422631,-345.91784416570175,254.9959015261757,-39.505364704761796,793.0630249049447,641.2622481326861,28.061629790009967,244.04814598546972,382.0581207890094,311.44200769246874,-173.7838635191042,560.0947127405551,812.6740974500425,-174.93460778753604,-414.4344234085101,33.56302545748388,622.0145456839089,-468.0572173967164,589.8932054929346,-216.29313339959438,352.96745581118984,576.7698354819914,-600.8458536492664,1160.5233373013582,489.7836238098974,192.7247320226166,-224.6424373060817,-612.4678660414506,151.7498089996927,-428.1173543625869,-266.439021676095,870.836120946822,-17.963818634712457,-68.45166510160436,761.2450093781101,830.3843128635541,378.21807929021674,247.73482318129635,614.1237434495044,471.18504101753393,495.69001916523393,-14.40066282358944,1165.3802974948576,215.23706744196326,522.7959122825041,145.71416405565998,352.9420060434985,268.4913433559828,350.68700871339496,555.1641388867666,795.7877680670775,371.77131820564426,485.4268156245462,158.76932802365684,677.7304542178491,-202.9303738292134,839.6165640724389,441.68537279640645,111.39226696242294
-599.061008146387,2509.4928233347123,2847.156818518513,2665.104817011529,915.6093508631177,2827.3796232292266,1711.2774482176274,2389.5951370990056,2333.5127507345333,748.2885087549263,-80.85607649240976,2981.0398328938204,923.0910803276811,1540.3302497123686,1862.953324163108,3164.8132169404344,2913.549121887183,4746.0459935365025,1157.6502592903628,2830.60712987288,1768.1612159621143,1643.7089629843774,-17.56395246902016,2724.8303214789853,3764.118766611688,-544.7609376370847,4744.892223102508,2339.7570823016035,1924.1944480570303,1276.0608979877543,2951.49962107756,5000.415460033663,4593.860054065278,1052.1764303482034,2506.045340010612,1903.5993881255622,2952.37651615537,2472.658779768434,1077.6091356731383,1319.1164285901534,1782.523108168782,2863.658362845556,2762.3995434434864,3429.371468658818,1748.1198707741626,1335.5376472245646,1362.1938073603255,1056.2604258760432,2763.7336557849926,768.2569221605437,412.8346435841753,2377.8824710767008,2962.140335641407,2115.182299763424,4631.33287970242,1493.531950896044,2903.2660412427063,2038.0236545397433,965.576247229486,1232.9564377223783,4767.811956369146,956.8842606062559,6500.411177987537,4962.336705706862,4055.4993881964197,1261.8738017912374,1462.3178749528556,2415.192718498321,2559.9766938692655,3528.8093902941555,1110.8314103961054,459.1165132497591,2132.6419944997724,2541.464108854159,3153.339056591727,2835.3560341443326,608.486365957141,1947.3489116582618,-215.50693491743377,2530.5976985530606,439.37522507052194,2537.9320684907457,5918.088099288782,235.65898612529753,5232.631808011603,1800.6816143949789,-736.554689126829,1900.2812979147543,774.26387508479,276.06043517360587,2674.0001617566204,418.8133800394452,4128.217253997712,809.7667160003197,1039.7930705995861,2222.999050828307,2895.8694962615346,3214.726612828279,153.87711954897736,199.46005234429353
213.95882218418515,74.79164590790316,818.5691284474497,155.7664624705719,680.0559339558575,328.11358844740175,467.76198317866783,-59.02417148659235,-247.5528541472588,237.91144190418453,474.1600537254945,-531.6700658769138,107.54479674177263,679.1334016030584,426.9992184420048,-149.528917624716,54.991780781780975,-555.841080857678,799.453102175655,-488.2895040788611,158.8675964753021,718.8082336654215,551.3046869601131,773.966323275191,830.8001201168285,741.6765576966628,-281.1954410498188,650.5657378681306,125.76424178578856,634.6954391328943,544.9113207261787,-122.34709876470299,-73.91578773699047,723.6425650477677,39.32101606486172,429.03448805761855,625.9797212000377,211.12214650080767,496.7356883528284,457.3800103885855,437.7062540817633,18.056084992692227,171.658900080031,224.25390933807242,612.1948642422601,167.01171059629772,1001.2496157094454,371.8992178371284,-43.60945915332175,488.4910158473549,332.2516882726652,-66.24049720793683,80.57289101897788,345.6801141542127,-446.048476416884,456.44564255767955,-259.18266827554794,644.5073110800217,280.1373595005945,864.1452451476613,-118.28805102294214,591.8012000788597,581.996680979447,-592.1845126879191,9.980190390848792,619.3289734935407,317.82016298354927,-71.26313899428521,-140.05951077428554,329.74995213530684,865.1576663313763,401.61923411269214,57.81147447077838,136.71603671922531,296.712667275594,-148.060738759708,58.22709261412853,-55.846858317648945,829.1163746046965,531.4402134689252,348.1934862715922,247.8897251374558,-1242.6593273419826,-38.872229702233476,45.41509276675266,173.0350845827201,806.6736534455969,268.55223239337954,5.242369563691232,354.8183922578911,716.1117203941639,-65.81340719559199,553.8853386587834,303.41125755967727,658.1579353378934,347.4292614531359,243.68014610132613,117.5132781260921,328.6726518240942,682.1284425030606
1520.5284873881212,-807.7299307126275,61.977796834753306,1204.8055602572913,-590.0686883006423,1390.9572035414856,-363.81027642489073,1587.3032380403065,3581.6680780169363,-225.63221793235118,-186.19401622894694,1795.8164133370692,1331.9766412937804,645.3347136550375,1226.709448008481,179.7888646262907,1121.8930844959289,2051.581778981831,618.5336438281555,2067.107810794047,2357.42221420744,325.47920962708923,886.2941495631276,2361.9168752902156,26.20641557057548,-613.1636626489062,2192.0697778447384,299.115806796619,1950.9569726656262,1143.6931616378254,1834.8245548101113,757.5435329340327,4334.520319654018,-218.01292308859695,1640.0573746777627,1430.313770005166,1240.7919296277842,592.2182378013912,1074.6242285505623,-54.939088589504536,-1489.896237693574,271.4830592962811,684.5743950787586,2045.6736374552593,1428.9698792620663,600.7743454904843,287.62193296929445,225.11535089556537,4974.905303942974,880.354650498444,304.9979705722425,420.7914451286329,1627.0332089519327,857.2608682810592,2859.548035626227,-1434.6802719260481,2567.387834061689,-1096.5676231096013,365.560830835011,-1082.571866177807,-169.24350160120233,1538.689081406024,717.0029906005961,1416.7981130547482,859.4405620066054,-611.3961646724033,1483.4450203783574,-446.3615570677115,-222.90834088060467,-638.1250207624323,-18.979512545334146,499.1754783675726,4158.148716138597,-742.6120645224152,1083.9445941607787,1622.63975004446,1987.2100408719643,1027.0822851692685,-399.30067605197445,3403.7234880418346,2235.860714542838,1248.4510799086383,3336.113272503022,406.7120443378313,188.47599840372104,2339.171889116489,786.7992435788207,-988.3293318705593,2847.2002732544343,1903.41998501695,-315.9672286408151,90.31521130615309,-302.3758226780443,2292.6076370458177,2045.2476885162346,1454.0267412327194,1687.2478263908886,2566.107837017319,995.1285853684792,-1012.2560960330487
-203.9248342195092,-600.4569960905848,-26.73622195238948,-75.41361130156159,-535.0559023625686,-628.3407674900071,15.644120790016451,-463.60551349651536,-871.1681501485291,-55.84854316783359,-343.6579818076167,-502.53290406392966,-426.76655124075313,-377.94571648159405,-701.4822993674405,-426.6931619668689,-470.9142558045404,-944.007917570746,-614.0293361795535,-1334.4589817919955,-776.9979659852648,-764.8553758754226,-701.6952904207712,-1055.8702675759307,442.93254291617825,441.10880189579774,-634.748181908113,-352.0458843969312,-306.61705363344885,-957.2000061243555,-453.3627077318496,-810.5548162058777,-1088.4572749667088,-694.4956686750777,-772.1786364275339,-1127.54414425479,-70.32130631687684,-273.7043040229338,488.7456462200769,-98.59920679336756,-298.15156604047706,-243.65557678356657,-400.1552067589762,-809.3320448521109,-669.6865565550387,10.794721592759009,204.62415304924332,-353.1372446942405,-680.8077794101966,-295.541572496873,-278.2652012224582,-839.2057647082268,-484.49362547045024,-676.438764496428,-942.1079701645772,-363.19656809416415,-695.2992177666368,296.64207574264157,-634.2580731862652,187.71081557963973,-673.6250498903333,-806.8653729054204,-493.63971914499683,-592.9533897439833,-312.9165868413966,-710.977184988211,-1218.6032171617426,-398.79396071550764,-1101.7020319057822,653.9547765553325,-1179.7789267074263,-333.9792954267574,-273.66873784540314,-195.62182727546113,-578.7769610053161,155.77589454187566,-482.1465263650739,-482.50442166755784,6.5554901777095385,-1408.7932098025706,-245.8862946123082,-568.2613648718233,-225.78785924108118,-61.47156749331341,210.985368701767,145.71257572843592,-152.51106297541753,127.44605720124503,-1097.2048739920674,-866.9720503155403,-630.7044777131919,-122.10543224809753,-50.31931814523437,-459.72087985440356,-704.1205806466427,563.8892660125126,-807.3415335394167,-497.9745941556506,-651.3351251940152,-461.9836789871417
1451.8455436672957,-582.0250751930704,-234.09186924383175,202.20617781019152,-784.9463291316953,848.5461093968927,-1570.6068869273008,1955.5026588505427,-493.0222566256756,14.143155291523774,-486.8141249818382,-1.8395140513344261,-639.8478049541486,233.53089386810458,141.97069611769732,52.860752350955266,-885.1351022740658,-609.3546227286423,-57.46378416767185,-715.5031443083176,39.354318129273224,-534.9751478238542,541.321179649855,-876.4273403329137,497.5437187192632,-341.50791823842934,-250.0593573383073,-721.8115736028471,260.8210243576163,-1305.6358452899603,1288.1580098975485,192.10654251049644,604.0815871513798,-590.974756803161,-175.34449584345097,-297.8001149506821,-282.3265327654096,-542.614212589795,1147.3750949650785,-312.2296093598727,-478.6037507655301,404.85787935908166,-595.1578390061943,100.19788765565194,-1854.3131999297532,185.90837001535365,-122.72808759220223,-287.06915548501416,672.7426745776817,15.12740099246403,-525.5586205149532,52.334628832797506,303.5812130227928,-131.17415999036615,-108.16089947840261,-535.8744566781614,987.0211540783023,124.39762306177315,-303.1624228553817,-0.819066092727641,-523.3723406882167,-660.897325928701,-5.1536364941925195,329.7794268935641,748.6126986272066,-1199.0037089755015,-1148.541745425752,-165.30362325932,-154.61497923545596,-150.23583300919526,-463.5523149309549,-368.4190795839712,971.0279108064248,-361.8683244128638,289.1488078187496,269.62913118765147,365.2140844487163,460.5599871864005,-77.24568852621049,1232.0551750482257,388.52169470971245,-422.00233811676543,1144.639711923409,341.03960665830976,53.296382344779424,905.3857708247299,-462.5818989024761,25.475801528327036,27.248808482085597,-384.5428762678808,-744.4299209270974,647.2565181713139,-80.39250823461508,395.590605095643,-810.4794951311609,372.2863851115107,-309.0613443835902,1386.0303111225887,718.248541388458,-620.8076653476303
2380.82889826915,-587.167413131285,3017.888740118554,1940.883370872106,1614.6206674906932,2803.035132859337,2019.0543104058877,2302.0943857945986,3668.7914140211888,724.6828852921484,1079.9466110396502,787.8733414097602,1997.4935456282947,2465.8834269525587,660.6081784086568,-373.6724935001684,94.43601393441477,-558.0979735069642,1516.4608456717506,491.8827508584881,2173.869480726525,232.56193385182814,4826.924905239803,759.2162456376637,2093.6079269569063,3145.6774216459385,-371.97308400945263,2525.760048116157,1907.5428978047864,4051.273261899306,2935.0992927271277,-885.7388477740931,2428.5746078357442,488.6536523280234,3153.4555566642453,1112.603683114026,2015.467444278329,3521.509690475356,3311.8288476254584,1452.1726263756461,497.36181677494176,-250.38177168432549,875.1486382007047,2370.4091426961954,3055.788745471335,1429.080962000058,1681.0466763171146,113.75751436322803,3026.8548333904005,2023.9598386916232,980.4342381008167,-572.6980274575865,2257.8898236793657,2041.7345558189204,-52.09004126654023,-1095.3744760979948,-498.5236676410607,4926.753476273297,-79.58646633757195,1836.262180179747,617.3155029600059,2136.01523890694,4069.461946121854,533.5609199295825,2181.8758925809825,1866.1529184607514,2517.685999605296,576.5503719131414,-226.60360641870133,-445.60538820659787,372.288594993774,183.24086711127416,3348.483509797337,110.40868109498719,-140.30523259370244,3960.37669484987,2065.8269667794857,2292.498214049705,611.4156014989612,4429.049538854741,3901.3684373736555,2546.126249501851,-360.7483977609191,2880.588248238,305.6050042903791,2440.240018022801,2128.614908506338,983.1417556243937,2107.299882144948,1878.4877113301025,2516.4611795016976,1718.369468908259,2032.1122824011502,2906.389615720333,2165.9194642084635,2321.9238020972234,1087.68559841952,3139.0707428505457,1853.66399277847,1113.4965558510703
142.57553805442,252.1686806318149,36.70819325880949,-555.2964673731492,319.7762139891496,-392.5292343271496,-419.9453935369375,262.4566978322247,-682.0506847286769,-245.3645232660111,201.89730911513274,-41.252398065832956,184.93488183464393,-693.2771009805007,87.71881820183916,305.8511122030336,-194.5351784421577,425.7023276674947,-87.97559090817512,716.0059887639309,138.4320604007818,127.12682720383161,-344.6419181437061,-248.51753587082968,-292.60334355866104,357.30995467615514,64.88048161203474,-234.27003188264928,-620.271386718947,-159.6878526042015,-823.7798771226137,326.54410727373386,-546.8214161846319,368.7297823199158,-457.97914061380334,-8.395647178990739,-411.888197403929,-841.7308453101197,-1147.8372080512581,-37.56465232153577,-53.615998288868454,-81.35388736999371,38.38218804582886,-389.303902014264,-593.0454374339688,-982.442892079977,-948.1225652529799,283.9544445625511,-62.56734119880148,-583.2360697186025,-140.83359990490425,390.55723935802854,-388.0244368300987,-670.5010345605793,340.6377056251705,229.32502338407593,178.91685583280037,256.23550757252605,510.66812390924696,-64.98207171904197,210.52918399409282,50.53774457369023,-483.23975536062886,654.7960896588414,-573.8123092474071,-181.51538383599856,128.20978798611299,188.12247071831348,910.3940742559872,-20.68697792399225,545.0322638354785,303.83550410247517,-904.9683225627276,-29.92440782769789,-171.47328901137206,-556.6527501082422,-541.9975289239065,-296.87045941312095,-297.989998838878,-406.83495114448226,-182.63846040035733,-466.72374774937543,-60.79475342993533,-737.3068680124775,-508.47695247370734,-187.0521554106916,-215.05222336547902,-279.96299731101107,79.0013521298657,-249.11670174315017,-542.1828652732166,-568.3183308337167,-436.00933548883796,-669.6245956331154,241.9752866472081,-457.93508496458685,356.0848331099932,-231.21139172519528,-104.70596666034338,34.30376910678322
2586.6329286936916,2362.6446818456348,5883.841545208614,2723.755631249477,1676.1832232736901,3501.197208493398,3659.1861187588042,2877.2968920056974,5108.119779114517,3059.218186074755,1366.2999728935229,3291.5771222806848,188.35258641769357,4316.703620552922,2009.1750694630396,1707.8648939536104,2879.7675963455476,2006.3036135185614,1771.6625455121757,-120.98897951662138,2639.3089417060437,1953.5683537244001,3974.175744585937,1582.4913046312056,3867.899155430317,2167.997267038847,2621.6012767802226,1195.0729753271596,5067.7938363456415,2787.9961836162643,5164.088025912565,1493.0892172523522,2040.6885064286248,1854.0252214876882,5021.819310708768,2434.563373641687,3748.8001864392845,4565.273544049871,4430.5829766754605,2783.96312361692,2979.5422214761024,2232.6509968339974,1769.8826372369856,4244.488426309575,2851.240140071533,4185.856260644164,2649.6942990755656,1365.27444522758,3158.7171845427783,2223.1099234265707,1660.9308582997141,1213.4278988493427,3524.331514975188,5282.988434226072,1725.076326433591,2091.24827229475,405.57831361596624,4774.714021130375,1149.8500503208413,3278.4871756852212,2348.9446850672357,1656.5137878229903,3888.9768735968305,1044.3292422806546,4648.0063749816645,4395.339497965725,3075.521723425568,3389.2042104226175,1017.4567448848642,2286.6142901307744,1701.9066158032447,141.47539695720164,1708.006315786836,1385.3819993559366,809.8555889521839,4525.526872774553,3347.97935104122,2231.8138399311047,3082.9675572364954,4102.604140062708,2816.224614185859,4404.225558563744,2511.617657832312,4547.739325661127,3142.696469117436,2877.7018309744076,994.3206752038919,2398.4777088643987,563.6199081301403,3162.525875601533,3806.3966325256483,5332.097502723899,5642.28957901616,4978.442638507809,2101.3634283319097,3444.5647648740223,540.1488837164881,4653.032493495733,2632.7898161782487,1859.9109136517893
-399.72515039769627,-876.228660744941,-1475.3043284923926,-572.4482894764768,-488.66983868006486,-223.56160011527615,-501.4000901840696,-691.7033841243798,-633.4425914915748,-445.18987328542784,-637.9417297829281,-841.9933419578804,-754.1566125491229,-611.1160725732774,-810.9546363066202,-453.4076954642467,-506.90486507476066,-756.8008395108304,-829.7947598183443,-906.1786681428459,-583.3866390182708,-772.2818408627846,-350.2468753368988,-820.9454993872042,-632.6164918558025,-519.98277822995,-773.2461307483671,-587.8057669460999,-840.3076581761684,-920.0529461662254,-690.0943530741574,-724.9714754450988,-328.7188641770866,-996.8494999981145,-699.4919543511418,-1216.2797462660303,-862.5946498779238,-893.0500681895043,-717.7812051704428,-283.1935200905086,-527.1511119945364,-385.8939331660058,-507.2289479042089,-1015.5284378476041,-1089.5494655415466,-802.8290293789162,-841.0925411409416,-371.1028527615625,-646.2165930603777,-278.4593011778597,-809.6812319966668,-860.9374147169663,-714.1781402300458,-1055.1241507930888,-589.7944011171352,-738.643434217142,-365.8050261432522,-374.1421593298729,-546.0614391484669,-505.37495607989706,-933.2944447513371,-641.8997949196199,-729.2379560176624,-904.7517599492433,-743.718730989842,-535.6200326797147,-658.2662323554258,-654.6842354868985,-828.6604791493972,-490.5054468771572,-1022.7272175643714,-460.45086059503967,-1010.4997704938132,-410.0265177616783,-549.5143810339337,-359.5122073119411,-622.2107260929013,-128.88680118203322,-631.5225719134473,-824.0040642944368,-493.2964618332575,-654.978374317536,-1020.6576277948126,-530.9429493511129,-192.02621481780562,-477.70863230702645,-317.37660129499835,-473.7648846925156,-771.429502073511,-566.2118827727402,-743.982831051888,-928.0982976316938,-619.6180725952498,-603.9103726079762,-993.9235306613202,-409.717262307193,-997.9471401950046,-802.7263220313959,-413.9344713423576,-430.1538448199686
-770.4087292364268,-750.8116240958685,-995.8792418357217,-729.6340723955634,-891.6904006239744,-1289.8588270005741,-190.9159259069334,-727.0306621910514,-1132.7240833112594,-1101.8031618953412,-582.2331670517373,-579.9191338807223,-686.7749169707614,-999.4758262373106,-559.057206550455,-907.7063435334775,-1019.9713860931305,-688.63820494834,-1342.317347498755,-754.5438792824833,-70.34295216817921,-1050.2201855017918,-1052.2812279554644,-501.18762859680663,-855.4407928321509,-14.228132796758485,-951.5250494323495,-922.3625080459104,-1359.1797501779963,-1149.9944046806168,-1474.3320121569218,-1036.7366318093093,-1185.7602688197244,-1054.1924346550472,-748.7180258408113,-851.9135747367617,-1126.8395606638114,-824.5128042850839,-1298.3157919446062,-641.7368968329158,-696.1000815277433,-239.4654075706869,-1003.025682283146,-755.4111575897851,-763.047689018424,-988.7036862864258,-1413.77970312224,-353.40845414752397,-1416.799355464147,-1092.4088679134852,-371.1559082177701,-1003.2095822771867,-818.7560279538926,-1009.09676816716,-614.2314680977719,-236.47746013425171,-1076.0200146887034,70.45121466824436,-595.1599653005051,-196.72756538489043,-1314.891547552694,-428.4432367601086,-799.7088752456185,-970.4657516952053,-1301.4002574573456,-1099.6454860669576,-997.965623378033,-971.6186968739346,-770.8183804527423,-800.3673560482016,-964.6254005729505,-517.0989803983701,-1053.155626085821,-877.6373966621945,-1076.3531812295148,-1558.2617945933844,-923.2556352445964,-729.670143685799,-739.5399980045127,-1711.1808996251057,-662.1803789352172,-768.314294895853,-965.0758186073548,-1019.6725487495028,-697.1430058523682,-588.5969629992145,-1080.454285940015,-786.8148817973652,-1058.329213803357,-614.171452803635,-550.8463633155773,-866.9800906229942,-819.8111839788656,-921.9791432723465,-752.4219521857351,-686.3668263285449,-638.9439817581622,-1175.451467890253,-635.1282617205854,-1072.8201093232308
-1193.1936071042276,-174.82054914377022,144.30396617934207,-53.08465947388911,199.7102650054403,149.1434765609009,186.95797277023306,-1164.6430050654317,-164.67004800379485,193.83331220680645,-111.48695513523766,-944.4404277232901,65.99006848571246,-363.97597886524585,-696.1235127265222,896.9836145239187,-91.86993329422376,832.3975504683344,-168.4391271301645,878.2457559783,294.9596619841501,114.4103642746047,-2979.8400138256043,290.0796510615337,1253.8801621023997,-1014.3442165286874,166.84305117811206,37.56443584131701,-729.1611996788521,-116.05366805026075,-47.23296491173351,885.251323795333,-668.543195127975,912.978793714017,9.880515989799415,-1045.5996857850234,-337.6950393324478,-1046.1055893744592,-545.5498196218387,45.587752147834046,92.08956573777135,535.4960185150424,1294.3234329545248,497.5230943023963,-761.9244597904863,-55.80099393298502,154.45626044556357,458.0737173796444,205.50041963110496,-183.33409346982322,-691.7865399381943,-95.10130379589499,-1861.9727507792202,-1575.09051988138,498.76330301326334,708.0980688790443,1253.564473642445,205.94557186676215,567.0694806839565,693.6584629376872,-11.957806880722192,769.3127258103361,-389.4294133946314,-84.6858156101991,582.5124340673161,-239.4005170922143,669.5007476940285,-164.96938373407866,212.5442433655231,1594.3750643908616,176.50600186474176,188.59967458073933,-1257.5717865794081,1330.8199887263688,939.7536682285851,-584.6100512428825,-1686.5444799090835,-481.9422389536005,77.01594117294977,-1046.8834644769227,-1020.6812295762684,-431.810048624657,31.131980197840257,-1258.5117827641927,709.1535559244086,-245.01392734538524,-70.29780598368015,-532.8068658500308,-246.17533460722763,681.3468018900959,-960.6586922577792,-850.3165869490518,-305.9365341508775,-308.2125462724597,-275.8235446196379,-80.30175725439088,485.36541482730723,-750.8101497682574,-730.7062264160663,-314.97335814919876
-57.43789229043404,777.4909726375214,763.851508405984,434.2632048151865,453.6900401573179,613.3766233766277,268.04101588394536,-13.405161948506153,267.76856459724263,546.5487199813439,530.59679894849,780.8992235123998,439.7914450553246,779.7509841290978,885.2924516218584,314.24335183787935,1121.0518139565233,243.33696621829404,578.9382172135706,299.97054814374087,427.8610483770769,1132.298139999597,1111.502414253758,1123.29215304841,816.3112553020635,795.0212392114483,735.1690465132508,535.51404143823,756.471124376331,477.64857858525545,362.20461775108646,420.56479144820185,175.71476391583388,889.7932286861421,855.2515192455661,838.0227141701232,921.8914795565016,567.8688847328202,334.870535590475,495.7380140999434,540.1828881240943,269.0291407493919,616.1380168015144,594.9380877032357,1791.55126788341,584.5510463813358,1413.5378673637563,711.7239045406205,477.9146784360076,598.3175665824748,499.4855948913326,594.0337706716265,1131.8653883037416,842.0729416362169,310.1143913187761,958.3687753868055,395.20554097438526,1719.1063707991368,922.2106590574912,558.5746414023929,864.3008822200076,478.70395438524264,746.0591123801742,573.2927376197528,-60.8862808420804,820.9122955471204,851.5769140766233,1185.62599449864,435.4388801863529,79.64433866677373,954.410957118938,479.93924132460427,400.3953544379709,419.840298066384,599.5766149859369,585.1552509513649,97.25758246223734,333.25688545199273,690.8546280351151,1051.4940536828788,875.8347344858626,1028.2042747839794,550.1061157511243,1585.118680335779,507.97287103761096,236.68339107430796,566.4876576942179,452.26636221609374,794.346233499828,453.4491092533617,764.3598557118431,127.98490585654176,677.9633991387369,893.1186965155665,1078.0477021986069,367.7475618629251,546.9462155706636,484.736537667243,502.9985444389299,731.5946870029094
-110.7507772567588,132.32384425694417,-508.01199074692033,-1133.4710279874103,168.44585469426823,-693.1000418487458,-1141.6945230944823,87.47573271154675,-2020.4261809149086,-1400.703383353755,3.3919218086603715,-417.45296975120726,-119.36489246395197,-1130.5099811341365,-271.77261661181177,-244.8460879632888,-877.6530943765399,-327.98521613295856,160.7605415665018,417.149217280027,-490.77424686388025,-559.3164109799961,-1851.2306444860951,-877.724743656801,396.1720346337452,-678.7785303257991,-38.18204335368745,770.9531727370247,-1160.4345010988045,162.79949762140586,-723.4804239230007,635.2829613437608,69.15256202321011,420.12635318095295,-505.4709014047139,556.9143695664604,-752.5510876907724,-731.4304302564195,-780.3844200348037,-481.0960604767927,-266.991011913339,-276.6247135527795,-109.84083659042156,-279.15717397856434,-994.8232185399961,-579.3176743939562,-85.0250480088493,-34.16966362133738,-663.5620914598449,-879.3474876393415,-232.7563599674581,-840.1083070845567,127.7511840131324,-1937.5237404997908,166.4658743606801,-14.827268701813425,-475.8749952298065,-1905.9936043243003,-37.350127761359374,-395.9708569479616,-618.3405047909334,-294.6343196848413,30.227801973972355,-68.26762489455054,170.17534169865584,-1085.9840225526316,-627.2692215633108,-1572.2346410229013,221.96556517417227,343.86438733706626,882.1795501702501,250.37754592638655,-329.69634688478027,-376.0342127072199,-365.6617799442067,-995.5782875347566,-1160.967985528316,-1029.3910019026255,-599.7927418181713,-1616.7034260521073,-534.424182975124,-983.6635169746985,-317.4996238890716,-3251.7005599560925,-709.8573875772245,-654.1438526643608,-372.8990440374062,-204.45173428589783,-188.92196794269526,-773.5855402617609,354.69711651637215,-181.48261357262533,-701.6354081434577,-1275.6336584899914,-368.1377805588282,-639.2624313241818,376.6621439162783,-837.9397275872911,-1161.6730210425428,-1084.2651663653894
4186.123247956456,1311.9380454101265,2937.6912786052417,2896.835119075051,404.07671053365505,3228.9407056451796,1057.373757875686,2563.070368161977,5343.950048679699,4995.408147706386,1117.3313820633773,2002.7198902272607,1438.196778831411,2987.202978307178,2104.765592079497,926.8766186507935,1198.361966077583,2538.073016123606,1479.5438617499028,981.7666294113267,497.59969844054194,1959.8495426454426,4798.383990449023,315.7737399782325,1106.9461490944554,2639.210217552156,1753.8292263181552,930.7261329141812,3408.371447031821,1836.6838345174913,3496.85239780914,657.2772414287168,3315.383333570303,1563.6508860361284,1817.0702053670577,2283.572199505666,4341.339739149395,4474.624914189833,3283.145596083471,1385.617277501298,1047.2889142012066,937.1464816399035,676.654401333885,734.0260223142545,486.196390503335,3725.529561035385,2350.836609662928,219.2006405778242,2954.3989268784694,2696.814502839011,1025.3088629224703,2792.2275821106928,2236.636856312531,3869.4254254599664,586.2633221417998,554.4916279803771,1461.0613672175439,4134.699109984655,1402.112301329006,258.4208892139651,2417.6763674498525,268.89918647587933,1647.9886966392519,1918.10446230105,1573.2220957410561,2082.215820416193,2069.661771695414,3361.938144782094,1044.4950142996151,1177.482108931844,1076.9020734110582,-71.71011679317762,3764.8514550600325,1101.0116419221872,765.1236541505547,4917.621400494752,4054.848895905009,3109.2739134792905,1262.632968214375,3648.002256100294,3174.8697968126494,1795.3330939021087,3443.4636223934235,4822.65081710155,1959.3848804185297,3175.970573505101,1684.2139263846775,1548.2082109354187,2744.6468463248634,1905.2230318463028,1046.2666296601362,3150.5392765175893,2926.007313036988,3230.7174758433293,3519.7610942459905,3351.8770032341654,-55.02453999425129,4531.6957221698085,4110.088166379536,1807.018057396398
1260.0123902378932,649.6438950246085,2712.6968543196112,626.1679020232193,265.51176651023655,1066.2479329028067,-1524.9512193334067,1764.6465941358636,1654.9141156222329,790.7738633537198,-753.0521115803776,1422.2125062766745,-1209.3767650063526,653.890805741335,-1147.1860297648361,1716.7263085971479,1233.318829179419,1197.711370059523,594.8621931978777,-1146.053944085751,-686.2949618521101,131.03642587714904,2005.404493921673,-1272.9668828502195,2190.509316709861,-1724.7850229543762,1205.6771631366635,1380.323763081562,1206.2630700101886,-1548.3735452457981,2362.081053801487,1623.196584795207,3373.997678597273,-1027.072778975477,1306.159771078953,-153.49815123867242,1364.9973438294392,738.2665836210509,1004.7622878310912,-9.093275319498275,1183.9231883318146,1508.9795984890973,1270.1603629511826,1596.5313051518294,-1254.5945756498431,1176.1559515907074,1381.9971871257994,-811.949438280134,1596.2905044474246,431.25534703941366,-572.1644287053103,790.9513308960418,3301.9765585676023,2165.5236020912885,585.7750987223822,-448.85936128751155,1853.4081176483876,-1477.5410257834062,-1265.1559073777162,1549.4280426948505,2388.800237749459,-1092.8496561464233,1963.1650342046657,2253.6632469402844,2400.2237924845963,1060.4153537348573,-1655.478851680921,1661.9205308696155,-465.33982031842334,514.268467569736,-1220.8492664192972,-355.22716892367833,3073.873749521251,383.02374246807483,1545.7743839210343,1539.571178989228,450.06288803950446,1003.5192365122984,-295.69576142994697,2250.8400610456088,-1645.399139231382,2079.4842554554166,2264.44480800933,2455.773564454672,2041.364548952391,347.0210032966282,-72.94723108278852,1159.9847179929056,-1794.200938506114,-1169.9370296053976,1222.094299153572,2514.2836277991096,434.5628056539214,971.2282615410957,-1697.9098799285864,770.0575799381432,790.523360871675,1658.02637984426,711.7595451163253,-47.19160791231914
839.1830191633488,-874.2039748792149,-2041.5596305368792,-1531.2084368344817,-109.25049887067635,-2805.409311865832,123.4818406738442,765.263137698968,-1197.5484877120466,348.7177096332461,620.9217601099763,-497.4372785881247,-832.6079684137196,-259.62614018807307,-347.79058965684004,-1300.006255555558,-1305.6239077425796,-157.80961578712234,-1722.7786449134035,-455.397883207957,25.998507330987003,-1245.9802689226208,-615.6314362933164,-1930.9183049544076,-1358.5845387015313,369.1292833002801,-900.4142771543947,-1681.5388702710563,100.31748137832511,696.179337378921,-1392.7756986326087,-1631.8206786084008,-705.313060350101,-693.5667547227018,-1254.9176551590917,-1196.6818691309434,309.0227338352588,430.66902391326903,-164.03843814311645,-868.7519793641386,-795.37531438201,-936.3449636689136,-1099.1488892102948,-3273.7959116931443,-1527.8246289860776,-967.2914773480449,-2563.815995022321,-645.6698130520143,-327.4026392863403,-1051.5649359332563,-963.0764603047527,-467.2280660321342,-1905.784568242748,-1044.4903752436308,169.48480994154778,-681.7023982600888,-1606.3981615013017,-1439.330601490808,23.701419091785187,-2000.8142392307338,-1363.3127589122944,-1123.3434490970558,-683.114636670078,-1310.9878934345072,-2271.547722733254,-1361.6157507345715,-109.81197788510856,-363.12178761803887,-387.24749298972176,-266.77713239104867,-1426.1313156682734,-691.1483646324585,-1895.530152669111,-1286.2611516627633,-2853.120937781157,-248.07613950435467,419.0891314995312,-150.2969118975322,-1322.4343617313368,-1105.4775630202482,59.18604607916088,-367.39950114999453,-430.24723028010783,-416.9998837290609,-1036.6653541154462,1109.606520748731,174.07266017047436,-1266.3107040727646,-862.8500963257046,-757.9790539238053,-1867.790940574189,-460.96042695871444,-291.85725709553907,-716.9572619947147,566.0286564084346,-530.3811332254757,-2151.929889735459,0.9553165805806193,-767.6842504025117,-800.1087164368931
-3649.984572027199,-2312.463936796069,-5784.899343087322,-4141.241265199448,-2870.7580551220717,-7062.852469293174,-3606.930994487093,-3234.326059344011,-5818.049327325932,-2807.42987031035,-1286.9011007330635,-1681.4008292269104,-2627.094534598816,-5096.639935293579,-2316.3581319809387,-3057.2912019602086,-2301.5227062030167,-2376.986140284817,-4079.8857388606443,-1358.3234841526723,-2664.8088657504636,-2101.1671755545253,-4584.17815539134,-2797.4463634177305,-5018.34507496939,-1449.640733249997,-2022.2332204588754,-4814.8382645662205,-4599.526331924363,-4428.367609722561,-5769.702755767206,-3771.1020221295603,-6616.235861025386,-1385.7803432213955,-4556.3218769539535,-2798.4581346803657,-4228.68429552873,-5739.142319629633,-6868.50812686294,-3121.2738868920783,-1909.6895059552653,-1318.0082215590485,-1852.9945890051968,-5790.403839779975,-4851.641389841148,-3754.11174502612,-5084.427678899939,-892.0175646441604,-3698.3527443257913,-4026.007436421146,-1994.6461012245147,-1450.497521614573,-3254.7544266412206,-4012.1443678108285,-2351.8190908827723,147.4336545087012,-1703.610386579412,-4089.4337045159828,-460.21925942851857,-3577.318135475461,-3247.1224681893887,-4931.031511533222,-7376.6870573038495,-2515.668634979991,-6521.5470094101165,-4167.8800757143845,-3515.0383892074133,-2050.317568261929,-123.18463923182155,-2763.2427707742527,-2008.2782167922976,-978.4463472744167,-5638.381763362967,-2555.023436219108,-4232.911611173272,-6537.5616089809955,-3803.710942440403,-4600.779984420195,-3703.934052266329,-4847.308839411776,-2700.631773407102,-4954.9933265161835,-2114.310080494693,-4296.009865251393,-4220.64242181937,-4346.8223124622455,-1596.3205209292971,-2760.3560839844154,-4403.421670365817,-2330.1934686861987,-5979.873355453963,-3264.9165558912373,-4217.944240941433,-4654.168620137953,-1808.644613912674,-4419.975984466111,-1386.4178562163154,-4461.932519945054,-3184.5208546236795,-2639.7165847161336
-2217.6366753725642,-3022.8616193226635,-4563.3665880676535,-3096.9674984784683,-671.7957084932575,-5966.980131894296,23.501153945923836,-1811.2785811940048,-1603.2213478325052,-2910.0817828456625,-630.8200887116138,-3439.4452426252915,-1334.0132449872804,-2646.57863041666,-1614.660592146566,-2709.6069680760443,-2922.2964404365944,-3147.975108961457,-3560.075987880231,-1077.5318438596328,194.62271557769063,-1493.55441652896,-4438.554340327595,-344.90373907288927,-2486.101282062052,-838.0867661306864,-3331.455167181537,-2630.649441889164,-2993.887162762299,-1487.044499013647,-3628.426633887808,-3690.4488585531913,-2972.8280460671435,-1278.69400551701,-2525.7275567849324,-2288.2765869270897,-2181.1150428144515,-2698.2676080427486,-3558.2081961374606,-971.7259668595692,-1377.1859993435653,-1126.0486345335623,-2343.7875807514097,-3505.966810529869,-1311.958211710548,-3342.521283174558,-4270.090929867924,-582.88975204064,-1924.9621120353722,-2482.4465866792934,-750.2726236239282,-2784.0331033336715,-3273.6033497738235,-2911.6211837603446,-2671.1835319975003,-1287.1619328292086,-3256.6210994580224,-656.2646927711379,-1254.280234797308,-1604.4681369840207,-4336.857485936313,-729.4449003432003,-3160.3742932184073,-2958.024899675946,-2875.6313329860986,-1585.3984772172405,293.3933059865761,-3434.9317674734284,-1318.4649592048413,-2428.943416461718,-1958.685147417274,-433.9336193916244,-3841.333530022321,-2075.0711748556073,-3196.972366126122,-2532.2219877464013,-1186.3419093860023,-1904.927542890243,-1680.7383036287554,-4820.642945097007,-336.5585831492453,-2534.0474483350126,-7116.3654230048705,-3165.693421714339,-2689.621509803479,-1562.7145043909836,-553.1131206624998,-2291.6813972662508,-1600.4653442459946,-981.7902727047444,-3380.081435001656,-2535.67253468123,-2145.4242045692167,-2265.9482642755984,-588.6804846705364,-960.5777469141243,-1528.5416369538864,-2651.3324163346433,-2392.3679303158415,-1156.0623214586014
-5188.1895584220765,-2702.336903733763,-6566.12082841798,-5786.897481865632,-3160.111406379228,-8447.706505695296,-4096.85757006031,-5038.687613214015,-7947.957418280239,-5174.883530634216,-1750.3544131422807,-2667.9331701470683,-3029.7356307314244,-6222.076300408875,-3439.825230316093,-3747.0640440317716,-2289.361601754069,-3286.750083849798,-4310.816065649127,-1065.3002956646371,-4456.310968001085,-2563.358140783828,-6665.40167343598,-2615.932774308435,-7012.758209676009,-3237.6150598162576,-3683.1406387553548,-5149.633559638777,-7270.858083036192,-5744.175908029421,-7775.610094252544,-4089.9546922193445,-8675.681176479537,-1422.1780448374373,-6144.637974430272,-3791.6958713388312,-6255.630761079334,-7742.542529029055,-9052.864324093352,-3713.948244174626,-2959.353108968119,-1806.2725294393344,-2477.284651398764,-6262.848422705638,-4792.993591085088,-5202.09149791557,-6178.573815561303,-385.4204880499661,-6754.005641917201,-4040.5495040881256,-2456.0104377931143,-2568.6430809540734,-5848.055236876304,-5989.790372772473,-3339.4573072914595,648.5321250825525,-2730.5379599829366,-6562.837046912285,289.0724358005834,-4490.862919415437,-5491.101897667213,-4608.998070996348,-9503.06653278489,-3075.738875745417,-8418.47268459541,-5735.0662765760735,-4777.547503109395,-4061.2725536719718,-19.114174727766766,-3118.639513425482,-1890.5932549371187,-467.2742274999905,-9657.860358653465,-3052.7842796903633,-3858.2368267246393,-8802.54037858919,-5780.908247046661,-4862.127985438042,-3220.1957197191723,-8504.353077845824,-5336.90137807376,-5839.714795567024,-3876.611734403347,-6763.693197097983,-5330.498594789358,-6337.062243098164,-2888.7566143900863,-3319.2318168461575,-5053.4725707130865,-4252.316484164315,-6016.742655517187,-4654.09951601889,-5625.206061904943,-6484.605003992446,-4784.409908532781,-5042.251512126955,-2279.1615543657063,-7914.253318455133,-4294.205025120176,-3348.7875472394026
-4862.126387903164,-3176.515738299372,-6483.478415509337,-3762.542049500145,-2422.508189044281,-7886.137254543517,-1487.5218466151348,-3599.663324698879,-3657.522237139841,-3355.4070107070206,-771.7980497008632,-3375.545260718547,-1982.6556517558447,-4513.890800295268,-1274.7050286371884,-2900.838616456505,-2879.6436113757027,-1646.0856796933365,-4515.789883736902,35.791126303240475,-1093.9466223315667,-2081.6159765810075,-6750.007735765567,-1860.0649967928332,-4680.398925201913,-881.1608842558757,-2311.7195978296572,-3310.302117956257,-5008.34992126467,-1164.3459337077313,-5474.0947474104705,-4757.921425330207,-4538.251448461703,-982.1332634009608,-4250.3482890072455,-2360.1708494788218,-4822.988327905084,-5602.031444320376,-4546.812560046381,-1867.430709149115,-1775.0294579899428,-1530.5921414004447,-2439.6003274962545,-4903.092174170313,-3477.1619516445453,-3919.897186420957,-5390.616376026546,-160.82178481175927,-3161.3310164943737,-3658.716377706472,-940.073840984219,-2066.133165379498,-6294.180809802291,-5272.0684170509485,-2410.5920325781963,-369.04611043152875,-2805.8267453953936,-3835.6685012042894,709.3574182970964,-4704.251252178717,-4593.013456596517,-2370.8459449566094,-6269.912257302674,-3089.5669557302513,-5424.542498992275,-3918.8957376119547,-666.8359841840239,-4433.728187533905,-729.747598989969,-1934.2618706453134,-1410.2444221857272,-450.58468327089884,-4796.316553002974,-1579.5918902570716,-4386.763856417589,-3638.3504954205714,-2479.8016076848367,-3657.418490318197,-2500.96102664262,-7423.126178138603,-2388.4833443905227,-4906.124207063199,-4186.873827924954,-6000.721527548489,-3314.7523067227116,-3792.946425379446,-1916.6320834790808,-3425.8099710160363,-2156.8075110866653,-684.9107054376522,-5543.328836899423,-3534.860846041889,-3565.5108999075132,-3669.1498800848026,-950.3159126861165,-3361.6055717615804,-1605.370056199098,-4195.875381648403,-2899.0186609883663,-2141.8002724064363
-5403.297039086829,-1027.9646402754183,-5509.57712557731,-4359.3912342453295,-2040.324952026368,-6869.571305329134,-3788.743737651849,-5393.012303772115,-4826.595693114943,-3498.000311710303,-1405.8120451365369,-1307.0598467673467,-2472.068729744498,-6504.020198144413,-1315.7480532256282,-2368.0638777568647,98.28872435449841,-1408.3391051834956,-3032.0614939288935,1111.6577483999006,-4197.566877482563,-639.8491930940038,-4627.639249011927,-1102.9474675524116,-5206.838623677564,-3127.734161025093,42.20273087994024,-4235.724191872862,-5468.890938769839,-5119.582000064597,-5118.801773236418,-2407.895199991242,-6915.287293388071,368.05886296227453,-4282.529043780918,-1778.8139914413061,-3460.3448268529955,-5509.316427909789,-6152.279169117508,-2733.5911618261016,-1557.9955033124252,-602.7428502601921,-1184.7865048404183,-4535.101960225544,-3257.627079805715,-4190.516859634105,-3770.818366524086,1016.0624203083597,-4591.800908260816,-2812.468080540447,-2219.957636334854,-304.6042687119361,-3805.2594677376296,-3991.07564061476,-1625.4758774063796,1451.1313396458559,-1878.7905910024099,-3912.7292873267893,1083.403106816903,-3610.6870390331173,-2316.7468722400426,-3883.8057084025845,-6258.555870051716,-461.11691371718246,-6893.667950815691,-3426.5237476977513,-2274.2670950976135,-356.7696243665149,1449.5696954121915,-2244.7984910988116,135.53233500073802,490.6510142360169,-6222.983056613681,-678.8115699856631,-1337.4314304757963,-5688.469357390809,-5157.451397396873,-3114.7910000314496,-2154.924412468199,-7431.515895681265,-4185.565094663475,-5593.481712210355,-1312.5480620555231,-6715.680749434344,-2263.983852405013,-5664.593865846977,-2459.794748072461,-2264.9390467580065,-2333.5369263568173,-3736.0341800879582,-3800.9110663124297,-3722.5959679167768,-5117.256934864914,-4418.403786294624,-2132.0842495786665,-4389.960204896527,-930.7895659622949,-6477.165684061391,-2869.2162695489073,-1708.7381459752994
2541.7292615150905,2792.735055646937,3927.1879025595954,4223.716537061065,1941.5625166138884,3741.86774125762,4671.673285623614,3328.5392329037727,4843.245692679739,4241.476837676793,1865.4648314485148,1855.6671649244174,2305.868872766964,4247.528139743759,4332.93906115099,3529.94675288495,1776.8844341041256,3571.9935747878544,3085.589441348445,2485.6625266854494,2878.8438777354154,3202.808494919897,3518.2435695638105,3226.284202153446,4640.040672128852,3026.4810813853874,2685.871713728786,3801.056503581986,4915.814336292215,5182.271180141033,5747.215400154414,2450.906877676474,5018.98126459229,2849.1067971559464,4664.274199350667,3499.6520280307495,5221.53744927913,5479.8353327657915,5611.018523286418,3131.929437867654,3281.307757145963,1386.319011315171,2208.2944286233947,3716.1366085554514,3908.454332347434,5116.678058776123,4617.3391188707465,1279.256855824792,5567.928661097008,3539.60195627854,2609.7550660512675,2806.94111449419,3575.2110664156558,4761.386751794678,2393.017416306576,1282.4029421447144,2643.3666977282824,5506.329913067761,1646.0091054854438,3071.819401998773,4279.695529227269,2917.26521131363,5183.115422197039,3264.446757456436,5217.953284802117,4064.0341483015945,4278.192346626042,2435.8029649104055,1506.6184193494034,4294.651229107459,2827.5611547407048,660.4706294144927,6228.834312967871,2916.048498163168,2616.3249114408927,6861.586221773189,4224.619754074979,4174.610324785084,2828.3572591887923,6307.745332294513,3200.3921310274254,4877.500145927642,3323.106393766333,5493.27325948569,3644.5763238128816,3685.2586784761174,2898.121037380245,3126.2263548549586,4772.21117207237,4290.437819319471,3911.990642248015,4533.456464247954,4453.288629230867,4092.590569288855,4580.28365419954,3096.1509751776143,2918.004781548026,5542.6504114573045,2424.5149666755974,2979.064042962508
-864.9889518736798,318.9927956289968,-1940.9275824897818,-2109.2697348876354,-810.831732563974,-3773.1818646821575,-3998.948817893684,-782.010936304519,-1178.5789491250798,49.30253419976177,-990.0055436817544,-45.00499795360498,-2932.63488161548,-2458.2675829928,-1881.8294503510056,148.12466904860096,383.2883285933367,985.2043321675061,-1774.5592505390382,10.998657752504059,-3378.694309493468,-508.03680126042906,-1165.3211736622688,-2815.9408467123694,-914.1806947319312,-2621.977056543289,706.3268358620816,-1104.730996154193,-1426.9025142931657,-3114.282922386685,-873.8877550976435,-145.689366135177,-740.3538484991116,-288.86906281463195,-1894.0692771289225,-1673.2416644417576,-730.8271097972794,-1692.3957429520094,-2534.415420525361,-1100.1239541498144,-335.222312428991,748.5675020649421,-326.63523419362224,-3109.5750969988007,-3751.9311462802525,-466.4915553939126,-995.7970895399422,166.80649183133158,-879.9527204429819,-1101.3175096248808,-1682.8571751553625,1390.577687291319,-310.0199298191664,-942.1338596030569,354.2665156856845,612.8994738506165,1066.3673242362636,-5602.9555550246,315.5592885189507,-1845.6786098404787,987.7846815100825,-2594.191648228389,-2406.097198221104,1355.7136381453804,-1868.4317100427056,-1088.302055695571,-2143.1856530470127,1135.494043290154,1007.934171503047,-413.13993957185204,-1147.599228909353,-383.4758357804675,-511.18288441243266,209.2213267495816,-278.30258827551256,-842.059178422914,-1261.4722126540937,-1768.6308246566534,-1210.0012352294584,-2844.2789131434506,-4716.753031427135,-1713.8350279713036,1149.8633900075627,-696.4808901109027,867.5070041574713,-2152.0619462570758,-1949.8646650140618,-9.513054871380593,-1768.9227887519696,-2416.587672086148,-1781.1320684150376,360.19620003842556,-1032.2326968435452,-781.1986428629581,-1348.4537690169911,-1791.2061534339823,-1066.2534934722146,-1433.8522873276067,-559.6873769303644,-605.189457489824
-218.92922530245303,-1109.6181509234016,-1027.287619875759,-258.5794761727523,-559.2484618089053,-899.2513437107267,-303.44107684032366,-372.06734157379054,-362.16784022499104,-33.00044980996568,-517.5961062320406,-814.4286319856557,-463.1720608245922,-185.5204107832703,-95.93693442428176,-630.7288808808726,-532.1482128000904,-307.4988827366197,-598.1285987773274,309.3992933958018,-96.2390999952664,-1041.1945028363148,-759.9627794135429,-751.8018533467407,-924.4708772933045,-909.8752468941987,-411.9890546325281,-824.0025584348532,185.5220693403793,-175.15948991474792,-380.7718698122741,-594.7432403791232,472.5746901699133,-701.3108589879952,-1536.7675093037135,-1026.6578880424338,-791.338998519118,-282.17140596725216,150.4140219672059,-659.9199246910503,-970.1439130725992,-396.0164013695661,-885.4206127265074,-921.7544744401489,-557.1215170973733,-322.1621868730063,-1109.7362196287568,-551.7309596709345,283.92474072669745,-339.87657227114005,-258.5239858713345,-188.6784961812993,-656.0111609913383,-393.35204273064045,-32.936610739882724,-1061.497117596176,-238.87496584293893,-663.958499651914,-652.4267291919656,-805.9903137455776,-724.2584881579047,-702.1337986361893,-997.7801056315558,32.17970933718382,534.6124638468748,-969.3394462558106,37.2144879465406,-738.345293505747,-848.2854614015811,-176.62858825056216,-1373.2898465571814,-707.391151329826,3.857094480936126,-670.6114441898952,-607.6338273163576,-352.54425778015315,319.0466304857067,-333.1354428027419,-1145.6777511752005,-859.7170800970854,165.43146579261403,-229.34110966129143,0.36085445796184673,-308.06198551442446,-357.31887904556635,-1.5756751895009466,159.45213150298028,-994.3251759043417,-652.0896825411697,-146.1894118805124,-1904.2498714214657,-452.56033782866024,-378.6379922809692,-65.58042794872529,404.7241558449525,77.48158909989392,-529.5252557940205,-216.97614496003783,-677.1201535799464,-450.9487374198253
-960.6350936819634,-846.5111775621068,-2560.334566903153,-892.0868773080958,-849.7411432689632,-1234.8371381660672,-1254.1499040839537,-673.2788211883933,-1953.5304262291882,-850.9575127993949,-1081.3328734940194,-419.9834165758955,-1951.3862303229032,-1077.1818814748906,-2340.5845853136075,-821.751618210816,-826.5190457258402,-1436.3790288801983,-1536.791478459327,-1069.4383105401494,-2012.1432862805689,-621.5640454531193,-1011.6465541840602,-1989.5097697578005,-3022.8456952681154,-1002.3985092447414,-845.2577565961316,-1993.4588261222646,-2650.480312667439,-3164.8940125589543,-1869.0853705892193,-485.50558678035355,-1078.562834292684,-996.3829516127055,-2020.6637423343182,-1498.3081478105382,-1130.722034754834,-609.285391860788,-1781.7176827403212,-1186.635368045829,-1181.4738385814894,-793.2445911635149,-178.61565393811748,-1868.5210756040613,-2639.8280407229327,-875.9487155189263,-1037.7457093571775,-162.45765976441425,-952.235688777058,-1140.2177241821291,-1318.6059034060456,-192.2000401941586,-496.7523424750471,-702.3305518991791,-667.7417797694474,-600.1364931594844,-537.2849260852198,-3541.631146101241,-1464.6136920685221,-1936.862160583796,5.662044263542709,-1932.5381290111857,-1212.34210039596,-1057.8673717860684,-2680.7041592033916,-2248.894182648205,-2836.818157945042,-300.6001693526447,520.7907500966257,-90.47391293224884,-1461.7975211263715,-720.0911905850296,-1176.5703696851035,-623.5069394019537,-407.20271592868465,-1554.0091890737804,-1508.3885993566864,-1764.8269700062688,-947.8936997356794,-1265.6262851106553,-1452.7031425375446,-1707.1851977023107,556.7292756562699,-349.57409782670834,167.21137465485845,-1461.2178516765346,-1601.6044733882818,-674.3067148007966,-1241.3322889876736,-1725.4726441839894,-853.1492218776663,-2461.2536915496194,-1264.0013004291402,-964.4595501480601,-2069.082847600463,-951.2243168629136,-1514.5014859731602,-902.7662822099496,-915.8738131717853,-1436.4549445681541
1438.940556525103,547.1661285841346,1344.1077380671152,-212.13171648426558,1079.5732191111558,-1203.1561959394778,633.0534014843739,1541.3508349534463,1499.0491908891,687.5388902834219,1176.3868338124325,838.0894017349453,1359.507980785181,783.1270712989486,1351.6556141948454,419.1437734396411,907.4774986103137,1043.824128744307,528.510738740292,1659.7823596859523,1105.1150559114105,900.7054625577291,-440.14087834850795,1322.698489995073,2570.6357127187016,866.8605993877585,558.6751342332325,489.80764515879116,2179.3544829174184,1658.473737094789,671.2661262110012,166.455125876994,-125.10195992656222,1314.4876322665118,1192.3146140635079,1001.9102549361271,2969.6476503446124,1201.8523856742404,1156.0488088470895,-98.96957509969936,854.056252510693,1017.0981235190128,-39.79698922164925,966.7142560080347,2196.191495490369,219.29047237641524,62.02279638262746,223.44153942140107,740.0616248202697,100.5190143833728,1333.0513724815548,1354.4319695619292,844.7407022378426,1587.430582351,900.0909873021706,1067.9140825574004,1088.5852356060511,1677.14874239001,1754.8351588022067,481.3691023394152,-1222.9793327839964,639.7832182194551,-126.878353489358,931.7615626933604,1844.665973844222,890.5837307647795,1842.3311517463483,1209.1492162626664,500.6328013840268,112.51327823456103,1153.2595564033682,401.6241599850001,495.6903882620544,592.6705963094975,-837.2210068519421,-110.03429972658206,1323.6988055818463,-405.1532062036284,182.5219546872784,1019.2067167430073,2061.2501462963505,1032.7232028091987,595.9066643734026,393.7181881235272,-966.9575932117903,1204.5277816007142,1688.0051566960185,194.99074539658403,-30.163374073608054,1033.51829135685,-225.47944745044728,2455.856756559544,1131.5089557879776,540.9196803056085,2890.805671735747,936.9770304758042,906.9314638780551,1620.6496758562737,-6.029355657316769,959.2891979090422
912.1468131293925,1059.4473392514064,939.2368454591318,1379.6012021951658,602.8911958577085,993.2120115104307,1003.9833060580712,1008.5510955924898,1223.2706293518265,1009.1800016530533,895.4844994376845,1552.8682335304673,1166.3327291076305,1320.482687014008,1450.283176001591,1024.4795192832369,1251.5938101394395,1631.2340842687136,791.2020036545947,1436.5262691806179,666.6171985739402,1632.3141180170085,408.1940338587444,1895.66918543866,1199.100233992686,1179.4475300846711,1435.2451538012647,703.3396587759422,1855.7758303953524,1370.5673100338245,1501.8859833704896,1567.291828825171,1469.8797550392453,1273.4063270812894,1215.3700841140737,1643.6471320186497,1864.647997823627,1295.4724972982822,1198.7296221000897,545.6581622898643,902.3409370595967,632.7323744080662,1278.6657522283008,977.6482586278593,1747.0811624102332,980.1046990152222,1374.1845012266492,775.0029706938606,1602.6244299029556,717.3080970348421,908.3235827349005,1925.7951072257422,1200.7454057342793,1563.960716280545,1290.68900728816,1147.9189134930875,1399.2497295681778,846.080555464149,1182.659436800042,502.75993016746787,1719.0924051958175,978.7454054286029,1197.0076868031265,1598.6194745226014,1289.1239178731175,1275.9500429929794,1399.361068213274,1644.517216204073,1379.737276849028,1272.1329318280677,1268.8113222227075,509.7127502702119,1739.7559366788437,1189.3791319089867,1127.5160151631546,1487.9817643355063,1238.9662906242004,906.2795407954252,844.3677756906291,2059.405435709323,1084.0802536080455,1141.7419784931915,2757.3750075229495,1852.4504149502761,1248.058610260997,1277.079996265871,594.0014992528025,748.9647794703959,1226.7649246322414,1469.367179652728,1001.8326028258796,920.2242235384191,1031.648991062799,1093.2452194309724,1624.7296341204092,951.342949441798,993.7652190668454,1665.7176960761626,533.5915786243497,1115.550532009528
3490.657868735468,2304.4358450207205,2258.289584493742,2243.261194987907,1487.5790842678534,2032.4002352478904,1787.1930558604556,3788.0753304110644,4129.923900523357,1485.9034297056721,2200.0071040734506,1961.8769110999492,2970.3587082851623,2644.9098386383034,2520.2612311307307,1529.907754777421,1606.8529035898425,2512.466563620527,2170.853286829068,3043.330399841823,1215.2421443073254,2372.8603789230324,1735.9414045353876,2836.4431198750462,2542.8200893168682,1324.8726641440503,1693.3699433827264,2180.555964896324,3954.666956210786,4249.960089283704,4087.9667425163634,1933.1665532956827,2888.1881576568335,1629.0646249844344,3506.043710766026,3022.747652615743,3976.249327374879,3061.1462317379574,2692.3668705539612,2171.4257676073903,1928.9529771108762,1030.0546213341952,1059.8409547523434,2251.753987581077,3226.098183367899,2404.7284027458777,1568.707169900387,818.2735167020967,3957.152682303719,2146.2063317542325,2193.964508146215,2694.4539174038828,3114.1473028677606,3970.8584548211625,2498.480153943175,1314.0260522744686,2528.419627847808,2557.6449355083937,1605.6174067134539,2127.786508340028,1653.4570533395233,1753.9935136248766,3080.986660989257,1861.6702039681606,3901.5235218268526,4381.609214327628,3241.124039657768,2434.5754232994746,2456.9504112574245,764.094043221336,2419.650587043045,791.5428606871762,3848.245583367308,2563.8930962035683,1857.6827906678598,3988.8614773366867,3767.155953270764,2538.459876200989,1891.6939932607575,3685.577203764438,2216.3413480925833,2199.5058336032043,1546.7980775279048,3036.5643091517222,1678.8481080810916,3567.4696087561065,1541.3096381002438,2377.1876151756146,3506.834149236594,1612.8964891817393,2575.204456631017,3662.195487014051,2674.248202194295,3602.7828240709237,2724.6043149589136,2464.1388841277203,1982.1372562425126,3719.5858336240776,2332.88350327113,2406.3483919202517
-1831.0657637387271,1073.4927858631297,952.999706407951,735.6901474389067,-774.9755852684596,-814.1731732096387,-672.0990631735534,84.4359707548027,979.6101455952574,927.1371416237748,-123.74318296493081,560.7516596171077,-1126.0368501527619,-271.0552875464441,-9.702616089090913,1114.1602250856474,897.2922217745845,1647.5459233421632,59.82598411046184,564.5205839640709,-610.6666254290744,1039.0349121494926,-1629.9518390588805,1593.4813217154892,-25.964599409621975,-1479.7075234765653,1360.3820794000153,-120.74295947904375,1201.2440371011546,-586.0593466591057,425.12200591710996,1646.3507848929796,-172.17230360603918,947.1402779631046,-2020.1085448796362,-219.23304425218916,2605.7337845637103,-1480.829517770853,1189.7878571414908,1401.6543113916657,1510.9158497595026,1049.6533421890538,1386.2586872650234,-813.1944687790593,-1231.8850799067254,742.0645367384897,461.65944679704796,277.3362428665533,1084.8529430689339,522.5925370687265,312.11208381718023,1211.2157107564772,-1982.1073691238028,304.81368504496487,1573.6133450800153,546.9407119702723,1099.4762589081527,-4404.013553373472,169.42891910490764,-1324.6819438692764,1624.6894695340636,-1589.5980630800439,-1753.0340924601608,2190.498337116556,308.79588175022155,926.4027809136159,-759.653552516634,767.5389935118029,679.9990574836352,1842.8544846600369,1177.9651954829435,395.2276979160914,415.3541424043614,522.1696497704174,1020.3144497888316,-474.82767343060084,1651.4220953297242,1198.2641053710377,-10.744363687189267,-2425.3601413114393,-1540.2010103900056,-398.6813062474193,2737.8960624438114,94.53064284905892,1605.878534395162,1229.004936614201,-1123.6040131603531,974.4452618641849,-2222.5628132411566,13.918808765543,-862.0881584238743,546.6713574348822,1136.9118102174687,-646.8945694512937,-1736.7688147290994,1130.862669222086,705.608635556664,341.25879956720513,-404.97391880342957,1133.710470610917
-3614.714814794273,-1503.6238546091563,-4115.0667452142225,-1596.7027991912873,-598.2236231366054,-1797.1709054868008,-1368.185757974375,-1245.2463767362497,-644.0104361116632,-1754.170641605927,-198.06610765887712,-2066.870685892823,-939.1820947577097,-1422.004133626652,-993.1856551369436,-1557.4312006445327,-2543.7641909797903,-1929.8156515036503,-2024.1781759278913,-919.012424246349,-1002.7188954819231,-1450.1910133318227,-237.58646220604763,-1167.4512301830766,-2518.6392775937816,-862.8966472273117,-1886.0925051621632,-396.26372021682147,-3144.6749046598343,61.75470192171935,-1464.0703894141864,-2324.099723861144,-1808.261474370301,-492.4641930008729,-1112.228644578442,-1771.198456728487,-2231.8337649673736,-1197.336296096187,-2185.3282714200836,-646.5932408265878,-649.0642245878794,-1247.0131778056145,-1365.1393804211864,-1762.5524622769306,-1354.5991419296395,-1845.0374384987356,-1867.8012198544775,-1243.0611202347534,-2410.8376787218435,-603.3497548966236,-1062.564799506145,-2276.6229441176447,-2941.9560810685625,-2693.0878044915034,-2299.748051744525,-914.6280080401453,-2249.1351268878307,-1415.2961738459064,-943.2982613558703,-2306.0156723476703,-1773.6059026116827,-1754.9107773878409,-1248.6283853383347,-2446.7733806467395,-2534.741768919009,-1371.131269489053,-1449.1384723526817,-2779.853789571449,-312.95690564985216,-2516.8754469374057,-221.2948186017884,-379.52750119371706,-2677.582035733802,-1586.9403793174458,-1769.4415235289596,-1662.5980790136498,-1578.1318956914276,257.63234525246986,-1454.9929512795143,-3746.422430470046,-2760.7843721395157,-1804.7858591982642,-3775.879709750694,-2807.969541053284,-1500.3893598359746,-1955.601666057694,-805.8974645073453,-912.0810094356418,-949.8093484731246,-1007.1885073915914,-1221.121938245259,-2104.7379109212443,-1956.8145351183307,-1022.1252878014787,-2650.089504852967,-2413.2799120721857,-1680.7607013647441,-4203.255588582176,-228.04885172966127,-335.45077063315114
3192.623446717493,651.0321789163205,2878.9516003965227,1354.8933169448808,792.3379893350202,4004.2406225301565,2162.908318719565,2883.585649740954,2894.6061383470665,1833.3024654872297,780.7021004593578,503.0267310817187,1581.3386330011842,1949.399968023478,2059.78947451256,1644.2931157574862,402.1872005159966,1864.322564170788,1604.0839444084452,1660.8149196328736,1298.2027312026146,449.59368683029686,2255.5894176418187,1740.5146193906148,2846.587216981112,1036.23392095596,626.5965505819338,1794.0198175867529,2815.471862597669,3829.245777726152,3860.3389152392338,1321.252203439038,5290.860377703951,-603.7305896438432,2263.6209777719787,1449.3565276187583,2243.2737303441263,3467.303899948925,3035.0976681318048,2649.614951585447,187.7762786973767,423.06726852761875,99.89455580254389,1724.1755773055738,2473.4225663988354,2708.302480871251,1959.1253348453922,606.3034789140997,2948.133326200463,2274.3954681641762,1259.3079140852853,1113.9126796886958,2183.3626989908144,2785.777872360117,1186.1367597288813,145.62348845589153,1134.385094063214,1053.3105738894478,-78.32415015437233,2171.153136156584,1736.8852846729094,1516.5306016147347,3206.1969099989183,2337.004213284847,4126.537233600122,2608.910383147689,2768.071222578986,-219.48794924022457,301.30130750798116,600.3022465207777,237.53037979527977,100.07203064183099,3629.7735720670607,551.4874686767264,922.5062332444045,4033.5731854796354,3078.4785720962163,2849.6851468782156,582.8269836227785,3371.5491900824454,1747.173470933821,3339.153190595706,928.7925020631806,2699.5613750075668,1904.4824112636354,2527.469611865894,905.3559475053415,1248.9890707081288,3284.0770462040027,2137.680065790786,2959.0959714670525,3845.978180607013,1923.0526796498098,3558.923371276096,2006.0085804124367,2452.9348415477325,1524.5775654304725,2757.2415598936313,1989.673551285368,2122.438899059266
-8391.801618248379,-3369.7915956472434,-8953.21865867666,-4909.158831250271,-3034.8187282341014,-10893.78341443407,-4213.421482453911,-4985.711688602114,-5932.964184506995,-2884.3943287050715,-2914.0804122348113,-6941.955914206992,-4544.670738405707,-7938.819886767411,-4825.644726825145,-4512.34589826237,-3394.928533124835,-2675.879597430971,-5353.813240955681,-412.3786524644543,-4119.409097594556,-3659.7531261592762,-7943.210509301096,-5149.606395456592,-9632.389260674241,-3646.8815760564594,-2839.444291941219,-5977.319087048877,-7834.831857708277,-6361.687462312086,-7135.378425825278,-6496.987132917766,-8463.53474400086,-1171.8205830911859,-9103.520960363563,-7580.130376214264,-6493.000390075096,-6562.339250475301,-7262.6846895258495,-3457.5343165960253,-2940.6192162736015,-2348.7858247837335,-1153.6296212305417,-6239.92288063942,-7365.122015207153,-6443.501145517056,-7455.769100345398,-1738.9435964677414,-4945.146490116139,-5608.150622279914,-2059.730703655022,-2415.0053944581323,-10573.750275422019,-7590.890532672098,-2068.107758028092,-2646.6580051951782,-3164.65529150636,-7734.548909144399,-2529.2968920489516,-5339.789386030178,-4957.384719271675,-4763.685385480343,-11487.396039415013,-2416.997890575436,-7990.801901508786,-5798.906952954815,-5366.919121922022,-3107.345343262265,121.81759044508972,-3181.597760369279,-3788.63333984108,-765.0841280028061,-6355.522407189332,-2813.2863706149647,-2412.523430173448,-7399.171268370541,-5617.038918847778,-5069.361347077667,-4020.8439305046963,-12741.862201717902,-7948.666344908063,-8628.164317248622,-4275.773998809535,-7007.448443037522,-2508.2395121299755,-6302.372822564428,-3883.423918618887,-3651.625173499716,-4500.349470364329,-5555.203180068175,-6803.470484287747,-8057.336330191736,-5662.419713823289,-6812.8295398669625,-6455.858983417566,-6103.27501601748,-2537.8269793732347,-9640.432824833986,-3615.77965943853,-3215.3050613193514
-2001.9544723852384,-770.6775614157091,-849.544324762072,-643.4377531717938,137.21645807554208,18.73206525010098,-1115.4363679768417,-2903.6254678473683,-1085.4682502015562,-476.59955963423477,-877.3703740595421,-1921.5284521253502,-1689.5907803225314,60.677662648844205,-1456.0260417846457,-735.8436568129523,-1203.3145453855402,-2495.7814385892902,-704.8590180190771,-2852.735194247788,-232.27113813270614,-1025.4481380766292,-415.89416880447635,-2462.7466855289804,-363.2879634290964,-619.4633741600903,-1511.8454651456177,-106.53289920245075,-993.0675147649463,-1952.4530287342484,-860.4805466289247,-239.31243772765518,-1497.610994767723,-820.3213771312311,-329.22373336742953,-987.6292808366707,-3339.6881839305242,-830.1676540060354,-219.43785693990097,-1051.3461795612766,-162.40205480833953,-794.6508859314666,-996.2889734725969,-322.0892922076971,-1015.4976223581854,37.31418260854789,423.9556645067065,-607.3985431115923,-1584.855241712041,-503.63047706203616,-1273.8761295618392,-2747.605764409877,-753.8766377829406,-1414.9002128405862,-2095.9957078171146,-692.3237343963161,-1834.864544351069,-1780.1430279908127,-1839.4195539200775,-968.5964841053476,-803.9534071719409,-377.0281444769898,-75.52151993499561,-2168.388178812527,-1321.6469924000348,-314.8156721037839,-1324.7960848531595,-1904.281806083494,-3247.136477048644,-169.22956117464034,-653.1206055939745,-594.8245465909176,-2328.9161406526882,-1262.512344714208,-1251.0251509451334,-1266.6520574890967,-1849.8554198012807,-1031.2849956660873,-258.7388217170593,-1775.624250264336,-807.5309486281052,-469.49600010292585,-2796.2356832551995,-2975.408110331889,-883.7077825352347,-1780.287693551279,-242.58855292922868,-567.7401110426225,-2521.5996080204122,-792.8189292698022,317.51564837514314,-1068.5157015757145,-453.37491864132915,-961.7471315801365,-1713.072811314536,-576.0090686216465,-1564.7430128646863,-1461.2421723073792,-914.7859824298527,-911.2103876069032
645.7213317385215,-984.5820725607816,-325.37264979595926,-500.0640389053245,111.94941810510046,-96.60434127522397,228.056161168261,428.44809713544396,150.66694159569727,-263.5936666152253,31.221880133301195,-513.5121312024525,481.1636125579479,-109.7705006945097,-13.849420347113925,-651.3607349591623,-386.6363155181396,-26.5302048993343,-82.96336983598245,270.95126571939716,635.826276656983,-904.8873050830206,-94.54518279595585,608.3639906010847,-180.88234684499426,278.11390232042186,-720.3488289721306,-927.7589408768315,690.9797966880786,330.7658120303304,-452.7878277657661,45.273307434630105,732.3630873798623,-822.8344451620985,-407.13366280297146,74.89021655149266,34.35466248941163,448.21919132477825,-90.05763220632629,-555.0723826697039,-1260.8383431629175,-502.9499225883075,-483.07923385277076,670.5230964606665,339.1758990730835,-274.743447476583,-599.8142828779969,-367.3926044277479,290.73259489040794,-290.5679141636533,14.730014971302262,-337.2984389792098,-779.569317316032,-271.6288608180661,146.3803687001665,-709.3200443864739,195.6940980806428,495.86678111239763,-594.6604427221328,763.9821905109565,-748.9667863994928,513.406794914003,-609.2196334030064,116.27672353828598,978.3879122605268,-1084.556470464261,-393.9149810987016,-784.7352531792751,356.44438328880057,-590.5384869786512,-1085.2064849037458,-195.64868107890194,293.0411614164707,-962.1615088868188,-213.5197014076789,214.88438533315224,-57.97765110604752,-66.68674402390732,-165.23969343829896,185.88378910512685,197.89684110700156,-37.894905629348045,542.1084042201068,-154.60811984980083,-635.6580253243242,-440.88583880519593,-228.6662756719646,-434.1193156415225,728.0149700440936,638.056540247977,-385.08013563485156,-345.26520797316755,-185.2127672266596,90.05928718891997,140.8779387252919,308.5747124560213,-129.4650029087354,11.980208778537856,-157.19805391275443,-480.72410028876334
612.1384181341817,-919.6135163368664,-594.5709287559395,754.1267784588626,-128.8096213088036,1525.9538301929372,-115.67703057942938,1174.3428857775325,1767.356567698403,783.752920424098,-944.070259352926,-152.74132644601448,1162.0256303114238,76.45672774255684,-864.9728473946897,-783.450321288387,-389.47330172759223,-754.1806091571561,835.3381501534111,-629.1453573657531,-882.4847845324841,-175.12834856477403,246.3022890751629,546.1508639804442,-315.75242622915124,-1219.5552576178984,-837.5736912266404,-50.89254327280946,-0.4842095253710532,-1340.6119576110755,1333.3417273157017,-354.79506787064776,125.72408797273242,-535.5771886349461,-888.7585217556765,-331.2021259414005,458.4453592837055,-129.91976410736189,1574.9551663756872,-530.6364220089495,73.00267479340717,-288.2063589791547,-314.87349645395864,1313.801424183857,-1059.1061521986421,1244.0509528646223,151.86665017802358,-430.69847411508175,164.4875568403576,899.136687926932,219.74268128735955,-378.1957672856933,943.4207538243627,1661.416626125846,466.9001119554078,-2120.4837206453562,151.82871817653464,499.40183388302535,-1538.2289111698651,-800.698744501092,-604.5478639210726,-547.7057753773507,872.4554055284369,182.59480687373645,1637.8635437557757,-442.98845408826287,-65.74554824940262,227.26948524747326,-747.218115083504,227.05067583906637,-869.4775261136504,-647.6093497070568,2130.6521326687825,-79.8116820254848,909.8221271278107,1445.2150571856107,1205.217590285553,546.4889826321601,691.2844605858514,168.3642049646024,361.7676107314706,-672.069652135453,-49.22684140246389,1378.8747266634084,778.7183149910207,910.654803990164,195.8368687677163,293.124550762029,-438.7428356174216,-482.2609839366443,-569.4652788302357,35.334685856767486,1168.2591250997998,545.0478857402286,-33.24048133930474,1011.0232726585012,226.05216434733313,514.7358328102522,83.36671474682363,-390.0914289026151
-1173.4302088939826,450.26104587705714,632.9503591820088,-799.0119983562273,-293.02872955146336,-2606.829591845815,-1711.9716027903744,-2953.2091212483965,-3907.772982529465,-2312.5526609476824,-365.5386275305725,276.6952972075258,-1785.5525106842745,-867.5248340169962,-458.4487098288898,189.17899717653697,1019.9250593258527,-1194.6841577841815,-1800.6423850326578,-2181.303293166372,-448.24480080912423,336.97501772679436,-1277.4030228281206,-1320.6025172692778,1695.1689281268536,-1593.7650747856933,418.28235590231844,-859.5916858101788,1009.2258489750678,-2816.2021738190115,-4294.1661144884565,777.456725854563,-2436.2951401952187,-629.9612890403475,-1203.8672046026556,-38.34317274920526,-1033.641719297234,-50.945553380712674,-1335.593205218949,-1578.915295939108,-397.90761255390595,549.5391210222325,-1024.7077219124626,-1477.5550766496879,-613.8710872092827,-1368.95576525034,-670.6966898671611,-1266.1416037570416,-1723.820808258777,-1686.704533819857,-956.1177379390101,-575.9152391657361,-1010.1865294425207,-2128.0835495539436,-1597.9725511162842,260.50489577204087,-544.465555007963,-2024.4880667345642,-104.11923459902039,859.281156480469,-535.7002992769247,-692.8538751461766,-2735.546653877809,-1223.7588308668132,-2375.632662319829,-831.2867696463138,-3009.1062154931874,84.86937052865633,-1852.8454689802788,-379.1596614921753,-475.48683698411634,66.60515038113003,-3885.004255351046,-307.059300712239,-1498.1459611624052,-3805.6181265758446,-1850.977535897598,-2451.8650345243855,-90.30568666237289,-1128.6761732541197,-1632.9760307494832,698.0661638556312,259.38196673180136,-2269.5094310318414,-2695.611800632621,-3147.9636842299283,-1840.146162296495,-856.43144900138,-2163.3761887202177,-3118.6511055661367,-789.1745678125293,-824.8937940170422,-1093.3580278369964,-3408.6430588213575,-3554.5097652571076,-858.5586575521011,-2176.1568093315077,-1655.3816969915158,-1902.1113074462219,-1787.6659791544896
3412.9828160554043,1910.4240630812687,4249.550957090748,3199.029351666198,1575.1178112162397,4521.014077272077,1749.0043648597616,3178.607284605675,4657.637612601223,3028.5065362728947,1475.9535997995495,2002.2013599673783,3217.304154748208,4033.090647136361,3018.6561531377342,1632.314884322152,1958.9075826815108,1316.9043627664973,3266.9956259346814,1340.8707128377898,1489.8188657558828,2318.196826155972,3833.2493355505803,3243.14224512047,3303.6154498107467,2338.3694579706175,1087.8109431638698,3032.1444110075554,4249.075622675622,4508.524305375896,4695.140904115007,2823.7741194591354,3389.7320654323375,1604.145073685955,3894.7603410516404,3213.532040522561,2120.9788102125285,3951.825885084868,4518.698071698674,2410.321942871634,2232.7179681885905,443.8532214342222,802.3905137674824,4615.60949998347,3296.447449856009,3187.267990196999,3643.0808739044705,1260.8448469449138,2718.7372390996147,2814.2148569697806,2921.652099653576,2354.2764352937584,4166.844535727043,5033.517857196591,1682.3081767002911,1211.9617677036306,1372.6504020343014,3552.6125748515014,1020.4987710091367,1505.488378403082,2532.6141772120027,1942.7921652124091,5220.596937605434,1295.996036771408,4482.679022160594,3551.5665332911585,2975.641493400016,2643.2898507131044,1058.8623210553376,1444.4801608733433,2856.815523286687,567.4124161734002,4192.369735822448,1830.0871250850416,1656.270838454746,4796.032617551051,3526.314200061394,2107.6456986802536,2869.464483779233,5433.334555400708,3583.4022992017426,3043.958473434032,1415.1463479256981,4572.644952528976,2098.4548373604553,2760.5920650621515,2289.755399374836,2735.079382606901,2569.7918040086247,2465.0343888816797,3164.0011944343933,4028.299686345115,3716.077465221121,2715.694354808345,3763.636986771474,2005.1642919077601,1686.5143211307764,4152.9208410274005,2569.4433516550234,2284.6085665233186
1335.0587615556074,353.1505204950436,1486.8656930949203,1776.137326714211,63.62400092350571,2009.352185756153,147.01056743554557,326.57075223176207,-108.91148553023879,-580.2013767136101,-64.83213970562981,1253.3720273819265,542.3024143858361,577.8366479133123,-1041.8004375836765,653.4654791952623,299.7299436294887,-119.65266981608544,1101.001062196376,814.6983162528247,-241.61805363176975,480.73271090074206,1538.2044936386715,1334.6536894096214,1203.4070430262161,-245.40742553694355,-68.75100846344947,1264.212729089916,939.2915339220185,74.18348659146011,864.6354822806445,692.8328333063961,2165.099371210889,-142.89212001646914,-195.62144229744894,307.4936736158058,1766.2867396967306,359.343728035428,1733.5939260754233,397.81395837357354,-165.46108274624243,196.45159900568535,368.74512970383535,832.0485313202768,624.3893586564875,42.28021207167664,1044.21744224306,-723.3261024460746,-298.32451362898644,1265.2628777003908,-568.5663855997448,138.47082435135954,891.1609696276917,-83.51865500152294,676.1437865426373,-933.9317684928941,266.3972844001534,209.64476753955006,-392.08633576794557,981.434282130384,948.1349235441663,263.1941610902147,1988.6164578127136,1344.024010033213,1521.0309418266324,1150.7608125699528,-48.49867370631652,481.91508204036927,108.69403909128178,-883.9709116580149,-248.97007321198,303.32265365889447,2144.8581861873254,700.9053442470707,1976.3511027878815,-357.4466386497309,1115.486587184787,1954.5062408582294,208.75865150457358,2053.405774997774,154.7578277647502,878.8749913210639,530.6744163032831,1983.5029616513941,927.2920285148053,1210.131255034575,-255.22762036552902,465.8529779052124,857.1251951988883,317.1117686748691,904.9943320897984,1395.6984363926942,-813.5100097816737,1920.3797694310222,-1749.553693630277,219.60759155510658,862.0105393559352,928.1887817921364,-190.18293790901174,557.957393477533
310.9894101990612,548.6825536317666,709.7269500188988,382.1837772266417,892.4908727814949,1752.6278054587272,522.5477204901485,762.2677945018472,501.0310353551667,1731.1863729235226,862.4809355981793,599.6427188805254,688.6320834830054,1541.5543234487127,843.8677173986653,384.0278592625935,52.60601327032095,352.749112339023,-419.03340784135275,-767.6726851687538,781.1115560046107,395.8215854301245,2452.049948533462,-450.01803429504764,521.4901315586845,1323.9192268103864,851.4076953603711,808.0530732810707,589.014824891803,2196.979314412583,1357.0977843420196,-1024.3358949321319,2958.7730061279963,366.28821376725085,2085.2568639869937,-687.6591005481856,52.045330943299426,3022.9020868130356,-57.60741218113858,1999.6861816445137,188.49446693941255,215.61974071772113,-176.82727087405797,188.7292725576727,620.6028193079185,-91.291666722835,761.5866339391608,-444.46742164821796,988.1264983405493,522.4976613894378,796.9549320676484,122.9686198678154,531.5958455361038,-259.9651960706723,838.1044156014889,361.67500192505383,-81.63945536328575,1142.4433400921523,661.2400665068542,1367.0666962415248,765.3801864124359,668.8561560735324,1565.4844056534553,-708.8484063641342,1473.1799270630602,1152.178654864674,1024.8103739772357,804.4319442990708,197.88094331270509,-97.41279738730017,340.58576204299504,-26.229213760045436,-279.56793087837195,-273.4082015787987,-765.8679803337917,1186.4259933428057,884.3189276123113,1369.8529383368568,-48.63385381413847,265.7103907495737,1428.6876218761329,1252.1786266881786,-412.13656209530353,1822.706716149953,-463.65326818109475,868.0889146245427,539.4854941726669,633.9904352064877,2383.3300398812153,380.881749093764,858.708709593348,534.6568666734262,339.2035238964705,1256.1840101813366,1400.3230534009024,-340.49084331076943,-795.4252209709903,1847.217650756126,2093.7926359505013,1053.5976256434958
-974.2838745800199,2254.7151978995116,3944.684404999546,1793.3014826258607,80.63719365955198,2198.64520971207,264.1550613603864,-1414.6960713606834,576.4982952159318,139.9005113385159,-721.9235837542556,391.408079782523,-613.8247209840638,677.9909547548168,-576.5845973857578,1653.6836726015126,1513.5041681909345,159.52157411745077,2526.412213554588,-1343.1857934391878,716.4850834174806,-79.19138410783775,682.6945402428445,-136.16500099115382,1567.198688243367,-1618.8386410416963,1720.8015308442073,2186.8183050367597,706.0838628207395,-1939.7453518035663,92.99807877965223,2097.9205651011484,-744.9919633405095,-172.5698408838646,1530.4599261398653,36.55350999652999,-693.7703297780976,-719.624795143582,2100.4715438383478,584.7074823726614,1647.7220907650399,1003.893124546971,1248.4385985914219,3080.3325163657364,580.3526789112029,2111.712502660172,3294.5080895402593,-259.21700184430273,-294.7814637933743,1067.3802107216761,-101.15720754489563,-275.6082011198007,867.4343398342038,1053.2263917937826,-964.6818428502448,-62.39385449963189,-44.75205796774765,-36.825311692881485,-865.3110576075978,667.2495074368862,898.520102393134,539.5125774900971,1191.8418516663912,114.96153518518827,-60.74540459747017,1946.10747325118,-155.65674444695725,77.0565962471091,-2408.6034338884615,1436.66388399405,253.34086976711333,483.66817547664823,2059.360179276634,863.158945668384,1987.9009145302136,-81.9577129784115,-2.4372726520973655,-1231.311699077803,2504.0746850078517,2187.6951517893954,-1708.6916135661556,637.690066840796,39.17033411682923,1903.3264513914357,2196.589688045181,-56.03906970297321,-12.772905714585574,1458.8711280622501,-1451.08546038318,-834.8965136189794,2811.152215413907,814.6736101243202,605.6511780769108,-83.289165165901,-2163.906505663536,28.981874497289017,575.4975416199738,-1124.5413359247752,-525.6377544134401,250.36611504621015
-203.53797579882706,-466.7799987376366,1713.4556546687375,1643.071271847713,1350.896371971724,4597.508270615129,1282.3103047680409,67.44093790312952,2736.29452878522,804.7540924753109,980.9757145637134,-1929.0719544794238,2347.3052298202983,2577.118003370198,977.6742045747369,-638.9893253126144,-820.8490501080428,-2050.7297607447963,1873.4358201801217,-1560.373841434678,2592.355978975393,600.4959304673848,3002.449187987491,1738.9661903632825,2170.2709223566785,680.8631881773915,-1650.139502364493,2827.196299206436,1616.3147921145896,2743.4165548180486,3844.1661892455195,1243.4401223821706,638.6238284579238,665.1358798619048,1827.6950372096362,1801.6873930138731,100.17962029854208,2787.6799601348207,2367.542435617009,1383.0457489854568,785.0597152140629,-853.7526792533047,348.480416477434,2892.266872192811,3800.233360107097,1298.4071480548603,2122.333836598874,-98.19850132891204,-688.5266356909588,2409.2100329596783,512.5210027316639,-1858.152127768082,1761.9502877720824,535.5451359539095,-1918.0886300484524,-230.53834973808176,-481.2512677746118,3203.389877228375,-1493.0756328727362,1738.5486737407884,-279.31674506394853,3702.0399138345365,3836.391119100805,-3313.344731285097,1637.5859100677385,1902.6459147725673,1073.936867884634,-3374.1921616399777,-1008.5715536099685,-824.0171237271934,1833.3144998066039,929.8217285219458,-734.2127341274081,-103.79286600583005,134.41839152903117,92.47197527049337,-98.04626910878486,2318.7054085996947,1997.0963069522797,2966.73310582055,2397.369724882549,1936.7120700931337,-3550.496683245055,-1643.6242183905363,-1536.7622243927858,-149.97908932342992,2160.993461841512,1558.4964260406718,2752.910182517773,3661.6319362212903,3050.1389744109274,1474.3805643851008,1100.0684340613825,1026.3352398408433,132.22064909599487,1341.3858335651837,266.0035469894566,-183.55781382091143,2118.2721544457563,1724.5756041830227
3277.7493677540674,4030.4684755746694,4621.457386789694,4850.508657921963,1974.7658994427904,5019.922206809174,6275.718417971128,3765.5254885922304,4150.849686592299,4676.14519671765,1650.993423570431,5657.376946279881,2603.306680250318,4951.99908250505,3335.550536299486,4507.285252873535,4703.231543558801,5363.7162129014005,3382.9670874331246,2898.1257386785305,2147.283446837957,2875.3626983217796,3028.712653215502,2321.810726183078,4277.285359135483,2532.7970104893357,4406.791195046826,3005.744844227075,6599.724030650789,5569.087359834115,5199.1943725987285,1864.8362061369153,6512.551804194516,1949.2242961940904,5901.842081467006,3950.150979500918,4607.527819231825,5239.56808475927,4830.2968870078075,3646.7239206837958,3024.865459604378,2890.4030777733465,3449.139908447839,4418.05790753988,3064.357483459928,4237.056476153194,4819.001495720316,1843.790085004824,4168.114056983242,2397.42489128227,2669.8384286979835,3325.3190309691345,3394.090399284929,6837.8360210188275,3901.0995388010288,1792.4566136600856,4204.214885805817,4385.955180589754,1972.1512605171145,2604.6040679967414,7515.586781218515,2446.2555556033653,6830.489838556459,4856.797203630785,5971.3333836330585,4411.684817457241,4395.23310535242,4256.930265515668,2894.0440378820513,4372.283673794635,1243.3250962187183,926.27395506184,8000.385241417056,3333.428231497579,4219.6887447756835,7397.133597541896,5214.082026146735,3037.535290515731,4524.414551322195,5330.505555057365,1871.2523650048754,4910.641153925508,6174.620438138707,7404.006979612961,4980.041027332175,4524.75299817882,2577.9848905693175,2967.217505640218,5096.893825050049,1234.4502833395566,5113.716518601988,2736.9454251281677,6197.279990117979,6443.564810331967,4587.405695092341,3324.964599561349,3892.4290518287903,6050.179745227411,2507.8171254928716,2357.943654596973
-1082.959083797399,-249.66371935661812,880.5119536000084,-230.67816440797816,-318.1321658913022,-187.98818474791068,735.1110809521475,336.68984161256327,-746.6791084388857,-823.1302720775074,-45.23986448141075,-2211.6577579445843,681.727348827791,-1282.6110131986054,624.7230137295053,-1548.8520182799782,-835.7236385482561,-1756.6709250442061,730.4117258027815,-1213.9715760327051,1234.6981803376316,-293.83545096493225,-514.3465801758848,668.835260138676,443.8678167533354,431.3997132231556,-1487.3765020173098,279.3427147889939,-209.38763556012944,-19.550546154553945,-998.3339440337146,56.24036046435525,-2595.8011327116865,353.0214871296447,-61.85130690311094,406.1440024922781,-519.8149623336644,252.44720092372515,-330.78363952492845,-506.11784623640244,393.89045779474196,-701.0574330211297,-375.7769999042747,2039.4754192522823,1501.6750349479453,362.6016748476932,459.4022913028671,-91.95088303429301,-338.7536545873381,0.9469369338839354,1049.335326556211,-2111.4030591156593,-681.2686579660366,-827.1937069871826,-2593.460934436389,551.1498290263896,-1763.3763907720156,1435.1949897112238,-369.6522218683553,339.3120810174916,-1687.5246889275654,853.8130524812194,-1526.9759611533275,-1873.7935466949139,-1753.6754367844144,-1245.2412940272136,-246.87028469354493,-1727.5698006705243,-789.7468633024158,-315.22449837664124,987.3400505600817,365.95589196292894,-1995.4581639758715,-948.1991573333444,-1142.648041333471,-692.5281305033782,-1777.7995406843984,-1005.5290592976387,267.88092130734617,-16.236969363065512,935.1506259105477,-260.2761693085688,-2009.3885684171487,-1780.023363243254,-1555.630921901324,-1023.5647417951463,468.0545020177912,-535.7131843043079,-283.7658029960569,701.3216985697219,1167.040860172876,-1287.7916417794768,77.7017924244886,-1910.7053507253202,-535.2012935125467,649.4328327026359,-99.66268620259865,-2729.2064494299284,-24.835453305990114,-426.81894327650764
3309.2260239346847,1753.3192662682181,4196.6671725669885,2153.581225938744,2102.498730837382,5550.6428559823935,2608.670211029149,714.6744409325536,1981.9822977471058,2749.574501934933,1151.4612698991423,3844.3429017561775,1287.296646137629,4829.279654433389,1569.7384619085738,2533.032679558975,2976.5854077749113,1714.590278051078,3297.721154337755,-172.12071262664122,579.3434646059633,1181.449536321182,3048.3024486864447,404.2828284275115,2814.774599865736,436.8996490621998,2358.0878280538773,1675.0490979154083,3726.832433711627,553.3604046742569,3437.5367075321847,2244.2938343828914,3158.1151534328505,428.93456778696384,3698.2757309583635,2622.5813238824244,2458.0718368860166,2766.653534150233,4121.60233282288,1413.5610215523695,1133.8392672231198,966.9438632213551,2142.407487765468,3024.0497554788376,2699.661738921523,3430.427835893827,3602.223172786488,516.6306824671954,1317.5874060572587,2869.975036968156,549.8924488852274,1547.3052043292053,4166.210378214205,4322.800470537871,1710.5610224008285,276.2962159129384,2619.199776976382,2566.895782851433,889.0200481902498,2325.2904293126503,4521.889431105854,3805.427777649466,5975.972769568677,1597.6223626876947,4537.466279963109,2790.6458738335873,1690.3548035649421,3145.2121344121206,337.87826931797093,2579.306550907661,555.6996387496905,628.1170094827672,4071.2230649928515,1450.294920686544,3430.8959787723484,2777.9762999661057,1878.048320526966,2033.0110791149789,2235.951747455043,4839.683589849286,2094.770219094317,4036.525016192201,3888.602845096515,3942.6739493444993,2160.9398071663923,2793.2210052083574,1932.2128310312921,2254.4318399146755,2387.582974969225,1647.3463913095275,3484.594954183772,3438.938287260464,2433.619144928562,3241.3510877347717,2910.1665796564603,1952.5930556946855,1664.7129568818773,4330.038156354356,1175.01295362816,1167.2834259202687
-795.0382967873188,474.6840753714171,-120.19738919502142,-749.6450085706302,-1092.4356888792354,-17.914771165474882,-886.1706839512159,-1849.7179177469627,-747.870479514436,-404.64609635822785,-632.2194386250127,138.2858428983076,-1182.1352670052195,-2858.057325481606,-878.2906104660245,195.68337940352532,-933.8524810785236,-925.8951319984902,-1459.7195029937834,931.944797966272,-515.8006286779327,-776.1780869588441,-769.4780857596074,-715.7889464146218,-117.97854608903981,372.46368955966955,-340.3350403399433,-837.9650361123827,-2041.7920160098631,-1163.0682864705138,-2400.4838304752666,-517.4928794007083,-1605.1466796049933,-1003.6624368451546,307.64946105361383,-2041.4449063752907,-1387.2340188844726,-1764.233882172197,-2411.879353155029,-1356.320218439425,-140.31803403640453,-1107.4094215677562,-328.3712505495612,-943.0316269568939,21.929838439375175,-1924.4890893630295,-595.8685878159223,-294.0870064965015,-596.9757990735955,-2477.802112362523,-1424.0020756047757,-653.2542526802886,-728.351758398264,-2532.1528864790153,167.89175666889997,221.87851779965843,-1453.9971369887874,-463.1898593571362,1189.1796258761071,-175.42238607257536,1517.7929939372002,-1732.095403114813,-1212.552914965076,113.4071642390403,-1727.8451411855217,-1175.6267566458869,-210.86595846516,225.6718216215787,925.2908161176907,-1037.841551555044,811.807513963277,-531.8010751455371,-1261.990782658873,-1152.6176815415063,-473.0692020367574,-654.7540954831397,-3334.1060686760266,-168.66163022442987,-1929.893708649171,-1125.061123203314,-1061.6459466454305,-418.00439158081383,-388.34249889530787,-1470.2231612589524,-905.5174142969371,-800.0718698197916,-2475.6713806763096,-1589.7857409460055,-1464.4964654321464,-1427.9474914249201,-469.7203561767197,-1715.3259338674497,-2196.6706736801875,-2429.905296139619,-2215.1254429445007,-2459.173492585914,-1421.7998612605854,-1251.3402701718467,-1331.690807460003,-714.4880228833332
4861.591419699742,3124.5576783354145,4646.0054379244775,1659.789072561116,2222.5357145971097,1805.3984592221793,3115.155869355788,3879.334967842221,1794.6223743411088,2270.214960369092,2411.668105901197,982.0090330475751,568.6878953621837,5066.935706941178,746.4754689402474,3509.9047376123476,1761.923802320253,3654.5837239215907,1880.9752495858486,1753.5957677712902,370.4620446440728,2107.6058046306007,2358.634768513415,-1159.3277788687183,4361.485539698621,1956.8879742392871,1888.8267680326849,1439.2112438857534,2906.822208593959,1582.1512334312883,4704.5467046523645,2139.9921091101005,4489.183176035019,1413.1660725731388,1537.2764246453921,785.5838246002913,5865.304834089214,3833.7333522015692,4447.579451945211,1309.568511236145,1421.4260651591555,2288.6040185844004,2044.110266708972,1088.5606297285115,1135.7102360717884,2437.012965171818,1847.4026082284156,284.20581066603796,2397.653703767571,2557.5030684066373,1865.4313153034998,4402.032338316146,4221.771595313925,4057.622188295756,3917.930261816064,1847.3272397000105,2603.0654298515956,2482.09768433962,926.276539997074,2141.6675755018787,4283.481395404232,3086.035968522627,4505.788853512457,3097.5304292142846,3607.0282152212376,3028.701859579732,2706.9446592397308,4243.872311524563,1506.91144649626,4239.975184794007,-409.0487817621097,109.46315260696083,6011.827289967941,4608.242209435374,3632.446205367146,2430.3858293717994,3056.130654425656,637.2582425885238,993.6351577344125,5137.632523663,2036.5588476523735,2682.661493310158,3962.57319146919,3670.4517820792516,5648.114868928428,2526.4669549003083,777.1475830022989,2684.4714580610757,1422.2306104106267,2463.9170905870806,2908.0089317189945,3965.7561327680796,3409.398779437068,4212.498489420039,2907.2810436901705,2197.607991988341,1844.2140780853235,6206.2592180189995,1399.0937131122685,2188.075514108378
2778.7537752271296,-35.48405820198355,941.0525371771901,3154.489567304057,950.6855279778628,3618.408567491919,2999.4431068188856,3247.148051657411,3892.1302469539946,2343.768379920157,2105.5615851130997,2927.759964895605,1659.398572152358,4414.243159515662,3330.862029222116,-1452.0184929519164,1157.5629192245924,546.467832124404,1190.6092308033233,200.16173145590835,3370.4122298676402,1942.1000887622079,2214.839604300092,2723.803957224356,79.97762355719186,2333.952567008211,1349.875978575244,1791.3603591544118,5133.504944718354,4957.114718154358,2914.316890906507,-132.53850086141972,5801.806638839366,299.32359050547717,2133.6171667317117,3248.53230022943,3416.709679353196,2834.9953747092195,3194.8363809843772,1246.0218119262545,2306.4250775506566,-1796.1328337133689,252.74438159883593,1392.9105332797708,3024.3622806670305,3445.2071294293605,1948.7912903538063,108.61189367793179,5472.852438603224,1902.2544601614463,2743.546963500948,497.93589985955435,2118.6647520830293,4073.404880998667,975.5364555412895,-683.9702708507639,226.9616359017555,830.4976795942687,415.35516523005583,839.6720031471435,520.3122021852902,1727.2976688718286,3886.8231244710673,278.47658619664975,3532.9723263865135,3597.3644210041057,2149.5835188264646,358.675969370634,534.6585147430949,-952.9627639262525,2074.091525324294,-242.98678904261234,5283.181387564873,-1655.8571515994327,-718.2171620057655,4072.4888140844164,4880.659933026827,3983.453120318849,1707.5220379955979,2551.591217312292,3360.010898880678,3497.203815912046,1934.5491077521938,6128.257717540968,-813.8348332222914,4350.965587167423,2200.730161859607,1521.3235292136194,4664.98982038109,1472.1665516319779,3110.5837277677992,2340.2921364738672,974.7145399108044,2656.8269700194346,1892.9546939353372,2208.732861444059,2011.1243673972701,3202.265769865419,1582.7245260842683,1794.035766211769
1897.6827592151303,-578.504134126633,-1537.5769417062306,-492.7667202522214,528.7324500913464,-639.5804629692391,-1508.352019655149,464.50889489742497,-79.34228509185046,104.7594549516906,485.9532634481085,-1511.5767313573583,1523.8058474813952,304.3398226044415,-352.4542239743604,-245.09787759155284,-645.4941498729637,92.75871968172453,-1267.4314866636464,985.5970713693388,-208.3248265158618,522.9442998909333,-83.74009741651993,-187.69222826835022,-1156.845338447587,830.1334918874325,-223.94576897870763,-275.81521107263444,-1760.7359719866915,-1033.8104343658556,-2.638067553242845,-426.77307378610834,853.694097753144,-18.9788304936252,-353.51060470841713,426.73327022452145,-694.977729075307,318.92212940413066,-2094.7197884461393,-458.5181067109371,-941.7741381731232,-641.5672030141914,-782.3561795951553,-1787.372996082317,-973.7279141754684,-1402.0484476236643,-813.3921303697028,-488.1758833547197,-500.7400907589796,-123.28193042876731,-43.49904956762388,1166.5493218281056,1221.8672171859812,-858.7827382314765,-528.6433750735099,-144.42671255857678,161.84788998803,1299.6534447935053,315.7353829848003,158.79195327029979,-613.386569093941,-262.2006886654911,-425.69180716094655,339.08263112381803,-245.5763924951809,572.5457732939111,1011.4893791728316,263.44776309038036,822.5439323126949,-842.4772218650251,-106.08973419812072,-132.56764189289447,-982.9091420455148,142.4746225167304,-610.6550040818864,325.3833078447898,243.99725813390853,-826.8592370592769,-768.4692926944822,-485.3464677447201,790.0504217153384,-1511.0461135368223,-2312.09007528051,-187.15955974359787,-417.91689262315515,-967.1118217532869,-206.9259960030644,9.7462255251923,1263.390829283722,213.68406579381207,-1768.1581665541967,114.42627876702882,-1498.0135598381667,237.82449019780867,1020.9055887205409,-793.7301598868719,-753.2376822022843,1555.9240112563743,-60.971558697830936,882.254719109319
1117.5241372772982,-90.47503799398037,-908.8074740275723,1032.2006151597484,737.3438866800608,-290.9181268555296,-42.92673121303215,3315.917242411986,2533.522972314207,1068.6858146026252,-222.26683354559276,-26.355269920831738,389.1654833823848,1079.027546190958,773.272305409082,-747.3446813873163,-61.1931100883715,-79.65277283781842,1119.296978874342,-1252.2791718588007,475.714742254883,1344.4571081337494,650.800364318777,2083.114136949653,439.3016026467566,-358.95411104940985,-7.916384155085356,839.8889631669501,2357.4180076298553,834.2953578144574,2135.979305191994,152.19218245694935,1863.0448710128471,767.2425701882105,-1201.1198190732923,1224.367861033873,2333.6975986848474,2333.269570416513,3545.5635266697814,1656.10986463927,1127.739270171037,575.2041316977266,-868.8768587454709,1115.3173575613598,-284.92876850783875,1969.2675233130665,960.6279701074016,-163.87081350283165,2092.212844144278,1554.4616200472826,1096.591067120587,83.30627455167274,-181.6881620124203,1903.4410640189515,-998.8892475413367,-48.726149299040095,143.03535378659276,-1075.6573289974594,-1820.464275438156,145.89172729009564,-2738.2307527231987,-227.0396709382409,-61.601534188388506,127.43551378881054,1167.1180140749166,1428.4586467858137,-686.4069607216893,-1417.0959168803256,-882.7622102801349,-445.9150659058491,368.053212313309,318.63476128757935,1687.7854804780832,-182.46500981371875,-144.55105310722212,1718.3948418410746,3177.435164580147,1923.2697419030485,2244.4969550608353,349.79760510962024,511.1668337899882,467.2500836719766,88.20356905806548,511.48207037913164,661.768038878638,1302.3314063366795,975.0503209998112,1146.299483412567,927.2367230824345,-187.8756087754555,817.6600346751233,1293.5404899908856,2252.3909289015587,1038.86280203581,653.6036532530728,1617.9934229934945,833.5371818589634,1064.0353821396589,1137.7815265316742,564.1009367629439
-4904.3068372987,16.270661609870096,2302.157502233245,-452.77551176068937,-857.7639671945731,1962.4053120918745,-748.2993729632373,-904.3358083140572,-1346.1023146474954,-1602.7844839324946,352.14383766578953,417.43655342901025,577.764656091984,-276.3525804702868,-216.995772955435,490.16208983115035,671.7264942237397,165.55516429598248,77.6559387124941,-0.38152316442373174,1208.6165066120789,-1052.5541225899567,-131.95001918164263,-747.844667554238,655.902092744919,1070.8991618799473,310.73425030712184,494.1403567164396,-99.74322486205878,-924.1295329291153,-1422.6253905301721,926.2567696730691,-1792.011102156051,-196.72020599515076,1468.4631151946348,312.3308151842697,-1005.2164286804529,-1863.5561959597383,-971.2407964650192,417.9901429931091,-1305.5096538985497,97.26582567944267,1221.1798710997025,908.4668424633002,353.82675636792027,-762.0161937229074,474.1374279978064,-4.5115997655184925,-204.55640341208422,-772.9637331650694,-214.31613084998065,-981.2529162803355,-842.9259064650638,-2078.8362627278984,-67.17489379234692,-170.54220652678126,192.04890123609937,-171.94693209992107,626.8515075280735,-256.6306502708314,1681.0772106798004,-429.4602155869877,780.0081481094796,-984.095175471618,-165.55172440296346,-1827.0447312148822,-535.811874627531,165.34458591087107,-77.18273503465814,655.366066748454,-95.35941644950145,585.5839958570502,-1675.3674481411758,-172.39931001362163,147.83692881228816,-493.2759143862362,-1824.7742269103471,-1143.5170273335268,-987.9060451154511,-168.61522607047596,-885.8383618753298,130.90450701436257,1789.623654028153,313.99302173166126,-891.3376899917612,172.80107646990572,-1793.3110005832673,22.371997681948077,-42.482626537843245,-125.29934959871345,167.63606184602298,-692.5628238083345,-510.3037511251786,-541.1524980647447,-1019.5053931777197,1974.4010138309764,-1277.8862790583496,-1244.462847053819,525.7255704439178,-715.0471336645406
1084.7364926630507,2301.2080505420954,3349.9493440103142,4756.449315222049,1694.9031726126748,5128.980639622347,2483.5677665341254,2908.7813045527705,4356.724162506238,3213.788262407373,-22.44265267809996,1284.6825798557015,1702.0691222048324,1321.9054436823255,1375.174601077282,2280.1066397120726,1615.744671817416,258.1380317676423,4053.5375597080388,-326.2441967009133,3602.645966475553,2186.384884942534,5487.5228118820705,4227.734119999095,5677.915394780706,1247.9747742746163,1117.2216318644473,5430.603137006813,2768.8545416793063,2264.877210172921,3454.1419127138765,1613.3223330197397,2354.0194428924788,825.5753845010779,3930.6250557893763,1716.6735674160764,3544.9115253616715,3541.6218133012167,2175.772532603997,3047.1126706684317,2464.9653729455517,2407.620928225765,1249.190837122606,6765.760819327153,3628.0025101274723,3105.9007581790943,3546.916971486519,632.7114402707208,2093.2991647963136,2195.709575630997,904.0103610412685,-693.0010566055264,3743.1286701608196,6194.476443637266,54.137074424982934,931.7220663794224,1573.8039602008732,5251.046794776145,-555.3994202786259,3541.45027518764,2347.3336266907504,2053.506161844598,3299.7916914060033,1753.934965045872,3280.2345330297217,3331.017004004656,1918.8047260423164,1877.5587983706594,-784.6380902423277,-51.37785666592663,1383.379435122925,200.02072586683227,2917.4788408474456,1284.4143363054761,2258.829979948007,3636.9918805615343,1950.0364138865189,3631.1269405492576,3668.7166612641836,5111.6296134453205,2066.590109527993,3594.6871869997217,-410.63010719935545,2625.557488551957,2411.523627638507,1967.2052919130745,2646.745996675402,1073.0013013735595,929.3642865435627,1758.9962704418751,4442.292976284443,908.9846214355617,5419.60514183977,3171.003685973627,1650.0886036114543,1774.5326202639142,2606.9885301471804,2289.3317231445885,2555.172040568786,1239.9117609107004
2801.103620358035,3832.640778554877,5883.441204699834,2259.7218588271935,923.5887417047907,5491.384904231143,2477.2855497930213,2336.738111701043,2419.0795253263373,1334.5956779396333,476.0906845859871,4310.0913999296245,1518.0045196070419,2173.7701674674026,1571.6557365362796,3572.222886379475,2026.3637902994838,2807.218602430681,2041.0146570818956,932.9880480505736,-29.12842716038632,536.4089724544962,2709.6948738300584,344.48888021054796,4118.378129636574,614.2359957684536,1717.9278789507125,2228.9458563267945,1283.9744636115333,2714.3467920392814,3163.4480393461954,2274.704009149166,1996.8703806677017,1252.2403019023752,2000.150688663566,-128.3404139998747,2575.4724755098837,2086.4860724720997,2893.405920256232,3011.434259451915,1052.6770627022872,2377.729338929983,2717.6075588815766,2147.377953155001,2204.515130739549,1930.5628364751508,1769.33272802597,1301.0590072547561,432.56019943771526,2051.9694822059123,442.9846758541072,1632.8630487406472,1573.327211942281,1634.4192788799767,2046.2274727135757,2143.2919369425035,2020.6766796594916,3023.7057916969848,1384.1520147120752,1656.1959132427385,4192.034764599416,2231.210507803477,4215.687766439773,2012.194559617188,2654.694968198328,1526.9252403390062,1985.1279152481784,2325.688618932404,883.3338780562345,2284.3904141760095,553.3604584270824,797.5181541812581,2928.0090773721126,2533.1648057624984,3123.124604111137,837.1544831776384,993.3070254609178,920.4938645503678,1198.6977460986898,4203.558064325261,2206.1315843033344,2519.42896337653,2200.8751986454463,1533.6079283069987,2517.188731259636,2480.2823103748565,1143.7265249524526,1096.2251988957235,1017.0030497460106,537.7055514387627,2822.2507074660016,750.2812409819163,3668.8202552628168,1694.0760101305088,2624.1124429905544,1244.7965208879662,1634.894458454712,2091.917008365127,2463.0865171439004,1658.5208265877152
-1355.4919259820438,62.56581179692558,1775.2796143628286,-571.8672182359843,-999.132276895414,-2111.142476734598,-1458.3550659750504,-3196.3608386488017,-3536.90288700743,-1222.0485911216795,-787.6569488339371,-1829.4876013938206,-1359.358029147021,-2743.2619420922524,-808.1471290907059,-186.57543292544233,-1318.6887269431334,-2861.4633408382474,1242.7882852543696,163.0125383837575,323.8242147157724,-1825.868224061149,-134.36969231783823,-1154.358339254953,-196.6927750633069,-1875.4276124364587,-1622.7815813870714,-284.7892221743657,-1306.3571161974412,-1089.271489736362,-1608.0482674905882,192.29691805008122,-3209.761905600897,-160.17388661224805,453.3302439611659,-1.3754456177042682,-3142.7186163939655,-2726.5382240057565,-2192.518578373903,-787.426117667733,-448.0925885391271,745.7290861673314,35.22640302208051,1275.6914239194894,-6.064869264056226,-1100.1805874245179,-446.2316282673932,760.4275870992625,-2030.6704221984596,-504.61612528781916,-1320.1368864289748,-2702.3163264864547,-251.00745621653053,-2694.855813769086,-1360.9431971971305,-207.32095578969106,-1688.7960776264379,1942.5340603835143,61.695070001247316,264.4825385411327,-351.10691230958156,776.3521711605625,-2022.9681664632992,-1571.7558213848672,-2255.7588038614217,-2214.4539274811696,-541.0537992616967,-708.7757295027195,-904.563958095528,-472.4571987964075,1231.680655891005,-28.142819240686855,-3405.597499070384,61.94568587181456,528.066936696539,-2105.4255255624284,-3428.8606158713155,-2160.082066216371,76.17839922176637,726.5989763089874,-2166.488407415813,-531.592550665977,-4414.275029083713,-2653.1226790229425,-40.00261105273715,-2258.698467827775,-521.5050099202912,-875.278575106157,-1106.2345987147232,1418.1838428840915,445.2458251445084,-1093.1973383943332,-1087.14063000303,-1880.4600503269053,-2581.3023323721072,-825.4942915626508,-655.2199765295413,-2089.63424724344,-29.184587590459273,-1459.43863507885
2792.068440380119,-170.6559807288837,1595.3629260046853,1766.0480147877936,436.2232177875084,2923.053073247561,1821.0468371190036,-854.7804212190732,1525.2209042239153,2369.1274173202382,332.71250216445407,1752.6415106120307,1380.8641682010405,1371.7934453431053,2838.7719878367866,-300.7928307101086,278.73694695965884,748.7554874970474,-266.3138167534362,363.32246438584554,1831.0526915330927,629.3659038019332,2558.717683999746,78.72431366615609,578.5210972724344,1151.4203630490128,1430.6792356276658,-437.25054026525044,2871.2123948723333,1840.7889519592827,1412.4589850644059,-688.8632349063797,2051.7856583691096,-58.61914946890772,1222.2845430605319,740.7157004785801,813.5854436234147,2222.324474685026,1760.8807892911727,138.4864373983378,259.0824326066571,-1533.9358765873226,423.4833753892309,475.26460823244764,1408.3764808090818,1638.7163215005737,543.6443966343472,-136.0410371109648,1811.3887106091327,1567.1997241019437,545.2388025452151,316.0225018467656,796.1056353773307,2142.2723991074727,1567.7145367509245,-826.6113023552596,592.1884269687962,2162.6442364670565,392.5964567835443,988.752381799722,1819.843887436581,1063.886994051113,1879.6510021951617,1174.4020566858537,1587.3914179519418,1115.0904263280167,1505.665213534737,573.6198653621151,-129.74489907784988,-445.45461849455546,-392.3307928304739,-377.7858978570844,2173.8305595717425,-699.7718170230055,-209.90809203299622,1591.0224042728303,2175.844598497545,1508.5052135561532,579.8778246367651,1400.076084082848,2175.3514967202973,1863.5226928652091,1476.4625995257065,3238.9639364206528,-65.12406570401056,2285.914106796293,1566.2527300902677,-240.55871321759057,3603.7410752922765,1631.9888889650592,-375.03985409846234,1319.0657898865861,78.9817305229066,2220.121616859575,2558.5545847294707,328.2358633164718,1857.01932354485,1499.5117555373085,577.6440716845121,1102.234300914328
2694.190391095475,-948.0107000872678,1334.0384995105849,-609.6128868991441,296.03575062434027,770.7456512649575,-952.9513822385993,-1334.172131008969,-49.31754214334863,363.78654226665896,-546.6233594895556,872.3139231385093,-134.01878579231683,823.6155651619182,-561.2843237237402,-224.77558889637473,-451.3249383529908,-128.8389060360335,1191.0212542816362,-127.59049681442845,-1935.8319067572488,-142.43020315390888,496.74391750303477,-225.3066825680229,-418.1415855268508,-934.9567315361596,-588.5970543265862,1222.2262281739977,-1034.8617243633466,49.995118158109676,491.5436813568233,582.9587074726652,1495.0258937684312,-924.9634172003942,169.44460594102816,1051.9974102637657,1423.7875381666283,-309.5839231871824,371.1068766336449,-793.7088354785238,239.1470181931116,228.4348375728784,30.386236584800237,8.836856091241673,-829.446273010609,-92.32976799347816,1020.713699059082,-839.9882024339936,-234.21409466019333,270.40519651399575,-1086.216048589242,706.7862993728329,1266.2091007829624,1124.149988052851,333.70746685540854,-893.5394101395894,673.4288130764174,-314.56034711205524,-307.078852328516,249.8363122438394,411.4312025973492,-74.15009638905254,1203.3796469827241,425.1084075315148,1532.209037183082,880.3942329968106,-353.3300978443042,274.74387850020696,-300.62635817772735,800.5475247384226,315.73981794339153,-379.71767459321313,821.7488166928097,-134.40734273906585,502.3980027921907,623.0535581478775,736.6748468137658,615.7803696647966,-1089.3400026691693,1286.0276700402167,-1216.8247351315224,69.76588954560776,-201.5017823163856,495.105202331995,396.43470513567433,185.97031814052852,-148.1082539618189,701.6593715681032,-1252.154627373096,185.41617061085037,944.5553448586836,1003.907360723971,-846.282168117994,144.98085618840508,-407.2200493435912,-231.49910411074006,189.79665378976972,2163.3927284180586,-492.0232752203075,94.76481954103454
-734.1653116780149,-162.61151502870752,-2882.4199503576665,-3237.1656099623333,6.181939657593056,-3887.627500495774,-822.8230591962678,-274.8533741725167,-2373.6180890521377,-1207.2991219412424,618.2378668749933,-61.98170936197653,-82.77307793130642,-484.5198550951592,155.07947104260936,-610.9712641949042,55.867671581863235,620.2271594476472,-3130.1416756321646,8.683883858798653,-628.953812322141,294.893007296022,-3184.834345931487,-2101.230546583885,-1850.7647857581437,347.55360393386036,878.3769813443154,-3904.675414137376,910.8178116519994,-1693.958995488477,-378.21832494520686,-1669.026114004553,-1490.1880451301338,153.00803412526582,-1296.9038435867158,255.39035456066063,-2311.4245666486295,-886.8001013700549,-2428.5868515407774,-2375.718947783763,-637.7645426279113,-810.2703820786966,-928.1620035888787,-2186.2598493327223,-2043.790413706535,-1454.5855185320333,-2864.3495411067065,399.61054769471,-148.9399638036645,-1246.6304219228073,257.4451811432563,536.5461535373769,-314.4369648374416,-1270.7223199566909,-139.43754914149525,858.3084413058556,-559.6761171147959,-2038.5384464026479,1088.7134075295814,-1632.7527289974569,-2178.830516276464,-1566.3064869500984,-3204.9606540333634,162.07172497519323,-2046.6208545926659,-1479.895711908639,246.64631540496265,352.21010348866287,2397.958761322844,-595.0136106044815,-698.2872012444096,-14.320951444700441,-945.6133667787351,-574.7956406911209,-2118.2336586398287,-710.3246372880607,-2184.416028476422,-2300.231518804221,-876.7628792027538,-3061.0028565372268,-56.703413152102186,-1803.3471076075587,526.7490105820541,-815.6762719434327,-2440.0854042533733,-1954.2660249962505,-678.3702882494821,-477.4561161572131,-39.36255357871868,-1954.7904542121544,-2430.062200937048,-828.6714237877059,-2206.799747542631,-396.9032856820653,589.5192345109084,-2607.4580017588496,-1630.580183554775,-1730.413422794454,-1770.262860021849,-1049.0885034582948
2741.9147046737094,-284.3871955241837,1905.668881134095,1275.0285662200838,847.5919751060876,2042.5490314780418,54.135729980232696,209.23941020071402,1414.6448931472178,771.5128684394058,1271.679147556797,848.1837156421096,1406.3192647274714,1930.4419915455667,1488.3678979075087,-117.24535876200565,799.6055388466598,-192.50195865887838,1488.4127991675637,622.1140569941346,375.4020378157113,1774.8551595242236,1378.2511675879095,2546.132375696196,202.89612476343476,1145.7873265057378,660.8606600145264,1538.6496234459587,1042.5778506879249,1902.788813309181,488.62998651831714,1470.1055873933233,2506.3920615757943,649.4231988102562,1388.5133026387734,2652.1646197759214,2198.347153493389,545.7181991303413,1390.9227514928123,818.5200625764834,1390.9107324911577,-124.57419747392983,165.97778834631663,321.9342895865491,1868.6217802341782,1866.260824282769,2476.0478891992393,220.5118271576038,1716.9622987670743,1647.072841509449,863.4317928965496,1434.9296561872472,1600.3580745466957,2369.6654024632644,-229.81879427295823,84.44939404211426,700.5083174475874,1409.4058260658944,997.4832527134446,576.2136231047602,284.9304868682982,662.8496608033568,1923.9212906206126,-196.43428795823874,1421.8018374626538,2519.5684112906406,1891.0656312372557,337.0566243883493,-382.40383926519524,808.7177571371525,2074.521557474388,330.282248493275,1326.7292585311525,354.07427572001853,-148.83819213298386,2062.7713881779077,2032.4059182536403,1399.7472454321794,1183.069758822211,2443.5145218779667,1782.5284417591001,1457.8208403407357,436.0853285436962,2606.149841824472,248.5691444676577,953.5420785676749,903.5756083974118,1143.7848345749885,2442.0038124350294,1409.720487902947,1853.2386628517934,2906.11130108828,353.63381223209404,1324.3266117706403,824.2126377331977,2326.888177006604,647.3941991839806,2789.315674626448,333.07074391041675,1712.0948824424092
-2479.192835179146,536.0341117166746,-2588.881368295196,-982.393161071159,-901.1302490973485,-2056.6334593116762,-1973.015922451,2247.1738783512533,-689.8060721386578,-951.0250406951105,16.27921591505799,1007.7963575502588,-267.30432755120177,-61.74805133836467,-1957.1786158902319,-568.956876874643,1402.539843147976,1233.903142726474,-1641.532181950002,-594.3470699152912,-2216.2490855372184,1256.6498245783926,-774.2251301661679,160.85978381863686,-1951.1769378692804,-241.23113951378758,823.1037454134361,-976.3145856955463,-2313.361894866997,-1370.861704216196,-53.98525735645429,-846.6272956817107,-1121.4256572607653,259.0141983565121,-1166.2688178525607,-1902.0061862521627,-780.2903863323103,1321.4375917237078,-2748.8434339084333,-1360.4600207729334,-1226.588931252691,-298.5170867503657,255.9734808978183,-775.4243516876779,-1630.393984353322,-1744.6228673195874,-3046.658791387072,1020.8980108594918,-1272.872055579055,-1168.4443943328417,266.4257507541253,962.3109780441954,-385.6914031949651,-924.9044044272871,906.3717722520108,1243.0481146719003,1275.6359432678273,-5826.2121832360235,922.8627211572873,-1426.388805126465,519.8823815296489,-1845.7648086413446,-840.9899226759809,1448.35590512768,-3447.795377451771,-1956.4461597798993,-3996.8292068935766,1639.657600106007,2639.721242222042,-122.83986975974558,-1661.7704167036877,604.2424571972168,-2442.623733705479,787.5646448859795,-795.7856923664268,-702.5476126013842,-568.8555344076469,-1545.9358542824143,-1576.970290392924,-1998.197895513632,-1457.8610108271482,-1109.620580666876,1594.800223178083,-1395.3769943374637,104.7587633117976,-1954.8401368664622,-1133.6355718490443,209.63093894961028,-1126.8002376897869,-3007.4871852034894,-466.3181009652947,-2648.8928638548155,-1025.2354483362685,-1690.2070837096499,-1713.0126907168387,-2699.5732453791693,-2170.3495436081253,-2116.9053244167126,248.28051600788197,-146.14838059603736
-2864.1515989965224,-1666.4383271474765,-2877.0827295070253,-1641.5889633566617,-687.54823786027,-1732.2604392483613,-1200.7415486200418,-2033.36688085255,-1533.449107439748,-1498.7406896591676,-847.9449652351665,-2926.8408622884654,-1838.8419173715986,-1630.1495732303265,-2250.8614259237434,-436.7600282580175,-1191.7616618668726,-1579.8558256155363,-631.7579831645727,-1020.8595169927477,-1725.35992941544,-1116.4330517234127,-1662.4091655902146,-1084.0975629775032,-2039.9868722490314,-1618.7483013293977,-1907.7919086924458,-1619.7836256220046,-2159.9693358193663,-1757.3708775268806,-2386.4408405572094,-783.4830064135433,-1491.6004942381371,-1047.5542873616566,-1570.9266873701615,-1917.3752282420419,-2765.011827709782,-2414.468429114955,-1331.813007952955,-807.2747860930973,-694.9022548658805,-1260.7630686564553,-1319.003669306924,-1569.2450145831908,-1418.3284787658883,-1343.6443940687375,-713.507286760972,-814.5582019019485,-1454.7043070743596,-1209.8404399246801,-1215.1361445823297,-1736.974956496832,-1927.4424948588785,-2356.9121336842677,-1571.1474790449367,-918.3657796935057,-2133.4050307413263,-2150.5638382936527,-1219.3722555793074,-1248.2070797600445,-2841.662316617976,-792.9137166754048,-1873.0506101455871,-2723.6277831899956,-1810.8580132047705,-1049.0017144779658,-1175.8273080981278,-2200.0770258649895,-2024.6772315215228,-853.0172416506923,-712.9076363078774,-22.5563782652653,-2333.95500057416,-1162.1483444686246,-682.0121095066165,-1939.1188677401442,-1857.3937627670111,-1019.3863486141213,-781.231150947076,-2420.142978349782,-1770.436798585686,-1566.2070521436929,-2418.123787758473,-2099.3495170970086,-1168.898438084745,-1613.4019999557731,-697.0739854153168,-1131.4228817025737,-1738.8313404726925,-1199.0924726585338,-1433.874598523073,-1417.501916731338,-1366.4010606794452,-1563.5712080369944,-2171.095062018179,-1277.2265115476073,-1669.3471284078373,-2455.8881069151803,-1218.158167679914,-1503.8070951106452
225.7644637170301,1.6389788842963466,1047.0306337520963,432.8215581898531,-71.17845462399252,-847.74317488771,-639.816230244961,2880.444468944658,352.13616587677615,-387.86239528205977,-428.3510481512652,-211.55485595468576,-1047.6313362001113,-102.94180326430885,-2534.087837287574,66.11861185212636,-831.238380588129,-264.3372998742169,-196.33529559046593,-646.0315762205889,2033.0652566328065,-1124.2546625963978,-299.1350522786879,-937.965665162108,1922.6583084815102,1106.8632821377864,-551.711029507793,595.2813131997023,-151.0588886489665,-1561.0499338341565,890.6978543615124,1004.3376661333565,-906.117813101172,-408.55727488244656,-1303.5340983533472,-1370.0330316018621,800.5564471114881,354.81594193846104,355.3139751039655,-177.09364595659554,-520.9878880771167,1311.931091405806,180.9954735397516,986.0851966981417,-1121.0412285174914,270.64009896499954,-1206.6624665635227,203.01535978303187,-235.28551629157434,-290.74249413935814,567.6962259858011,-58.834158391510115,-572.8141701886649,-260.136495552585,55.13811881441898,-336.9170060781189,845.6052508450005,262.9823691937573,-763.7186457036015,402.11294212727745,293.2789950935158,26.198391104219727,-341.54102185534794,1395.3982503233979,-183.89332663404141,-1330.4906355062576,-1797.115098875815,-162.0447373789227,-774.2888011403057,1117.275877809519,-1557.6819530612215,-398.3161268601545,419.4081533510715,345.5256487080605,375.9107704715837,-96.34929675302199,803.5702381495432,-327.0561505727098,-252.16322691535524,-1053.0350298640383,-115.86260719624,-768.7416698976339,1001.0846272578489,-649.6329425769661,1495.9015506166925,705.547382996573,-1926.5613053859347,275.95135557155237,-2528.115993435117,-50.53413230510954,136.03254456490245,537.3062750096536,1686.4515024658867,-654.941839395444,-2242.5439669597786,1974.0009296054168,-1104.0561732410017,498.85769416487665,567.7529776147808,-320.1855554590792
-3239.1813814827933,-1070.1215122769975,-6421.012390433651,-2592.4739146109087,-1659.0377421062487,-4057.27167616076,122.25656261228539,-4297.989805242996,-4876.214175490894,-1308.0488509465645,-293.5685758833742,-2509.457619550077,-1438.1327676778265,-2829.0873361923796,171.4684058066825,-1746.9128175030553,-870.5523145532026,-1657.7045639064168,-690.7500129825244,-1065.1753161614095,-1301.3298844778155,-1200.3107165416811,-3187.666227619247,1173.920438900832,-5876.497084651417,-2100.995791147388,-1766.1137402049076,-2311.060866944569,-2561.475462291064,-43.198912458612256,-4505.537616840112,-4049.892455725587,-4136.989326288962,-906.7768161621049,-2677.2835070535943,-2202.96542437932,-6084.646029503506,-3532.882324518457,-4555.625036377294,-1115.576837269706,-1141.6533774182085,-1529.5813259305678,-2596.556604044452,-3335.940605111419,-1217.7035102353682,-2668.052723907081,-2694.4213517730764,-694.4844838048737,-1617.7823252777434,-2148.5168184597674,-1741.1393528095425,-2293.5593912911395,-3273.9660205381088,-3300.6743427147426,-3785.041394987784,410.1962599753358,-3805.89033674757,-2901.7503181372153,-1096.7823970812076,-2448.9165508814026,-1806.498832951944,-322.2060089379035,-6762.108364170484,-2614.180691797787,-3991.129920539596,-954.0001421227461,-601.2081036771295,-2845.705263370824,154.70693220368696,-4364.200776767859,-218.78494450008185,437.51406334938554,-4288.079524602184,-2532.542764760856,-1628.5222027847767,-3830.965732226148,-2270.085991244445,-810.8284862549044,-758.0116708250048,-2828.6861703230693,-2715.3135491417124,-3610.2624002897674,-6229.106460661231,-5017.282679631422,-4921.2221094928345,-4621.345384200006,624.1934657358111,-2120.070229543917,-20.66856995932257,-1281.5709211883907,-3506.4047675080888,-3329.64767330874,-3072.1794327901894,-3181.2004992996817,-193.4307251751374,-4560.302825068802,-95.78619437951525,-6338.37746423546,-2209.700322140754,-2153.3218435794192
1910.6831145357748,3266.7457838260807,3907.7776381610283,2390.7490280185216,1706.4768427617764,1730.2115832246122,2971.6774849435515,2180.1520810946904,2716.7146782081622,1875.687222491794,1129.7551075012411,2275.301626343185,1679.462739482493,1249.4383764652612,2421.1339885216607,2697.468959932575,1391.7825058894996,2581.5426362906346,2244.8804224685573,2662.1622311629917,2289.846693385019,1157.2169115255617,666.2457143421998,690.9618693067692,4085.9572991307505,1729.828184336194,1940.3831766916119,2371.1596835388386,1962.0690117131317,1126.8094974041287,2311.1046362836787,2279.4107379539373,1131.5089819291347,2220.829218993671,2507.1416506499672,2146.9124321902964,3481.211652050832,2549.531344339424,3226.346896222328,1645.5217236661351,1499.8224325669069,2179.075305222168,2286.062572433559,3719.734102795467,1887.1893980408763,1703.0113213769753,1888.404786804086,2174.238098924185,1997.1624856987667,995.7155000108972,1969.9607235530182,2354.680062634656,2176.532675537248,2982.47739600196,2421.2348140505414,1727.7178522773916,1810.299844094664,4743.08864066571,1559.0605473380676,2827.2806733334537,3014.116498796286,2529.529550744347,3624.4693940872885,2622.434355524609,3350.435931953247,1514.7854585078217,3338.7195715011194,2309.589782413711,1751.9528469150707,2649.228667096313,1962.2605789253093,659.2443109261067,3120.953672489977,3191.8826616900906,2630.802788147317,2186.8621258547537,1798.7020113803542,676.8892342168966,2016.3089348486271,2876.4629502502767,2348.429022725798,2072.9977106511515,3040.034677001958,2019.206614852523,3154.2338634951993,2829.1725483903842,1059.3917718216042,1653.571628262484,1602.937514118445,2170.2728127873393,2151.5604736212968,2534.400157201513,3029.522400575923,2406.300895895138,4394.160486584503,2327.976173799869,3119.0732250793644,3883.3268817552544,1402.010279709775,1944.4093165851755
3323.6491379671725,876.6743565456778,2633.9577296910597,2647.3241672894405,468.851618873761,1115.9220084651135,1921.0306018798492,1101.5594453184278,2748.2054998121503,1450.6025466841786,1378.8947492343023,924.3108208059799,1181.207603974225,2804.816377406365,3498.7259627909466,1696.702625043066,1606.4074904388067,1259.9352907439725,1027.326306756771,1702.4237930942897,2308.0463496533007,1267.475294312204,2024.3539178338224,1820.776614786167,3539.463925592347,1062.865295485762,2001.569292145342,1611.5475021703824,5488.237170482512,4264.565973856614,3161.6859099728626,1824.2782706983762,2020.3551244556904,1034.3924540699848,1842.3891612183234,1685.2014055628106,4011.1651452021015,2872.156553457938,3502.7419217587644,1894.2815198016708,1791.3403468550118,1096.3060912921226,919.70545722473,1849.767312427215,2272.22615956187,1864.5964278745341,2067.08853419294,-200.51211170540648,2677.404349213592,2012.350150512963,1648.3964471624581,1635.6374146816838,1144.4095953839728,1860.589749181776,1538.4316710081264,414.14190667218077,1338.6147300096131,2974.2525856737516,1039.3899029328686,1143.0746046644479,4001.716953403134,1107.499958407889,2121.0336714558816,2353.27046439319,3805.8022826207657,2651.648874042713,1905.6036328725943,1333.1089084803207,-61.76135771458865,1666.879161612805,1582.8275257438193,-13.379309230580962,5403.268797296907,1332.3572936833223,987.6089309596216,2433.0257476056886,1724.0192921947767,3167.046076976803,650.6310782643236,2956.754235297607,2713.418830952313,2814.6246967181637,2342.88321847189,4057.815211219606,1611.8862254646865,3648.324320475373,2055.281426315906,1350.1032847284962,1836.3429773058385,2360.10902819092,893.1014064942615,3064.83300695621,1463.606614206528,2706.027464053183,3624.6033686053206,2312.467855045363,2171.3234682931266,2669.430175798481,645.8767614053816,992.4271200881439
2167.8734203243616,276.69196237800674,1541.8882261036788,1193.338423117956,678.6668385989436,3275.9122598533268,1191.2244375827343,2702.9537585260823,1993.890154153884,1510.4551740145525,314.7714226849417,1521.7568532738553,2320.5876257270365,702.3663669003296,1100.5869827691522,172.95120564241188,136.68369516907188,1923.848891533715,287.3957640883644,222.18529512710958,706.4053212986854,-379.3295561937777,1198.8522958273081,-607.885219170313,1750.7243969477292,1220.936471316962,1276.1584893491151,1623.8043261221515,1530.6664032852461,1238.8741793882962,2216.052596069061,155.1819477613415,2818.197557100202,-501.64616576738416,1980.3156812667737,670.7079815231496,1295.1382240624614,2634.1818991574332,2061.003871011838,248.71129049565792,-178.49689201055102,409.64956821535924,494.9741328216605,1178.986924736228,263.03235190398055,1293.273244834702,549.1831614371102,-415.7425230585755,2243.987407787346,686.8659653572222,372.8590659009229,708.6479534452577,1604.194714223524,1842.4175622088028,1706.4574133120611,-325.4845687138826,1866.861220054532,2158.146421526758,-331.9248949241938,1226.0837695976427,1327.3090697464888,530.6796803898332,2100.4932796326248,1150.0607419700073,2929.023852106229,592.6086560006179,767.9691759606429,1247.6013369006846,905.7397826619883,304.14277495968344,-903.3351060397276,-540.7455610364401,2622.1786928469355,633.6093326897296,616.407893062327,3280.2085426604885,2069.3906171636622,1062.6010197931541,-273.1896581332119,2232.224560361967,1298.549215761152,814.3229065290861,3476.554180407931,2003.173442936867,1353.2919327831914,2744.475971949355,237.19391348684192,799.2550177969235,1545.8389752146402,683.810654335595,468.3599814558937,1363.1261883627703,901.0603384834969,2053.002247682517,1905.3683324119904,1516.972057343216,852.5358930964804,2161.676188073053,999.3788358783069,789.3020541757741
-408.7732445645653,-2409.8175234246946,-933.1300008123198,-1016.492977240005,-751.7753507784793,-815.8040424412764,-1007.1345444193145,394.4426996156365,-448.5230182524175,-765.6579327501923,-762.7464302813587,-1115.0232655727254,-764.1966142836211,-309.20481793047304,-552.1607021058802,-2589.6438756876823,-1162.3066929120944,-1644.1198562044526,-916.6939520945899,-1551.4814042366243,-686.0676066512725,-318.7266689324603,-204.67222582339107,-285.60243078676854,-1341.1630388790845,328.0761127757182,-2137.1406922272126,-953.2328216187767,-649.5919813039824,-16.342014059501366,-621.2900782274246,-1832.1092158965646,623.2550160436866,-839.4744567054481,-125.03584714045193,-527.7291411881758,370.4922780972412,-438.66846587198256,266.89045232039933,-209.16867175074228,-616.7048716636726,-1101.4620500061346,-1507.8140758345876,-770.1095685897005,-436.08365180806084,-372.42959378442714,180.0920658099459,-1077.935070332709,-908.1386329088573,-342.89464426178125,-80.99744443402469,-1229.3740488815479,-1249.3152265432498,-335.86174305242844,-845.9725235205951,-1629.7118870493898,-781.5456699822181,-1626.9083897115984,-461.00984097583614,-1097.7954971784006,-4458.2933570423575,-1848.915458122628,-350.54592924787266,-2026.6397390851048,-513.9026605613773,-937.9520177974978,-1124.9775818828377,-1876.4847936514798,-1754.1253352580156,-439.92536754036195,-861.8641422375059,-232.78764622756586,-77.33314175991926,-2302.97062619038,-3058.618536055633,-114.09379473819459,95.46692187803221,-553.76990804861,-890.0302621702313,-2048.4814173134105,-60.00091537167534,-931.4562113821978,-795.8266267555304,594.5998347931699,-1632.3634499427396,76.96898965290205,4.991732706749107,-716.0874789412969,-1112.0834845825382,-991.6479764608932,-18.243693156750165,-224.18850320533804,-825.282465543895,-59.214212558957186,-1321.7487546178702,643.2487130625518,-1609.4351860614258,-55.87577684857988,-432.95752132379886,-1205.3955964153947
2000.2966930370537,4.604384606823973,162.14374830304098,220.0378281570771,-37.81565807230765,2008.5773181239902,1057.932594328004,-399.297918149043,379.6963961040135,892.5401416294727,984.2591775926503,2527.0860751052314,2176.4483855182834,948.4417085651653,663.8779743978585,2008.198808286267,1751.9675236152038,2393.549293867792,-1110.577377872551,2747.2226502732115,-1338.3292870914472,1216.4913445724123,518.676113787818,980.566752480261,-934.2723197187116,-192.00398150932529,2284.9689331204727,-400.7618648001086,-143.39073480725597,1824.0380755732483,1199.4972031859538,668.9715010396891,2533.8872287897348,65.25984153428927,1424.3800430486285,697.6416494759527,1559.6650145338817,2383.1572701460805,-1849.0724975520452,-840.4389341214281,-165.32829419257908,434.79513490731716,1153.788845385076,-250.3391428896189,1153.1296149051993,1009.7808772260322,507.8840315484774,710.4352842682995,1675.120201164316,878.8151830154355,-334.1995486160773,1263.0589446171616,1646.4205858504736,738.6475734202352,1430.5569780795397,1058.36324505611,2554.5246134348095,1195.6753718624682,1801.78619651076,-125.76621961044059,3070.480475637722,440.81151243049953,120.34902655473392,3093.413453458196,1072.9344710725495,342.992527101184,1149.4459011772547,1473.9293366273089,3341.7640343831454,227.59053072026634,194.4455573288857,-145.99300125945456,1061.697780346686,1168.212465435293,1522.281410985961,3077.0217972463097,-1363.5511275139984,1596.1208592618377,-1090.2221011462927,2306.5636907490125,247.3447134203555,2175.8404189370226,2774.0813437729985,2022.3522496168343,-131.5409844090491,357.3573361038417,-154.04037035194082,-337.76363027472985,2959.8950181295927,513.8283076809358,57.25666819892852,-201.14682220131726,-2114.4374766803808,876.1798055623962,334.44634441949074,-510.9980483405378,208.87152487573456,-970.3005438269522,481.4323993077519,1232.9060725689708
2923.732983968335,2147.2493789130253,2422.9847214050856,1640.6222838294552,1408.0314161390886,3026.1949875619134,1433.905830113976,3502.0155276541964,3665.1439209151827,1750.1562987709747,1368.9705035320665,615.4542334561802,702.1509863073112,2048.679218303564,2256.5399811212656,526.5372352445183,1343.781202234084,1174.222989698021,2071.065671326553,1191.3526435396473,628.0002007416866,2670.1801575715035,2114.362104866682,1921.5377942170867,3331.863971862447,2078.6141804345402,1270.885301270822,1174.8139124015327,4540.8648136785505,2336.5637120889223,2979.7824729729396,1198.8905477450487,2908.700690365861,1576.8900130821198,2678.8169323959582,2184.9054589377974,3136.3395507407745,4148.684994290365,3648.455494550339,2509.3612227972626,2147.6362854236963,-202.78279258181348,726.3127040787999,2273.1743414926673,2890.0220545721663,1522.7343021940715,2048.011821213255,436.1572740674737,3438.6195512162294,1793.8413392332948,1221.0933134279555,1758.9841722585306,1913.5367487623032,1873.9144434816753,2091.6936635351867,1369.6790924953675,462.5514905815759,748.084007055525,824.3690485105035,2090.607202614056,144.40532300842753,601.8887365636416,4751.14758237967,857.9012541812665,2829.3363123263307,3276.8303648799615,2083.3044396159285,2218.812252006959,742.2787835383563,1165.9031840994767,2355.79975571101,907.751380126559,2597.1650444035254,1296.3722266439004,352.5811728199616,3143.705586119218,2440.0782419692828,3067.982938967912,2595.4612348445407,2850.237709894895,2973.060291035983,2065.9502999120336,488.20214322794965,1709.2178378024894,2454.1277712726855,2890.6627313062822,1249.5385321294723,2000.2603366587705,2598.123753491374,736.2635590812624,3971.5004047344482,2207.3612696833197,3138.1926978922966,3076.2060817056404,2702.4518702626124,2081.7611266192284,1531.5161149987516,4427.111756277636,1675.5698539346215,1565.5455735086389
-2036.0015759912326,-20.988764736504088,-1480.7028278951009,-641.1216923007826,-516.1653764225031,-1131.2549821164203,609.8262100456534,-4453.986905915294,-2271.947512811824,-38.380807465624216,-277.67383092279965,-107.54192593843874,-360.8479749775214,487.553979594714,-1044.48557809379,2069.6686282212254,957.8350633314105,-36.49527971355032,52.44233017260638,688.9417372222165,-843.632036763137,1293.6743593467204,-856.060111616004,1633.7507888959967,-3360.187235793528,-811.8277148978991,803.7597054498824,-855.3471967963321,-2813.681001348084,-1259.8963654900012,-1157.6799641661532,75.43424564919808,-888.1587848720901,109.27930468118475,-1931.8241912908068,1316.5690906432385,-850.6854323580123,-3603.6553455440826,-3234.385562914403,-1619.0226790300849,-428.401931850889,793.6601714413631,694.6782845494843,-2408.6983473720206,504.5529811219435,-705.036118405039,-207.22110577824046,1568.9178038640277,-3380.512725798241,162.3862232088848,-1045.2426376328858,193.8002030466494,43.03791211385157,-794.305168560586,-943.9311299564683,980.1509713665157,-37.60214118720936,-2268.124108444904,1278.4655798827398,-1874.1008294899189,1439.409447452822,665.5848722125265,-2813.5692181846066,-161.49254565342648,-4108.701018160431,-742.9487067006049,705.3305718040158,536.718827569922,956.8623518831804,-235.89615819407044,664.8744530909956,335.47489276459794,-851.6287695450404,1001.1536393378769,2277.3655470068566,-3621.238274281087,-1705.1581118449903,-1801.8399943216887,-565.2875420419994,-925.6208281653848,-2105.059564395123,125.72267245215804,-2011.66143838741,-3425.7860672627307,-1405.9834381446638,-3763.8647016259574,-227.10229850867907,-855.5047630748372,-313.1328742537446,728.8214340931711,-884.095384582981,-2442.65244869507,-1951.8050269837406,-2762.207050649799,-2237.9511680253863,-3427.5513386448806,-459.5976534763713,-3064.757655595403,-938.6248335461215,771.9132915766355
-2715.9971870037366,-425.7779039377622,-3444.7490310083035,-1514.7592294305716,-841.3928797997391,-2961.5778239249903,-2104.4504992100797,-1893.098211430117,-2481.7665980522793,-2606.8961214318115,-993.9441270581084,-1714.7557107445666,-2650.5952576795617,-2620.9336882694706,-1428.491173098633,-1651.6224310148332,-1420.422077011778,-2065.651882377444,-1593.4286057975874,-411.00156793242627,-1520.9052940427046,-891.8785666138409,-2027.5691004782748,-1180.6126995304971,-2369.4408824141888,-1737.6515014787437,-1495.573853265533,-2015.5234834452658,-2251.983967458645,-2325.8301185150503,-2673.4477228945907,-862.3624548678928,-3346.738406355433,-544.802344566654,-2493.68249678627,-1964.3338187462555,-3082.952884075255,-3147.759597632238,-3095.235338018019,-884.244476477418,-761.2375374499668,-1672.599549013404,-1238.0536533488328,-1885.6733908856804,-1656.720804318487,-2779.7118980347486,-2517.603969954079,-443.30128128443107,-1752.1256409779273,-2310.720888120891,-1124.8025756266188,-1228.2945921618564,-1879.187157103625,-2906.711040965121,-1937.1480079576136,-448.0166003277357,-1892.4297725707784,-2641.6148657370327,-1010.6283305227662,-1169.6536876713515,-1922.1013155071626,-1128.6477229710974,-2348.569882663675,-1048.3735983017414,-2338.3754142307657,-1328.1424739185363,-1641.9312292512075,-1111.4332175108673,-101.6859404636813,-1711.4084947585288,-257.5865210405841,-211.61694024633226,-4461.751622775088,-1179.749010488458,-1283.5992646212248,-3876.6830847890947,-1777.08898728804,-1604.9761136978977,-793.0166911875149,-3014.414980002429,-1953.5480083387254,-2118.5029248850424,-3659.5348646897964,-3169.9615829969994,-1187.8928532250925,-2488.8644785763454,-1150.2277343505643,-1574.0519653444278,-1787.4356534182928,-1552.0496038857355,-2031.0043360370914,-2043.4837084019034,-1580.4247146792932,-1770.3143638596455,-1145.9822388465066,-2264.1562221209665,-532.1025319265191,-2591.4967941281266,-1107.3475935219878,-1383.4460942166884
651.7137612094226,-420.99857538697165,238.1984599938944,-121.90958746351004,-2.6176122057226046,-49.32227347570879,754.0940844177082,-368.5271377022341,-1063.9173902539621,-1469.5345680824348,-96.09560033973389,-1117.4765746130045,1100.9248626272092,349.4377246350709,605.5946759338976,954.5103360877987,-1136.4028083598103,-1731.2241730433811,1394.1971789422653,-1653.019603837141,1346.2548077225356,-1378.0980061729942,-821.73026119503,637.0931948565284,735.8044329837013,-976.8543761521271,-1547.9767135042143,128.1279904578984,-588.5489134336804,-41.83269062153066,-816.5474887247873,7.197131341181678,-1326.964691368287,-950.2338272477722,-1208.1010228709476,-34.63622743624164,-1591.1547019166558,-2232.1966166881866,1447.3068712604486,563.4172707815765,-210.20591772204452,813.7339699501105,-379.3088122075103,-309.88621223854483,-290.5504213985235,762.223241199832,506.214124966565,92.25409755918623,-1704.7494870563746,574.162005353035,319.6439558043349,-2094.9399941935662,-890.1086269289711,-732.633519091813,-2264.224335473977,-425.378279805895,-661.8147202545923,1228.2644360563713,-714.7440979019614,884.7561908275203,-2756.9212586146537,2144.1334913376572,-1056.2153095109613,-1978.814054126423,680.4305742715945,-604.8456224323133,-121.33929471134532,-3045.5477938119375,-1076.5490347556681,593.1400683007636,-215.41392308079756,404.14272072025886,-354.98631965063015,-563.9982853535122,1328.5735442067398,-1208.6754919589062,-1097.3573381438036,-466.75746628656054,1550.97183934155,-58.33521064844279,806.8853997494442,-1911.2235991222067,-1400.721402121726,-1431.6864139471095,-1024.480263902043,742.9604506193923,813.9043568027113,794.2356348351522,-644.5485625727675,660.6802758186926,-339.9933041524727,-282.72298198322284,1381.2277081946856,-1576.7405341222905,-997.6784265203872,650.5710036452682,356.24271450059297,-472.46806974260375,-139.90427668704493,-191.27985267177561
1142.6163149275396,124.15670274736006,1725.764593874212,1668.077668676336,1541.1161847737153,243.16678986381726,-91.9779142510853,1031.5932705118778,2518.3818554167165,1111.50225252721,264.15013435148194,1263.0844571182663,843.5114682701003,2958.3562416575805,648.4168227444502,-635.3565253902409,526.3711741014091,409.43833878311113,1106.6899013486668,-1132.6964807029926,2519.9674158778876,1235.0885646020595,2317.850543622953,683.3571622604925,1764.354338215761,1830.0539225078714,429.5782203062568,2338.9399859435493,1631.2214985134417,685.5104962319746,1593.6595819540353,1790.158104842941,513.3028299518485,1323.3240949970043,2390.537077402784,2675.9150884109176,2393.6714501019255,2101.924616586212,1403.9862565375183,1192.1042403553713,1323.7398570242508,-152.79076223399093,-33.391178856742144,4081.183563250292,919.8224123778776,694.6102530077596,1020.9950024107237,399.62915821734265,1965.684987968451,784.2789181997177,655.1364005787525,1507.5575933930872,3517.173613170571,3187.3048283271405,-199.55619922996607,-453.90301815366166,459.29039297210755,4052.46000455975,166.23602435237356,1038.5100739955094,1447.0149846707336,1521.1940851930544,1947.5312090478071,294.71512688189927,1827.4640361873364,1456.2907940265036,559.0659600504911,1730.1292627228502,-855.4049204305923,-223.21567258420083,1026.1347458179694,295.35351901631464,1032.1996562672416,454.2785678991521,-732.1946224316077,176.63278276404975,2484.308252109706,1091.0059531304441,769.0704193258058,2540.9385813685303,1954.9504028030176,1820.3669417674282,750.9932185050263,3647.2368041072223,-642.488716715627,1133.585079697114,804.2335947804654,1327.796091961845,348.7880367326021,1380.656357164473,1311.7002396127339,1844.9081983355727,1006.3615957113649,1729.072979584532,2760.0979946738935,3098.6409657784266,658.7955343259401,3574.5299222916174,1422.1794603011242,395.7866487566107
1835.5133333820754,1878.8072488397,2579.732435451168,2237.790335535516,513.990073752947,1217.3905463022468,1055.3262673427705,1892.4821627490692,1016.8317829273452,1460.084386118039,1163.5947741427772,2533.074382156467,1753.9141211150582,1459.5180445776934,1863.0396633434514,2638.1532966832415,2176.667515782443,2633.7146384135513,1663.287094876409,1689.5577000411506,1406.6521013325514,1315.1448024408312,1528.3551071602176,1693.8804204649161,3866.206284310733,1450.8258854361934,2064.2629050006917,2266.2851983785795,2495.4909215601683,2510.981567304498,2035.384993190676,2043.102535293306,1450.8836392783926,1499.9619127843812,3531.005055624065,1398.5703057914636,1920.4839416394304,2021.4967755688883,1875.8845096573339,1547.6375465151507,921.5559081934499,1962.6801207087099,1847.0446596954632,2466.177479642903,1370.09484071885,1509.7799218032228,2330.051969989374,1335.4372616367043,1887.8624905305908,891.5632879416402,1461.1261426809758,2088.4703434688836,1707.0783528129025,1740.515780652455,2221.233379586154,1213.8982212838812,1943.1710472827401,2640.113823198142,1782.7872289775564,1780.752032861035,3742.7647456761265,1613.1907248166835,2199.625842664373,2970.194599111285,2569.646353027975,1749.522861328574,1140.2230808895338,2552.2927346370975,1003.4824736672654,2944.2535323983648,1540.3677752661245,789.0505913704262,2418.4879672397765,2165.3631869988376,2459.570108914791,3271.182829552372,1583.5995546363747,1020.0878026762695,1037.4508508763306,2736.6072859983537,631.0915064973879,2032.8239251139303,4315.39891548787,2613.8549470883418,3385.5147402748794,2680.8691627674716,946.6193941563375,2116.66103216267,1372.353172597882,1195.248756881479,1587.925494020428,2529.7758229345236,2389.2543433656892,1542.8110064580576,1888.0318897742286,1079.9991043078094,1498.954303514427,2030.2628014444506,1303.8107283604377,1275.940596418552
-2692.786834599979,-405.9437588445269,-525.9931903714154,-1213.6652460331563,-28.077333392403645,-2681.757775395748,-2072.473184067523,-2673.2238315701434,-239.27025654938436,-633.894772697726,-927.9598315034815,780.128635394875,-1569.9353642622825,-208.4921825124417,-1346.8138194549178,-1248.5868812653755,-115.82348421438263,-1142.456380939954,599.4734084069881,-2602.166034794894,-1085.981063481502,-539.33275188935,-1801.7014251928574,-1186.031468668758,186.34728284913123,-2494.1019880820973,-1216.8798038988252,1046.3591257309092,-1278.968791028827,-3830.7085296853566,-597.8106875261018,-1735.5243955926176,-1488.1853800109677,-21.506335312429986,-274.4729594979908,572.1757728291752,-1126.286757291971,-1431.2477584371657,900.9126150558568,-968.7939624274962,87.17824610332333,-87.59056783450954,-919.2938582232875,72.08046107346362,-972.3917339742845,683.3363206011753,1042.0276978813447,-103.87198387329028,-1378.0361521793284,-572.0939789381288,-472.7428773001076,-1558.9055216139345,-7.004367421959669,842.9773621903875,-3726.1708527726732,-150.43679745322228,-1381.7589053494012,-2288.3600474091472,-835.8240609985622,125.77887757875793,-3764.2467526980163,-1721.9286763360858,71.23529377445948,-2374.165987546297,-1765.1670734971153,-751.1125245407278,-825.7924564399585,-1483.8942243907625,-2449.0603206677965,-902.2867635577365,-559.2675558020733,220.00860316637372,-985.026229765066,-320.99570738385114,-1140.8368352406846,-1023.1143972502559,-742.3381539575889,-1368.427231200433,1125.9648620761177,-737.9848109361352,-1741.2506913569628,503.71769097358793,-1667.6113506198308,78.526748649598,-1069.19609049699,-2513.7640691323872,816.3753436231353,-807.8400532931876,-1707.094995088985,-680.5744603067343,832.2331749985922,146.90643624817542,-78.57036688202678,-577.2954505123271,-112.24380053457678,-56.06331400389214,-2294.4822292341237,-842.3529728918754,-1810.6029980852434,-668.1418373450792
159.8053888359145,-697.6253346848624,40.876662260831786,-696.0720453892608,-33.073326289153705,-549.7971500327682,-409.8049779245795,1260.8971483642963,-295.16278615596605,497.2002571618411,-74.62352089742312,-872.8737174565332,110.85767536606838,-1030.4665778912793,-794.1228704426564,-654.3681265077279,-734.7837373058118,457.5418862024506,-1055.8896994869774,299.9052016276234,72.77087324792227,-1065.830303008635,1317.822331352998,-1245.3102973697173,-568.9038925040454,1079.1888895458935,-350.4650815722311,-589.3650674035459,341.89053851793085,51.093422307701154,114.04349564410094,-422.0229592534195,395.10924182415727,-702.2974218035499,158.53316773370597,-1013.5958958755037,-283.3862116357229,731.6672006035382,-1283.521163052451,-129.00097893949055,-888.0301343163138,-251.57893775139542,-93.2377916840341,-371.80176261250364,-268.17054004559304,-339.65575950415933,-369.59968201932185,-758.3311348450536,930.3853401290544,-332.9754315314683,237.58644188351641,358.7117515606037,-462.49294423616016,799.3556934084188,2192.8810367451874,-1406.1816513035726,349.9243074076971,837.8559943624415,-529.0022315795011,317.84170930240333,662.0979065963345,-562.2235252175535,-466.0845946370641,384.90259102132393,-92.81827518904304,-467.75857067770323,-448.4467629543974,1229.431383771499,-125.49710967514831,-54.38863938964706,-1383.219141857823,-690.0368296969064,501.56373469487573,-900.7945697924707,-776.8700682466101,2019.7657418902302,598.1810395113243,-308.4933606018927,-1124.1032120336583,77.43453430478631,-1267.8508977466786,-46.66208252785411,2050.637792776301,1865.7005047394189,406.7047658416851,667.5241903880478,-893.1390300169388,-55.77381167552219,-374.4213121671106,38.57174001365491,-729.3149662048911,8.609102763396722,-270.36333470020446,811.1056992501951,-867.9857985398686,142.6093790840077,-368.22850991641184,471.6598670706842,82.23273020207571,-222.65612118374588
194.57606770127356,-1234.5362291555803,264.1103400563424,-285.5784242877862,-560.9176836205024,1592.797403376277,-462.1046403070879,115.3496639900838,493.0798849608749,417.33024419679356,-555.7993949734667,-128.0474362966324,191.92138242939947,-279.90086223207373,-1067.332666437019,-393.67842439847635,-1787.3080594067355,-1181.459840436603,-1042.85536315982,-576.5840774612396,-498.57522800002727,-1253.0234997209584,364.7666856260775,-148.6293247654023,728.5200327795853,-289.3743225263496,-1148.7105139902292,-213.96333234367629,-65.51947025930798,-365.82291722856235,692.2263521103828,-985.4430264080946,1811.7161054573971,-1329.2342832982074,-401.66882294909624,-2029.2217508729138,-264.1148848308777,889.5019242764964,281.95313333302994,-738.5524738851487,-992.298831421692,-761.0933350407668,-484.41732788419233,-248.61440815841965,-278.04311745056685,444.2931979282513,-65.18982432941418,-722.1479716516582,879.518574264667,457.85679808842394,-1082.2780289518462,-1436.4772718202742,-402.17714515979975,-1411.080660122778,-527.2830073623586,-556.634079714893,-374.73377342235364,-1236.2418342448448,-1108.7481068176896,378.5606797266754,-1826.7020948497275,-363.9155719081786,959.1001145202662,-287.8900157781622,67.82407554732669,-1359.5024886323868,-627.8094686012976,-1595.1019359901602,-848.5991679555829,-1427.9091946584526,-1239.6963992968358,-310.6115950760361,398.7001990038975,-842.7101316313091,-568.0366063925374,390.8055771714118,-375.13338637397396,964.3107357519048,-1210.9054884611087,315.0849452460387,524.8527494070902,388.8623513493061,-1015.191819330605,-120.3636551137181,-680.3635442644619,491.8490417514881,-227.14288628329064,-1891.3872823457914,339.2000693534681,246.60614155679278,-234.5482164878652,-586.7866114711883,-1465.5214883811964,-470.1134667594215,-235.67611014766635,-249.00697587641102,-1713.180573578296,-108.5160243499624,-673.0375048161266,-546.9167627619707
-1007.4146635848779,741.7152780670423,-409.77222982246,-293.4994417607042,38.45715168615746,-576.7726740600687,437.44930046670265,383.5723690650265,778.6210206618404,1152.6419143287876,-560.86655344874,-383.08043940823086,-1119.5591603165587,-1839.9288678917442,-596.8406653974012,358.029914866674,893.9409524717752,1881.0354242476517,-495.5562672041849,2744.7455371749184,-2130.0420569219,1528.9807734234428,140.29724833568383,496.130779604209,-2323.960855857563,-882.4927827309754,1144.2244571049712,-669.5024450360404,-1134.630071374269,-186.3003073360358,1525.2019869080889,-1154.946062768076,1733.8958600791066,848.3415310465388,-1229.755111877516,-1651.7492983895968,1085.0862387917832,822.6655384960511,-2130.436556334171,-218.63474180726348,347.87495013488194,519.6082562169962,1016.6803674789186,-3188.941540944929,541.3185433601221,-403.3909993306014,-492.83270220360083,-888.6656392209642,1001.2772273089158,853.1501645910996,541.9982734105462,1437.1465430192495,-657.3165290124883,1454.876297233597,2549.983494445172,241.8415059953973,529.2339474937461,-1971.9864520303784,-210.44537514281,-764.8808966303321,2479.610651661272,-1834.5039217162239,-992.8075097842037,1933.716198536689,-1211.4405621750857,678.0492430046583,1205.4574739349162,1467.8943527784302,2069.3759879824743,488.6757905765695,-91.85797286463348,-55.64059620118472,819.9399521202197,-136.19534908152656,1218.2223370209401,1831.8522468492108,512.8150152581356,381.70557454710183,-558.2309381568812,-1052.4734428318013,-2708.746764456203,-341.34095986520737,1107.8603936217264,-98.13194162124734,1957.9332825434751,-1263.1612494115643,-603.2037023825811,-420.5134701941497,-73.25481257423912,-1145.9199720976344,-650.1072309336345,-1354.8247360046555,324.69121289419996,2145.1617647715652,-888.9304861523509,-1702.9299820720744,986.8630445680302,-406.6391835590798,308.7140385815729,1258.598990848939
1343.1041707166044,211.77495934202005,111.93184803457835,-51.36395264995922,447.0653194553857,2109.5426788630602,1861.6308618325977,783.9694715611046,-158.91780080828775,-191.62798027562206,1544.4472305276813,174.2226374253791,1966.9768325323996,-386.4528591259227,2440.873480509166,-931.9836921311829,497.06652927847233,165.53233238704766,383.53063362502854,1140.6103554322394,802.2840789636606,971.3894761332471,-1054.5926453691197,2202.544356441707,673.5403982731509,262.12095482620265,500.8174391871243,-53.76781960847864,555.7508882696525,1544.028823868295,-698.3065785563728,-137.12919808037623,262.60533390687795,511.92825190046267,521.2455174402196,2500.226086323153,142.80452886229895,-901.320057615268,768.1254020101264,681.360166674064,1160.0274588966386,-1020.9510137065904,-466.177421641768,634.5049939599295,2129.722041785854,332.1191141024345,-341.317496908958,1034.2852122000195,461.05732792707227,514.5177531557515,758.2328774343943,-299.9629194573986,503.5653936064243,-1024.2664989896205,-458.50322650742,984.672201944167,-319.33585013389984,1309.5772631704388,1255.7672246692584,-990.1549116535397,-279.36922383170395,1478.4821455450572,1300.4449863031678,100.85297417660689,1640.922475211688,1131.549307164215,2721.492364560359,-880.7911578060757,1321.8897827749456,-985.8003213527271,1645.7985671925192,751.0451520580543,434.3490796950969,95.88222740437617,-356.213044337586,-280.61579600418264,-331.39339763361545,319.6087088689192,974.694765927094,-199.63384956413978,1529.1384063601452,-152.05224469572025,-1132.161151635692,-574.9789743697445,-1802.8287915732612,1082.7227288211766,833.1425824384559,240.23684797383422,2499.938658248928,960.3657630044422,569.569277765324,486.7745610589102,-707.7350078187685,-202.21441601711868,3059.8070146109885,524.4251275833698,2223.7581236549736,-359.52021826416455,-239.78645327434003,242.78695496626685
3910.272802582915,1619.7013140179658,2509.15099499105,2913.8600891322476,1323.9366107776798,3349.765653488752,3510.1354576434696,3372.5881869479526,6126.531731282881,2441.184643315823,1522.1870303547641,2886.0239480794235,1830.9394420193626,3955.1999584985438,2362.7792865575025,2400.134839862055,3703.3141485105293,4855.327331698074,1134.4594381267352,2004.154642233126,2562.8005577163985,3219.5550789334275,3691.4871404700284,3358.3297126273915,2267.297581549317,1422.3483887164289,3482.039860803843,1166.2227141778692,4256.7777302405275,3395.598867457036,4393.082979809995,2921.480698905699,4148.183152279242,1398.1574055030358,2216.4641673464153,2555.831838914584,5204.843846510036,4662.923732520631,3612.6973732073734,1237.1858920921306,1692.128538567191,2063.105292596018,1806.7879777558585,2629.9452324310496,1988.7564191841716,1596.361647757009,1406.0758983326318,927.856066614504,2808.201435710125,2792.0737415487974,1554.494756180492,4089.1630084668086,2637.5100635918593,3694.9281621195264,3595.9189514988025,637.3345356630299,3290.4118434495,2861.6979995712695,1827.0071275185942,1233.6063654539505,3239.3478283437103,1574.1861597045124,2971.9689109068004,2786.0077286819887,4160.114158778084,3044.1513729576513,2211.540727043109,3580.857294460124,2295.341454395632,3297.7267718604526,1268.5661288888327,462.75899777978265,4700.032141240246,2531.258628296445,2479.9179800849843,4403.622662517806,3969.2904410463034,3407.3614977982984,1376.3648750589311,3333.1891601276284,3980.2147902173265,2622.073550332342,5802.661982633924,2651.893223422069,3057.6992469734328,3076.2562131847285,608.9476132711928,2745.1433132417906,2881.9571721696975,1624.473039873488,1935.217064410268,2593.2572522268397,2842.4944800577514,3326.594545436127,2245.033640563351,2849.2148425443456,1612.964701460087,3357.005886767122,3457.629129785199,2726.1023895959693
-893.3110557480354,-868.7595618379373,-1235.4713586310434,-771.0869820590227,-647.9382868689652,-1090.1568301584848,-949.5797466247677,-1161.8951861089608,-2514.2939632436387,-1291.9057041698943,-561.0127966638304,-936.1985566144402,-949.9615133979852,-698.3335825929433,-657.7474703337599,-848.761050557861,-1305.221153597086,-1790.5660548113324,-496.3742096171686,-854.9308142580171,-719.8440254338844,-515.3941033104732,-1935.0318648273567,-539.4451193339037,-885.4269697416283,-1055.5664822266913,-1588.7631240623134,-474.84302760136035,-1586.688853044262,-1163.4794788482334,-1694.0462271568276,-927.8656117158641,-1659.7523985233076,-695.7693566469644,-868.9205317113049,-730.58321392762,-1158.0292939320907,-2579.962161254861,-751.8291673676972,-522.5076072167334,-467.01040913294196,-429.81947664401906,-1035.1125301258403,-971.0835640994019,-1608.5531181493313,-672.9510584239426,-662.67228557036,-660.6409689556774,-1421.1779756586407,-819.7995962284629,-491.230475396893,-2068.380630388873,-671.8136603780302,-1633.82854182873,-2642.3785367754704,-1321.692223036988,-1311.5833744306997,-861.7949794935388,-887.5572253705267,-1022.6493031231454,-1111.6753816651362,-505.69816540263196,-1460.3625795506498,-1195.0755396869467,-680.31381661432,-832.3439541760295,-611.1866257787783,-1768.1266009365572,-810.2145471133024,-637.7217717768241,-375.34582906937703,-185.4514176576218,-989.1714258316714,-1009.680923899867,-365.50408211554503,-1601.870283532287,-1243.744978774791,-1265.9037186816213,-231.25223476201737,-1697.7508936054933,-967.4091560650832,-1215.6960262896514,-2628.7167142392486,-1414.089331674752,-1009.999295022447,-1032.4834909389288,-209.19521562559677,-678.2187894418139,-731.9060986821306,-1060.8927440136126,-1356.0069081902307,-782.9805259225059,-825.0750814125881,-919.2224697970241,-849.4880663562981,-375.28092715724176,-253.7860551022739,-1170.9676284138743,-1217.8647594910642,-1297.1750059911833
2904.653553180057,10.528854425630495,682.858236394601,1309.7584919227638,1183.9849917059548,2134.7426969280714,-1035.66945887947,3022.386078459397,1999.2679836415045,551.4251756954909,332.85878996929404,1418.509842273477,-154.70982712494353,3236.9150947059147,423.5011110227884,731.9891946594653,771.7566447962187,211.62979384354543,1020.4154146167192,-1635.5431332868525,1134.334451117512,153.63422149783815,1322.479503530342,-184.72849077739673,2827.1440667764523,395.39851183068595,937.4940988640789,652.0233066800326,2502.919848443267,75.90867642487362,2623.2340526758912,2643.551638127873,2278.1594594616618,-119.90867612920367,487.1551995868166,1244.1740731602067,2348.562968435597,1785.0958543383679,2621.49237459352,818.2587433008091,505.4419992504797,618.939041764039,236.31627534735333,2379.2272718945615,-294.23588862492784,2093.61008352652,1414.3425838180626,174.02956465595707,1463.324210963556,1279.7430361341733,92.42834520389825,832.8395720746012,1735.6520795726287,3060.897857708015,-20.888329303731854,-552.0824823775762,1701.326974431094,1449.235574138649,-753.5264281924055,2679.164149160552,-581.2382107332478,1172.1210429925586,3091.1619913268178,900.2415763844587,3424.601133966707,1452.2228602780672,-945.8260209124466,420.09194111518065,-1230.0496090784252,1035.2093867173216,-318.5482231562136,-270.49544257564577,1392.780981540826,745.0617638873556,626.5303686439554,1572.6077370167613,1635.6044468588284,2203.163187332064,1311.7397531213246,2263.875354617292,1904.008720520329,1209.8682569434047,2351.8422903198903,2242.2834143664522,1671.1535326194569,2489.057540886673,-110.7100541459394,2353.507715358537,472.58619081014274,438.0385993922408,2570.138954352953,3225.04416651083,2590.7828668366155,1953.4647657399921,-253.4366406700263,2177.1319338411267,305.71866206164106,2598.581986147133,1304.0184793401054,771.1212236528271
2181.278821513609,3046.6413086476364,3778.0600615026656,2685.8057846437937,1387.7884766291993,4113.095616435133,3373.138266002394,1054.1725880566573,3324.5577710475327,3384.1799865186763,1092.7771151925472,713.5479770426955,1683.96733366747,2559.681215781372,1019.6984196230115,2637.541478351387,1488.1224060662864,2716.638357413859,3282.629801409472,94.55636142407145,1638.5556124137686,963.46161502505,3659.390980560017,349.6322995897007,2627.206782472067,2472.5078387707686,1232.4260987314983,3362.1277134603542,3366.5153359242536,1362.970693674243,1487.4301309798964,2388.0067799403146,1649.8539782659682,597.0741161998657,3482.4694478185293,1257.5934321384937,1701.0303450139127,4051.1095463025463,3616.0617104483326,2925.4634234942882,1704.7244405749263,1080.6457940384512,1633.3271581838571,3506.202304631199,1387.7916087622839,3254.7639118925313,3419.7415500368857,789.0087940956831,2884.8676017823122,1217.2339742130266,1268.88998180176,1903.8623902530944,3171.4695271381484,3517.7194717049965,2532.2158508490143,1049.7876634623274,1776.5977611959522,4183.964282844934,819.3011526914138,3030.726097827349,3391.3015958623278,1699.1812601199692,1966.4702600280777,882.4575986265255,2487.622487923839,2748.1455766647337,1796.3588928041281,3031.4544705274293,-619.9390358768962,1956.856676913068,1390.4243395659662,211.32024281147247,3439.9357427832815,1736.308567669469,1459.309805393171,3750.6362914194033,2723.572144076698,2681.3152049353193,2334.990785928232,3235.5892322019768,2891.6832090428384,2425.594670312439,2877.373067772123,4698.876481866833,1626.3147206122533,1492.1006659206028,2253.2429943367642,1408.8266100006367,1213.220066311535,1688.514646210417,2468.8934904570638,1449.2150021761622,2387.86353891313,2738.301904884921,2760.083434915459,2972.5722768240803,556.0937606591291,2948.149982585105,1356.280806205783,924.2224231814628
1739.7609057958355,2018.8525620711705,3065.3637034697763,2225.196269527962,1206.6067206969772,1392.3884938422389,1133.8027650912795,1722.5046571046566,2451.380899568806,2177.5771728057352,944.0543662447467,1539.9864095553169,432.26819091807994,2468.735917346691,1843.3816166246881,1935.7763595865226,1635.6960097026936,1370.794737466417,1956.0381515734878,543.4006935213882,1185.5829782360802,1850.6281625459753,2016.2930552208754,645.7482680980767,3062.5201002893605,947.1367624519264,1611.5689887172748,1392.7373626203014,2443.332808526796,2690.5341033803043,3072.898467998943,1672.1829999260556,2325.523293379182,1746.7614161300955,2567.339371894899,2162.848003684594,2423.1552044806153,2894.8178139890974,2343.8188479969517,1370.5384556480744,1641.7444657151082,1037.764603162883,1029.6554613241442,2522.9502122743843,1622.0828638411483,1938.413577730302,2071.748594392101,911.0034455800867,2243.477288088029,1453.2985363531182,1201.4147190737065,1861.4597655868363,2748.930774645041,3333.740312920047,988.7151223513969,1411.1039358227608,329.7686293374969,2022.2035703925699,636.1401976578048,2335.5099581980758,1808.0610584091621,950.9367939381018,3350.021172353777,1112.7239861417952,1801.5092322950893,2327.7670977137345,1667.767766970614,2641.103705097842,151.60914631085313,1100.2816886116366,2305.372671030243,372.0306922010453,1352.192650448799,1752.782613765617,1114.9488630266428,1967.9234246854837,1729.9493639973582,1024.14000371448,1770.4028685359958,3091.6951643740667,1478.3505656607174,3131.5340717080458,1007.2701469843632,2214.987200358567,2183.2916651832425,1421.7020472725217,1334.594588012714,1792.6890298581743,1646.2992961841298,1060.319638700195,2617.3071408400347,2629.312206060951,3511.5581132187817,1792.2512407870233,1752.0371804240935,1231.002665546114,1150.2505463163898,3126.911749989849,1572.3246052749064,1297.2694713966548
-1234.0443955413411,362.8672439013056,-550.3009021257142,-1307.9073979366326,-485.14600575402983,-3350.0516986476014,469.39858395855236,-2178.435006072676,-1774.2016152245221,-1446.010332646284,2.850342757147571,-232.3910397792795,167.42292350270088,-2220.41788301872,-1230.9005693940016,3.2242474018727427,-324.00718503403425,144.66342374856902,-1.29879388496613,782.4561982427119,-353.60098609868487,-1061.663391066144,-1203.1929222207298,-897.8582018213217,-1803.9672063585276,599.1449399825271,-362.5134018103557,-512.1261920394409,-532.6637278935322,-557.8628613086391,-3099.1030244243516,-482.7929064934056,-2592.5416789391306,118.7649369875934,-673.1791711898645,-1803.276579337494,-1563.4456544854177,-1132.5054371416238,-2018.5502147242466,-640.1185365386267,-735.9968397793238,35.17676222345444,453.8154341511944,-494.73924894348744,130.05793541773696,-1134.5337250306775,-655.0204086766038,1031.6301396503761,-827.2780449034165,-1426.7933395568416,208.83457306747667,502.0487371921519,-2218.0786270068265,-1424.081346251128,804.7125675122585,1171.84798271995,29.106924982834514,-937.1673350491659,1384.2584184490727,-664.5621960380031,351.07862320081483,173.53905647936816,-3426.141652993391,-192.4009659056067,-2460.3659485401895,-1674.1106629471715,-633.9123081829273,451.4905304377281,1118.235393477366,-54.795290932127855,67.71864078528574,286.14290765025794,-964.9778663058623,245.28067957669643,-484.46182714993535,-1015.3891363581952,-2023.6585752429205,-934.6468263830161,-1020.4741656356235,-557.3373670624599,-809.5199919970955,-1224.5800860013564,1044.7636494833523,189.43926489222565,-539.1414322504341,-875.1403188215457,-32.12002139343688,-1256.7911733943847,-838.0830150482277,0.49306709802822646,-569.9894404014059,-1472.3294829857687,-2147.4296317731605,-851.1882833132721,-770.7280742843218,-1088.4508498253633,-875.5640232707005,-2407.457087939013,-1367.8976334011998,-896.8667750348333
-361.78164013429216,-1051.3648518298473,-428.24712823811507,-342.94259446825254,1.5531350902713608,-1389.7985939019354,-851.7268331398643,21.238309020011556,-946.3784772490139,70.59629915158817,-728.9964915840015,-1795.2879159082693,651.6874733871359,-595.4906266467553,-115.31667099966717,-1511.3154798834655,-3759.441055494402,-3783.5247876903313,-948.1775277271175,-852.5961488112368,-351.98363327763605,-521.0853756479927,2.007806985429393,-333.5253898765838,-131.6422537955254,-944.9225664096027,-4351.4021921100775,188.20656254193145,-1395.7074710225227,676.1542104535138,487.47353347607543,-1781.253792381709,5.201712925446057,-321.19069340067745,-453.94479990790546,-172.08284968487675,-1270.5647728349513,602.2552233179339,-875.3641623425837,-131.1890138600921,-310.77292632524353,-789.5458738430217,-281.0628308573884,-725.070679627858,-496.56788709652716,-812.8464948199104,-214.11145618775475,-620.3783793707648,-105.04624230720215,-241.30252248904483,283.4000589507555,-2257.195271687143,-214.03506640456635,-84.71702423819248,-4505.289258776412,-1057.670228751565,-921.9024798731267,-821.5447462435045,-1096.3275622371962,236.10735448897293,-1709.4508613368225,-414.3883675755693,362.15216627764784,-1045.4509034571774,140.60486866173977,-263.35663967057263,72.01123240653074,-2947.5645163329636,-37.67202729678112,-1514.9902188005472,-690.5852785185994,-172.11185608480318,-607.6361548466627,-1099.5024888797602,-1302.9946897424218,58.03363652702957,-232.91978668650844,-1580.0948349850817,-502.30518545908865,-639.6927031784755,-1411.4955072206635,-511.4292311976016,-8714.723963371627,-428.944032215769,-855.3676666407997,238.33779160341837,364.27930408793713,-324.7731434169787,-1046.14693170709,73.59552954499954,-0.6316294597930681,-432.6837782501645,140.2652734679107,-371.7849790861541,-176.4862951531944,-267.29875218600404,-413.71199186889436,285.59306380840934,192.09295808680554,459.7987037382554
-592.599522262114,-1423.7255544768302,-644.3938081831183,-321.64343574208834,-992.7971019813926,486.2783835003847,694.915460634926,-287.21929464487954,-479.92240386651406,-525.8236363844763,197.1429430959976,-373.1815682487711,1457.3358884899408,-1419.3987910641188,59.02802012391308,-1519.4260046497602,-819.771093508381,-79.89933772238568,-1426.603198114816,934.1518916886746,738.1946532784492,-698.4263439517447,530.1913730490319,1102.3605007027882,-912.8959530064409,1499.4952570883893,-112.01089887499126,-87.59728359887664,171.546978760068,931.0407491492064,-804.4783184749525,-1025.2373412309223,-47.39408843803073,-911.15682800101,-845.866394515306,-292.7481824727709,-148.0420430156615,-701.0673758221824,-1968.7904660358251,-1405.322818344251,-1723.0673106873232,-825.7149742059603,-1020.5145892073516,-621.65035771778,550.6429679325107,-1250.130019440705,-1760.0922140540983,-560.9271379905551,-533.4660283514535,-79.70555812677392,123.87726366826023,-1364.374095598115,-1489.868247517882,-2306.740008648021,581.2647396614577,-304.76951765630287,-748.5253265994353,449.7078334450932,294.0663284689951,-554.9732600665518,-1449.475212729364,-225.37136284623773,-986.1237180769182,-50.02851334990277,-409.76707110157264,-1772.3979627890885,365.2599403300717,-544.9650554220746,624.5061008573501,-919.2195933641453,-994.036391317829,-198.54763527199378,-33.41985927718697,-1264.639182783983,-708.2442848413648,-452.1309363712787,-134.77828322292532,639.9024111570311,-2139.193102225132,-1373.1874237203342,1230.8449540129557,-729.6473855943142,385.80166063237766,505.1296645880754,-1759.9667074289334,3.6064029725149407,-553.559983994219,-1511.9932481834983,626.6491321749155,-23.41390652697376,-1868.0398787588908,-1310.0467542646632,-1683.9561362963213,-390.5672294891307,-51.189866156538685,-117.21471977071552,-178.51306676722385,-1708.3291173379787,-355.5233282900258,-298.79285087405435
-1848.967619686364,-2039.7039451902647,-1486.2319190942,-1633.1071406600452,-1009.9084233720765,-2197.7782288628127,-577.2252304423812,-1969.2339993110909,-1992.454477324669,-2346.8649001140625,342.18106723799866,-310.9581048877137,620.3557809746397,-2008.430563793913,495.50361132365595,-1656.5740208578682,-932.1403133955357,-1087.5156797518366,-1928.2919469022663,1292.1258572329382,-412.4147090200005,-197.56301404245374,-2467.9706322009492,1186.0528024242628,-2930.2337421204616,-1067.5340109202966,-314.2745447123115,-2244.84437989445,-2815.100874573304,469.1141870569569,-1890.6014180471416,-1672.6269143661914,-2053.817948130194,-51.85172767180336,-1648.2784714879735,-11.101844355165987,-2073.128936077568,-3712.4731959278943,-3043.8266040453686,-1001.3675504694573,-1092.1824479496752,-1107.2338587742,-379.85170119784607,-2879.852001201432,69.0776688854036,-3240.5372577686576,-1976.453196705387,354.18834871614007,-1393.23346422143,-948.0955812566773,-704.7969863607001,-844.5606150101112,-1765.6994880215652,-3855.9739498339613,-917.8972085278474,180.59163548525783,-173.50455016387966,-2919.8653351072867,1331.253840737438,-3859.9113480545093,-772.0908220752034,288.15541992468695,-2516.1870808768153,-574.4033693466408,-2673.4396301496117,-1883.7028295430073,229.10123792957052,-1988.9287984809885,3668.4000642390934,-880.947242959547,428.2810590700729,716.3499595632447,-2676.850149142663,-1420.5722311260795,-645.6008651401112,-3057.8926450332065,-2268.242717756032,-2040.489475533781,-2188.44892365567,-2063.8031154973596,-75.72346699711792,-2027.970390197312,-2443.1883639838284,-5155.347650191325,-2047.1627398243033,-555.854177960473,-330.63856563119896,-696.7051280626567,-570.8370458553561,-327.8047384177925,-3504.0152129397816,-1587.059619217768,-3158.9740355125414,-1857.882890788833,-406.0536843381348,-1986.509787164005,750.1306803243206,-1679.1835664939288,-641.2257805121423,168.7808335769604
3592.620401801435,705.6215845579554,1795.4530689177707,1740.236757667777,1710.836770443075,4168.839630146365,5110.005468607827,4720.440998792702,3807.972974669714,2289.7778433978474,2256.635484242076,120.13506968743474,3873.158165212984,2332.1540680055386,3759.808049475117,-349.9607909205636,1449.5021129758804,1049.5162298398175,1249.802023295992,1007.6339443831447,2805.9916446225634,1674.9449745849943,3073.817193720536,3000.2729425657953,3122.0250510868696,3751.033556064464,1533.3527587245374,1703.522769944971,4189.990951052002,4272.376797356778,4598.950121242507,-1673.7098116318111,4593.076437762904,464.2989893801856,2670.2901407121285,3215.710186783227,4222.492487940189,4235.78457385218,3453.1307210051536,1952.3594788891264,1772.547470522383,-244.76087059065486,228.04659668716195,1703.2611973409914,3280.6166871416403,3252.614996126541,2180.8745700811137,604.4960185978103,4205.125811245091,2262.860235887929,2699.892919300523,975.0506591987083,3140.517025100874,3367.094121852857,-220.5219630762861,637.5432811129731,395.54896456019065,7049.976816246627,919.4559958466456,2140.0665924364193,-152.60441668226755,1288.4548771461107,3932.1228772064487,1360.3445541511749,4465.694435891262,3065.5899363592853,4561.759329620318,-396.9241588467791,137.5057122447057,137.3046608221062,1341.7557931072295,355.7253516964887,6215.0912117581065,730.060797388397,-111.88736830649356,5736.095204947166,3390.6350480375168,3104.1756536424828,2672.5077834073954,3570.8317454232492,4126.121950310721,2556.106505105474,1081.4837846621297,5621.571291943015,512.2945336228356,2475.6884703170344,2599.7478475717335,1756.6538013666925,7155.157469874799,3541.6397913704395,2753.759482828275,3178.6314270355556,2422.3220956135915,4914.8424889578455,4978.7477134308565,3194.709881401735,3552.2674220657964,3890.8553525905068,1394.073496375224,2660.822925050386
4605.07077292155,2160.01111993442,5667.488317863654,4914.102184206483,1369.678849736296,7015.8209495377405,3892.3826716165813,3341.9032144148528,7355.209112678645,3818.5256234461863,2139.6667967605626,3876.372828529571,1295.1380330172753,6785.981030949348,4796.464183772691,3270.516619001409,4136.624425277413,3531.317617929506,3493.6464382591957,539.572919694017,3556.1557668065066,3441.5401573347535,5322.333795352828,4378.166209427518,4605.586801738957,2172.5436165833967,4305.4168354723315,2756.0836320696226,7402.28953133322,3773.633676829456,9208.262874471278,4592.970863764454,7645.492002097142,1292.741728253246,5752.552582455123,3091.109563757215,8678.293588820805,5868.465908886534,9625.269439323842,3508.5160314882673,3361.127667523562,2436.9563014216847,1949.0265175195914,5631.865372577867,3876.8071005300812,5658.2650041184515,6707.734706781124,655.4913741824445,6481.206792481899,4359.500582129223,1246.0645791018953,3167.71044239657,6082.855723203013,5923.281847688644,4497.857421905276,1383.4825153631268,4266.2016753784255,4466.620874813089,997.7572994156275,2184.809888524935,4591.4597684107375,3927.119911094919,8227.641451992702,1914.2344455445996,7328.891412538216,6025.420085085592,3441.2262222212244,4052.572064702354,-84.77957944589446,4816.319777048716,3581.459626667772,769.5518058130714,6827.7815536385515,3103.962348878223,2896.6380279341024,5715.794232673343,4448.862394241581,5569.488185095391,3532.9574112719074,8271.198014012978,5927.094932286868,5272.127002812511,6974.821317838089,5459.1848565694245,4395.687283483258,5406.456490498662,2192.871058115178,4683.3991287126455,3913.8765544107005,3023.0446148891483,6530.027923101207,3782.9866475118993,3969.7624158410076,6264.654934486889,3569.2213781972255,4185.827693337112,1943.40453889817,6829.664083882422,3293.665507738739,3037.468354562402
2742.6786749412654,777.8649238081038,2546.3337887614853,1621.3739781861525,972.5587420572944,5922.8081859107115,971.6138785984404,3062.142343212826,4578.312707273957,2848.9317438060234,947.0330575541351,1185.1333865032027,657.8989880733762,2610.307942430322,1371.594359136315,1413.785103489026,2017.9445081806148,2338.035532420345,1226.3810619248102,-394.75779430620935,353.68705024041816,1261.7937998173556,3998.8038644071257,452.9678590923157,2599.222692431495,908.0820520828796,2564.9999223988257,910.2579272695037,2443.9647292543714,958.6341015337433,2758.609808733086,1600.0289277904435,2602.728726389124,242.4770660449741,1645.0133456705416,122.72394196982648,1925.9614170622829,3354.5313373035847,3362.777881766548,1333.9472341648284,1212.5015014059722,623.2264189990398,661.5579987071254,2169.136812714945,423.98958640733576,2824.125948248563,1482.8503289634089,206.9851722438991,1810.7698439020162,1566.778685883701,526.6121985591396,1191.0198484312143,1653.3986877585187,2682.723869927394,2342.247584315398,-174.36087103449952,2285.1874335944945,2820.1325620582174,492.1264246943796,1356.4670709588268,2145.480416847347,177.30297875670442,2580.3204440281647,1391.8491258607614,2719.6694725601005,1630.8020626269392,906.0471863545622,1646.500144650234,-666.0410110803144,1657.047300281849,247.49579042850564,-283.7868359817817,1911.689623954694,709.9574755110613,1033.7879774448197,3682.8398646725745,2141.985482812578,2714.943813112314,1679.5792660342915,1908.5921683598083,2111.366623643206,2371.2200351920214,3395.904522626438,3022.1409797208767,2117.6729648219634,1529.1294880375847,779.7228206483794,1157.2232991951525,2185.186900880813,956.8160059969425,1189.1890584490711,1918.1018047286486,3141.332873797533,2373.394733773805,1010.1220342629217,2330.5477778405634,380.6983662191925,2211.990968330379,2863.658537395989,1797.4523695162845
3700.2082731513938,490.3311582127105,3278.4737849188605,2563.3806778218272,1825.5371595050988,4275.405104973894,4113.367280733623,4540.464037734684,3206.0312892599372,3459.5358785186986,386.36192818207564,828.7063974438479,1990.9485583860794,4170.572776790115,2393.891823172005,2160.6585072730068,-463.4217776126516,769.0369801751659,4287.33432037066,-42.712010611899224,3820.5409795989603,659.1982198935016,4178.512914724282,1391.232053557856,4177.061841982652,2726.544183215033,-20.74905421564933,2954.8791607353123,3544.753956996805,3607.3549098673643,4901.900652138948,1705.0315274855734,5424.949274295801,284.2996662887162,4044.2249848104584,2285.904288575122,4366.353447589934,3589.7896064350716,5911.7037660869955,3332.7674397005,1850.7521500677033,957.9490295364567,1113.6761186203876,5280.9122188820065,2940.109293568482,4199.7017544514165,3234.4507891426633,-509.442337935217,5161.732635108771,2127.2742686652127,1950.0674740323943,1741.738541007179,3775.0721797350575,6052.484575657024,2136.7818112434343,-218.22492301382445,923.0791567894779,7789.508428045816,-1587.0194578839962,5912.198934767468,442.9774148824746,3159.282889693954,4171.0538991945,1711.550717262259,4545.910179357883,2914.1441157191352,2039.8211906393256,1297.657460582025,-1195.487291069678,1086.808082928503,716.1144522827184,-13.85813988058618,6165.879574439592,945.6802601447788,1669.6115811034917,5381.70735063943,4300.358964422877,5168.34430604487,2868.8694245859783,5150.83765360318,3613.9167910392066,3172.6051436836474,2302.4471828595983,5717.154748554914,1321.9753788301043,4420.130458172236,1973.8072661523838,2407.0805493499106,2998.0463936204615,3074.300232275618,4751.431024290896,3963.1558309466345,4711.758555700307,3593.3402911181547,3563.9812743428424,5201.847088826325,2849.23490715601,7190.61686236869,2253.055817611881,705.5649666684986
3827.1605246072945,486.59666723783425,2289.993401039875,3492.3183857111685,2225.010438577696,3253.480480432401,244.1060356394905,3522.321497910241,5059.6570580623775,1554.4127255585295,-192.91132632391168,558.7828382433224,987.163392775228,2717.308219935432,-1329.3374321608615,2520.0838973427117,-112.99223790845718,598.027641808932,2016.4537764649651,-580.1045576856992,2386.80684303682,966.3496314342642,2798.50728379163,-1852.4278903053112,3436.9380864812592,1932.3551249276086,-1160.610354841767,1707.71385431383,2725.164135579474,719.9006789909968,4016.305312289539,2003.8599335040128,3242.139021380656,742.5971043418455,1681.671852948564,-705.7411323435331,3566.1981273591855,2515.627579996471,3635.3866382804017,2676.9944539646913,910.0520495558812,883.3125313915845,1279.1117147418142,3901.912985029216,-139.30788573590684,2540.294917590961,2393.493234106011,-380.8405105496635,4040.6242806741852,1681.3915237396056,718.1131335236744,994.8075172811867,630.8273838156802,3362.2836605909965,830.1924894170573,-1401.5035235926837,1062.6440419129378,928.5267774246857,-1789.0657182076332,2386.8448071654234,1770.9696790678515,1731.3051141919973,2489.8804194733566,771.9637649379291,3381.6173630705634,2348.8850855285077,-181.2875238644523,1186.3838968802097,-1628.614974774154,592.7627227436348,-101.72903199853383,326.9200424520117,2501.5531574311804,1600.0304020293534,2163.214550341572,4006.3752119128185,2638.29490705173,1307.8238580681636,2181.4524529467863,3001.0454975319167,1227.3111083756344,2478.6354459293775,480.1555398536829,3356.224903997023,4017.989215966672,3126.5402303233445,641.3750104909052,1386.8814287417918,435.1371129392801,1134.1327662877097,2472.306990872365,1823.3720827702016,3690.8709109361525,6654.3230895191355,299.4637439363673,3546.0195916355597,-605.2034935451593,3085.3924738813994,2609.163252540789,701.9269918852739
3015.3523109330886,1902.5609279279101,5501.81968446881,3032.914862827399,2130.059580656963,2385.1148343484538,4485.163708171739,4142.075929495321,2400.342465582361,2647.9450788237596,1433.0635037087607,1318.522157467681,3918.2747134159918,1799.910962517507,4637.7863523566575,1493.782305564584,283.88866441727833,2279.853386445142,3107.5337931889953,2356.6991878289564,3776.8244956051158,1691.312713652804,3150.0772318946433,3584.6916213497493,3246.984331456036,3564.9855295829916,1720.5948096927402,3508.5973108944318,3905.8228363867647,5938.568844667957,2843.1216461433023,1657.4947277972842,4830.670760236624,1813.6737984312713,2515.333609460981,4688.475012483582,4072.615054115634,4045.280600757447,4105.9190262500015,2115.063933389619,1441.4134358526371,1325.8395815065928,1051.3049214445664,4648.246140479725,3095.3850006467933,2612.86040160096,1993.4011724657519,1673.7015616568651,3894.634370424541,1686.0971182648095,4606.275589928651,2698.8730956367217,3324.15587755835,5956.074840674072,3031.7050446608887,1238.961740733977,1213.6199699205695,8260.30312165052,1720.490298206907,4497.32659163844,1538.3567408214399,3069.9486179443493,4269.915840213879,2696.354327395437,6172.247203267096,2341.120835490875,4299.285803357187,2314.230399258562,1734.485228324067,1808.3794832988065,2308.5701949825575,275.8997813100203,5505.2417760136195,1335.3526653676715,1170.1647500687168,4770.390970741716,4640.968696973664,3218.9634421181495,2213.6504100681896,4473.894689534136,4433.717626964551,2756.4869091269875,3568.400190116136,7098.68351818165,136.63432031996462,4317.6169882112345,1825.0752037674224,2141.1341444898158,3944.063398120916,3315.2940006568692,2578.518815139554,3189.2238676346497,5307.366567411376,3068.4600821623744,4811.35970480044,4409.631421094119,4281.589057973869,5909.00812487285,2010.4263319768777,1567.5780526130475
3652.7021849047705,960.9548148484945,2926.0317567929915,2023.316373957157,1212.5035155945845,1970.368351486758,1577.2855027874841,2651.6289169196893,4205.877948646886,3002.0030313732295,737.1728487737087,1101.4624853665355,1101.012089397657,1934.287112682242,446.27367808502134,1419.0319163568668,194.25707075044903,1613.7554712214462,1496.3272825114602,997.1144474198201,1709.6267293184599,1616.7063133562708,2842.4821853730773,633.9767975126992,2505.593128292859,2725.729803358885,172.05564232193547,1522.089005398327,2108.167291579276,3033.82407104753,2896.8986094496954,1727.9948670530466,3271.8500910501148,1726.9011925958841,1939.134379920521,1346.2711831662943,3778.159026762352,3384.246275232006,1077.7363709576525,1310.7886916171465,1289.8759284245516,755.7615609444101,1317.267556924114,2280.44411416326,708.3109816931997,1436.8721344783685,1001.6571420907086,78.42696394948938,2281.499490497186,1518.725326811202,704.5902259374107,1627.119520560082,1798.4705853580344,1617.0058767349972,1827.3061051315758,842.8604077990422,805.6009479035538,1966.9344611609433,538.70201167265,1619.2081595338375,2285.6977231134597,1357.3896511844928,2824.402308201682,1441.8102810663195,1596.4833041350018,1858.2502623312935,681.8436446111249,1958.6348219268789,1901.1906723251122,540.4318505954004,1206.69200736393,531.1883322836762,2075.178086127777,1026.3507649842493,1574.7870532945756,2756.2053239005368,1998.1778850890614,2113.3749977103907,602.7297917165105,2052.233452058117,616.256826342287,1596.1353125867352,1051.6853173480404,1305.75995114176,2174.6227646018556,3491.631351250211,523.2002294941357,1715.8831875163808,951.5385543363465,1709.9229776509017,2468.2440796360866,2832.929002091199,1805.3501034617934,2077.4990518010313,1279.5448296438792,2039.8698114962424,439.91940978231685,2799.824019925947,3208.102031210102,1140.296978835929
5303.057025339089,1567.5243757818455,8170.64018720022,4610.441127664503,2747.990494972186,8191.337470459208,5848.471787341353,6618.911438857345,7676.155037471863,4427.698010734329,2474.1041511825083,1947.1147615146006,5225.713137174859,5275.275606254564,4086.657017095315,1935.730137476212,2285.8116194142945,3989.9105425655976,3996.9947647534664,1199.7033708662623,4656.754518914267,1972.5961966864695,6645.912512721003,2775.0150308355637,4592.481887743442,5174.461169709099,2957.4329619869923,3849.9268637092396,5962.101065681014,5053.1272407652905,7153.795969123452,1892.3687288754754,8452.412260334315,1063.8720686461156,4448.266906781682,3721.913122751152,6061.50838737973,9537.459932586771,8869.546608455237,3202.563308963733,2202.6859871308648,1460.5671355482548,1560.163956985578,5927.217688213382,3320.3325158602656,5205.612734467487,4104.374161025593,490.3475303038538,6565.109799091071,3867.6348616298565,3299.0727404783033,1594.5656535240262,5826.562362819747,5786.79653424637,3563.670672952763,-326.8478489951494,2542.9453788018513,10286.16052459155,520.8892266762699,4311.295733156856,2359.8871283363655,3437.9162888152496,7108.92025919097,2904.079841884934,8400.43420849887,4496.10838614534,4035.3984671226017,2118.314176175726,1359.674370817809,2477.175535471372,715.5544633079489,382.7334024472808,7281.396543679685,1653.7570215973417,2212.9213180516067,8458.410688620901,5303.351853442151,6045.120970840261,2915.288218692549,5662.277824340271,6682.910682305109,4428.73432289027,5108.676981205556,6859.903619373334,3567.021733010047,6031.562180960051,1926.6769576074007,3440.800957267798,6352.612040689652,3653.5817142551073,5420.196642747975,4424.797350538578,5441.258443925994,6748.07819906852,3303.2333705883916,5951.865838080258,2179.470279808565,6409.275189791076,5054.652970757087,3755.3556431259103
2395.4642199580867,562.8409974417458,1413.1458933765418,1354.3053973308117,99.96802659301565,2841.2601057511856,-879.8035969892521,585.7283044202416,1720.897100388838,2926.1626066396407,479.98711037052607,1739.9466959959493,360.13708569350126,696.0085428089386,485.4371961837108,-1215.6455312539817,1816.1415325234673,716.7773172929308,-88.96995220087739,926.86105083386,-1226.1218231305015,1534.9003908125367,3421.9296272390916,1915.665026556691,1131.0854162882274,1021.1733412028349,2125.43404628282,461.3101186831444,2643.146002143161,586.1192963747,1329.6075107667118,21.17644197732223,1901.2548425312407,-329.17013859265376,1763.3631712258943,635.1018553436907,1672.7072557967115,2869.6677397166713,-1325.8962986786983,344.58827006315823,1265.0637649729151,-266.6835480791306,-197.7713555484411,389.0728397550085,900.6135037866023,617.0514922904364,1501.2675037107133,-70.09515436484466,937.6042876080928,1506.291930744495,-911.6973935683155,423.14474812989727,1925.0954260952415,1012.0715668513898,994.7507046015712,527.93645581249,708.1091901089023,1331.3998067822333,426.0299242994743,1452.4543881868437,1941.8615551450825,-429.82620381230623,2083.289408990578,1590.6738367248458,304.6019193759976,1723.5893123935139,677.1866931111684,2919.5113723192994,794.028449775968,-821.0525571464627,930.1574998815921,-19.34262810269754,272.1129718043934,-325.3173127135759,55.103746150025884,1533.9797260373243,136.9542849927524,2736.3623606213087,685.466573168402,2928.3795008409825,-277.19116022631096,1924.1177450407522,722.7951026199455,2838.5834756991094,1518.3084669504522,628.9362699273925,327.82067199451075,1081.9113730462034,2095.656869470379,-795.6453163804453,1555.565888532326,1313.6812500930318,-141.6387532630511,2300.1850942794586,544.5493413295586,-1779.0962093297264,953.1423841335926,791.1583339668097,834.6974685203143,1255.7117460027603
6876.191705995355,1428.2862022584068,6477.5224394934685,4387.232268916879,3124.1960156313535,8075.460820617429,5943.594238430709,6912.0832282657,7802.988215805274,5425.90793813215,3514.1211246677076,3232.9690247418976,4402.033663599282,8113.125116783427,4880.607959035061,2110.7394171603337,2921.759678931019,3640.006154683495,2553.5446803089785,421.99789435764706,5084.079408474284,4253.312270679848,6655.101924085554,4119.01095259193,6758.851562088481,5275.099298673903,3354.327440291837,3826.142697672672,9757.590665112735,6879.928303139166,8192.573016471104,2213.5162134007237,9262.628136512003,1773.100173085791,6174.2557565529805,4515.2443624369735,8489.250064717342,8738.004313483636,6342.831889402428,3884.5539435382425,3610.6163239401626,1214.0616744726528,1896.2114876767218,5660.5815608507755,4332.513958817042,4365.381525419391,5321.790094133555,666.2333735582971,7758.655100962854,4843.321979553353,4339.1659376127955,2808.907604773281,7439.79651038824,8366.39020638262,2657.7930518665707,1099.7811088280807,2386.5536715793096,7826.200127329329,1963.6526403963812,4961.508998409941,4678.218724525286,4198.733995531432,7829.0040111412745,1923.2531492701564,6486.40474346535,6479.290132729327,4594.43110882299,3606.984999462061,2156.9780122109896,3364.1728861322013,1733.1904244269656,837.7582589048809,8396.777978701832,1550.154158277096,2231.293124831189,9353.555696629966,5669.109156847448,5997.943633721249,3967.0597765815855,7837.177549239301,8795.707755085035,6044.051277688485,3511.8510282865623,11298.904852553085,4087.493289298017,6721.724777284479,3043.6381159415578,4408.596862901282,6483.978213345587,4023.634781238776,4639.889929863487,5335.876952181569,5058.023529464358,7940.973479297866,4894.957974430365,7734.474628805296,3132.7465866431353,8955.868828142364,4485.782511515682,4016.851387351033
9906.761429274495,3775.461201224596,9670.63882056296,7658.530859814375,4345.127421419506,10599.86352027724,6864.113975979547,9904.806031394293,10131.150962536633,6270.186262869652,3833.7900653176284,5686.045965742862,7608.55064068426,8816.471743786944,8392.995663439078,4204.128817015201,4179.507813006163,4822.988556331091,6195.417267390391,674.6945531789206,6516.880020388546,3613.4331575019187,8789.39490971739,5875.019534465885,10017.529405899633,6466.922950268731,5378.621837617427,6859.770613184546,12453.905819294047,7807.615843650882,12800.63408785998,3989.2642408394763,11719.419826102343,2262.8564323588735,9197.969492069182,5843.567710288752,9480.350797673933,9660.005478933102,11710.320552677913,5968.628586273319,4236.380280021237,3802.8763063980937,2880.5281700281053,7792.469349054102,7163.09424501624,9290.767003402787,7839.467297304393,1595.9051803383452,8412.33567205669,5828.4180571506195,5744.078882074452,4113.171344480683,9878.91468286871,10837.399289330873,5073.288049771486,2178.2351991754417,5673.339986924519,12177.684647445489,1425.629861691197,7110.220106734196,5024.216839686091,6896.722367131061,11695.865190474684,4569.156759588539,12671.079394216255,8343.733049816998,6825.380891888265,5457.309241052998,255.5379187340011,4992.9042449457575,3118.5615126797343,1150.982763177415,12409.9705705113,4399.117207269424,3344.3957250783355,11807.140917121049,9233.405631164438,7281.933340604043,6219.251068360103,11841.864604396305,10811.743214483182,7439.177494569808,6549.862430945331,10206.194936452115,5383.249266099386,10867.861584578139,5485.494184256526,6387.334722499767,6870.5102044334735,5890.34392666798,9074.858506679435,9264.99872977764,9257.186468757718,9417.07719118888,8108.373539779968,8744.261276400091,6172.992260306131,12268.590802029219,6721.939012606468,5430.627900760342
6685.374333135069,1123.6762733022383,6816.439022874997,5339.978590738888,1829.1839706145727,7065.732141869239,5957.694256071329,4506.010882101009,9598.44061048593,5521.064176720175,2404.5184574141067,2254.1932675611497,5678.467165109787,6260.17095959463,3604.2346839121305,3409.8184802933797,3689.262479606485,4048.27570261515,4044.9983555437857,2232.3997481477027,3989.4138497791632,3619.831048174575,7054.1692112737,3995.296907343611,6007.332700418099,5053.088960677727,2838.161652202163,4217.76240837482,5923.672691701107,7002.029375966599,8105.93907999393,1307.9310872994208,9616.110470723432,1123.3278162619897,6166.35889866317,3093.6404665030414,7586.7617553160635,8546.828366712072,7354.0037055641615,3276.4690484819607,2522.4360024974803,1511.8054910696487,1703.3832953490491,6955.847981238089,3779.9688556442457,4092.713396093938,4426.958350044619,561.3950485952773,7828.251311284091,4105.564585055172,2914.42553568828,3203.397672732053,6240.363965447595,6781.077290226168,4363.497424018665,225.18389718708983,2713.833126112773,9082.418247460593,731.4604726147569,4250.3166598174275,4170.010344372146,4109.351296370652,6848.403402453807,2917.8328485211537,4556.416548620101,4654.877339822019,5915.193293498701,3980.4134693450183,1041.4690421615348,1219.1469906470122,1700.809652089777,630.8460201231653,9466.11850754162,1898.687635571212,3878.634613974015,9895.556063567266,5400.381836519638,4929.014857819258,2744.5649309888377,9847.03628047645,7622.915496216776,5673.561034528731,4888.394741247671,9341.876800023692,3633.119445429833,5079.717507917776,3353.9779179237185,3512.8689688238765,7078.683996349359,4006.835508217168,3018.932505675483,3664.1487663830344,4835.387628319,6893.051157194561,5019.864495897808,4847.903128460389,2590.142744456509,7999.970336050404,3896.417884998937,3270.870150955061
102.33375024705238,-144.09225308474183,-40.23160255012491,704.2109457275734,-7.855600519993703,856.3120177957092,897.6291106415714,642.7191634540881,1291.5971466882909,-432.3980179187001,734.9843521406874,-187.12835125602555,652.6563189771106,481.3935377375136,2297.8250900803587,-786.7633756837542,80.97623175898042,-1396.5910688634435,1061.9267064549858,-1060.617176471149,1085.5902084343481,353.83592516478495,641.4113699104606,1323.500800222749,722.8144836678955,395.6455034736735,-934.1479770827164,256.8095141954734,1312.644406652002,1842.1993616248574,53.28321925089855,-402.5793086003454,394.667428142509,418.5221809141353,182.47424241894083,1382.6079960949035,196.42525411872145,-298.48205892913654,3496.943445567043,252.7992571626966,-19.22954563757615,-162.84595066981464,-718.0346420577623,-367.30217193659865,867.1495467050753,1274.7409440774177,681.566268813479,-285.801952854376,144.7771023996673,481.9943239872738,1404.4791439344428,-1534.1091549627272,-813.3574417963746,140.06019731784158,-767.1261504076565,-330.91645109230814,-782.0409558907751,1723.9571328373468,-313.43718686967804,-162.34994796342838,-1263.7796077944226,82.20660955907537,566.5305043502007,-2010.6629641223483,781.2441652083843,121.14385917734644,819.8835562259507,-2242.312437028098,-1783.5571252385944,-82.72524335717395,977.4014610285876,7.350392913586977,264.8159145635409,-570.1648030827828,-1336.703575058015,-621.4415411306748,577.492188934961,-122.3007330981931,308.5126799109701,-40.90315366472824,4204.189269750528,1086.842992852556,-120.86509289323746,602.877452303723,-1868.6186910830377,987.3395941437421,1668.7647761016697,-74.19339262007998,631.5039175893947,888.9558032315247,-90.59381980072519,670.4626560136123,1890.361059162046,-458.27839586009776,1941.7345498389832,1556.0982300479552,658.3757900320891,788.7621284698425,238.9683530239638,-113.96239912305205
1799.018087367291,1233.3282160537428,4780.593917653018,4308.421793403544,2967.688867364349,4724.620783401666,7641.633967609131,2575.2160592062937,3839.6340119959336,3573.272729423163,722.1761470085694,-921.8411049965607,1795.0958793607251,4030.580072662007,2630.150443426344,2630.4121510406876,-1316.168338945109,713.0888368933507,3158.2886886349465,19.8940701950242,4143.341515497756,1791.1681727593298,3701.1750295775787,1339.0497720672834,5496.513265245734,2161.8340934037165,-751.0554824080072,2388.189321186569,2795.9671150303516,3942.827352988518,5171.092685602154,1405.862215948133,4039.424478981819,1375.1766159174592,2710.7307252415267,1016.315618463671,3112.487756188159,3046.1134563814285,7099.0874990863,4754.554178612427,3536.0706857184737,1102.7203118874324,2422.768585841347,5620.587091129892,2498.942402267211,3542.9879445679735,2839.9455403419934,1113.923462096198,3197.8747645075823,1656.6165797207718,3226.525651713658,2562.0701813794763,1947.4712159738197,4906.396951539861,1422.648266613846,537.3590182016901,935.3956828048047,6352.598132892698,-1853.9258713548256,5198.272612162955,1762.640973748062,4179.619837392906,5452.745735308958,904.614689548744,5595.380863658076,4794.532265975343,2334.7298040264413,1838.7462692754432,1110.3009520857704,3031.603070786783,897.5892722509149,529.7875110513664,6430.835388169654,3098.4102290023766,2832.5787208457305,4491.833872573668,4465.164327721688,4099.2533642636145,6385.953359132438,3347.0553494100623,2305.273307506637,3672.0514462996325,-1295.9699610587388,5916.1741071347715,4339.135658689682,4369.311751582917,2607.3046526401417,3382.329793600532,3536.206755772358,3575.1426335925157,4120.827834246085,2798.5456744059716,6465.816056411554,5418.528511039579,2139.5443228431272,4200.278697006453,5724.812770769662,4168.296689519987,3293.4254635793322,1923.1280779249087
6832.970173731172,2469.16133740542,2984.2119582975006,4018.974737031877,2092.093951307308,2415.68562546464,3153.5588339534847,7570.214653256167,3216.620480647829,1859.2994121827765,1592.044363874326,2609.414877539114,3246.466286810237,3374.6332398135996,3038.6021558591497,1182.6599843877236,1403.630405584572,1639.1624700082064,2242.8696710508357,1773.9552600760894,5040.322824008952,1810.099549421382,1821.288728088031,1216.0933093156302,2418.705491048403,2828.397830314601,1487.7446351124215,3035.5202054562974,3901.283898608283,4081.6419350919423,4588.006532270591,1344.5800135501197,4456.610354240129,1363.0396374340912,2985.521337115794,4819.562719790963,6467.374211822,5411.109214352928,3218.485711485979,798.4690769955364,1038.7843990310787,1740.4856608788384,552.7064638601764,3626.8663706892235,1551.834455339309,4032.353448103326,2119.3927368469763,622.6765590567694,5197.897489635565,3146.836478262286,2755.229284837894,2695.764488253458,4125.333128766156,6202.1184402893,1118.160598540254,510.5680528194166,2793.152516397912,4276.015215475493,1325.5029970321807,2821.6703792335447,1708.3827496344554,1749.972610685109,2775.1623501493996,3295.2958631045135,5283.623221331279,2817.9933165023854,3331.1786034392226,905.8328011139024,1376.8290503359738,825.647399893378,1219.968532340202,-68.72345659881196,5499.108815887972,2494.65108582463,1578.9837320346485,5677.146992041026,4474.815638880723,1975.4082571717338,1695.7727739680283,5658.308155695103,3469.929373323681,2576.098798532011,4534.524528108853,5435.014980971693,1724.7008720030803,3820.7548038315613,1182.813594978407,1728.5593456778984,6746.809766818931,2581.8522899076006,3368.9065666377232,4413.846857011363,3726.4209053027366,5006.693728744571,3484.4118585708698,6398.594516937375,3107.1414970537207,5476.362210220936,1949.3760543261053,1603.9519047843687
964.6536750198678,1790.8280480300864,2121.0294696030387,2883.019524705307,690.5352684450695,1278.9210237687992,1995.3523090068893,1154.0394360518192,1417.5402725790632,1597.5092184614027,251.45135829702465,1773.8952945615808,-22.50252025164762,1901.6413645725615,2501.9736803088017,1834.1260807885587,588.2706081074884,186.9861987681617,1877.6778138076063,434.7435209919638,1239.676321666596,2480.123725627217,1084.0140404362014,3123.29134302195,940.9174652096154,676.0489052810273,1178.4682645620624,362.9052460168483,2399.0032067930756,1814.5526969700697,2260.5533892620406,2257.1526828869105,1756.2616366687967,1936.8661618152476,1043.914668703283,2039.1824664076673,2399.324894039622,998.222187105894,2778.397589648502,2283.061213334889,2160.274729944656,982.2796474062635,1167.82071614884,1891.7628412854438,1763.5119680060127,1857.2342446926173,1959.9821171798067,1731.834453875669,-1092.5735970115652,1278.681099689928,1183.1829590405441,1133.2132763096788,429.52062153882696,3054.6896372685105,586.906459137859,1528.40602057364,266.45781090274727,2228.5324055323613,710.8732166048508,712.2601813060409,1021.8964215386094,1496.344051110712,2068.3920792219205,634.5931837183358,2988.0698723138203,3031.1287681825092,1623.8914326350598,1106.2676698462712,2174.456205381722,1528.4760055706872,2288.402848147007,863.7657918000741,1327.1112603712552,1586.0752883232462,1627.03657573368,489.095455760961,1926.6542604543624,1957.0447680819198,3496.7049712174535,388.38836943735214,1487.519251076701,1254.0324966175947,-508.94251794104804,1190.7304925435767,1855.1861770094488,1913.1379329576014,1240.9151720734592,2245.0636656496818,825.4362413151738,891.3981292995265,2835.594289357369,1909.827042550474,3788.227393071211,1549.2428350271623,352.81768033727553,142.1995377518878,1764.5460418945042,1116.4170974401877,1474.6404556700352,1425.6031372309244
2259.340252182596,1070.187271705362,1734.5782950988048,870.6564300798061,1132.5216516450287,3620.5196403885448,2795.768548670859,3066.2388681303387,2008.0875647587054,1732.6612656666173,765.0525143411362,1786.9784456653992,1964.1239695518098,1807.518748805854,1576.5938724585324,1275.5744757489742,1328.1367651570297,3840.8809842877863,859.5842460726279,1886.6303088275126,904.5541221298085,-23.651442753939175,2381.6053716065635,-961.3003282974549,1398.9883652113717,2831.414666397926,2396.741744634667,573.1666841176655,1337.3269029207531,1801.589758889726,2599.5478216699353,80.23570910768004,2835.443141655579,308.0683144370435,2483.5013926641464,1460.521375988776,2200.62854583065,4701.95962304823,228.25985518643162,656.2124765218562,620.6022726700388,217.6947019068532,676.2234796750328,1700.5629187548795,1305.2418625625596,1408.6151427725274,374.1536020085643,-47.71521815388321,3312.464497850323,655.3673854896733,229.57454106662036,2584.262736966231,2692.110500512174,2316.9623610880876,1879.9761009639599,-1.3826415481987244,1380.8416157473666,2507.621305777823,940.8163985833783,1491.3504368809274,2354.5740921205206,357.85927901366506,2454.5322962222426,2308.9345440729703,2579.0805970824244,1274.5544001279757,1248.2404192708518,1970.8710041993877,1739.1348615094237,1316.2706367675478,-376.96335591382564,-187.32509768019293,2602.023850660794,1388.2282156590882,928.0021057729632,3700.0017878525764,2397.598345608595,2478.777334507017,555.7079165352922,2423.577740180337,509.01602455204085,1740.0846784913413,2594.0391034305335,1788.6025525941461,1398.4662807691184,1793.4992640602272,-564.0501579223933,336.48129751601414,3362.4076585712132,1406.7067051407073,1702.9051143778033,1601.0107400885893,1032.181915462288,2621.5167010935643,1413.9913652093176,1013.176594574284,655.5002879945849,1844.6874708326798,1729.3641472078716,1344.9920139041715
-2630.514942252577,-2083.7531451272084,-3807.5881722529875,-3341.496920590406,-1192.74633208612,-5613.91124169745,-5045.595774301049,-3178.5589068515624,-5747.485457293144,-4301.544304011315,-1613.6380500837704,-2286.862118293762,-3935.6362407427505,-2861.545744668429,-3268.8847005615303,-2716.2461887514532,-2890.9944347020173,-3324.7296590028823,-3205.0515183119833,-2111.6666397762747,-2013.1469701649835,-1577.468689821453,-5768.0839726541135,-2076.3212998734302,-3689.767569442105,-4430.165243176178,-2669.7568431216764,-2026.6417640532022,-4082.320347483119,-5255.1142945665215,-3831.4970505103006,-1656.3915414002752,-4931.114149260012,-744.6777556473953,-5024.721754267915,-2058.258300837263,-3458.8182751879026,-6731.2904540675045,-5788.988094253195,-2544.5769598772413,-1502.870166089422,-987.6769965855106,-1200.4092767238378,-4372.941902320014,-3176.4635716098837,-2493.0817385179384,-2388.0934849228047,-652.7058170960406,-3905.547695712182,-1792.2539328826208,-1762.7973222498954,-2842.579405464353,-3534.255523911478,-3303.0917201122893,-5782.340410006214,-954.3505629164894,-1671.7271200721789,-6230.174885312192,-1408.454437232685,-3121.9060905033384,-2739.3067084520376,-1734.9572943330088,-4287.210938829076,-2379.736301205707,-4510.460915273109,-3894.7150797576337,-2632.863408194857,-2967.1255257136986,-877.2216853050677,-1846.8114649419163,-1512.197873364655,-376.15264036421263,-4285.859889738917,-1817.965095233106,-1816.439396850918,-5146.455348884916,-3564.1642929547784,-4595.205263734952,-1577.0656935474442,-4708.178509574713,-3643.7896895727104,-3603.7587775300826,-4449.178435118266,-5304.633050054695,-2420.5093182381684,-3483.7955311635988,-1711.3941195764078,-1952.113088749924,-4268.83389257559,-2468.5409324127713,-2708.6123695854,-2446.243095705138,-3355.075457101614,-3265.8080589642377,-2622.682473462655,-2029.615480714265,-2083.7832067873755,-4050.968726399401,-2992.8782140978738,-1981.1277551676835
-262.1677910717215,23.587135308672643,-1488.940247377068,-533.7958358721534,-1895.66170696315,-206.22087321291912,-1224.9627179495437,-1238.996543083401,-864.76907526347,149.70157681051978,-556.5695176126019,2540.3404000427877,-455.9533548421919,-320.37411119038126,-412.52541946545205,756.9760469685508,1585.12710198951,2230.2029733964373,-1418.253548654007,1815.79143267715,-2637.5047570069037,-650.6676511333768,-557.6596674694783,421.2097476949966,-1070.8266562853914,-1476.4139471082788,2125.254059212453,-1458.6396411265246,67.733611031104,1015.8325838990567,-1950.3632614945498,340.47546320456854,640.3416072615604,-889.5771944745396,-289.5732199805773,-1373.627853183538,544.3953309402852,-1073.8310632411308,-2329.546062624739,-423.609621192819,-1187.7216786556112,476.63667916605635,-47.61774984117102,-2662.303648822168,222.8352304174165,-1529.4963738115919,-1501.7988455106813,-865.6039695534365,-947.9895940842838,-425.15766888285316,-1713.4681267779602,310.91010344475234,-407.15504883480946,-1292.6185042443703,1697.686029536602,-454.1397838447396,1450.7392446791182,-3033.361019247125,1226.6077922065415,-1860.2405827863597,2334.264728833061,-1235.0334375072252,-2102.983589166835,1630.4291053856969,-1647.5823074226125,-1258.3458734048552,-897.6400373640924,1054.5254842928825,258.3224484028501,118.89974098364397,-974.2474360258509,-532.0100525615845,-1005.3823421510643,-352.5958430598673,159.84273990178121,-1881.340759829971,-150.13760703952133,-525.9903344914519,-3275.4644202716445,-406.49866178074274,-687.3672922389622,-473.3583084378892,1666.8740597477104,-1135.577706352063,-1202.28208857642,-1657.097575260334,-949.8612560667933,-1962.0582877949348,-396.3519516994826,-918.2814997394241,-2574.9848882589067,-2367.9286226289087,-1657.2703751554134,-2670.283969875876,-338.2208621087661,-3301.2439429570322,-1936.7435298984758,-1465.6618684886007,-1488.4846156094757,-624.601002821148
-2130.2236618676116,-912.4611194322384,-270.588950040517,-1564.9147064349163,-990.8350658224974,-2494.0739043641556,-1886.987525508544,-2583.3658711942494,-1595.6542142470898,-1423.115140944715,-805.1453882644741,-1677.1880299004083,-1718.9027096064901,-1863.5714441500709,-1168.219754897535,-1498.1617799180135,-338.505722655935,-1990.7494277988162,-936.3934708065301,-1600.838199559481,-1919.880902009182,-808.4477344250644,-1699.4967155708555,-1052.9869751634185,-1245.8508179718235,-2245.9175229177836,-1783.6137370209883,-1151.4335736030143,-2546.4282465948977,-2796.348105649281,-1704.641205447,-1383.9496283955539,-3070.4325990790167,-236.85910237980505,-1637.0917323812957,-243.97138441545124,-2460.4687768246226,-873.3794074712412,-677.6355467340982,-1295.2442350610092,-76.79991776773498,-896.0938616155507,-1112.9148926184484,-1307.9259172192078,-739.0233818641844,-1003.7416565772554,-70.78702304454627,-351.4231289468917,-2040.6056792464562,-1221.6624585890802,-335.3108904203262,-1408.565459241216,-1335.627024148278,-584.5497355078148,-2194.8845810815565,-248.70044789213392,-1928.9566506501608,-1331.6134757371376,-1162.262746221265,-1422.7022635982892,-1569.337091720258,-877.9684955922916,-855.3148832073251,-2599.485768066779,-1965.315960253099,-1359.4348855059645,-1977.5387237296286,-1555.4585036345616,-1649.1889364385675,-900.8906617473223,-101.57477593934573,177.89682856233247,-2690.6968681634194,-1500.8152177168886,-1485.6078554109054,-2340.561097421737,-2660.99311256449,-2443.580628557125,-127.56904958126182,-1613.694708085415,-2077.6720617911014,-1124.270459986263,-1665.9153570998155,-1708.7968932345973,-873.4136356675748,-1632.4995012458628,-1018.1818031932416,337.7230934134248,-2795.401493649359,-874.9153621085429,-744.5381959603944,-853.7221292054777,-2849.997947013128,-1521.8157172447102,-958.7565652281205,-2352.13917962283,-518.299212543797,-1550.4307538082853,-1145.312231836305,-808.1898835620963
-9581.056986239926,-845.8926518469171,-8871.756772858234,-6345.084688613053,-3386.5208223886225,-7594.768509616392,-5545.645662346166,-7715.687295942643,-7919.888102959313,-4626.859294034671,-2417.544919152777,-2348.177198015204,-6099.596157971879,-8489.817374834653,-6476.748301458654,-927.3711900521357,-904.7749071449273,-1080.7250913579246,-5075.121830734005,-80.82368736716457,-6147.502478866532,-3230.9017407424712,-6473.312228469109,-5324.960337929547,-6532.955631259164,-3136.883583357812,-887.7347148880141,-4319.142233515328,-8044.520103523504,-6634.6430700880155,-9898.179921440222,-2916.0826328157327,-11369.372219441419,-2004.762476305454,-5585.894729641349,-5711.7147815783665,-7531.575364958121,-7890.891580981124,-8333.820471876126,-4342.1088697728455,-3034.222030041996,-746.128249173223,-1254.0558026437304,-6228.3703109898825,-3871.330004696855,-8374.903067831034,-5396.707086712659,-710.4038375222276,-7310.807769047136,-5653.6404167268865,-5672.612801675107,-1732.2537447547363,-8179.438281164076,-9232.302454201063,-1499.988065775788,422.79668589706677,-2021.0543303550485,-8842.296344081971,493.0636360602602,-5993.9414408865205,-1992.9760111906646,-5232.59786717264,-9311.763487936149,-1857.074228562161,-9776.211194816506,-5287.386856296099,-3988.633144467996,-1430.0307343944457,-1596.8046231759095,-2785.6904734692607,-2453.6795022033684,-606.2858212284447,-7366.207092087076,-700.007293783209,-1950.1284921040153,-8288.877494200007,-8558.203485033424,-4776.120009845501,-4838.4321242209935,-9342.359763373577,-8375.121604049644,-5886.22115703837,-1668.1288206969143,-10759.841025523747,-3384.2515305120187,-8249.559159253211,-4081.5692654247105,-5011.898756356056,-6705.164101078388,-5151.251235912567,-5543.357622599145,-7160.617165713558,-7843.344343100453,-7419.595959410101,-5584.636080492069,-9589.793620832626,-4339.64755614447,-10003.604992159713,-4538.112759831332,-3688.49024215262
-6812.3411997820995,-1623.5123408386628,-9563.402460678848,-5852.203898733736,-3006.925625000062,-9529.791096091669,-8655.840878260566,-7044.2007478155965,-12141.88174001491,-6918.828066704523,-2873.609964478873,-2835.310034322699,-5922.584731914461,-6188.954245435662,-4651.063816888522,-3258.404933811029,-4027.2712083239658,-7433.9437871862265,-5418.72699154965,-1420.3692557657614,-4129.7404466411335,-2988.555239288733,-7769.304426461051,-3504.4710364476473,-6199.139333012747,-7942.125210284675,-5297.786504313253,-3732.708297199507,-7279.3537863831425,-7010.617433898062,-7971.815827432999,-2090.171270304719,-9277.1408080663,-1321.0157739623467,-4684.61559449222,-3525.4958025644123,-8494.161495784949,-10178.243551611364,-11737.623582426302,-3313.107666632798,-2697.003681513675,-2394.684673572934,-2200.3454517219916,-7333.660762800417,-3677.513123659168,-4989.9397567970345,-4877.073810208179,-157.73940474129782,-6596.471629175581,-4010.373400950878,-3480.9712764363626,-4123.135834381749,-5028.579159555055,-7379.5371203317145,-6556.55619619506,362.2739703755821,-3115.821636863998,-10066.526308346738,-460.65648588436176,-4218.553067696477,-3758.224050273943,-3485.6270101617683,-8033.288555225063,-2958.516248946794,-7888.240547723903,-5256.054381700841,-6415.4012097438645,-4464.748971667077,-367.88897090800265,-3329.19763484575,-836.3069619861624,-167.0122211331358,-10500.95439613138,-2737.5312301593485,-3590.315796873701,-8766.888138333272,-6470.548767491446,-7638.335558890158,-3032.557017667101,-6755.433513151932,-9126.119820392585,-5895.394786559127,-9667.18985112952,-7310.866452817706,-4374.813103483796,-7326.688356183737,-3029.1854802689236,-2739.0503053815455,-5774.0746296936095,-4070.7031778684127,-4629.171198088979,-5231.802965798527,-6377.627656083908,-7989.974215918685,-6022.706734656484,-5515.657237922147,-3004.7699326218653,-7948.1564907756565,-5721.378012388916,-3999.3250862793075
-4299.914669737035,-2050.6046854920414,-5286.0982964955065,-3051.1959982386797,-1523.1742078886944,-5046.558702339218,-3240.6693909401006,-4309.119181994563,-5561.694457124447,-4534.233422767802,-2010.8651120720072,-2768.0259176826703,-3803.9875151768956,-3820.3621679056023,-3720.354566235707,-2074.7360836005623,-4164.817317031294,-4147.49261502411,-2917.4087565849677,-1471.9415149732802,-2293.3963417000036,-2676.3906228888673,-4076.107084994062,-2722.473447398577,-3967.037836479441,-2903.4497040890387,-5158.496701707101,-2806.196747955408,-6132.173554251658,-3899.666100911578,-5163.030038162647,-2414.7281371508275,-6105.118814651,-1644.0386595036273,-3283.3569251413774,-3195.582659820284,-5295.687389765132,-4954.522282625696,-3546.414172149172,-2583.4898331423587,-2767.2069706137518,-1647.9144782009669,-1525.435615633455,-2691.0804989242747,-2894.508279193511,-4166.20785875333,-2791.9498156008426,-1132.9784335989696,-4615.959230100933,-3149.3654189597473,-1715.2105511476625,-3939.3051180656003,-4761.065057504036,-4428.285772029529,-3780.9784760714033,-2675.8320602944027,-3280.9428724143854,-4364.090555501186,-1836.4955724216554,-2341.6013898093984,-3034.4949744832047,-2311.318435792733,-4238.387322424352,-3043.9895163045258,-4230.053811918063,-3532.610587880487,-3305.300686604679,-3841.6928383472937,-2209.5967790287996,-2508.4961034963244,-1762.4635465276472,-580.810286054063,-4673.717960539168,-2071.086859978811,-2183.2533054669907,-4393.5808320507285,-3100.1090332842405,-3041.041105383167,-2055.5504491987135,-5313.356681081871,-4842.54640332383,-2961.80906029632,-4501.980539944826,-4484.960649256771,-2554.6033638757544,-4050.253056970203,-1843.0556499471713,-2669.7998061984185,-4058.5584688040904,-2594.3946589697716,-2996.5899872040045,-3584.22191277543,-3752.5860376073447,-4207.71665680479,-3982.831213981091,-2906.43340674806,-1916.7259805712126,-4821.532645768356,-2822.8190630679082,-3181.3276707024597
-7247.229854872934,-2485.552015282053,-8241.036577036766,-6475.022449310149,-2629.805361023117,-7672.345569447359,-5763.601699755864,-7744.0159971092435,-7417.414759032359,-4620.469937180903,-3363.373501647775,-4556.7067555932645,-4793.508232849008,-6437.757853803443,-6723.786341923123,-2825.496582692927,-2535.917600725497,-3800.01019758229,-3380.1080884649678,-2802.185811365418,-5552.902619424606,-3864.445796557154,-6646.657403745163,-5278.797208017797,-5961.010377601422,-4463.646264707701,-3007.803992476041,-4696.537153821083,-6754.029524397562,-6082.965143554509,-7769.305990295004,-2827.302847385542,-8012.904705844434,-2890.8657385797183,-5229.295901832049,-5092.637946193913,-7530.331041740922,-7706.63997817206,-7231.173415713175,-5063.942738538944,-3176.2827048365793,-2341.9650637360023,-2794.4949714176487,-4887.104136854674,-4456.486532383564,-6352.992708822947,-4948.873070745546,-1180.1834086708523,-6366.849381905589,-5500.211304886972,-5423.855840107321,-3317.2472411411227,-4623.331787058377,-6440.579994215277,-3138.3822494153646,-1079.0850660706042,-4349.494245567643,-7457.013729873295,-1456.015150056394,-4293.386156680565,-4746.7245660322915,-4650.247647455462,-7949.256057780201,-3773.781583093745,-7695.149954877506,-5344.587679282145,-5276.000400398155,-3397.406794274446,-2800.7572406120553,-3226.1170141594416,-2717.771797106197,-1097.9171804280516,-8142.912856335002,-2514.7384694963725,-2703.2452167511797,-8816.963184845268,-7921.153218346143,-5726.668218302487,-4734.759007646112,-6604.772425641766,-6481.23156768292,-5785.313428931991,-4032.240644861025,-7947.650837962479,-3490.2945877410684,-7125.920077198254,-4530.838678961181,-3949.6833645660013,-8100.04917821494,-4061.2519171700287,-4825.262270368699,-5222.773484660451,-7113.314907966353,-6553.891501906174,-6750.307051390898,-7401.326153484841,-4859.4562839326945,-7540.096093234476,-5467.060361145192,-4720.691329636824
-8165.657047929324,-3244.0915578238987,-8541.849761587391,-5701.1409648987565,-2254.272350002451,-8264.798014771266,-5064.104705736483,-8439.209557169786,-6805.848131971201,-4535.491668994355,-2647.4058074493664,-4312.251387115728,-7161.12996412539,-5682.793426520629,-5896.211506304516,-1359.704555491986,-2048.383481016967,-3574.438959906505,-3812.1949464822947,-1216.5231036371952,-4692.454682541158,-2315.543166840441,-7359.955807576189,-3484.4834946327987,-6193.013395952363,-4978.712069645826,-2287.128582066022,-5254.811901310729,-8386.964302495751,-6394.6008794779855,-7063.36005723,-2126.227379153026,-8119.998613769437,-1202.8324235694702,-4921.110870440838,-4175.4977493109645,-6392.710735520909,-6529.113689775929,-6327.155721537433,-5046.314691413466,-2788.6498665590098,-1931.0445037218162,-1960.2283166119228,-4184.922983854614,-4738.15701030518,-7528.869208698812,-4460.948104123908,-433.1238194372832,-6324.430495441249,-4526.576775345426,-5990.515361543818,-2500.9595377831524,-5507.911148671322,-8155.826375301219,-2608.928276232175,-713.653161666227,-4895.161260327167,-7240.23501335419,-1175.248076287999,-4557.937357900525,-4456.725459660685,-3763.9854581076847,-6186.51371051196,-4258.394239616979,-7620.4702521564,-5417.990974315385,-4052.860967066476,-2904.731168555793,-1041.8583886603674,-1983.6828342742804,-1600.8385991360499,-435.95000942087955,-9057.766881122114,-1522.4958528620414,-2006.6599761757134,-8523.105341437416,-8576.096086038295,-5246.0669098922435,-6080.623371858152,-7671.821168957198,-7006.346479445521,-4806.773099443969,-4255.941163182691,-10852.587901178897,-3031.78279982528,-6617.634521720063,-3248.9531320042506,-3721.043531446111,-6657.755155732588,-3868.211064915108,-4876.032221540037,-6030.695493310051,-6080.616929759744,-6437.943095943337,-4239.386551617998,-10393.350022165865,-4926.681993156338,-8624.993599842353,-5020.433496082334,-4285.620059630412
-4477.74024571284,19.595535572108357,-5788.183483695753,-3621.717539715563,-1545.4051856997125,-5156.847437601832,-4018.890840860575,-3631.3100754047346,-4858.558129224039,-2541.343552334617,-1024.7900096457843,-480.22165203721704,-3091.9054903566325,-4601.757457199723,-3920.4681004698855,-1815.850858994136,-248.40578911017562,-200.28799073011933,-2660.3076352936996,-365.60264133167874,-3165.596809271979,-1927.1112554699475,-4771.634350360071,-1726.0705524345597,-4427.776471360421,-1901.7605101802362,-5.25509837703904,-3202.1517103774363,-3323.891985002995,-2158.0774340364337,-5506.672607203167,-2008.0072221894623,-5966.431513794683,-1132.9318962352609,-3109.269448063219,-2819.6577519789444,-4070.1780807256705,-4348.696501522568,-4998.962315537124,-4276.782554848248,-2170.6752573115878,-742.5041359678263,-996.5572985767095,-3245.798276697025,-2102.4090376048484,-4660.367346170811,-3326.565831348787,-975.0425541521886,-4775.8134665726375,-3078.1093844668644,-2586.618973045367,-1588.7802049508853,-4784.386702653074,-4626.695754817769,-702.9958987183326,-329.16879732214863,-2208.81013510029,-6554.802694332324,692.5353630858273,-3864.0906263419156,-652.9796438563562,-4004.38279300803,-5577.269115891993,-1395.4265524974828,-5637.53848634459,-4822.014003172927,-2623.545042511736,-1302.374107893433,-1807.5935461073836,-1449.1452629742575,-843.3336685620495,-761.3045890721779,-5246.562075717035,-1354.6470758383402,-2095.7916636598993,-5277.076324170658,-4831.790147637499,-3569.5111886150207,-4506.870887293292,-5398.149080631891,-4423.39595551544,-3291.384385839175,-243.1212277003148,-5295.8386902123875,-3050.157730363561,-4829.369173589165,-2625.9293289135735,-3483.502552983285,-4360.2564258062475,-2703.7236178353646,-3517.413078166336,-4384.519845119059,-3870.7591975751784,-5339.741763731209,-4022.834735382126,-7378.61360984826,-3443.244838430548,-6197.920437124501,-3976.519711770128,-2913.217285967826
-4179.080129985039,-821.960863400756,-5655.05324511391,-3863.20358389504,-2104.2660793768073,-8637.540962942978,-6197.129612126079,-5296.734294380834,-9100.15296727629,-5962.844294188973,-2651.406765503942,-529.0592457443607,-5649.3766462103795,-4396.84159329802,-4648.075293324785,-730.0948610857656,-1968.141098386891,-2403.447189457729,-3693.4863623994765,-707.8880280035571,-3070.3843530819563,-2540.8110965510073,-7434.854076004912,-3749.29803765435,-4761.187111197274,-5984.825916729799,-2436.2486591651,-2796.772742315964,-6132.6203256433255,-5924.0587403103955,-6126.618470044472,-1082.4829213016098,-6287.664318200102,-938.5470053149867,-3211.427151150688,-3299.516590988641,-5325.1992417812535,-7411.219966954369,-9507.185331754032,-2643.182337285431,-2533.940673650712,-605.110740112773,-408.312952466851,-5181.027051841044,-2647.7813328626507,-4163.636063176548,-2987.599791005813,-697.1242694617678,-4842.720532430528,-3197.5737822580554,-3200.1291184047295,-1827.6445052854472,-3111.3332067196598,-4762.257553621641,-2097.9240211836186,-1866.2374836241966,-1693.4057612634683,-10177.378645984396,-890.6014139247945,-2509.3432744921934,-1205.7531099564899,-2486.035326198014,-5949.91697457012,-1273.9031740596656,-6141.548816632565,-3564.7516722867317,-4166.764244834655,-3567.07144537235,-1317.0561681759632,-1145.5864108034752,-2056.5902574342736,-463.99039655202665,-5438.621498228029,-1092.393419291292,-523.111070814819,-7042.397233577289,-4526.226480615522,-7157.110966228906,-2820.641180266819,-4372.519520461961,-7834.122094677903,-3916.837822042411,-2917.1468128930615,-6249.704040983953,-1817.5844983008624,-5435.932277795737,-2791.936218412829,-2774.614277957813,-5411.8103455967575,-3482.2722582555493,-3555.7973062542383,-3738.0874811949493,-5110.085388667164,-5013.986172464571,-3944.2430917642446,-4896.612498740634,-2690.208959907331,-5580.905926121253,-5326.078842031032,-3287.365221905564
-6889.3654113007,-3500.3393678250604,-10028.673396833443,-6314.50094667118,-3799.1796640314606,-9576.113496990709,-8813.149867261292,-7904.84934203921,-9547.076798904342,-6440.0038526290955,-3344.509526879874,-3966.4438338040627,-5993.016860875748,-7843.481614568689,-6024.291843037508,-3728.475272697044,-3487.518805480402,-4389.451733547296,-5996.478585330235,-2022.7492281958998,-5323.59506145842,-3415.359084633505,-7902.782372606386,-4205.518331832608,-8661.523918221188,-7189.012735897117,-3859.9727807788063,-5600.146376509415,-8169.8552835505425,-8597.66350462388,-10079.401103566202,-3688.043813984493,-10506.123371615915,-1996.08418667375,-7152.21419568683,-5956.038318484013,-7661.789576139751,-10595.27968194942,-10391.233577757766,-5186.658760842504,-3810.557844756905,-2773.0426206169686,-3321.081752268894,-8061.480122463651,-6085.854302090956,-7804.672854325608,-6706.500073625826,-1830.4519047668027,-7566.51803854586,-5207.060413759489,-5325.451967513717,-4399.820859783179,-6931.910635830937,-9065.072436169201,-5629.797431950672,-1584.5342396453996,-4026.3659174190134,-12358.60434101228,-1208.0850415559887,-6503.436804302728,-5188.857295658091,-6238.8619666284085,-9682.93235779481,-4148.574496464601,-9408.652655746973,-6788.846440656257,-6857.750582501332,-5034.058013167704,-1503.5475625881345,-4376.8682956008115,-2792.792095678522,-745.0193218016071,-10325.558409476796,-3591.171453522738,-4789.88264896501,-10786.112391074987,-6744.22021149085,-7057.776574224356,-4926.872891009042,-9814.711582486136,-8287.984020959,-7461.865902458377,-7217.776051263975,-11097.282506664247,-6061.274713265693,-7970.559111615107,-3941.448683482165,-4472.394733198495,-7834.815391774507,-5375.713823341576,-7282.26748855678,-7614.056823963364,-7606.842204256036,-8159.897455201563,-6713.471324865694,-7414.735570705255,-4903.876394247462,-10303.736052138334,-6309.188470033491,-3839.4536016532206
-7531.524039987682,-2600.422158783612,-5783.642203221312,-6303.483645674931,-2477.7942127929127,-8178.338738467316,-5517.7586011949425,-7097.430729562268,-6593.972939885749,-4009.665382802238,-2255.599811836674,-3681.933406553861,-4657.695273307671,-5344.033642829629,-5750.035027605783,-2968.7586077856963,-1678.7720106379866,-2772.542175251437,-3323.000413782539,-973.9307007255079,-5479.038449181327,-3565.5710916458243,-5425.571842008052,-3006.9333623561165,-5237.449006582516,-3573.565453470114,-1851.1612262853907,-4625.065847765249,-5670.349339934329,-5911.040797357784,-8565.967870822491,-1837.40592901107,-8724.952199201663,-2567.416668049761,-5650.023882337675,-4720.088464571969,-5997.466491060893,-6009.149568082322,-6360.901819586421,-4697.262152315449,-3078.9385466913773,-2659.1096642945135,-3611.7894150282923,-4656.437913628883,-3987.7240987150835,-6449.609522683504,-4118.509182810154,-1131.254846026342,-5508.627245300525,-5557.653330222602,-3476.9348588090916,-2521.258421889681,-4601.338029267365,-5706.573276447933,-2027.666997990314,-1278.2522754443273,-3790.3254216212777,-5446.41923725041,-1311.013243678008,-3691.284269297341,-3768.8651239252354,-4120.146405219498,-6556.761342403678,-3089.746609287033,-5880.670428427338,-5419.29162812328,-5192.147559076279,-1983.364898383859,-2174.285692535631,-2962.83760589611,-2235.9347504582493,-263.6165669032472,-7871.110575157666,-3211.5040499332035,-3573.93487631392,-7882.447635879006,-6620.897248478707,-4094.2950350699043,-4305.020189511501,-7227.970405668415,-5623.415445944148,-5095.34491378326,-3372.360793063463,-4834.9359391639055,-3784.8806563516355,-7222.882670314345,-4259.531049919842,-3421.1117611273444,-6864.661881268736,-3989.1054521301226,-5198.005157290447,-5035.82276311206,-7085.967925968615,-6008.665223553291,-5334.055392536908,-6847.845592189402,-3661.620523646727,-7326.108504063855,-5068.102495788343,-3975.766844507948
-6540.636733523622,-2505.972301220593,-7103.221855477537,-4913.6565418240025,-3099.0980138015566,-7109.271356511558,-4552.437156124707,-6319.397287482671,-6106.649421469624,-5142.070441291094,-2411.284434287147,-2603.751830318162,-4858.200676631423,-6656.257534206027,-5428.093115120589,-1823.0157614972527,-1587.2704766113072,-2967.6441640091584,-3879.1505441701247,-1148.894768284973,-4276.61488041527,-3132.0713766983167,-5587.307959679253,-3310.444113672399,-5815.956531330871,-5408.173507883819,-3315.298512474324,-3937.0396795296056,-8534.371471435206,-7115.286848620612,-7272.189260959762,-2860.569992149924,-7987.054606008638,-1906.6701375479254,-4480.371348457293,-4368.394662274266,-6389.868526085095,-6081.20499113286,-5535.987395252553,-4264.8282745259185,-2651.5883002269184,-1699.9009975432757,-2033.7360247015827,-5038.370468139146,-3382.0187100847816,-6515.408368530716,-4339.186436384562,-1245.455823986531,-6192.700982319636,-4427.171646399213,-5626.918463778615,-3332.0340526309733,-5789.7351084828415,-8182.655251444699,-2756.388189356309,-450.9827972954004,-2643.8388727415104,-7059.11581871984,-610.7672610419297,-4364.455822158661,-3557.6013836111974,-3542.9228942105965,-5645.190816226815,-3617.876834415186,-6986.524519116888,-5370.634478619563,-5101.236695975749,-3241.408042637843,-1010.8728357977378,-1927.7463415797804,-1614.1872230634795,-435.77840844184385,-8377.02907207336,-2088.989784145313,-2310.893431198079,-8503.820747516125,-6871.744426005967,-4780.990948595513,-5338.056094138268,-7010.943151057685,-5967.036237437994,-5230.1296346779445,-3010.417386003713,-10063.24100265787,-3863.502966376869,-5502.62740548865,-3137.098715507832,-3401.563326464563,-5573.567659717411,-3689.823094294341,-4222.734445937017,-6760.819513587931,-6401.59806112062,-6772.402379560865,-5181.606421774016,-8725.396482085302,-4691.888167536314,-7671.635827489114,-4483.855113336254,-3142.033400729068
-9179.359505371533,-3195.644907607578,-8440.312288039433,-6428.285775836767,-3245.382242323957,-8588.443653516111,-6808.011285783035,-7686.306785354529,-8058.2913074176895,-6385.047770239282,-2616.2156036302067,-5319.63824507105,-5246.522085976351,-8416.124416402776,-6231.418296844998,-3526.4753554459558,-3334.999694051197,-3435.092714277331,-5554.051471540174,-638.1139664776308,-5913.241252655449,-4025.159704897699,-7147.267558526081,-4724.434768061711,-6473.052483554819,-4900.7652890307645,-3332.449416755663,-4321.724000650088,-10521.878217152915,-7810.334482507279,-9502.272194423698,-3400.0642432351683,-12243.198537185284,-1915.6939385286723,-7089.1160653244615,-6166.096871137337,-9532.408442689568,-8648.930856938181,-7449.004482061153,-4849.8855103447595,-3982.9365138462076,-2247.48747174622,-2132.551105342752,-6569.801093445977,-5860.134477078471,-7823.483010223704,-5891.278494727967,-755.4929916155925,-6872.467714203037,-5202.4412570017985,-4524.94982181716,-4275.352749070095,-8870.35238563647,-12734.943731827872,-2986.9548550954055,-1711.580175155177,-2678.092042342295,-10094.60440332546,-1676.0631563569154,-5956.361629378338,-4627.287286391319,-4652.839189023845,-8832.890983858353,-3354.89385552564,-8097.56622796414,-6426.691737453233,-5553.690443650676,-5399.28200657813,-1321.661037841169,-3020.162638030647,-2790.588400319694,-362.7070227549186,-8782.83774536241,-3040.948639307089,-3489.0290658615518,-9784.208706589116,-7908.820241917694,-5269.271080552006,-5718.203729355463,-11372.296469497674,-9365.123409100761,-6294.25677559601,-3835.179482864067,-12993.112967633924,-4654.309845274334,-7368.0988247952,-3564.299392302729,-4843.637455560899,-7030.059032287218,-4925.859065175144,-7218.879028935933,-7066.009733815366,-7726.910248446462,-8857.37069578899,-6033.384322469024,-7190.5572227963785,-3878.256419227781,-10572.491061107434,-4715.296411619129,-3852.461774026904
-3861.777469031632,-815.2090498975473,-5649.733068311439,-3198.9199961012037,-2512.9503544186196,-6105.354057876518,-1779.115677184,-5360.058447091494,-6151.1506445673085,-3717.869316906886,-2006.6682320912,-1934.7015570755757,-3062.781540516515,-4253.000327785662,-2394.213085685323,-1020.5731793127903,-2401.6603786350774,-3513.653540032066,-3079.1275156212273,-1653.5936756505962,-2595.39847840781,-1625.9257392416735,-5790.967077302284,-1734.8630627140478,-3933.82985612331,-4462.31464512451,-3700.036715425474,-3137.113374555666,-5653.18539530771,-3919.3194180009395,-5853.985187420459,-1851.0413259149816,-6994.568677767681,-854.242312768339,-3357.939968341283,-1729.1244844102378,-4755.634713518769,-8741.309528092113,-7040.930163258485,-2733.764770711349,-1711.4537638286106,-918.0048208131539,-1354.8422116266138,-4321.382115958984,-2208.7323609462546,-3896.160839618521,-3530.6333175153795,404.14711250476967,-5367.684948908093,-2662.44059176073,-2288.2108674055394,-2352.817456471963,-4611.310656979786,-3916.6835661660866,-4846.611724598129,1021.1682135473964,-2594.794523003325,-5128.056684304053,-123.67998925112371,-3107.082251769347,-3024.77467065776,-1646.4520208497559,-5840.76693821331,-2889.027205116758,-5791.1800588696515,-3320.269954579257,-1925.1699191967184,-2716.1268470921973,-268.80432943908977,-1451.401815203487,-693.5048909691607,-601.0998762687221,-6143.733165660832,-695.1864884731086,-1385.832220299659,-6340.732576381686,-3987.8079079580457,-6066.121850813122,-1409.6893789793917,-5451.345419790834,-4245.798435001212,-3862.070997610097,-6117.13749321215,-4855.689388841428,-2366.6269011365957,-4502.212506897613,-1214.106484595508,-1974.7725822798293,-4025.9079973606017,-2372.2741311908953,-4163.728320426976,-3639.718411467204,-3116.3464616495826,-5081.527531214756,-2091.7340798071336,-4408.919857508413,-1362.9316401604224,-5055.891195346942,-3644.885285272025,-2064.6427363197886
-7175.013502678259,-2259.6036722525655,-8058.410130294212,-5927.665432310603,-2088.809280562666,-7836.621454820886,-6678.405946971072,-5950.916801077072,-7673.4640893980395,-4682.413495461055,-3311.685986008221,-4995.701399362018,-6399.441332443994,-6934.467484485787,-7121.619138908668,-3212.8903563479707,-3235.13692198288,-4212.72057931153,-3870.9020548512967,-2586.38722001494,-5105.83911391789,-3359.045515217343,-5727.483781840353,-4630.182732974162,-5296.820581645573,-5228.283299968725,-4352.789371700472,-4513.329762510149,-8478.587117465811,-8378.775126032266,-7136.0780557813,-3208.4863502037065,-9734.123512751892,-2296.588341277496,-5180.174365057731,-5750.67451867607,-7401.578217631066,-7097.884504511207,-7152.658599076411,-4046.7154182029526,-3468.8938399056215,-2366.7407398770633,-1569.530558414448,-5761.382743069512,-5996.148072054723,-5621.249058412148,-4036.689084840602,-1447.3783321344072,-6308.218328214367,-5293.7819092223335,-4895.689793425962,-4461.586000449715,-5755.012932422539,-7344.344647090937,-4136.918376538936,-1980.7284590397041,-3774.4175588579014,-8672.726579280052,-2169.6061166134714,-4229.368912292408,-4589.974780536502,-4779.691522315364,-8644.984226715631,-3498.3867678243973,-7468.492073350018,-4870.8375042184625,-5617.848974379259,-2845.8785355802524,-2091.348923956559,-2894.3335343939984,-2825.884953152082,-822.257010864687,-8093.235567713594,-3002.9245712341644,-2762.172149485293,-7573.641425551946,-6984.7871050946915,-4991.478232145751,-3522.1598420433816,-7127.9248055261205,-7599.175430466854,-4947.257676517144,-4916.994369441897,-8308.119368758418,-3228.9522605752636,-6080.335082036511,-4045.7414726662005,-3875.063889101603,-6705.7051234111195,-5548.992244031548,-5248.6453174490125,-5107.945780423478,-5435.394664515279,-5486.17645848438,-7754.023057466457,-6301.591070851289,-4059.845586509076,-7398.310452532525,-4569.029605586737,-4650.185400014494
-5242.949310051535,-2276.4659796736332,-5014.681701742978,-5290.807806565878,-3637.6469312022878,-5398.369891448264,-3676.0742202792876,-6319.607459101572,-7489.1814583881915,-5518.719427070174,-2199.6273662055196,-2824.570114004483,-4510.743168609902,-4337.069601461211,-2854.70949743706,-2944.160750977476,-3345.3471616364723,-4385.448946416058,-2916.85309328884,-2540.469022947828,-4719.004773562765,-2843.8773721546877,-6159.164342238978,-5335.039661973413,-6484.098986224904,-4155.630833323251,-3456.740781268264,-4223.046125306869,-7905.063612139689,-4331.233683670001,-7324.710563048452,-2678.7805240985776,-6499.220853738893,-1827.559559667373,-6476.1517572384155,-2191.3211051422504,-6281.628869280217,-7122.425664736751,-5470.148089297136,-3708.2462201407925,-2470.659543487458,-2390.042915241116,-2322.1097961713836,-6272.293304788864,-4032.0674501336644,-4402.9801349474665,-4487.535130851623,-861.4023179996178,-7403.401582462444,-3592.0355977070326,-3495.231980777731,-2975.3498510176782,-5415.978256940384,-6427.845811698968,-4415.831794299349,-583.8564430707779,-3063.1111750676473,-7588.229354509515,-518.4527666732547,-4384.0285948565415,-5310.929520737922,-3627.5407518324787,-6520.047819744894,-3902.0089736633504,-7549.864305599921,-6183.157051575024,-3743.219003668741,-4858.883226404375,-548.2424598349857,-2328.5165333561595,-1612.503702409008,-965.1358480219709,-6594.525375837456,-2684.0764491077307,-3362.5994349824336,-8566.614618101034,-5532.345874230354,-5519.74715278987,-3549.6127569719456,-7168.45295084796,-4331.35745890069,-4930.219348819518,-4579.745850887033,-8890.58398908275,-3922.4294967236783,-5176.9177948024835,-2613.2013505866857,-3607.5802081771362,-5278.404185858666,-3097.616657553463,-4377.856002429149,-3575.2210275346133,-5437.201182728473,-6981.808328444364,-4737.881655756052,-4598.182495289118,-3801.388036659762,-6923.012925793297,-3408.107930266563,-2850.3758484570203
-3619.7445625626115,-852.5595017122479,-2634.169794841109,-2542.982008929723,-614.0452559308652,-3317.642169050471,-2646.0127841762737,-2946.6697042916535,-3680.180791760114,-1645.7428718417434,-1464.84417380352,-2311.7646648435602,-2576.018297263315,-3601.518487790964,-3525.4610809731435,-842.496757430599,-742.1240554300471,-1544.2191242568383,-1941.2533583733943,-206.31100567558244,-1445.5209115673847,-774.3615546637665,-1997.9772865830078,-2287.801155542522,-2931.143291856853,-1163.552417957665,-1646.6712206227887,-2087.281804143487,-6049.8248315568535,-3813.338538208624,-3052.7700763417192,-1099.2328675696847,-3258.1968438108693,-645.0651603719153,-2486.5067135315007,-1335.4862072937647,-2626.113879131435,-2995.0650104577335,-5505.792446606689,-2137.546050128129,-1722.3038972421023,-879.4482729235252,-587.0982193997,-1806.7511614468383,-2512.0730662298824,-3275.2264086692685,-2163.3473758834975,-21.009121794246973,-4498.155490513128,-1760.9833276312113,-2436.6182311941475,-830.4956554317913,-2103.4012488282606,-4115.730221273579,-2040.998712322175,-243.5029041993931,-1830.2060110650216,-2457.3002363930077,-341.4418902697091,-1596.0807263026056,-1400.2877605189612,-2433.813858892926,-3471.88020659086,-611.1539172770515,-4300.865260465843,-2623.296164264205,-2396.447502259725,-471.911800699893,332.9089175376689,-1581.343757433927,-1331.7794767987848,-373.86081427046076,-5540.344309324633,-983.8713321166928,-835.852118945477,-4016.0166295359422,-4214.588986135288,-2856.3219281794973,-2077.978929442467,-4347.74254130427,-5310.422191175602,-1909.0778643018978,-2950.6813841994353,-4157.788321868171,-1067.4169396658158,-5120.832928839629,-1664.3624641140857,-1597.7848228895011,-1690.0333002844009,-1780.0512119139153,-2203.819012814197,-3530.62018079036,-2340.620910547094,-1737.5325075645424,-3975.5290384450777,-3907.547069509751,-2392.2937710272813,-5068.484192724661,-1821.9208838909567,-1214.6069108831307
-3574.8164136942037,-1659.2274176225,-5989.357274819535,-3784.937142068369,-2718.7538199904284,-4240.382094771992,-3227.160745732877,-5389.834726344847,-6387.491489785373,-4113.748236099103,-667.2047082621332,-2206.276569032592,-1650.3595736294294,-4416.220646968169,-267.9838887659747,-3147.0615581880074,-735.4885538693895,-2305.681809170348,-2513.4256988469715,350.4727373099794,-3361.4881953307895,-385.6303561637764,-4288.60653929755,-19.524540976221076,-5590.870648487874,-2223.340079106103,-311.0808754376338,-3752.6935470627436,-5034.698585370999,-1371.7558418394296,-6300.671072922214,-1753.0464904801643,-5852.69703041003,-450.66382004659476,-4489.659282307222,166.09977527767413,-5633.045858194679,-6001.543954165057,-5673.913960018522,-2470.8613321889197,-2065.559062677571,-2293.725035615131,-1712.357614913381,-3852.8964139142695,-261.2573673048552,-3878.8408632080477,-2507.001082422334,430.5968263107438,-3796.102054973783,-2677.128880351548,-1075.9291005874545,-2230.603423042709,-3508.4723769488087,-5877.725922580727,-1634.2968657998083,1634.0375351181688,-2724.932135008672,-5240.563519506316,111.42746547003507,-4188.378786197521,-3404.089628156795,-2030.7952919213224,-6178.492804469078,-2900.472879733246,-7132.314660348492,-3848.7371767701225,-1379.8292986423162,-2326.2382812740234,-164.49277618567737,-2847.2455726929697,984.0696334422536,390.34212120349565,-5201.908665406657,-2330.895469256166,-3177.7311455088234,-6083.2647777935,-5588.259976894456,-4246.310543282226,-2738.776554604663,-4816.716746102229,-769.6930347732985,-4021.979353130381,-3526.6874533131086,-6509.288850038581,-4304.605228234515,-5810.452509214127,-752.0698342541745,-3349.088842101033,-1448.1502839815748,-2767.8117477415317,-3693.857992244804,-4458.246456061238,-4709.587551670526,-4835.73820982163,-1900.1505453548714,-5207.3209307337975,-1521.940488672369,-6855.35216102494,-3580.3306780416906,-2098.8373537709003
937.8178423438436,-170.33500417660258,2460.349362383504,1820.354586991759,1360.0737379931468,3989.6986795811035,2480.600850152641,1770.8275798082832,2476.5843272544726,892.722538813091,532.5682871105267,331.2161480960237,2674.12775572149,1331.206270298648,948.1799833044084,1319.2003604139416,-1336.6889893405942,925.8066651033985,1585.3321491437855,255.18425628848587,1952.0659386278007,-274.5002012259736,2336.873619609618,-369.35308975263825,1546.1898895501004,2136.9392974426964,368.7612696704997,1882.6727041272054,1045.3644223820243,1033.140898021355,2104.8069270642095,63.03659305489852,3342.3308892369896,-33.700916794622046,1696.5977395649822,77.68375003709214,837.3453144937826,2716.132033837705,3571.232533606036,1231.493404689931,729.4422172119953,255.6124282585961,1026.8691317309729,2291.016330939471,1043.065651796417,2216.0253435554055,821.8857712658825,-564.5397027887832,1881.80244867026,294.0457704789487,827.9692456778654,-219.78091745074533,1400.4988446496827,1141.457078678118,233.2803656454572,-1468.3928278557896,804.8074192217925,4251.980889672252,-327.9838314197775,1785.657218416062,876.2234035949991,1546.1575699596583,2933.0442907023175,1292.0279168746956,3037.7466626759274,1311.9017178051229,1208.6651865866556,93.20194365779801,-103.08943130323958,618.329124945601,-182.27718466916477,37.04283116361126,2947.836271785035,748.2845244112772,1286.6983088352786,3382.8870358668005,1963.2028295944383,3412.3813411806414,835.84973304638,1348.5617492803979,648.1942322345493,1275.4761821199825,811.4740948053504,886.2424792422623,738.9635616018055,2458.6676682507464,773.1074693592889,677.7653507883189,1930.806749822221,1473.5996346754082,1589.2563666360318,1153.2188163889068,1232.9567910718224,1951.4571868421554,666.5573850279791,1527.3985085600484,1220.9262799236374,1629.5410173333923,2033.9743364755207,1003.9396465239623
2350.873729289606,326.39451721754256,1821.4780422423503,1550.624452977946,599.7324052505293,1008.8560314366484,1754.624040176523,1481.6064187343488,1190.7329766413877,1140.1029098469605,1747.8396265549932,834.5036009423027,920.7658994891507,2964.307911586749,1614.4149077719967,-511.7803048065252,1443.0002277662313,626.9513254089278,204.18954880285065,1630.5288695397257,2281.252533231375,571.1234636304947,2989.602155674574,1873.9940418036072,1650.318584111686,2290.3354906352806,1644.311662819815,-355.9362307948069,4557.648976505095,2528.5051182353777,1906.4154727895059,261.35931580572446,2087.7518125753445,521.064268652361,1632.3688815151659,1360.5306177743257,1012.683724719461,2632.228901899705,992.4252885085941,834.1966489653047,246.83914256374905,-706.2902400124655,664.6913992845386,385.8189232107495,2815.562629507096,-111.8142740008458,1165.2896467389544,168.66096708669824,3602.454190051491,1853.635319267046,1032.12237869846,275.18889318859044,1150.419017385717,-192.82276559426862,2847.9511798354656,417.4137563742876,233.35517107899855,2947.415189961421,644.3805935116374,2291.2003999209564,2284.9923217200617,2480.51651548199,2550.1783317850072,351.6088785399699,232.58370465885747,889.013262687938,912.9372612299144,1732.5405934336304,1045.8770216752434,552.2383312118067,412.2557251564871,565.2773190099211,2223.174613057322,-675.2364132564586,17.467061611018988,806.6798462077816,-424.04724919913343,1933.8823582081473,506.2979220624602,5750.832655168946,2730.8863983978154,2834.434795899312,2679.551391124951,2729.9129644723807,392.3441739951102,2314.050100958951,1093.64000930854,861.7915417929992,2819.938319330622,1799.9721482349296,1562.4813767306987,762.3072414271289,-205.40890701598082,1612.7537830065814,2288.3519596681817,1189.135180883753,766.8210556482926,2481.0118456294,1059.354081435314,658.5809195760543
5332.078299192059,785.562624689958,2949.645061578538,4143.297795035297,2141.467959547132,4007.437058988225,2963.647723625849,2832.2939394406317,4593.586626544725,2665.989048186105,1115.9755829939181,229.78289360557613,2213.559430868639,4029.256062204087,2528.015398407712,2564.620105969502,599.1584835400525,700.7475758935864,1999.9992897034494,17.79935486950888,4164.5111657206235,585.146005581789,2518.9887115424394,3463.4250542929753,4512.756700834992,1583.4397373510842,1844.4567702720503,2504.4249402112537,6322.4161875999,2996.6783321763482,3815.6680533062568,1061.9047121088886,3347.2423756843828,972.3521137708262,2963.345259346514,481.1530097984827,2497.46188887027,3250.080129137856,7941.067906619092,1659.1929282250146,2418.414830952207,1515.3834572739804,885.6583853689582,2558.68880063444,2277.736515842125,2605.7944231304336,2501.6894740512016,553.6024260318035,4835.411109167999,2587.670949513223,1823.1149586751662,277.1100706292288,1576.2942273575275,2099.0197451279946,2639.826917579963,298.13553784551107,1250.6733553744475,3731.095340048314,325.185667257759,2499.35860767679,1447.5450012878532,3626.176669408976,7580.244464720106,-235.82570780355763,9310.718516536874,2890.126241923612,3616.342525264845,1101.2254843516607,-1104.1026305035305,1743.219761147738,1168.1259704852625,362.67713298744326,7852.488958717675,2706.315929009876,1581.7855023936138,3905.9174250067804,3936.971796789622,2344.8906550212555,1756.6265130422535,5390.708337207173,6327.0038741979115,2113.0147902793874,1286.7217971778593,2225.4632436700326,1938.0129721242004,6531.305367464643,3860.2150111978526,1492.3635263268716,1518.9587441790359,2967.941469443567,2033.0215776458515,2520.696804945411,3993.6620508216797,3254.36354026947,5662.909733194914,3298.572013103715,1888.3461132424584,6936.383630054002,1478.744225202888,1659.9667764282392
4055.3361766142007,861.8618297769611,4108.839462686767,3448.5877767708557,2010.6288998489072,4703.944675148376,3782.4135404645176,4333.770931750525,3958.1659167386006,4025.198783009939,1840.388034315816,3933.213796018549,2798.449789803284,4651.552569016706,2886.3185398685673,1695.6897613250076,1580.116108130837,3404.8777042055026,1730.8300561942847,1827.3920296637605,4155.978266603197,1607.979397878723,4390.046590501754,3044.944553285308,3647.5102625122067,2807.252187404841,1602.8057525775348,2682.6740359785085,6912.378309195385,5043.663811425957,3921.302007596657,1746.249124088543,5334.760439201883,724.4687789883146,4990.302130929034,2195.1726771549306,4881.6635205233815,5219.597715593668,3856.6991462125093,2207.2346350625003,1700.5254427262569,1739.0798629684793,1742.3338141472593,4337.650472792804,2490.3564796193523,3083.5383426809058,2779.7487714409035,88.43643382378477,5350.807652518729,2911.3080500676015,2647.1530109514306,2181.2960747834395,4023.1864811257747,5068.501348618018,2784.3567816688196,-89.41094895669876,2704.55282974563,5221.309478533443,1091.056593641368,4005.8996757666914,3742.693266979765,2522.1719083238067,4261.962379903555,2934.4442988346736,4953.0820308067105,3778.4589778296686,2124.621138829877,2793.7509050185795,778.2513382578265,1378.1894102979516,691.4332655936278,335.82388975913847,4838.527060865407,904.1944102166982,1763.5822141029257,4585.326954897954,3772.9839968665424,4963.965873120322,2217.510664498675,4476.382767725529,4825.123832647993,3694.757503700517,3857.891924129613,8966.420965839556,1785.4242284990803,4648.711987774225,1166.0348320598412,2277.308704788361,3214.4363627164958,2531.7444917412017,2669.344514597745,3580.2644895007056,2911.5621436470133,4375.397564074867,2884.084974889542,5605.012466651904,3118.052335267184,5026.0534778842475,3050.4515778921796,1351.1290152396339
6683.382917792196,2961.5616826037494,7068.603870438858,4755.461651542481,4273.082878211949,6572.42858179744,5004.624790298684,7557.242279841966,7880.176179075276,5781.0825886143175,2547.2039072845637,3900.8198143276354,5023.649848977805,4652.5466523648665,4345.463688117255,2535.9572011597975,3626.392570213572,3164.029861042914,4632.673148462649,539.4460570829565,3874.750945386983,3072.25564604274,7491.822439968401,5150.632334185263,7460.791241903981,4463.675999546322,2593.1696333262025,5363.99283884233,6330.297697598257,5375.514686290887,7721.783192554427,3263.20559695293,6536.045524867192,2655.830393221009,6450.227171957229,5671.084715458416,7438.105760697651,8145.8882477923,7138.473777567301,4465.85237850231,3700.147584440503,3229.7743761485726,2009.7398532718137,6707.665791996243,3667.907990215686,6384.61559578522,4805.114344105026,2688.989309754631,6520.788365446172,5013.425297233261,3583.3121515170783,3538.456689910556,6401.777678557936,10116.866769723427,2876.1230043517076,1572.265512858619,3317.3391668526624,10447.363611661036,889.6348170111185,5753.831659329139,4459.540549052394,4541.418773824889,8310.425942217933,3756.7516474811036,8491.684563675077,6388.840648861323,5676.348622284644,3778.924323433261,1701.5517505789992,3368.230407525946,3037.21972307851,1164.1123568308567,7168.73354903088,2810.164949343229,2965.0540324419353,9964.007630335129,6650.030427641325,5178.519425320093,4325.685711485875,8856.399121528315,5942.007499414852,5124.5682571781,3957.5636600657235,8546.483058206628,4239.221005226927,5818.874570758665,3392.5352040021958,5195.961205386455,4206.602553156068,4321.420716133078,6353.206456593058,7071.12084074695,7751.407625754984,6830.724055719918,7594.935659859882,6809.60246190603,4090.0440208948494,9674.305583958416,4544.568908477153,3784.219094075183
3411.952138423525,1215.7700873489018,5878.428243062691,3168.993581957676,977.5958488743053,5089.610188343541,3539.5642395271475,4733.681747940434,6207.076131238195,4667.025220864091,1548.9314420318951,1524.8501004881675,5510.59820377873,4311.491432188661,3878.12600252536,877.2200398833736,2084.079278360052,2022.463416325244,3151.264442246537,1064.278314757912,2013.0561325019326,2569.8310663357406,4684.097163250887,2870.8500501950466,5014.876272961561,3941.6490219699504,2021.5800708855234,3356.0628265255555,5655.839855677418,5121.945946010491,5722.85921353507,1790.9345705740966,5915.178520313979,1158.227841298687,2854.431345120707,2689.674945123074,5396.791298227854,9937.627800095175,4605.320379644981,3240.007849285489,1818.6723089876982,1207.8101032973439,741.3957187557048,5619.604870504111,2671.015530234321,3892.6231684596814,2931.498503780184,434.5160257630977,4019.4210569944516,3069.4254438515527,3380.396495814914,3486.15694785602,3962.558192112289,4891.91491077569,1881.5805787945917,838.5795070309417,1847.384591520645,5242.344919508507,1008.1245650271381,2008.0263696969073,1186.8226645623827,2437.388375966859,4472.205848508179,2090.3892605375963,5695.823129098432,2775.095015261111,3188.1636278233905,2539.0969130668204,1478.5553798681383,800.3610823294358,1232.849515930537,268.53351905144643,4112.1855974102655,1124.1440684625468,1003.4239437141663,5113.85137192907,4270.954337062613,4198.896964765131,1942.4334856010455,5470.2971297587155,5198.775623112438,3108.8077248503837,2386.0265521430238,7059.697968739085,2643.7741834785834,3521.433645160435,1919.177033458482,2635.7579802023693,4398.390159402118,3181.309105900213,3477.722963454022,4606.666672125211,4504.767659391264,3828.715809656302,4286.470576146045,4027.2027544715297,1712.2931704128816,4931.920659619919,4678.862212094755,2548.4528464601362
2115.9316827924404,164.73641109499664,2104.0561280569787,-658.0317835170616,3203.7193840871983,1017.4037473051199,868.6308487910167,3188.2768433832402,1506.8804741846516,1142.805892430125,576.6443371128379,-764.4380292500343,1221.3602044314675,1259.181529601882,996.9192983297265,-58.56474039815246,138.62186873973,-612.2375780667192,2227.7295056100434,-1307.1848073364306,1797.4158717346475,1356.0816894327404,1191.0579514647125,606.0290623524793,1147.3274956119335,1981.7104124997466,-1487.348849647021,1610.1557474071637,-633.9165707973577,208.98854808969492,2669.109578432262,1435.6293809188949,2997.224906112606,472.75419839720456,1612.9140239935477,3530.0613612469533,1819.7699878533415,1747.2190823217486,1384.9281357808047,1459.6834380388743,1166.6497784226656,572.5702842564868,290.6132832701065,1993.073054536578,-33.42309029615675,2611.944923991541,2830.0977162277986,1398.2700535868157,986.0880480206529,1221.0253209976895,2685.378297266636,855.3955506873309,3138.8345983559852,4235.165339908608,-591.4306482901267,153.8100867312874,332.3156105762785,4294.730448832752,-667.7443981959848,1732.66133929574,-595.0767112882833,1304.4240291557508,2033.9747436835494,-55.67601445688558,3073.9988762065677,2480.5883354735474,2097.2310305514516,157.64926601277537,-377.82528238471275,583.755646012483,974.6365943735623,371.7287381950073,1302.8726027511752,75.87371720650069,81.96913847180205,2675.8552014930738,976.401726041783,412.80495347123866,1469.359829058027,1135.0553663601108,957.8042867787647,680.4727960785809,-1070.377228510871,2902.3046433787417,278.6977362937885,120.23485977982907,1561.3891339069853,2282.7372424528075,480.54430521280256,503.70226627564205,2451.5850573331913,2117.013947625489,2703.0230714008853,1183.9955551643068,1114.35544378933,3361.032659391956,1781.4067116958697,4220.094952187047,1867.6199057611886,662.1987666664094
4719.535319781936,655.3494451383311,3519.1258828987034,2868.2772732785716,1828.8576791596913,4655.262595836062,2511.791154309472,4599.666148578115,5379.659298723698,5336.542416183605,1323.9664751355278,1422.1484104588505,2246.3784215611963,4064.3416249691163,2308.2936096657663,558.293240983808,939.0873319251824,2064.3640915794253,2417.621888416456,956.7093544952271,1758.3411648450697,1838.995158594961,5024.224829478842,1056.4593879572806,3043.730549313366,3590.1270546753326,2480.8997604530778,1950.3026932350886,5763.824437587537,4688.566532735944,4593.94656842862,623.2933235146676,5112.550213481069,838.720418585494,2966.656580086242,1586.002530230897,3992.88324060571,8448.682850783767,6228.599242734089,2787.9850299964805,1748.0977561417455,105.38196797512737,827.9982551047756,3235.606169022901,1562.50658758865,3144.919112363526,2332.086120327965,-32.34407394810807,6055.46022872493,1983.4570909623221,1295.8447778029304,1469.0242361497117,2398.624631858989,3860.125938299387,3968.465952196661,-376.89840859169857,1491.7708475542368,4054.286112813301,288.55348634565075,3873.6760304041904,1407.8004840570961,1845.9310444494515,4917.9224054018305,2279.7987853870477,4709.549235551008,2610.3059076003096,2014.4050269005088,3423.323257511277,984.0924716082533,702.0597523263554,1092.9084721898023,167.47333592497907,4980.9990306447935,1080.0577571549086,1037.930278547973,7067.068255302218,4207.463141067387,4873.39788421474,1969.6340196278193,5175.208438345432,5769.9619012646,3431.836292834673,3073.464933194863,5876.202521573857,2046.2408567603215,5221.137818213343,1441.1479807600492,1687.6248705978555,5040.653179748323,1943.9749257225205,2921.8603129808043,3102.644283662392,3771.6073085739868,4792.101885522908,2443.4412880938007,3091.9641497883827,1146.4925143666628,6071.978641542003,3471.9178341101824,2211.4915498477903
2487.428144284599,1434.6160155903112,5245.434100487067,3576.2028448687315,1263.7049978159148,6435.996431289397,4266.490020817176,2746.5361558466693,4149.60512168668,4027.424284846341,1016.6217965202865,884.6955982534265,2122.4000125642356,2991.0126949309133,2199.8898332814533,2168.1264981699364,435.8918157702134,2067.812422782721,2521.234326307559,686.9342555800641,3189.9632174619205,1095.8563752904065,5132.493601766269,1123.6072030308217,2896.6474516593807,1930.0021818783484,1123.6199293454845,2051.379568813032,3500.013868954751,3885.9203260689064,3665.0227836112276,1560.8224861153572,3429.796886804751,945.4849742464728,3521.0259734468955,1448.2385112229335,2201.8313670726866,3833.272581634488,5218.868336307523,2174.078130468728,2198.6514353875687,528.7807744137217,2075.523585091495,4255.838305553727,2190.736049231767,3189.38572875399,2553.3611811996784,456.80026601729827,2812.5120119555827,2189.9006871143392,1846.276385056844,1606.1606888289925,2250.1096440142337,3517.455371738719,1797.8843179589132,497.68088939606054,525.7369099471108,4739.297551836182,130.4658586540394,2121.9669563483203,3136.660361948236,2253.0933590610434,3509.5752847177987,963.1486740003238,3284.934105391642,3328.2064072195703,2420.896701700585,1269.8662342451973,78.1154174034419,925.6822279881086,1085.230813571646,106.80784390016485,3970.1789294324567,1707.306143731745,1478.8008218754146,3551.8809266363587,2464.46698594661,3346.030018936485,2188.162796143559,3919.623878477407,4459.415774002259,2961.478598430424,943.0996584638826,3910.218681129494,1808.1323078568976,2845.8167884980935,2326.602211946678,1246.3336816760059,3111.094372577489,2400.3330507462074,2480.1032887275683,2282.870626634455,3564.7111306150346,3287.336725355545,2221.141674951101,3116.782630502034,2116.3805667257475,3126.5873560532937,2939.730783011586,1461.9183869624183
