0,1,2,3,4,5,6,7,8,9,10,11,12,13,14,15,16,17,18,19,20,21,22,23,24,25,26,27,28,29,30,31,32,33,34,35,36,37,38,39,40,41,42,43,44,45,46,47,48,49,50,51,52,53,54,55,56,57,58,59,60,61,62,63,64,65,66,67,68,69,70,71,72,73,74,75,76,77,78,79,80,81,82,83,84,85,86,87,88,89,90,91,92,93,94,95,96,97,98,99
6.220154114566365,-0.29283903757966673,2.104684039623482,3.6633561807430897,3.3828251514656205,9.637764747204866,3.1119750287678403,-0.5827541558851395,2.604267091855833,-5.065679823792113,7.476454754503129,1.436041910892651,6.648002236516501,1.6095691933502172,6.537693226730444,1.0431587472739403,5.9515827817850475,-3.307690341559394,2.8613730820525984,5.405727308494761,9.511909345851183,9.700199193759904,6.768055665965622,11.070325093408272,5.2073968333290575,5.035398201413412,2.5391385579513464,6.122028464001488,8.719052885674506,11.787302440350462,3.962651879022088,4.112161223076626,3.0965521728562027,4.710107846173609,1.5533126718365986,2.5380856770639126,7.483807997232727,4.548334578240658,-0.5489524578825419,4.854200462668959,4.234656609601293,5.354809385142895,-6.238041106862843,13.482819379665468,4.67849090752467,-1.8198167666312142,0.5354027164694325,0.6484527406281144,-0.9918389549523454,2.278645653662256,1.2147912919666322,5.568029287402373,3.3937243708092804,1.128394820435206,4.952347751425194,3.8786104975118456,8.898167011987075,1.9282001143562433,5.295228514317105,2.374153099938374,7.860816446124376,0.17655270070709053,8.035137506161641,-6.347081373697363,1.0774816658398971,0.6628889000599351,-1.6208680238062545,4.112772388393269,1.7294396433604384,1.1343850938710576,2.512375338999971,3.2138407604072463,6.205948947504284,18.757361381547916,7.532300836591896,3.166645611027618,-0.16649168560094896,4.4306181939984715,8.619604672956788,8.00063413146588,3.924284404359047,10.093410441552667,-3.2030639409517327,1.5849040718671266,1.4127584555291994,8.117819696569184,4.283773536104722,1.7807029865019353,3.3377790313623583,2.7858883768507754,4.053860360868166,10.052657829777363,3.813238372021992,8.29575747267573,4.955619286609795,5.458117636079295,11.795337021101776,3.6863388817958866,6.32043686584712,1.0875122580146392
-3.1469467563788154,-7.262558631913954,0.583912071849496,-1.9667490560662981,-4.9093002266884245,1.9801482731048758,-4.731284155831669,-7.869563036769838,-3.2704112710142517,-8.57316274450677,4.5862218475172405,0.23479580131019157,-3.3898300511533335,-3.0963366610306804,1.142788377675482,-13.006227923589202,1.3914237115123478,-4.063686547610243,-1.9585337318156664,0.07849462106014514,-1.342514082253937,-1.5601336125924916,1.613710808552357,1.4825956136036824,1.8677604617651584,-2.477719189240638,-0.36370722644999043,1.39458680950628,0.1265351549273264,-4.085416073054204,-1.5283920596757068,-2.3820653555718025,-3.9221480310783456,-1.7424913079264304,-2.6032416198774926,-7.313884478477505,-4.2744473004658,-6.974699519026937,-6.8655195299387035,-0.8882312578387955,-1.1183281660462547,-6.760258753497399,-7.342660355031571,5.465034890226463,-1.7273608806447265,0.2548783557668512,-1.45922557598465,-1.7397358562617116,-0.1538577721567569,-5.94405117495319,-0.3591149393526074,-4.603764470887373,-5.455974069408174,-2.1839141744078723,-2.614455638926622,0.3551108327004639,-2.1678042838375355,-3.443965925927078,4.1006852499319475,-0.39565687301943764,2.1616965414021605,-4.300402166962913,0.5833147770212198,-7.496845341153776,-1.864455776327163,-1.4032800472475182,-1.7187390877958535,-0.7957447139949182,-2.59677897308303,0.24574467062177033,-0.8387423103616776,-1.8821306878038218,-2.7442255313567308,-6.507604434681919,-2.8387647016043576,-3.8207059255146896,-3.830386182866792,-4.3171925192912095,-1.1599901602027667,-0.5847401753591686,0.5040370692225989,1.126266344916481,-3.724127213161695,-4.541552055050995,-9.855303664305998,-0.5958482864988233,-2.3600484512857736,-1.0010827286518598,0.7201062665170807,-12.083394129952882,-1.526752649331461,2.775735531674608,-1.0887896980125238,-1.4258991504577934,1.9770557282808663,-2.9954292306081265,-1.9343019796032586,-0.7150362268543142,-2.5576513957626745,-0.7741147244537214
-6.317967500122125,-1.983673502927292,1.456132035686086,-4.033764001396132,-3.8321110368454145,-0.14928795165093364,-6.48558169074138,-4.987387020488049,-2.0322777864044665,-6.428194424146685,2.463413423687654,1.2407233349279165,-3.931651740715759,-3.1829382169072513,0.13038690298904954,-5.382352896893125,1.4737600571941476,-2.8341145158569696,-0.17457615660339001,-0.5409287224390196,-2.315648496529187,-5.165507760803022,1.21210358704928,-0.5506528767477424,0.05376369368483509,1.4114875051900149,-1.9869698100996624,-1.31610949792431,-2.5583756757823206,-5.211076086154908,-3.0056958316545868,-1.4253048106614432,-2.9566776184550956,-1.48401200410832,-3.548218680398911,-5.2791899683417665,-7.112084098346357,-7.6277398445734965,-7.5577351859361945,-6.178524714064062,-3.904339254401917,-8.345137883042218,-3.9810795461791124,2.319344716228718,-2.1248196546586975,0.402408101180627,-0.4065625981064254,-2.865640394483235,-2.0209569604895186,-4.443836930159799,-0.4791187834956151,-5.68514793805802,-2.3482305961287095,-3.8192165608793696,-1.623831086917461,-4.018353814598084,-0.3854486097640169,-5.1834713000821555,-0.24540937556047784,-1.8334524779616521,-0.6230662282292869,-3.76136169033619,-0.7793677872834563,-6.107427342357623,-1.7532442573623772,-0.7005668867750123,-0.8969790796732527,-1.874826406227795,-3.8437476753535536,0.9638683566230409,-2.190970091688929,-1.7275036269253148,-3.6021634852120648,-3.3555830056872464,-0.1827657194817984,-4.506169665640586,-2.8137062187268307,-2.2027874339431537,-3.0381520148402177,-4.026525469302912,0.17909667109423855,-3.3632704785896896,-0.6917422855634355,-7.284794803514259,-6.1708074218775675,-1.8173552059430307,-1.3876981763322302,-0.9423315943633364,-0.365583118660851,-6.2986127647329075,-3.2018359065274113,1.5342857408205528,-2.3241010094765846,-3.497603182565463,-0.0512400749954741,-1.3885835767368961,-3.6165066421766934,-2.251417585290938,-1.1972738549386457,-0.49615915435650915
-7.1974915153674,-5.340661570961694,1.2436597107501774,-7.655422448430494,-4.226577673694895,-2.7997018792401307,-9.14448325372139,-4.291117162463189,0.7673232975199087,-6.2532126050714165,1.7071749366141329,2.2947961545061886,-8.385130039603519,-5.514306214356166,0.5921239387842818,-7.08829231050659,-0.6722192985862745,-2.620873843186749,-0.445298539812728,-0.6470115416736364,-4.920877536201597,-5.44069174170796,-0.7303514738192453,-2.375422361493642,-1.318787208110132,0.07064933991331228,-1.1132154861898549,-3.3637265961988962,-4.915535577076505,-7.088534933726188,-6.2094703734266705,0.8526163444406523,-1.2079212269958595,-0.20225567135361036,-5.190308098862085,-7.442757070356805,-10.206723219894512,-5.53709834131086,-9.106186439218034,-10.149461365050023,-5.740462183528847,-7.990794071193006,-4.161656295373442,1.6596278388828927,-5.3650571968597225,-1.7708891595624938,-1.7411859602101287,-4.474800764929984,-1.8688488305698547,-4.055521456616038,-0.17392138435518703,-6.3489871420664965,-2.604839088911845,-7.511014578812875,-1.2032348000636066,-6.8267573345030295,0.42765738066954573,-10.020642217980647,-3.6452602463696664,-2.6216502328322266,-0.5792827025479393,-9.18883533628294,-3.3840530105789464,-5.143409659032258,1.3920136713634994,-1.1752853863596484,-1.9934338829896692,-1.4727623816996651,-4.245778183734022,0.02435817223001979,-1.0205184123524238,-3.582680388203476,-5.79335344244059,-1.268634185162133,-2.5206781854821623,-7.72776070015577,-3.4454815805703567,-4.516684685053182,-3.202722126848806,-7.100896733912901,-0.06273033836185316,-5.724152467352248,0.3846456660955214,-8.632804673892327,-9.512680667417284,-3.781604805005271,-2.645728325286697,-2.4092352537929207,-4.436573941983897,-12.464093622330179,-9.424602971309666,0.8331033478322395,0.3373774113511427,-2.207384015588851,-2.654984014536179,-1.1015173536498515,-11.133533925728976,-3.4140033904281615,2.916220048116968,-0.39695016798575006
-3.621268657847391,-13.316391751924268,-7.924236428459909,-14.867730745167638,-14.439881952885505,-14.183807275807391,-13.454742923369077,-4.051123683000702,-7.626369974666884,-10.15464236114883,5.340427859540192,-0.688748063119131,-21.896666385035015,-6.032985130722406,-5.118269737446397,-11.672701703638964,-9.973840736219136,-0.5226902450951751,-14.96105500715644,-0.8769615485248431,-14.71146182819515,-4.410786107178832,-16.03204105573313,-7.199074557109574,-11.074259845479892,-11.744666535796682,-3.879703324790973,-13.870571115692501,-18.06944679078072,-11.004383223890608,-14.998098135799328,-9.04346145547353,-7.305629460814907,-10.825872466798375,-5.709567887934971,-9.760054244950616,-15.814311413292753,-16.216680422059135,-13.974090103105004,-14.635603735635408,-14.18488227225623,-13.377172310356993,-1.4761801210319923,-11.526983106634033,-14.893926716259909,-3.827074839130601,-13.209106798273652,-1.596784090327087,-3.891159847367177,-13.111559474197925,-1.7044484769307156,-16.93771131087667,-14.173352441434488,-12.758810275416552,-8.00000769366334,-11.731815289928635,-22.83545745220411,-16.32434155959565,-5.1942286551662935,-3.9366640416939362,-6.410346095745669,-10.097299560445611,-12.776130595469285,-0.4052821306585651,-9.763240175230399,-7.361060679024909,-3.653760957068648,-7.5912179468310255,1.439185552997257,-6.386400489341291,2.328982186128979,-8.871009925064982,-6.351656317472344,-29.240167254918834,-30.645228285021943,-19.222888852807458,-10.62508888084285,-14.177735168996392,-12.026017415268635,-11.068495131162015,3.3818631979986016,-5.4843580002004595,-3.4694884554941705,-9.968132937839753,-17.04113849042845,-7.336817121738377,-2.0400475775377225,1.0301051814990747,-7.687896021733876,-20.53516528006267,-17.620657790673683,-1.1309700626989543,-0.693595609078884,-4.990867476986013,-4.008429891701326,-11.777095385752586,-17.76834583318787,-12.595008358828336,-10.020746204142839,-8.645376908101682
-3.0472149049548993,-11.947428833604246,-9.170108811675911,-8.702314676976272,-14.542741708666734,-12.501368272900903,-9.564804785465315,-12.675037341825293,-12.798390547324434,-17.783703608348674,2.5280944069433056,-4.280007089894925,-14.906565600059654,-7.654670381486117,-5.248054263377765,-19.764730192530486,-6.1088785202641205,-1.1000479000241352,-18.724202611351988,0.4180602347340053,-13.459141497039615,-7.950124421006711,-9.390663637357827,-3.7008525471544025,-6.897117532189898,-13.868951658043617,-2.987973431861886,-10.610873142994995,-10.42465759975086,-7.064310751508269,-7.097957136598322,-12.41707135183138,-10.515024580880947,-11.063733693452013,-3.435194972506716,-12.199460025639219,-15.824675944196477,-20.06089073293299,-11.851971063257611,-17.309308203810147,-10.54833901311401,-11.93907483422572,-4.069800568827297,-8.67272771823979,-8.989949928510253,-1.410709891142114,-10.674146688363138,1.4116374424683795,-5.285921022953609,-12.671126223384881,-2.9685810347369777,-16.518695078384138,-16.2710548739287,-6.138762379857657,-9.93875410646502,-5.923228362385113,-19.854510565278694,-11.160592494109006,0.8982021401260933,-1.6693913302725405,-3.0016003396523336,-6.768976351483064,-11.006023154774914,-2.592547423788422,-13.138832345855002,-6.366518825198543,-3.8762538534274613,-7.761101305795383,3.302059404042936,-3.469404717639693,0.07173515534709594,-10.155482907260113,-7.625443373340179,-28.401344958078365,-21.654891919390323,-16.30104208000302,-10.509373786820296,-16.536896600580636,-13.39542617077617,-8.659950328526433,3.445476981069346,-4.4845950848388565,-8.623079896584171,-8.776661650509363,-13.793438731971818,-5.494283997248307,-4.018675930643615,0.3100280343120009,-3.3812292816822382,-15.951644354328367,-14.850958764709816,-3.080134543442446,-6.768078952885866,-8.626652105666752,-0.0314875929925575,-16.971066849880412,-15.251938766725477,-7.666469746466136,-19.628885050326904,-8.848059942664538
-64.29224541866006,-51.55470980875348,-2.1473963224416353,-67.22453464671837,-29.93636252289856,-45.01805146784519,-96.45426245268982,-22.166361901781524,-14.955098734153298,-20.00452280418943,-6.819751728288256,8.255746449685292,-82.25353442611336,-13.314334388322935,-10.242401494138068,-39.22543843002897,-39.556469205534455,-10.255093509889727,-13.71951184156518,-12.814736133653431,-65.0845850838234,-85.88566355397764,-58.24322646597094,-52.029179160346615,-28.972455530654962,-23.796450317206897,-37.99945034826696,-20.604488726589253,-61.26637877758929,-97.03070233759458,-64.02003145784185,-24.071636511976042,-13.30930061627942,-18.226486277205854,-37.83290839319779,-55.89572970161076,-96.74240059086682,-46.58241824413697,-66.16507320706357,-38.961079470941485,-53.64149209279474,-47.99827325277574,-0.16390506840994654,-35.578856280853266,-83.14780313003718,16.59834872609085,-16.608177805962036,-60.97628025288232,-2.2659336727040564,-33.31711926582904,-5.521923655513035,-73.43031444265117,-26.743202020574728,-43.47467501175059,-27.85174587921646,-66.87789953111168,-57.92013924728096,-82.2531516396846,-57.59913503048518,-18.56400977771772,-21.294503238163966,-72.04840796572594,-61.58948909325386,-18.691929684729352,14.832679621266736,-4.044103794878253,-4.528443447957608,-23.12333552481752,-30.8427558666096,-31.64660940460355,-9.33275445147226,-47.4031864482867,-36.19948828133029,-58.93274994757647,-75.6515607855643,-53.22967881763272,-30.548934770549877,-63.97207025419384,-66.5433532384761,-60.74252988198236,-2.9815428386487044,-82.2689963360495,-1.5365264885424599,-47.52331198891151,-108.17015791363916,-64.44464061377882,-27.140234850243427,-46.87162813453711,-29.102674618376867,-66.04177123539841,-98.8584313180005,-58.965733825180465,15.79079423614927,-54.73599914999193,-49.007631446186174,-14.073055267593885,-122.74573619429546,-51.345667824501966,9.158133263948397,-17.154388963034197
-1.3255048027150855,0.23379859170623926,0.6134529777428506,-2.257876523383256,2.7382846329521437,-1.7523653099027388,-1.7056151854296029,2.568919704358312,2.5115305532931074,2.8149303335757483,-4.8119349105953475,0.9951649590102004,-1.5069824833832595,-0.11049197256589409,-0.28751515621182333,4.971192446594249,-1.2807783374977275,-0.10445125539869808,3.451497887687114,-1.9004010893786483,1.4259816726302603,0.8092820291718285,-2.255688436352689,-3.0884263221395236,-2.2694448354299896,1.041304282166029,-1.0210179208807624,-0.42222311980300603,-1.0034596334928039,-1.5275139223014538,-2.178096371811125,4.702852352484206,1.7290352338053614,1.2870623502912628,-2.2266128451570752,0.794554671974114,0.04025863872565832,3.3746159809635063,0.8798826088750163,-1.3623062541163207,-0.8689162129655417,2.7833054273350566,1.2523090517922606,-3.887176347956008,-0.5274893794827972,-2.795175231025494,0.34960326365581845,-2.898915704638968,-1.0458748976250456,1.2048723806547794,-0.38575264966450257,1.2298743948603068,3.5889003816296468,-2.529323132646707,1.3416771590651202,-2.427245086339807,3.714676877995879,0.20243243854276247,-4.943125740179696,-1.9282760168866047,-0.5445166694683963,-1.80619506521749,-0.9470453347635561,-0.2378506574681911,3.7348416358676104,0.43255210362535934,-0.08268708885783015,2.0183235635288024,-2.5379080704869876,-1.2640986013170052,-0.8798154914492833,-0.6416286836801214,-1.5302770048463357,6.1862248221241725,2.537173321048739,-0.4689859987758551,0.15609037574223938,0.5270318673601563,0.17915450104568903,-2.0526255639503654,-3.210276655084175,-2.2704436359244053,0.6584429332315607,-0.8475475963178899,3.6255206448360524,-1.8415423161498228,-0.7143005726841614,-2.324348249391168,-3.8869084147785333,2.3045362820238133,-1.2906088996620613,-3.8505737923043406,1.1122644365772985,1.104551981803291,-3.9645851996364265,3.737094697427995,-1.8637457864388263,-1.4709793526903172,6.267177806787983,0.5379356386224372
0.5405635489817942,-3.003064199481998,-4.38051241709846,0.9668983930305187,3.6655790737029927,-1.679340349710042,3.9389418311322943,-2.7496839537186686,-0.45555939130753137,2.8179937078899475,-8.546544841486563,-7.1793515804404535,7.410198680205006,-1.9702015482938506,-1.7788156133008028,-0.7850813681765593,-2.1015152048105468,0.10136204088392309,3.9507336644088324,-2.067904002279897,5.569157592738463,3.267201939486582,-3.3538181197803403,-5.0141107206509785,-3.080265415816393,-0.38767987663742065,-1.9300031318018764,0.5188234146107952,0.008171371525705287,-1.3520509975605621,2.7053542957794634,-2.3647642411306644,1.8627322165637954,-2.269332684049243,-3.83218649317773,2.9193421797183032,-1.0486372445949088,3.699265297414497,6.460495939333855,5.286012616049484,1.8881881447429678,-0.2869411602017168,-0.33319458325027074,-9.466824447312224,1.1660606757366416,-6.793571759895958,-2.441314660586581,1.127721864736127,1.466352136687506,-1.9082733641755374,0.45285122445351816,1.9560861122539073,3.058592539894747,-0.5771291952246962,-2.7345171996183173,2.627184198549212,0.2050673926611519,7.912110451312259,-3.2283562650273527,-4.9236418605071615,-3.163175691631709,1.933039207429752,-3.5946353565144396,2.3317426007401054,2.9620077785308268,0.25739826240593433,1.7907184886974534,2.2010436046193638,-1.7842619509087518,-1.7849406588465146,-1.356530575730053,2.678930372568865,-1.2236183753126242,1.4071592277397094,0.6440469035453905,4.6334918710944795,1.7278368313594576,5.7694100233536885,-0.9457634888430848,0.2230681323201176,-3.9697163904609516,-1.8760684830462968,-4.357033110135873,3.789136477663739,7.043159288847126,-4.942954441057998,-3.7690545933543955,-2.2481324574196897,-1.5568029765792109,10.574811560266163,-0.21797102774687022,-8.799109826574481,-1.4557022913948365,-0.7872245568423394,-2.06726777753732,2.4198784338333454,4.914129849505301,-0.9889643669241828,1.161627162571626,1.5732602488370346
4.318858483065315,-10.969882422321632,-7.639470630981169,-2.4987564131549314,-7.748793962567855,-7.060021250553979,-2.149572866584827,-11.57207193422886,-6.532215517608707,-17.396821753545176,7.316658342946235,-0.028595448211877258,0.22063034299921783,-4.227085574989881,0.13839428257108755,-30.636700282660275,-3.375195133554937,5.9220954715328515,-9.62551025421704,6.61436575513929,-7.502028714830809,-6.444071401811246,-2.5256348958065558,2.57686159654091,2.7717284202107373,-17.901617095293826,1.7505076531298072,-0.19841726365737575,-3.7155025667996546,-2.2799746169995014,2.554549692911849,-12.870991247789835,-2.9584762213622553,-8.10725354703167,7.050081438298208,-16.033335586198717,-5.637047179679296,-20.906220119494105,-6.744669826120488,-7.652793329113669,-2.184549371712234,-3.703824874253021,-5.498144974986573,0.9832472515541422,-2.296840968279214,3.0946600817003604,-4.563370742516335,8.375352711510702,1.3175247295857044,-8.999520572006723,3.791627165098764,-2.041776262628493,-15.676757135952643,5.353328927502737,-4.804048379230675,3.565796859328028,-17.760462098180366,-0.3238855199313514,9.621924668087317,10.492560171164985,4.418004347947633,-0.7867516035624837,-7.139260006681773,-0.23623484652214663,-5.031378305260874,2.5943358859099384,0.9118363106183709,2.359330937084159,3.8162302564490176,-0.889575738019944,7.767376607598647,-1.9029498290382292,-2.2757498568550645,-6.7662603459782495,-13.954693597812058,-9.86210059882938,-1.908332546188231,-21.710150074855477,-7.407676000210505,-0.2512727336241139,9.802824848269388,-0.3557832202872094,-6.0744490263206945,6.145953735125826,-14.011785645262817,0.18426139525487556,3.8688575384646318,2.126238364939166,2.0581083609145416,-5.871308314271426,-8.79103698419621,2.0430520722828795,2.9423460907422814,-3.0607004239439113,5.807227301454719,-19.481017350839295,-7.30779859956107,2.951647553145794,-13.083371675775766,-2.5214164199187885
14.05498604612085,34.58474282193419,4.565623157061266,10.312494830956902,-0.36486528600204127,-12.320294171348904,-3.463605982464242,26.40627942011772,18.853554162890767,21.346641476792193,-17.941412003417202,27.917412306993384,38.17202594167133,-11.731834965824453,17.044959831203073,46.738367472910674,-16.387968441741446,48.59596031413743,3.192100105495245,9.88531284982946,-26.4001056524454,10.975427850805547,-6.518548811941418,-49.698271673474714,13.513504512685037,-7.7155283455276065,11.564033361217517,-12.776071841170973,-5.745463832957711,16.884507560045794,21.987908655379574,41.982879186767214,33.901348681853044,3.674086944349384,36.24138515950358,-12.405258879546514,-29.449384414679393,50.81709593279532,25.049706965806976,-45.87654008416456,-4.829857145297323,29.93730163547289,6.069782841696615,-3.1821291685087227,3.2961139836741857,-7.128066493692939,9.116844648262537,32.78189412742593,45.82539573457251,-5.125927972086818,15.017893004138926,22.27820738204621,8.35218663878845,0.6044344770899265,-2.707905603901388,0.7224196372315209,-14.57879279500293,53.70789920878766,12.217211948717651,34.893974054248424,-8.0906408598357,20.95077885872531,-28.391592989565627,27.06220823817491,8.381745692922486,23.135211591640743,11.440629306143634,24.44391790391677,33.891401342074715,35.655018002697574,10.160720274328192,47.803274001467194,-23.377421477534575,19.39921849908148,1.187787472871121,40.6761124578575,33.521986408877076,43.05693822633166,-33.65924337449531,-35.21871892433264,40.42325140757213,-29.46755458181389,42.18326112376726,17.829940206993612,107.40328983404095,-0.7104307688416641,29.044818648621842,58.41985674398697,10.78547981694936,38.289130160484255,-28.179455846258953,19.078205203049734,-9.173112397251824,15.070719130269822,20.530997564206274,-15.868638294032447,-6.012610398236462,14.136059131822591,17.667822836205023,24.816203029568122
2.1453638557821813,5.765507576971896,0.013231843709437863,1.8196117512351904,4.049810518869771,-0.22319350922966355,4.334998929611715,4.034521041016183,3.9992551537582997,9.928863344539618,-4.214042140789649,2.4043526900419754,-0.851365609947548,-5.610316325629901,-0.04276181157712163,2.662658579768271,-4.470242945843024,1.4282089071941861,8.62373553913106,-2.889101683411346,4.277743188626538,1.0675404501569812,-2.4494081405682673,-4.285771483225211,-4.06065388899502,2.415864114049996,-0.746710134741377,-2.293429871984894,-1.9328598603558276,1.3693071126631646,2.533039053662395,0.7844046026108148,3.3471638498024245,0.9805567135961252,-1.845421121861721,4.221356122283851,4.788619244839263,0.6874164684207483,4.13081233239395,4.567099988409446,4.065396765399723,0.5272962613916267,3.255941791738643,-6.754088287324231,-1.0723602995837456,-4.4765073293803,0.13147349824451252,-0.20434359356400011,2.9479174645433517,-1.0272856553889513,1.5662118716275057,8.230892772235201,2.5477340654909666,1.4681780073454564,1.6712168845040125,5.355581951185501,1.122589725126324,4.843989473393268,-2.3651796184747855,-6.981838114055165,-4.166798981337563,2.4028040975410856,1.255905025388744,0.15130393381336268,3.000642218450627,-0.14291797804974313,2.145880791584914,3.9183417911326104,-1.9104547331991866,-0.09193833043053579,-0.22083693799363596,6.181066545438445,1.3834616602867058,11.131176951791625,4.000725788307269,5.9803303547237885,3.2052089219013387,2.3811981304758327,0.9874149242082176,3.508897511013405,-3.633212723614891,-0.12351398100781398,6.499211387671457,3.885890508912212,2.040768766563343,-3.3686536547928756,3.313622806032443,-0.5688158337866105,-6.48150556702971,1.2220196254300482,8.551671352216852,-1.9565710630859734,1.1505227384875494,2.6022287066338596,-2.71885438529963,7.321357866358145,5.005388246773396,2.3059843139985645,3.3823784601295483,3.712232156963054
-9.063839583569228,-6.346506713193909,-45.80474184107054,23.09075103180145,-63.27063889609505,-33.06525665996125,-26.228787680823828,-26.547768466861235,-58.847564470032985,-165.1879780357287,-42.1186912738307,-27.18473774320048,-63.45403508889699,-192.21477573203956,-40.88245203923711,-274.0478212592854,-38.47957132543831,-7.290921048907485,-41.00320780303253,-17.152915611111858,-52.68599175213666,-80.90429366825722,-15.765076498412672,-10.464996278394578,-64.24762652945141,-137.58587656438584,4.64875186215803,-68.7140965733368,-46.491139923553845,-37.35398911922246,12.308567142350666,-68.81993687743207,-26.68460180354226,-100.69314676046842,-6.344434853016722,-19.290831941029197,-22.28624774497446,-153.45428259965652,-55.87298374174977,-177.0080183187215,-54.12021961620321,-99.68771549551312,-126.8981762968908,-25.26862460552694,-45.76320172978812,-10.286048098309614,-75.74751984375624,69.4047256148995,-5.92581547941112,-115.03414819437455,-23.868641859915645,-62.40333028099376,-80.78448154333518,-7.83970458276565,-24.616615216264638,25.867602371868138,-54.15986656802103,-8.805033040980968,56.60339684724954,-63.211997219679446,-58.79909918159827,-0.28097136987996635,-52.78789587814915,-56.363201421462406,-92.0214725063746,-65.4230196716081,-10.738863808012631,-35.267417359685254,6.014892744127321,22.940180098703646,-2.7275196254757605,-15.894659860527774,-45.66225650549841,-60.95453503947892,-99.74246629308632,-54.46807632631413,-2.3315840226251003,-69.44525162025712,-54.9080208541002,-17.400824037525478,-2.738021454386724,-22.610491325441348,-79.68418229534579,14.319319668964507,-122.08523377270677,-28.553696649455606,-8.967990258655151,-15.742812442350283,-49.822987783134636,-134.41252181559187,10.649111368420163,-56.311512425275176,-46.15148127872115,-69.19008280219266,20.39971186795474,-112.89004353547973,-0.9974811062540849,26.646651020136943,-104.53112370202743,-26.932691421029283
5.074298804018401,-0.6567511343207528,3.24333156522721,0.27620422342369766,-0.15635260301442103,3.357328262601498,2.3261105697240145,2.3235974507470516,1.6244096889799708,-3.493646838900032,8.439924856470688,3.315619197461768,-5.761151848943424,2.8585545891547333,3.5933116567803505,-3.5205325900858115,0.2509632574965301,2.3342812369837493,-1.8921759128826598,5.740549421011278,-1.5102226795738192,4.6210419667046905,2.74731883795586,6.741623509690262,4.016170756966491,-5.9105628781491815,4.777862666448068,0.3265800984007678,2.21940576028455,6.840514044695682,1.2974513072172664,3.1180807137643547,2.5634969417701075,1.8859848389941791,3.3740781501510586,-0.9464490252258388,2.4109624561018266,-3.7336055250662548,-3.7345751735083024,-0.08180241749683427,0.6842981450502404,4.810863337268989,-3.3604978451346654,11.27452006181567,-1.7042130844002397,1.8028117576336347,1.1428288360156325,2.1846463380082546,0.7508957167768591,3.0731230454502283,2.650020392938771,-3.991745187287826,-1.8370008491670051,-1.258982779972055,5.111564687765558,-0.5067972491549253,-2.1360795751352297,-3.244320461754944,4.676160258160509,5.9603820970034445,6.416053177154908,-3.1959747321522105,3.8509213938266886,-6.565302246438199,0.25535599666258507,2.127231117220644,-1.1702363373480507,2.7874604984736497,4.23526775451439,1.098218056045365,5.463126862893699,-0.3684370911640163,5.694061559539751,6.469682618171912,1.2692234577183488,-1.9408061959279268,-1.1420371018108473,-2.6479388501223835,2.929547519889457,3.1513200287307472,6.898753323236006,4.868924125482546,2.7564668595884094,-0.2628894893920225,-5.079094029538014,4.861059053056741,5.32444320403995,4.746308216583061,0.7623328525012482,-3.1714322488685784,-4.278516453907599,9.40074637867155,5.442984896946345,7.767821787065745,2.1319842918647707,-1.2039851176474672,-6.204531887882415,2.8810852386685255,2.2114237330972455,-1.1961840802785613
58.600329457510114,-44.638829995275934,-3.3343411313328244,-11.566445752352196,13.608161723899448,42.917773863780184,13.304570600581059,40.76110692420291,-7.163765525643088,-13.284477161617009,23.375803518979204,1.7531202691131196,-16.929807521267197,0.3008507471524397,12.185155718963408,-50.73837077190982,-4.726543646600552,-19.354706324129637,-8.250164661998204,18.414526988527538,47.79835897092025,75.31139048494539,8.6073491699918,50.885420386398,10.8075453984607,-17.946411261133566,11.1337617172412,16.44848358832966,28.753246830746594,22.591671847097892,1.9548849110664874,18.246353160218767,14.114327413850363,-19.737450181272678,7.469460588720419,75.290710885487,56.88490930591995,-39.876067125711764,-30.098280166178665,67.76681238777387,-4.2884576539424595,0.10299002296508174,-19.896225968684497,27.963492404489944,0.7115414796387052,17.705872687092537,-10.29894613032152,-8.113371609551447,-25.22887783606421,61.19543026633258,2.6930468442814863,-14.501809533966519,12.402141965535955,-0.12454602837395691,8.797644193456712,-15.806525692905073,10.313896777805796,-16.50825891101075,-15.81609913802888,-17.618213481583627,4.305364710867731,-19.20851774190783,15.940031143525438,-40.19315744590396,22.98280705909423,-8.72800342273698,-14.26606283399472,-0.08009347467676642,42.60851205316117,-39.799963808569615,10.537211145299825,-24.3634022201563,48.55760392633668,30.251737828959243,-18.476738344496788,-16.57203311869183,-21.153026152885577,-16.711306243118592,55.65420375908918,40.4184709815924,4.0747356077472325,43.578764988181035,-46.536545038696005,0.9964472352897404,-68.99241590994347,25.71568307538183,40.72310264255753,-13.631832714819039,7.633363983828435,25.731945157528052,-11.02245630937709,4.595556738275713,37.95261651048729,37.24562263214463,-5.532347439260647,-2.7174409935685495,7.519289040841164,1.7002525894837262,33.51208191334834,-15.140346064017583
-1.935267457761877,16.39572683194517,11.05392130585464,6.180873077773134,13.873876828965695,11.85430413652879,9.41966724368096,9.513367004814336,10.624008991669065,12.12490868622863,-8.76634395226182,3.4183336326822062,9.009828024440464,2.424477231132634,-1.6237088372182624,14.74115962931252,6.40698988174554,-0.002486505050304015,26.184097443060462,-4.140910416058299,8.542002413861484,1.732188224269962,6.535676622688978,-2.608990871071408,1.60256759603434,0.2966822315705807,3.729486869062667,10.524605837466144,6.321277942836208,1.7662373463481793,5.306389399175643,11.762036449816588,7.993309456846547,6.927934775571102,-4.638911968351592,8.509899146261507,16.01614114230741,17.700076772117324,11.856130539597899,18.321495972431673,13.532439382458566,9.341130844409676,3.6081312213056402,-3.1319837776921,1.4490461842707787,-1.8762419280379814,4.304897973756787,0.9250491122069022,5.229879327515718,9.613990126048327,0.7189474877867285,14.8176676040638,13.919694634739939,2.4863553776646405,11.372446451250486,10.762830671150963,20.308390100946454,11.537473334447638,-2.9547515398775137,-4.123527758402893,3.949949830036843,0.04583547572562734,8.312993059513222,-7.004886412199135,12.290375170694928,1.5958556119288176,2.144782738386557,13.58115334077975,-1.0109604964261343,3.158684593436989,-4.540980708597521,4.742557193628231,4.196314214738018,30.857601467159657,29.079799784762752,8.20213598386851,9.093370090165424,22.88230787207161,11.471387686924784,9.6799067631267,-17.18762126611726,6.216364708558915,8.061806188123214,7.345649306386519,18.75663512710503,-3.4813950577544905,-2.800257549351055,-7.324313595884137,-8.404801631382393,4.086762370185832,12.89847486453794,-8.123964596590978,5.859503544586527,7.068753141240786,-4.545390441390709,19.725419318010587,11.090969106724433,10.244100914351243,17.323921481360625,6.907019222840992
194.02723140632975,70.97070025619482,128.38842261989086,194.29836113728248,151.4076515308671,255.00541302560134,174.69842669596179,201.3864201561172,59.873903071082566,197.33693379598307,23.227068047674617,185.71688581758409,186.6339570787583,255.3483057772351,56.92776158819078,257.2172567541779,143.46391820604347,36.36646725046348,133.2398736579634,34.024314115535226,254.65820635293883,214.13400669286958,90.83482599637539,162.4362287518986,90.31571005927647,196.04046374369256,115.01070055034884,127.18553263791756,161.7011075936513,131.86473331482824,120.27028768984285,169.51098155140565,110.12515327108049,85.87705744889575,87.16905342558894,215.79391880730148,281.10723158344206,147.94655737295892,137.10864094417394,234.11083070665717,159.67052637567258,141.63906093831622,45.423421072905256,150.68880687923158,128.41355318328684,201.30583040576096,73.82847958945528,113.50141142442895,17.32848235199097,203.61463073494863,40.83079908521375,128.14895900691022,170.89647689273306,95.53493788912297,124.84741937891327,16.329096654167728,254.169416748522,166.3168359581098,42.096558280712564,23.763074991645148,49.76328649945897,186.96599324242337,161.72808431692988,139.32771084400585,128.1110840627643,41.26629647645252,6.124672012280942,159.05342512995531,119.79052107322872,5.347670444938084,14.607974272852227,99.68954908122987,242.12601525716497,117.37299092760402,121.95942303925663,181.2590426744875,130.2348347904103,105.58247832829586,295.70838864388924,195.86070287736075,80.54419388577209,214.32303712294737,4.539742953394176,175.68967782263073,210.81378688398166,193.10245271541743,155.0654005219833,40.41992688561196,107.66624351638904,196.4360042309907,168.93754959562136,63.96271262025477,65.73294807412861,149.95988575453444,89.54678068132378,135.96053575768093,266.41050297308874,96.14548526254993,170.41527845124472,31.987007461423104
12.285893822799872,-5.605440100470597,-4.750168712695078,-1.3039050946184587,-6.119050580777243,-3.886350432372136,-3.278086698030333,2.5409886982068577,-1.8574021319553802,-23.79166235606325,17.336816482386332,-1.9992697821177974,-6.305359804003321,7.547212944285382,5.379334618847719,-2.92911245184761,1.4967666732587506,4.667575341478328,-14.79688232285581,18.53358692189576,-3.7883573224852536,3.61474629401005,2.4456216702446927,13.823498720539362,4.5025218886536775,-25.598294256959964,7.615803543936953,-0.2028056154217632,8.706025081543393,10.278337472103447,-0.04156537072414376,-1.8762964252297998,0.9790113183844801,-1.9355684813375889,11.826380450808859,-8.313497771798508,1.72339015210249,-4.022793015689138,-15.235137810119715,-6.668438798695871,0.5735032323473584,15.352490667510262,2.0837147397282507,10.853365395219065,-6.7269542839646785,-9.001917838628431,-7.168866987008468,2.8045362050748808,-6.884885895021612,-0.6903966454245072,7.1706843807131815,12.950341100421308,-9.14711079142759,1.255688685194501,2.3523607842372187,-8.866468613207413,-18.11792754158598,-9.683420148772747,12.214548967745044,18.669896879178708,2.883980792412596,-12.929214014167618,3.1198418412551323,7.581448406906963,-7.279337599072053,4.334047220431122,-5.27005629751856,1.8049735462117162,11.61453528806647,-0.1731280883709995,11.022617320985013,-1.9000762762308314,-0.42711548027316054,2.077118436966688,-8.59921419466492,-9.160925928077338,-4.896391525745052,0.45300467194014055,-13.001992174415655,0.5764974164964461,7.972554115208372,9.973622207875934,4.30371534036835,4.753168365917352,-6.935826849959227,9.09023412069068,1.8444071820495846,12.000834477727237,1.5623748691844754,2.8271572245075163,-12.255960377825554,7.9077389746884,4.786111462542607,7.37307368027056,5.484908170011782,-10.747918847610743,-8.704896614410996,2.4360622701429344,-4.146469943458624,-5.038787241369426
33.118365061086564,4.139814600659277,-14.874340685836264,53.0497896764021,-22.956201935985224,18.236091724807142,21.326876961755925,-4.054846238802557,-24.488610775915955,-14.069252909261529,24.50286847087512,11.727318402963794,30.567315935148073,23.75136128498145,0.8852161418768467,0.0768824056789501,4.956464530850411,16.458414286235943,-25.425361550628896,9.050007033308225,-17.89528760038842,15.12606774858795,-3.096058404771447,13.009485828867248,8.849902193031403,-0.9675157742146111,14.705548764621929,-1.745708297428197,13.432373545151298,29.593378403362333,33.11431070203137,-32.607092158636306,-14.733995089656114,-18.235076288399032,27.206931454326078,-4.1664363587001185,3.9963532356322777,-12.66705514843508,31.108862256312854,20.385807919906874,29.595477686497578,4.402871321779426,-2.224575841376871,-1.6229221861721346,19.174500769106327,18.830885864683555,-9.14464259492399,47.011849269553906,12.155859165502045,6.28939839671868,2.733782310195728,-7.93178179663845,-31.488392478607143,30.758536060406236,-7.432035676223899,25.164759246297802,-48.43292066815953,40.69679501652516,31.290798374944305,11.860392672662888,-1.8353110443928853,55.054134779644265,8.95029113971422,40.0163858583202,-37.63460683423617,-4.106183264859605,6.8619229816437235,-2.7667018101307215,29.896180239861412,5.6132791240521644,7.913448534735158,19.000424694976367,27.714256911708176,-61.15276764204994,-29.703274419104197,30.069333468812466,3.7869501385007114,-8.574024746860811,2.499279603952605,27.26300746549569,19.5590474768752,44.28224940707877,-17.302763853630733,38.300947027305156,40.86504525973726,28.843934276362525,10.357979807164194,19.05286115180857,41.80024919473444,10.807908589987678,25.597341788180724,21.740939314064494,-16.029618418675554,6.7916719831154415,40.619331904671206,-36.40712555483005,47.91050732333528,17.189790091709728,-55.564115598467914,-6.432405951361572
-4.764017692107402,-0.8367310821860764,-4.039883311887898,3.3113306327209324,-5.494061689256685,-1.1695488689185056,-2.7618836784908165,-8.471961391899958,-2.275226085818619,-17.469253101382712,9.993320256990184,-6.7139024332161314,4.421023241790095,-4.196213290040163,5.6793913148287425,-6.840873699204931,0.3376811467874414,-2.3467262871861725,-5.148068812309903,5.767626134128926,5.726979874030347,-11.10177715428732,1.2287996029962855,6.261413469720602,4.529147842831155,-3.0596897978088746,-5.736577575415124,-2.3202051031864603,-3.556525127062641,7.708247929914182,4.5946099350095375,-8.493224386493653,-4.0808436072914445,-1.2937144120729624,0.1341428688393601,-13.12623220378619,-9.931904343191107,-7.714608992736418,-11.550807824025267,-7.788234185017595,0.6161341971796944,-4.7040641242705306,-5.297581997811485,8.56829042369745,3.9555651173853854,1.7468415600725942,-1.434946487889172,0.6380867376613113,4.794687157215981,-13.16784324379641,-0.19022691138637363,3.3239459517609333,-8.286773171325068,2.8101074115411646,-4.673903096213361,5.003173645772096,-0.14317832240172312,1.0155154640646604,10.589654724227715,5.707704086376644,4.297400489076715,-0.9284110513578868,-3.1891542401478783,0.9160344447900446,-7.214748287066439,0.8133734755811135,0.7860881440263375,3.188475014680485,2.8971026352878084,4.028535914314148,3.8783172443581533,2.332309264507837,-6.133362194897446,-7.013074716720352,-6.059129463462388,-2.7222969315738434,0.4115869288668847,-1.0546351939954364,-7.48213815049831,-1.5264853124833615,10.207532390843733,-1.3941242123354212,-4.269002004945838,-4.7061311210190055,-15.942399045917856,-0.27845810625957046,-0.5743259152338023,1.879634665614914,8.206326415132823,-5.9087553558697845,-5.348139593514576,6.466918588672446,-5.000716401162904,-10.275803572296223,5.862789387197875,-4.643046677547657,4.545299726164246,-1.2631579089341307,-8.109774286731469,-2.095129200736971
1.3714824853785865,-2.3505125144373427,-1.439354191436632,-2.426335723282426,-6.313725579047715,2.355235446520978,-4.379047548944708,-2.203646159230072,-1.4854049620774747,-12.515233679033374,8.865897359209276,1.8870818595961318,-9.074739542852551,3.750352290795421,3.922025068358508,-0.3233293515039666,3.1081157958135437,-0.04245181287567943,-12.581784948991494,3.1936721678751923,-7.291350710610741,3.793531989989651,0.0915933472628706,3.3336077452524715,3.826165056347937,-14.277208596388382,2.0001585442688,-1.1710606183824945,-1.2320887794209479,6.508971170801758,-3.300921586052396,1.2571373094819147,-1.574906847186617,-0.5165247445179927,-1.3212861512266885,-4.868777161704783,-7.202372705524907,-9.250701346173479,-7.157264811169226,-15.51423572792613,-2.0915731623287703,1.208965138614981,-3.450794814585708,8.948131146830734,-2.04069607687358,2.2925066307460544,-0.6579109328068047,-2.099203830489016,-4.248065513340477,3.5776464166777666,-0.06793300974920896,-11.682609536798932,-5.650162071672319,-4.42517769251337,3.601076610321556,-8.214025059534107,-4.479667170544068,-9.764586542502592,1.036536472168644,4.717257015877425,4.823787894453461,1.7867267559856022,1.219956610105519,-6.788437088758115,-1.1254620207650836,0.4056467898950131,-2.69871828971136,-1.2580140862091327,-2.902331570516838,-1.1551729072554038,1.1273754988140698,-6.831786656472925,4.314972639593832,1.6772587018051959,-3.5620434771465823,-8.195150376275576,-6.64276401106461,-9.611234852394356,-4.380950073774817,-2.4135103899416745,11.642159998519535,0.47947484082992914,-5.6139165629387735,-5.687283880780923,-3.6641575162349365,5.816289274778522,2.140843539698887,1.5502040758008997,3.3190712938496105,-0.024116179281624624,-11.933079120217622,11.558474627789924,2.5736725435906567,4.6865017790148285,-0.25873956332655157,-8.866655395129253,-8.638681212022437,-1.4386951005001756,-2.1187690214912815,-3.5037273311774992
-6.3613108246853,-6.630825730437217,-1.2874339701827615,-3.503090195811708,-1.2461106777156206,-3.9068087253416133,-4.427728049121863,-3.831167259768976,0.7505581231690832,-14.961365654461735,11.444413563527577,-5.514061677402712,-7.507682462792911,-5.293612622424348,7.772353180640003,-5.547835165548416,1.099481698981286,-0.8564881893720798,1.108517429440463,8.085739777226356,1.4953966784054,-6.71012142240308,2.7455284533079114,4.6772681483622485,4.049390284681456,1.7690598318580177,-7.325770460542069,0.21742773545188093,-4.034439060200613,3.190259005625311,0.5769616129017895,-2.03201979471874,1.5892815680474,4.090279205499973,-4.89011203060454,-6.7104791547172375,-13.632370949176297,-6.419883541864832,-15.994581944892461,-7.345740930401563,-2.384678225843699,-4.809897327086244,-8.823701234343185,15.016280637716692,-1.352429738303851,-0.786026846088882,0.4183971629662657,-8.023360885075707,1.1703831929788433,-9.277212399258525,0.6235354495825751,-14.681384045321577,-3.9741240679914394,-3.9446793222349026,0.541702139486325,-8.556702875675494,0.18520022339379572,-13.706304439148742,-0.21469505166183012,1.2161112756998904,4.642091437671507,-13.866530246729477,-0.8394018841850619,-0.810544808810058,-1.0576331304345097,2.354444033528877,0.18800963101333518,0.34333059195973886,-0.44710498448347397,-0.4368100606109319,5.234240656345881,-4.475966088641203,0.6389822223999252,-0.9026429075380248,-7.290293793837879,-9.036007907182626,-3.6351142470605367,-2.810624348538697,-5.311873156852898,-4.326089629723023,4.022414096940964,-5.683093106309156,-2.725968873980176,-9.87875725700921,-18.568528332901767,-1.3673472695561424,-5.309577432688228,1.0036616403921133,3.1447472321337555,-14.539867449186408,-12.690293403777606,8.606637236530098,2.41089241376148,-3.837649974327986,1.8136068258095555,3.2679266723597067,-10.541685795284867,-2.6059991594261556,2.192814747156481,-1.2319765388501844
-20.578607883488317,4.10555217606996,1.8504983192185123,-2.919596333111917,-6.926264430491167,-1.672717692957448,-12.978003886601018,-9.034793288916347,2.179065780623783,-1.5215285838531019,7.2065672361514865,13.073234800259955,-8.66898608764636,-6.858596980286953,9.281613808557129,1.3631562977581253,2.1582923117571418,-7.554199199449359,-0.384402075609465,-0.6026507088910126,1.8276226544291454,-15.857292885765004,-5.776707105541985,-9.021865949101894,-2.3660216700596366,10.051130074565126,-9.384446573452868,-4.2903591872573035,-16.672323188941867,-6.644324755706128,-6.760253257605798,-5.617314966591326,-5.275085864851815,-2.0739515019657886,-13.197742522453874,-6.018757350887753,-28.720579670419237,-17.488679190498033,-20.121187760982448,-20.674262844226966,-1.4959449310195643,-25.204263273529783,3.793582416517385,-0.1221172915424418,-5.957807416112003,5.096822431427868,-4.937663271587908,-10.432905596175619,-1.7681632875472029,-11.801294490947074,-0.13039314972170304,-13.304744795940772,-3.5384891566590677,-12.371938857756831,2.636399586561905,-10.973128371993424,17.401458298538117,-18.619432930975012,-7.672942098981447,-11.646621234038921,-6.501337617383298,-3.880691478758779,-7.622694987052879,-15.1771017325368,-2.783006462488923,-3.2902847616284636,-0.9393673307061436,-3.486119119424224,-9.844109160188422,0.8913705738465248,-6.854766686000122,-12.138916898395252,-13.581580296656616,3.525857691986737,-5.285984844198414,-17.988208140855814,-3.5647877278773086,-12.504657554247157,-12.929374693133616,-9.699200666275683,4.852218042900217,-7.126339255549812,-3.504711361945861,-18.78606275225361,-12.99228578379274,-6.866932648894089,2.1713681085846326,-7.877204084810887,-7.210385504859353,-16.70060684545268,-13.023200591494495,8.436135673365728,-0.031085867217827804,-15.955010117720372,-6.316116266981916,-0.4598582659207561,-12.907846346832875,-5.007587983956491,3.8721901101963954,0.22508718027687336
-26.655546682836512,-3.5537226809766413,2.211742911072044,-15.5331132956731,-8.561009794756245,-11.256837750377887,-14.62905445712168,-16.286980699346305,-4.547997668372531,-19.111994370190406,-5.120935774209419,-1.8020915723170352,-15.914304379158152,-19.755666017223398,-4.360255615578705,-6.4228373601979865,0.4603178363035477,-8.491784871865933,-0.009523452774975282,-5.92143922240883,-5.211474668214319,-20.79892502798845,-4.624486419999696,-10.568811791978085,-8.238257496001756,2.7915798303393533,-9.29566312512609,-11.871961070556674,-12.538596266650844,-14.23218875906948,-13.598526756575266,2.200886454816608,-8.682969540060887,-3.5847250374371127,-14.636350817096968,-13.96643505724065,-24.244480896527953,-15.023995969475976,-19.883895989991384,-20.492417309624596,-12.609878914470984,-13.97578422234156,-10.392834410291098,-3.582588283566421,-3.8751418570250844,-8.782752661648646,-3.666765662356351,-17.4839226512353,-5.699425667728061,-11.897986072420936,-4.8040539970558145,-12.94753180676198,-4.932465503487155,-15.521822879311163,-1.470335530746318,-10.520704879577696,6.296441012362997,-18.55319066316289,-9.00174211160742,-15.484778199747176,-4.878185280663712,-11.841067264052201,-9.96949319290577,-20.899494914111212,-4.4249663147273495,-4.207167271253044,-2.587888028935011,-2.4293281079214415,-13.640925829811817,1.2092302258771108,-10.299798249323455,-13.177021308806184,-16.788472633521476,-7.163172375530273,0.9335890485857428,-23.344679638088245,-7.387408471322047,-2.9309219304899305,-13.229961626818124,-13.891425666286143,-12.71304648416361,-20.369928150857906,-2.9874444335466652,-24.609452541736275,-15.686412764456033,-12.147809730754167,-12.598812179769528,-8.672568235407708,-8.542121234812408,-18.45667805301181,-12.727195259153884,-2.591808703101206,-11.792402854125488,-19.1955233451419,-10.002380633557785,1.852521570050198,-15.5334307799025,-12.209331942407566,-0.9911129869828333,-2.9696465471455813
-26.635557318670987,-24.449932440290976,-8.92787636521982,-28.938486473979353,-31.85094430042901,-29.651216684663073,-22.995122486537934,-33.263632371260954,-32.68206935888088,-31.329383087342723,-10.357068785243074,-9.109427831236006,-31.46783064167607,-26.443866975695457,-16.833679726207347,-15.23062225025452,-17.951357551770766,-17.08941842681074,-17.173927737668134,-10.312319930073754,-12.799825919077719,-37.98489859046533,-22.860189233229633,-23.63372304050323,-25.886211248091307,-3.1288989306677184,-25.190350130819706,-33.48549320009214,-23.1971597646498,-27.921166964035816,-25.22332255674063,-24.194935466308053,-28.00264050571632,-22.639218642806117,-26.549408474885674,-30.124932656465873,-45.655243018172015,-26.624354982117524,-35.489572789216,-29.550573127410452,-25.667639254937935,-75.7132197618952,-12.777999854570458,-24.147178341086533,-17.33695103432921,-19.246457828789335,-19.625900781491644,-18.20330340146097,-15.242646563213412,-30.087437603652564,-7.2586952359309205,-23.074607355804215,-20.19280181748367,-21.837333628160383,-20.22026886713219,-29.52161696804631,-34.01734830578383,-32.24888460291283,-11.544702740567562,-29.204762594881412,-26.399987993329887,-12.505208684510633,-23.49808746333092,-10.810838704792296,-25.92871132225907,-14.839669124117972,-4.48779207211788,-23.072671385175994,-19.067924416754224,-8.572650426823012,-13.143802774133244,-16.01779452765653,-40.62656288420965,-104.5517804459136,-45.13950726502062,-41.736567753187025,-20.405159769894247,-20.88735604587777,-25.175892979862812,-23.49995087662862,-22.95079951114392,-16.926843022863206,-25.359211988591834,-40.10070108013651,-35.42011542484659,-21.820838559110015,-20.183735948683793,-13.828787582939755,-15.50661538642531,-29.1593711979471,-22.988111008924612,-15.20173829443025,-26.608049460071722,-30.307198328716964,-12.036928710216786,-16.647947442156838,-19.902411763069846,-31.672319376019033,-23.314630938808772,-15.275466693798261
-2.8244520590623288,-16.195122936441447,-13.138452239524145,-7.4407851528472895,-18.109187719377076,-20.711235972610304,-6.912832049329655,-14.887625081128858,-14.835208340474326,-20.60322755486427,2.537097028089056,-1.7533932624851118,-14.272570094053876,-13.200040849873568,-8.19779247006182,-21.347153245375715,-6.644892595055104,-4.429425081642828,-17.787613087453096,1.8824568231009187,-7.269452013055005,-4.616896379907203,-17.08155077700782,-7.311276163173194,-11.471841841279105,-2.4529291310112566,-2.0272693540973967,-14.027438918890821,-13.76405805199233,-10.139285462982151,-6.5373196037632635,-13.523278435704324,-15.100676599976989,-14.641092771753078,-3.1947944376091026,-12.501537754973409,-20.721750359176294,-13.232797052057862,-5.676476997790404,-10.630789284306138,-6.473068129775352,-1.0326407338171288,1.450386133862595,-15.267257272985274,-5.75082203447663,-8.097457699476328,-15.966031800684549,0.4642039800987829,-3.761495706005196,-15.663194292065047,-3.9733464896553095,-10.808318775167201,-20.65281339714199,-7.043205966865071,-12.2800293472021,-3.181830069882818,-23.419685602550505,-5.9176354014657315,4.187089965186273,-8.700994719603925,-5.758385355942787,-3.3942384278520112,-16.00614240861067,-0.6057488805685189,-17.00630623422324,-8.878308727456869,-3.5660993007947193,-7.5754489134455065,3.69266288722565,-6.658740278783533,1.2957134895889515,-11.649833764103494,-13.487882586478795,-38.00322938408118,-28.166015509418536,-22.9291512833083,-14.697764207830348,-11.822599929604236,-19.02461015206739,-9.92583482941109,-3.8181370573704716,-1.3556573239922807,-8.83143416263391,-10.861585446940929,-8.290419545193028,-6.718384963322708,-7.290680277635116,4.805724671834712,-10.867100190163296,-14.177924186168838,-12.151993946711304,5.3862692339388705,-4.203839144092277,-12.626114358906367,-3.5871536445215635,-13.39265891324686,-10.323223952463316,-7.467337467287949,-23.02747996628215,-11.024404707701576
1.432591223541826,-14.619295104805012,-6.267348699210871,-4.874170973523548,-12.283586217262187,-16.388617546347678,-9.374784501897837,-18.30365226164254,-18.745355393691824,-8.225315438591434,-6.73040925448343,-12.876597493874845,-20.412494366016922,-8.250244703817382,-15.7184969872744,-20.093071196521084,-12.66582579744862,-1.436794584591609,-18.92762139947641,-6.263911824066274,-16.5705938157259,-12.698064178537226,-15.392748734200143,-14.056688457774012,-12.48909701994903,-4.755301000706237,-4.4940196693009735,-14.754921473517944,-5.464592562122694,-13.382376267212772,-8.404427774058634,-8.491572421232593,-17.422470866342657,-13.55961770202348,-7.030045293958864,-17.152573479194974,-11.15557917315506,-14.36587200868987,-3.2460645166655477,3.534807353367165,-12.180005728888851,-11.596989420135024,-6.838248496312542,-17.26576735968096,-10.432742469897292,-10.142185318426993,-10.925417122636754,2.81584280702814,-0.517526099248525,-16.63125141085143,-5.257871150532387,-17.963947797102676,-16.463134103103677,-0.2984655605195355,-8.819379330619833,-4.406323124463065,-25.50432978580564,-11.00737147466917,7.535372489339151,-15.087006632684545,-10.463077145575054,-0.1748999407682802,-9.864723078424534,-3.57543291027248,-16.799185673866564,-9.515126262554874,-3.659162640145172,-5.71047777044994,0.9743432642435589,-3.19491889174496,-6.6053299884772345,-10.885455322163539,-11.319037213771901,-41.264692791292205,-23.601867852756385,-6.403268037015857,-9.692058709071164,-13.861453656576032,-18.441205057914356,-6.406247612863286,-10.12307602655453,6.8001798283268675,-13.030807221381899,-5.291862517600388,-3.166386278033768,-8.625982305891068,-15.784652220583899,-4.392995110475407,-12.008048083574485,-29.10416124673162,0.6225125454898451,-15.308345762018513,-11.684519644618147,-13.800069608667231,-3.9863920926186536,-12.396839904844343,-10.96190279478107,-10.99614420615874,-21.929697306376106,-6.612475501843791
-20.063926732731208,-30.170925211352753,-0.7708656387405897,-22.17225188879426,-1.2606612911181099,1.0537520363923796,-24.025662150465863,-12.448132089024336,-2.805871916451712,-6.725793723334105,-13.500590696302146,-25.74544987856277,-4.510211510026751,7.409374791124145,10.65910022555838,9.070692717550063,-14.371868050509649,-20.828021380364135,5.816674713345834,-13.2221629189139,7.719048833421065,-20.33723457195534,-12.853588502740108,4.338777107932703,-23.011430963824072,-14.782223626030104,-21.458937871844856,-8.43221204733409,-2.7342052690492564,-14.899279174638677,-29.889007306287976,8.601078624428157,-4.010376792836658,11.534840412907547,-27.657823210476966,-10.381555544843165,1.684485951144811,-4.081588172837728,-18.227905461739873,5.688717953658915,-10.814257814918198,-5.0897067048294,-20.63155755688108,-11.90454089508476,-14.528289777998875,-37.828358052402216,-6.7565459718481495,-32.59767507293052,-21.637976830040923,-8.567306377160623,-7.360080217381592,0.29021425173252,7.2075098916824585,-10.797576044700415,0.9521937841279128,-12.968698131463716,1.920270557164409,-25.84990156179832,-27.2615897622871,-23.581665007457,4.974227538504308,-24.949976451918882,1.49258174068765,-27.151821700247815,5.940248332816512,-12.545503738817642,-8.01884473760336,-5.173744788189056,-16.02099785144011,-10.793346538704705,-10.345040176993942,-12.026721412897956,-6.875460253625977,-1.9413422147873396,23.32076030994953,-12.757379115093144,-19.413458859549966,-1.8915758829132066,-7.104093209366775,-7.605725173728054,-38.66887276802028,-18.596000699585126,-9.57772408606108,-13.88949853693018,-3.059381986413967,-7.820344944027337,-13.411058140557158,-26.685595356389584,-4.674302147123943,9.105791590565918,-23.001942821055408,-37.01490588947309,-3.3593591156199674,-14.70494650279206,-24.537211505529182,15.603734249217824,-11.598346849983537,-18.053428844249755,7.793549524214328,-6.448953189113165
69.73225594123626,34.33087828060497,-0.25029977241262685,67.40216221822327,46.15862593944501,78.37338632530376,44.74723115823505,88.21450700899992,61.223104380865,77.91445720233376,17.55947482771531,58.99178841978562,81.7968428821109,74.61755333704109,27.420453098183618,106.59815108531514,35.71919229450989,23.773532435859842,18.319426777103985,42.89233184140781,68.2982570874796,79.77766363740326,20.752275181012735,40.10211286643422,43.350923836472354,77.58228320527556,44.59367509668296,85.41579365263951,56.91193762788463,65.710763380026,44.65738698024104,40.01356637301738,33.123734614027484,47.61406689358295,68.58498156832306,53.513139606203616,77.83136110965269,91.31027064677656,74.91569511483563,90.64884474245144,56.69495495340584,112.20587359301365,75.16501755821362,27.528145003666783,23.299842644449086,61.22152571376723,14.65007541113943,52.67267019086682,32.63484713172488,95.79704238658248,19.12319637800723,22.19206490066411,61.54889121412852,49.489262091352245,41.94051743035992,39.51057413302491,74.06457673463213,74.10928414800738,13.73950375629659,53.284853931776055,41.27434724219025,52.235095423885134,30.550902080834707,79.59869647732842,43.31634537373248,12.75231467161807,1.8208371848895013,24.533159283467786,69.80389634916139,-4.588420578591044,40.01078460833812,31.628275107353055,80.47901819242512,103.00246158049674,34.49391942410233,73.77104150279297,30.704174698936754,45.540255693112336,66.30977802233258,52.31399385323004,38.55124373901675,67.56167861377028,42.14300677035664,81.14515795787155,88.2927759240107,47.22561909942723,27.710779123611253,39.63629859573851,41.70638232041112,46.82040611649831,54.78863685213085,41.0271258923024,69.33589638184799,69.75054894396851,13.000727373412419,56.895782588171265,59.759082357445,62.27616543168334,63.79103187540549,10.189716658895517
14.326499429126212,0.7755694050304058,-2.913685632690818,7.436250272937199,7.6398578411105875,-0.7202845344331502,9.788969537989797,14.195483011074476,7.758526605837002,23.512492812840915,5.17765204137859,7.198750119024497,6.411340409990529,16.331671765317957,3.922855412588335,8.980358271608646,-0.7465702406381083,9.544388466016521,0.11677687717761658,8.474393371828999,5.422776424751771,15.76428833265338,-1.0008352449267373,4.4454055337336715,-0.35240920799168063,5.285789570675097,9.753196256199912,3.440279380581238,5.247501415624738,14.007046838456082,6.242607767324335,5.131494300509489,6.958183213988708,6.615032643469493,13.71760792274889,13.068776028242123,8.602951760747242,13.778197133830997,17.317533469374155,12.58188935162972,1.679970391851733,24.815260689223084,11.943358559693106,-1.8572504428070498,1.3917702678709778,6.766063290002719,0.31365686311327556,13.145432585737893,2.9228272938745836,15.749290522142731,6.472499970777685,6.8049112478184535,5.033227968794461,9.861747238064822,5.639702618148436,5.5265959858529765,-1.6688383710890637,10.125655958747924,1.4866806190643267,13.622732341172622,4.115520152222976,7.18651156822583,-0.29939669787994194,19.302573783962366,6.942231528213741,5.077870769908203,1.9358260821671165,6.200235864682863,16.22245354263756,-1.4758273998337632,11.585413604356749,8.069286779245882,12.481054026346808,12.727889404258944,-0.3561929827533512,12.930691998567807,3.2467362950055305,2.4222300082331945,9.02090794775837,3.754128143271781,9.620517116090998,11.863341659265721,7.598596885735686,14.72591981882576,15.084804378920728,5.321934016176181,11.297863517356054,16.422500764108296,-1.1773347882638954,17.749669361205374,3.43130203862454,6.676656468970549,13.67191338817969,18.268714167144225,3.485386155961704,3.496405269568579,3.4577410479901,5.736467083629921,3.1815587066567153,2.6058519560728994
15.739753794403665,16.203042155609225,4.24637299046536,19.615480104086505,30.93305480496732,24.949626637912328,26.940739090238278,13.690630334078605,9.737980942585763,21.44881355704696,-3.6190187209570124,-6.742943786176895,23.50247707170645,21.05472321847289,15.561099832956124,-6.482984105084752,5.768084658309828,14.343904704374623,16.380209995031738,10.31910735537357,10.628324461678057,5.310771868824581,19.880666615675754,18.46136504501972,17.4429085716304,-11.02153203162757,7.713398224393659,25.796832325427953,22.085799124699093,20.80592228160192,19.876885376186454,6.437040275837026,18.575225123317335,12.880823595561255,16.231134444540697,21.03138688475402,34.74878006930388,13.903783375398127,29.117931173160592,29.47112082133588,18.385257306752926,14.690802443622957,-4.517484707219333,11.380115195287216,20.885469214489145,7.226672206952547,15.950179548237122,24.473449217737727,13.280660852526687,5.770854153502718,6.517263530762336,13.661837464266345,16.959916704639166,31.99615274476687,10.298407552769174,40.10182307021237,13.540865812122608,27.46319686575689,13.709066004474876,16.45599102963331,17.8998708858857,14.665950534957144,14.789911189097591,8.607636890059007,12.440755327293168,9.942801134358051,11.399275097148667,13.266750653982253,12.498968392018694,9.563118139109879,8.773360728369422,14.684668582655508,21.611630519589205,44.62756420493365,30.708187265338303,32.382747932887824,21.08954692978589,14.30136806642824,21.126619060493322,22.90858270832101,5.279756347513999,17.272766331269764,3.4898515257855647,34.56501643905455,31.008395188425585,9.61705654761226,5.165245460402299,4.728243082348045,24.900053683202536,16.508830070956726,29.025344898469324,-11.977765701428645,7.086540267418957,17.216167504467446,10.995294531034274,10.63216902603929,30.806841353464964,24.041097048064657,2.629474650472492,9.146413714740367
15.756093185607119,43.042809193485596,16.77394511656244,18.848458191492398,50.17634357106496,32.84806368069339,29.68011837938789,43.505746867389796,39.29753354200666,82.56847905155325,2.0605740071893512,34.03359065939279,55.142466086663106,43.610776242343924,18.252287399286857,39.92545093140834,28.44715866051674,21.365740668274036,32.594896168397746,16.91076159714109,32.50557877586624,36.59029338931184,25.593647275679242,15.330921323670356,15.964627232674168,45.979938688454965,29.744199506492752,53.89942435498531,15.877361620198663,24.314538607867632,13.623552917532837,43.227188300328336,38.83748449743541,28.257586055893867,17.30014770519579,50.70161024705872,46.04634793137549,38.12228007126815,35.596068184962675,22.35889852334301,10.98429837364564,57.68978432050783,30.51263758060618,16.308466891195636,8.517768182668188,38.90070492596066,22.02961022580732,19.875336429945225,4.859079583573281,51.791250959236564,11.245495516735486,42.14637854589248,43.763068169353474,15.73316191532483,37.02357384517709,18.29130159124778,78.70346151127174,37.44958788511658,-8.799183745023011,29.24043594171087,16.979086037942,9.689798232261472,16.29315680314538,45.54968729057707,36.35552642290677,12.197601015930804,6.2188016441512275,26.673909269527297,25.52584745177943,10.866880199886362,9.926644434988392,17.97335101675816,34.096359991883496,130.16527384452027,84.4134614509599,28.186450768021377,25.80900153560014,21.488022302268224,43.02434160231525,11.735415335174384,12.470229045671209,9.667215779916836,48.21438581993612,30.184852768373997,78.39853899307197,12.252584555554838,25.742642584970387,8.063891424029352,13.113128486846266,57.24407253265574,21.092202047990646,-6.737219171613609,27.174836483384606,23.172700406201745,3.8745150652986715,33.108110722614015,28.728288891653808,23.975892369482057,47.26888061314008,20.113393074205185
31.361538109414553,29.765968110423895,6.901865430429033,27.922573073443147,29.98578652978247,16.024404922365985,39.90571809359215,24.21917740684661,19.01470005237271,58.89535198015579,-2.8347517847333314,22.450475918508463,36.89549046511668,31.567078605054053,-0.7047380955815674,-12.039946485384599,16.048479637735095,21.563659866436176,20.696777989924602,13.132268351296927,15.928187734470352,24.117119981869386,26.053364025154234,10.523538170123425,15.818681586929047,10.998736799372868,39.18134186010653,23.694866142624623,27.447400136079395,21.34798990875188,23.308836874497228,16.646523860841622,25.512634303889445,8.578668581770229,29.5395328882751,35.4068962439935,34.275410386060024,27.9727769950712,58.96583285204056,27.4030288437655,26.667522969996817,50.289480901013945,24.08794865394526,5.435055158978745,35.81396320646976,23.03115350233877,11.573196451880365,50.45899745065691,18.5956170146905,23.14123336284609,16.632620609474177,32.689063911443434,20.38201251761249,37.68820436250933,17.95095405438617,53.11767371067613,34.756981834091306,54.58124146589653,31.89181343368403,25.64290982526854,14.941327126687323,41.34625266075421,4.874556067498015,45.81865861430768,16.89112021648526,14.629862231048879,13.92505699004942,18.418445307847193,24.68233205514581,22.518640202125873,14.067905944143778,25.15987237361223,15.429594446000792,43.281214765989624,34.4786941262023,35.43856308224743,34.50692939414345,29.704158107323213,29.483922529809792,25.19180846357677,26.307138864058754,22.376995624247574,19.748606532157122,48.585200566441706,44.657255922017654,13.992537832146233,19.997679983440765,25.325547222152686,15.751277686373058,35.54647075542694,41.85097786566214,10.592781597540922,4.213489712973151,21.331934317961498,23.214778854343667,5.925387298446796,44.3284668949155,34.02402576000005,9.561472742846854,17.201469248247676
32.279075482066276,26.187805735641046,9.223995318882016,21.06329868731206,28.149820155474156,15.98929276371309,26.171354945351258,25.67520432861955,10.676063847010239,32.56885092668711,12.83982237037776,10.210273328320026,44.89302507085868,13.389711784003941,14.064296319573817,11.63234467346389,19.39039397762188,22.589322516651087,8.74449679839501,21.784366546816393,22.38472380426851,34.7461690698865,29.477863233126687,20.81363664109384,16.18521902305434,36.773912992430944,32.883586398423176,30.0932123366402,24.607049392480356,10.387205002620382,34.187703401703686,12.107666977230945,20.854894243872593,7.27584123367528,34.143743745980004,40.367049292444946,32.67975639623185,23.948230500336244,39.08161459780365,34.18214194900236,15.338940886048572,25.81491488093186,4.857367944693482,14.851949622319491,17.348587954397434,17.565898313747216,13.539978392328175,39.136830555108695,15.819293325893954,32.83374145920691,11.237394445447341,36.07601013305735,14.685441044049124,31.545338631920927,12.670647351527126,37.95174714029029,15.191412713450502,48.383044659989814,30.829161115289725,25.097621746800137,11.397451385858844,17.246692164063894,15.927802975323102,38.287055418999465,8.116519133289405,14.591458965662786,11.807392376013096,17.69524504673017,22.160582312131144,14.183809843615151,20.52476219455807,33.181038425515595,26.43003277350212,41.56956627212152,29.38366617986763,42.353375873195226,18.431397032677292,17.35742526718722,37.87848446010297,22.750699770754206,8.853603955202232,25.75995117404033,40.39591288617662,33.82191465470337,42.438906038266815,15.10284352683525,17.57793726916371,25.474926159177677,23.956883351882432,48.521869835833115,35.67527161552615,16.143093514666692,11.4333800581958,25.704806908406166,27.36570145281049,4.953536931514729,40.38617147623193,29.60406983332006,6.544063632322276,12.973337562756562
1.9832718320648026,19.091115477842607,16.992535912752157,9.825454941152374,11.086873953897474,20.313767976964513,10.784519146674048,10.73321933623887,8.718458909398496,28.32762273591098,-2.972484438311721,7.392127509201045,30.24698183463817,9.280871949375044,2.0826033229654426,13.899139276271379,13.05867584310575,-2.5087158207747136,21.10114835893209,-2.956795129137814,14.296465013801013,-1.6200515640665656,15.958507158136218,8.771436811784254,8.938865499194028,18.360162848724002,7.030202712573225,15.133589504061062,19.498499528738364,1.9916629092341778,5.43249285628171,14.176218022048872,6.541263055189906,12.428059177803119,4.978008022538742,15.276290057142004,22.902561253692014,26.636036581939955,9.493299862531728,26.508200450955265,8.826899221476896,8.59072208614338,1.267975675371045,12.06683479737881,9.038869265778597,11.651446260504724,13.128980129041516,2.0518558129827777,6.143757087685353,10.148146764683139,6.445579405463574,22.081184690528474,16.549949365751203,10.488162167814494,10.052070661764652,12.407909717964122,25.644273506662902,16.737694511775345,4.813932605661456,1.262524248132834,5.898453654830352,9.332293296420442,12.70473412684658,-1.1327642924517385,15.269595714431265,1.6106628095989646,2.188702617726076,9.264448367878115,3.435930168820953,8.957962271122197,-7.046153213387845,9.905412845380038,9.61654811241434,20.192568988864142,42.06984328473527,23.92549048753244,11.765291005426258,21.5279849582444,20.177203769127743,10.971842871985956,-5.168182656068644,7.602797534092708,10.746327456371112,10.998350732622603,13.227587613902417,4.036967172804813,6.702533251641025,-5.047478617211693,7.9116482261562915,10.234480709756387,14.855304725676831,-10.067268707401494,3.1140295866004757,2.011377559962009,1.6410854244288444,18.771750087718008,18.1880005473572,12.624990412721846,15.48420827249605,10.261268883666059
-1.545536291359889,7.82456988457371,5.965284045916116,1.0914416543814935,5.439009377114824,7.762800150471538,1.8119034909438205,7.165113237048048,3.9878376601192276,9.573290111152447,-5.041546410327217,4.292541212205689,9.748274956474077,2.8970235412438967,0.8637817764376047,12.379353695617848,4.556261098736754,-2.2091076924119544,9.852164686775476,-2.401277272260104,6.534246038797712,1.1529822396971983,3.3027940174527353,-0.6334100267931325,0.32333084609445034,9.285377422278163,0.40732783294849056,4.989056360881909,4.343325112891478,-1.3374926635536264,-0.6535381730223968,6.302801608811578,3.661244416268903,3.76787773123651,-0.6537644094285818,5.475650816284011,5.058070489778184,6.486568336445014,3.8956159625356817,4.363368839357977,3.840729596255103,0.5925843592410764,0.7599400060278443,0.4874241713502283,-0.25867981770746024,2.442690914567766,2.882411602729383,-1.2965746712753652,-0.15924623575051108,6.822347971434544,-0.1332836568395098,4.959081919102667,9.302573466430491,-0.08640899695795026,3.976278501166314,0.8318134281689067,11.1913196327076,5.187638770403207,-3.51190215076717,-3.3714004185870716,-0.09679999068462986,-0.4063154609948819,3.910137100155534,0.8382680930835367,5.891674064759472,0.11218707070730018,-0.08477477313486229,1.5547003045969623,-4.416135463165863,0.5745900875781575,-3.7424786640464243,4.828826777177817,2.4206931658606843,13.182797831610683,12.871822703360166,6.856267617948657,3.61069603755743,8.802770041068717,6.744291750074691,2.167563530202411,-2.8477168483578974,-0.007302553472943421,4.534780897243016,1.6794075539442808,11.333734362838904,0.7360929936311277,2.6026353728329155,-4.655422526919144,0.2546555579756435,6.79004478993723,4.2104678128919355,-4.578956375512654,0.3050209244741909,2.3728922645076045,-1.528283408688676,8.661414818399493,6.392073040817036,1.8156254946813022,10.494654859760898,2.8234713369964974
20.007972683672538,21.87040392152344,23.626567961467398,22.738650517485034,19.734035854790008,48.99251639290802,24.431694976083758,20.07163020844974,7.296550837635567,42.81146138816284,2.322319217170209,2.8560041917044794,49.46277054133981,19.082536845209653,5.194058953154323,54.05533419824235,26.04861594234458,-5.94383843050961,34.90230955429053,-3.4681437938969255,29.843052055416177,32.740648624251136,17.545314616427493,18.110619275161515,14.750455720274271,49.35566386417349,10.601972163958647,33.494866078397735,34.1114771187721,5.38513501914921,7.178158824884285,26.922075315433055,12.78430146197015,18.029847908862852,11.258653854322116,40.141072269635856,54.47821670901442,37.60684207925375,29.27275427792285,74.51698603488227,21.220879184233645,20.619016248884204,-0.44851378963733907,11.799931803112614,16.433896958682062,10.308589024368377,20.527928881973637,-0.2609357644844596,14.495492220549698,22.944520531810245,10.563745323478738,44.09836265891901,34.85948461908864,16.073672828757324,16.108184124623037,25.758593362717896,27.4082356961561,37.322372262961295,0.36126219250639174,-0.6009969768711116,15.39644268799247,18.50543084365872,31.357443662145947,-16.492745393674355,20.368913892016792,7.025396805375698,3.7192159101193867,19.679002068679026,18.59675630260764,3.404612426529084,-7.974770576522897,30.993469309877074,36.2452809196136,36.23298925328244,59.34153926102292,60.25312832031683,14.062524802107006,40.795464914245066,31.628671271343723,35.71684750332472,-8.041613292381596,28.761570668581605,28.815331385220215,25.732529395475876,41.950340272475316,16.816936899408454,28.764488473813007,4.822603739996432,14.79106656132136,31.87480244719627,44.34408513412985,-0.08215071326379281,12.443772889161613,23.79187428898535,8.18853792422344,35.946569831083586,48.24884702693766,17.165837270134197,19.418792826208005,18.62303815964334
1.7635996151862272,-2.50370585172132,-1.1690237807089652,-2.690392151077022,-5.853631262024384,-2.6538780132959974,-2.9381904531207654,-7.041446678422625,-4.465873069626653,-12.747401209572061,7.0342006995102135,-1.1386651007765507,-5.344904952383201,1.8894876235142573,4.156554441583254,3.2283269248317996,1.0612447825367253,-0.25539678443040165,-12.908687384149365,6.992901993011072,2.021781995769795,0.026251576118155213,-1.4099190410333897,5.489522883126871,2.8021279791618947,-5.264531993296403,-3.357715859837218,-1.781824696237754,0.4991875315178436,10.302010409009165,-1.6285627645782985,-0.06542459489804875,-3.3839693593938662,-0.6936046540817284,3.732435649149963,-8.55588346427627,-2.3028979070276447,-3.56462332143093,-12.254354140256073,-2.5517815674768394,-0.5616845572536309,0.5120877198971753,-1.3298301543746864,12.816662837788058,0.9387322181769081,2.5125156467221315,-1.196592752284081,-3.6805348942567533,0.478213617244505,-4.6757109307066775,-0.17295331022792654,-0.8194643272971235,-7.747917301544743,-4.423600836829695,-1.959219070715355,-6.878942401101376,-1.9440930042232445,-14.83646902756208,7.148686231055017,10.683396668662795,4.6260724333300605,-5.5797232781760115,1.4684960168267365,-5.380077895656936,-3.740025928696134,2.215860436862535,-3.404245150273685,-1.786135096727405,6.834283593485323,-0.040247186442307424,1.504349857619523,-4.005076306225522,1.9010872860232166,9.944329855986853,-7.162927022517251,-6.8889848472783495,-6.425881567368506,-5.260739149398269,-3.952109852681874,-4.12883955185709,9.68814159488067,2.6808854596077643,-4.845543981470355,-7.691038184516047,0.3989470284883472,5.78203571094598,7.029408011007141,3.357286919824638,3.650099290280722,-0.17801655198005872,-10.349873879302645,7.721702111052098,0.2927529053355459,1.1787360558945112,2.1456608937761397,-4.4790167203987785,-6.831251260005922,-4.129346135963547,-7.254626673108824,-4.747501999162827
-12.054138614568435,5.0822065704054165,-1.8123899591088783,1.73760403403398,0.9970065314007034,36.287669440980366,8.05848338283807,33.75580574920081,-3.6495525944125022,13.563235762644204,-10.369851413596201,12.390161003808945,14.683154203178034,15.817348192919258,-6.205776106651372,52.9523036154426,19.37015450474761,-20.37822010232849,19.99421338215392,-14.777729870840629,21.726443632443424,7.900488624544287,-6.987004654336488,-4.848259930220689,6.377557307868486,20.18540874279319,-12.0512155316262,23.723992697179245,12.791752332524235,-1.337925873014062,-11.635961854846695,0.46820768894750076,-4.8660620075625305,-1.3766993547609292,-16.2534373580598,8.721691086832623,1.0179933816262237,-12.21401697600142,6.011974568955736,25.14008030115415,16.627352957687044,0.8135220874055157,7.982143494391887,-9.997936645787544,3.231220146024397,-5.293386727739833,-2.4248618238803683,-16.338153861398265,-13.12274104394946,3.9491233469119664,-3.0543204720099775,-20.834603197398902,24.518702837457838,-6.61707556063645,-9.282711810021388,-12.603413525235394,13.98582297461618,15.911020353666373,-19.589560156651554,-9.01019478753686,-1.8582291370657258,18.95109200031873,14.816309835100107,-13.227312880501032,6.195652577624964,-9.988889299105853,-2.6929932267971166,-6.944085934076057,-14.88419068652842,-17.566079353472638,-15.698075977498192,12.677236460875076,11.218597856308707,29.879074689803623,9.883635305521233,20.7630484755775,-0.5758782540143871,19.556862670578578,3.805048132838924,9.907117588221197,13.741583865546831,9.563689132799905,-13.418730127575209,1.9610961682158417,32.79042064327485,5.0320094766748795,23.56223527347457,-15.98354766094104,3.5275843395476247,17.52505577501458,21.3266400671538,-7.208398496245087,0.12795099658157622,18.383439254346946,-1.9201189831308707,13.09770032342331,34.78726761593988,-11.217955553437251,4.906797629663342,-0.3632997100907048
-6.625089916737624,-0.7999283728896678,-1.6157025553328426,-4.994477663880917,-0.9075109821236353,-3.0768331106688773,-4.479769740834254,-2.675262641439478,-2.3372362972416405,0.7179256733178927,-8.807872527317867,-4.003108993067891,-7.454883102052144,-4.8840214227059455,-2.640256502153199,6.629191881233467,-5.373210513625824,-4.635228493724363,1.177434333212741,-6.027205448322824,-1.8303783012952184,-0.10161312918788973,-6.635049641654804,-8.666454278133267,-8.065188938865191,-0.8701732234150232,-7.435159152000001,-6.054547798796061,-7.2475863173134565,2.113187735107381,-10.005407044187303,-0.5851730790354357,-0.9534597227444516,-3.2209050429937727,-10.334250741317128,2.244880972387229,-3.7642897183788078,-6.026562628307399,-7.691214078791393,-10.627981584456137,-4.592063374866053,-6.784998133346737,-1.8834609660967634,-11.64460742153996,-5.324662339513921,-7.895867504095959,-2.5594775292983267,-7.29793031240198,-8.337046149745216,-2.4331016191272887,-2.369244713851058,-0.7010547144680269,3.704489801138836,-9.931136974827396,1.4134491960037912,-7.65010530012824,1.6094856193150786,-6.164458784956672,-12.39219439548978,-10.43391571241947,-8.299020615575587,-6.851109373034088,-4.46214322954906,-1.9643006850178872,1.1931007385192232,-4.666920780785959,-1.9037482476169971,-2.8245632214601804,-6.521797551229721,-4.494154466001469,-8.24529219356012,-3.6960805103459227,-3.6743988242643657,3.41264748686725,0.8510538587277953,-3.860575572733097,-2.8907361127804285,-2.7717576270455786,-6.111057435019117,-6.737612425873844,-5.879771402121059,-8.24395855654509,-4.182558238747923,-8.676720312053899,0.5636832586261377,-5.138913970813758,-0.5604678490613137,-8.428560551179107,-8.36919378193036,2.2821400516602446,-8.922428285720605,-7.149588933605332,-6.117978485295032,-2.825580790222182,-8.389242790681298,3.5143033962939483,0.332489068912969,-8.266735762346888,-0.8312832816577026,-1.176922123754503
3.2421101999993898,-47.95401916833201,-20.460355628339585,-50.848704767285156,-5.276820269505817,-36.10298525841762,-13.946031308948047,7.789051267531517,11.986678896085733,13.451945598401645,-3.3171804459224234,15.223987165931552,-116.23409691410076,8.976871993260803,8.003230943259453,74.50681880806934,-26.50792189451723,21.726605123203974,-38.97246911443154,-6.566584415258615,-49.797733602948675,52.64603527835409,-29.00581004623975,-30.709119318531002,2.2925944450078974,-102.99352139178912,14.010181332842846,-33.793482067889094,-46.70382946205013,-19.601108732727774,-34.12156005939013,33.967272371364665,-1.978702154843058,-10.483103427500877,-23.24054816676426,-14.103533973060967,-13.922435809431521,-11.405546969013532,-61.06821366313579,-5.304162242969369,-26.255084632384044,3.9640044232855334,31.27688968990397,-2.500853708390638,-8.858200356995646,-5.19514547532261,-9.680297233490029,-18.985531592527508,0.8954465005909262,-43.8378536914168,10.707115676628735,-23.001410731510138,-32.48945063500681,-34.61642323454809,0.37026150443186867,-40.35163424155806,-22.257318604471887,-63.83607140024694,-20.083769029125403,51.05882367128718,-6.513950120091627,-11.844992934867571,-18.421541996348584,-34.147675938067685,19.807119046828543,22.23996162039291,-11.552975928762876,19.326253149034496,-1.4997461336453592,-17.27736893140623,3.625225973965553,-45.261251049404905,-23.89705400005423,2.6444083275192933,-47.68042243911532,-62.89958416031385,-39.31796562502071,-10.604213125082353,-52.23789479137703,-20.889405459413002,32.921125867621996,-18.120425827799135,10.003416891930579,-24.49802088493793,-4.795986920068548,-15.36482131439352,8.448769651436047,51.18884160628532,-34.80906429329822,11.854226477112467,-44.04575143958323,49.57133056221471,41.991111603244796,60.87707269777668,-16.70919296445295,-41.642797177931755,-34.998612261889555,-13.32327757569948,20.438388396471733,-13.183974793225358
1.0967532213995097,-6.145596602985179,-4.0789668346991075,-2.3520986932334096,-5.4573229355771655,-5.844055293990854,-1.8176949702044762,-5.0595796737027205,-2.8787746101924134,-7.394625713960468,6.133404702873807,-3.4110854702095774,-5.981205954495775,-3.851307372099428,1.1284764080772756,-11.955247451718384,-2.972319800931866,3.3008986016769946,-9.538884595534224,4.985416066974211,-7.45456712438608,-3.9199424866752084,-0.43446220992431217,0.7387724556890027,0.3605074977190402,-6.77334311563477,1.1833595856545522,-3.8505054184735954,-4.479456642404867,1.6025305234512925,0.6791947842875599,-6.052979315539769,-2.362763414035298,-3.40115054527961,2.461591235220687,-4.388151432018195,-7.392176125773611,-10.722355203931286,-5.190394458675443,-8.960488639541172,-4.441849226734616,-2.8800566615433434,-5.370543771349019,2.836648235670189,-0.18328270203297356,-0.6389505639998756,-2.135518609835705,2.583551960038061,0.5524930521622582,-3.783283492479554,0.5758393576846376,-5.729554008018778,-7.602265047596956,0.3264545677473275,-3.1929403195180197,-1.6613537661738507,-9.554904284026897,-4.178083155325301,4.081988458762207,4.635128102102829,0.22058154535506935,-3.3561648583242176,-4.193047907977397,2.7022166260239135,-5.4562614676143815,0.3949008151623544,0.008903846338633272,-1.2966126797822526,3.3318809400555693,0.45614828477906677,4.5613958596084005,-3.6962900451714766,-2.8612443670879752,-8.895632253746717,-11.600369513302622,-5.68377266248694,-1.893244647660395,-10.565222395438202,-5.6298533548212,-3.6668779187864917,4.5770786857621975,-1.4293519634674914,-2.99465476546318,-2.2886611861509625,-10.729901109359568,-0.5668906943362093,-2.198467979027452,4.366142477821753,0.510187691588323,-6.128602745121767,-6.788181404462458,5.85321824038514,-1.2850539894935722,-3.3684112567069153,3.1976424436986126,-7.770532773294508,-6.75167593776872,-0.8563067292165646,-8.937632604472013,-2.2740337429320974
-32.623550265938846,-21.510110588488246,-25.464555615727587,-33.522117950261276,-18.662730900620918,-44.82428728790746,-12.26549215650388,-23.858193234469855,-23.531254883016643,-32.14110750283226,-44.61267785814478,-17.26284264653903,-56.978084071201536,-75.7658192954375,-37.0817192511432,-91.0117826297068,-22.64000560028637,-8.7538411765356,-18.54268320249777,-21.35380961894637,-43.9922406109922,-30.787784855216373,-15.210978072045776,-34.95629661426222,-37.70812616567453,-62.10247330623173,8.163638907892484,-50.264380275835265,-43.144783128732925,-48.156318032660714,-22.73372794236754,-37.57577230653821,-22.075049240459364,-30.53598642717756,-53.910069161689954,-20.751986173932806,-34.43739907300231,-24.578486657063124,-59.744217491289994,-79.6957337637271,-37.072314222218296,-47.932901739173225,-23.113789116461987,-41.98335062176308,-35.85776095589007,-23.10369302262532,-31.00067784662347,-6.501010855730697,-26.14451181096873,-66.93063278250186,-18.748231410976654,-12.807542669992769,-26.989256695893403,-28.22690294735971,-4.479904486692621,3.8800828744479863,-21.762943478399663,-24.15094066694473,-13.554435228211812,-25.87554200175728,-38.61737711340094,-43.53425632576541,-39.131166021135854,-6.992202860210376,-26.780246100712276,-30.660108549952582,-10.085097541484895,-20.970618851884925,-42.29841202134388,-9.583548054966059,-36.960663488976294,-33.72615813530093,-41.102690669103325,-89.5212864740916,-10.93926719167897,-64.38967788284114,-15.299736627903885,-12.707336248141095,-53.81750915925074,-24.998272018389326,-41.273185358589686,-47.75683203860274,-36.2537226895949,-29.345776479953155,-87.31029371670984,-64.41557551280619,-45.77233412700832,-15.154606343417372,-43.83967470971164,-46.417446456970566,-9.428649936595033,-25.548818447524276,-40.86724770962449,-47.6162689095899,-25.193688393465806,-39.75131812170037,-8.51152818006855,-5.369486618491325,-46.94313456924329,-13.315169169835322
-2.644095459747236,1.9394497350104358,1.3952391128888424,-2.0723769270162276,1.4889006133867249,1.2796760781919052,-1.2344876927402681,2.863205796263399,0.7558389542382348,5.424909077242452,-5.11264621915464,0.004287932094615007,1.145599604565453,-0.19485623938010388,-1.277344670174195,8.27033512595825,-0.6847917064249868,-2.576518233176151,3.071036600011588,-4.646465453820204,0.16804110797203103,1.3748507362106424,-2.085678669629635,-4.540524014921523,-2.4046843437736305,3.4549554496556896,-2.7001841158647912,-0.61694372054323,-1.5059243661894273,-1.1300867078910837,-2.9710066286718195,2.623937587132278,0.6017720646907501,0.12581437422682018,-2.4104881800381412,2.1685950988253513,0.28761406753075325,2.397645636088648,1.1479091320515935,0.68230580843717,0.6749861694452933,-2.231669454037764,0.7736451670089146,-4.670650072037003,-2.2558446605282727,-0.407487303209372,0.5467788000750718,-5.228316845334666,-2.0221695596236025,3.0960435497306524,-1.5801712442431497,0.7565308836578087,3.5625189506578416,-2.8874299970616604,0.761838189029698,-4.458856860746334,4.409648677218296,-0.4592024460324604,-7.2043739605360955,-4.598562369139921,-3.025787602926519,-0.5678411757221983,0.16923836734038197,-2.7555982252257802,3.194409342428488,-1.3768091440294006,-1.193821961511423,-0.5155998149967904,-3.273582904833444,-2.623345204561785,-5.2065151947533215,-1.408497267872403,0.3122236696576638,5.9008779291485585,4.072018774996842,2.155429983543728,-0.8891396804360268,2.7762357417755297,0.7101398246474857,-1.191468046108907,-4.547922285878513,-3.3967254427472144,1.6157795878054388,-2.448098466019027,5.498487966852271,-1.7986061552322525,-0.14286999534189404,-4.476992610104441,-4.343540471489766,2.166987553201072,-1.3476672931812725,-4.757724498976268,-0.4145013357377319,0.9485099514185966,-4.6497626070183795,3.944910002220779,0.0881322026981024,-2.0170779927762323,4.800360751737513,0.2898424216124152
-1.874463662939517,-120.00224619998629,-12.715077249880478,-49.8700710407862,-29.92186031134794,-10.359346674840136,-68.30226714710713,-132.66094416694065,-58.25986670006341,-87.20254469871333,-28.52346975901415,-194.74154749469756,-54.442756383680866,-86.51171973702506,4.211410303589194,-241.01577673636845,-96.88393498781376,-54.291890769972674,-52.50691808525858,-21.885776163827806,-48.86086186526441,-146.28081606107563,-54.27663613983065,-5.978828849296486,-40.84986561503834,-101.11927572336894,-42.56771419631855,-19.89934894615286,-32.709959708916756,-142.64470583128764,-45.97117047265545,-43.98710911969859,-44.67307880450552,-32.566136589916084,-48.07242765899522,-4.19678919337863,-42.52420524323151,-72.02092479816685,-111.30971436672863,19.087214579084904,17.953784140881403,-171.87185961540195,-203.36006804770128,-16.1023022483891,-99.60160396817821,-78.73170664136993,-27.03562679945101,-112.26702276136947,4.4454003826092015,-111.19660436760981,-45.51161532332243,-94.0443630032325,-79.46555935902595,-22.496260344639335,-62.90692730348648,-45.32830171161285,-103.31812108195538,-80.60743268288898,5.7078332209037965,-104.38325141965716,13.001939739191384,-133.52699364900843,2.4767586496898373,-196.49266401452934,-35.96723689098459,-58.2499136542784,-42.358147666408385,-24.191877823812483,-69.14949204971298,-38.12101928576184,-46.23325823336916,-123.64470069252359,6.066338652981432,-311.9707953020567,-137.6556640621356,-68.72851447923112,-63.22212637786727,-66.27051318394291,-106.89275507173201,35.466980997946344,-90.77190793781635,-13.427907500295822,-168.1109387675282,-61.33318473209451,-201.8167335663699,-72.0467533156659,-183.4305385105046,-127.48134981365848,-41.85100791761899,-203.96411400849348,-64.65574229305088,-206.10491361182267,6.045955281738331,-100.79445705329262,-36.055432470738694,12.144100560393703,-142.0142270613181,-1.843643014676318,-33.98257201235768,-46.38642392077672
4.914525786870509,-3.268002475300306,-2.8834353458991147,4.480846746913558,-4.647866451313859,-2.8407730230238606,-1.1046212337701689,-4.9506440989113,-3.834510759317969,-11.954981398496752,5.818388413788094,-3.8202166095242327,-5.212605135284066,2.0618666544558533,-0.06838608306782645,-4.549136832266843,0.3160156324838962,1.5206445143774352,-10.47647530841054,2.277151099233659,-3.4883594183757243,0.8149860545841768,0.7503293887927288,5.193939405572452,1.9917718681883232,-6.785172144614013,0.920140827715072,-4.665669136111466,0.9507575523279501,4.434284651468899,4.208769334852064,-6.661238930122518,-3.2190827151203676,-2.205564184413592,3.5100710734794514,-5.227255275807931,-1.199047528946863,-2.5648971988902556,-2.4271997715678255,-5.960588830323387,-0.4317204734225858,1.2595150515745956,-3.5653501642514622,6.551394034140207,2.7049426309667797,0.07127735257547758,-1.484456458768758,1.702579617074478,-0.26869030817081374,-1.877608689964595,-1.5719220303311454,-1.3032454654107457,-7.265121364703795,1.6097305306240433,-2.285686434078016,-2.4303806493262736,-6.751018385273456,-0.824550361493804,8.12155749988148,4.5044801253897875,-0.3224487261958742,3.0773858570203987,0.9956572020418715,2.351659656569918,-6.438120572419931,-0.3505583037652401,-0.271850110047757,-2.3116991701352414,2.17471494465606,0.8183833949383541,2.0511143928387354,-2.604020663165313,1.3903749069876454,-10.123468031216616,-9.717708495139593,-2.5313647175126475,0.14526443931944721,-4.872338470412849,-3.3838847169618425,2.225921216603837,2.6120139080804496,2.3441756191516823,-7.186334399113523,0.8315425894062044,-5.431277928959623,4.491064562353616,-2.3467573391266803,4.786337835916626,4.087296591951067,2.0517790365861077,0.2100862618537872,7.541677960711755,-2.578880973032645,-1.7734343232780507,5.069729497675531,-8.465704263221134,0.07701756849850577,0.06076611370109136,-7.438640593317408,-2.82254153894487
-23.112244407904715,-16.81720156910654,-4.487643458214494,-19.160358922972755,-11.271356173747618,-27.798144651351564,-17.163837747130426,-23.21184989977069,-14.305125902643713,-38.13716647599187,-0.6312418723535288,-27.4159597281309,-34.97067215872508,-10.047328045731174,0.6858783511859323,-26.099916749321725,-7.939129947975775,-5.8071406141674835,-25.829437622243713,-2.5613087368040803,-21.403340579619055,-26.08691950924226,-13.394621748404665,-10.393415837813405,-4.879593186917598,-24.05282214510643,-16.077658068083235,-19.287475079562498,-23.271849919401383,-1.6345559902213282,-6.606979025166997,-11.431776853540287,-9.464032604777183,-6.436334309943459,-13.844230882583242,-26.560537026154716,-43.09512976209562,-27.869555245991776,-30.128372366174055,-56.919670189004755,-11.541634535345858,-30.90730201571558,-5.81113862924461,0.8875378216328287,-12.622819727423352,-6.3100431793818075,-7.898525940718664,-27.60643666171734,-9.063317651957213,-6.2673455306635635,-13.295518042032752,-34.59905778284463,-19.148315692719137,-25.832072583597785,-12.256361138348817,-41.23345908493746,-17.615464187980034,-27.407413256013612,-4.811870627932762,-6.433697352275454,-6.5677362859751645,-13.670400250273204,-8.085182810960717,-37.79635116577714,-9.024479861116506,-1.9864200065766742,-5.661407498825787,-12.615131894347105,-25.99301441363872,-7.2487203533842575,-5.706348007894874,-25.789190428585382,-20.520601841230224,-3.621020751129715,-17.941239533553592,-30.97978524276764,-17.83072757650314,-29.00066910741355,-32.426258333097955,-26.30657897552779,-4.514386893854558,-20.189250212974347,-19.22549314416183,-39.17027234326585,-30.429172444868996,-10.5828595831436,-14.91382746329915,-9.339539448924107,-15.679642279615006,-24.04928677768189,-36.08729167889474,-2.655161836575413,-6.859142229415465,-21.892715991800088,-9.574686283120464,-17.034499892843137,-51.0302525638121,-18.46843261720865,-2.0548392533368682,-11.627871785479904
-27.45871670582852,-43.93183125154078,-20.097120830350203,-35.46875549847231,-25.39709041075723,-40.86255626891257,-53.842651764278,-41.6738810235858,-25.94912918925329,-36.16976407554746,-27.699231118865235,-34.6584681654798,-57.15516188731918,-27.47816401551638,-20.106219817953342,-23.512356047422678,-39.0338307355694,-27.151472981100863,-38.379598709503526,-33.23649923633111,-39.71334789748651,-31.115231161701555,-35.03252108958427,-31.259584448916094,-31.71547069016541,-47.02877141923222,-40.107063265981765,-54.3851532601546,-28.465341942608546,-42.77684266133405,-40.16257025382977,-28.55714243995962,-23.611633990565227,-14.466226345428598,-46.70581880308139,-36.056271762560435,-31.880612799525935,-24.29115678844532,-53.056494143600766,-36.390488503502354,-33.74981412411433,-37.47569853095761,-35.17034753741418,-29.85018982145458,-37.51681079665773,-55.72015807531592,-19.232967621042462,-55.715529974585294,-31.99358542975724,-24.8552393916821,-23.848408905124074,-62.27109281004179,-21.584552439300403,-37.078375269138036,-31.99326385064194,-65.6763112937671,-54.68531162823397,-63.575206279551736,-36.317779254834065,-45.55311344012248,-34.857064566162784,-45.506155769353455,-14.221749890904876,-26.48349450244743,-19.082059227539723,-25.368669546036873,-16.5735218678948,-36.55520021947089,-52.32520060896673,-26.780943226666903,-31.5780671062506,-41.02591220979317,-29.990873501675917,-72.87720084019679,-61.23047773696464,-46.97771796500097,-23.357913571821157,-35.03965939004739,-52.99499587904498,-31.148238109539363,-39.47097831241985,-41.55216945423981,-47.20193898459046,-34.590787130194514,-51.0777386483512,-20.614983981289736,-43.39934840355125,-36.635052857205814,-29.620468410234434,-19.94195421474536,-30.0513363967169,-42.00186179090242,-26.84275107323424,-34.06319714496237,-23.81778998605274,-14.901325620346963,-23.46488916680825,-44.50516533575476,-20.086700921464217,-25.576736880153547
-0.3891036549098364,-21.738843361561713,-7.389253956215092,-3.432620185442624,-9.076672951474801,-13.688240832952577,-3.8529216293470405,-13.73328963863339,-8.940325912897436,-31.696660041885988,6.891650879914881,-21.844156609935617,-31.741266136165137,-5.921901557179753,1.0539375122059425,-27.27969764578702,-10.837121671055288,0.10569450034534823,-18.872919852004774,-0.2953439406891603,-14.51154055206656,-6.612006834335894,-6.566433548061435,1.973881565073198,-1.9097372697693031,-29.714936633624497,-6.818988050998512,-12.520485161037614,-8.979764792164437,2.63479825133262,-0.11697565975775201,-14.612926696032876,-8.262288834034285,-7.4086995332414025,-3.689957564546,-14.83761006960742,-9.438682734743256,-23.61397556985072,-16.130210542228966,-11.985888522579462,-5.386927724855041,-0.8900472023460777,-17.75492512202819,5.2192528460623775,0.8116066672734421,-14.77280084044612,-5.510413150003811,-5.467312809741591,-3.0452378414686287,-13.817372525239437,-4.4765669833957675,-16.16586871932042,-15.164173611023251,-1.8826058932139613,-6.731201547954165,-9.804225667174562,-24.702172959129946,-15.85135815024153,5.860172179496933,2.556985832083533,-2.6401007721543888,-7.551617934966568,-2.038909552540192,-9.53136631028421,-10.459857575157145,-0.5055546290890187,-0.033585752423476826,-5.591848967133679,-4.671453690857985,-3.4925808282176876,2.6366100646425714,-13.006145175957434,-8.35536346123413,-24.22704411795572,-25.96825435341906,-13.517569318699394,-7.657238642325561,-20.67601425893635,-14.92000683337692,-5.1682122452919375,1.526157003355068,-0.46107883724059506,-14.537637257779329,-7.967630383331848,-25.795005126511604,1.0240586338880617,-10.54798584977617,2.3769082993164625,-5.511096245803721,-14.77722216188978,-8.659393616548664,6.6132922591534635,-2.8211836249104736,-6.863506631540966,3.349398743702612,-15.537370320223404,-13.506866429533241,-8.069041086224768,-16.40568854843997,-6.212228300766285
3.6801264050501037,-0.1487578319975745,-1.0713617687100385,3.310454665030195,-0.628196686384101,-2.8995561601418993,1.1248997218023145,0.6800798605062002,0.02843698152209204,-3.8476976489356973,4.624364585461906,2.3312331914063114,-0.7982501488612136,2.1260675637881286,1.4613245827770331,0.3856720895438429,1.9128204914531532,4.124472234801224,-3.438666164749725,3.5596839510245393,-0.30524019034936783,2.019264740262958,2.2376359080672557,3.455541255024829,2.8270924353405547,-0.5929356224133142,3.3538081965912894,-1.3839587746807525,1.1285583629361524,4.483925033145562,4.89610622996022,-0.22528998742742926,0.6073558375502157,0.8220893606987276,3.797988939961233,-0.45430314182056686,-1.289451262531922,0.9006656955103504,0.09113284680774092,-4.219938055378837,-0.16931953954155993,3.1031219853227547,4.101640299897821,5.315127281598065,3.5507532223815894,2.7351132734941617,0.36175099181974063,3.9621564911944858,2.2670587162489904,2.0076154172516354,0.8040718937317503,2.1466375533956814,-3.0305960671341787,2.0313276372487756,0.8154828994677763,0.4854260066133367,-0.9604133728988726,2.584102604968226,6.159725076399413,4.449997611827498,1.4661728061284596,4.425591674280386,0.7742665247560454,4.020846234358965,-2.482782869045003,2.252231854108643,0.9750236066238818,0.9710345576833234,2.5238378278477405,2.652727556855198,4.224846952761315,0.40437748121368894,1.3683731682684093,-0.7645946710187393,-2.991366135831236,-1.4956597327149306,1.383411435342143,-0.7904511290279641,-0.6966923455102101,0.9597698422869759,5.234038525502206,1.5998603981581847,0.30294512251485306,1.7744340465079504,-0.4921091715940279,3.0140777204763665,0.7015800309370974,6.347257893641846,3.753779463764547,3.8909483173470054,2.0768333099818466,7.444336035360862,0.21324422045945393,0.30082490375996956,3.9294940131529277,-3.2649487869978335,-0.9358509762578405,2.781398070981076,-1.1511984990548572,0.08011296590875572
-1.2123570530705055,-1.2252479395812368,-3.7891534972526615,4.289550283301895,-2.11873316994453,-8.658153710293524,-2.298301326457269,-5.811182334532475,-1.303732032415194,-12.788108430320616,6.194170425591259,-1.7202457085145528,-6.31832201346867,-3.7297718217009646,-0.20450329607421538,-11.259311957169764,-1.7592135690946782,2.943546896947658,-6.686939777869241,5.026515785197738,-2.82609647033755,-5.899199027319285,0.6736371137987193,0.42681575757679496,4.983519308148647,-2.8348213761445797,-0.5632595679671775,-2.64531248360735,-5.9403587483501195,1.3955952919177352,6.9835909075211,-8.112606513972011,-2.688258702023349,-1.6135642873473044,2.4647603811950844,-6.596761627758724,-9.55965526987332,-5.845139294099589,-3.583623581621158,-9.022211993156224,0.2648030227154325,0.03678736833667677,-0.3701741819285125,0.8981655994702396,1.033948015065638,-1.4286320428347246,-0.9200857833226246,3.414394698025026,3.3874655983557322,-7.959294587714076,0.14411667018537186,-2.8505226093002816,-7.56000461756208,3.022983364838253,-3.611821749438763,2.026674138407683,-5.846691907078631,-2.9537909103185407,6.806609439601308,2.401948428469342,-1.5898398395550812,1.562866399613209,-3.7145296361502655,6.5384146317914595,-4.91196424857616,2.403335248779641,3.1852429155223865,-0.2962326421663488,0.17699172113756478,2.389415791534338,5.949592193089015,-2.088287673800397,-5.439594057004768,-13.425554358274413,-11.525551742037157,-7.073257250679306,-0.17368684100932943,-4.6645748416128745,-3.229336379171574,-1.6401246820537467,4.805106902102902,-0.3595419681774233,-3.0435599696937574,-2.6185570881114204,-10.957444297414845,-0.7070586234803905,-3.8048747680559707,4.819812528726888,1.168194382424937,-8.288718104311458,-0.09457669454154706,9.243703772807839,-0.0055134733280917,-4.319158902254174,3.8995939632880563,-5.644069212612357,-3.6624450675936444,1.9956915537517084,-9.13195982551418,-0.48162552937263214
30.17759854642098,-23.940518600629048,-22.402417727374836,40.227803377139765,-15.14589251939335,-41.22374598559601,20.714839963773414,-32.96785642531498,-29.523425563182226,-52.048685464040155,2.97887029570995,-66.43578907040663,-32.00583988204438,-23.14957505144071,-7.627391242829468,-65.43694605120852,-25.338010744577524,8.094297565155777,-32.057510174204005,-14.273861214925144,-20.643228797002465,-2.491769852707729,-15.37765812311914,-2.152138796139494,-21.412196057312702,-52.590118265041916,-0.7581923739970823,-43.05968615797762,-19.92140284381829,40.68595321446848,24.694073167916198,-36.38152331466416,-16.393983935116164,-22.92243264223137,13.11615097623416,-7.785857183337993,-21.27798333005549,-13.895375589709344,16.39737092210875,-12.618580330379128,-3.6240801886206,13.30456880508392,-27.19542493216065,-16.194377375478677,29.288207603410218,-26.375742804791525,-11.622148912726441,31.37947999536106,17.24737429935949,-18.45229134089513,-2.9589384730619646,-21.6969088463675,-38.9968476340496,12.582790386642339,-9.425816306523764,29.385647997396582,-66.71296610167876,51.179836464396686,58.651938686342945,-29.336843858846233,-14.544880026893601,26.446291644194286,-15.457185731668515,-10.4519261059614,-45.342714487338206,-14.799270774428793,9.363370374188966,-9.586901032898197,9.918890912192156,11.228461646711096,11.064214077064337,9.396988434317088,-29.755768077098132,-84.14253235163518,-34.046715508625965,2.5422311159175943,2.5715521210793995,-34.686264797614534,-25.348779260890286,15.750123151774867,-1.9087379466163144,1.225821946773606,-44.307481721117824,12.427931177112336,-14.415527545156479,3.1229294897503923,-33.683596240124025,23.23732969653317,-3.4673387340610056,28.871326539717245,15.327089663520363,-5.5857536936839445,-16.479590255908217,-31.289479042430102,16.53585622321337,-33.088189051019285,1.4797213716831141,2.233885543391883,-46.302358685727114,-2.5468221642924944
-45.774352707361736,-23.988785453691605,-6.444305126182737,-28.033341885676794,39.64920486870849,-69.79195202713554,-33.12362466566954,1.7718099131594478,32.919486008549335,-84.58115922771147,1.1440001036628613,-18.120058103761217,-80.71093536070182,-27.05831800133362,39.82593188210131,41.831460308426145,-51.03150153617857,-9.654896428330515,8.467583807785948,-4.190234606642414,19.810327237381014,-2.2684430797914272,-24.031760921718597,-23.19006815963491,1.5622683805738184,34.05776326951593,-57.68413497735489,-38.345052012574044,-48.62960679547914,34.477916923962006,7.304858254543649,32.06265267258127,22.474149694100777,24.584697966666198,-27.872194325590243,7.995295698656584,-60.11368804399863,-26.833388425824815,-35.33741086180103,-63.89558875262897,15.087449083302747,-50.1716921526535,-42.89952458865537,21.136300613773788,0.37352250812591614,-70.46872058579957,3.2629205405452986,-62.1271761790352,10.017247168400697,36.39619614305793,-10.63695107442,-16.78453142930236,5.320145287320668,-48.42400586540347,9.514520752599429,-76.32306328480345,56.258666418482996,-122.59155361189987,-61.845118713747965,-35.15243550799541,-8.856948069163584,-27.592569418290157,-0.5605088258082213,-74.90386688954928,27.72271440357608,17.028182023780104,-10.173017457758435,2.8296137195306295,-59.155099349161326,-10.33875934423518,1.7110471232794149,-23.45971725768041,15.094355910617582,67.17348243965893,-19.62056430107086,-27.953153725724906,-29.699156757208215,-10.521757948850228,27.02323583155925,-28.035840939904066,-11.872954425230969,-36.16588014413763,-41.2128688483662,-99.05309601632796,-44.785972235021816,-9.082106170364531,19.11395911915732,-20.06057205554514,-46.07512159193522,-2.0060496462073187,-39.145959686381104,6.004426375154276,53.12814438932486,17.47533741285697,-42.67304003126454,53.52807193369769,-74.99059520112652,-26.181830234235825,58.94718544315908,7.127996898013193
-27.93592016265238,-13.30175591225038,-9.644459393736081,-12.79818940010983,1.9358472772125515,-66.31821445367513,-35.2143151548621,-17.30972224158918,-1.9878609235451346,-46.939280906372545,-31.70305614537344,-22.194107601166483,-50.49118079341067,-45.53243348784021,-21.699101569616715,-10.392123804458226,-35.633916973632886,-4.01581018491591,1.2438863190560316,-29.356664533084192,-30.869403335398257,-40.4636216807677,-23.932050897529816,-37.228119733075424,-10.218997493123851,-11.843182857601539,-25.7646573343901,-45.22890772329997,-33.76397201836598,-36.24808581221619,3.1764416609578734,-13.664111909198043,-5.0016424525471965,-9.62651185699303,-20.47439589203997,-23.337483117261602,-44.17347228263058,-4.244996589089065,-13.804059796251446,-42.20454856629096,-18.73745215488595,-14.668164896491124,-4.080750124106958,-28.344071692219174,1.269476498666693,-41.16281879411557,-6.329387078557828,-31.282524126827997,3.591617841954221,-32.33323592696667,-15.321176578301234,-17.123180206798832,-12.420081882104054,-25.38202263314184,-24.023015589831033,-28.121902570043208,-17.68718066917944,-17.92037145142882,-15.900747728932936,-50.49411206195461,-34.16428479496166,-0.5600418308816453,-19.107895882417584,-5.940797023400087,0.9683764537142275,5.0251910266878195,3.547031845069397,-16.585742392765297,-40.70256885908416,-0.4704005432972018,-9.005966742657742,-12.538922652372172,-40.291333845653625,-25.193738308140286,-22.985673785490953,-16.377053361423545,2.747280810273369,-22.218113140981874,-26.080401034584963,-20.069934939391434,-30.64351001344684,-51.16300759770346,-20.28255979424272,-22.255126528334937,-45.52342841115309,-28.871791808854436,-31.668098706801764,-15.363230332126847,-30.466432135386604,3.695763358560914,0.4185835864475372,-18.51347979218693,-7.540181875863294,-30.399413375384277,-24.581551105575357,-6.967753548120054,-45.655735643430155,-13.815001223150317,11.518353091411544,4.059503097348149
-40.64098357005431,-57.96752504991404,-22.43412037570832,-41.14935610959499,-19.50777970658184,-67.24778225213528,-36.17433421502709,-67.73510418502504,-22.098045501475944,-59.866190725154205,-33.03158414122996,-44.513181365392064,-72.77103059474364,-54.86908086267896,-13.885374598945354,-84.28481770330086,-52.92293081097373,-19.701784129231893,-31.875438124742736,-26.539968995202425,-39.170181214171784,-53.696600920021694,-44.26348265733334,-37.950332532372755,-39.83070135918677,-63.865051870496494,-39.01988318803094,-56.602003648944255,-55.76084899923266,-41.192067403010455,-30.75767573774922,-24.76194878611521,-22.168969979291756,-25.5214730954221,-32.34875475481685,-38.55152902808919,-58.72459664041837,-56.337144949051066,-45.0983294493615,-59.330040614469915,-39.95201461966273,-62.730810765435095,-48.648598509187224,-35.430991283718676,-25.408806963605162,-51.87431753351533,-25.66734584007716,-31.567618330064647,-17.73994405965432,-49.115509598972,-20.104999024732574,-59.20038652815855,-31.70053354409119,-35.79634819927006,-38.035023400707274,-31.975293183133324,-60.747762412227175,-39.83082827994732,-21.44458211277276,-36.14375905433413,-30.638630397850903,-41.52778469681218,-40.76179737282699,-57.11474642246892,-20.47473998115018,-16.438960776713152,-10.058446142353285,-24.55611650867777,-41.248197628116806,-12.513272216889064,-15.088942052381782,-27.817976148248654,-54.17932375086772,-57.041752650443804,-52.94302839467554,-47.35536498956396,-22.446718071536658,-62.47475980039756,-48.28114105170018,-41.596656843495474,-41.385089951359696,-42.93336597950495,-50.44064623333393,-43.4870285530272,-67.58961732750815,-35.36498424002546,-38.93035065057245,-33.10446078965661,-48.78405083296293,-32.96916748455852,-37.79376461561635,-50.86675987474177,-25.04363064962031,-48.33617866264839,-25.374190833688992,-20.193172713771702,-58.459618858971666,-42.40493366731826,-23.65313498138698,-18.48768212864337
-9.451947162871763,-10.040354032163014,-1.4659716658554707,-9.970117453494563,2.2105527139010364,-10.53779409614556,-7.031299798312196,-4.5801311917538134,-2.181174468432746,-9.17953430580557,-10.23787121684576,-10.215782079433229,-15.016856492483809,-8.44734737819648,-3.6133669679356375,-2.9212751858030956,-12.59050460932949,-5.98549456915866,0.47307834715828717,-11.985530811200814,-5.072261408611418,-6.938592410925097,-9.092105964280806,-9.229790492210514,-8.359458310024069,-4.82717859446232,-13.481354375323797,-10.984741875751787,-6.866435789325689,-8.834429335121683,-6.15729220564407,-1.416391436905974,-0.7277887205275778,-1.5042772672283942,-9.004629018615205,-3.226613687697428,-3.194458046257245,-2.8878139452151474,-6.075706417038469,-0.6585005029979542,-3.8303795695565612,-9.937630207363103,-6.179790764776328,-7.299296663600478,-4.646926932163022,-14.756001361653256,-2.4465578556108567,-14.08865481821382,-2.790554049792119,-3.67126812757876,-5.375849135172248,-4.548014598166334,-0.7315133694260149,-7.860430187410042,-6.933342352181672,-13.077552731977963,-8.353343414663625,-10.832971228455033,-12.351980422434,-14.03148095307005,-7.344634261252725,-8.393775594147213,-1.9053548619513994,-11.945110212068359,1.0796451493720043,-2.6389767969790254,-2.3725075168001295,-6.328086433797979,-13.099005581032243,-7.172683978991664,-7.7428537262324095,-5.451410966197643,-5.606590218859134,-3.0908003803903727,-6.178854076085192,-0.9402836724651286,-3.1052338550166074,-6.1507318068149734,-5.706962573124636,-4.619573008388424,-14.277671154067635,-8.860209066099133,-8.25995157525681,-6.810228437059546,-10.066960823293206,-6.586858656988528,-6.667353074281249,-10.171028632150193,-10.253242002351797,-1.4788717532531144,-2.1323368390085706,-14.447390145828097,-1.2420620901880355,-3.8978094749479273,-8.875374065359265,2.293565325186757,-8.310381750667704,-11.296467756163013,4.962428898485069,-1.5796299958215072
-23.20365296409293,-23.136043403566806,0.8667487858132181,-30.96279745304791,3.8446604344205775,-26.853322246095427,-27.75269164678279,-21.089605257024257,-2.5875709825763407,-23.894392318966737,-27.960132997111245,-21.480029941782387,-28.06267221489787,-17.67077328789393,-4.997588140437236,-10.03704555722916,-25.583655653731995,-10.791582023850637,7.405335519641227,-23.21885423063415,-19.876721208644568,-20.799962093196445,-22.646612599388188,-33.449307142493794,-14.05700576357029,-23.405367507222596,-28.52419456780396,-19.645692449249257,-16.111569530141754,-21.346460127600015,-15.260791198242236,4.958317623338169,2.0364387568864153,-0.2893941338042267,-24.184072152849282,-18.13140509081128,-15.373319630166282,-11.089107099618447,-27.407732424356748,-9.090484449799318,-15.084850892432325,-23.863209584715605,-19.35693592803536,-6.184126379546285,-13.020219712577214,-33.99923792863639,-0.3094500325867243,-41.440013876666384,-4.066293413540486,-16.821235264365843,-10.328915442060573,-22.304500214009735,3.241621142294741,-27.750475672565475,-12.150837490032494,-43.87107430342955,-11.546376401301597,-36.971494752772756,-36.194550790244335,-17.72315365963279,-12.903112982733763,-17.42194192933345,-3.765146455464225,-31.031703010138163,16.783618384976727,1.8349093915048877,-4.898904146790856,-6.263809252465017,-37.862497896097445,-11.608894176778996,-15.640374587163171,-18.54711473557011,-19.960262010461147,-3.3337037689633964,-12.946090169603554,-12.876014236718985,-9.196613892258657,-18.914101936585578,-9.169036668999238,-17.8198139980614,-26.539331654958005,-33.03813588518795,-11.87874893531691,-25.239703984955135,-37.06519187577461,-17.085146423298692,-10.090598531912539,-22.812842131036767,-26.554475398159568,-11.165743198702868,-12.187623947291558,-26.883735130814173,-1.6641243348362398,-9.824627606428523,-20.05849677780033,10.893139201973359,-27.984648777957535,-26.580414394009598,15.768090963566426,-3.0732357852156
-43.26414304261222,-30.875034483460436,-26.301985909349938,-18.82148952050304,-25.925732693376546,-66.9180012422538,-2.315609145186353,-52.1833496056954,-36.93631328688725,-86.28036610664228,-30.391671426598872,-42.346141612625374,-36.5349114708621,-63.07496213690497,-32.404003520188574,-114.34326528890142,-26.986852622874906,-21.983581437062018,-38.99041202040805,-32.196173496725045,-20.32478516568723,-66.7970505371593,-15.856494812084858,-26.01656226574023,-22.606155660531453,-14.42100906633094,-32.10050885514615,-45.47831058585888,-43.61554999909052,-55.57059633806374,-1.6079362372955215,-52.308936170102356,-33.402779156637244,-36.56370776881465,-22.729843492497118,-26.249187999627132,-28.00627437523822,-60.256892754410444,4.90495669894553,-22.766303543850675,-26.47982020615151,-47.69861482577756,-31.61672501149504,-52.972029455156196,-4.810288631809057,-28.276794635038275,-25.553360110922004,-20.283630261529915,-14.408534022667745,-40.466827259081676,-17.477472873651983,-39.270137241989104,-47.86998229775593,-3.1402371212853324,-67.1550384363843,13.323824525850359,-65.62148717067801,25.956171361024385,12.579946317046424,-47.807358727884754,-35.920834716296305,1.3930010449739418,-33.22340396902167,-21.065293554256257,-55.81783142086209,-17.84536440629243,8.900441836721168,-41.98685767531088,-19.75002763799002,-16.38057543131727,-3.1562196565971803,-20.076098207455814,-61.4257764891974,-100.47249700795332,-69.20760590107896,-20.241693429862647,-7.445754805391612,-37.24955787853002,-74.89581744285773,-26.349677111922922,-56.82794874476175,-38.5907727192022,-56.23748110698241,-11.039131380194577,-50.5625081917387,-22.953973192841126,-47.264806253172154,-11.550220210733086,-17.06928219911989,-14.30816877307369,7.786039576208785,-40.57350645424174,-39.697086706404946,-78.78218551438322,-0.7004469912648996,-38.080738367331286,-18.806223463475963,-33.145212008473756,-47.4464407106877,-20.428911402514583
-33.478958431815094,-19.237245178801974,4.138029247491165,-35.95525230674614,-4.1831049084759675,-3.1766532732318233,-36.54624078784302,4.044570760614547,-13.771562290700508,-16.343511868064315,-24.997987485200653,-26.78658857055152,-31.394504419704134,-7.077094097153395,-10.499676724492623,21.701017700909716,-15.911041903787385,-15.169911200799739,7.068843387990179,-30.89262285508106,-24.35089498224131,-3.906827605395153,-16.789791745453684,-24.8860361068071,-14.832613069213762,-24.47607295844872,-21.893080451587306,-21.021747515861133,-12.247228659201102,-16.38132471332981,-23.102555807141222,4.496462406122755,-14.171122986284884,-3.3531796600262487,-32.96586011401233,-27.49749504855737,-6.456292753722346,-14.801421859547942,-33.507683095538255,8.61230101405463,-24.190285467435057,-7.084975062606517,-2.304604148916617,-21.47530989308695,-15.416787781314017,-23.011252221404778,3.377235683439808,-45.14629222720666,-11.940687595154865,-8.662609423077576,-15.519829832616196,-16.14328051992808,1.249881491429443,-20.93271757316058,-8.949653302177573,-23.304590526636698,-5.301896886971374,-14.569447598187232,-31.713201767197468,-16.980001429693996,-8.557340969337709,-29.706842738884845,-2.0495336290424717,-25.305533948034565,6.128702182025574,-3.5828085045813234,-4.56874584383305,-4.272418929238098,-43.57113633964543,-19.80471555130604,-23.949106671672244,-20.897390465457846,-17.276230899594964,-17.49754982039927,9.825380231800816,-7.932243461562029,-17.464052058897998,-9.031525302824367,-4.727896624159645,-21.146669113607103,-11.638597582641498,-28.76479164992004,-7.155137855665481,-29.124103716083077,-16.527665537311368,-19.66725167819254,-16.988466224231892,-19.123302242155017,-13.202923464144243,10.035808457984501,-16.500638546887977,-28.00941834786693,-13.841470982408461,-4.961225412440985,-24.165917086573497,11.951871057522593,-5.686484519128252,-32.823774852750574,2.6725361337535225,-7.217139778323599
-17.344828735211152,-4.059223965298036,0.5830646410372305,-17.273431576246985,-3.752529189930521,-0.23562288056880493,-12.360302129132585,-5.503258388641184,-2.7993499371890067,2.4789525817005695,-13.472890082740705,-3.359000981231508,-2.5668092252196013,-8.037277895539416,-4.249106155721741,0.484669402916922,-9.65406343994417,-11.941669606998047,3.2995303855013423,-18.952780228962737,-5.501413439864651,-11.282317872625098,-7.836831274009893,-17.51317866183656,-6.845290053534247,7.921623120265169,-15.202525712095808,-4.372159325383756,-10.175151416177293,-12.473598742945855,-16.290846508346814,-1.366626392521835,-3.9916763669411015,-3.39771516088976,-15.052144981472445,-6.415662484069316,-8.547447077440424,-12.031787768464968,-7.706298643100484,0.0674778316623473,-6.6399818568748845,-22.920722035762733,-6.541329467436829,-10.969667413630303,-8.20042314266541,-5.306549010285264,-0.0774384021555654,-20.166225068173297,-4.24380353498933,-3.461620792837711,-6.137460281724599,-9.306720704673188,1.0579603319817845,-11.712653634093407,-7.950789096536484,-16.599027083513768,-0.6667695426780623,-14.691811166555292,-19.26735532292081,-14.937852026719165,-5.988593037416828,-10.7896597728111,-2.907279473177289,-14.47639936101085,4.240415170910428,-4.849812896428902,-3.986410423978833,-10.698616772530276,-11.652704281589159,-8.531424166296688,-15.653210745372613,-7.126226422531598,-7.83061260403856,-5.631019901135489,0.39174054371880757,3.9660677561176634,-7.866225283674175,-5.414232406486439,-5.244209929512128,-12.202761100746725,-11.741163016377058,-17.096574093114008,-2.650136367241591,-17.436833473433023,-6.6513388480825055,-10.182822857195747,-1.2214548139591621,-17.882004660712642,-7.0453982870139935,-9.404714391884971,-9.396567776080278,-13.661428341827703,-5.855184840508477,-6.635182652771013,-12.715014602082638,2.403660696699002,-10.297400491689261,-14.191610621335114,2.5192889284632236,-1.6079372848401454
-237.40801838243493,-166.02754045568443,-86.53732235518103,-183.34360484046073,-72.96864774088544,-195.14356190753145,-191.38312308472118,-191.4695713496596,-71.18148889290026,-316.60348553695997,-83.50190840072538,-88.11030628592763,-184.07723811721732,-201.09236219366548,-19.00779745137623,-193.11397917196996,-166.54578458277928,-97.48174133954971,-46.466852065892375,-65.54551699130353,-100.72783054500249,-210.57233503774654,-123.55990850893954,-119.92597160602452,-96.81623413939974,-177.1133471880492,-198.36683083868795,-99.35032462092458,-191.5600613084193,-162.08648555460005,-166.7234060650495,-105.10763435197119,-81.90804557977424,-62.97361836671727,-115.82287755662907,-233.19420340022674,-296.52636530158514,-176.43993120688828,-207.9784700325476,-178.36561576535334,-134.14983293343275,-194.41604514350072,-99.3116161366619,-114.90962580860499,-56.20249851707372,-175.0236280904805,-59.76377056581612,-144.15620502187147,-30.1682246288981,-286.91327671945163,-51.404998928523206,-170.60114537993655,-81.10419680984239,-170.20709809202074,-120.22126935333479,-56.61235056511594,-89.06274457820577,-210.69707217787598,-146.06350197739664,-102.06675606507494,-18.723828057837302,-152.10478481375577,-176.21444516139644,-167.8799612091899,-62.08027395097277,-37.30661099150773,-45.94862797613781,-115.88524322530867,-167.53407729623737,0.6188935168166472,-31.937858804680904,-49.55710937775994,-250.6729463801116,-165.3443854156704,-130.77642196760783,-224.68992198266986,-107.59790242229128,-160.09314402002312,-108.01769484605722,-180.35801616105329,-28.81952996568432,-176.0957169394158,-106.05880604635898,-182.42381643258793,-230.6335316458029,-150.94683119185757,-73.09581529963211,-147.356208473729,-60.90964762130555,-42.56685592396413,-144.66990599307704,-96.79027687006369,-40.98573973310751,-113.9595709494261,-118.70605914199542,-82.53923903672931,-102.12599452691923,-149.01352435206297,-85.6834539588082,-61.015986810514235
23.89315491661147,16.94039193751595,1.1836617750287084,21.984259148150315,5.18858657804502,9.822953238394886,18.961085865786572,27.98061391400111,8.842434626548934,26.584793126436562,16.448288345221492,29.197086591351923,43.00692998480716,12.105895923630602,5.3798573724111565,27.2924108153258,26.397573434910036,17.082453808328275,1.6671337449081483,23.738982078744325,20.36101774174389,25.46631098434985,16.05633846454968,17.680683073016574,19.841892123956896,36.29882441897278,26.061354648019705,18.597093727544742,18.065338269693562,27.5607460238614,24.614166872199114,8.952394944678744,7.3217260815242176,4.642928826957252,36.62587367721166,15.559892839005999,10.973687802642377,24.351048556238883,27.953905955054385,14.395461252244374,8.05775522695606,24.9499051523929,35.91505400539143,20.5019248142936,28.271585919946965,30.3025765860484,4.049660755201172,33.573563635119,12.212152360893475,28.89719990207029,11.193959556104872,34.832889162791375,-1.4363525090472475,17.305949347874947,-0.883179952730524,22.633732328729593,22.086577615918692,38.28618360765769,25.284253156219123,32.11389475971328,11.675988207000797,26.704399186524306,4.050299742246258,30.889515538811846,2.1372088285342605,11.577589631544297,6.01398450038459,9.681859643391945,32.083677031953066,15.70411499460196,19.317450109763303,23.5029568343657,12.933225859944836,27.7254893858484,10.433347611521327,22.71865165254618,13.57887631126863,11.66847584445663,25.635686561563677,11.301361491661334,35.591560838365766,22.238056177993574,15.14823361969651,20.25581726655987,37.959501127721985,18.279116843193854,21.250081335818326,33.24591721445886,22.887643717740804,29.9582706021378,17.028907031771958,48.45429862956314,12.33624686044979,20.342388650697107,20.675689949584704,-0.058266894255421184,14.82767113866526,20.69238456368066,5.196579918141536,10.099677444222873
-8.49250327085138,-2.3344038501403115,10.300526367504947,17.295517602859327,0.012846879321127021,24.50355702316441,1.8943418625251154,-12.29936945360858,17.67533335105617,-10.1211019772926,21.50361041252367,15.503516578382152,-11.988559248429816,1.373334789838455,7.31663640585029,-53.38119732938669,4.464977404067882,13.817843106947864,32.53140095237803,10.88168086738936,-13.673209102589016,-20.351385856952685,39.71218964469081,28.272334691259875,20.65316977836332,9.293802935644663,36.58155057558726,33.43715308485951,11.33519055164784,-34.70826214224065,22.953934048087888,-34.05126423671387,6.236300794047955,9.439689535725446,20.710208264026026,-15.068481433723878,-12.18020198922629,-23.816140688103342,2.3919594730078932,10.862037214316196,21.383303094365072,-39.51218824560988,5.57580787859171,-1.8929118963805731,20.456585810457014,34.65602781899136,24.49313434643808,54.4809824777613,32.09437370789474,-16.766288307983668,13.500938718490382,-17.35358138024271,-0.6207593352796037,37.81224218847407,-1.3145702767754932,68.1003627288586,-18.230664649924833,8.488897341781078,43.52146256959718,-1.856124165816913,7.757070975073685,-1.576277093543087,1.3509689882387317,28.101484520432948,-7.908594559157324,14.145330746871668,24.826461116218134,-1.0790825150680334,10.862177021821301,34.73749350823361,27.3026811494389,47.739751192982,1.1249918686457079,-76.19050026308,-0.48644182836648864,17.822391904985547,23.953125810509327,6.091124976353387,24.928523961492704,9.126284181289861,27.109032018870966,21.495618442923092,11.468773020771891,26.399933627886124,-30.83237833919103,-11.911849733409717,-5.520485545628391,9.823569040258624,25.78466781024712,9.407301559950549,49.72356261275948,16.828685999638775,2.0405703348708037,-9.295934781277834,26.183302630402572,-3.38546066030997,43.24066561405764,35.04162198085835,-26.898405511288868,20.300710591524844
-36.296242076945525,56.00412006008776,16.410996100177396,-62.33405594220133,-11.354579020383582,-20.771734573307892,18.150505384127698,-11.933303550508281,9.891484181350425,57.95424646218698,14.935740617045559,15.839731046496803,32.93807839184344,0.3243484984845959,-4.18017044491754,20.704706123242996,22.442778802342733,-17.8534712990208,-1.6741284610430927,17.87081336732307,10.425284946583721,12.34778441451872,6.462096193712465,-30.087206778344893,33.36770744417256,5.377377841531083,-0.8414576196719241,14.449137431312662,1.351782676855901,-23.517525010526775,-33.62584019970387,46.360759989113845,-25.17346008000958,-16.265237538933732,-5.8666289387165405,-32.59089957613652,3.6491947594318783,37.48529724413308,15.611995639817037,20.58975342855477,8.859641290828494,16.3078330525837,27.960725493682883,13.717174354195784,15.34582029481552,8.161066764736505,-3.2374057676840464,3.8099324905744587,7.380603205957931,-12.006877810844884,10.48571395870613,113.29636234398465,-12.49980579270236,-23.541408252072994,-2.3355202611139956,24.859593696276903,105.01704564775581,-27.7663847216114,-7.4129343417912406,28.28048180826847,51.806726167948504,1.811704556754644,-35.06380486354641,-10.382942230183497,21.88125238741823,2.752044009781079,-15.339414291988815,10.54572017839462,23.446038506148614,32.184690661911056,-11.722589224001005,-1.4992868471859766,-53.162903108415264,155.41623358627675,81.23482288509037,-35.481459183334145,-24.62787817565593,15.25298980844487,35.11703055026928,-27.258143409988797,8.459738479456508,2.904496290260256,45.42438550276325,-39.54061426719346,71.18779910288708,-24.508611082844173,37.946266975856524,-1.072345481467403,13.31153584854338,-79.19878554732799,-54.171536846335925,52.23261416351988,4.862062668288993,8.155979484778005,-13.949373784133268,-28.31690823578615,-43.40894122074797,-3.1092294459644774,32.9957441440077,10.004302196916942
31.871952124593218,4.401383202982844,8.742957611567393,15.183525494306908,3.279705421575356,27.936968008807213,31.654615314364147,19.802893646603245,15.879824971761193,36.06260583315111,17.97218939084939,17.02969807631493,18.42098264909928,16.24022135062325,4.307483708578378,-13.866412207069859,29.995662744299064,14.56926059537372,13.521120574146721,24.60799263695708,10.142163882404393,29.236888739868398,30.20170276908517,28.061624097531848,17.316498384484294,8.306588866193525,40.317357681357784,39.30063773361921,38.181798686142244,2.528429308171911,25.066748069183994,3.531733636735348,11.629362408835437,15.192576055666809,16.436088616727286,30.737495350993964,46.33141856594152,10.360258084911745,22.166298311586203,26.511150670276837,11.891877972350118,21.35155470216571,15.372800157536236,26.370785838780968,7.038592725270128,25.00305514263114,16.176631724009145,36.00047864855768,10.549497643167907,13.684496704344909,15.215968627979667,0.20921203455294302,7.5781377536306005,23.89252953473048,18.162083159138373,33.957241604253106,2.901004413966226,11.00260845765146,24.11619478923194,18.504508114661228,11.06312309662759,-0.4817530977328242,22.51169635136505,31.540411825902346,5.0637632744492995,9.532065553480232,10.681566603651286,10.585878493863927,13.168962903269051,9.751010832583901,20.995029707985648,16.949767325457287,24.3511479901906,7.4507358527939935,10.320958731658855,15.430957577823555,14.343800795058598,24.00136380791009,22.541733896163528,20.949685387074734,22.63702004348835,30.910274681961475,19.557024704580176,32.968520621729446,6.2459020282976,22.390670925316243,-1.5070963762993208,33.414428996296984,14.36769428775086,-5.6422427739626135,41.798833421832555,25.93095612895931,16.310538936742553,21.717915300724997,29.435575915952278,9.36521274723955,21.704532715964906,28.369326874861553,-3.9360977669541675,10.33497962407608
9.247046895306399,14.290236540486156,3.9126152346658323,10.983705847839515,3.1052868124816837,1.4463951769128098,14.202366255486647,7.483116545783851,3.3578216642612193,10.09706633882016,10.856109707589285,12.59883262332643,11.690331614998918,7.14651068066082,2.3988415587146803,-2.1513099137701612,11.582401529084187,9.518131411989156,0.7742824369453473,14.5953001779713,7.354853235081106,4.201913482729204,9.866218986762007,10.189635746371131,9.383631434625244,9.049178930626873,14.05015850706616,10.667000201396979,10.65010152152819,6.284608550873161,13.464472956507791,3.5445506727499922,3.236136037064717,3.2139819656600563,13.427479796284516,3.6802611886010426,8.793077927910025,14.83716198372147,15.223538002091972,9.310016418117321,7.933964327303164,17.43889018282956,11.576384751679763,9.904964599209714,11.863922735934915,14.401616267380165,2.991864619139361,18.64443060040102,9.884889971702039,2.9836529359002433,7.173840326792663,14.250003761747223,-0.1790922471208222,12.370676627509242,4.06879798566346,16.235261821763594,6.455641513903144,12.899627983778284,19.289898787702356,16.82944980409801,8.129715955271203,15.117576387623846,3.1922618799037106,17.661008806372223,-2.29152081345248,6.657481671372638,5.490811652079931,5.139188866382502,18.724864653224625,9.513981799656229,12.126484580098708,9.608997714996436,5.838264199754416,12.54106705701702,5.829410782221774,8.192282951464863,7.438623074556537,7.758006993215443,7.834309291207873,7.663746428377273,13.336040071931412,12.366187334266847,10.9770101598499,14.400861838462278,10.906630177961867,6.722979616026806,9.27935730519971,16.71809777449481,10.463216145340834,2.3176850256834656,11.529954005973428,15.574422530528658,2.956382584252798,4.446644896545764,13.732940121215083,-1.4547664378176568,6.517747082016531,12.15313606807869,-2.497275298312771,3.448355483314311
44.399007875724685,7.1667268890014695,15.306105437718506,16.868166741141167,-11.770295430380477,58.82726149128562,26.132219122591508,3.319460701138377,9.818116234150512,53.187377420998004,17.445040727935858,14.06205086685218,16.170876590888465,52.98666470831023,-12.19724496148349,-33.83408661758626,43.030021457625715,17.968012812211914,16.961220547235314,7.3690154750102375,16.272201438913175,28.164009296988176,60.0664806827405,44.255106846993144,23.334876135546498,-4.601845402851442,63.99583846979024,57.397512208642844,60.381742833254606,-30.34770374132436,8.211963417466002,-13.26749213039224,8.889194576369668,12.778815732282517,5.321320515028887,17.753133476977357,102.17370730733705,3.325673635096751,56.6764410609824,56.940172422714106,-6.8771863896388465,-8.084612658137148,13.802347273118906,6.128977504996359,0.5052586939037312,38.06810469229911,16.43876969225886,70.84889035994382,3.5353731234627945,6.888911790588264,23.129424717546982,-7.2559704284779265,3.71508868823227,48.179563726663865,17.651192984460803,58.415156808508065,-7.187649617249229,25.099454316903458,49.7841465190805,20.87903274352401,-1.5502878757813021,10.045946104349511,26.51910445999626,64.88030426507068,0.5257843847238209,4.86333893670432,27.042376460734314,-0.6965317182952391,12.927617852105056,21.722293110823482,32.99673980207749,33.801367489661914,18.319189438437995,-83.95587865861349,17.752177062392555,28.402219049524227,27.962382818329584,5.404183448852935,37.841909811958416,17.469741649348908,6.483540441739518,41.89794494782031,33.36287391289767,78.41480314192148,20.723979847388016,25.31972807132349,4.417634691879186,38.01456941901109,47.97630393520396,-9.795699157588636,55.08416917703043,-12.337646531295995,-4.7779714235543365,10.916487594975681,38.610264723735405,-3.0094710432467986,59.19563358844175,45.851474122451165,-19.880642542463033,18.303612660869632
-16.879017394915042,-3.999097114020878,0.26133809651283757,-20.759517309278227,-7.356035311354842,7.835924535921648,-11.77896557983846,-3.8720032564048847,-5.366287898953747,11.006147110675784,-7.564347415538015,6.552112900070917,4.862848857130295,-2.000528037185068,-4.843543913008615,22.407071664746667,0.31634186366841516,-14.625066356652345,-1.4327945884745832,-9.997316788361607,0.7267877383322342,4.744510890187632,-9.419490404244852,-13.003448829084258,-3.8279153554237757,20.022626827317964,-15.95619797581301,1.8735638335353397,-3.2311394373577143,-18.742205050989476,-23.64363355199088,4.3891662433732614,-5.332051346009734,-2.803609566194299,-14.89427048587679,-5.213470091858263,-1.7816326681339543,1.1605777516280118,-7.7165569851252584,2.7297806202434924,-1.923235616492678,-5.869852566991914,-2.102918104541034,-10.09529826738944,-17.780815746076502,-3.209487265066939,-2.99114060877674,-22.699772316257317,-12.476974052769425,2.0062844216238624,-3.642609033339295,-11.389362952919381,7.351898362945175,-16.6980493672516,-5.4206131131120445,-23.744459010608583,8.956883981949868,-21.170972467809378,-26.620394194537422,-9.671340148363118,-1.4806430317277595,-14.837986034256264,-0.7241556880350006,-13.806285240906405,6.196571983490313,-5.5049589301660715,-9.008965471620746,-12.244747400605087,-4.308824697968832,-14.696229590704448,-15.64011433271224,-8.50214037983974,1.593069378526005,21.6543336796228,5.013876114253323,-0.2557585691460857,-15.163762353961301,8.521276921345214,-1.5234783687478861,-14.519662411698272,-3.1791409080240776,-13.177580294171147,5.616928538936144,-17.993616679036098,14.934316331858573,-5.7544148221635165,9.724117285972818,-15.416991990428183,-6.183297102026592,-4.173811587554789,-16.954403552675316,-12.17155852240436,-2.2017995157038666,7.070086588937562,-15.927510111848761,4.364525237542995,-3.5431491832043167,-16.35230315669214,6.966022356695262,-4.561884416567261
-27.532934073309818,-20.621765212789438,-2.8477794212384526,-23.95691163221202,-21.86362464279402,5.672102671117081,-44.00698068420654,-12.653863727961207,-17.396293673694636,-0.8144184743357871,-14.20278576036939,12.868215850830797,-10.137027608318139,1.5043812467732192,-16.700005363651332,-2.816635353429256,-7.435874038862659,-16.399864577027788,-7.818512103543644,-29.547204271056046,-21.163428763127396,-19.86337905764484,-17.894435786973833,-11.855983279051523,-20.365605899706868,9.625340644958861,-12.547444013310079,-4.580387990229294,-10.465379473751465,-25.145994249970077,-43.71310622913934,-7.268911979062565,-18.234322271456733,-8.194209113667085,-27.051466684443866,-19.18508638028862,-13.19204708450196,-39.229236810982094,-19.25290507814386,-14.200053497320848,-25.270549347089165,-26.372199864218835,-2.8096420957498927,-29.093826884330234,-26.966642219833926,-5.514018398547122,-9.299439120146491,-21.85048965445472,-24.696905619132885,-17.462993070370874,-8.470543817068245,-33.304720967372766,-6.526013075187814,-20.924958395507602,-11.113103008357925,-38.424963814100884,-1.3088312882315845,-41.232407703167176,-33.93647842001047,-14.18153379488255,-17.14178271964668,-12.091191717471343,-9.591209360113545,0.7418844919370523,-1.8535452141101194,-17.098128527263196,-10.89512522166829,-25.336558244631014,-9.158460976455094,-17.06182528875647,-21.339583506648633,-32.95664174826395,-4.058686157458972,-43.19050289744355,-8.560413092983167,-13.077359882373376,-15.123193060657568,-29.019192768003965,-24.829453033174474,-32.0320014633266,-21.33197981414284,-26.567580998804033,-6.421102630043064,-10.586637934206932,0.07270870603285949,-6.801247310276852,-8.370842316016043,-24.617699902203857,-7.963540253768768,-15.415902697359511,-26.740006870153007,-41.946213779882804,-9.316914130086225,-14.995964106077261,-22.747896379524125,-13.094952980953083,-5.734577657288314,-23.920841291042688,-14.362737296855206,-17.197493893137263
58.88951924931734,62.88462143704762,0.42146268720142593,57.416897971176404,30.425466473087145,103.03885966955748,28.51544222942775,94.87985192630339,30.253303733496562,116.29233457787188,37.83638832421482,61.82975914352604,123.28696748797057,64.58888073799115,22.170285540256483,66.16397289568036,65.0571187703066,33.065893738011155,24.16931017581344,58.66158546120308,57.992089891824726,79.61766361911334,52.286419312669544,49.62726429917227,37.46737478621852,120.28527923818947,69.2442821312989,99.80378203333873,65.07968002731333,12.87136334890666,6.4398355260225975,19.60665397814457,25.401303965322985,19.30113586599599,70.28096770070728,38.999727967431085,28.538770375228463,122.55871199321405,98.41052603673924,68.61447413047703,32.31499628196664,81.15644896674117,60.629861195926644,-10.352832928842872,15.934308524412119,82.98413894418123,19.329784132648953,111.18469546949424,31.33683164684037,50.15126308410321,54.95584351030968,46.93148060718794,62.84592538043439,79.47212890548347,26.362100353487154,84.14331522858564,51.83225091804784,140.40294761526275,39.74865460558437,89.01253525821228,62.80635222224472,41.745587400820234,-1.0961582793012492,97.25141798094991,14.646525570748013,19.303995227371285,7.778602460483718,23.3555930259607,112.70276747485843,35.485676348104484,44.13675003435975,104.1973634297885,55.45680314449718,33.377171912041675,72.76510359346538,126.9389158792097,34.19659830395958,90.73374087713907,66.63216607571268,26.73606109156358,84.23874908568327,90.55369831486888,74.29158321995422,77.92137336698869,116.54056417094449,6.357076370985248,82.07602252068256,59.97002834910422,59.677218029856526,30.81118253680099,0.8238939845482786,57.000643958986394,46.482498883413236,93.42758283725621,36.93432762622976,16.16308184064001,80.72626980762398,66.10914307263279,-0.4151283582216996,39.4018568096646
99.98637809283535,53.51978901570772,46.55308696365685,97.20690204996941,68.70613320503783,128.46978203241912,109.77686331485754,94.02619575192179,70.9680607525529,129.79131669475865,65.71469095224134,106.29326720593815,137.36256196289887,112.31111757166629,50.75414933051011,89.17132643410271,81.87252997155281,46.15116573414969,60.032092463380216,73.42809530418579,98.98791848697205,119.14877852185735,99.58930008474381,95.70940373963442,64.60037426148186,100.18370752326022,85.6724713683237,109.5894159366335,123.61574293297109,119.54717096544206,68.10591418798192,54.78292842648821,60.100342638927316,71.15189663451541,95.7519657017065,111.71507363918232,121.85352980003601,92.76098955626483,100.33182187538885,121.4756615752748,74.84625743589504,114.69379499104714,74.12613279921764,77.49757163054568,55.041340405687514,89.46083314179897,50.634597588148296,101.67941134765506,30.98517249778633,137.11946727133588,54.80387598510698,103.88129965290615,84.27115310474701,83.73230544712978,72.67408540914268,94.06118807137457,104.91447555238584,130.30203150600488,46.83381104010282,100.07431356674888,76.34732117327722,65.25947286232402,58.070856435788805,93.00330090812608,57.52302925830965,39.67059663831973,24.025836790221632,71.3696135914468,98.49064648671481,39.7532360749689,61.0440088520667,97.86467423534482,96.07714410949299,109.4092452921028,105.29592627807723,99.13166393169082,60.50090565841207,94.66307368801789,117.62999366823477,77.29766885270568,70.03879597107574,130.85172577503218,81.14127851432417,101.75997142367441,133.9274023061564,81.59503684051671,73.50593782270434,77.19048331466234,84.6170370084495,102.50474359763567,74.04969919847453,97.61118075935796,67.71709100334627,122.86768820812658,65.38679316016938,52.65950714752931,132.63788317421518,81.2614857938654,66.62827008216912,44.055734171016475
88.2592952457317,82.45229910403786,37.97739422008844,66.82709083563083,47.19820053381439,106.05445675366103,78.54507315053553,91.71826790911078,57.73693186182584,128.75642881319916,45.546518164052344,77.28496180745572,133.18036925539832,66.81932696739432,24.710154510857137,92.54757433477853,65.43608482014561,51.81435587954491,68.2532975386459,60.122847701865396,57.940039718591414,112.97588135285265,82.41977824707361,68.9388140365665,58.41924612876382,72.9974118738112,70.06541211544871,89.11953301877084,81.61586445189616,46.34841693247022,53.13049375088501,66.78187127279408,56.5156958575718,42.2301352739039,87.92007603592356,89.0311340653142,92.27668414610564,152.9394351841595,86.44559914229072,81.42303131590037,56.901517906064896,91.76413212370454,69.98365449708137,79.9422870603491,52.71805893876646,82.05590916430315,51.00318635276318,81.57169087315573,49.81775304774452,73.31717876023401,43.05888493978326,121.00578008455427,76.71851691249505,78.77315055109717,73.21455431098447,78.5875933012977,56.51175064287319,88.75997329037999,35.08047812618624,79.28277213071307,69.16924393076434,54.812139948494874,51.56308902279731,82.43334875245385,65.76459509821667,38.424393091655645,17.02918523001249,52.98080490895633,97.4277120498918,37.34678687629495,35.00622202277056,91.7164352872706,84.01326780977365,94.81637293043936,88.37901783591857,81.30552011119202,51.98942696258999,127.39516463522061,102.4605563174384,73.333462879474,75.23747423444127,72.82832939085466,95.3726462284322,78.87036324949261,90.12633947924283,45.65429344407489,66.2380918889629,61.253691289275615,53.803044637976406,37.680271695617904,65.468770654955,73.03836041285699,53.779149884115355,106.36412956452465,47.247557490461745,31.719334134468525,88.28972435831201,84.68845070027844,49.05981202773461,41.904623928824904
156.90186933559866,163.36332541071056,63.91447244213897,126.44179869013676,126.05787460579823,227.21825902078336,182.8254917382136,201.20414385323403,78.61367620971926,288.4022046292061,62.20055669994756,103.44929645030537,275.80422848413076,138.52628640376955,58.79815378083584,122.90355382282682,139.65758971375854,44.472254136870575,98.74255760277352,96.77263806127011,118.91730105834665,200.73077529597055,128.0133159554985,95.90376242430695,111.56002291906631,117.62639564869849,186.6971347193192,247.14272584425288,141.91348535766997,102.80589137876785,94.0398220322564,105.312272467989,95.52029220961005,84.97842288304315,121.0862542274837,175.34791568965804,251.17552619684452,138.9966304476102,177.5173260571874,259.7911953632193,164.07345165725755,210.13447166448591,110.92990739841545,53.368185687083454,25.401423465259995,187.26350227608236,73.09331564225185,156.0229154582236,53.8685688688274,184.699549236274,56.7225930641461,210.3399652835231,130.2940006177008,158.92032199531178,132.0135922229649,229.7632013344204,220.51156823572515,217.20204725527475,85.36582116603316,124.74176383786931,98.28585860661074,35.07730246992981,114.91959902477366,186.27481377690472,70.05131554784192,41.14960003628022,23.113845611674247,113.0042489434414,101.27844130560976,57.34174253514162,45.89566375568306,130.888693378951,162.47701333759858,263.80024731960305,258.4829445182468,188.48155582588015,81.09903733619232,143.76689167219047,188.94828172936639,150.7106216494281,70.60057706138842,171.15263922662712,212.73441881935332,179.67626435348987,227.09700275025145,84.24101943698709,92.92863776913732,49.59781613279465,121.2158123360622,54.142210451761684,151.10510049717232,88.11695782231624,61.412715357667246,120.84743937083957,78.67384259891384,110.2751126853383,195.20331170492014,151.98168681481525,65.5737702411908,78.73121332702306
47.96361853943534,51.32764213688154,17.45836237245102,35.16420274458533,42.725119411825915,64.92173648027378,64.94860966244308,57.39943155232848,37.592712233475176,118.23694178673105,12.366617357173366,40.594305033125416,73.97748473031473,45.895703183443466,13.193880661223801,70.08314937163176,43.782257560969434,20.009282061697906,37.04843990622909,23.896801656279962,46.55216734999105,62.45877043935377,41.14106666292633,39.205378552254814,11.90948548335007,58.34431685912777,55.42281467939386,56.284840226920686,59.82153369462957,26.819226381272735,27.77644974212262,36.352171848666224,30.384990616933955,23.690954152821515,34.846397873606776,63.69150169210074,91.24794185854807,67.60135300577005,87.06124206507205,96.46012048122499,60.063544443609764,75.60037861421276,54.78345623649524,29.644721664842283,26.33004377981317,50.85064989812988,19.392748996977886,48.41834128670271,16.585888750989383,61.23828666900719,17.729651695139808,57.153894236451606,36.846651485197754,53.8337923078579,32.6295961892379,61.76688222704383,54.019648943275776,58.31317185160082,17.12676879752571,26.143084987386594,33.57740399448462,45.94424702477058,40.12534346416836,54.394537689697664,22.29936347868219,9.606670590451637,2.068380240623236,29.209528594402713,47.79073058803348,5.674579727089189,12.191968582048691,50.24257138943784,64.89101097064255,126.3788511543489,79.8936992114009,63.27524760949637,22.353835926054657,58.385350906646224,73.67903882703028,63.64329111127604,13.485398678969073,57.945328772600774,61.65531478470871,65.42230360600996,75.94048870777628,27.341140076306694,30.11132370031216,20.715030348354595,15.91858022462423,29.57310268878813,73.40077893840798,15.216559414355988,29.86198247644102,56.12634619352076,22.58454147214299,43.55487219127358,67.78002990901054,39.604729390579415,34.96629916698774,25.89458838632748
75.14362616018904,69.79096252711498,18.292285814929674,52.34045455366248,27.10593694185296,99.28626454620401,70.59805843320893,66.82174654398452,13.746389253931207,139.86763231361903,2.913871452328713,22.775408507425936,121.0629963887543,65.47480091365729,7.556933787663749,29.388602896688273,42.213695402173165,5.361028293347414,43.616127213769545,7.005773789724672,60.65808951796735,104.17618079551738,42.18069683793153,32.68522636278176,50.99010626715218,57.610784783841275,43.276883107738804,80.13102007169205,80.54881150555919,38.068950182845356,35.5667537943563,22.202961527021344,43.680053115923286,21.90178597057942,23.90488496656179,108.74451015879923,153.49338698189734,82.1164888764654,96.24737898520833,118.92545960374163,56.87539796477513,39.890107788545734,34.31273717042751,18.01370821175573,8.090300158562076,59.4647522079434,41.00953618815902,31.02933210707028,22.497108073363794,70.61960479516426,24.289395308648885,49.57392092170472,43.757326810457144,53.04357588202897,31.337539869115847,45.15093077941895,64.15176279551119,35.13287002546844,3.1320168023743475,18.646303608979636,5.601837022933668,59.193838063424515,73.89128297918583,46.46573187850959,50.50234769387873,12.151532958364411,25.08386253104086,-3.6121149876629266,41.25053981397288,-6.5845598720819325,2.5720465284564167,35.8386969527546,117.32471180367732,52.4269777749515,77.52918442181401,92.66377326708191,32.450053943519336,80.74676624635681,61.89084479038674,74.08552624398496,15.627800321196517,34.90798328491922,39.44623382042106,87.36697453671269,81.28679245456068,53.40981767884626,60.48694669785941,4.240900764181911,56.28717770852196,58.606672887500714,45.1202970613563,-18.17653150151837,25.080123809533962,66.38959389035692,21.036785860223763,33.549014496915085,95.51704423667003,59.47217599299826,14.743271447093727,22.765143030500315
72.86080499209355,68.15950859825998,46.80749204534277,77.6752091683448,35.787424710248885,143.44987882663673,80.09862147731668,63.03046621819753,46.73993614044791,116.82978710366139,33.55914548620798,61.35207094897929,72.10777106326366,121.70220318549441,-1.1751425216007274,177.42709639368405,79.11363091049773,17.785655022167628,46.585646781055054,-12.060555278097882,66.083930173359,68.14304684097192,100.58451471107043,96.38019309362076,29.61193255812434,75.78280812081206,89.71454499497214,67.64166560789353,88.49530105923124,25.280708900967827,30.70277775988247,46.678858174428846,36.81523773939332,48.727945422901605,17.977408751922365,88.9020488038486,169.69910333867324,83.16503158791568,96.67960438773854,71.65585932931639,87.04187604237066,41.661995646895576,35.9185393311541,70.75685281026819,31.205598124053186,72.30376336508245,39.93930230370134,62.00816648758492,-19.296867545981158,91.12036519634755,20.891733352154212,75.90477702392099,57.57894315753659,57.47499449060043,73.5019330039047,28.72839762902655,100.3126064638476,71.41661191291514,35.47483486227854,7.98750783849799,10.38454348206254,41.84296848255664,126.70520134368846,56.69871539030239,42.13097071014972,14.176605153763777,1.5180820182246284,36.152234573464945,56.05758104881225,23.05443725308597,-2.0135405513061637,66.36102078383134,123.2117904146761,46.1568733388163,129.46746519720503,103.13172296389182,49.89994620101021,126.08996576815443,105.25974901251959,85.6114809941632,2.9320569910735435,52.465660838863876,71.30604066041188,90.58026101605313,82.94040137789494,77.6215433259777,25.24978933219571,4.718714295499977,85.03711827817388,82.39146530564524,108.54602160643631,-48.68508408222145,-0.4544897439092661,80.18080814927364,32.76857260136999,40.58075170733072,98.2592322029929,75.56629825540637,72.23569583417292,32.50739320017809
133.75560927906992,187.66821252787358,77.38828192444724,183.11052328181844,85.43513092488776,181.33904169573557,119.73108510481183,121.78305467679726,41.97985525860975,150.9500290704895,89.50868483706573,80.92698618099173,184.54653293263377,190.31525608512914,41.988269443814694,147.6714879912885,154.96532256692336,32.48941317864717,87.52984719694606,44.962695730388326,160.00749462170037,162.00563115988945,114.78658155571125,145.96054604550133,146.57379279360853,99.8942909002487,86.98190294077881,149.5286071224982,197.73324568553875,144.5259409870765,126.2588267053896,75.45843970055651,98.68018462044562,76.63731807287782,104.19031779576275,152.91711657807662,250.17086038894394,160.79362164503038,177.53114124307874,182.72217154057944,184.45134099749475,137.62246000182236,115.42090139990935,109.43577804869089,52.547517907330146,114.95855629318893,87.3622781988573,82.65138050359155,50.79370951364327,192.051651187875,28.170971539902542,132.78876773768135,133.57416131379176,114.29431666589252,97.93840887123248,76.05012542883526,157.79381206190794,130.7556802991345,60.362585756882105,89.9528442968911,65.67847180847129,186.49769294996193,194.25157245332636,65.8062590342557,73.97571413544937,53.51612965094177,37.0582918211377,45.60395767311334,76.9586887452194,34.72954897595648,41.73337032742521,96.76889214882776,258.9418636262268,276.0585097808439,172.538768503714,166.0080831178315,100.23873359285719,128.26178538141465,138.7987807823602,174.6408844369267,30.16416272984457,126.05908029888694,76.03847257687485,169.76178494131787,212.11952030598874,156.68319378902765,128.8123181504648,51.79250247228406,152.09928751574853,168.5918279912016,193.694293232307,9.789071068648713,61.95333632270094,162.13400065169282,81.03288786145181,87.83648644551918,162.71250783413944,139.88017168758665,63.69130433019341,51.28777088069051
207.9924139195602,108.08017286024526,59.46669878191024,252.81957066866323,135.35953963061647,179.76779604492518,221.65893499390876,160.148196210255,114.8320199435714,172.95220255687997,44.53270116106563,136.50859564818143,295.76747568790233,273.3959314602204,25.888741052111133,368.0333170800721,137.67195308845382,87.81759246387467,73.65067580625379,81.70543521222409,258.5563436218043,204.84748899054998,112.21374939152591,134.433587627882,117.91383296257533,271.8374878729285,102.76692359767385,173.04975001189908,218.73679451114393,174.92724079610306,166.67616944078392,153.2283113295033,82.56306115400808,109.72860179733776,180.58306392585501,213.95675701023225,229.99958162742692,288.1634975038544,333.703003130595,248.08047187403062,198.45415330568116,211.68228383351106,199.543603842723,144.35191220745932,180.54987522157273,84.66383591232133,66.75003891462221,151.43833048167474,110.88054951661209,182.9254948057266,78.84102060535267,186.7146705434891,131.89202591124254,135.19845855558296,81.99172720869505,61.3335765838626,198.04761554336272,170.08027789403184,123.446603543707,115.07374506800116,59.46765164877977,284.6960919021372,204.86840376650534,252.9179332328927,116.166958701767,103.26751402501394,41.571224840223884,141.90128928190472,187.25310465589635,73.33769941278968,71.26619191970893,186.2599548700721,215.26729349762073,105.99213020672266,112.48299573572436,276.5042121670969,137.11589787400519,279.10497431023686,205.58466098168597,163.8273755435552,154.64656366340026,243.4987358710575,133.57875526302794,234.8284703102906,384.00605386409234,217.48952883345945,143.65646203296868,142.03328219477066,132.3768358505987,214.41633504600247,209.565925764229,84.8610411266709,92.24945526311639,198.4371100376372,122.93287611943423,143.19057293611056,162.72235380947163,139.06303222781446,111.60939583562548,83.82724155855347
61.50106908291986,-28.325666167948498,48.466084311108474,80.46991588682977,0.7384654024503823,107.63142049165884,-15.82889737796084,42.54163971536703,29.28864405621984,-79.25081857710094,-2.3227991582148566,48.02782748447476,-49.02950976223276,-59.83660028344305,4.445109336933601,29.805120355412992,0.6871896327679715,-48.00539333269682,60.95436624175152,-51.06934878402407,19.518683339057368,50.178347868219795,16.367122367230202,61.256837335905885,51.95504844131744,-7.898968832771207,-68.12416846232246,62.49429250722034,84.80047998479182,-5.442720484110078,43.94408703788533,-25.698604914178887,44.64475445267982,80.53224581783395,-15.25677474618229,-83.12329833111502,154.5927855742337,97.87717619485316,-43.589360742648076,74.01177442880211,130.23234372798885,53.239806165156736,11.622089445448136,57.51141707289403,-48.619951777184525,-33.70924521302167,43.061593416086396,-77.99229138956476,37.711144198717655,-68.10678458919453,-35.16932515454413,-37.236744607694014,84.6312125327599,20.668275790015677,9.67347260664888,-48.160759265642994,19.950955904769337,36.628843030319565,-46.58203031753329,14.939683662496916,12.721738666869557,-8.705120000502246,122.16595359528027,-49.86301144385944,46.19273884313452,8.841514154772831,-10.186453912068425,-22.167483158962494,-52.4696426807107,0.6226481316551536,18.720022082123023,67.42990690805104,95.49738144684724,51.2848202507019,-37.923504541414644,85.75735179251758,63.1334311922087,45.87408067720113,26.073528942528743,74.63081273590038,-79.68668803287191,31.766275612559205,-7.907156491422213,56.00807639976045,-26.85928332609347,68.46139465168181,-55.641991872829614,-16.658218405102083,56.700285692937896,-29.432760196409635,153.0607221843842,13.210899110060087,33.885128694396094,153.81653905833244,5.088650837539497,49.76240669433879,6.494730935577324,73.91526525458569,61.154519434369355,7.189793662242932
-21.292234642487426,-7.33322448746821,1.8727582568541727,-3.3870327609902176,-18.36433710831307,23.93122208759172,-25.886057660482276,-0.3010235098820242,-11.814670279475088,-6.190664093298747,1.5179914142411546,1.4627833422227154,13.974357533263147,6.564684055388826,-4.894910684675904,2.7905261143412035,6.979096586613931,-16.88937034700151,-1.3256297944617241,-11.996498530302217,5.016290524843255,-14.562647564119382,-0.3665285177290894,0.1485194382199742,0.8403274508711037,2.766562062509971,-5.963717189540696,4.081653989695061,-10.122666223981044,-21.48903774120415,-18.513431127265193,-7.003561715800216,-16.435353718675632,-17.817090621296902,-8.031047368255308,-5.0704176778600285,-16.182369748795697,-22.665248899657797,-20.049865555838245,-3.406081818975539,-4.124925255212802,-41.10305811959102,10.796326153898587,-2.1959454848261255,7.944095777935837,9.82558124173893,4.600258561849543,-8.52207110489468,-10.824702284290451,0.3236063685279137,0.5713861493012204,12.663046602644572,-8.702572602912259,-0.10776142871124393,-9.644067407640106,-5.0863829639502836,13.500438795458441,-10.901014228475871,-5.372503827881293,-24.80075469216973,2.963777831522563,-4.609358726154387,-0.9953545873169066,-22.52327504005478,-1.0947974136506744,-6.665156417368681,-3.8340741042965214,-6.625715885133875,-8.998512443824184,3.2382121229032923,-24.663346655616845,-1.8868647955632503,-8.28409774004931,-52.62536844875631,6.317254202761026,-8.688409905686912,-8.371053217893015,10.56297984065181,7.722618968145073,-7.311687365884251,-3.412979821604957,-11.172631988894576,0.6696232722649919,-21.328180000174136,-2.9343804610648623,-6.0348243941668835,-1.5120560625352906,-25.856203090575793,28.160122867993504,1.9541258503607768,-9.206805723089284,-1.096152908611558,-11.821793453633653,-16.866276658422965,-9.689779812534978,-11.930101901942207,8.173317732409465,-12.598981699971981,-4.910924070619484,-0.3256560539669519
3.5210443825851403,-13.558547373601044,-3.5201651432395105,-13.784475705006082,10.771826720915541,18.30345699452978,16.41365559260225,-0.43205178409839784,-5.0071296698876,-13.482708572165023,-3.132122950791588,-15.7679358494682,12.875406157639386,-27.339210653110325,-5.290361361745312,35.72602163431902,8.038888593855395,-19.469542452897574,16.184879518870144,6.225410126913798,27.38010918603704,19.34462011146796,5.001612985058443,-10.452980576523986,32.711151627245975,23.558548041807715,-31.137035515959298,40.05784342067859,3.001853627457771,-6.593468010864835,-1.1341474277588088,-12.634101342494874,13.602733844303208,-7.13314695808932,-2.776755740683395,-1.0795160672592456,-42.94239348437437,-7.134976785648902,-6.349638485699165,3.626230061913711,14.267409159088036,-37.53373291607339,8.485115143010468,-0.3730075824104366,15.751826720452767,-28.656103801663008,6.508919189570583,-18.062333014920036,2.2228957363065205,-15.197291385315872,11.185771598795588,-16.338662695604018,21.729906224344685,-18.022214703710052,-9.494853226019933,-16.73706896472256,2.594943233834119,-12.337635503442476,-14.742210431652241,-11.22534521417081,0.5647893561618876,-4.496791551593333,5.091298623943192,-3.0257435844975227,18.027528813951758,11.291960660798463,3.441107552031125,3.188407025934241,-8.209990653946889,6.2886065850366455,6.784500902628427,17.231424333060684,-25.507129800453672,-27.628428571276707,-11.412716405241214,-16.801121293647288,-3.1386932959960863,26.327583142185073,-23.80057314634325,-14.383362822528861,30.576790002526987,-9.760891548120618,11.302486704511551,-32.329242539589394,-5.632065628640318,3.8958310870290602,-11.50905958687778,-15.151841560114509,19.79666849847179,4.510276313453599,-37.114058268953315,27.093826599295326,4.312316519760561,16.968860590709397,4.682160273748989,1.7023901972873623,-3.5683944254911544,14.441091761000143,15.977161829221073,18.476403815017985
22.742904671692116,29.443164853543276,14.202058120381123,19.391181511613933,8.059953099446956,36.603123833947535,1.5883270687276687,43.51765061520018,36.70096857193852,37.34858214577532,32.25487054344526,28.025497898620895,0.6959372792426506,9.176775987753674,4.274894911360315,53.77793357120104,18.70667630129698,19.33314210991182,17.960662200510544,23.94129069181825,4.991822253260245,40.52602694848318,34.27367080336424,19.374528093964752,27.03799747668858,16.714774143500296,49.03057604867287,34.6835078131199,7.798273555331131,4.155768714931039,13.919663293388808,27.0606583273125,10.983070291591057,1.96089435500143,26.378835995402778,10.250418413046509,34.099404328743915,17.98106073330027,4.938095163477893,23.33883907803447,25.213601592691237,44.60560368212614,30.54126993366123,20.228611194066808,27.4326297992869,30.338330461202787,28.67547769446043,28.754917026401174,16.55026585505329,23.31478333849999,9.636592753744925,66.37126311532205,14.72816108866718,22.61787667125231,26.66879305112405,29.97081428385413,43.82545058327088,14.323433248257372,16.515813489286945,20.312270295542206,20.311203868443652,-23.23103312363331,7.647540807933572,38.80344572643096,24.203703833950016,12.490625445697415,5.207443913872897,25.042777613268367,6.807732564763574,18.7601596215899,10.049978118413001,25.085654862663866,3.6679780174406797,39.55495183498998,57.395373532830405,9.398931143249099,12.792639670655921,24.099292518199665,43.371165978461,19.07553587839606,24.230295129933282,13.757388783965668,46.84204426244976,12.304285194553954,32.8647795376475,11.96729492554034,7.239525983886373,18.69076065138685,24.04672885601097,11.456084056870324,10.715001779362336,69.04382482838214,23.065145529090533,27.73755424292011,1.7419417669265724,4.177493502337065,21.52565002198191,32.25439835423904,22.96204850023415,19.548970280076755
20.540056481830426,28.38188062559099,12.450252625841099,19.575687499414904,15.137191789907273,19.314982172564687,15.40647647302928,22.77228937831373,24.27623113856406,28.60229073177333,23.029532443004488,18.471788786433127,22.32456774934746,19.57987595126844,8.009911505747471,50.83016845735257,19.280588374009774,11.562250253302281,18.049073863895742,16.31275064436274,22.256518756720318,17.766041761786788,22.928798754986296,17.662885503987745,25.878063684631908,18.140098597512935,20.82117284841078,18.14697494074014,10.08936022647912,14.190799159591272,17.24153581883348,5.56483694835622,17.4524480508514,11.819530617666299,29.04476528606703,18.1263633345343,8.527718095600346,17.026268746253702,27.448102712978073,16.318100407655443,23.186924449438067,17.283824354523833,36.498406062823584,8.95585501282342,15.887722909527374,17.430469890244087,18.077093791424172,20.89444670244636,5.213678482076533,22.858503144632788,16.038890623666237,15.9103372982612,12.48745995412558,20.73215299704742,14.209667083998324,25.86020233394164,17.8397658344924,9.556507502717782,17.307245727528034,2.121271615808402,13.56098049276078,9.213831988381175,8.380227671022492,27.215024645388304,14.4338284185039,15.26850058560658,11.51245414538627,17.709500065822873,18.822234019955648,15.41889670529483,18.182497285763844,27.319829170218885,3.864683026883468,6.29223478095368,20.730832666384035,6.898944699602483,14.342327861330281,30.14475320934275,23.37683713971749,14.743717166026787,29.167675944031348,15.176213431522305,35.29421765825616,8.45013677743925,16.492182141164783,17.364068031049445,12.719072961446882,9.86393445332836,23.54249822101345,40.8763563197007,-0.23328164317645234,32.29635225480131,15.831452089105891,12.062790843311811,10.374825008935446,11.113006138113589,19.62150895575694,24.96778846979524,14.185212820788982,17.760154460150034
14.352181806829062,14.765598966952618,4.338353322306192,21.729299640673098,2.684429658607917,18.156131451106813,2.9355398181852803,4.1223921100945065,14.964125699738025,16.780145163410012,17.094828214826713,13.114549536937115,20.713500428258698,8.337824765082402,7.998623428082119,11.011455780678508,15.115482947870552,4.749374560757761,4.266778266862412,15.928062054065288,17.00602671017009,14.165450084178914,16.59555809180278,16.02137339249828,17.678136707098773,12.377529689736564,21.699096352981755,16.996202292810132,8.536590596222744,12.206919403078286,11.031244221870015,7.642763058760031,10.040522695706036,0.2922504199566242,16.32796783836384,19.18171652571151,4.433127592310156,1.7257787621581955,9.366615516878209,-2.9774837578190607,5.451226628717477,2.6402237092275715,11.512983390067077,15.839444028555134,15.990971668538153,15.849212114693366,5.7233887860860095,24.942872140396705,7.448014620651521,14.456800591396298,10.904088893732885,12.896970203744214,8.486450855208055,9.632562721622278,17.03927608855732,18.336200850000026,25.679356768586427,19.454408100962166,21.77410522065567,6.862147323710849,6.656859025975225,16.13494568880015,2.0799604690537867,15.807789416215726,0.7429817369116836,4.188209144044947,5.149036500376164,8.62550547200952,9.318089890321863,17.905166229674915,11.637541266509567,9.88428182435394,1.6867774662257746,-3.0836763658733743,17.88221822302571,5.253812706533427,11.288301975373324,15.866844681088812,7.254401303419175,11.376887008372112,19.508166655117755,5.902075788455455,12.98238794060851,7.165324841870812,5.378923185817547,13.276878950623782,7.528657337713702,8.655010416998689,23.281612974373633,1.2598361926429003,-2.9658579604759634,23.232750166691066,3.3740468846993537,2.1711204212622572,10.851149576722628,2.048084761921023,14.01624915502938,19.18419980228429,11.06980825088343,7.468682228198415
-46.33491476845587,-75.01981112246789,-14.273186215162914,-68.97298452283775,-66.1464252225344,-96.45815473380782,-86.85730592222593,-93.80057539626047,-25.057303400813737,-31.00362935350178,-1.893777686877737,-52.20084994978069,-184.35224865120432,-3.158447561579568,-48.83946008619985,-8.836596956224756,-130.6009076540527,-44.971012072526456,-61.038729386794515,-76.5842747440818,-77.62024462609456,-47.28776636672989,-75.80024960993724,-35.03039990035753,-16.77863083216817,-108.84065305802181,-51.99686069079044,-107.89718220164572,-85.39360772644346,-94.70160188719305,-103.74395229500102,-76.24735267493097,-40.93002355628386,-27.865863910264565,-50.28876739261816,-75.65099963350114,-28.92986024213039,-63.371235379539634,-56.406042988700015,-10.551518477929882,-44.120730644941645,-77.7173900962251,-32.680128466859,-60.485073733704226,-81.08477009145984,-72.68684462401053,-20.78926794320059,-71.61876719130674,-30.40748513631966,-66.11205708963881,-41.5951015709514,-114.01949853294785,-60.074777478950516,-65.35134084480005,-63.178910642728496,-67.5566087956796,-140.41188831079396,-126.7421980332063,-38.50400492964372,-68.32558581320599,-56.01779781032194,-122.26903942113908,-43.616305982483745,-94.36322791410629,-26.850963866032522,-45.15486875630265,-25.856402939404898,-77.19809956040923,-16.509300525437826,-56.910158012113726,-15.594205494880514,-44.76610067079604,-57.683081188637814,-136.48597506477807,-128.4538543375466,-47.75587439568909,-40.61088596136121,-71.7092093417753,-91.81847503313456,-30.778189208470653,-65.74407959101988,-54.30553073383359,-38.4421398591365,-48.66392571919811,-99.02489667659077,-33.057627701075,-74.61025436437448,-75.6650435491688,-51.38851551281592,-43.40018942699528,-115.55398638965451,-70.94645444403912,-6.275144258004054,-56.258205262083855,-58.196192869855835,-43.62272818365612,-108.120530301121,-57.995565641026964,-27.26018362881917,-53.49095459139394
-59.29262151138707,-50.0428018693228,-35.20439225334686,-49.56081909412149,-37.371311037591255,-69.04898209802708,-32.48129436621309,-67.92117511980068,-39.40069126175001,-50.63562804924888,-23.4006053452416,-37.98158678430007,-45.579354493786994,-64.66279216503216,-26.174318147856553,-51.46153374834739,-46.048274977063684,-31.77229912393703,-51.89272789972591,-21.05578853549734,-33.26329612440997,-46.21883322789525,-52.23602040117769,-41.30153737558999,-35.965015568750076,-26.215344970675,-51.411852704373956,-38.24582280520646,-62.060243381773006,-29.359477214776568,-49.43706503238303,-30.09872749330733,-34.675827048560336,-26.50610754290504,-46.00022542197166,-61.85795058214713,-60.828807494428204,-35.490181911242345,-45.400720025006585,-56.51727169145037,-43.43531807800551,-46.659994118142926,-30.01272912227224,-45.71886600365434,-43.521833130262124,-28.40740123613743,-33.442482181621735,-45.47842177542219,-17.09886289928832,-54.662183627811736,-22.864134834889466,-57.67253880019267,-40.52672453574702,-52.263741159811495,-41.722008472642024,-42.794324504154524,-35.85672455957152,-39.00454922079787,-40.05677304453341,-13.502418925638976,-26.30483441463986,-41.50251359276967,-54.75065876469697,-38.3500734630983,-41.792086737501165,-28.503767055174052,-21.42449276276531,-42.1147272962201,-12.029634926198554,-25.0522320830165,-14.743229906448876,-40.43975636762478,-55.66504732562522,-38.58145806748192,-58.34103551134562,-40.728182048133974,-41.566073733330434,-68.0336610691799,-76.73318014322875,-63.349737642516864,-32.6292803950787,-69.84649120602312,-22.08230732794701,-54.514591138039286,-49.98160617440299,-38.964138532031,-26.503409270822008,-24.92657009368247,-46.972986080352854,-57.16316216704623,-60.7129827339305,-37.00883425804872,-18.192043700023692,-56.209604673149386,-33.6031367911625,-29.852961145083043,-60.61548076084422,-50.129389659656454,-40.80358965524764,-35.17787897090291
-18.86182307933629,-45.50402399291851,-25.118536449294655,-28.76389186955142,-24.831673976643543,-39.78236301955066,-17.98357540205376,-45.00907200230908,-30.310648873252227,-33.70332793920964,-19.693941030715724,-35.41342353456455,-35.47740601989994,-33.77791318768078,-20.653560255203995,-41.73756028392896,-38.21072197181904,-16.876577046950562,-41.44819284621091,-14.712867722307232,-29.92744302884372,-32.950237122171494,-34.84090899312019,-20.494940711558638,-24.062950213602498,-34.48240365664026,-33.58388673187687,-43.382576672290405,-32.721998579324996,-14.91286998697687,-33.177905001328284,-38.59621378318913,-29.816012477426526,-26.41418616233086,-20.020488032008622,-27.401785358283806,-37.724635732454075,-31.75251967582044,-21.917394810962215,-16.16817920315425,-26.0952423185929,-36.14073880420503,-24.671478085667434,-37.09712604316222,-23.93307841625254,-39.397693667723935,-28.880673131982203,-14.83043971087203,-20.490313050222035,-38.99393267130269,-12.3781888562206,-47.105113600992354,-29.936376137965134,-21.13708890218197,-35.14557891290912,-9.522584336024849,-60.01838586218697,-26.552841366248884,-9.542875686922065,-20.654920081869072,-26.560515186278682,-16.449591625296847,-36.6753520446168,-20.6875050955375,-32.67293682994543,-21.142903574155984,-8.963541076308454,-24.32482258958669,-10.154091825750248,-23.969117966631373,-10.071183583605825,-28.002204822639495,-42.564434105395186,-73.5490674359954,-64.28235542378538,-31.695401901043162,-19.670704806721645,-32.1509982451256,-46.84703924599427,-21.308412586162106,-17.115387965758252,-15.632214197776866,-48.854477311202444,-23.33745449302751,-31.363870857241817,-20.998098364733025,-29.85156023192411,-20.340230842125564,-25.011610860900824,-34.08288140225916,-42.0910077165488,-40.41191036934677,-23.30782698487812,-30.232786235161903,-11.688347242394007,-25.28416845970537,-18.748462661706746,-37.68007724786335,-34.95242806089557,-30.002714053153642
-10.276247341248778,-21.581477753761046,10.498160921254817,-4.990404141764159,9.294670643424796,3.6757917205413566,6.409774527133322,19.7934429892353,-8.350989336555752,26.1861086930234,-9.6510422445732,-24.61694985021099,-19.21473546013287,19.756739904820094,0.5253663579986223,-7.0283203283241,-7.427907323355469,-2.6506626371229958,7.380856466893767,-21.150311418654365,-7.391589861281439,-11.639467594766296,-7.592144411418857,-16.91635577181064,-3.443463010442953,7.332887318803377,-12.474907095254586,12.961798919670851,0.23829301172906509,-20.54308090045635,-2.316184849122615,11.437306370002307,-1.601386249996234,11.64767958625616,-18.028896190173395,-7.369719311448285,34.91085092484516,12.686429741076786,3.311895995666545,38.75132014085513,3.223895309385003,13.31115057466408,-28.451356832895726,-2.465287254670293,-4.191123061659852,0.6592782485685678,1.8825759491937764,-29.675483586884152,3.793966687133447,6.6209458267642205,-7.742351004970979,-6.466981957146333,-2.3556828060194146,1.1201805755221241,-5.540394699733831,-21.553065562883,11.333672344064832,-4.55507912336691,-19.201411417504662,12.520334958620234,-4.167319849432626,-5.9411284309311565,8.379937370209701,-14.750532001913458,2.8555454450814333,1.0421938535834208,-2.431325759688571,1.5113743692806483,-14.85331243271521,-18.30650461706636,-6.777380814071245,-8.619666289254178,3.4178713551305706,14.914644505752992,-1.2159832568991642,27.105840275928042,-4.5854621317553415,-21.21856136897024,6.693943170581482,3.6272175848656447,-35.92987694086396,-2.582102746041025,-5.656009821209589,0.9886339489214515,-8.210079106284741,-12.342177822031328,-5.448442914069106,-5.44960086811863,-12.193071344173836,-55.52465251517617,9.51506184054866,-23.755283881050197,4.237211704446869,12.19747132601916,-10.160133879469493,12.405887247488344,-7.889970436724219,-7.142331693159549,19.018124359434,-0.761650566046651
-32.78676194300351,-30.771560267891612,-26.510050321722034,-35.73742186629675,-23.3914378283422,-36.3032055031729,-3.4138119092885435,-19.82950545259868,-33.15346095522411,-30.27408726451723,-25.99736796827365,-33.501777480638125,-18.25159675914675,-39.758856621198625,-19.736233869652168,-38.39955205204607,-19.94200481936558,-17.819671450437866,-31.075114541045632,-12.53092170002622,-15.702957791380122,-31.779304383121598,-27.5419277340732,-22.76172176395033,-26.02019799741384,-15.432090511082087,-31.632787967761903,-29.381549354236427,-23.991579687748455,-12.557274665801957,-20.38201497820474,-26.900903768226406,-30.31528387888567,-25.018923585543426,-26.99462452823172,-26.445781366821276,-42.74477725298752,-12.174833835447243,-28.221204926117526,-25.961921243426772,-33.15432359235049,-19.571169644116775,-18.143717615334744,-25.36988808541605,-9.226250817026362,-22.78703202396448,-26.03987850200522,-27.979124733339532,-20.076083011628736,-39.03211038425952,-12.913925380508534,-19.714694434413975,-28.232345907408764,-24.50993792982286,-30.894599032680674,-18.79634589519966,-31.351483538738993,-11.45097356971196,-20.64265271051806,-9.331729411862012,-20.44607852999912,-4.672173616438301,-30.207399296340675,-13.217949118354083,-32.581181904663474,-16.594954219973086,-12.062499498191224,-24.4500577832083,-15.451924927536625,-22.446066822896714,-15.661601920767769,-29.551111615692374,-31.146489610194187,-43.76603097263477,-45.43349034744255,-37.000365941756854,-25.23705821018763,-20.400566833903454,-41.1582914050401,-29.92692837892722,-14.428178574619455,-24.927864287085523,-47.380434694453626,-29.43436627389252,-30.153774272262805,-27.26203417138705,-24.271330976323153,-9.194323247601389,-23.805387577213796,-30.014970882827612,-10.286504194469945,-25.001408777774966,-21.12518790338806,-26.58933316879763,-13.75532914881591,-31.237728224988963,-8.66444992388341,-38.39683892242855,-27.262316248056905,-27.059752030473916
-1.2586769718415227,17.489919765980094,-5.605946738149377,-2.684634214415592,6.726368010120331,-1.0573851667121232,9.808795645258797,-2.4339275050720164,-8.250921151546427,-6.622770007450531,-14.249857364519139,-3.7762181560269172,35.0444118077682,-8.934658529377721,15.278613438108179,-6.003329819680254,1.777889017097432,1.8966340851883698,-4.918442085844578,5.318357997364301,1.2497649721303312,-21.910449294295425,-15.251107744678642,-10.571711401003991,-18.006564426326094,17.567387527855786,-13.967006667778838,-2.6405436559097955,-14.153210299756276,11.637396548731253,4.730557975949838,0.627286412354363,0.38351617469815213,-3.9494780878484135,5.017172807809071,4.6983307871385325,-33.24352349783884,-0.6839167978389423,2.018474535570442,-17.437539425214236,-0.6766360373535726,-16.517146228013715,-16.57115261063396,-11.548317292887619,-7.359051000710504,2.231699169071909,-18.008573390390502,12.971780598021702,-0.8758331959106521,-15.440587313177687,0.34646830007969037,18.378079702443653,5.134372267166686,2.6609735698480965,-10.297699540083608,8.149781025221332,6.790109113449818,39.8886334138143,1.0938825704230424,20.82792384956147,2.282899787478979,9.622186324347897,-31.235172258916556,-5.495635934722587,-0.3234985969228661,-4.303901154133179,-4.384053952933477,9.157233651389456,1.5106403891405533,1.4858975770920322,-2.728338256893191,5.45955885162514,-25.231349670588852,28.753281215305357,1.5478835602956533,10.709349580886647,4.1669821009758365,-20.55390349682049,4.147274641873258,-5.25750287569827,-12.42841406848752,19.101279917609027,-4.359483847907598,-2.6930366420390452,10.021055606508934,-20.090500775826463,14.192596300401581,-5.840760828287905,-18.241267126895345,-18.15869678776735,-11.658696279832823,3.9525303161889624,-13.44477572521129,-7.096569339067407,0.2364593294730255,6.619052668370094,-0.5769421093821245,-7.870083097761188,-2.5966938925197356,-1.4443088908004953
-17.75313961220339,14.62331060353859,-12.674890278872514,-12.753371679144076,-8.719932921231944,-30.457058720703643,-26.513339232673903,-25.59612491685583,-32.10722293203272,-68.0558868450005,-30.275252983769747,-30.853914339230776,-52.241201090603475,-25.928501108318986,-22.960605376378297,-30.817145436812613,-47.07602467880209,-16.88346821355724,-19.597560089469837,-29.30475315325331,-43.767280279985826,-11.062965270764362,-17.463096124586915,-50.69807503548784,-27.09687618047445,-78.42508746221458,-19.455123900397176,-64.29514558704334,-35.69885418250758,-16.03174243256498,-18.757156564392336,-24.21679944395093,-16.659291987483012,-36.0066130325699,-22.163534232970154,-19.750645727714513,-43.892158443366235,-36.58283707637426,-34.13899972166801,-45.73310725589767,-26.799237520999114,-41.42153721970432,-37.15848083675805,-19.216164546055413,-27.836318024378702,-37.57353460363128,-18.008932617734487,-11.614619965086282,-26.348559321393136,-17.043022192143958,-19.95462874326526,-22.806592933361152,-11.909868725558772,-48.0279115635326,-9.723941552506906,-42.22139594594444,-45.20716211390788,-6.636129467592051,-39.05971261613533,-12.746669979114403,-24.386565042111314,-4.98900463911535,-21.041555672781378,-42.968864956014365,-15.978445419557124,-16.417296096727103,-19.29840429612484,-18.83725086831034,-41.10585744850504,-19.484033408402897,-25.673390922012207,-18.21684182278163,-27.16058787785755,-50.511232632303205,-52.340229224090606,-27.893551330894024,-21.993227800472273,-32.97253512483999,-5.936565762609342,-4.183688637669955,-35.4270359575765,-5.7440755491021935,-44.39239105034185,-30.87016695685093,-56.88987875737754,-24.661021015493112,-19.125949135838198,-31.516626417676605,-27.727238510247368,-44.51969598717242,-11.692650122678158,8.123150475975432,-15.24886887655401,-4.158789741141489,-14.93559990801053,-17.2672566141294,-15.919909435970277,-21.221236482593095,-21.62057558668748,-21.55479698483121
-74.42874761837386,-88.74508846108942,-43.54163525632425,-97.96253727641621,-103.4200056268614,-89.81293392536669,-150.0382668996824,-143.727319341829,-74.79237387721318,-144.360169221533,-77.84304671094425,-77.53015668175706,-154.89358054470142,-72.72459165696215,-47.25046115108866,-143.93778957917215,-102.61157670018378,-50.89655236235965,-84.4656271327939,-93.1327470005414,-163.92295466847634,-107.79544263984758,-97.65671473225377,-108.22732334943872,-80.58887100369645,-177.12848296741245,-84.12321075103897,-104.37697912345982,-109.72978990980802,-83.29893649171345,-103.92261791788228,-71.33784836418594,-60.341269601103654,-72.8027845713595,-86.0438515474118,-136.53051195678273,-150.96674204106142,-141.6971353523443,-147.62096186315253,-176.19825900167694,-128.25939067577426,-127.98869965187363,-78.68394852688333,-56.461504982257544,-114.29052449768552,-80.40306154457268,-65.06159250097616,-79.73564679693827,-66.14180286592185,-90.45107370186447,-56.26435403597005,-119.55649617238967,-86.65338593283406,-133.9968403467012,-65.77875389988584,-106.9041689547404,-101.47220015385025,-126.52596373370277,-65.18262424598394,-68.58430041591674,-59.17420213184169,-149.97023407898013,-113.6847409137728,-139.16770220046715,-47.87589165929057,-66.21088730398213,-59.0025797692473,-67.87888345472392,-94.27100566527918,-32.70006385631819,-68.09960720031276,-135.57671624360952,-112.58292787545422,-126.89733806583361,-135.62573606558036,-142.5345646426592,-60.797602580035644,-142.13551701160523,-127.84632817937671,-94.32601924073293,-89.94254946772718,-104.96779180204278,-91.92412747829299,-114.40036221030111,-154.9224546489947,-57.3103801973147,-85.83752620691854,-128.43493594822635,-95.17863379134995,-145.0941033282259,-194.05018569358202,-58.009413206186366,-63.97020836772979,-118.06915242126824,-67.45423991328569,-108.4616875305143,-185.0538440403889,-93.88835154280973,-62.872492079004616,-61.16460974813631
-45.64339055853955,12.189174169205563,-15.11136939433663,-26.813731168210143,-23.707551684376202,-66.19883837901594,-77.40937932874684,-33.491988587284915,-19.38735660494993,-117.25746135513761,-25.475074391218914,1.946708955880059,-23.228002896095063,-78.76191989602782,-8.795417627504243,-52.3283746599102,-60.035715827423566,-28.41977475082879,-43.002765091126335,-28.65393132745812,-41.19027574754415,-48.044529350648695,-58.462173634081886,-34.240579110695755,-54.2447397409106,-71.01828016351904,-40.843422025096345,-88.18906992021631,-87.84290868175081,-11.243652543520408,-20.502379550550472,-42.832261710761784,-33.66428626947875,-46.206609837644095,-25.724127121256064,-26.375090318109912,-82.82632212720245,-62.20899884643561,-103.74479225959514,-141.05583003838942,-63.90938752114145,-95.7642779302021,-32.28939561944979,-38.659712141545185,-38.51525893903951,-8.990172056834986,-32.59057094367735,-24.004485327318374,-12.27802425968737,-73.51442462865796,-23.02594635122635,-20.772782860040216,-46.78544411010451,-63.0628911045715,-52.456352968166534,-47.32293604599846,-82.64049048122395,8.306211261786887,-12.756279100553904,-31.622913866434658,-26.74387655320348,-8.83502581765921,-73.31452333942545,-75.76457638751289,-20.40325828596287,-43.88872392236916,-19.653712987205854,-15.173799286732173,-35.919373904680185,-8.574006078104084,-13.499210822914021,-4.1607928241239955,-74.66604984487223,-57.694537138121426,-62.28802947264704,-73.76180127193,-23.000592603151823,-59.88869715303483,-40.393568890476,-35.01574612510985,-32.727599695193504,-30.937966296740566,-67.25541787671733,-72.37662706165622,-110.62653244032138,-52.82108137940823,7.528789249135848,-46.730085889247654,-35.364741093791295,-14.882003846073754,-65.34142346629984,49.258870708228486,-46.3654390608219,-60.46578763370542,-25.783482687156788,-45.48661517613044,-14.07392488550724,-30.27446268029143,-31.876867574252753,-31.578312435583655
-59.868240675359715,-67.56154804274608,-26.12962408079088,-65.79525719767801,-93.79131728620632,-81.48935792892465,-105.23187519660765,-108.80871580162838,-54.69318230329115,-178.5961888744209,-66.5736442231646,-76.35129033565705,-149.07590964454158,-103.57982796388049,-44.81722845927787,-210.01549218349024,-100.05028676123085,-51.69399946272173,-71.76907960589972,-72.40915054682324,-111.0886221088748,-107.81218583867611,-83.46813691542312,-82.03163211819432,-76.83144586145605,-239.3758861953541,-77.27450648724418,-123.42678120123719,-95.54551912130447,-45.70441363716973,-66.58903294802666,-72.477921874883,-60.74229284703951,-65.00809658778964,-71.88376427404393,-136.67949004115866,-109.59980004905773,-153.93045105112841,-146.20025687588134,-160.72462771299442,-129.14232308272253,-97.78935613717358,-85.69025944828066,-29.290495279273944,-97.99342697404306,-84.17469802891499,-63.68289269987776,-64.61359027002918,-53.14419637741981,-111.7710625580903,-61.510000004111895,-140.22548761455332,-95.30418059300992,-130.40706400078042,-64.98721668000582,-65.79964378493486,-119.39705937370104,-59.39652010108767,-16.3344834800381,-65.77496518042523,-46.68251714317963,-97.86429891318707,-99.00414011461633,-173.36327456231678,-64.89700681361658,-73.85413924310076,-53.12228067672523,-54.70573566218789,-87.0628076269107,-34.042748238704135,-43.75660530962133,-106.01072962548682,-131.86823605982013,-125.1462505765107,-137.8160241846076,-136.89472930800756,-53.744097192731275,-142.93507782808797,-117.61436845715029,-69.12299857979524,-73.6939242271855,-59.09564543525041,-112.44640053155568,-104.96423651328804,-169.67226603746806,-47.63413897941155,-91.05696591139773,-92.91332648015602,-81.2887435437448,-142.93914634237157,-139.46663461652685,-41.362402894784886,-48.841495864376014,-142.0211729578041,-52.12511960494104,-63.55040792047771,-184.08471225176027,-68.55423697139054,-52.668299112574545,-65.87193304456157
-104.31883809469193,-123.03504116493855,-65.13106410235523,-122.38374414258118,-103.15772666956741,-134.201336549039,-134.13919087791123,-128.45869974628695,-78.30762286007703,-132.0118227815883,-54.16217252614239,-99.20084372697592,-166.26604094785108,-118.43864225126102,-44.715142402221105,-120.1040901040082,-119.48312389728548,-68.39324901158022,-98.71782953663329,-72.61695009865257,-105.152295517707,-98.62993099008787,-112.35586120168445,-93.94270692115167,-89.26686500572394,-144.01301959171477,-99.62907515322338,-119.51053679132637,-120.50850423454821,-81.22568226323091,-113.22352010553841,-83.19340666070602,-93.03686051081017,-77.69512633855989,-117.42985102882996,-128.89572478945428,-120.66357337366776,-129.01864294006094,-174.46592435454843,-131.8614760728539,-139.68151384733454,-118.68347226463602,-96.93939491001231,-78.2337907982482,-89.68214787181807,-112.71186764038826,-71.10911317296478,-122.6795771112631,-67.39271482138686,-121.78064808803953,-48.64876242179767,-149.1629090633527,-116.82654427692007,-110.231156182579,-84.58100418923186,-127.24206559028278,-150.43261583842227,-156.47125918718248,-78.03328955927122,-70.93335538222213,-58.36529619106115,-104.65926986520185,-100.60177677312802,-142.22879266647996,-84.56501564972693,-62.21265274963108,-49.712452962790714,-73.25098486923744,-88.08620854565126,-71.25404145453363,-45.471184656825066,-124.27107300003651,-121.92974321385529,-152.20403247665305,-166.64302810725692,-147.67413667219975,-92.26552228634331,-151.51644693970334,-128.826531140142,-118.45842863598229,-89.74043262177446,-106.99547122501664,-117.47575834788239,-143.7564462496002,-186.19739426617917,-86.95929827823224,-93.72407298627724,-77.96845410601807,-109.70860525173964,-134.4027323574533,-129.55852798406448,-76.1620650303221,-60.95254890475397,-103.89412413430935,-72.76712183545686,-89.35686244936674,-131.05482725344947,-115.95038769454871,-74.46795310081214,-79.61516892280964
-103.6479759234473,-129.6234397934892,-47.47539057328852,-121.86673214532115,-114.16310123469913,-100.24589679039865,-117.1624279600804,-108.9771131096446,-75.87979773347301,-164.60243842689653,-62.45767793757538,-95.5977306872012,-181.0730338261951,-90.38771952693102,-57.49130031937442,-143.5101545543624,-94.36754078764226,-56.809589172555434,-85.13383112534734,-88.93984628307118,-128.2548473266047,-111.17066613422503,-98.55953198524163,-96.27369343397638,-72.05467845026423,-162.5415117543177,-82.18641737238626,-112.68520647489783,-116.5417222554871,-118.659056273095,-112.82346021896421,-78.07280706823009,-82.65845386359955,-83.16421881663078,-123.08860602017769,-139.68987880230216,-105.28241267060054,-175.9942514607636,-163.91794612805901,-90.93935327064477,-108.18295347558755,-123.95275849970231,-104.4262800037822,-79.3284188913437,-76.65738557480108,-108.19950270935993,-75.88927187921254,-111.46624692293786,-58.88353496394232,-118.03630488195991,-51.29701090095306,-159.9442366451883,-124.51164256163946,-108.35860522666069,-88.17501520356552,-119.32466733939921,-130.54764293042368,-150.46215400245683,-54.255239737794064,-71.65698173939812,-60.60190583726809,-99.10598310874528,-84.1752677596008,-127.32768885820852,-73.95593578028867,-62.414320999766865,-37.08865948087318,-74.44715593740536,-95.0146087749934,-64.86485080516859,-53.22033082993505,-131.57608073184647,-124.61218902410042,-167.5965036050154,-145.72632528565484,-122.85057901735532,-81.34827434314501,-135.63921682679825,-137.35607800602148,-102.14127450633038,-72.45861362553818,-116.55855513655978,-136.77794092776014,-130.7720484240137,-173.33115342016256,-82.33617002425599,-89.76134000957164,-79.23714966802224,-78.6975734104787,-144.22920407310872,-122.10851641990861,-99.1436991370003,-68.82832044252042,-113.29122931761162,-69.53683027256338,-102.40542119473288,-150.90497237274607,-100.9173523628693,-63.07837716083378,-65.01847569703449
28.252424783594844,33.376504503264584,17.167048252458184,31.558817156631378,21.270728499412364,6.147756585579841,23.671264624277534,30.44054328083494,29.486822587685122,28.75557993659182,20.936878556684622,21.642957038674613,20.594536944587734,20.284481260371958,14.326180002682134,25.373469008327344,25.581205945901264,21.459050052611534,19.078472929279098,24.05981758592357,33.12089188458612,14.804742333666239,22.86434109641154,29.533465935995068,18.833689502272208,0.9590086367451883,27.175983350055247,13.147382822305854,24.582497761436446,23.396534756765064,36.51290255822374,19.45694774723429,16.801647543797717,17.902478756735533,26.12405189354553,12.93064823379522,32.202244308166804,36.84545014555229,19.6633046982119,20.64660892715125,22.132162647989386,45.955636841025715,33.41826676696487,26.766816938310328,27.874463837431264,13.098603335951111,18.316537922506424,23.62328806781186,16.108151132208402,16.15010305161261,12.174555284110577,49.838144544077586,10.445122244209001,32.19131733082419,16.715338244869475,31.598056375587834,28.559707603540318,29.325613988199372,38.41545993524276,23.37897105773861,15.53588924341944,27.989778293833503,20.489634168247303,30.01228189065083,13.783112898732963,19.55604514887418,15.729252999884798,28.71553588502143,11.938167056440326,25.061929878386422,22.54950745145744,27.28655887914569,11.895125935457568,46.946090587156,20.388431877557455,13.243945995277894,27.3095180317428,21.29404871049466,32.55536239057566,26.34563775452168,15.597093666124923,25.878482814684087,27.9794768406509,31.068615817340117,27.409540946543483,18.008414552814852,13.279266384767963,30.367615184811548,16.21568400637085,24.384158079160485,36.12239499636158,32.73845303433785,13.117502398985849,11.272909640252776,22.57500299999664,18.00330107084475,29.43870333191735,27.68768210944783,17.7621752330016,17.41016366008032
23.939468949705827,24.49751396760774,14.229735229495907,27.84668722821446,21.584527975659352,20.396857907695072,24.898211704545137,30.126603381383152,19.783245488557082,24.811584607326807,15.913462394515344,22.60665515989725,26.405784984986163,25.457583104424693,12.96786836798509,24.85523652206935,23.299113198675045,15.648326057524892,20.32273257156133,20.208000684167143,23.45766822996243,21.209066890369122,21.739454376913663,25.000123771914172,17.87760241328537,26.462833741660404,23.611709448416686,23.32997891478298,26.455761990120234,23.78679483260732,26.147105864697917,18.83116536564833,18.566516080818513,18.339904675249127,25.801761577608367,26.177018202413937,25.195571158413102,29.960426627843898,29.486007473133824,21.998068000892584,20.802594552607008,34.16145329144421,17.962162948923872,20.940773745761266,23.7574361101462,24.5987154780821,15.296585448821581,23.000991219561506,12.978521071281044,27.286288413426966,12.0348902839419,23.516210897357023,22.698516628819014,23.281382705708022,19.109692239425687,24.155908074576253,27.505395400793585,31.387273569979353,19.419244054249933,19.656945905146443,12.945212976904946,25.11742484462348,18.174456122948094,25.434433269851276,12.735547402024318,13.75720493461932,10.752615688755103,18.149250248986128,19.57872102244262,14.038209272864695,17.94347034594836,21.666587671432147,22.015567753119363,33.382288380411005,25.653834494843842,24.150123812936094,21.274590585888433,23.972715689722406,25.00734029051024,23.13131443887426,21.512553372031444,25.717585986563655,16.251329825333155,28.828262505019776,27.86215732693844,21.147235916977166,14.815683579626883,23.01525667267568,17.62958420917369,27.239324080059262,29.38016685568043,27.163172742258425,16.714338108633594,21.859688943522947,17.721827698510427,21.47466706269783,26.66433164693188,25.736352459419884,18.89652208954461,13.883281153235407
36.074695135472346,75.90198293482423,32.322893320097954,52.92486911302391,34.51948019319316,11.808540653505428,48.7372566451363,69.26608315253547,45.984011627710984,46.643045438221854,44.008179885723365,64.27796958753218,61.55617420198555,54.857384974781134,17.296727531023596,108.67510307793728,52.87894476440815,35.82918447024621,37.63186443195059,38.33323057489311,51.31383852246069,55.913962756751225,46.71368849856146,29.839480453885294,60.55520976279617,65.62500009304888,41.20211403423623,34.82079049787465,29.340720356167175,35.151649773011904,59.34262784670475,39.25576947783663,38.17963087744285,27.902701398416852,53.25601614467167,29.01265249459902,33.225235349396655,86.33759207330611,63.680433668333364,38.56097220038905,66.17325191785255,93.48737850934617,49.48754417184691,39.25325431113885,60.56723514542008,15.332372560516513,29.627316516171458,30.415191924095964,17.914329522055617,60.563446282047444,24.031415801409043,100.91638905601192,34.74185445955016,37.17163844814302,37.190409282835056,13.257003243254147,71.19988901657268,37.58290120483244,28.85874420102576,45.08518779948064,11.655239285112252,75.70277698143455,44.32794803693778,103.30750511048511,36.31420786521319,45.89112831092911,24.597713714813583,40.72032605758131,24.27103979474961,34.23718813783093,23.337766795417227,51.15168377191322,34.38933008600976,84.9057718312822,36.34495838607106,32.92295405818721,42.35492298716294,81.33508609626546,63.53018402739575,29.763118004367463,64.43901138670661,26.380045392701312,63.34356894657361,40.20525244446622,92.15302882037423,38.69396787355283,76.67300379348765,54.197113330642765,30.65137968989472,47.51153481221507,55.765232317705845,93.80716724673168,20.328279455665875,51.0752730653989,33.64412931295929,29.325416977534562,68.74728586735755,44.07417700245598,44.068595611220196,36.4503701260696
-82.5369144357478,-94.56269085406716,-45.8117979020684,-99.74465988139427,-69.98131342555489,-71.24093974157051,-97.62271194662726,-91.59949368249269,-43.29419425439434,-75.57669985519084,-52.275310198734616,-84.89394354334183,-158.44959870129892,-102.75082513425792,-12.026854240075117,-138.57122257579084,-89.20395880950457,-36.20482233951636,-56.43859202939597,-20.644293622851958,-96.61439649771172,-91.59324550484696,-79.19970050845059,-65.29091312754603,-95.54985478145083,-130.8554086265322,-53.455512749243844,-96.67355946710498,-103.39814866545107,-105.70922545785258,-70.35884550003378,-54.65226548140852,-54.902084334833475,-52.689670668978906,-101.98748797988597,-74.73832660167007,-132.85799992485775,-129.64621734796444,-125.02618020674271,-181.17665344255124,-113.55278057792124,-119.6882733912879,-115.43606953749173,-70.63752196761658,-95.6640120545722,-124.21464604964812,-62.40039878083604,-58.58785015345255,-33.09074157727072,-142.15558818522126,-34.663647235831355,-136.78950150706908,-52.67947670964557,-77.50363821982559,-50.262380215415256,-75.32783202478586,-111.34159401070856,-95.5442445754269,-64.55738283461406,-52.71756388787712,-47.831215319807605,-107.07978556062267,-85.4451302168894,-70.5482280755687,-45.38558284942749,-48.87461799203533,-31.921176709836363,-45.43428368459682,-91.12837658052337,-39.22527188538987,-27.091508715481424,-78.16799038125524,-83.6618590660915,-88.92445259386088,-108.53857535720493,-95.66452799251523,-56.96422165721882,-123.3907799357424,-112.26622624246218,-108.61920067233461,-40.30711805518788,-87.70178899414793,-89.48442341206867,-78.06198731989812,-121.65774281051118,-90.09735647478018,-88.92589825866219,-62.72518641158399,-77.75930546602656,-117.78196028412303,-102.75760962038635,-88.33646446887091,-47.184993390071895,-77.9409480442434,-57.10575347994823,-62.97712655336466,-131.7036096082836,-64.55799429370866,-59.86892142031574,-43.867010345892126
46.22265379463059,192.41556100671656,62.679841351397556,83.55644757985569,144.93305753294004,35.194734709063255,99.62326007342796,175.96328654844808,112.40399591770226,147.1799837796715,69.34325510558938,146.43583772768133,141.52537728109468,62.09210329336462,89.00473996662446,200.64426136853413,95.68385699921751,48.399825584654,65.41093475461605,111.53188904566214,109.33209571295782,-18.17121395922299,50.51129214473815,63.31664366736592,33.707993557307084,164.9965847690668,66.55301086548822,84.84809430985574,49.58785779670985,150.58336722507883,109.29536084769234,141.13524562045157,56.83277195047954,137.00855484679028,89.36739131362445,34.97200603815045,30.73954180346389,236.53566627498648,105.2530094900648,31.722251316723337,81.53707905212828,221.21376625356245,102.91115379462356,46.5232690347744,68.6003856084175,130.97774061845084,20.1930965681617,68.6626845815796,25.019120805657224,83.86747736012498,33.15688602551974,144.21560134096805,84.12467609083734,93.46732310956956,63.78664485361062,112.26251460482769,102.28865053399475,162.53594693375592,63.39164317080303,138.6162410253457,67.54863012128621,124.07223081098574,21.957413868463586,177.77914108582004,66.85417526624231,54.88179167795326,14.897840966917109,88.39540276938179,76.15459892215469,46.4567359650064,96.39473756237906,148.0791152566747,-8.751677873665615,173.79422779944588,142.25954184425618,90.1479971237991,61.07600843192996,39.51874974688421,96.93098280911582,42.30811521254818,69.8163716008489,138.6069974316321,118.90826869941243,64.60483183319234,73.95896520933435,37.942493372004485,62.86217728556646,109.02385441804124,-10.695175507590731,-1.9954205929120568,93.45322765339537,206.21784785393072,86.73284325261935,50.84955351030175,32.93583467696336,170.39983583580778,118.92446485114667,73.65841925871399,85.25613933458806,31.486791698856344
87.50153600769751,94.26251533400429,33.45712292623631,113.81858152432658,72.05283541139553,81.29556282853017,102.05542886670183,82.9167294352848,61.222459050552054,101.68004330992314,48.67213758769916,74.3333474656175,110.95152395352602,90.45648970917486,43.47812971274271,55.05691275754899,70.93289879414851,47.29933098768151,54.609829881491,66.23858555713944,116.18677816164137,86.60045663375037,68.97987911278783,81.73799968187765,54.07618772389666,70.20422679414675,72.77646295663574,70.87992478259851,84.86523899530998,93.22640087724095,91.50914250539464,52.990469041220834,55.17777673773227,50.44408129018835,83.00924746287602,117.62860173509108,76.5328680708659,80.93907375057407,115.35538284544869,64.8952494559477,81.5181893507063,97.36755127271223,47.31397715184088,62.09625179163758,64.35724989069189,73.04739479154956,37.21579499721885,98.33418811137786,47.943542406579105,84.55406362229259,39.49850282225375,78.41583895505038,74.27752797583521,76.40397782084236,66.74991790103957,98.04881117858119,101.01359365687465,129.49990039931623,64.04371318659685,57.097926785684315,41.41341401207276,85.76023441945412,59.63145904665631,95.65911008659067,52.01416214761061,36.179676639103825,29.535922212055123,67.00686252529522,63.792991376792344,51.11197252304376,48.055686471289036,90.1370886538516,91.7063313869628,100.62558865338947,91.34038103659535,75.37580125532622,68.4625148872264,96.80460595173176,97.72017979360224,81.64697912839867,76.42084444170979,107.81465035072267,56.19349834761151,107.14686360376032,108.66185687131588,74.30405273657071,79.44538458763863,63.21881859041814,66.64557124772315,89.99891135595072,84.70693822260952,66.09125084238619,53.644982826815216,79.56270960023129,63.58133107752778,61.053829259828454,117.52629727140219,88.8482629623139,42.87578808287396,46.542882786914525
-31.178004805324417,30.063740306938158,-0.5239353713022846,-60.343812051714224,-1.6456024821275628,-9.612198589010655,-32.14148137924744,-37.79805822580729,9.69631561588592,90.65338036796379,-1.6984184330784498,-12.570537792941762,10.92760141170269,-16.20592768601165,32.63668668219008,2.4295874945146525,-22.852408535833312,0.6470143756764917,-6.23265596686987,12.381168262044865,-31.095954045109753,-38.762464792650874,-38.32914434024441,-26.216079107061105,-61.53507477712991,1.6581744240677396,-35.55905078427548,-15.716074536157187,-22.9767570484065,-6.76564353670005,-12.843634828354203,3.967657241505749,-15.909441785958812,22.320684857149512,-68.26038438820434,16.829322192872237,-51.33941446032503,23.69172560349274,-48.316708539145644,-28.17504864967056,-57.220536068246034,-42.431986761002186,-14.307124672914288,-38.534989811806796,-59.714982903502765,16.280020954574127,-11.081688877859321,-35.91908613858547,2.7500686477548757,-66.5997265371365,-11.86226286448511,-51.32442684199152,-24.129872866840735,-8.432212093010438,4.7407453012971965,-16.940648599995868,-67.58296972598869,-14.404532140243798,-33.74267667006554,-3.500643923391662,16.071944459808833,-11.34546692649536,-37.57465142083158,-31.69668447758168,14.062987825526024,-13.043333088880921,-15.140792785401901,19.58751990070742,-3.913531968048958,-34.761559554196225,-7.8452442258683055,-23.559936369378754,-9.74671528097095,56.21482108489299,18.798536276716852,-12.21845691736784,-51.19058347132462,-58.76197644560478,-45.37858240107179,-20.084798971960424,-44.08676193413544,7.282382323545224,21.388147250130004,-45.213808402977286,-60.89316067874733,-67.1247416066287,7.918250946218962,-13.440585364837933,-43.01367644153698,-102.1933320840289,-65.4891035570467,-10.946522225904104,2.0065013790653374,-34.897438952415776,-35.34901239012768,36.14301314236266,-33.777249245498695,-14.707022057394036,-22.51938770587434,-11.38646857842465
-37.08322872493173,-38.68919497552994,-20.430374127162224,-38.793678468985675,-30.643648336806574,-35.24870016484519,-35.911787993460926,-42.673895093202475,-27.12539725332738,-41.76043338109912,-20.81184103169007,-27.70967161121353,-46.177891276688726,-37.623976274849575,-11.752180137399167,-47.63411481847139,-35.3209299057428,-19.755445053991423,-32.606090193546606,-23.43695131689184,-38.24715114230721,-31.996611669772598,-34.62339077940698,-34.69547452439423,-32.4696072455421,-42.34942860816293,-30.215339813437588,-33.737042725499215,-40.51053469154417,-29.821017123043184,-36.774156844412886,-22.407681700894162,-26.7277358706481,-23.148919404716743,-38.851536811118436,-40.6055622779966,-46.111540098115434,-48.79273506474588,-46.472119419676176,-43.1945686856804,-37.030525673499675,-39.80102231557807,-31.436064327547843,-30.917728971687104,-37.149692790417994,-31.309954854964403,-25.920136154632704,-31.872562449869168,-22.807411293397987,-32.88637460590715,-15.977103063701474,-44.6412758512204,-36.018043176689886,-37.904906652484165,-27.65588953197463,-35.08672003529176,-44.12360797869018,-39.0898859942358,-27.28938058195367,-22.351196963792535,-18.678788036472824,-37.74118976145004,-32.590158228115435,-39.12231864630245,-22.119460384506105,-22.08524729618862,-17.135058615125587,-24.97400129072542,-25.23748584867099,-20.882154186133093,-17.8175984965021,-33.17785569326653,-36.805735097715555,-44.522647252537006,-40.47182860205574,-38.37973731282183,-31.481160554774835,-50.683299741810316,-42.241707833037665,-42.198371605423254,-29.16230852500225,-34.7138020809298,-26.070178238631524,-42.92490630243074,-45.294817991871255,-31.901438456350256,-25.335600366596015,-26.915784558287143,-35.22345124351528,-45.506550923390776,-44.976403769690435,-34.69641696763569,-22.423873106643825,-35.80571982981734,-24.819247114547615,-31.074797124165592,-51.096179396292044,-38.34041722087175,-25.60701266120531,-22.192261046760695
-99.46806934081154,-97.10600374881346,-51.57141517313268,-117.54159259210445,-85.84594496535372,-98.90919770651116,-112.00538956567821,-120.55133676416452,-73.1268216145516,-130.00923664065962,-51.620127476899114,-92.00307799839452,-143.97256376843418,-101.39233677212053,-36.91448213491861,-146.94829133893347,-86.92618884512024,-48.610163948226045,-74.47553342652374,-59.25346543120693,-127.4776616965764,-111.48794652591597,-78.62973875312345,-90.87003233874016,-81.63472210165695,-115.25829492325155,-68.97375925835945,-91.41246312181109,-113.04241310484846,-91.70965299669257,-98.60652741746642,-75.91003475594444,-72.11347475465269,-71.38441386183793,-105.76628694899752,-127.1575346127927,-132.967109796833,-150.75480583184722,-128.8263814300688,-111.18169371125839,-109.11126999843235,-113.89263270025081,-101.29138231808673,-74.87203893165795,-90.55266372362742,-89.54045942271298,-63.66263240617789,-75.83098600357081,-53.19770959644763,-112.92142623848815,-44.4483745365999,-128.8399646777246,-109.87767829679682,-97.84396674104593,-62.50150455379123,-83.03080256279227,-125.16876385915302,-111.11927476206515,-63.11001562125714,-61.49388990916996,-33.723320834439946,-102.97856283278419,-100.6948034708297,-116.68625601740457,-70.25821259959456,-50.392681724881044,-39.156875097145345,-54.69679039338013,-92.65608511416792,-48.78190399762308,-49.38533276408678,-98.21669559217698,-109.60850096488909,-114.7611679776758,-107.26126290430928,-113.56466057198779,-80.76714466672757,-146.0412196936256,-123.98339715852427,-108.67309608454924,-75.27565856284286,-95.05732530465583,-103.1899238496759,-122.41117711871055,-130.6128902371242,-90.10892431215402,-95.93795892512253,-79.75649442934684,-91.71558843971462,-121.08559620050372,-116.02170954691559,-90.45365175707447,-57.84481115901439,-98.17048020998962,-61.84956815126355,-83.38586543777161,-134.13332413385268,-90.30199724664325,-75.10443162043299,-55.22417644627987
-50.632041813547275,-128.49716009204982,-34.18987866225031,-101.13688831043676,-95.7689416701485,-103.45476896143307,-143.20971190814112,-91.35663511176257,-63.84341342829285,-81.5445789342361,-61.90324660520152,-63.66637887618716,-152.58660517752872,-42.09585780417479,-42.71443194997971,-124.8004125718853,-99.84494265467727,-18.054011763755557,-81.18717960264875,-102.41028126644403,-162.73950280165704,2.3327959959564453,-99.05954335427973,-86.62935332900439,-56.74615233734693,-150.95726113358643,-60.14488239785307,-107.99293007171009,-79.7286466155007,-89.99966784570904,-87.98702202977233,-63.07711564445009,-51.39206027018576,-62.25012157301126,-142.5015506409288,-93.4845531701552,-46.71406619955234,-104.00228170606677,-125.15896054811698,-82.32426254424426,-112.1713233770927,-96.28144052501601,-59.93118583044866,-90.09035671967968,-112.29924735304932,-90.50956422192853,-36.216390228135246,-88.80131428788366,-52.15292149711555,-17.606298590468114,-34.501981049073834,-104.53944814157833,-113.23343495467779,-96.5434699239579,-68.9121735478582,-145.41906269172856,-161.7358262692168,-173.21327851053974,-49.44204599323602,-74.70748229149157,-70.26560171042402,-70.89051284745585,-49.97579619832942,-114.68330002173049,-23.699543574842888,-45.96016122451403,-21.42111660328342,-63.38924924950025,-57.182270262272894,-64.49459142581993,-50.472596971758186,-114.49846051098947,-54.677408981754304,-161.19276017464534,-126.37989006510865,-86.39451706743877,-61.31274027580087,-116.28042712685395,-102.02975958230604,-99.44880287753521,-72.20135199747291,-89.4017552268128,-55.55921421460176,-104.5674522959081,-116.2330731442747,-62.97281555281933,-48.041937938987665,-46.361640485678635,-91.28009262336201,-79.10720042758179,-116.21719551561918,-110.67955786651082,-52.015506335722584,-46.825054522551525,-59.40847145284565,-110.93288148028944,-126.09767625567669,-86.02417315936798,-49.70434313361413,-35.06878244207806
-60.07822668131997,-55.541275988211304,14.371015164042324,-44.562792247776244,-33.267059356527334,32.75113277684162,-54.125217560775965,-37.42706655531465,-46.77330381207011,-69.58072478755024,39.820568680417146,35.11474528187181,-76.47206757101985,-1.9352990846360452,36.58835221543826,-12.597349102307733,20.319804760385924,28.94425106551962,8.553998140524122,4.119033067212044,-74.21352219732944,-46.44145839305494,-19.760843028478842,34.76431704428171,-70.4282263599668,11.919641457818617,9.129929627336105,9.39020154021349,-6.072257637081481,-68.30261779892913,-24.94850596395111,1.3062725563753348,-33.72454597973923,5.0982586302124835,-39.36511140070492,-53.2007644694631,-66.6297167517253,-141.41552524521515,-68.8970150156132,-33.44806679696549,-61.7656076902289,-33.296540054568794,-69.10349711703437,-17.362002858113712,-76.82943517537548,-3.1614733295800326,9.235491035857919,-15.410166012681948,-16.848002897934254,-5.324864460784878,3.2095566711352097,-71.64206801646226,-40.39803652451738,-10.189048544307017,17.78956786151401,-60.89187119651981,-75.48745957595385,-83.20778647016097,-31.881776682887875,-7.292646654740894,23.421179868043144,-16.8332792057663,16.95775521115682,-101.40943101884704,-33.32569698227934,-7.882205818244962,2.2733396737301406,10.167932424990635,32.52626477064579,-23.273870693068893,0.13020411122678252,-54.57476131880021,57.60758518929575,127.10167963779857,28.627202172792,-14.326112631295857,-61.46638958604628,-60.639128880498944,-21.25293704398625,-22.192172416813797,-70.68835672217243,-31.482465143053968,22.818435339574112,-29.20612399217448,22.18546711709254,-41.49129506933367,28.503057376440584,3.2778025817052026,5.56263859206741,-90.55721468836263,-7.029660946489554,-95.19401507339757,-9.338615169474949,-37.00040297369918,-17.30446884876215,-36.70075709032405,-117.18699343476005,-27.52980564936034,-51.19050644057937,-3.3328215320410144
55.83945663141587,13.125536234637325,25.17846559464523,32.53083215772915,60.1813809974,40.472799176193114,38.409846212953155,-21.78265924977777,26.96097940946504,21.84917852763647,-0.8453713974232694,-10.992081776316743,15.481140910409062,25.769949272066324,34.47896342483003,-64.2243669341179,33.42179267624176,42.84734658831704,43.073317157531235,42.68034065725045,44.338112146706955,9.975614978145293,56.10549594335265,54.96534043045843,34.62142930345996,-4.63922748210959,53.70325841847548,27.99442222716188,39.75308778064013,49.77391234799749,48.526782599292666,37.33377425997849,54.07393042920206,37.41273713440383,26.682430652425907,50.34443523178085,42.708892661940446,8.701699176359067,49.06254493698979,21.51551707534825,-18.924655689117717,31.838410245331264,-11.910458186363993,45.8375592951148,26.878809376504716,20.04917093763493,39.18720348319909,53.52090737898305,48.15117333320466,-10.881396467713158,35.680277867540184,49.210418699269695,43.038419025433015,50.34437670325246,31.91917587072126,100.88414634319068,26.447359053897422,33.064686149747104,95.42135344930577,14.502826892294859,43.90931145605153,1.3668471061723206,24.87454883801012,26.24273767133267,27.060281054144678,32.05371552333546,44.55864196612945,64.44308342205522,53.261252108189346,46.98950048169564,53.12510076323905,53.30877064108693,42.918926120900615,105.69836232775279,49.12861396423508,48.575601021402605,57.46125939978578,38.93424832095076,-0.3232722577930774,31.64885024206129,53.67963972260633,36.04239093344434,3.7917259926884435,50.8769979397773,54.6413692085511,21.618708296445387,26.950476089489264,41.470885814601175,11.65429912935922,24.85386290717705,39.585607843587745,-30.153781722527537,28.427528816433398,12.38942676382338,32.49995614709529,30.702262952578057,-1.8495159272794313,36.262409639569086,35.48637681567372,57.45416606289749
47.58500402652162,59.66039371995503,28.47128092539674,58.124596658488144,40.09296427663557,57.604472579842536,50.88145702479179,61.18059518254301,37.728830860193966,62.296699630175574,30.627791751260283,46.37967409895337,60.69650658905222,55.705946232130316,27.773494508524376,65.95187363943012,52.39602261612327,30.881101504226418,38.79960775491464,33.21813064897797,52.192530042024735,44.67781941577734,42.233841692042276,53.954305801030436,32.98915585599142,55.707745040116315,46.1227703280818,44.694190515511465,55.542658709755045,44.30878780983991,47.48768228241463,38.39463670516397,34.91325345407979,34.54412824548796,44.62273500383411,55.267551001097175,62.44110281811644,51.312638550234965,64.28258816192799,51.7309472053894,48.19425354640882,61.465266412665926,38.95534706370304,35.31250413758475,42.84460991676935,44.444228960065814,32.86466758392981,46.97145640557266,27.377761817492836,57.99094901608465,21.068622504137387,51.413430335104835,42.85461845514701,53.77177750878945,37.46249685965166,55.36775563406473,62.47761958008026,58.02438163715656,40.99834366962008,30.60811784163306,27.351676754649052,52.00442163888835,46.41526056496877,52.4542172266798,30.581422938956663,25.566754119854494,22.867126364883976,38.69540860257246,45.335723810072054,28.752512854614196,27.69418878631674,51.44797377633151,56.38876838098228,72.22364063608568,69.54952707688457,54.22916665345025,40.624002524479295,58.67519445748764,60.29528525558994,52.59903963474029,38.92017013369852,49.663000010006755,47.80509237833366,61.61864666291613,80.28697808080524,43.216715392393525,45.22485949298312,36.372551720247465,47.38283448124102,60.92106512997849,60.98493939775719,33.90467966351554,29.90328249868918,39.11368406423529,32.10126862859219,38.40323756815664,62.290671503050476,50.16881705843363,29.42463746760762,31.034508103316423
55.79111149365474,57.89545627681088,37.02790998178647,61.562639318021986,51.596387071119466,65.44062343449589,52.20072318177365,71.49866463442687,45.46737114563512,84.68605462649681,35.28293457085772,48.466942000233715,68.22655712626928,73.2486504586494,25.50673983208898,67.45941964469492,51.49363866171322,24.642067867954797,50.55395774516276,32.72692668680166,64.67256644414499,61.20583242132498,51.385186254179686,56.45497092127159,45.33132250200145,64.75133605273562,47.66244955615693,61.30914541407122,72.62877325069375,46.85496405973058,51.77450865713547,43.11465550721262,43.35632174823839,41.26486802668514,59.625544524762766,74.09244787055208,86.22129701467362,70.57940972600797,75.03704044876092,70.2075810497401,59.472802642817406,71.79141545760127,44.34607425422057,45.26274688613046,45.9968350251321,53.27379111362621,48.136712513739624,41.03987894266535,29.254360904476467,66.42812235375696,23.073889682603152,58.913196091476145,55.41339416217751,60.201690304609436,43.60684083796395,45.84117286186204,65.4355362223195,58.32116236774218,38.75999773400697,30.560847018068536,26.065360677548057,53.75700838421677,65.07248011465516,48.25178030459831,45.1116866942128,31.0321202018093,24.360717211664195,34.01601967313759,43.00989098842717,26.08224850271223,23.39923843867157,54.913360909424775,76.478887761137,84.94669590241337,78.55925726488802,65.65677516248878,41.786612070720594,71.92523715422524,64.78290520765275,63.00059650544864,47.44382581397126,59.58007165259514,52.30244493794745,69.50528691039985,69.16587058534785,56.50630998495066,49.82256774511117,39.52040730724097,47.32715986684679,80.97305187491298,75.59044173664299,37.62223040424874,36.90788443866021,59.40811982696958,32.283903367586625,49.580915834918336,66.71546825516137,55.51150161328939,40.33937183817713,38.43681889225771
39.727064217687555,49.21610727853107,27.622414325159017,46.97737094084515,39.56584527594877,51.55941083373255,44.1029886518508,51.94070112251955,34.82948687696301,63.546393008100786,20.45473952496415,44.72169772960178,68.40596356265885,42.522691375757255,18.618615080922016,52.059549917779314,52.583992909271856,26.014957896411268,43.38297236239834,33.317831837402416,45.48438114005579,35.38665258129386,42.94595254894902,39.7422002182671,36.867595373829424,68.14723407111786,36.88746952605141,51.143827443988464,56.805404090635655,41.315305793580855,42.27504484000364,36.29982730484884,32.676068298881674,31.820848106039925,52.05304115050634,53.39654057610214,58.61795037144753,56.09653880306416,59.954436854107996,49.89538902299817,47.58114904491699,54.86146424416155,51.72490205247224,39.443814253958934,42.068729403200464,48.22878112116056,36.548161519404005,35.61375814428891,28.0316084170368,46.75055803565262,17.75867615610909,65.18025796011426,47.951581259220255,51.83700437728542,34.44504091330529,48.76944114901881,65.86566589050513,49.46563110919968,32.52628757134769,22.559276361244308,28.495620668375505,36.98394040378673,42.82837384169207,47.00654857970392,33.67373340487572,26.829650369392173,21.313956771226724,32.47951879236587,37.024742505557086,28.205556080480243,17.12865459802047,37.3980873719291,52.75652913700229,80.74976840497168,71.29522244266171,43.279334710464056,36.42473157623792,61.375348741642235,50.02048228076294,49.09307738444026,35.21661909016346,39.389814150471665,51.3408892284814,54.30244207282173,64.07820917487936,39.18323839245494,28.24361535630324,27.44434990179343,40.629448857149384,55.63362804340047,55.059104355197825,30.224212532282092,25.55420894058179,37.90084082466586,26.03829892613326,41.61559624626324,49.181788272656384,45.35563029958558,29.584222614135538,31.901311666363142
60.21161285157018,71.64199626796999,32.515894174669334,79.52728766600333,57.60333578017042,63.269707003109524,77.82498083681287,76.02339799046469,39.79237585348386,99.67895181869319,38.89476918257278,40.54013859323396,100.45245322691383,63.314372499371046,23.971350218883394,62.224265004066496,57.62634629520375,26.215942237292833,54.637827225009886,48.38516534241765,79.89545723892115,57.67565654087523,59.011092701412394,71.36950416707187,53.769613205127946,74.28915231316971,52.00914408979581,65.04390811211151,78.46880186577772,65.23627360288118,65.63147709746046,30.422430596446482,39.315527546421485,46.379972859599704,77.98788574531578,89.1355310602475,81.36079911141849,78.40981166725615,101.7453917173595,97.45819022442474,80.2324473443899,61.9100462083503,59.35219984870476,40.67422899435369,68.68296695050336,68.26452126304513,49.20232403974243,61.52347762522312,38.32211476252486,61.627978452582624,26.19885946399014,79.7911824510241,59.59180207887477,74.08550319646471,37.2185002401359,84.2053906886368,69.91145320567311,84.3776611881053,52.51148830977757,38.99882813177199,27.503259111693964,74.35569581123646,62.914480631556785,72.6538641478096,30.381734660835104,31.080214138804063,34.53365505865202,35.79231203104827,55.39618209811721,37.886426457939066,27.332985067781806,77.91759375675687,67.01094014680196,67.56847650711397,89.41684163162289,76.81125027557216,47.48051821794967,87.10432054103426,68.4450467614155,82.64294333450167,46.23485398549109,73.68041174077723,62.57326758590742,83.30292754681153,75.50128644810992,54.10459369747444,50.13622993723498,51.997149401345176,57.65737419446353,92.07934762893592,95.00688819968066,43.56292835855215,31.900366183865856,47.04120947015788,48.27003128224364,55.896648935638176,100.33870456348723,61.5915380858983,25.203182255911447,42.27885929865792
42.51720222468347,55.06776029465107,25.449781472222917,46.21917903515335,34.30208204416587,46.37931965985665,38.82092384088512,60.25871719083496,39.41847334774863,71.92628660801971,30.501875949312755,61.808701606489954,62.64967055245175,47.449919980855036,15.37813931089709,101.05111549010641,50.48097370859854,20.862261744913194,36.03562023109617,38.72830943431111,52.54156725017443,54.87370503755235,48.94083820455082,26.954083517529774,42.951940164005144,101.14736831593869,37.78783897054864,55.160773644026456,59.25565975215001,54.58931231162618,32.86414454220333,50.296361884650636,33.29249881087557,32.779971741462944,58.120272659637756,67.03564379475068,49.867119706631314,77.93412136855504,63.20620109420434,44.33531044553792,52.14414760781122,79.51741099145127,53.11416864092789,46.31854058115063,41.422071966716054,45.534503411995175,33.890572601815194,30.290432854292828,6.691550567246804,85.7815891957842,18.845404013776633,58.036200776441326,69.86367291487092,38.50403605061479,46.59484662502513,20.114817671197862,78.52347782805504,30.67452634230443,12.91875056938189,22.830318051924586,16.925845352047464,31.268375585719127,45.39229162111612,56.93953899770404,41.67156810661344,29.698828822111217,11.313805866178411,22.763510573977932,39.93424788593466,21.154781352456997,7.86325856370619,27.48337699098295,46.606513100197084,74.91366401657915,77.76584226044706,39.52781527442549,27.94645552930294,65.3722627857842,52.17876278175376,36.79793371788411,41.729505971105056,44.67138890807713,57.28612186193754,37.66430197556332,70.27004325052903,51.035114819258666,33.56267889613105,35.93982360965829,26.16338017857215,83.62896149582187,42.37198900159092,73.12549903764949,23.245183563900955,57.99691988378839,18.41631230226668,54.893091554477145,49.406579595637886,35.605933004217945,32.27607476641763,26.83817889142134
-20.766693264571995,-101.92214433878065,-30.851415019407828,-25.038541174784246,-49.24494177749568,-52.99311826649646,-42.37786026806452,-19.217098883550555,-45.03625387372058,-75.99534895017548,-16.40273755446083,-91.73185038023617,-22.975201709184795,-22.745916782038694,-63.11251734799749,-84.66150751439405,-52.01592348627591,-56.513314285080675,-25.73885739396403,-52.49653672875493,-55.729438094561864,-23.002989608322242,3.913006164137256,-26.085026640149774,34.74219076898126,-14.813616640136269,-41.52926878313956,-22.704553367328177,-10.752372981659692,-44.55941392548214,-36.51418881576575,-114.75961681782063,-4.6600104868583765,-46.05167980974549,0.2884185459222499,28.827011895104288,-14.690201348614332,-56.323746339772086,-19.312241279878574,-9.562161300590157,-24.401924144475988,-93.96867151517598,-56.55863477123654,-5.15140249219594,8.8881341998203,-47.823068522109125,-10.303364500829014,-42.1636405583353,-57.53850039250244,10.756255300850272,-25.11156181237547,-111.80105204863793,-17.91232700737758,-46.95936945823543,-35.96615126454297,-77.24287888122029,-72.1000978446986,-94.30937766423074,-55.626394390292056,-107.71388927588596,-99.33519769460894,-65.94481026652055,17.671187171831473,-63.05580953477526,-22.676670911896743,-18.591770982611077,-5.9432397780718995,-125.10230717942767,-87.2140306689139,-17.010937498639244,-49.41188079842811,-41.9548991039585,18.792381264534672,-204.39160809122023,-89.98302325956936,-23.17335233639695,-16.67492320130739,20.02678279981291,-58.93699630614127,-25.32530511204224,-14.167485425762491,-82.9409578336069,-84.28016608844912,-20.82136476555623,-97.48337356762211,30.187536068368814,-68.52115709130071,-40.84122457092692,-3.208055850253711,59.155125425410255,6.139204909933386,-55.67104457382377,-19.86931238592411,2.6292942440002203,-9.126112745861775,-44.06815972980691,-22.408228612840322,-27.174162530835854,-14.901404609141647,-14.732192497967304
-121.01381773727257,-53.60829585465932,-32.045523240552086,-49.74613258791202,-47.3886183896556,-83.62556349702449,-27.279493411098205,-162.90286784371762,-40.82754469015943,-191.46493644554613,-45.48535849703759,-24.072632259942427,-108.65668164863573,-160.96872541844044,-53.92029298841004,-34.33473020118376,-15.51187501055246,2.212328463085468,-73.81753950579291,-24.414524769708862,-101.52939248416307,-83.51480085135162,4.697443518447902,-63.62595822575378,-35.21300290881428,-90.36058018711958,-17.066569684407604,-68.21097586542045,-111.93968285326895,-96.92003703392632,-62.21750916029085,4.570659785063059,-43.928302598095925,-34.515513067454805,-88.93802340487473,-111.94499343402691,-96.8318681872286,-99.25331145444719,-64.27543042310236,-107.99465403235777,-43.1247186582974,-33.554954252049164,-59.46388104974582,-42.22945982406575,-57.60799936752698,-100.22650146154857,-38.3109467249141,-6.1602552382621445,-22.15003877585674,-84.84462905941109,-17.57712562946532,-8.808751414936369,-28.09073213257024,-9.246293694693685,-10.314015470546542,-8.330819280808658,35.820178812599295,-139.04074791384426,-4.335837265138261,-23.581449580055985,-6.8447034427400935,-77.21166759219926,-76.55967889376545,60.70035522909634,-104.19307365992891,-29.633835501384528,-13.162398633177045,-30.404926326470747,-22.704050154990135,15.105554525430847,-56.08044164884345,-89.23872847743664,-139.02782057107441,-91.12331718163404,-10.784672115738873,-62.08616803212893,-42.74797540752623,9.751032077085894,-62.52387483422961,-87.85255068056401,-49.547049006901325,-131.3097078582827,1.531765427601043,-104.46146343166608,-25.502967107349352,-87.33283963477801,-55.60467314736362,-13.845341393633026,-58.211642274045545,-150.12494197982198,-117.2098019226887,29.898127438522987,-99.01417473489126,-139.39301737639485,-36.24167906744974,-60.911742135475166,-44.208740315708035,-76.93262119682288,-52.625744375349,-24.94569006734175
-55.62514165056755,-68.95128182242733,-46.164947762286175,-61.822062533629726,-43.443357633443235,-81.48746087638541,-50.386906092058204,-60.28374337911183,-57.912510465203546,-100.15480909162487,-35.545108100198824,-71.1824003635747,-81.48668264479655,-76.54657124462851,-29.709121893371556,-79.74793959386994,-69.49160756151323,-35.83548352119824,-61.031423819433265,-32.66102436370494,-68.61269031104739,-55.278546432644546,-63.4721641063917,-57.47098103211529,-44.51196373131877,-65.13960228216304,-53.509759085261976,-60.67006820519268,-82.5434148912077,-44.919968618418444,-50.45120979683719,-49.11708605314784,-43.3051387684881,-43.58973113529761,-58.206762625655635,-65.46653334482555,-94.5547243633426,-76.82594347681467,-50.75251062602517,-56.29829687098905,-62.394163996906144,-65.8955477204182,-56.03637127202925,-59.246471509818186,-44.86706746936566,-61.48273040113858,-44.3034899560647,-47.30650533556507,-28.607681346783124,-66.65469750087644,-29.134215950863336,-98.01360510717188,-63.98855491940833,-80.10993338139544,-53.6335616656153,-53.70501644484806,-78.80325821510458,-69.91207509484194,-47.20471592204493,-46.01215016570844,-45.16661521458139,-59.235123804782056,-61.645262266499074,-52.83904295578331,-49.753974519836945,-35.29804748104647,-26.586890732869623,-49.767635499147225,-35.51675541459636,-36.58077311977699,-20.626654324694766,-54.22548464282346,-66.39159129100656,-95.6989408107114,-89.88582729003244,-61.094131867471454,-51.82908253284513,-72.36578698942695,-72.55500488313342,-65.2697334138994,-46.92361500693399,-56.37934948523657,-67.05202026845951,-78.27518834066937,-56.90438203828831,-52.6741640326108,-46.033975647451214,-31.88447011201417,-57.5742711931851,-48.22978714298839,-62.20063650117415,-50.532762383525146,-29.103773052899765,-56.14051818774787,-34.214328508687856,-52.15492271896365,-84.79099534313696,-71.84487561444203,-53.178746703958055,-41.49698334147639
-72.95937827833617,-97.1099767887335,-43.03091806194412,-87.58140023008824,-55.20694606829739,-98.50976570028011,-86.5014770053651,-85.13488783114867,-46.624086621688875,-110.79401995943157,-41.28214129858446,-49.93621595008564,-84.17012727570555,-77.84894491173802,-34.08408737988128,-50.14779355772898,-67.32036278794263,-35.08243793340733,-62.17420429653983,-41.08592789073869,-72.23571337068154,-67.312619674305,-64.92469102793459,-64.32567449400005,-57.35824387647718,-72.46658713809062,-68.76118786391112,-85.42408780961067,-81.13464308663613,-53.76004909044652,-80.98427701970948,-43.15249157986843,-46.496361340537426,-42.542560850468654,-67.31450388700503,-89.19200091026153,-110.54213368921916,-69.99569314491957,-102.8167569095282,-109.08159298461625,-86.31342351311156,-83.22015696427235,-66.22432851905732,-47.59030311576407,-63.0961200292004,-77.98681531563656,-62.49322333370235,-67.7555625208898,-46.446179973167006,-67.0672464658587,-27.193160674651157,-85.34468610181113,-46.903579259918025,-84.33286346694874,-46.53621079183298,-96.92015403895512,-75.49309050014462,-95.02918589372578,-69.03409341054076,-39.63230453797609,-40.50522063303972,-78.21782201461782,-73.99024637061837,-52.29869723505556,-51.827298640871696,-35.49826322784715,-37.08067696292302,-56.405531632735226,-64.02984281430506,-37.00668661189107,-30.970671181458783,-81.57195961044219,-97.7044398824063,-125.31138028851956,-126.14949641946733,-98.72530004678805,-51.433304882588715,-85.99435483139415,-80.12487987880455,-92.2623751083988,-39.27415550457842,-89.94212913049004,-71.70661692547642,-89.09516175787434,-96.2953162892792,-55.14496705685239,-55.53909634625815,-46.27560304476485,-62.526424513352914,-72.23585946412328,-108.0899357412979,-39.50392941043099,-44.647682703842776,-60.771594455291435,-41.91690592907931,-45.48196078149466,-73.15471022084395,-81.97854010499286,-29.95684057949027,-60.24530593077604
-54.13841379551656,-43.26151938034699,-42.89146801192585,-32.81418072366629,-42.82155652742785,-55.47009120417601,-14.198667521121678,-52.93380170612199,-77.90037495558967,-112.1720237076933,-29.38486283273751,-43.89560883168014,-44.89324911210121,-71.88729654555479,-28.975700654201056,-79.71038422209685,-50.74993410918299,-27.06923628618748,-38.966502339223595,-33.577760813732404,-54.59978144639513,-73.79087645205735,-36.795227793942075,-38.3659049971609,-33.56417216086929,-32.08259510992962,-49.29297909088115,-65.41037129928554,-55.444808226270034,-42.07177273059829,-28.670146290706985,-73.47176682956501,-43.246354407767974,-32.72052289236664,-55.418300047310424,-46.852047842856635,-64.01743310562848,-51.83003164319641,-37.60649104035481,-42.653727420389146,-15.098087641554866,-64.17047489257891,-34.16888664432712,-47.28705549073218,-26.51563176982065,-19.95950294251011,-39.84905755071888,-27.501856904009745,-16.378770035140054,-67.41571442407435,-26.63737215573716,-50.86627093748881,-49.044182918996775,-22.0050617309926,-42.54044414589319,-21.921271291390234,-73.98527084322332,-54.338264924753275,-26.94976298426662,-45.03101512207545,-38.91633273493504,-19.17190683360841,-43.7640387092862,-10.117075187681136,-61.25620481881641,-34.50698510798834,-9.059522866847495,-56.521797160969065,-31.358222894529327,-28.97824204996455,-38.170781490179344,-36.85920843802543,-24.22318296124321,-139.1992472575323,-67.94035379739391,-41.03747535845261,-30.404659890915763,-32.923412569486445,-51.73355155316385,-33.18168960239614,-46.234440177368484,-49.70853467995429,-66.44057434614956,-37.254577023059674,-65.81376557976846,-50.10401452511477,-32.371851425905994,-27.782551649850223,-19.244870083870712,-42.52314269657156,-26.525823331442265,-42.2505363115159,-38.60755502829698,-56.77999260516121,-24.01224288074296,-60.06383170699522,-17.729135527448697,-38.26974691111414,-64.94163213094357,-38.26085327142362
-60.877844899503046,-74.63090231732664,-40.223555248674266,-73.03319021836528,-52.38628025865386,-78.66679058038662,-103.16581420739307,-85.26158199179888,-51.437918791500714,-79.66301995827429,-63.01932157140102,1.9421842701755947,-62.995129335717685,-76.52438393130583,-63.730791734501224,35.2191815525554,-36.02296881445013,-13.895410543290206,-58.35288949773743,-53.73661348081286,-65.01361786343962,-57.30995774211303,-69.38501729368606,-52.33760185719986,-76.60729852783858,-91.84986796265227,-42.98886929090677,-79.59280298541317,-63.17451367421044,-75.83900830013015,-62.18570137537272,1.1915241590926766,-56.550207904838295,-51.90577191640129,-67.37638107535211,-145.4579942679987,-124.9126256810351,-21.142305607993247,-111.73313532636094,-87.84126490681945,-79.97415398007918,-43.45018963180217,36.71095942894011,-49.69398521672234,-53.97368422712483,-55.50613687304999,-69.36300627519054,-60.06133814375135,-34.63248326712574,-97.21259768779015,-39.77609358726602,-10.438856396881539,-68.00276909039886,-69.60487354729305,-56.39783599962012,-66.60692305118657,-26.778665852294953,-41.13520957251584,-37.39908089584412,-16.47734352176437,-26.727912276425343,-27.231864574257994,-68.44136140806589,-30.033162168215203,-35.88636956764505,-23.34400640352643,-52.56309331603035,-8.680651657320997,-45.59974798796051,-16.15870118435354,-40.48719682199746,-66.67837448310658,-85.93974365628601,-84.78903199649147,-84.0847579731316,-88.86768007357277,-37.499266598942185,-88.07493058402936,-58.358983860317295,-86.43418854851916,-54.98473629565004,-57.409100105164306,-45.062047240069404,-54.53320222627323,-56.70705149535849,-63.998081649357374,-50.6779875444161,-34.983499684555824,-52.249362283776925,-52.574178506203246,-58.19054288428049,-55.077735705425276,-54.96158798627518,-60.41200347039259,-41.84973312851234,-42.856646535214814,-55.57223268165783,-80.32007104747719,-34.186887778014395,-47.51714128346875
-47.34761072991232,-60.45911662937116,-31.46841864725899,-45.23468065505316,-20.441885153626288,-62.27482987175864,-16.548017267797892,-36.88609104323059,-36.01176321006594,-77.37186729489751,-24.144667558991383,-62.05627920696566,-55.501638864603905,-51.26938355199545,-12.26488014625663,-67.13847003934865,-53.03431446078139,-27.12380713700766,-31.347750240681954,-25.908523148764925,-45.135638058931505,-52.82947085031733,-49.257330762596396,-49.41699112774613,-29.93759614375457,-17.88576624059322,-61.16249813688093,-54.91342845695843,-54.65943140976847,-8.119904913339283,-37.19501269473517,-33.70753630916573,-29.72445486621647,-25.70603060355181,-38.15474850018757,-41.39007871912495,-70.08563438749886,-43.12685717819834,-44.431160744716344,-40.66316296548873,-10.068449818350357,-64.28946721960274,-61.19379963733824,-36.41913512888967,-22.375534944645093,-47.35323467742237,-27.023485342672075,-36.52446093611945,-12.754325036120333,-53.433727305947215,-18.648245487214226,-57.35665768593772,-28.5046032540551,-48.243250245919505,-33.17423002760287,-46.390567570691985,-72.61776145908115,-47.1567513802639,-45.24215921017386,-29.786879590414085,-22.436921213056827,-37.12044335489015,-35.11817853619933,-48.30042068329269,-31.536271800241696,-22.330539517882258,-15.27488931889983,-39.90618181635447,-34.432884964226986,-33.706026644774184,-15.62630394820185,-39.8965439565191,-39.65669763204664,-83.25217763332871,-72.68915220720226,-44.18102823233043,-34.71228306419129,-57.88426057246949,-51.6508687138182,-38.26439996856505,-29.5749578617692,-26.768280528003732,-68.63689211038653,-54.65125304364583,-62.454426303377346,-33.09480389609124,-45.27537560951628,-38.62847711676834,-50.01877693540523,-63.572433531646624,-36.125764857778144,-41.29765590544526,-13.34056277699131,-22.64229325701769,-28.59652155958271,-24.7848795802969,-47.45121525924601,-47.93134832258808,-37.85053325686335,-35.92345527594609
-64.18453247111293,-104.84297799642552,-54.921588069004926,-80.74551947557947,-119.96820128478667,-86.93528644648647,-94.98882376487613,-135.93700235798264,-82.5203670956603,-168.73134398237903,-34.05078581471954,-70.05751743229568,-69.40613189377954,-81.47153460472327,-51.30910508407849,-105.936626005446,-65.49089875231154,-48.09716482573652,-70.05043581768605,-65.82375746103988,-98.12779241213164,-64.8525875095563,-69.8901388226744,-64.4894904394979,-62.54763644874697,-103.61159086499234,-77.27586455430966,-111.65008532879087,-77.1031565212258,-91.38333351636896,-78.99860989181103,-98.37222414753715,-56.83649826066932,-87.89753558895252,-83.42582221973939,-84.47224664710366,-119.58053793141691,-116.13305494187735,-116.27506085519867,-136.43394929640817,-68.49493494080964,-121.12459525642468,-100.36391034004554,-61.098203110826276,-81.38167459438154,-107.91939490331364,-74.7188096436877,-66.28138832847257,-69.4773844596126,-98.36396958669835,-24.76750172808309,-69.91459970074358,-75.5334924505698,-86.84247275127146,-45.97492952365757,-102.13553294997433,-140.76017651823503,-113.07979947956206,-69.89032838708651,-61.03010438510701,-69.47860739253129,-65.59580054784354,-52.35733115724967,-98.31044715617283,-54.34394504075194,-37.78883761641446,-30.630020884071772,-70.59423762464095,-78.23152043236608,-36.15428314176511,-61.385200429686144,-79.61344798664514,-71.46114450856565,-222.9657574159914,-102.84377844800512,-98.7957106510369,-62.48065933989221,-71.20276635912612,-104.26654519933803,-81.34958886445685,-59.78432283981473,-96.06436103583022,-65.86610287903544,-71.26512828756114,-115.48520021035273,-44.77876389380492,-50.4624172579176,-74.99274999572877,-38.260631090480715,-51.5100557075939,-123.79798755306864,-77.61424118872073,-89.66904948782775,-70.71306184353804,-35.00787149251487,-105.54928259412173,-87.68276448497167,-69.05411561696842,-69.31182520379203,-42.81759828736662
22.50287488742213,-66.67771894481955,10.51650503595629,2.1317580561574796,-5.797873134852802,-29.990994242226186,-9.05097657563692,-115.13342758616771,5.439254161536354,-149.75375691509393,-43.68693563016053,-92.94469670209372,-92.10007157720854,-80.47995016112286,-65.85662422294816,-72.23267629844914,-81.97935699904139,7.928163601887713,-4.631815006439858,-63.83293345294921,-136.70167940580305,13.311414897173213,-13.50384559411734,-69.05341436847984,-13.69963936633419,-183.03197916943185,-4.701282009064629,-9.35933687474781,4.781527877543553,-19.64657658973118,12.162596358435412,31.477001204302596,-7.011960269636694,-41.75866405570026,-25.812438898992884,-28.441725878204753,26.337084910262913,13.01712310441738,-44.91099452097082,9.158697245313155,20.334809074574046,23.867244353387925,12.466838328984165,31.50605589120928,-45.56771090184773,-53.850785328834164,22.92595191747914,-23.870668454885635,31.879850975868838,-11.161069831766465,-34.7271760744199,12.97304108862065,6.817472209652377,-64.04275528857168,25.683727657664303,-21.216112182043453,-24.499526915808993,-55.4528958496468,-26.195612746999885,-26.681215742207,45.59087269360504,-66.39590171201986,-17.6034182267574,-153.65375130512464,12.1228629634917,-4.516734026993743,-38.36133208822343,14.246157923113634,-64.88893639505764,14.605232650007878,-56.75719007520372,-97.55874647232731,26.51587611959819,29.14830046028829,9.216908206447512,-19.302706214233876,-11.56564051545854,6.063271484651901,-68.6675769327935,49.51331192953287,-111.95956497912896,-30.367447772304683,-49.799383605419656,-23.251821774469242,-118.27370766824427,-13.22620442137398,-112.5406194793761,-48.16908237218058,-87.89529396598259,-127.7259199712984,9.122402412529285,-33.02731296874863,27.38182239983301,11.091274747458982,-40.41813518863588,-37.99631132655566,-132.14346335587413,12.218929739598883,1.6963220809950579,16.145934290954408
-104.79758404745999,-117.60835441564147,-77.47928204281872,-109.67683040743012,-133.00232003994896,-156.8368170375711,-88.048191605773,-125.2210867921464,-145.48550533058713,-168.50072646549398,-60.80929755427257,-121.78965702572437,-87.50294571714872,-159.5790463442496,-71.54526129932832,-315.624890192043,-59.46043461393128,-82.08254367455544,-94.90371596089307,-137.3909311345028,-117.72503122673415,-67.42715513030078,-95.08583340357953,-153.96625961226513,-90.40121092700596,-24.633204101374968,-91.51876528057947,-125.4454935263435,-102.70841770005512,-175.2991136175529,-41.183129660177556,-194.48238052686955,-73.37027140305557,-131.36298199131318,-110.77057470062917,-85.67528382191257,-129.64242977168652,-123.55331976057518,-85.37927503011397,-149.23397472851755,-56.31095057196842,-241.87031223508723,-266.24110846171607,-117.05095468005113,-111.93768379079245,-109.4863502661627,-106.71015816498895,-99.43769010334859,-84.70104269704301,-170.99632755000638,-36.70732752268994,-73.85116164041578,-153.4683217461031,-130.46289215249377,-136.0617921625925,-156.97310104598856,-258.7714879137223,-75.59159427407133,-98.70151612839304,-129.67620259939758,-172.36859233359934,-110.38317121831915,-37.680996735976514,-144.9370289091526,-115.92976216047948,-65.548626956156,-8.677767957910586,-138.00336227880308,-62.040533920838264,-85.74379981480335,-66.9680526241107,16.163736614759113,-81.94997014334025,-312.03670958912414,-290.3506653419239,-69.50148692820947,-88.89482069641636,-113.31606818040133,-119.00292983430735,-93.48211666673913,-120.31072555153536,-116.70369109606357,-127.36330393353792,-108.45264052216228,-198.8188398216365,-100.07271174163914,-56.65721120199693,-79.8051179602823,-73.41269359966645,-164.7338748432435,-61.678923654869024,-109.50710952658501,-137.28488211385192,-23.69661847375865,6.613675177462463,-153.127012436805,-82.10247922257993,-117.64636476455706,-102.52421848801556,-43.155397367792084
-26.7704377704275,-37.13892973746001,4.911170476252722,-37.79187887285848,-16.109604920823276,13.511854082435505,-39.602669834957645,-72.56482989831692,34.80241328303727,-146.01883894818732,8.956247373295362,-29.571379286113636,-43.85618978448412,-93.70816905494615,-20.941490486413073,61.90434396767328,-137.66890283700997,15.237143393694483,-33.29474265121719,-38.70042942630134,-88.19185562099216,-20.718197545373965,-64.3835698436679,-76.08312733916033,-3.208310182803062,-218.1810282628245,-99.89856935926412,3.6136714769831366,-64.71065248079498,-97.4354959969715,-15.245051851349093,35.83539853222214,7.058091326592383,-16.324389775687084,-92.08209833018294,-78.32943307025914,20.528550591454415,-46.21523722980074,-57.55670856178235,49.878498168054016,0.9851456955193771,-25.571895297409633,-0.08622981935364031,-23.37874357735698,-169.85357271217075,-107.46152401413735,30.631185194424788,-66.58733263020153,42.65860776459792,42.86489833318771,-25.711233730551395,-84.88998572902896,-9.01214833033517,-59.74609764669554,2.315004155515687,-81.84832197087393,-92.92823057649089,-195.22570697107415,-66.70823809146313,-31.723194695060275,36.210660667704076,-145.7753482983319,-16.55485032346337,-201.9262390469578,62.52501582739601,-0.9632180675035464,-23.559990894733875,29.543207254336775,-10.765602501186498,-40.68052221399368,-12.925661946925645,-83.42354302989584,2.436841336056657,50.16872977543841,67.31182596590932,37.381008545570175,-56.91994074032659,-38.956171242379476,64.21097511591339,-17.105106678714726,-158.422006731106,-51.51266153423719,84.43822714379868,-75.45257458266924,-54.80758608107242,-34.142345620744806,1.0899260767924788,-89.84018424002106,-68.6441995722259,-70.96112901029359,-145.09464340355296,8.222108506088775,69.76553528968455,-67.19812696431707,-92.15945290733377,8.405085688608557,-248.8999219922971,-33.30597518904601,28.515633006270964,16.575995987885968
-144.98217204503584,14.867050749230431,-34.160265345868744,-94.16334218757109,22.16786521098504,6.031008315552369,105.89963127163213,63.674770162299176,-110.07867293991187,51.57573472164636,11.456093467084782,-63.72330568437811,136.17208520301784,2.1514716011725294,156.27983140482286,-76.94290904878105,66.36500420732169,-39.070964188886904,-22.526873607590446,45.23296671718484,112.42574130468783,-122.09942722072942,-0.8739943026188147,10.108786042569244,-32.19059346508778,120.51567005356128,-30.323213529704397,35.020902789217494,-32.874831254466514,51.30095637423983,45.329718249608185,-64.03465717291137,-62.6437504131673,32.29821256553286,6.36801789971901,-41.83667952523983,-173.10961594104552,-99.13313723702244,25.94567911559198,-27.266176663776438,-72.84902405376295,-227.28812027294194,-40.54586034318803,-19.998770387240416,91.28296203014193,137.80255701985925,-53.094548910219444,6.460554408794966,22.84180703412104,-46.89776295988438,26.99175690491415,-89.80616619735606,-127.05587619265137,34.88855979052839,-155.58461591195396,81.05250894260163,-66.56885739698609,213.54893998580323,23.287461110910677,-4.347058181613238,45.23133218783786,48.489587084141284,-103.63633221365338,111.68977825614179,-143.8537069522802,-61.375305059012916,4.550237131373832,-39.28654173450492,108.03479971309304,0.7351298695718511,69.03390304532668,147.85367711582313,-27.993911994457235,127.8877180707056,-45.59059422996149,-23.35701398669737,-25.26733883843205,-53.640263196926135,23.252373459385844,-68.62016353692128,29.167645530054774,-36.3122375239979,-105.0843479321446,-76.02774315803522,218.04359953048214,-115.75260828755921,-22.41625174785498,116.79197410515144,118.78530390474458,32.561167731875415,29.470229812745707,-35.569572479998484,-121.68609081892271,-33.402879408014236,67.28517924403596,21.832460356551056,18.035210116364706,-97.45874168669539,-64.10510452226463,-59.209341115219644
220.79804170287173,356.0442917855777,109.13533623044205,277.96587247259794,125.78934194395552,357.89909211974623,-12.669865713044704,334.89969089350114,147.86887365781305,354.002425247012,94.73655419071272,414.53538349774453,241.50663320656744,223.12527105664103,43.00754034455722,435.48234024190054,183.33430231621898,81.48606867987583,81.795438863245,23.609854719846982,217.85239370995177,206.02198182338293,126.18647526069056,212.6309365160815,215.69427625320466,52.65120109570727,199.93352817962628,188.76818504174256,197.1025076371866,21.574366013353817,205.3049754270801,85.19382156277402,152.52665045835883,175.2049958730747,62.25468029186676,226.09895899046984,384.0567924750954,216.71267226310366,201.64426327927058,339.163254540588,119.05884233475132,287.55195161136123,341.0396421880506,74.90317756023967,-46.70271851496326,114.36561524759593,113.59556764519267,81.28681140377064,134.77337824376,394.2036968546593,89.0231791792827,252.93009407379006,140.54568509691276,220.00689052814863,86.62393719648092,100.06647184679746,430.3764367012191,253.31234389751629,120.91926764205232,114.35829959047238,33.258983731441575,282.5649264839369,241.47920041158653,126.84497424141644,226.13508511363602,70.31277665749789,110.3817482154676,137.98345705756256,91.27114073995104,74.48784003083351,110.98131383417,117.2818635680236,267.69008050467227,429.5146436219635,184.2961712564849,360.84488811572334,163.9427868821349,187.20301410059554,385.12308529929675,266.4581033997041,-7.545991017780597,186.1296324708797,314.3562254353043,274.6589546870458,124.39504798168056,94.68519568133898,464.34065073636407,36.10632248521904,330.571274603965,187.2936470048892,99.78103035725704,133.57127098483375,243.30709147422934,243.89220758494034,54.1722008886126,127.24673933041888,389.33866838913536,200.21193673717116,272.02678698210804,101.77768652132013
207.97010172981498,242.20885870968687,316.8794796882211,253.56859899013875,434.67613202869506,338.99067133122236,195.69933024215538,307.5782496457929,108.09005373046163,273.51090802489557,46.590723389350806,139.35106389253644,45.61519670184607,413.0641758900158,61.84234664698772,107.1428249518657,159.24487919687675,221.9579019759385,432.949159916499,76.31759702885012,131.83211930223436,147.62579639029641,293.2278107065796,180.96865190961947,178.56470025140575,116.02789282610968,250.1421491012293,402.7928374799534,348.97544464240013,7.7736643732103206,221.7328122566879,305.4750193768359,225.33559022173634,284.49213204288475,245.7450742466231,194.443025055145,375.38002076084456,149.90585823456152,287.17807793736876,524.8984480105125,340.37796683581104,335.3071935353628,255.26912664246225,146.65883801339982,163.54797666336654,390.0133825088727,316.8836278514642,64.86657552948745,128.7807758395691,239.17766399718482,52.28895499345497,172.049480794397,297.60969988629057,310.61355089519896,279.17477158506847,258.0931071691565,268.4284396570538,-180.7567045124015,75.3521331927925,-16.725739066985966,159.9609682901188,-121.70203569315719,355.3910204520114,237.82036814210215,287.24348314332065,193.5458955184366,97.65500136563973,185.0350310371526,165.1745987694291,76.66088910898667,0.7534328924822213,66.24601459733098,380.2916518054628,299.4435494475793,525.9282057680988,223.52518148945856,234.36398755667284,150.94114141913937,405.92595850926386,290.83321266346485,-30.4199868560444,217.2701184661306,227.69483598838875,315.50264921659596,370.9759584139946,200.43377634050756,45.44246827664634,102.34102214709006,185.09913684275304,165.7051392515307,348.5035495900244,-11.216933689457985,225.12384067894206,152.25288876591668,85.36961782710668,398.29346063373777,131.49041939151655,279.19493957409827,91.73175768778383,229.0613542295804
3.0270571509779782,-41.72759076670259,-92.5102374221645,49.091436332273034,28.278219853036745,37.37137665344554,68.80920930807358,116.87678199407799,79.92029933019849,42.99295869065897,130.45241193436752,-70.84815922774148,101.66229501153501,64.1123506371357,129.75820476437116,384.35018964443043,-0.6712371970908145,-91.57769838956007,-90.25124355186978,-2.7058223766229035,195.06835431801983,89.86975124288267,-120.59583586094429,35.95065227054646,-3.9344187951250227,135.78546617859237,-145.19601892086,-61.844914148272835,-73.250862330324,306.57479515571384,-14.469054790507666,-70.57808928478899,-15.636267970838919,39.35781013970808,5.82166451187625,8.105328863820782,-221.95304171937983,222.5041642946836,102.66241537306291,33.516545289246395,78.69862051403776,49.46914973433499,-11.93390250899644,-16.12645563265806,74.94245038524032,4.888506848346351,-155.59437793560204,-39.866869891333316,77.26125494562926,27.366547459903003,51.851024835696755,200.25332449331376,-16.154913921745095,38.77782303044802,-130.74913353141113,165.76572274665088,-70.49316321158699,389.1164835524242,-6.314946553103508,196.68055255738048,97.85755455422894,304.61128641095047,-154.20073208890713,43.873444880454365,-100.19894683641347,-44.86533110312367,-23.584688777308955,62.08048457329792,21.348506964778252,-15.931135534969782,62.48079229327134,160.99701587653564,16.149203310737004,179.11643511119044,-281.78664524356253,79.57636999634147,13.074137532701268,70.97698026288484,-80.99867050681222,30.282289418765767,212.53516828347733,103.77114195564552,-50.04175081685899,-42.87091389162751,-112.02580732709508,-107.92147580732546,86.96139995900784,3.340245270044232,41.44183946556319,50.53110636980448,-82.24542622831723,159.37837321092425,7.774662380742341,77.66762654634906,31.09899844066295,-15.583392260628958,96.98581768617797,-118.97240731566029,115.52826057896894,-20.440255265919205
-66.05531605644532,-171.38884426923218,-5.828348865394651,-8.40510860957033,-20.465695781903044,-68.63066029733733,-112.82652209932421,-64.14215130650665,-64.38852635712121,-80.22469675138926,-132.7030138613048,93.42947398735136,-256.92253345136515,91.09298305530267,-84.23234574033611,-472.25488850794034,-4.924733816909755,-14.687446810871478,104.39379990701008,-57.16585972572853,19.433673672796854,-79.37887253550201,59.67282126865681,174.06924411005042,-197.7788485198956,-157.41827361369974,174.70561027108116,-60.4573763972331,91.4560747273032,-364.56658001966304,-99.92421715665567,-35.586367328688354,-46.58192556837108,-32.3530961149432,-112.29166399490937,-27.3394280259819,55.928876969165884,-357.110636687835,-182.72319416651868,23.57514471967194,-89.234038818118,-101.11371795852592,26.58575572231032,-100.27588419591088,38.315506505596154,-111.85017649614234,-18.530485686932256,-23.497007339617262,-209.11108978345302,-196.61587628854411,-11.040298806534116,-199.83171316509157,-189.91246092194712,19.845743141220137,66.88046251809828,-3.906246076103391,49.051611023145476,-197.43164057750738,72.32326435188007,-242.88027762049398,-42.50619373863873,-87.46661954696883,73.44442197829457,1.8104235350289797,25.393134219088488,37.728381159712356,-2.9425710315114855,19.052955853154376,-97.94378713118113,-3.295664478991525,-12.957709636330689,-129.46593434283193,-95.46359411537625,-534.8199792985338,100.36371097778617,-232.9417595069832,-81.43461951776942,-180.87536622083846,24.77815775042751,-13.423148290269417,-81.38875709118967,-26.47220756777822,-31.8455042789483,94.56052046032869,-393.64937245299285,-23.59345080228841,-75.45683877034466,-92.38813066829508,5.338451308228353,22.508221531935284,116.82887841854657,-193.64690504169502,-43.184587523992654,-176.25968377746136,-55.95938003924726,-90.95729745718896,4.7037647094926065,84.7942581141242,-95.93557244472358,30.430314384127925
359.50787074173996,144.98644574294016,233.00049602654633,252.01443581652026,233.59767647004165,226.8076600556744,175.42110166551555,232.1816876103818,241.8961275684928,131.40822822251235,50.08937440990635,80.20227683515418,72.6520617713237,280.76831553809393,8.82274057585697,152.997332599936,90.05028221753287,129.4165042376764,226.23248067640316,-59.82605349877071,45.488920671689,335.46198622768367,119.1293580150955,11.452560066022539,307.3800507208613,106.69679350927038,97.0038291488033,200.10288136491405,272.7907602896485,196.68836903849186,162.8166621570745,212.15198453541436,201.97024599055803,108.37720468176565,321.7265277423028,314.92651090192743,380.114028184561,261.20159652950855,198.10494440696297,332.99972182001875,485.5341686269331,306.51510508388156,83.45586680946553,221.63294234196584,106.25935517762322,99.3193879016213,304.2694936232156,1.1080006313419741,226.67090763284824,131.4241140686536,107.4488273513581,203.31732780631384,393.1724607016953,217.85317207119692,208.73212650850246,-9.648364159678817,201.55005880819598,-40.703971450909684,39.848644765711406,148.29970145149838,16.76031839758822,228.1266789633172,349.5772598257621,44.05433785936394,292.37000210545517,211.8212411513817,96.6257948630484,104.41030160256511,-85.74321476730694,88.75255810356282,-71.45430125627054,57.9577007802877,287.2603955221692,93.51758213315402,169.45775256061614,285.73119477007833,265.1348649865241,315.1230281498192,-15.281556005566648,298.4067113901454,70.91062329490293,257.17510476665143,49.899389679861585,243.43296411098092,261.15338820858403,318.59576407440846,16.712199523451567,46.02345481124571,-74.597910630988,16.531011871569756,284.11350232369495,10.488859972792588,210.08455589978075,363.6777548036321,92.18551751444369,161.4870586256423,199.9260577806626,362.85611672136184,231.34512657393788,201.1423574855655
-127.07268670016097,-131.78293212280374,-140.96190227375237,-183.89390320563268,-132.38472521326045,-58.04662052170603,-89.44656826921843,-52.143961192898786,-52.12326128375641,-60.26603002836896,-2.174789103232319,-7.090991398412801,142.11306658236057,-191.92061883150095,-13.527662332159673,213.60052257134242,82.02486172831846,-5.5978202047472365,-130.90392723462506,42.71692264333322,-100.02446210690154,-64.13033295365778,-178.95255796387193,-50.37117160254536,-114.70314848172222,34.78906510288759,-111.62916533938444,-44.93053128607983,-93.3113483932894,-72.85988226137538,-1.6018587933218134,-50.33052536698639,-109.01739762357661,-58.80190919454028,-93.0536301688396,-100.57764158138293,-201.8865317196766,75.4446945340799,-130.496878377584,-296.89432133228223,-200.13368939930103,-174.1447741812216,-81.69531076361243,-47.95802446799564,-69.03582419414712,-118.59009820115052,-150.93877963701837,-20.257047501968923,-79.06509839567651,-154.39626920662857,-97.48329842478994,13.913579851042078,-123.3412479136917,-149.2856904057025,-105.40496892330013,-93.16456283872441,-343.1788402467556,-21.11728883159805,-59.538732468334,-31.49744882431173,11.574488650394864,-85.7917066260939,-170.0715826059673,-87.12302615718308,-68.4971889618128,-35.64791321593724,-46.022788746677755,-2.066034276358115,-66.34296230170713,-85.47779193322235,10.410102118213793,-3.977201192415076,-68.33167671037597,133.36258987581607,-56.959122641914654,-137.41989343195482,-172.93659177410652,-148.3887057112659,-77.67005461794886,-132.40610912998247,13.899496566172575,-67.96563146177292,-45.56983256763442,-117.64534303651341,-47.544098749532836,-102.68158714059552,6.919651229361091,-89.07508823273476,89.27706597754556,-36.585173417815895,-74.66455153037634,10.83224669875394,-68.56774239738321,39.82665516633442,-76.05035167217652,-86.61983352643315,-183.88488840936455,-124.9048727603632,-159.75808974888352,-64.50120301245917
-93.55945828507588,-83.25151617738132,-23.42210020574476,-139.7225755973565,-158.5783120132387,-183.22847704681982,-126.26255896646654,-178.58938242577509,18.697589647878,-243.7178048715234,27.89015717209618,-26.54221510049013,-259.5998566848818,-259.3160245220174,16.27960064941118,-119.82954824253389,-384.8771485096456,-69.70951553599681,-150.6392649608344,-49.91050503978511,-138.12324178922114,-178.67498276569629,-85.20355050513213,-78.28948206741858,-168.88609536676773,-185.45058109156767,-161.59517782488015,-184.35286356464945,-162.489299951225,-113.32414950627695,-110.92944930091402,-154.0614512934455,-40.829963970622,-122.69090956268384,-125.07846664130932,-39.91702669461859,-101.2181190290115,-497.0728135488338,-270.3340102372425,-207.77879940050326,-147.95822505425951,-111.20084669824668,-163.45283910165128,-118.22253877573182,-187.2698607049797,-164.45478788360177,-93.92522314149178,-66.42565927230584,-146.9601186668615,-56.55486033622527,-24.104877418228234,-324.93338440500787,-145.36281223397663,-147.98823916437294,-102.35363815206746,-206.82159979165726,-173.5448326135736,-216.7943983935015,-41.84498405211829,-169.34281447254898,-128.15436769893523,-268.96469156970255,-154.9838162681682,-218.75061066243478,-172.88990500197872,-47.01041571672773,-78.53924730417278,-97.49563675001468,-76.09432401301709,-35.14205603119024,31.412865606698485,-25.305416411860048,-187.98112785721537,-228.06419942962586,-207.87299095857423,-62.18892469154797,-79.70823486265189,-151.79934466039936,-145.48597309278463,-163.65118468968979,-198.933867220148,-136.62843591976184,-20.980684146805636,-184.78779463875446,-283.9634233278102,-62.57816899262396,-92.39533692098023,-65.54093187080865,-204.89356325621364,-138.0627413242708,-265.72672568007727,9.231699591009694,-133.5057380115557,-216.5059012911999,-91.65956735247794,-122.68324752035795,-276.10621179309624,-89.87664894687263,-13.327350281317296,-30.81082842922783
38.66215263071867,-68.41266871669545,70.31492313199348,-51.679162363286,10.681293011864485,125.41304914570227,-23.23627952914822,58.261434547399276,-40.793183754252546,-2.45070122903716,-51.41482242146104,17.58565801406626,18.460477224368958,-5.742846124815198,10.81343154841655,75.21289687826248,101.1067495286901,101.89001961799363,71.70224641717978,7.105993424554715,-194.53745971146438,-116.32387806264802,-23.632500582487925,-113.04491007825673,89.33509804566953,-80.68766079922885,-23.75432727747848,82.69653338317487,-29.97147823576507,-145.4220151496689,-20.88741277429746,83.96655749884908,61.99528190132163,33.58121179689806,-11.841404682974453,33.35863690550268,-25.748436735999515,0.5936771991284386,23.666223131374604,3.6321080424078427,-41.861497027128536,-192.83140546552733,-245.9335639863202,24.279912295680163,-12.718276011054382,-11.030724089848048,102.33481183584618,89.04486444458603,143.38722377171365,-206.71397668945107,79.2193036102837,-96.75028156256283,158.5466649495346,23.86831307698032,-6.668585970660113,-77.07708460606713,-213.12368501835348,-103.45452749066177,-78.49048105362763,42.8440264481065,74.15265417121145,-0.27507396465159517,12.731082136025185,-161.950462123634,162.7311419286883,8.248521320591918,84.12930977334811,-19.252419931244667,116.15039336280411,-1.8669191439172184,-8.638950955782045,-12.181817437007993,33.704625752195774,12.141287651520768,56.87984408970544,167.42422328602612,95.491203463562,-57.84399891004698,20.233919071392425,-9.598091789761659,50.8368033083264,71.06130094327659,-143.65857805728206,29.540116584623835,125.55501340372388,-56.443789995612526,101.01581232919291,38.43721923709554,-19.622492267192438,-159.13962998974876,17.752424934354792,-156.92210292382595,98.75710147679003,189.4478241249833,35.26508082952009,22.875526833780576,-98.01925843909142,7.251505335066061,-56.094061818360295,75.82159272049061
274.53154366005225,417.19750563419376,147.9483186554543,278.2118989390763,89.48182429492878,232.04673315058034,365.40593911335503,242.91948037063068,117.79368847937259,526.0502862889537,149.97237501407668,308.4181775925857,381.2796731180044,304.38614887955083,45.21556445668191,288.71668336734757,331.2253215199109,33.70817025088831,193.85520618729498,111.15656605080109,305.86325471850694,401.69540200385813,209.41863852599667,191.59235431742317,199.10595077588073,554.8718754061721,214.95925149562063,247.52945621799586,282.3708561575408,273.18579076522303,288.1255390208839,71.63098196350272,175.71169666812216,120.61919798240494,227.49110538218093,336.8307063733598,486.8374120586711,403.16444633539976,286.4840026897446,168.34382027487675,305.0546761726612,249.65817318162948,376.80713340589665,193.73625543986773,212.08533690600203,431.1313561180883,192.65333928258556,158.90653917520476,79.4689569228777,301.7579980542832,57.1665601614908,234.90039981373783,164.31753298372521,177.76827822825695,116.89325421774173,94.42098967328279,319.3826388981586,363.3622635039585,153.856274530419,157.67484845369293,18.326981539775705,353.0729517352798,274.8234982340174,292.16783928278835,216.23721074170862,110.9749864554288,64.69045337376214,84.69120848155063,120.9981496166035,46.08629879901639,37.19499181936658,346.3363217494575,412.2000233028796,441.5176101878544,298.86704594077366,279.5952985024468,150.946485861042,348.2904521231355,275.3531188963504,256.790684649488,236.88057682155326,123.77652039742381,388.892935391917,304.4540722824443,352.23672014503404,261.05301671225266,319.2041726656656,208.32470925297278,239.95128240219694,491.3187098464207,326.86591824589186,167.6492397049906,27.09693616958345,291.2188359910618,142.02785090240752,144.92149528851263,391.51289026127085,267.8980859379057,140.27935418886366,112.84176885919861
-85.14767683976872,126.00388883488816,-29.676974584699945,33.3963889545436,97.9569187326737,-8.751775972388156,80.21027530515673,160.80523574816968,36.003386514529616,54.85348939080088,18.31414111418043,-66.28057946705091,38.5033430934545,91.45218059544526,79.97197687756805,197.03463361742658,-40.249196470155844,48.140371226010714,-19.377353647405215,82.65074098924238,45.00108698497499,-144.84736764700293,-46.76528670225718,-4.841291722745124,-45.80538109684681,-26.474859929310657,-7.453848668888409,-28.23988469573185,-22.23207228218581,135.6705013020769,-27.012667020294412,163.32656830714188,3.580653635033845,45.45919272398726,116.93062743549991,50.43690520786008,-231.58896202081237,-108.92919396846196,175.41348947239788,102.73056868921744,14.713355225166104,35.21762784040445,19.04500700417116,-37.10464370619889,59.22270829471984,-60.435341102441996,-56.34014295860247,88.74631685372364,47.584795437028205,126.65662107242309,61.582169773129785,58.52705831747363,-3.7940558969857396,51.81457566278143,27.7690806387661,134.44447419214433,89.59787676781127,12.770877883796036,-22.973545712294793,-11.475993932947588,92.46027237273627,54.18856172332208,-57.86427723831186,18.690314430678,-32.4981321977181,13.773649832287804,10.602800535365725,53.29759415748962,215.6471360049821,70.99162646497544,37.72119543117127,-30.62700881795047,-30.970387605750588,210.67789810885392,73.40221788637979,29.02830042272462,41.96617076005445,48.03468105625866,31.533729677812016,20.39960314272774,21.872975266926698,69.46407561312118,3.6977690175724915,-14.636294310489648,228.38304709101178,-31.86489076724922,-35.42946577459628,4.854327781407207,-9.846775906515433,-80.99674797349088,-67.97581056032016,-40.08998219401397,87.11594307132329,-68.1326744019051,26.427997176127125,14.483704838355449,-179.18528790861274,-71.01540177537099,42.807750783954305,-37.42241221602976
103.95839541944258,390.3962131936137,90.37342713752903,166.99465031131444,20.02453643253366,225.07429854871182,8.132180996407577,88.72989306526546,34.04560299060706,300.0290261993432,36.59786119478576,288.9090091823083,175.11768306425546,191.4935055011958,-112.87765241000808,408.35498599629284,271.1140109023411,89.2056765890464,133.82881388467695,47.320460677667626,194.40494691445096,219.20836392552656,252.75818840768312,128.28837194164365,161.1048615231021,201.82000624704648,192.21554415944897,168.97139835640616,128.8055028240779,46.653656304605434,115.61903130216957,118.41375149255892,68.57739396070812,56.65530042195609,20.837886460860766,87.63616546144338,350.3329726832214,116.42092565611144,132.27295485633314,182.34820456777004,64.39774553321688,276.33118326171854,428.6850423822268,94.56428699747067,135.3114599743794,311.676466762312,142.37569213344864,37.049988746359176,-0.2774551668821192,200.56898500287548,34.311631065865825,233.5350374430966,92.34256953535186,122.39837790505752,123.50165341968793,22.294643277858714,468.9617621847775,-21.89294562151215,130.30216706105867,132.407270116584,56.727253311729775,235.50786989008765,176.83526752649507,512.5921465463813,163.74962803947375,63.42489848985384,42.739141051327074,83.16336687972141,66.41369979209408,70.32607719490622,-41.1130163308172,-18.695863508553437,121.79104743642839,223.58603059982113,282.703238415487,114.43791103295777,49.06718376626293,237.81422507508228,137.58743318107972,108.32542858287373,171.3523522115214,26.866830579964766,334.67257040694795,103.28318483915308,213.09799433302206,102.45140031700267,271.8767895954255,120.29504780342454,88.34611395347595,299.3661551070238,156.8434783398471,252.7369676830789,-36.40099207622217,75.4503616290266,19.526917013000265,170.6519267092568,368.1788462291452,94.11404103708249,23.107512292044667,96.71253080340841
197.53224838096054,173.37023583213156,55.975667956206415,204.73001345007563,182.934621730039,206.99381029373163,221.43247954497983,309.4656593150277,94.00233596293998,349.2905439965509,126.84010557136236,-60.85680419025587,251.36379588515925,330.5972366509865,221.52716107131997,-275.9164182004844,73.2888775919459,-18.700615276732133,199.73927919278285,36.49627035491477,170.45830811251733,-71.35912657520964,29.297584469946038,0.0036713403033086928,-3.1397296658944254,7.575960232507903,-59.480603461630906,315.0252255025456,142.17021092608667,353.87218142896455,77.78291612512561,100.56586236713599,140.68240947136601,189.28317173521359,114.13004708605135,219.71496237221092,86.54629773111137,247.3189913539585,174.59855043971774,204.67177716325554,95.34461855335972,112.5967333025972,-89.73945052746231,77.32256718046584,97.63990172151216,189.58552697192127,109.3090918498867,83.2373340324226,132.18992314438304,134.5205822060148,130.8595582532807,85.8211589489342,189.44465971275824,206.06512691663707,179.2093149626276,203.51268991778855,51.80558643402422,318.5348153764241,-5.667722120810077,161.80446805053774,105.58171224434533,52.978368761484866,83.36069237680519,-160.08440866549896,187.6188129166444,44.24390404076438,69.65375172364497,111.4348140179803,48.55678249629176,74.1688945527099,87.34855547983645,127.07046608196146,109.0558508117977,-39.8072138344741,177.79056331926213,178.7852353465367,138.79811403040898,-44.234187155318764,89.5567876688807,144.30470038937472,-38.58841917290536,255.92238780779869,156.04543832486704,202.92646035475607,-198.2501808411819,83.05848552594877,50.718917864892234,52.449393493750605,166.10807076992864,-143.6757348492708,136.23072349361743,-51.53373674887358,166.82747728192209,68.48731281040004,80.13463352261925,171.5713606240135,81.52843651854462,138.92823296689502,17.2391994358858,116.35314019164059
192.5200586316664,89.3711393561193,98.07931100821185,115.38153253228383,252.6767794738703,194.31103740184474,133.58777733550966,79.00298044638171,335.3271020935291,-103.76155980951663,83.2482997075741,117.10990188638236,22.35732599839405,102.66032469437451,82.1450749086321,387.0785383388607,58.01019440049639,109.39921540280682,192.52113734737347,117.9774598615635,248.16494171021122,362.1833215394749,107.61373971299801,136.12161134282076,237.7992067658044,25.777178362328634,166.5645792355581,116.79662074886322,110.32739045911397,26.862027373077016,182.45787835326098,319.7068306446906,150.54736478614728,83.6772612836671,86.27262737065816,166.42041072472185,255.61880111778387,137.62549277857403,93.66941996409444,286.5736211417124,288.9054038588832,162.3675598399107,81.93414367325185,121.35121049180673,90.00552239732367,-144.63206081044717,110.11133021642539,-50.04722854042244,66.47249442075662,93.85540038709568,50.89968075190334,117.64974746712883,245.6931710763033,141.74729908111004,204.3337574156302,81.78732515492445,342.59712721709064,-260.72866749441613,63.89575570995943,-16.43482303708254,170.54047635341593,137.61376796295872,246.78533468181516,118.74473184595905,156.24010057323818,186.8574469298833,39.12866202280777,287.818902098099,-14.306883500777749,25.72713693407257,67.1013331537979,9.651721573867894,121.05797112601384,269.66432948579336,212.2570921168557,-62.84396084278493,36.69189342035265,321.74634237730635,224.65192818512494,242.6879026857454,80.08357563587778,72.82936659178993,57.906253155042684,70.83903329121536,346.5090547626943,143.0046139968684,83.15479601488158,-55.2311015687012,66.54837199646332,157.847722611006,134.2503938699702,57.508895908757296,219.10271727355888,71.46487342049777,-37.38489944100933,240.08762644879937,166.99625117142676,246.98364094049927,343.6958806556393,150.624824885283
-100.70314085913427,-465.986992027871,-76.34977140375881,-146.49149908231504,-115.01301449499395,-156.92173776871493,-321.46865477717995,-166.47962225089893,-135.27002889098736,-494.83922572905635,-169.71311951395813,12.165362401900778,-287.78931645787475,-367.2344742587604,-91.22046626810105,-409.52810839594184,-195.62257548604848,2.3383206538758787,-124.19505245784707,-138.7366491538025,-335.4479263575862,-491.09844728101444,-128.9629070855182,-94.96761814313787,-260.6835554880501,-407.3277137463588,-74.43525671111789,-76.87900292162495,-51.61993018543607,-143.8635135621925,-207.32455046767188,-32.62504463072546,-77.3520161998249,-51.87718628650421,-86.13594348927786,-378.34808861914416,-321.57192358944104,-249.94959616059003,-149.82723823643562,-330.7847625293156,-292.63801319811563,11.871161830201874,-154.1256559575226,-41.60707487114566,-159.36881695448506,-171.1255078059886,-168.65514366384832,130.83079007001035,-115.44544455927308,-430.69097429056774,-26.662156089941483,-238.33685511018112,-93.64324735405985,-105.86588999498993,-12.139940059444307,-30.372235259588848,-273.34740793300597,-187.29530206401287,30.00107666981016,-172.9165294783359,-8.093650507742945,-275.79118300751395,-188.73927843363185,-147.5361829161209,-138.92976763903164,-154.03087965579795,-110.39049250962816,-93.16657167053158,-138.64614655430913,76.81069863218882,-21.92189422207859,-179.1396870028395,-267.4902631294112,-339.1003846026244,-190.70129800925423,-254.90349129205302,-48.06497593462826,-323.3682415727352,-251.35122728202003,-212.56485564340193,-203.87792258868285,78.6389632013448,-349.20826821770396,-61.13776368485804,-407.9637514765148,-150.1076896374079,-328.05055496726845,-38.12115442830209,-175.90454677503087,-362.4836260422876,-219.8980010719923,-77.13416793103741,-154.05111411286708,-77.63067636056398,-66.57354646157316,-178.2876365069169,-314.23256808719043,-191.07359218561083,-249.12350285911788,-75.59417218181267
205.30970270543924,346.70563483131974,79.80165165474916,216.62668735099783,192.2436916148141,219.95138102353158,256.738917492866,213.35573735162234,195.41063639086215,321.073500492334,149.09273282703245,103.65536242742442,519.70701346632,224.75998519328058,205.21241779094123,448.2820308893826,262.72255802700647,23.55592034919729,162.16379811303847,166.79550149535996,329.7131049127566,326.67248802737964,75.55380795190159,112.34565227671708,252.30655417189467,510.1503580124825,67.12989243534962,194.43536567032834,135.58298377407536,195.21107590516684,243.35044126588926,147.74566495389956,97.43695886907032,141.46356968546095,225.28838061892702,323.3375577344167,258.6775351131757,316.120070171443,186.48533723726146,394.6594399296995,309.089668920288,196.68715954698467,337.59830938796364,38.3879208284451,298.1338790231674,142.89042062526502,154.4501529202125,-120.21029203325655,130.61549187412126,493.2940884456577,82.46886467770865,175.3188924541838,101.4329281549508,176.54970748156546,74.82158408231301,196.04343438662698,103.60527670037415,304.1559984972001,53.05422458804366,44.34185513642431,157.4296886764579,197.6948523674451,239.10127852029473,49.2564380097228,171.85146166488246,143.96185151261122,114.8807601524782,153.43541245307352,173.97764473734608,-25.8641531399878,136.09566948666802,193.95904235852515,270.63412973606177,232.81352861102926,238.65083357168805,197.82547372234086,123.54755930859766,242.93006022697338,20.14930572472219,255.245745024878,90.60663335365439,108.59773352405878,273.1731124430261,144.15581870115133,396.16181015233985,218.02792738600647,101.57877750970124,51.04532204951599,343.9185093624247,411.42020038332925,229.8046971732939,153.51524020622145,235.72519090522573,113.66742342709485,63.195029481307884,195.35378893765866,280.683697692519,309.73086693247,201.97312851809602,118.62874970780784
-130.25448907789354,-315.30004923076365,10.189935662599783,-222.01513594136833,-151.7910955661878,-142.7593140703584,-242.73692822744854,-340.36596295653476,-50.28914833863158,-249.87744500928574,-11.098027140780982,-155.88405427584084,-373.84840920294636,-199.9794281882738,-19.71312849364243,-277.63075392522927,-252.4596301975766,-3.6509703353524703,-38.41937650975151,-49.53492497341926,-149.68093446212475,-235.80116673148942,-97.03390353178293,-38.58148460600007,-166.6736475557813,-346.9327901074107,-90.54369694148356,-116.01835650484873,-134.14852550172276,-263.47289190003494,-152.15622197311356,-146.74028551233442,-86.6764017549406,-78.24779566434839,-190.84381366959013,-275.569770763056,-214.4317601740978,-350.63116578658367,-275.8601291438589,-146.60884108462253,-120.54923748703328,-178.31367592209264,-376.20023308099434,-69.10758968770602,-298.6310179583045,-179.22971862233402,-131.06997392153994,-36.95075667866055,-79.90353760119339,-395.0888630415438,-54.98955276313317,-277.802116553235,-130.45127753147398,-79.15517235504949,-60.52826323080387,-106.93009972025149,-331.037895679729,-339.4230312420832,-31.075036140580558,-127.1875698744597,-1.0153015708800064,-239.91417597636897,-189.7739661183337,-277.533532661932,-109.80076089927616,-47.52856383741274,-54.27532437824298,51.530836815928325,-72.64145561297043,-78.05442392394501,-40.98126689974479,-6.242551396365952,-149.51877610345187,-16.920825731271727,-224.4936375230558,-160.9257371494373,-119.17999671104124,-344.681855894079,17.700554296294907,-147.16427152022706,-98.66823066485127,-77.29966800607743,-169.28947278694872,-141.99823655415756,-347.7478360415121,-188.16235634209548,-33.32055682010321,-172.10119825656224,-298.8662835622224,-415.405444143962,-193.6072691237304,-138.57843043587076,-29.645342179970648,-166.75786438236855,-93.53392612730889,-33.81427893267428,-245.56448948726006,-121.07635591317116,-36.87839594502934,-23.717763260411704
147.54117200461602,188.7290564402996,30.219500612018766,31.212451859886453,74.92973659472176,78.60273511545448,197.13812925529353,97.30027266519187,105.19930024591223,205.2651953872242,-1.8892475597236509,52.31986175079274,325.0435837846133,134.09663434935644,19.79759572636834,311.76463425017175,166.01022369237708,32.96466770293848,95.00777131607855,76.19018104499784,-16.15270536631203,95.99697937551416,-0.9157666643952884,24.231179239070734,37.70108099574975,146.9040580658553,37.67676774635003,-24.595853067765084,107.09833138120591,172.815710672511,0.15583572251430858,38.44051506239584,60.637807767959586,35.1328837910282,163.28085080914863,86.4434497834004,131.4723999400876,323.33847184167206,78.03917646065,34.61028431352416,42.20439707582074,164.85750365074205,210.6847325373448,64.03604835967361,236.72715336362654,-48.03115354461727,131.45596496425256,-32.523213430052685,65.80037625338396,-4.4940394505133865,86.5148816851903,191.14752695852712,99.15984692059419,-8.948359012032896,15.244766993260964,51.48805553894564,35.1823951649103,333.62525916735166,3.6342291573963266,66.48482156458363,50.092060236966745,146.21739367767276,101.83527784964288,35.32889719362648,198.30393688042457,35.68922814565869,43.9805372329407,44.2367256972816,66.8867858846584,93.2339238694029,45.33145031510465,99.40212503358073,-3.9202721549120163,260.1010192832155,151.0111604487446,151.59409414550922,121.25035384829712,165.82425821503827,-70.9699157218471,118.03434155313349,132.79411865095213,77.61722290942906,175.30757998132418,126.21182004129972,222.12175151955935,103.67196062314773,25.338514367437945,121.10636685020326,139.0450177986048,389.08150510760015,66.73029997804468,-22.05997951099411,85.46821057618835,149.87964210116584,72.16265939571643,-33.80808500193613,203.11043532677425,45.645927247934935,50.19399424022868,-10.933995922811528
-243.44270800287447,151.39919332780264,-49.98335288062841,-28.35603285359811,-142.16508038501868,-139.16443370031374,-71.97877408534016,-50.00114173280068,-63.80705199290838,-17.16128497310684,87.88686459430976,82.11317406934639,107.72846204778,-101.58002458498017,56.74822676363666,-89.96194029932559,20.78562236254333,19.842280365462123,-171.41522634267955,88.008946218356,88.57758243880707,-220.75869646126088,-101.5923528221574,-82.00261291721205,-104.4018985882435,275.37161578138426,4.461065672109229,-43.96355869968939,-246.74350236867747,-159.79999218884663,-3.1776529780288656,15.649979753281436,-101.75175508022225,-80.0860928244352,-87.22051242377245,-39.20183691685394,-300.6278820204921,-334.3392957498479,34.12804931283867,-216.6842421984529,-157.19513283559277,-154.46902539532948,-145.77443780361295,-179.50682853182786,-208.704933375359,186.9021082486671,-225.20811531481203,90.50188529054513,-56.039446279936826,183.52638626596067,-56.147235729595245,-141.17790859118844,-176.27537827230555,-51.88752071973562,-67.71394912720375,-90.69777233257103,-4.063997242252385,-7.005423570932688,19.628618943832155,-6.958820449566453,-5.179202597310684,-56.03478009201547,-226.65277378378636,72.71437170879932,-279.9260474474415,-31.52608551792875,-49.08723590944863,0.2627661871267971,136.3040145926233,-71.42874423459143,40.3900011439822,-40.970592115101645,-1.8512547432270754,135.4388819454266,-46.22836153451768,-9.020309891875105,-118.00260091206854,-180.18691646792348,58.221845303766564,-202.4141833369733,-42.48943428341409,-145.71837226240007,105.87457893589345,-201.1227385811909,201.72581267812217,-146.46443179281823,154.82132291553367,-59.03805470964561,-112.03367395697458,-251.53603871282303,-157.92911747605396,-61.862016376503284,-96.24287231451329,-371.1000392414836,-36.48064966575557,-47.342290912054445,-383.2228095635356,-106.76408508331875,-30.23854003381773,-60.81274265338589
64.62579800881332,33.08298085348897,132.03895738177354,-148.9682372821611,155.76809883636,11.423395782645784,104.17738983517648,-263.14928881122154,105.77191901087258,326.6997276651045,-115.03377165971953,-195.2756549788191,-223.04351445642038,105.01792732263509,79.0641640575737,-94.18148377731552,-84.99886265921656,123.43890556459765,202.06000129082142,-18.26855356636171,-165.63425252356254,-56.71223163634038,71.86520859533132,-56.278085783058586,-26.42566255091587,-439.63506115062296,-42.068247217912756,-16.27338541191586,80.99719869949179,15.131763296989618,-122.64104888804651,146.34264482177252,157.50639371937757,177.34816123250943,-94.98621694208342,-118.65701512966737,190.2079375454383,90.11233882346141,-165.9477878209942,173.24309089329142,-15.612147831594312,-0.5227519984275504,-127.53769280806613,128.0200635632364,-3.6155247570412814,-224.93564823220188,218.7621715558496,-57.093809097760165,137.20665473342248,-236.9610145063836,93.9384831611921,-92.32922291840289,89.84835690100847,-39.44134128187343,45.95377570764962,63.92430791659206,7.947309995078156,-277.5264109591739,-24.868562741168866,64.47357977120944,129.2184659017736,-115.27087837641447,62.10058893351761,-158.73702925624656,277.0781191037073,55.367759433422066,81.55408601240542,121.08439676671578,-176.12750901770994,76.25568425456535,45.15858732174749,65.34407806565561,-210.8216822350671,129.7295362916395,98.59706674667243,-42.60338549989489,109.02953180499138,-125.60271637468814,31.385218860662587,56.97327921406469,3.5479741152624347,9.946272259190199,40.02550029327068,109.3451422144367,-67.4884505436173,-41.021001643571026,-105.9801122534443,-17.905439418026315,-130.235876627976,-242.1189369452439,-82.09559825413574,-145.5283967170121,200.22624195781734,211.45923419558414,-11.724427669837869,114.48706374547332,66.23261963384448,-23.850734819915278,130.15644064293397,69.08855675965629
-84.73920296520191,-4.9392069531914835,-72.54661888546798,32.29166436133094,2.594123044692295,28.83187192345114,-79.67052629813323,-5.386396863734736,-96.31535399886432,-264.5525204914614,100.69978516451786,23.420537538699474,-15.603236562911587,-158.61336455297504,47.70139899128161,-32.19870520268967,26.607951676024324,17.046634756598582,-14.911397153596164,112.87788576559053,-81.8947562581357,59.09987410240551,34.94304952087684,95.54845779859014,-113.27062689356919,305.42090691828525,31.012949257762862,31.352754605696184,-89.61370750066577,-70.46697378798777,82.25338178551337,-89.14454288844561,-30.804484916816502,-49.164131182702356,-146.2577772354744,95.01684264564324,-157.69616031065047,-114.79348354707471,-135.44794236131216,-147.88607320738114,-329.66311846692713,11.679282762115855,6.130702435276325,-99.73229874299258,-140.91187194793002,161.468058761597,-95.22539203847428,-8.881906961838082,-28.51726599176065,38.42686936429364,-39.883287061867875,-12.691481891843402,7.602829376240429,26.035115238282316,85.70921653043769,-80.34448225310418,-180.40679847381725,1.4126384155319656,66.98415133738717,-133.02521690160535,-34.89756433091305,-129.34103358074387,-116.8091607837535,239.4609588816109,-163.7239496524355,-40.3522404589214,1.4234428892943607,71.59033951828638,199.57285705779836,-65.7709704078082,76.7817696531877,-121.28747067554457,79.64433735182978,4.952685357884952,50.97918777732778,-28.534963020944694,-91.23839160428695,-115.45590106803292,-64.06605811311184,-74.18603652530483,15.34227509377762,-37.549050863663915,135.79310214917354,-83.87334368908338,-211.1054812332539,-124.37883479113457,-0.42985268681739286,7.204029899814315,-46.253484774355975,-24.24997381290936,-81.83688237353911,-6.108372698336365,-142.1591485148622,-259.1549749260347,-24.25591463156285,23.309146655197726,-137.81021460833898,-76.28070690604018,-102.96282431101226,-29.90545912706446
53.875937219053284,325.058563492173,87.0653326675422,79.30928949253527,231.4599294217456,119.17465785504956,279.69682671092795,299.34503366647164,244.1736354255557,459.78833692622914,3.7203333550555637,86.80997148112206,193.63048475669635,285.90503584392235,121.52421432120737,525.2173649840723,100.77945367749223,154.56427408264946,108.70359752921533,75.37499466326221,252.64451833730044,221.54138639649688,40.63471782613678,-105.23666744953817,162.30579778521738,28.28508421662956,30.01431906133761,202.70870287101093,63.057421505802544,229.4478083875458,97.03274032984264,403.4185093128499,123.76898730038573,193.5206919042369,67.60670934407304,182.88575491165508,191.0689629008278,314.0537008405687,248.94852791408442,294.24100807041646,223.0543250829722,261.80966494058595,146.4688359596911,128.7980615691804,104.57220361830501,46.61029639330307,168.71690507889343,89.17607718690682,168.5728999861093,235.68462757971875,100.55145136584865,188.99535529159738,175.59220363625298,56.92794517500029,109.6746272048023,130.7203396918511,490.9856029424604,-34.63567799957008,38.67692686210812,375.77856705221586,189.56903721014015,158.68388915895622,129.23512747538587,190.83408561130176,237.08977119901462,109.80735291669635,50.339711614927914,174.2776686943438,18.7251341013596,69.01500941459607,87.87273589910085,3.828590502362451,34.58937109239083,394.1820185458687,270.0185310863681,161.1679907962343,59.25625096326771,331.63822508659035,190.348170330109,125.31250326891644,73.27247122805984,190.90954870139456,209.18516192153726,28.988164514956758,530.5563763039443,61.62843494842688,83.51534437694417,124.47994426970774,-3.982528635119632,-38.78842720628979,79.89629760140674,114.4737123242227,166.71863124940413,232.2889681975877,18.26515973767249,260.1935372108796,127.31478279023821,88.49791283866602,190.31638931005438,99.18505581012231
38.5486034702875,35.53290561444507,-78.09047205543555,-14.135155316837231,-81.95231179907712,121.4947535877087,-93.86205343896867,-79.27165238790255,-105.0805664147676,-213.04703461246143,30.43756845733396,201.55919874516252,-17.31600042902283,-92.03592958414802,-21.599468977098525,41.14034806328038,142.93098291696197,57.66125125439786,46.364810267551825,9.18995394769965,-239.56427431769976,-211.7269487894872,96.99068174609602,103.34391318496381,-147.93129228940322,39.15533506563421,108.27857676570426,20.857697226048213,32.5317814235148,111.60022501766355,-95.10282963234145,51.33038088746708,48.464439980924425,-24.268714175026286,27.794616577701266,-135.8950625660039,-124.3210632383057,-278.908339474343,-99.81976123167743,-102.80948581942218,-164.14012617103282,37.606251192634275,86.92408123756087,14.260254816065409,-36.80226380944143,152.03789981912433,-22.092764755516008,112.40741377505343,-68.7977342977204,49.28690887508546,1.8845485150780925,-71.10536595544824,11.301224395405198,51.42550940501586,179.05858499774828,52.812386920355095,-73.64868767309706,49.869472371532765,-6.880371129486478,-47.29486564966167,49.50185612016536,54.51046863652451,-100.48652607407745,16.93254399706593,-90.31494241073051,-43.153128062389655,-43.59144481927921,97.92868724354159,273.21897823652364,50.297325603583594,-54.06894693056602,-10.536607811692598,9.477866442746752,-32.68040438641832,154.86649858670995,11.974130395951343,35.83881975702361,-222.6727409812413,-206.3410832190097,-73.88361528806001,-47.9908061162123,37.760752849714464,92.06529273906652,94.86440987690673,-201.5462832094656,10.011449781970146,73.51493396115441,-35.420182165354646,-42.20305254035694,100.40806372434538,-55.126019156748505,35.012919464921296,-73.22326053053688,-153.2730965347361,4.984244905826038,-65.6268673011086,89.34819578117302,-55.444924377105764,-213.4142417563514,-9.016404741368769
92.37432233532807,158.43697713953486,40.8630113180561,129.86848219314905,251.7962195095749,279.9264904039209,239.63047942037096,234.28839252093363,224.6802461247547,584.5833011462195,45.0138785929465,-129.14201563095588,216.94668780252826,231.57369835541868,224.52736573650512,127.93142223362683,44.668162125251776,80.08953415169616,182.67294432071967,187.90885859250875,293.4784287733261,98.17203922205752,71.59866445461,116.95339429094453,239.88370203453852,207.91911829847115,32.08950828365925,205.52021847145954,34.55370760651224,86.5925408186823,162.6460249834014,127.53211510292067,103.4585756923668,232.38743912224305,-13.804070654726226,422.2502003230427,241.32614682522612,245.3078842494502,251.4133011591575,405.2143611950545,147.7516443163781,-35.89866754430689,-100.36036495500507,-65.14115454075305,110.94444860708639,92.67009930365705,170.64066155262833,154.61328625038442,216.02811788864335,-40.951438574603465,94.8009308194718,8.942436048596539,255.8957106238974,253.4956547899043,85.50636596394608,372.0278991189458,231.35185762310937,137.917471132537,132.04806292583777,-17.800695929194077,186.0654464154299,-22.350071710311475,158.9147322601869,282.55823651425106,273.9961632835712,78.49447271926023,199.78884206182508,197.19909815776978,-1.6264530780472868,39.941694922381394,193.82607905115532,108.03244321786215,183.19427294849177,12.00896692791233,226.4921854026205,75.62003110953738,107.14532815150585,240.99690571747234,345.8103187433053,237.21430275564734,70.53998176839481,316.4978902980091,-72.36365698903357,97.84123279274095,290.2606316842827,23.716039918563723,-123.71502913838506,-51.25746180310619,234.6450578107478,73.48191152951647,123.7974810716527,77.84559272675074,223.07668432793076,248.75668297309036,7.515253859429607,368.0764306227066,422.27839041807607,233.74706675439216,125.27535322191225,81.7477095410755
205.71627913656334,235.46553705355595,104.18025303892273,283.96837170130595,112.88688147191965,344.12653974021003,267.57751700720405,482.0523063794132,49.15382302878192,285.28787828529437,179.52155920535463,335.15357297110864,476.10063099839914,302.83559825069386,-12.41544861429921,578.8939447664443,539.4657668555149,152.33251590092618,226.84373300350188,54.65744858144914,34.82954776277716,327.6446817792189,245.03393898768203,307.1239280990307,95.26755972349196,432.14587579035805,355.4798118753507,368.2349851097051,315.9581929348408,263.8682009338778,220.1624120687482,157.39346537039415,98.61652986529703,231.51994760608957,406.46964795677803,121.55511763503871,363.33898774793914,319.79042389788174,250.29394045089563,136.3605500798057,229.13963986131213,378.5619192496944,470.0458182148979,145.74153268003852,359.7447914301204,618.8005611855446,164.4436779520997,157.9119900428048,36.80911121142986,650.8596515567509,-58.60183695683272,283.79093965660974,166.2033481006628,151.71816228210886,253.08515937025,172.54833217121288,224.1424126676435,656.1495152613155,71.28376537196955,262.26309519589734,124.83278559670762,372.41035064521094,211.0435059700338,382.318952084985,10.872449286781661,87.73353956448796,-34.629212853280215,130.60018471364458,323.4749705395205,89.55467761323268,-2.4371126751502747,289.49242219288027,352.3432549038146,413.01644702298086,482.58342383871576,427.04494177202514,138.24536367162523,321.16402138298713,137.20300117044758,139.99303879145202,210.8455968214638,149.29946538579145,518.6704858150072,312.68141070053895,377.4229325509887,285.0036433985987,301.99356269500674,372.7227034815739,192.70703256155394,588.2779658445806,463.68255984721907,368.6653066012094,130.1247268956471,162.24520097979877,142.58125853535137,104.33530748111147,404.38286831065454,267.5025273837612,66.906913813876,101.68032866354771
-61.506202400205815,-68.91442675485645,-18.97123012803037,-53.52241068544104,-24.850598271063497,-64.44330642708461,-65.63973992177412,-92.56833432193109,-10.834626514123439,-87.76941710894668,-20.2369206428225,-33.63430859590145,-92.50791134708071,-37.11297751929715,-6.242644128641952,-36.54092658185184,-46.72503199429425,-3.2800242035371636,-26.63222769315135,-27.671342781770846,-44.55739936264285,-55.93225615289291,-44.479198947470934,-27.79763168883554,-40.01975021366466,-67.83676036282627,-32.068808313469,-54.052018691515244,-70.84337896764838,-45.168874818147415,-65.45255553817005,-8.226045182193852,-18.42936117155184,-29.92000991491539,-76.4619874306552,-73.30189626831651,-66.72905143347336,-83.88001600213921,-92.88133434516912,-60.66138378703241,-56.39616581758814,-37.03975741209349,-45.85563306437101,-41.70664991680615,-42.7269118414043,-68.86585006788793,-20.797704689464464,-29.90055855897574,-18.764975328401825,-45.8381876100588,-9.133889250154349,-77.06643257776358,-40.39810607869373,-51.49021189517464,-8.977316759684838,-47.149942579754686,-46.902786605835104,-92.3551029056631,-28.244161321500613,-47.91682880489515,-1.213408104322061,-46.003145052870245,-59.405531025542885,-51.319597734013016,-26.98643316253306,-11.352391448202285,-8.975433159693694,-4.594945711250463,-27.017356973249754,-13.703886219570485,5.0312468006041255,-54.949933550459015,-54.42470462245348,-58.6386826007656,-60.67254131852518,-67.37090312520341,-18.354564015851402,-65.47957096638125,-37.80793255450918,-90.36218196136764,-33.777402506136816,-48.48995292600568,-75.52745823822559,-64.43016873211918,-61.81536585531836,-36.63239762307288,-43.96429816865422,-45.74753551351856,-45.46925126148751,-46.12708112590112,-68.52401975561628,-38.1244504899069,-7.854469988213352,-50.661855930706324,-38.82484269680022,-30.43174830481506,-57.44963602208017,-50.09381063430489,-17.242257911048963,-28.252015627758876
85.67466516052177,50.59499356211438,33.56306013457111,63.509840080637744,24.165449672393763,57.09612727947955,68.03088564784821,99.94672550290855,14.33332183056134,111.01738495889957,12.328488506041953,33.23434333770471,97.32056326426189,39.96113836262194,-3.78538099747912,-11.320189465915234,45.619682597248044,-5.195787958781355,26.802745326392547,19.810036547103916,69.02500267267276,42.617713566164824,52.917370021322455,42.36864350808932,33.57512688789292,73.42596358354434,36.35637857745571,51.499289847553825,81.99491433817873,26.02166224756898,55.9400320589369,-6.34969686279541,18.996706953062354,30.520893034407425,90.66973985155813,92.41662393802505,88.64641606263244,93.01138627141988,98.54951311091372,67.25736830785007,64.4775219144853,41.58563154042221,42.04802927111976,46.75733923564118,57.83642643824444,70.75265144551848,17.48533809101988,33.325191844614096,12.88573961765693,30.893876372018823,17.31281310289876,75.23166326519826,37.887810602728095,65.37182899645646,4.653326212902356,47.68020063406322,53.94931697717232,101.73506022868858,39.7185672824385,49.41056833025384,-12.152619308151534,59.614573500305006,70.6769002204643,46.103137357412926,25.27103195736962,8.978989112660164,12.344003520292434,-14.182521273585653,36.82453114294211,20.496856124012133,-6.081440579629285,61.01661522683923,54.292296762723524,18.9768672509051,38.43165332995448,76.69530638627141,34.324141489523974,72.85255742377832,37.194362805098486,92.37744562773683,39.36276056475756,52.44425952143742,59.33471679362417,81.18480834885082,39.2009612915683,48.81781296323722,36.525009006707535,54.196121587165706,43.298453272185654,36.158093011319835,80.08896553031772,19.378225099951603,2.922527660407785,47.71495440248477,50.32668774705145,28.0388423022922,70.33697556429644,64.07534059023283,28.196171713950996,29.788893888651227
47.203479879409855,75.03140309566167,9.940313735449093,46.54157104415502,4.755663502323144,40.654921212184654,41.87019373308152,40.94565676780574,-3.0472823153539377,52.19699767445384,12.414610114535058,46.26336061824785,75.95914631159953,28.647692429973006,-3.4159619609772354,37.5701713952179,39.280648958363365,-0.7546891889074073,2.2875182636105285,29.92786496302209,38.27082153259328,37.8894166815052,27.86086886748013,19.236806210250187,24.8198609079945,54.848757099424546,26.5100280010633,22.611184676248953,48.75050929483144,42.974476985006774,44.01724371160673,4.604535471545337,-1.0203141245746146,3.7377852934599556,77.70485155681445,46.39396963350376,44.49971032491653,72.29109484102915,70.51714051411368,33.87235756494118,45.05081293091728,33.419439108416206,58.76866544200246,31.65193505357322,36.07115355888593,54.156852397910626,0.33453134954810443,30.543043430825985,1.5855623809331203,41.037504422196136,-1.545208690947617,91.21901554206042,18.191531890054446,43.7921302955989,7.08594667150495,39.39770383638886,41.71716730210313,60.16854194294326,30.339956451746485,26.56788924909595,-7.647503582835227,47.50010925035206,43.03781992818546,32.73813429931278,6.950160573748085,-0.1832054219516696,2.115474366477614,-10.353970301611584,25.67044657176953,3.0863011096403867,-21.349945764646375,29.079413694896296,44.74743749410958,73.86226311450629,47.59466769729775,27.5672179204232,8.948421241265763,52.620657567247825,39.8179492564764,87.96785406449422,26.12894092555252,36.40746227605807,42.925001682065265,48.26469216544721,60.18012091272516,34.29649551073621,50.284642576513754,22.32435106077445,39.805262523872514,47.77468972236913,66.76790980581602,28.923354937516308,-7.444906131426092,30.821336557891296,25.645142244256984,12.716430512646971,45.86974746982935,30.28439766671251,0.5878195354064513,3.6800061238356516
67.57641569653704,72.6362228411427,18.42164947591686,40.23706814821618,8.705603510678364,43.51129307993705,40.7098644093854,79.97930159541124,6.770263388641035,87.29419131452153,3.961499859265088,36.108078099793964,88.05926707639478,36.395785732495625,-11.404202621825807,55.063733821676855,38.61961130863895,-5.001967136644478,6.165148876714702,13.586559633167491,45.74228703650456,54.32441468505294,41.534974109438345,14.786519631528305,36.26054870139819,57.95098806709895,27.597959679888195,42.737482760544154,71.0488865327968,26.422105467202783,43.60061058090196,10.741081593117753,5.553512320047139,10.829755024718441,78.4919414483572,76.61938065599945,64.93181543294007,93.94586113204893,82.2970945473651,60.138025820734484,34.269031840205024,35.1206225872132,62.49281273064304,44.83898161512502,37.89475411096732,39.58329861344267,10.640033748056252,19.172858516737858,4.178019105979055,22.722846417471793,9.289231052146212,81.3184252726136,30.128703384740362,41.43324222789826,-2.4084896820877257,21.697526786835056,53.11234207055888,83.1298327308713,28.862938920006744,46.195770974109294,-18.846356428971234,56.00566021533951,63.97228592704777,45.277087166782465,28.53747429110401,8.073525076137798,-0.18022074721856315,-7.517150663209569,17.695943736747687,11.640977632220507,-20.55044928063281,39.23256250226774,37.35776105122906,30.207225198791765,38.38598481192824,62.88583051490727,12.928512082123035,73.38114811873697,22.338806174260355,73.45893302674752,28.200297734685044,43.934138789759125,59.13579170308193,58.86263975378221,53.68020931643218,40.41135890575339,31.50534000690055,47.71429840001144,28.194923880859154,42.731701426248705,56.75022859897173,17.68724646976058,1.4078780244731564,57.67789206960702,40.358656390068376,20.60591013107383,55.207840419613284,41.017694867029235,17.184724822017788,15.44651000002453
-446.97250489706505,-173.7863365237659,-105.64032455827336,-266.9975288014007,-275.7223342011267,-265.26880344096304,-222.76812383253028,-114.15948928750518,-282.0109693704052,-414.4957266880298,-64.84350628051423,-134.95222202903784,-441.75078686761503,-345.158152014015,-233.25502474925653,-81.1940925030344,-113.24103840792195,-145.00448044368943,-189.09604153046223,-142.83308292463076,-389.20245911842557,-228.9156669370169,-117.47348293862987,-327.55336192933123,-98.29468314485048,-99.54511483425306,-98.68913673280471,-177.6677564204499,-314.5750596721432,-94.61226281672714,-233.02987799503197,-246.50836598713687,-243.16809840398832,-206.74468483401046,-251.60741581163768,-541.4671902663871,-332.96315801320003,-283.0627890544854,-199.61986004074876,-343.75656536195993,-51.78352705868035,67.6815907454841,-101.93575888357435,-202.4223562430328,-22.42099532603551,45.74676353931036,-141.4788142422018,-150.51551425791237,-177.46699630616524,-14.211620489910542,-249.5015639040541,-208.9151167567901,-228.33439181577123,-354.45645501367744,-47.07987297288465,-342.3385140263258,-59.14017561117299,-399.0771812726008,-285.88390412781627,-54.345850576223754,-195.80319307104426,-117.90387703032916,-163.2372865619708,-23.403385894188286,-242.06721434798771,-137.89133800147494,-112.64801613439286,-298.1973749061727,-209.3912954724564,-185.77325273454682,-241.92526943924057,-311.48877035978177,-166.5240368504413,54.72482363721666,-185.59193254171663,-341.71268822313453,-293.2623634840294,-267.47900109615745,-197.3096476545144,-348.26227361529124,-14.924298723627732,-420.94920320532225,-231.63125690464946,-429.53552941953853,6.709741356847123,-170.10059467922335,-174.7371920116658,-86.41631300919428,-131.55095998778015,-112.94228507433583,-68.75773086662917,96.19641860657005,-256.51669731001704,-227.67031890888254,-163.1979610973893,-339.5303048500103,-242.90127468875386,-369.28568544564683,-225.33150172366413,-225.8978149742757
-146.62412968340914,-173.55393997683603,-97.22185336373231,-148.10518477632576,-95.0879470539435,-173.2265044721875,-127.34627921459304,-305.71852866966947,-64.09261635069066,-244.6309883119402,-49.06254907527327,-148.33059902531434,-244.9635261891362,-109.68630261365006,-14.360571092752924,-149.65187420399883,-134.40515244016956,-30.380978456854375,-103.77813802697844,-54.9255254808119,-128.0408201883871,-126.94663255351271,-109.93054031988264,-94.03036471507212,-104.19100294228821,-211.16511299093017,-99.6243403745267,-151.21782779711776,-164.38791232331366,-88.27059771526491,-154.74187613848773,-95.8489606454744,-52.49715353840417,-103.66819611523529,-243.16738182535,-151.30187639958964,-193.52570657791114,-226.70526381792314,-259.0230842871462,-174.5504650011705,-144.91196210881364,-173.35583231882111,-175.40870115051564,-96.5468926313118,-156.0809400637355,-251.64693599294216,-106.73160929581533,-73.71362664006992,-60.098109687682836,-167.45988560936865,-15.503247696829654,-269.75306831225856,-138.02745918882155,-129.38029177932862,-57.692975337803254,-99.50756042112664,-182.17633479802768,-271.6821520312828,-66.94046338324816,-118.27266293523294,-44.62434008992741,-193.5883031911248,-173.0684086357369,-136.07422774395909,-112.54654766588627,-54.62717129351086,-29.320651037972087,-72.74964237127571,-111.62625991250108,-28.71022391394386,0.647395635714092,-107.28994485958408,-175.16723862058518,-231.87263496347936,-171.20242705184288,-174.83350239287805,-70.35752374734338,-148.92174267111568,-162.29329496909742,-214.09577237506642,-83.06293706691349,-139.84557348675193,-211.63537468065078,-163.89501030926135,-178.0606267272889,-112.7651532847501,-146.86309154394402,-101.1914649534143,-94.46343281471901,-115.46090415820629,-239.82258291274601,-136.25166924317142,-78.81623929554964,-132.2698044462873,-63.83526146064456,-97.02928264722686,-133.64417489199093,-124.7391406901799,-102.72636235332888,-70.1828619692651
-145.77679940801187,-87.3395902667974,-38.98721163476159,-101.8302242259375,-30.05494092657564,-88.94807921539042,-62.15400572613709,-32.419034750201675,0.5311956649748039,-113.096872946749,-32.89399594308469,-68.55699593970924,-153.45538639086766,-65.24709756036292,-6.652655802922856,37.69093335861075,-33.621355382789076,-5.436086329289071,-17.159090512548946,-69.55735249234326,-100.49733948569845,-58.66285872158238,-36.90480705766968,-43.333759368244664,-17.959460107488315,-98.4493113676633,-45.646762622059725,-53.34280898133008,-144.30703569178593,-48.81763725539153,-89.41375129239071,25.694487757535693,-20.222684032466365,-3.5260785213721038,-148.5675843547708,-166.5495951789645,-50.48779734990696,-124.90938995422965,-94.17432956003312,-74.09798687236051,-74.42620823797935,-12.044415796487948,-74.59475977145361,-102.1866789581134,-47.53921060153086,3.720513415724567,31.742228351101705,-56.78474106227072,-16.13162952128094,-63.43458730081755,-38.08423862500971,-41.49705259991176,-38.697623528740515,-99.41322479823052,-1.040896588221715,-46.158632947095676,-7.217051025805152,-68.86420536326295,-86.522442147462,-29.569420301013164,29.324366389157273,-77.05692690285096,-84.18411161044095,-25.979676936559542,-26.361848905285388,-14.670533061347834,-2.1818263352698564,2.7392837631301035,-22.93053567275091,-12.933434709282443,21.049711000419798,-98.7633698524005,-78.21212266029133,-122.39932593996821,-50.51840940973057,-119.35847860491639,-42.993971437003474,-81.03193971458131,-27.492593367882357,-181.03958530904814,-49.884179264933934,-116.12384401911987,-56.45894673217764,-131.28997861666045,-31.75565539623924,-66.37679747647339,-91.03699368047565,-42.62375794818416,-51.542830020453124,-25.65506432528834,-86.72478880503147,-10.436486631931489,-2.90052942021314,-79.62318563135034,-82.56520547068983,-16.69408420972008,-66.87384710731453,-82.28953142366376,-35.75235142947874,-43.431445927858135
-139.99257896090882,192.0610915495323,4.144593694592727,-36.4055548886358,-8.992156006257423,-141.0637955231477,-50.76559935182553,-14.234890587992517,-7.8634656647997,134.838315025292,53.93593419068327,-47.269261911236924,-44.01819150700035,-18.784584086751426,8.048378757861146,28.719501731056965,-32.0015138380346,-14.926343900934672,-110.2810282703258,35.27070077104641,46.7947505114085,-78.86070737501568,-82.36111504817411,-33.250087071964636,-136.2154506739579,-43.47533989964195,81.57459648257704,-64.31198413139086,-20.34271525989344,40.28930579549815,-36.55199103401179,123.60971868220683,-92.10443304778079,-29.466194542053646,-44.12372631108676,0.39540229145387135,-188.4870333176254,-107.72553739888431,-6.961482705979339,41.849452927418824,-39.00761309337192,102.83143216321815,24.677580043296803,77.22342650029448,4.479330519278028,-86.01713105103602,-115.33234742826912,-23.20929530696955,-17.60109709353082,119.06730737962968,-78.30354560501966,-97.98179903266443,-122.10319402620925,-74.20802872569017,13.488972897036,-60.79065636209443,176.0154571425242,-31.056048459280053,15.928476315207172,78.49346873791883,44.2817568131765,-23.202452998659762,-64.91713249618564,176.55143357632411,-15.908696123004493,-52.528434143943336,-113.2518839603332,52.346964940451514,-98.94144401923703,-24.420540662868596,-32.88458745732175,-91.28834978479973,-63.13150126235983,262.1631520692742,45.25127349406081,64.56104687003419,-144.21520639865992,-125.94988281292476,-143.52806736301676,-0.21033105176325978,-41.45733039514055,-49.3813250017656,75.65418698509791,-65.49068924928254,-280.0452324009836,-69.69663004308852,-2.9089278022991496,-35.549568492664655,-151.9207508664912,-331.22958881683104,-51.81464943068497,151.56862924968516,53.30305892945461,-90.59322818598979,-24.60506039047145,15.508372522190365,-13.060420422928061,-63.61243074695315,55.59600448926403,-101.89892062816814
49.67633164352848,-350.36097221521936,-195.37197547250304,25.637276993262887,-95.00292777716864,9.418186057599135,-178.55405264684794,-215.56060203508918,-224.4716691551959,-417.022446003854,-35.22816489231905,-204.28245330093065,-91.97398718721699,-256.72974792373503,35.7147384563109,-517.9107948735905,-109.79585713042604,-151.03373660871154,-131.74656265717897,-52.00637819834035,-175.0143152129002,-172.01327027529632,-233.81355056465173,-29.448776388852593,-72.74839851074985,-54.69588349643355,-316.8979780296742,-184.40690494576228,-168.04062813346076,-107.09631749082504,-14.744254394619565,-378.52174857144377,-108.605843137919,-125.94166796750505,-65.90719899380674,-156.84827585487238,-284.88933005188125,-233.69241419326565,-91.91957959272689,-337.64250505735015,-115.62450288246048,-451.73120885642203,-331.27641009357365,-215.10066629035015,-149.23416756602793,-81.89247340733169,-136.66821186943287,-61.81595368864065,-18.38583545076825,-283.3513739704066,-120.26030761838922,-484.2081605191408,-69.62694613967932,-61.71147875473416,-148.60666553913032,-56.825684781665224,-582.6899355663504,5.047205570289974,-121.58974385580557,-358.622518831257,-110.05160466314646,-22.9299629783561,-130.74800871543997,-388.15994732767814,-188.65714524759295,-131.9949791332655,-14.329198580624979,-177.56882065978164,-186.6772001906682,-129.25276455138066,-3.1947180848857957,-87.66036659718877,105.66676902895556,-329.9317768969704,-354.90884284185086,-231.90193807914275,-43.692273846478265,-361.7299423282,10.803162923968351,-18.513093648673056,-85.14146448628827,9.993779177844944,-432.40369751563196,-87.3318199022975,-119.7150171001998,-76.705277524834,-238.73161322162767,-246.68999145525365,208.00684677148809,-47.09859624778136,-138.08433377058518,-340.2057291004631,-106.85630152511442,-8.880241702529947,-133.23187171168104,-92.81891791431707,-250.51027562632908,-36.57994732018571,-344.10803978931864,-103.76208495487697
-71.77255155408177,-24.37322803946637,40.495174046437974,-47.18614584361772,52.62975994128529,-12.872567765483414,-63.90354065944259,5.278585340386913,74.01120449754609,24.756216849084726,-12.48675828870224,70.92712138751912,-80.76151304573119,-36.61287428602601,13.271922158355217,81.71908610887876,-81.25788244326685,49.689393717573836,19.883409682545544,-18.604260154513543,14.946795163021044,-33.35839634708787,-18.294771630523716,-13.165718588416347,-29.385175297545494,-47.014357550436614,17.568280060451016,-16.87753506307823,-73.07355236600176,-8.573775580041064,-55.86563782734029,122.8421826516148,29.41256122026391,36.26407155889022,-48.81666387651241,-99.00539100028455,-23.674072152977033,12.124348895109879,-110.85874487961551,29.710184575298104,-8.374116552995623,66.51095635496746,101.03072797545944,2.8764066631992535,-66.87622450568858,29.302413140361857,28.57255478880529,-39.25040169271574,45.427508677595426,61.132472483970716,2.886653822832905,68.25846263725785,-2.293934407077332,-40.18803487582566,50.06410616859672,-43.46814967169036,85.87194445982618,-148.3574597961667,-10.67786050681779,8.421587972943668,81.81360180807403,-67.43922068055598,-25.773108246762447,25.96599712413991,35.565751581136276,5.471872991184676,-27.53322015971397,77.62057305723484,26.418191202925843,-2.8822112390459056,20.697771477080057,-23.837289357742605,-82.89863219321892,64.56438336577234,36.85895161050143,-31.701800931577655,1.4475094323265878,-30.910458845291398,-0.26475950595085973,-70.45844198998428,-15.494169240612392,-22.27866090845777,37.648744446035785,-60.65809638981524,-65.25714582866128,-36.33498901036504,43.0855063455019,-10.73099883185895,-116.76799151936767,-108.72238256133797,-18.914945539664075,107.94793899949792,76.75898151396929,-72.07248988666069,-76.92021722658559,52.001621658378426,-11.349569828577172,-28.991546540617886,97.36846108300895,-3.5789757382521366
-30.2824812981734,-121.01309410678041,-25.352393763109806,-53.01961273691396,2.459341954800863,-78.76973060989232,-50.34565782999612,-135.46579795755784,-9.697205338152923,-120.32619773753049,-13.5616930308658,-123.44447418927452,-80.19027707534606,-56.39181285024983,29.27246626599247,-140.90548598453202,-80.41462432155117,2.0006052711871267,-14.080357826225566,-20.519010973694787,-44.4756816791775,-86.55172316559303,-88.09548711672765,-38.619913409589145,-59.33926463768266,-126.10537430815519,-85.90310472428753,-37.83354465594075,-69.75020765073451,-74.19518832243607,-47.68526943124626,-24.689029037348522,3.626759097111879,-15.397651052069756,-77.3911130629327,-43.05430871179537,-95.03320192034073,-101.42049842826006,-84.9922136993882,-91.78120894919263,-53.41741921417096,-106.80126384987437,-145.01373894892376,-52.2288025567416,-43.877961319822795,-134.73047138933532,-12.7726157405125,-35.352624778149426,13.279219047507592,-86.52196953502607,4.463682450573903,-135.3888303100327,-12.129777100564075,-46.368361282084564,-24.1950008456291,-64.01957567392763,-142.5844503309398,-102.71476085789782,-51.33687449881389,-79.41756645704876,16.963419203211753,-24.52996753225785,-78.10277247547442,-125.09651950919915,-7.982116776280051,7.910039948467496,8.99214282243331,1.5696226316157147,-51.90378675543179,-5.765054281950568,33.90122353133205,-42.05025529640336,-41.16002225614478,-87.01339048776683,-110.73707068050801,-78.26490278308741,0.3789289763715356,-125.97968761563662,-33.75641958855221,-65.06846308135697,-52.760964444350265,-33.60371670096615,-118.1243344172791,-61.20950175052696,-113.35662088221122,-42.42810276692758,-73.46169112510994,-93.77761519642011,-27.52199455441721,-93.27612707472085,-77.17185874723593,-108.50283342357355,21.661525851709378,-45.94121182436465,-38.43492343502958,-17.732385708403285,-132.43315445740163,-41.273713219871915,-30.025200593392757,-3.167919867347535
-4.690034350428806,5.840449154066021,59.03392529805325,61.54264979785023,-8.555111726670235,4.678657347493708,-113.96189569344048,238.99702464625537,39.569653248619325,131.42175088391838,-4.550401890249098,251.82675957369793,153.00202952180118,-25.601683245722164,-28.660216962227487,34.2566986914656,43.10987780123232,-18.08470898882246,-58.638862481975366,-1.8593057700539808,50.11240336484929,87.51681689721937,1.696940923583388,-29.371948813094555,-17.801271673248884,166.08574702575459,116.6679524936199,-43.067612805776115,56.38752147822746,-22.067540895299008,63.58930423982743,41.38793470942058,-44.974847408218054,-61.878745150612126,149.74529993657683,-44.69637124536663,-36.972515751611105,105.09582018037057,36.609612434318635,88.43885704261515,60.60818206636993,101.36103164954153,165.74517181668102,8.240224508541335,-68.20889066751846,67.70846221241511,-136.21387551510696,27.92082904467556,-38.40891957623524,125.14537230264585,-26.576867227471237,237.03725586726134,-56.24376645676565,57.82410055494732,-10.063875232879834,25.319311031132397,200.33320309086022,147.9184278524899,54.57677117435606,8.516039440591772,-39.033970919070214,28.915202696796385,46.82469292959276,132.18464262318102,-42.19743390160129,-5.0879798446327165,-78.30897989398443,24.83882069178841,82.74357268778007,-25.489039308878883,-65.45333570396292,65.40563695343896,-42.52693655020437,53.220856957756084,-12.38453832484756,124.94992351296234,-14.324704736202795,84.31519545778183,96.06971166831563,53.929396113078305,42.50890545589537,64.38895413763672,194.72670030501095,12.091189731727573,65.58580691817879,-25.908513749033574,137.0322687332384,127.47652815647672,-79.58088301351881,-126.62976962365562,64.25293428029559,34.60476064974311,-79.42933352901991,40.329553859631694,36.810420717820406,-49.47804472865183,41.36903982149284,38.48834311738267,155.927874211433,10.306775536904437
45.90353802719962,52.09053095420695,9.979788190259175,28.620390791127225,-6.328537919782501,33.422288946454735,39.863635511891964,44.943417279129505,-11.297409388855083,61.94212905202756,-1.9245618216343348,17.77477304769698,61.37418007399544,29.15371730050538,-16.11354027279194,30.157887094181678,29.180501202498284,-7.165965160773503,-1.2411612937709846,8.58686616195736,26.598872567887497,50.833109009200236,30.168978151284026,5.590174243021772,29.526699077426308,46.24121969472748,20.437781907473067,34.20107507017856,56.877356449113755,19.441323142771118,33.122790583630916,-6.998880946574846,-3.5354606029034357,0.866509144918596,58.495059556374656,45.560231137903926,53.202601043263826,78.12381480776972,70.8242677250891,39.17569737672256,41.79211869344993,28.115318537661697,44.946513958732375,28.30458148559007,37.67357893347526,39.924984137796606,4.6247289578994595,15.0099050645207,0.035933592784394196,20.405199664482637,0.2829462717655817,89.51930957850111,10.412257148044782,28.087036121905683,-5.304231676231373,22.853996574103036,43.940985431753234,58.16870310863553,14.71374389119901,40.850400892432205,-17.329796427280336,39.05204832088143,43.45496166346326,28.79613241859797,20.819934350443447,1.6338940550182017,-3.2964731912576988,-23.452938773011834,17.182600849357968,1.3099355189037436,-29.66399167595307,28.38167702112273,34.84017369875796,43.41849544863119,37.96665524634843,33.65644176401797,-1.5900828103877163,60.973839036561685,28.50671568025683,62.72227841522919,19.355409722139697,20.540380690906996,52.6043724799673,43.97799556629187,64.23780121799837,32.2540978401785,24.681331384895596,23.34394714162355,35.60943210092728,42.11404221602235,44.546442899991355,30.729907898001034,-9.542905392253607,47.115867003662885,25.44120012308424,-2.21578971596069,36.0234001540416,29.660535565916014,3.1037161845684476,8.392785707768432
47.01286477643256,38.434428375904474,-8.104636929967825,25.25678478074937,-22.906740540798552,37.47325525112697,44.31801477149189,84.13768399127328,-11.421911085996124,56.74740879740659,6.668371268969203,30.21925295246015,68.57527373039593,3.1155236343337056,-6.841629431759744,8.534431881169676,11.799045470893715,-23.27496444108789,-14.411639804189626,9.581103572401506,18.163132474933715,24.862161410887182,10.300456802801428,3.3733677060179743,11.261210423775308,41.129337534904465,18.830696034858878,12.441667300167065,40.969814192896905,21.195328456886717,44.17514342218064,-28.645992448073883,-18.067298517402836,-19.951098969910507,46.21556167380995,58.59430119596906,45.722318253332396,44.197066450742646,62.14436530125345,48.14697833988464,30.166925646644895,6.382183221742797,22.67517954049923,22.855122911040233,29.496918352103684,29.615075590587125,-23.449716372623538,13.49632761930401,-14.458653576803732,10.145217396602042,-5.7715101243300815,30.238333813106454,-31.801049812313966,36.388504929171596,-23.210449263233418,19.912084634069668,-1.968804721025028,58.16310318816442,20.851005528454497,12.526617682721673,-29.932213941277816,49.26139139774669,42.83236777589107,-1.5872593945083222,9.832577093006044,-13.646250149560599,-4.326918645125796,-21.976179475781752,17.372660439003685,-17.997291219621502,-28.849596293120328,20.725055043965273,38.193646431056024,9.227852478384063,10.409673713460585,49.165396645870295,-14.149651020349806,37.92737848487825,14.042513334373599,81.47004387944634,9.898983098708735,33.31831637147066,32.141390535499106,36.595986478941334,4.264066708919452,13.86801998681537,24.878287032857102,27.744890912999946,19.413664838334846,7.5823610013244025,46.80162222282365,-3.045097740510893,-8.962590320780592,41.20708938119399,25.182977072755282,-15.914581812698879,27.111961628922426,30.523797985950065,-11.417778282980377,-6.251090400152152
-56.70086647393637,9.601758116241554,20.688455616609335,-25.5478583777225,45.30767284480581,-6.796460227424144,-66.30477843923376,-37.66921461258299,20.885105299953594,-13.030100111813473,30.318110383593424,-71.75689657914344,-75.9654475487254,71.50547137860428,23.69390175214026,201.07953595011173,-15.170218496303493,35.303550444162376,42.97398106559885,-55.08954659269901,-50.64078750049878,30.557803310968804,-24.730598100424622,-35.36643240213351,35.62117421884282,16.283604674579323,-43.75681079559134,23.51734823086063,-58.901751351675166,-1.776538913166377,-41.83264729379721,57.34093215929234,33.29246550358492,64.51885859257861,-83.6488148945305,-120.19448363791635,-19.923573419192294,22.28414755759959,-23.214630422637253,25.339415457515038,7.8471572290226135,-2.7339160333694985,9.926920475810075,-45.27943308001498,-104.7119659976242,-11.200812926482962,73.67562592593816,-48.61926630952966,65.9792341710856,45.7177917234948,1.6830655861150525,-38.86860034048551,58.71359711159965,-64.29808023409454,20.298079840561087,-80.05490275405813,25.841032710615117,-87.07401661500964,-93.3977337896209,3.753911239697186,50.35228852892352,-80.65830788779365,-49.100868212019925,31.764633416559224,47.526381863683255,58.73312668875399,5.601176553379953,91.02790687980425,-31.739547525886024,-2.0864540836391114,39.08337873810734,38.20284950673478,8.153113501229768,61.24420762485458,-1.4597617379822332,15.524711565159171,4.1392054272312295,-16.179956699571,26.08951270900591,-120.45062841363486,-13.669200333087876,-55.53884882901118,6.427094062466383,-64.52434227924391,118.5319503372178,-11.350277543309874,13.685598062011215,-34.02366978490828,61.18452253211208,62.35568323736884,-128.57443376663167,22.46975600458371,73.3357733385024,19.271007176567643,-41.16336750289452,35.55630282865474,-25.60656050237056,-51.14032235225062,59.1473772353543,42.62427889426664
-44.88046680680032,-42.49177468697942,-14.908636417080531,-27.834805860178676,-1.4359159167518791,-31.98750662089808,-23.55506170531485,-33.955384376580255,4.043225960600256,-53.59839345539786,-1.3859323391346272,-15.129204607886853,-39.54861697205088,-17.41576248681013,7.602668888953318,8.651134453771544,-19.969402794518995,3.9908721967175427,-0.22129900606786543,-6.922200599401824,-9.330357418193325,-22.952827199802655,-15.470968858963817,-3.5893582804484216,-18.166807845718342,-13.139151264137285,-19.934020334961758,-20.141810944934164,-38.6189608442578,-11.57908537601601,-25.613157365502175,-3.966676586511203,-0.21829862834939937,-0.43483320562987277,-61.92252359623811,-33.59273314983266,-42.019746479894884,-45.16240629970584,-57.68489601072652,-35.91800376066564,-29.591854414576723,-17.936270385130573,-20.31958553303064,-23.016952637805407,-10.433453370128014,-31.733698829488667,1.0800364889795149,-19.930936287357735,-6.37986738094312,-16.545215002584758,0.11888818912152196,-48.6247574954927,-13.593261967888301,-29.893571963968807,-1.333582555993124,-23.78624365655571,-27.448567084728737,-47.55531677277627,-19.576270722641272,-22.831718899935268,11.386339896009217,-26.98673718669104,-42.07731611219512,-4.386233700534198,-15.50077295410637,2.221070082648683,3.890289724359133,9.082882470675795,-3.395177479784497,-4.635286845818768,22.575129003296812,-15.81123606108417,-26.183967652062478,-31.196050462793405,-31.766305547171882,-32.19351751088222,-3.172612883230979,-31.385625324399115,-25.93237793371362,-71.56999890059228,-11.301831842458151,-32.04776026530713,-33.34054237297972,-40.824611158026066,-32.22337755276378,-23.402968657634776,-19.654951815722814,-9.662720374509659,-18.74907134624606,-7.39290297702946,-42.93810818284574,-5.362286707093644,-0.5235219674541265,-30.34672677432607,-20.29753199879128,-6.6857892296024115,-18.771245881164994,-29.505976873240584,-3.8484209301305734,-9.090204824903436
-24.06993610672983,-28.200123373437826,16.803097608740586,-23.568954886053465,48.744747286857375,2.3591864103197793,-25.339572732498468,-32.988096883331494,58.08113959815324,-40.6904885765871,4.343320116472201,-56.29609700285298,-129.19135739460054,15.785982153307092,37.0248550598534,-0.9400806695898626,-19.82805777014073,39.643761308780014,47.966266980286306,-30.530832911873734,-19.62642265713327,-23.357014506130692,-16.357222299796327,6.548135932459235,-2.8231413732188324,-121.05035132007131,-13.632329575269733,4.575401853474345,-64.70914044489446,-20.763554004435285,-50.34297821601605,102.76791213233184,54.612278295057216,44.66388214546671,-93.29268802375115,-63.156223701077316,-14.242568319023515,-53.9415885287,-45.110061928608836,-29.8572261016003,-15.777358891804539,5.041728586466553,-33.88152169944764,-10.93034599732309,-65.32697616093886,-29.14872297747079,66.9853556943254,7.106351333316683,70.50103210826823,-1.543514347233559,26.167883961529203,-66.61981887856777,50.174817580709686,-30.289373789386886,51.194036923673885,-11.023249975624777,42.95267174035733,-68.93655846496915,-18.40695328396169,-14.026843724228943,88.62180562674905,-66.7078135138215,-33.84627104051795,-17.82420861663662,69.2199667165893,32.64362886562696,16.157629870525863,114.30707852542176,-45.60441278400349,29.408388140460602,58.6025782863852,-22.13154442573047,-11.278792426897741,1.7091314133459425,18.114116103853068,-15.896031011538426,32.45039899901789,-53.06054101066767,42.680260935043485,-78.03896602274588,-8.705072120319821,-25.050219042380334,-15.591210127179616,-23.4355575234423,-27.813945947691618,-19.93844740709669,-26.763072497575752,-61.321639841447066,-2.525264139734589,-44.04689308235332,-98.15833405384525,-40.12147675087989,83.94129000418395,-35.33382099836049,-50.86310742492777,48.557538860855104,-84.64554407755203,-23.460813253277717,70.01380312615008,38.41918115409454
133.7215723889994,98.10942567650677,22.89362850975841,109.42807689046548,37.457418283842294,112.61661322488663,118.927520281208,141.1218836131,8.89855965113303,178.78516810934522,45.484403113593395,61.659174475891575,140.249418327861,74.89555073407816,1.913168725575117,123.55577687471467,75.82705997466995,2.7667759237252865,26.732888412962154,39.66313683550859,85.97769417258743,115.60872782931253,59.34843810726334,70.65467501021237,74.52379560643071,152.59894565403658,69.39525407106669,66.18652949975511,103.62977254612414,50.731766254227175,128.43060900232715,-15.056849462667072,18.630209570046773,26.12071726057935,146.83883803363506,138.64922983046915,175.52064374521316,164.8305002378739,140.63240858324087,157.4084236267173,125.6729823726478,38.98916349309404,91.17241564851061,85.79570692566966,31.522363686458405,159.53903664680482,7.265564105601162,48.47995939693606,39.259418607178155,88.9212342769833,-2.139088050799971,167.0165522298143,25.89312128366986,102.23703232127751,10.918072148773724,62.304778150475094,57.223237492854565,128.06141701418514,36.234642414277744,45.58191156332269,-14.000328789469808,87.98863256735102,106.6556251719093,73.21425792556248,48.45938865630965,-9.589225214583587,-5.977809235046527,35.646203837600005,109.49797296650749,-22.50530969878018,-24.0923872519772,101.90733566835867,151.53380526460467,169.0069821557201,85.85990444377116,124.9160870890585,9.956542961408227,91.1832240849011,73.18452494278631,198.4317216131798,14.205050202045673,99.38742585759248,84.04639924142087,122.37283447678907,83.11180783893305,71.9786361044207,114.19910244777722,55.19102800725345,68.5797085216663,72.76876205711432,130.72005615245666,59.150344729780265,63.81367012000216,122.92054264472077,56.414199805804074,26.079065736673865,109.99510660474554,118.0049174483278,27.68494790649166,43.14824058971493
81.62640200909166,69.49632303214823,26.857867456601014,43.183111818507726,23.384088151306322,73.67061761391606,46.95483643800589,125.64321499650453,7.204032014144275,103.16102818230756,9.533057104870164,32.04538203012174,88.5979515629487,74.21006088357153,3.8367831710303877,56.23192403012193,40.866188251824255,-15.313682212924856,23.499235712546806,11.56907084523295,68.05950529503538,106.8931523095968,19.851522858375205,-5.478159864754227,41.39400771476357,30.017066256594447,27.437537383924436,68.21693960398896,79.23968902049702,53.60863414022618,75.13339551732516,51.48620490610379,5.390097597322013,10.505763678904703,89.5319946087063,94.82276572448835,70.60086981727582,94.58926876972747,99.19712150615678,77.07427759373459,68.65276760696442,15.457724039605694,49.68256660103225,48.008099697719146,45.02607254333794,50.50761114075389,8.194420332568628,27.47013228255163,5.761941044161632,53.08081483004139,5.3778340106614095,109.77910214964785,40.49832314543558,42.58448312764418,-11.069666384893484,25.333341875976938,109.70683285087533,77.83803637111687,1.0401228539553196,91.05480655659093,2.2972168917830382,78.70950794906811,57.87659928567497,18.92894062066827,81.60318358327991,19.253233574686117,-8.636708493657856,10.701655195646,-17.78338776143228,-9.123434040818896,-31.290226527220376,45.8564537907182,51.469289664958595,81.36888342298164,60.08188964110645,57.004386734471915,-2.4498978835011043,71.68814758005614,100.48359941042067,122.69485727756346,30.012698702972056,52.53780947641076,72.85725072017502,57.39635531187254,56.901991570603776,37.881199654189565,78.14796177718006,16.156973601899434,52.84988261604281,50.549594555873725,62.33728613484607,38.36268218576095,13.837420171055895,95.18438224419963,25.125604037552712,36.45096359903194,33.24452074372688,52.38646919792596,43.415466311765336,30.278089602566943
135.11167135033756,22.711744117904296,117.22212966275272,106.15180135740862,215.6071835549991,117.5453898706207,215.4642827822538,81.0371606899625,252.19626123147597,236.4777116328849,53.9138128769961,177.95550405118215,27.127779056823037,28.991308222912505,113.9399143349747,-263.546222393736,38.20871358266572,167.14291377151446,119.72325239922202,127.59226273639533,101.03700761926241,37.47352665702765,91.45046949763213,124.35162825167684,21.435254000693345,-100.9094410787507,119.56760058975671,84.38280604012712,144.806923515931,-69.1361040781102,108.53440912386176,326.2589252462611,218.78541662709733,156.9664414331956,96.46790464422162,203.82106024019177,221.93826648714435,33.574910476086984,111.58153931815167,166.0451251971962,173.81569790309732,216.51327711972866,-19.827997145991667,223.05498858738102,124.74316663498823,38.26296854757987,109.94882272020597,111.774127080181,251.08563361308111,78.08965965784404,38.12610239193018,-1.7056488258688394,186.4476117939335,166.64864870216545,293.97076618222457,142.8243232538605,74.64638739228585,-69.27913682149774,88.05002689343652,-47.915586945500934,226.63478352577027,-28.8388527493188,281.6726494996477,216.21813313847036,161.7246875575248,70.69145848457416,15.290694477515427,118.9783369618998,167.78769560372825,93.71983216814778,82.98155186707793,6.819768586648971,290.87043445473154,211.5585317075533,207.973859856623,116.36883750977091,138.46120424864745,108.99327794784212,120.22644072610336,183.31442459642523,177.32423210030748,110.57901481194203,155.75890298614215,236.76397553063973,154.08648782766147,88.88505489610966,-90.4792727484823,-6.164405848821798,35.44439256944934,-168.94767125331322,346.9766144349544,-125.45329124459778,255.32588611410233,76.19109690848344,127.20425096335863,127.73902347179241,68.90995232182452,218.1971972810191,249.80057652031925,71.76372870726911
7.189075682127959,-65.78696796969447,50.650198404043714,9.260353831889354,51.03981525069361,-8.424802661281875,0.2755617167948262,-47.92830376837067,49.52231725452626,-13.193273567052286,9.440485562350375,-76.34964793911753,-29.54810751915068,23.84945651986435,34.985727831475415,6.009445303537209,-29.384334132438305,19.212159694107626,67.95182443920054,-26.103317553107665,7.577598754133575,4.082777899283635,-13.950061750303396,-12.057580455905834,36.49568858134929,-10.109633575474257,-7.837593283194804,20.787733093960764,-19.149736286059312,17.215149604483123,-10.574093770529203,41.65924527885005,42.06846603614705,21.56921601170154,-18.28193001081584,-11.95956123453966,-2.219598739849141,18.7252222786329,-1.4509820286286026,7.039575200856734,41.600333890659535,-3.982571520339682,-14.356551287964816,-10.339442001847074,30.706611481437807,-26.248303305498467,47.657697537660326,-3.227041075885931,46.53824757516918,-9.226328262689863,35.738457430905385,23.15393308520365,56.97585629926336,-9.279114780922399,40.85678722877097,4.937274914719866,25.137545348075324,-20.854130775485842,-11.499269289471748,-0.5345785998560705,38.10354248851546,50.320430203200935,-23.50037753072687,-47.99598873813704,39.556598337172424,48.07410410573024,31.223723548465713,96.052103643047,12.382916960353839,32.6494320468027,45.104400636930315,22.532554380616205,-6.766907261503589,-19.538944443279046,2.282734300336989,16.946047732485386,41.54689724661726,7.411621559948135,3.3568354531744906,-10.269714317453335,-7.854492281408676,2.642681755249216,-23.598477958985278,-23.034948675572743,-42.95095471237657,2.4419773983893514,16.481414362163186,-11.430208716240973,-22.062020623818068,-27.595654596188055,-50.91139263627582,25.886589880305223,43.86440537297442,17.449325259891623,-25.745296605433985,27.78125942671614,-28.25271776846267,11.868803817047453,52.126774366823156,53.468756049453255
-114.7196145570131,-62.396158440844665,-33.00929271209027,-124.84271019619078,104.04282227266704,-17.573572158664735,47.71074213461107,16.458114955745764,63.05316866786739,3.5131411460431825,66.47695597889816,63.11000879763522,266.5317939649285,33.11248094485478,130.54548453211126,241.35951145378482,90.07419943926413,29.105413623079595,24.64880272271749,155.24022892103838,179.48092567804864,121.68413444918393,0.18824984293239125,19.54798824757807,-44.37611492171586,187.27868763993337,-65.86726168442087,48.89383308027345,14.641057149258534,-54.28855625035164,29.55149017283896,13.304764483214154,24.509653424294253,32.47002346517222,-49.8122048754036,-25.887879815984274,-120.29718584152364,94.38798233517949,-95.84731132969169,73.44475905961859,-55.74053066454076,-63.63545673640928,161.79417904366642,-26.959559362848804,30.76349465641405,-96.73203810205078,7.374767163360595,0.7217301389062069,-36.521258706645334,105.3889766963967,25.599393070629752,-9.685570220710732,11.649615551151594,-22.3449320063321,-75.43013272667197,-68.58038961769925,-43.48629556821141,166.00241056648647,-47.01893059565415,-57.44546482891538,104.76098716174488,-66.52268004276387,-73.43609655604487,126.53308315203967,-41.26424509209845,25.75397232547268,16.916585685390935,59.99123951446925,-122.89801231981252,-28.10149471684282,89.78890820348163,189.59269244783624,-153.7053406931902,87.43100153030024,57.58986974707262,-124.56632247637096,-4.1296379022062535,44.66306791062595,132.83549871215556,-79.71974297560618,-0.5009443715509864,-45.48209662703008,4.791955392527859,-105.1454081991442,343.71963352319125,-70.9724749573724,-186.19860782481314,74.56214709670631,159.11803856890552,153.35703313947482,87.28816553722348,-49.632968920757456,34.54414697976691,9.01275280162079,40.869120812794876,98.31185074555378,111.33416450852005,-58.20879897563782,168.36927311853216,-22.943204221467486
97.6768985642593,94.13035086755274,38.02402927647522,33.9755971088361,-95.96971239546455,56.351284130855554,4.39566448977973,-24.73383679107666,-60.916217116319515,113.21206499722436,-22.0175580418759,46.20075947132292,94.64467850959525,1.1743029162564687,-75.63881154941873,17.334898963926037,-2.0851716007419823,-33.88331297802792,-48.25002165853851,-31.786484878023682,-3.911656499393256,45.06609957169636,22.38900237924638,-46.4212826465705,54.034597235810146,59.54599707124432,15.039259135105318,21.5150504210441,62.60408423488805,17.787517869662338,23.41760960456028,-65.14946739950251,-51.93191817406442,-26.387423796537917,50.85554551695512,28.13451890026826,127.4257631008844,124.69997029740598,100.51828659124374,66.53422532763953,40.70798991862766,28.335037872184305,53.465753176521815,38.46346075142835,9.978105516281179,78.4105054774625,-6.479832117913037,-33.30710928930078,3.3620154992655116,15.198258868379655,-25.202674940282236,87.88447833753202,-42.2283960151145,32.41360830296653,-42.61503867952837,-14.081063090317237,14.193218083207015,-47.2193661650014,41.817013594524454,64.9476685952013,-80.78339546763962,32.34578566286962,59.61343762878149,11.90299577602643,12.988467728310118,-7.846332857502839,-22.245895433558516,-56.0697524580436,51.35097360654146,-18.861666047225373,-102.80619756061644,13.789048684835338,56.794892210616496,66.56911059368808,-46.71422246526219,99.89077850445545,-31.22466245134934,55.65723680075394,-45.844982675773494,35.88447782142702,50.726507628928196,17.67976712351872,98.26069167433715,46.35262752953068,67.42909422391489,68.48012637273946,167.932690581285,39.72547318336141,-0.7194932997862166,13.740270757885833,-10.833509867159009,86.06254523519193,-35.40030836632628,65.34016337414664,37.63183711840985,-35.90058232115753,75.9586866887965,17.824388064039198,-47.29385108009038,0.011041603124561226
66.97501317619245,-77.45662836674067,-16.411507305223054,-6.842602373125353,25.38212881002109,62.259229846281634,-19.08326455750363,190.67538153544362,22.219280059246742,74.07686772640615,2.5756423485845557,-36.46597229560904,66.61292048683488,97.46826699832728,7.544981231440624,96.1840746460333,24.458436490366022,-9.757980054932164,-0.2319216416245055,-26.546716293723108,6.770392161108915,80.90773261661586,-15.216556340514963,2.051110604250797,7.874249875124494,162.69910194366764,27.61182780452195,46.32977641694316,36.41542114920381,-20.403886653133053,53.338492661918124,53.150428551255416,-9.497519857227827,34.291518369409935,62.6642796562108,-7.16902003307277,-9.094908445006535,165.13220282663607,46.37845298815169,78.55258444890923,-37.94778592119642,84.57997409503398,-10.057073731032277,45.40199932408982,-34.21306343180406,41.77856171670478,-28.622573152469485,-29.713471551650706,32.59950042850761,37.617859990183646,-22.49550204076278,135.06620341097369,-15.514488233459161,10.657961632484342,-62.60378188022572,-32.09087617303996,80.7963212301677,296.94656230628914,-23.519402055546678,37.33415472049719,1.4874358937594858,-33.08509871186298,-13.099010284791216,20.413137686880386,71.68141688666564,-3.361511823599288,-47.55936101670653,51.14020905469437,-21.575098497802724,-35.512891710498664,-16.526906070110687,5.552590722446031,-1.3978890190540691,48.68084236561254,65.44143707566037,74.65205294846774,7.157584742032274,63.1414973696776,101.62324443171782,13.646424028918071,-19.642569813097012,24.417920848321536,49.639079360169404,15.344335932779028,131.27911452944014,-8.933545458432457,-174.3098169197242,58.80146684825758,55.30906424291123,34.96976563644097,2.4006032447230625,-32.75341890006043,67.85587035250822,29.44589289847914,-23.671970754140556,2.103512948319992,-83.17441656471985,28.047030057389644,205.54396357713452,10.944651481204863
2.8994743992606637,103.07988638960617,11.337522944923132,53.315064899155004,70.64374517103171,16.156782286481356,83.9673329391259,51.976676649071614,46.05348248015362,-46.70048930851868,28.788639548566085,119.18426073430449,77.88806512109431,72.91061041889684,54.18121992495852,240.25848267858407,27.895937007785435,-2.1723559980972054,78.68456833765637,-9.1531713129542,232.08255766699062,123.25740592727705,47.1383652854484,71.86853105510184,47.329185237656034,274.2237919567003,-50.2804287111481,47.51103780516128,62.2044917176989,83.11726792035417,88.97626298367787,-42.71005073299081,44.27789094836495,72.8394471925763,16.238764593831036,24.721914535865174,112.49934805208879,58.846692636819526,57.53929093836278,105.05686184336837,212.07801905546097,-55.56949849562476,198.6560033841222,50.1719947554014,121.97800937671535,73.28179562654415,81.12899221848602,-57.19728956893569,47.99272601422036,152.09872056432934,19.713652759556034,72.78748987623369,6.158667432501988,-18.139556465859545,-62.944069457814145,-102.35961998135956,43.518983565307444,26.846400055275247,-22.701606225765335,47.87317448570674,49.19334003961821,120.1122107508177,62.7088101540993,134.6212223485749,51.00275916702213,81.99537078755677,35.90315256302848,24.38609821502898,85.65149847624657,-41.20218991220307,80.5477948525815,128.4143861920263,138.28347875671258,180.70757053765502,-197.92307464065652,121.08361190440506,48.17644781381582,20.23154873101665,87.01541204131986,11.011217597793335,-19.013530921486154,25.46279865046731,57.175880207996215,38.9907667102861,95.22892999235454,77.60706490537541,204.59596416094956,34.47940909125724,60.479431308744694,150.60713473439566,107.84432936742726,173.71784863998278,55.67871632871018,119.29102955679863,32.00891560245963,139.91145541806247,115.52786193242336,-11.621887198582375,31.577375790364055,28.7240308087391
-97.80045647440194,-119.14463318242554,-41.14277838744123,-87.82645884788761,-13.593260617534563,-81.19868785640863,-89.60022501527982,-122.73248380291267,-8.608477749055538,-121.65407351517125,-11.572911811397665,-148.6759774331545,-158.46616992492662,-58.70674374038484,22.55287083991928,-117.5543577907121,-99.23421330222318,9.220762303145744,-20.479202008121938,-13.140093661482847,-70.1205174032866,-128.74785133136504,-55.1485757337512,-15.843688447942247,-78.75200918171174,-134.96282149984532,-57.06452425242679,-80.31574983719852,-128.01337751256423,-54.05500841672362,-108.46513733318389,-19.946049737003055,-7.908492758733473,-8.602125338672153,-146.0521913072982,-98.90913641015865,-140.22603753130375,-174.92373738577425,-151.97397061350128,-116.26160711210456,-164.8096098908256,-86.79423838125724,-201.7111676909467,-78.91932304198427,-86.3790406904642,-113.09073792901648,-36.945919178903104,-29.857990166977828,-12.611979378491059,-88.11994921344227,6.256112933826028,-165.757044692416,-30.35261793007669,-67.30803234934943,-9.37431589560296,-24.793532517233192,-114.46715317007475,-146.8689999089958,-38.79098915713224,-68.85081970102415,9.48676839352949,-118.57045672325425,-129.65565500298442,-78.13948273332919,-74.50828913165711,-20.072721076213384,9.351073406892695,-7.189833063493655,-35.721067997104996,-0.2438473158307467,53.89347234071979,-55.428020779639645,-111.42891988799711,-135.43024373089398,-76.97472648227814,-97.42502831851196,-13.64076326159121,-141.02116168990747,-93.65549230310582,-160.66140289022513,-19.281227044375147,-92.92152615766327,-108.6516496438054,-92.23673684558658,-130.16565276773912,-98.4772216016145,-87.12073489731274,-52.933033891023406,-76.96887354430095,-88.16992745967634,-148.92789710187571,-94.91630075967323,3.5047859800049483,-140.10977954017002,-65.64638223932808,-47.9028969420563,-108.7202063913277,-72.60613853475085,-23.22197701542225,-24.12933555239601
138.72956535084563,131.97006006891203,110.05641210388973,168.1278070209801,167.82156631962542,249.6715912119661,199.11546111971114,272.7113166315673,284.04185918493846,264.63710041394626,-54.67539695137595,415.9673322373691,-151.21780276781976,186.36912193264513,-4.47353567270516,264.3806539537037,252.5646549207816,94.71275473363403,282.04992286877194,27.517390755658084,54.46779552315789,408.84628119251516,268.23498897691127,209.29485025789373,155.52089819566012,147.4847774069651,341.22207627642155,103.78222295601745,204.0799610178844,88.0431428891032,169.0440603083979,155.51250129816952,209.77055496628697,137.1331945871255,99.07518854386126,196.00708295562492,376.20268606634016,333.29866590827476,77.50447950323698,146.7413075897012,164.4100341580109,114.16288080352693,474.2671886043062,234.56596747112482,103.2253398385718,320.6431393743697,208.69142294664505,74.04379950909768,110.05462646420108,274.334548851984,22.738251296228324,211.26779054497388,282.176741608667,89.77979363609757,230.1442285209007,200.08458591808832,361.26454979056473,344.5603935367872,55.70031330467808,114.65479033471102,123.90119003864443,159.14032520101657,186.8708160474261,246.94334643581573,280.8883711925326,121.39485406678448,52.30470035953418,214.09494520028045,31.329976404092513,93.50746454214683,65.26819178736386,109.61956741919866,248.32224132361867,106.4244623118641,171.88493270563185,137.8454291237073,205.97141016608535,258.34729794352654,277.5648103346886,184.2738313385007,90.91099007725286,170.64383452492754,175.2239594108109,221.929133608575,14.939611641760829,103.77950969202793,171.746382233739,31.106880958681113,64.9987686011332,398.3713572616007,267.1380744737639,227.72656823349104,119.42128071439708,315.51087128892004,65.7239470261559,289.21763967714145,298.1634092767692,159.1514744056621,178.10265007633802,144.36319203182882
34.610476802238054,-7.066646612642999,-40.7477267944813,-32.02153325327724,-62.31354360755189,-19.955549024931386,-4.056747389565963,-49.730631388746914,-78.01559969694145,5.771901854159362,-25.90259315720293,-64.07306277561031,-37.70707940088031,-14.750616135671777,-46.69521196314765,-47.4240092591624,-13.021361691700484,-40.58499573927756,-69.87177695480436,-33.24192334314666,-11.080780499439712,43.037386927608296,-24.088665788560796,-74.61551117935157,-18.752355772706892,-59.87683104818892,4.20920824645682,-29.231690489980437,5.144377264694766,-14.094306735366331,-4.336775931599018,-20.193076655381454,-40.41518636047589,-80.76385238110221,18.933249001392074,-5.347377499279651,-17.97283528920519,-52.214506309204964,55.37186781982283,-20.710659894016118,15.657282457101825,-62.829784387728594,-64.51650138334266,-3.2806604065553553,-28.435862860065757,-34.62456365995514,-69.02633102228988,19.29071267970341,-31.01664172717307,1.303703995089753,-28.15521832172973,74.9918062038412,-62.80646119112874,-31.907351381869365,-55.720352762176184,-29.631970760856806,23.186639012391755,-45.27956768329964,-9.858362692887788,36.91914302704059,-58.090151393149235,-3.65002622639707,-11.782853134349624,-80.55494514559528,-12.71487117257157,-27.366626258398295,-35.34466071282733,-77.05333342523892,-17.65969848380087,-32.03764873908434,-65.55914205416975,-41.77427429746564,-14.333868841686796,50.56307142122757,-19.38770497523086,5.422474484370026,-69.8911287181708,-10.99200484076815,-31.469882099226243,19.22830037425781,-2.7572234839412015,-46.98099476665547,17.82140740000354,-8.282460110482024,33.757528495852895,-5.578485032487264,20.809255245598536,-14.766513102934116,4.49561539478663,-34.65380719767132,-47.63719111843622,-44.68955259885084,-50.25183596033331,38.280633674383274,-0.10851450211962789,-86.3355736153027,-76.70650234820609,-4.2124170688520435,-36.658579722184626,-17.64908551418142
-9.70465191005809,-88.7497798338868,-54.95759669995554,-26.41770574409156,-100.91520908241014,-45.07556339242287,25.633253919092507,-28.662442616023505,-65.16261643199906,-53.88433994500755,-24.065965290338625,-18.383310467181694,4.800249508773404,-28.466647740196485,-28.72788953958621,-133.90499479065505,-44.20927254802269,-62.971787256551366,-89.96484051305598,-6.356944312446308,0.08750032895364958,15.445329223992198,-42.97284662220861,-12.083216968071648,-14.99506087714693,-3.3419655716207934,-20.629188652391125,-42.52681763733501,-1.6579582195075817,13.478593221044537,-21.32092885370801,-104.7217447974915,-60.552472542031886,-62.018328233463635,-2.096159465408551,-4.782333760881522,-29.149643115257813,0.9738105963300795,-46.977914992586335,-64.6153125263876,-11.58100329233278,-76.45203929976422,-96.35802734432033,-9.015236210580845,-22.84734979279904,-8.569337268166395,-110.85532547480253,-14.340728182646355,-67.47762968621122,-69.76835425596403,-19.24080299851635,2.5048458053820153,-66.93433656398794,-25.975898861397702,-56.19648885177498,7.297185605454992,-70.02207765877522,20.004335561012322,-9.297048621403649,7.8414019660796965,-67.51202542307603,-12.960782741662431,-26.468974007252154,-67.82548426559347,-79.04496202561667,-52.01653817659491,-42.34522368140404,-92.47046471227647,17.712651446867834,-43.43484988062399,-58.33341612185905,-17.276543228673507,-10.718789463638789,-68.127974964491,-85.57886735468858,-72.67649102798552,-67.31232495991372,5.114296943357524,-50.020880975305666,-20.388374051336285,19.33543962268249,-37.26574857992893,-49.78937535087485,-21.62865763047797,-59.16357344268274,-16.927377493988,-4.014905305465536,-13.055055483347866,-40.480842904075,-22.907225237520752,-11.841295340261,-49.58996635033824,-59.33308212275975,-6.087985001325639,14.062775283825037,-78.05278766683176,-22.746681502395724,-12.239566035852896,-53.446329744509974,-47.330619696541234
-69.6809927403115,-122.70168654499444,23.300228642010797,-113.13914038781223,-63.991381028839015,-5.2694689014495735,-107.1544507450348,-291.9579115123057,-38.225734079047626,114.97032416487694,-0.8382698944686979,-181.89454223213102,-279.8032589395243,-38.27769912505315,14.841101690506784,-385.04237402376066,-168.7013264199107,11.198091122365266,-0.2428610803982693,-19.32860040510199,-259.8587186126617,-106.15688133443837,4.285704332712332,-113.7697346938931,-74.22883105334918,-350.0276498494365,-33.6555350662146,-60.521322208765625,-101.7347665742769,-86.7779323296531,-113.47255288929505,-61.19537027387859,40.293962319381535,-21.08166562435302,-187.44210572666054,-61.27040893470599,-47.303293666236314,-153.9395681342155,-57.628285856796715,-105.13333712452138,-164.2384011957527,-65.29907319168495,-124.49975739551596,-27.036376982654343,-142.7091394608806,-103.125043573035,28.70921907243893,35.99903330799597,62.030778085071596,-78.95125564277441,19.482516000880814,-229.839786710339,-13.315908903632957,-54.72440621962242,53.039582233219356,35.00811004376285,-85.69570975790107,-272.56050817940616,-13.780668463664364,-88.67934144051591,-3.0912501687131053,-255.00866212393012,-79.30421731022122,-23.715093668622725,-62.39630650318014,-36.10757312450048,25.465700407801382,-86.58269764598268,-145.54882398295157,20.571562903761123,28.540667339600976,5.378826102591168,-78.63318432445672,-159.34139139841636,7.707878827191558,-8.131058002272573,-43.45090323194118,-83.36428144815288,-101.6846859738605,-48.412374771852754,65.93832982326201,-143.51355034907036,-35.758632507568514,-56.96851039723306,-233.98126598656333,-56.73827543977515,-6.050530958332853,-145.2287127694983,-9.196742959252044,-154.10684790308008,-210.48552079011517,-102.73871671008855,-26.902467230903426,-78.23532369780578,-37.478076134264995,-101.11103883615526,-159.98920939312364,-75.28620591607573,-27.90231512142324,35.214930847561796
-5.215160832504061,-33.44266131865611,52.871930973075976,40.83776138382705,68.04867061635174,0.8774148581521003,6.251242563623404,55.331412653086886,61.88619322954534,-1.0958906152569736,15.632439317613628,82.42187546439763,61.46581260746922,62.99484842682453,21.822381436075958,129.7025200227671,64.89749208207627,39.2796879802253,68.76537676214609,-27.28518422926973,64.82271828801082,65.14456191648723,27.145944874807423,35.99018960556153,49.35610528621095,113.95514949939384,22.046893207735042,39.47452957584012,12.121926248284373,21.69942564041593,8.55209887047677,82.5121326340296,51.561450701654884,53.13468970076695,42.076461046815766,18.65536325951302,34.38209621046921,67.20669500464419,45.364930310672285,18.29823908213646,55.301598390321,71.75183633984297,96.27030090050486,6.792998610579689,80.15075220119907,81.16685383390825,86.44115462041539,27.279549902508567,20.869636836912942,92.84433884179765,23.481553791885556,79.15621965817184,90.87126612509572,17.720999314511158,51.51721790439177,0.4709152376492701,85.78671727474071,102.0675396108882,17.8175722708696,8.760280638820884,27.00419211505305,92.74929602169301,30.045502974012482,48.568103470009675,54.9489228002075,44.53558982828009,38.36659631043874,90.7351812236143,24.28123568581669,38.39760598347818,50.90930698408445,24.435436510274094,12.451117539005926,2.9338235028784814,42.14715352409702,17.319606247173912,59.31282822716357,27.45083234054444,49.37113909678555,-26.36835852607594,-1.158595213602032,43.14230210786292,1.9266782053271128,10.552252642057134,64.54106378418369,36.8764919920839,0.6046300594803627,36.69949560128691,-10.96983535767039,113.13054531978906,69.76333994017642,55.13045581210007,36.52391580232152,53.22085328687631,8.463007996270566,50.13335904958395,107.85076965799108,12.370853981746663,64.08327781796811,33.39575866710137
-128.98926434227886,-70.08848951401218,-0.7385430664297445,-63.686847195347575,-1.3926115018821363,-73.31749223733253,-72.40587522868877,-35.60107811096558,1.41897204848144,-149.22730836432217,14.697922217682395,-112.94949091229554,-12.509053792048986,-125.29586965435851,42.138988945769995,-260.5085500078848,-95.81406863069245,-4.68830196019091,-8.71469195558652,45.35093389263922,-29.332001963406057,-153.2639188168553,-63.75228058878638,26.640606199282573,-27.122249523722285,-175.7005995525032,-83.73612255724997,-13.82076682705938,-64.80699704645082,-21.922998762872606,-68.63329471249791,-6.478117737276681,-24.873020512191474,18.22490382936303,-91.94091452383496,-124.96807452442077,-74.4126306617655,-110.36090077489176,-204.2474948014254,-67.52472342680643,-99.5751016828329,11.829697466326799,-128.61233861566953,-66.21358146382683,-0.4931601027068991,-159.063180244811,-12.958409436094787,-94.28954988999658,18.355382881972886,-114.32023158015349,13.778384743611223,-228.25444828491104,-43.12670550980242,-81.1655014773271,24.14316854236968,-20.033507593790524,-128.5268326098998,-37.83428973278566,-33.33451819465517,-51.316846663265224,55.601935302763124,-62.68711149126513,-53.300369527157635,-70.84277450981477,-45.89431884627687,-3.115642252118367,13.882171882384867,-13.51130571185796,72.08666579464455,1.4651407373807983,69.45640878388747,-45.70417340767863,-77.51007266758751,-161.70216362586103,-11.907429154498027,-81.81695743472261,15.119662386745137,-31.91964901015908,-144.9877909516592,-123.98418091839551,0.6305162240980271,-75.95452493268236,-73.28201836537345,-65.58057230382582,-108.19864161819152,-73.27967696749884,-67.46694639155037,28.887069448237387,39.61218070640953,-156.6970300967449,-47.98109773407178,-45.746196014971446,19.52097897297634,-164.3864600484829,-50.34417721201358,-9.074329142499332,-76.86616857916134,-33.95421454626158,-21.37182742461759,-61.14254355290055
63.70703240445375,-22.614067975314494,162.79653740311625,89.61798715564288,110.85974460879558,6.510045902089176,-72.85833556638678,49.32313003262498,159.19108538351182,142.59530333832538,-55.124064539586335,8.042111164661701,-119.57226212934098,142.70926234959106,-67.49204444514596,36.23855152914356,59.34560797314556,34.11929135570969,147.26953929938614,-76.24447307335583,49.32120123557425,94.57192514591743,112.22080817955498,7.171321727549046,73.70293342119267,168.1515492737833,105.76656997469466,54.7769839280939,106.20863637745836,-77.26447871120813,39.49395376524553,121.39569709280539,72.11283408641111,100.45356724543288,86.56689377811861,44.35176122445684,141.29525743446288,161.48855841904046,135.90974196188395,185.98793864139398,23.689467183611278,67.54693329733284,102.28151423678487,72.3598814603573,36.39313561976208,74.60347534217593,124.6496084420069,-95.55258734805068,-1.4054689512765461,87.54554955645217,-17.607015360554723,109.43131832204934,75.31864555579374,15.70515048098748,4.946741237419531,-22.00765090165947,249.22767088938892,143.97571148073786,11.474681196211286,-24.62959737207384,18.29994010265688,-41.96987513282672,88.21970844068348,-22.00992280260297,137.55130817245663,99.89046019004013,17.707372360315386,90.08888682811123,-158.25721650617453,44.44069456836114,31.827201109284363,-54.05864682493997,-34.338479189006144,-88.410485694534,-1.102666372420297,65.88101379666526,111.06068588146502,5.4701646622601325,139.89566723614718,81.6275201476321,-182.0620559923878,114.7761020666815,-21.591859567198536,32.17975755757478,-18.219263924531422,94.96610523302206,-248.60898817215954,-3.924345271172203,-144.59099030038905,90.74603690254342,173.28797084583925,74.36091211011967,123.9447951792388,86.5717566387144,-18.843713332170267,238.59871967560355,29.270451859599497,29.446305000423884,281.1503341444194,66.5672854413988
52.85915926287772,231.94926370177143,156.63600812624512,14.329238977573139,124.03359567847548,81.2266615691455,13.45998420869007,387.63448548116247,68.51318662945808,136.42433446993638,14.521655623333976,262.3494117687773,35.6435425851547,21.22580927181187,-44.03935898270484,360.6846566157715,185.09997090728095,81.523006991236,91.06698994845394,13.298166381211834,-45.19620811438534,155.17028911752985,104.51261831388163,65.57712376896603,89.76154879484078,58.01876611091635,163.07940324619034,135.35255312851717,90.12345828495951,-70.9630027820266,41.723801345101464,220.163201291815,86.2645452026262,107.98141797748625,130.81691118891848,-96.85919196880548,249.26611369236386,247.1354095012929,21.646259945914938,77.24361550864967,106.79891448017587,325.1554484845459,227.5360941573507,74.49507146048191,-39.29437502941629,157.35138074211753,117.91955738280026,-77.58855605839837,70.89082692798077,189.38711356129542,-45.20417598575309,314.77988554877174,112.30652338101737,36.04599138709232,109.93252472690179,-89.03221053440733,189.8731610977471,134.7846382394944,-64.48136071204452,122.92549604170036,98.58266909954962,-145.1727709106053,128.36732531437755,57.503045710342576,175.08466555159228,98.69241547498265,-53.855971295021455,68.10584842529151,-79.30339773273941,15.249156729482893,-72.65133493766047,58.12956533376856,167.26717919964642,412.02580816948597,287.4375812688135,53.38929802737975,97.61023193318161,98.69492082870072,129.3092593532613,-24.613110447948998,47.112051714593434,-43.91693502455861,277.6542557027225,94.90797209998877,343.1595174890384,64.51394557643349,100.99905628760561,115.40424726955254,126.3242039505355,313.31276241688323,105.33415823455633,103.86253482386574,126.11129381876471,77.91388395391706,9.501712992431953,61.28016081222388,10.292024290497062,118.9102136745438,197.98310922622787,58.54832076341406
-123.20377627184709,-271.4152771144206,-145.04779877419708,-147.33758869864306,-162.62469319112165,-259.67095964119795,-194.58767895877543,-237.66762676192369,-163.75819580767782,-208.77180077398825,-151.32170710256742,-214.4872296872598,-293.88387547984246,-199.18645697956413,-169.0066205685312,-309.0842489317527,-238.14864502429168,-107.36360064750862,-160.8389241814711,-97.57402396504577,-146.45569491455578,-134.03314342577397,-102.59970188969,-141.29884409684644,-101.7492161593197,-171.55746327856212,-78.2009726892296,-292.9331030623174,-115.44309993130071,-163.741282886642,-136.6324316630667,-187.05524869162312,-131.633797849926,-219.5608975139743,-62.83483157012977,-80.14109300175203,-220.35574574436149,-333.8347565616342,-129.18911331696543,-137.8905907489851,-231.8208125263005,-255.14875430204785,-185.69600713640295,-100.7210729683926,33.9428855783365,-272.4440121560308,-209.31575768311131,-66.70313924556507,-161.9114622533974,-164.1842414991155,-47.15328312527697,-183.91789237986498,-180.7561182335138,-184.44843720074383,-183.77092554269117,-118.05787643063034,-153.08505889617922,-193.19904738345562,-40.74197717138708,-135.98313559128405,-203.4720241547118,127.10249646251759,-146.67165382871656,-270.69197325617665,-206.3256047085685,-62.67522553032923,-53.263871259362595,-164.6193929216265,-3.431508992171049,-26.08321284388271,-74.35971927718657,-222.33684828100607,-246.9689430942321,-253.01629644319152,-364.8694150195904,-197.38288009642704,-137.71381382952114,-130.0725609818701,-170.97851272741323,-67.78531874016896,-92.91002311591565,-118.85458442349346,-212.24062822253703,-148.83251560281033,-188.92490016222126,-109.45351135982719,-145.06940456593563,-51.243187354658204,-227.9567274233493,-244.137998443572,-93.17703904741784,8.12817546554776,-195.56115500074756,-106.01301044029404,-56.47001396411082,-142.4570617600562,-223.36065656478684,-165.18072623141805,-159.90032727805362,-145.456345617394
-309.16029455572817,-403.06570075281843,-270.63589615482925,-344.0052062853842,-342.4224784021745,-490.53299025339874,-254.53319883604905,-447.6647757100141,-344.615929282456,-497.2751775851262,-160.7134182266786,-335.53832815749956,-423.66310389760577,-355.2306668993316,-192.1949090575513,-518.4872194690782,-243.86128748868376,-184.72078659152484,-358.0114158884334,-105.39828292404515,-331.0327810792884,-364.20862932365276,-218.34431580895333,-162.14010108488694,-253.02057521254082,-301.29785413103315,-258.45230692900043,-422.70624557554333,-332.37091055060694,-238.9731489032157,-406.9516080647286,-364.4170645257346,-253.63071468872025,-237.48577955733026,-204.94530795606892,-377.42715743909883,-456.62156772360385,-388.8452565938164,-455.39177382874016,-553.8645872838513,-413.23961116752673,-460.5837342988589,-320.99788796949036,-247.83697922710496,-298.309372475071,-180.54258060012577,-312.6977951188383,-146.37779336058182,-219.88327084970427,-378.28986100224955,-115.10136605246417,-296.1831192306721,-273.4597561585445,-297.0874417080137,-272.2385662760977,-280.10583937502366,-438.1389593380976,-241.7065470184602,-110.28841708538745,-179.14712547128946,-267.6263958208602,-492.93520392459834,-439.22539289180185,-327.1812061521272,-395.4346314359672,-235.90547277796574,-140.93278939589732,-386.15504886481494,-201.77936600418946,-67.39719197119229,-180.28223044752528,-323.55986592511863,-456.4755342212027,-525.6027835574838,-404.98042034891904,-521.4680166803515,-192.82992687916862,-468.3235200044773,-510.3025186234583,-383.6082617452779,-130.36341478399734,-451.5671937387232,-344.61563889188074,-319.99186927895386,-325.51324915528664,-237.8938966935887,-257.8063433606974,-150.4159643817821,-226.32345029629255,-54.630298816760266,-515.8886740359324,-191.8017463176725,-295.09955586562467,-458.3311857683699,-111.3473710555642,-384.17690990053416,-366.5199114751945,-299.97871138267067,-300.1485969603379,-246.593068917871
-144.79986787936056,-428.4011578508053,-270.32700078649054,-229.08525273080238,-231.76379280773037,-333.992480563703,-166.48456715206396,-412.5623672288313,-319.17988866668406,-461.22552389797806,-90.1269232745501,-346.3868220601958,-445.50751663253544,-273.18511793223456,-94.81194238449363,-593.2115378341181,-332.07655103546796,-225.06433135040922,-304.9526718097313,-64.10795349349219,-199.000192648656,-196.55778188333815,-220.72241813381805,-142.10577183008982,-147.43397549192366,-357.96876773076843,-190.87772274519202,-337.0293588404717,-227.34347870557372,-170.05056312001537,-164.35463408230208,-385.2258429118308,-149.5628844281406,-245.96378620859065,-201.3139361724653,-185.95209950781498,-317.21648329443497,-593.642833394562,-294.1809372477476,-336.7641189242976,-186.4194068350383,-408.0819957070369,-515.7236321780849,-232.4134428655464,-80.18485144623756,-379.39860882731205,-294.6333870315853,-19.007458646178183,-174.2616142211407,-297.18168501374487,-62.87944139022476,-331.68885608109196,-208.4008104966489,-148.07333067544772,-293.5859419920625,-126.07548357312302,-370.8008816201575,-372.76617158309364,-49.259507577229996,-142.29335002940493,-165.86434428528347,-207.36000234238915,-265.5151835919966,-226.9102426707682,-286.20660609282527,-118.5454368900259,-54.64059375125288,-298.4161607136027,-192.8272560242889,-85.91349483407467,-93.15638889390769,-103.34703884725404,-302.82752703654586,-411.8541396434641,-511.0130488668625,-196.39507830438862,-207.4377313280094,-328.33234846334295,-268.5439969172143,-181.31659008431248,-6.789102770011525,-233.29238845193294,-458.95434103337345,-223.3533593800886,-341.4862683720516,-186.65367029475388,-66.44734438387283,-158.55196741025776,-139.46363535986683,-305.5255680759088,-253.70252613014156,-125.03656971195474,-268.9962664105552,-193.703685441398,-22.852778617620803,-249.8271794439572,-226.49662542852377,-186.24680880015873,-320.36873103938007,-103.87435470606103
-280.36094332255146,-333.7831571147149,-305.51097909889046,-267.8533840172586,-379.16108098813135,-394.1695838284884,-167.26195462946922,-490.01885337028267,-344.84121537572196,-484.18488989751216,-131.91323318468423,-359.19067661063156,-270.85290622372565,-412.9064805577716,-131.54928087915224,-637.7646503596173,-177.87499720868564,-206.81553984600095,-391.90287096321293,-73.57371911639993,-353.91707763498323,-307.53928020893505,-244.9421403896347,-205.48467615331938,-296.2673921799855,-332.3009988266104,-260.0101753985841,-346.5500183818632,-362.23975100196566,-67.53344427934826,-346.825580851673,-460.33343239264883,-273.250050704607,-262.27997923336204,-285.3729452406209,-353.67927410491825,-499.74204789644676,-387.7907387635656,-435.51589969029874,-598.407578130834,-446.6693874780276,-449.1373883736996,-455.05204921507124,-295.019816008991,-322.41871337496576,-210.29396556422904,-378.5392549918729,-12.30791104803056,-271.30513441185803,-377.39810302311434,-99.39903276612917,-360.4165528145451,-337.8998772393544,-261.11649277188695,-229.57627122760752,-31.165061831893738,-451.93925021406733,-213.00254477872835,-56.67803090839842,-189.7217653071085,-298.71637927048505,-372.9642614154446,-471.225657826436,-277.0751261491028,-480.6932407045199,-293.6793688508712,-121.51986055766194,-430.2775576633336,-123.26343779973352,-60.72160952292931,-138.50720167546166,-231.5654536763536,-475.4265885976039,-566.8334814761564,-390.8439660360578,-469.1722755886535,-264.47996223905415,-356.34783675213777,-452.23085856432914,-385.8705055461643,-103.666672107662,-323.98347930692194,-286.5320397102715,-321.0953240517564,-443.2733510930111,-248.26401821567467,-226.0621049682953,-158.16801633237293,-177.36539081803124,-254.9435794441778,-513.801254611772,-163.2712652064819,-335.5918689003197,-401.0305540153762,-95.28494586085276,-377.1054610992647,-194.88167583212464,-306.4577830181862,-441.397046595172,-258.06157240553904
-375.8075078881891,-369.05943016539965,-304.91991394936736,-287.38390091242815,-379.5416298005914,-482.25106658827366,-217.68863372265275,-526.0995332255346,-343.0445201039466,-422.4440753134267,-87.8007797434811,-417.4795478552042,-307.1508630165561,-276.78097317642136,-26.697476551963334,-745.2428631606842,-402.3399771933254,-264.74911582658956,-417.6536848990595,-33.55069723565404,-150.56743704904588,-383.262948559083,-331.0215849019162,-185.91448408903605,-259.37213221108954,-370.7331415227041,-315.2669206750762,-535.1321634044814,-340.0801982611065,-117.57788179551717,-321.7758779709324,-531.6548081991303,-251.11028249536838,-335.744081560228,-300.75877435396916,-405.9009424298481,-562.0319811361968,-584.4023310493925,-317.44651553529536,-459.551569098792,-317.39632724050466,-449.7994720532809,-395.1919986136103,-300.6913477823274,-44.79144336740341,-386.211102714829,-370.5882141760974,-131.84329180365384,-252.83235078484057,-367.3345720416704,-94.79240212630765,-335.23998393579126,-441.7679341796611,-253.51899787596253,-318.88107460467705,-88.37625382050143,-386.15725625678283,-259.856793112921,-11.84173713223253,-254.0820128959043,-218.498380319514,-250.25136060825946,-443.932871626085,-320.3189838911513,-464.6219869124087,-230.40600764295834,-73.21891882346729,-395.2860510917083,-188.79013515668544,-80.361140493651,-72.76662935835901,-180.52935998555003,-539.2936727520156,-588.3536830963399,-578.8814753103061,-302.63802414634245,-247.46477906145356,-392.80493475174836,-407.89012911808493,-403.52346972535764,42.551106992314075,-376.7642617669982,-343.13696397431573,-344.98424654711533,-364.7235175493089,-272.0688014746581,-68.00080163292105,-146.06256296962252,-170.07894955664648,-247.01930752610215,-423.6285367192091,-192.71440874845314,-383.3459554968349,-415.08059781909935,-122.30925755132625,-324.59708818263397,-257.9532155378982,-336.3055856782087,-331.23481015805277,-207.3159586298589
-295.458127879523,-330.4078217880746,-200.27833683484468,-143.58389112323258,-181.12224463321456,-239.61911368226376,-105.2030152570687,-310.90381196894583,-167.34263727346777,-444.40184908964955,-134.25995010453124,-269.58382879022366,-230.90696437724287,-464.3059237921101,-84.48117216120178,-535.497890667095,-17.976755034468397,-114.91435234223373,-270.18010062028884,-44.800095228704016,-166.5445188187023,-301.3696448195649,-120.01736328543168,-5.9450183315256515,-188.83552200852785,-187.1587675207816,-75.47920933308806,-248.28852945568082,-250.89647822344028,-67.02158266738327,-175.12475265027075,-316.8328817385435,-234.88965122366434,-165.0544924560086,-157.39308393266575,-361.23001638302196,-247.711662084061,-367.15728408700375,-299.92125748774305,-450.47155128443103,-199.78910602480124,-202.01096443111757,-478.06532014647183,-213.88648849691555,-181.9976165540744,-257.6201575976151,-202.52155996020818,3.5981218784629045,-172.82480442061535,-381.2618035575489,-112.38744690062154,-269.31902842683064,-239.0805050049858,-117.23637158180831,-97.04225700268245,166.27775777504652,-324.35679319371303,-94.2598159168776,50.23603381467456,-196.69040296287264,-150.95179049445142,-485.3096557521671,-221.51470927520867,-191.25468420942948,-395.2829916506461,-172.18940414684798,-51.480450190753864,-112.37748531199499,-248.92986693960393,-31.01003458595229,10.13270740758934,-116.10305108218783,-303.8793842383649,-323.44885621188547,-244.9597402107101,-369.65025135007585,-125.69020383857956,-301.3943669697433,-290.6324113205162,-223.46304894241837,-54.549725602253666,-140.56120854228163,-318.0619066060733,-212.97713233703516,-359.96527798285183,-221.95688532891097,-299.4410022959394,-132.11902372519296,-89.54598110103461,-254.6437321402355,-53.17469225461243,-217.9069451991704,-239.36540613246743,-306.96163413279635,-49.88129753636656,-307.3799231131475,-28.6452341283523,-201.0131360904039,-330.8913631112452,-172.42857878864228
99.57664453689019,220.27170168940157,170.2042474530135,169.6274829003745,205.00958102444508,161.35254219176392,145.07009347121803,139.64996083312855,238.73662635376257,230.50549258030208,130.1051823903298,137.552685865142,109.02297761172542,233.50158208469776,146.73546050139979,152.9328761444286,53.9242427473239,114.42746568041488,292.7022867409511,108.57138671001658,143.74516269307136,105.19620693392947,170.41948171053428,120.09111251211635,171.6660664725917,182.32210017885598,83.3678366460483,172.16329262445132,144.100337985168,116.42659560132866,132.0776992611558,215.09830807400186,209.51288928084875,231.2664688329614,80.53347475848993,156.77586392944426,266.17568207857875,209.46996809863282,226.14585391481242,239.7104993732731,221.53039839553438,296.89426846095114,138.18695850739454,132.6420109793834,211.33830781473335,146.09084841380073,289.79539031245105,7.21503794708444,203.9542750155598,237.19201302943836,89.71707526929389,17.227876054102904,282.2035052231472,129.91354855968157,211.3177983198619,32.81674587082086,314.58354347097094,123.58193330474934,77.74467556457944,60.825379750848164,205.38814942736417,107.05114381933348,215.78185369953516,178.20882388332106,234.337192747418,151.6933468875567,144.22478801077511,149.08061762238566,82.66735917183388,122.07235738348339,114.87189578682465,130.95452778698697,180.6509232089153,102.24168990324813,312.65505407834496,312.3618903338774,186.036778827887,224.474853237341,103.17603585035793,149.73336438847733,81.57683899005428,148.74106091440675,177.77163046470068,187.01517913358228,149.2606955673353,160.29866881499174,44.476880946499975,138.96175894671387,44.30632268148135,218.14045877565297,155.69807812968037,141.27158982788484,147.3075883045186,126.79410388434086,36.07858853101646,311.54169925206776,130.66076179688199,200.5813355706347,193.7120237806985,193.5387656010466
-77.76964735726955,-13.945145446063405,66.40411280701217,-69.53582678121127,-5.767092343714546,-78.2231330219962,-166.11498572169194,181.20253554741532,1.716938688320391,-80.97919815604706,-76.78367390317297,117.66631550996092,-139.07511435801754,-74.45346059270481,-130.0456630261965,128.43006729125221,82.2367542188474,17.246819788195697,-91.7817915869569,-64.36580629710619,-28.490632186595917,-26.7016346064814,9.49323254208257,28.796014927348192,-8.639250624684083,-206.8650541014568,82.46933405693412,-32.20563679272898,-3.2302318784526847,-6.653650783932117,-69.44416528476259,113.01335071178443,-70.04018169931346,-9.40166336263454,95.74487876299284,-228.93816229195005,3.308091224858513,-25.611657212961198,-153.89714461836834,-25.057261565805845,-111.14175674953238,171.25231228219107,139.35402058489714,-3.5062171690295734,-88.33551999359385,-0.4700775599748193,-47.90951166567348,-93.25494527729364,-58.49262931461998,73.88576211100063,-89.90723702293813,209.18482652277254,-99.73732438456473,-48.95320829965824,-8.020136273966544,-9.301683969326941,194.06424945778517,24.724662896869635,26.24371797112287,147.62526875793958,4.591326801822437,-120.5153070056366,5.575414130247707,-38.88289713693526,1.2946409194171906,-23.968141050287592,-84.72249938773324,47.7261507545983,-129.3478556318625,-18.76489359927622,-55.68390009659582,-161.048962218377,-95.91048320950883,164.32881024440613,115.45473949266473,-90.32430614113917,0.14203591896810822,-105.81146344062215,33.92959826526204,-68.02623521567276,-58.41047430267699,-13.45612488580506,74.94143929807544,-20.85584298050527,4.930582050212045,-25.567480523683486,-99.73026382367924,20.045781314418964,-100.18767230716634,11.601166274756643,64.99097130409561,-21.908987226842076,23.92754256434156,-63.88755186239538,-75.30711232648903,-77.27126559308536,-82.14132367350943,-22.991025574772426,102.23287739050824,-99.6793958320351
-19.056908402776553,-76.34728519538403,-36.751542003623285,-56.249988451141846,-78.2387713708203,-76.64463551172874,-123.95860526454058,-87.10555022141673,-89.02478795457675,-3.858247527414687,-30.933186435453248,-31.488893236564394,-15.728648295863728,-88.46841673629974,-75.1677173610382,-71.95697943132319,-72.66128989693469,-44.841320532572404,-52.684993235872945,-15.851488848248195,-94.88829253420886,-92.721690156462,-56.81777035442862,-51.89877439122762,-52.46333106187049,28.952493609694837,-55.96516857487008,-94.88789342740367,-18.997312311042574,-105.96024084003129,-41.5920459527446,-139.09789199548266,-57.9674844218095,-77.90919578394943,13.370973196262472,-65.57455271112221,-45.04658838776886,-9.080129566951406,-20.642220092386058,-16.227784902150702,-52.690065961142004,-55.66112185112383,-68.09040847688128,-19.553514605533007,-34.4793975777336,-61.34012101200937,-79.75818034622975,-39.4622381367179,-55.08758265911883,-135.21842309550365,-36.142055109694375,-2.8804336422952597,-93.89016005640703,-14.67618285057535,-111.5466724459303,-89.82702078491874,-107.48207214695462,-33.69853761557464,15.792775961590532,-63.96218378759511,-80.66222836179533,-107.22659892957857,-26.286333409610084,-50.61332048608956,-43.00146042258261,-37.48691687737657,-29.774345141968436,-125.85833898427852,-66.89260474080088,-37.4644719778749,-84.55294075069376,-24.645926934622555,-55.2472191877599,-37.4025154753802,-96.7808492653917,-10.371484193462361,-31.939796716569784,-55.113681925590676,-35.458639497495476,7.328352520923164,-54.89226793443227,-41.178517446125944,-42.601804091598346,-19.05667373024233,-44.256797844537836,-46.27015194384508,-59.60784140735153,-45.34973627409232,-31.69476753956848,-41.465862462565696,-73.90706394317249,-66.08132407126236,-80.41190374140822,-22.342212530828686,2.1406350289862357,-35.70286516364483,-65.57302456976096,-50.57783512842247,-55.233968238350336,-42.383079863565094
-15.308334453676421,-168.15191719039493,-2.01024205880999,-42.72980972551608,-12.709111383947603,-38.402060031529466,2.997388442427667,24.809610725493318,-9.452965444555653,-42.060848441695576,-77.86995414311076,147.4000773358353,45.92878631282344,-25.76852319790808,-65.05223304797624,-37.02579419614992,48.39649585444042,-10.789230928107239,-64.69189399694648,-46.07469912505617,27.365296672031132,-57.209079275378585,0.19256661393244706,-49.7117834348194,-45.73875642795569,49.54652803950292,84.5235440316176,73.44616538302436,40.83904589602573,-95.23738258829925,-11.829886806486389,166.84138002192034,-65.3875174570534,-30.59994815185228,53.00659310067699,40.43763490822486,-63.53536133492247,-25.094012069876296,21.069775797220796,109.35567511103348,-32.59077863376002,11.621050085757995,65.29670219552476,79.3275835798391,63.01553873854271,50.87429699066757,-78.57384474219072,25.069516241217585,-35.49119621447992,4.696354371679594,-18.56238825738313,48.77970131838155,-71.989934326734,-36.83595099404817,-42.99376999503085,-85.25534097849552,111.02318535526912,-63.237420191277764,-37.57818098052832,29.936894927335423,13.398936378613566,115.71364143203466,-14.037881889414088,-6.5529564094621096,56.11441284281836,-23.961820581414184,-93.5187651205688,28.46063119565954,-27.647795099818477,-31.85368662178021,-100.79088784895897,-163.71366322835868,-28.75395832692133,-53.3315711537715,-10.983950006266872,-54.864035891489934,-71.09262098570981,36.81537849734715,10.233806350070575,-10.0653624194385,-52.64295563291364,43.67214136847517,-44.992556056508946,24.520257678325862,-8.055691944653214,19.74854602226665,-61.962828083521224,15.466751526121088,-37.570759859108854,-64.24451588822359,21.264482050856106,67.8265570657166,35.04270974567694,2.9549842070134384,-16.113188062712958,-62.06413244789409,-42.419393818123986,-38.895430427690044,55.16001405999397,-45.93919794390575
-103.24343152879521,-45.81829819680905,-3.120830027141764,-135.1092786973794,-26.09499648919421,-143.84056926343555,-58.26175651808859,-213.19193731777122,-28.05905477974729,-75.22093727962792,-46.418466167002926,-70.81657546791092,-85.56642253200395,-170.7745618598345,-51.253868897389715,-246.817190250991,-44.13484816922029,-34.42956102955168,27.009889058514503,19.303441715511088,-120.80699547293196,-126.89254746283984,11.693814519618677,-59.854793253214844,-15.359101831739407,-103.40324716794133,-58.74885139224268,-99.15943557289867,-81.86383799742245,-67.84943541835801,-177.49055306840714,-136.4610530987523,45.79701877119785,-32.95766691034192,-113.13849540900176,-105.10437239410176,-51.12929012716893,-50.615516103369,-199.03808366087608,-280.30338360183686,-115.16426546523347,-123.96651149555858,-61.36498322454313,-39.27292179363899,-67.37142569841598,-128.25938831931776,-13.589702876901066,-84.77016754508274,-45.45940816579861,-140.5962788225688,40.02116632792941,16.319778638865706,37.06581870361239,-112.18517062737241,-12.261212701481185,-47.74414920364649,-126.67517673967272,36.605288134768344,0.33759620129499723,-15.655255669850778,-101.34016664730052,-172.64081608237888,-101.43356424586901,-63.31480816576305,-79.4635976008905,7.919584452831247,28.75151261605574,-88.74881438456782,-38.63602856303641,35.2006161301196,39.043025449328525,-28.174693111493596,-198.99594885154514,-60.79268175086061,-110.9570668882468,-174.4583116812678,52.21074169929751,-151.89103448520865,-205.9242013058605,-151.6131637537847,-53.03898795269589,-151.20235234560928,11.287348053598274,-69.26073266614155,-126.87002256044669,-77.54273752086412,-72.34797912490313,-46.99903559322366,-101.55430495125175,-42.532352666106405,-148.5847474682276,-65.14628799869772,-144.1717079327789,-204.07667041914002,28.93773005269698,-0.10296367070924617,-36.87473048811134,-98.7860230216963,-43.38436391448254,-25.297348292075498
-33.60433373446111,9.018266938699153,39.853066822464186,17.236737936517493,105.27335378669333,12.796662263338462,14.150022222872787,-88.59753541479166,67.25182310657011,33.05202796959656,15.11337358457474,12.694068742118015,51.331884548248624,38.42398499572754,51.73025589534796,23.213800178540147,39.66038536563272,52.6621019414543,60.064332726122785,40.89302184838679,10.894944757869494,-42.3637602115739,26.912291609420933,24.01625980552954,40.451024074693,38.34265717220127,3.735133978890771,60.41190947869819,-2.614909812732754,-18.290713699841312,7.613762927710098,100.97078591070382,61.36963053352977,83.93779934806949,-2.4122165811884506,43.057809601586534,-31.357230683597837,-12.211848792119122,27.400733013358185,1.2242225748073157,-14.004723199573357,40.605749573109634,53.866254203431666,16.641275337169795,50.02815062065124,4.598726954773703,84.80837027826016,39.67245431542892,35.13830868421402,-28.147608044902256,36.96144828681462,-28.746191866770676,107.75435087241566,20.000810566361437,64.50976053360978,51.82670883150272,2.865862758527469,-2.276773834524952,11.473052689870554,-16.328219526720144,72.50162024789225,9.941664518848134,2.136638124297226,41.468318418994414,33.39423981134256,39.65924167900291,43.098259844639,60.964767606004685,-25.454333844661598,58.863504589934934,66.48606167037372,5.848748864232479,-16.12596331707538,9.055450365833462,84.11824230306122,-17.56300217485485,65.13059782177952,10.446779707116065,36.57295335788597,6.919881468047903,-13.909006038044463,45.6514890445106,-38.3047738896117,-11.065144562994533,64.50285305639618,7.226687891531938,-32.85273734803095,-5.374869970619834,-14.10570622931069,-5.89192877451849,46.09260858080839,60.927094154578356,28.622795734388408,-18.27524670484758,12.913421263967782,94.35966080678243,63.83183607969351,-12.97979162959857,29.682166556872374,35.78872114485213
-18.640919574232512,242.83761734225249,30.532425765496743,110.40698707362853,175.02444156582467,93.0697745953983,46.52315391465623,59.276421300873615,75.15957096600592,-33.90945321161332,51.33552923139954,-35.0750469969292,61.345099113905924,0.5757257735961161,118.66537913323272,111.80726965170649,55.47476192118779,34.106901617831234,134.15881895858757,106.87971256980978,27.215941653082044,-8.40162697884303,104.00725194687814,38.52409007272177,90.79867528997707,94.17908685949052,21.875991241903463,146.57631500621824,57.07993521019896,155.64969690629107,51.46055507619853,97.11218505298058,107.99519079730185,84.52982329625081,20.493859373159225,-4.410019247583096,-14.504892645864174,10.284792591168541,45.70793450346311,134.77637334080035,115.64981785752305,83.23502482514118,-6.740348645096755,1.0534531737797959,11.826403678555241,-1.4034352493963242,107.12887460733477,-1.2375444033822864,131.4887941165714,31.484266951375883,53.08408270354808,12.559942838719884,185.19785279736965,111.57246178653516,150.96111174360823,154.36148378064564,144.2897000577318,128.24630983270453,5.818932900391865,-1.0867151706953015,91.94208156097841,-37.42300458231395,60.891495699006434,95.07564314092674,-11.421665718686976,107.07390803670799,59.73122630014852,99.13943320685726,33.435647838228114,67.59230636574202,96.6184558204057,117.18281254551869,11.970564114516632,112.8834879896392,178.90966146018894,110.16153131922839,63.88733446107118,67.66869077514819,10.211805947048825,70.82310724262182,39.3812241516817,74.88005013597675,66.29778149558285,43.91412093180015,140.12395603401202,26.98766592573397,-8.076899129857113,1.7063223414674882,39.41842698260404,78.8934882237764,89.54281480861401,26.889957986269682,70.94279893619355,-50.11087383824568,57.30876925061986,236.60255138638863,235.65547469383253,34.81842639792437,12.106298233745756,73.18057934327967
-3.479021520012002,12.342328974919031,-18.824228696425738,8.266358889854232,26.78353290388121,66.978544030245,-190.16985499126986,-216.93212984005916,45.33163132166083,-102.3203057038822,22.22776565297956,-113.43916385850235,-330.3765419716336,-111.95247853601275,-3.55980636928389,-168.79413539221164,-160.09455050025232,57.162516152960265,-9.789707653100864,-1.505065849245533,-347.6703297932323,-212.76141225054425,-67.63475012444847,-40.68788712719952,-115.78283269452702,-474.23588070090494,-69.96897226483091,-107.48536523132456,-299.69374707249574,-55.413538648781646,-135.21014283629574,17.92847673554948,-8.28811746013493,34.35441178109618,-61.61509401315407,-254.3552359489776,-171.3351751324516,-312.15711867301576,-157.2136209589089,-111.82210372179141,-123.75588669961304,-62.46676387474401,-50.35118650321819,-113.3164663636983,-155.335696832413,-149.93796698859157,39.309191730197554,58.743750751206186,48.902706719805046,-73.38937915846513,-37.62384042622421,-370.79927493129094,43.80837404935414,-31.092291685936452,108.1192149791019,85.34268790389046,-169.28946099980075,-214.70448156369113,16.31805414859383,-51.163168919984884,119.47622507404917,-202.8525268496285,-80.01416289191873,-175.43492982330923,-28.348178947152842,-55.84471822975059,-1.0867646746671666,77.79025968035897,-145.55224585944066,28.9588082177211,44.30619948567106,-100.9798377941003,-168.7622725371525,-127.06717705127495,66.59067823168756,-109.6756728187557,15.538331797621892,-276.0813776779506,-30.776606241188595,17.384597996364512,28.504156886062173,-7.374961746756224,-29.426357077825664,-79.86419591777462,-83.46863090843682,-76.49366538414027,-207.4305507643193,-174.26807811860175,-70.45992097878661,-248.13249384584006,-139.96750148315363,-34.199486550359,52.21243082274193,-92.67271316825195,-142.16003026177447,100.59434063324454,-152.38741342313926,9.554413980753388,-124.32522790845198,-3.841080585207209
-112.07769965398052,-155.87091428383087,-144.11165114743383,38.24777237023845,-141.04971730064207,-115.57513283994368,-123.88622428053799,-146.30333441385795,-150.44489449036064,-387.96996346503346,-24.75009830754307,-80.84149821226458,-228.26789525445346,-141.88343666476462,-23.475261041019746,-98.34318893023188,-145.79195684723356,-92.96739127443571,-222.59089169659777,-84.88151448964516,-87.9513618117203,-44.16673361887027,-85.98082900273477,-4.1358104319462985,-50.7314801387563,-163.71987435727223,-101.3006396559154,-199.52504168715896,-160.09198943413304,32.10941033924739,-10.60442327211835,-203.97043020139182,-154.75424234715405,-135.4241991163665,-26.703647041174918,-210.2752718798965,-144.86714392140743,-395.13940264592185,-87.77877552443219,-92.32742577704671,-34.66979117143034,-53.0977412702098,-214.57725114734333,-99.9761570216359,-4.834407034701875,-197.1051692817644,-128.59987418932363,-74.68983800334757,-116.95534018307352,-79.00723025497106,-141.76796836308068,-183.10695769733158,-189.8961995727637,-93.20766045151029,-150.84948681251814,-55.83764455007243,-101.33383275397715,-34.790564110016824,9.494452131745593,-45.81686463285662,-116.98693213094445,-7.8862206341733305,-2.7272868421913685,-135.46404774360647,-261.3748341151681,-112.01925211060407,-46.608028214158146,-113.69321401534664,-21.589556294003508,-63.074891926673295,-16.845077263397748,-114.91963443942632,-90.5966198385917,-259.67862122107965,-262.879671050684,-32.42070559013144,-161.02545220328517,-91.34094017634257,-169.2429279402315,8.954344531949621,-128.08639363568548,-35.44198695433331,-184.56574911599202,-122.43276871447492,-130.18463102103064,-35.12866051194679,-36.50773621156617,-0.03425186996477365,-68.0548711820023,-44.48561022706677,99.43084403938867,-48.33362090610348,-193.15561102400957,-61.09906047006157,-25.818898806012438,-151.0550560980449,-89.33423698179081,-110.06433758188041,-178.77769027471624,-92.17519602308144
135.29366517314108,217.01259601266975,70.01575331028,33.214042502091914,100.8169032781372,238.0254934477245,145.94478412511273,260.98001916047355,64.9879554189875,272.9960027518111,30.356117670013322,15.912284168093953,190.04429276443818,-40.0820338466563,17.522737023797642,333.3815318956801,72.17725348340136,72.84725484188758,110.41009740993157,138.67256306482597,64.54516426446463,125.11065421150843,118.20633655644214,52.88307123198027,125.29860964015033,88.67991065802596,26.384591180678285,105.56566196647987,154.2097054661717,98.3017260920927,199.43580798069274,70.51912851323144,55.49026343351629,58.311862523257616,149.98982293031702,124.52994004228655,171.55863846083707,199.7167185895492,226.2834459043457,335.28766754170965,108.15963894434155,102.03830473250588,87.39552205003336,75.35386903515155,80.57931230221116,33.9721999595257,84.98236121728286,78.41223611684539,121.18929930314755,243.02061710104178,-1.9423542648161025,168.44840860363263,118.86716269131873,151.45478375135517,27.82937520014281,199.71969256290737,47.96108618410598,124.37874465948653,82.1766246485957,81.75900806174178,117.25665247874109,164.5026682078589,198.96455794169154,64.71545536899295,70.70508693921096,64.75437594045255,76.53614282828347,70.23940751541264,-11.42365233715972,8.916999835576629,28.580659494186687,233.10174103193103,178.1194449891916,363.67471280519163,252.5942110132341,328.56667155109517,51.6431017868818,275.0925882625789,133.92973393087368,217.19688158547805,117.08103139563936,174.50406597016115,162.70091341551856,119.48610755454264,238.11091443707824,52.655543981308874,78.4734892673169,90.72415164696594,190.6497532889491,168.820927732502,272.5930125005946,229.22512486100305,62.04572440044615,268.98526716645245,55.75184266138882,113.58132768643843,86.54993547405911,167.52428197714585,60.95136031242789,84.85987458173955
-308.85173764860195,-340.8607326906992,-194.88484434213413,-113.17155199211372,-367.6398872977569,-321.5980823733302,-256.2798497272072,-306.61456028232124,-265.9632143008834,-432.7809818849517,18.890701883693673,-369.55393998295716,-537.539920715225,-278.80880961747425,-128.55523986364912,-579.3737694374462,-310.00290917604747,-158.44646364464137,-377.21652017276,-140.7464133408104,-410.8702740478545,-444.84258454425895,-192.31471828554933,-128.1262886387211,-291.37482957214115,-369.18582861011566,-125.18086202206358,-365.4549537069252,-478.1015577611895,-45.78899269781695,-274.57545479582274,-544.6602910002155,-338.8993454839072,-297.1135910942948,-288.33204389375857,-483.3171281927231,-289.50859833504495,-560.3446614115513,-395.31064624194835,-212.66448894097385,-237.32400584863078,-201.00643728215596,-389.529875777383,-255.94268817349138,-278.8819846743149,-153.5118704716068,-269.4356214853428,-115.51836350403525,-187.7136349228713,-310.41476428969906,-171.84582019433674,-411.320480219916,-595.2242299763241,-200.20087148443244,-113.63135155728862,-154.15008364223021,-389.3186679139025,-467.3353343746613,23.89130348517853,-208.39746740861392,-295.9794885433709,-485.0579236719398,-311.7279276811741,-310.74092096068995,-376.14308524184213,-255.61589798718623,-123.50397627037205,-237.52087830752447,-96.79780414632638,-152.24468411163275,-208.26164412936888,-277.0789138950838,-397.38062096817333,-493.55467128478443,-219.7045990353289,-275.565160270385,-312.85401793413314,-531.8821657091544,-369.3593039717856,-218.57034980970695,-143.64035624182426,-295.951582378696,-230.3765928885781,-337.5165199436074,-584.651437000944,-236.29989890119117,-170.5911304018993,-223.36341066743213,-292.22966250605924,-355.9962258212718,-449.37518471290053,-340.34078055639833,-131.03231851769348,-456.67916030879655,-178.6627807774968,-343.75311926879374,-330.57377212160037,-293.969561533731,-360.96182218498353,-198.7098758618934
157.66351860131968,-138.24990372508557,68.54185724871027,-42.18117419390123,-66.72002499296221,15.236925913205843,-27.36300199816582,104.04518164757168,22.96030621502482,58.67051077335492,-60.7696825867193,175.19692682257713,-95.82237159187082,109.16014048040284,-71.52865970953519,13.008948199896968,-17.413947344548703,-3.5136484399919308,1.9178738394284878,-66.26952377344622,11.162252694491066,103.82917765271452,-7.762130026785012,8.81214716705738,-0.23996271482823983,-10.475123558377472,53.9628618323488,-62.0257569095004,145.94800239534413,-27.8463373040403,11.004299230221303,114.54038306528915,-8.721774873506577,-6.079125527899399,49.85677362234279,71.48568997276324,142.09732209243455,62.08998297613754,86.30301348084487,-26.532015185319928,2.5124024206381383,96.36944327121404,68.90318251276865,146.64527189643405,152.30899375901149,-34.098755756309885,26.073651922840035,2.58911178942926,-36.220566039276655,85.5911640696745,-11.940897363583582,-80.87618775191132,-14.654239893175479,-33.02545141287029,-24.95280277412806,-149.80648324470937,73.6956214708467,-35.62321580038649,-0.30526340999524937,57.27784258514037,-4.99011028889565,136.4663730146535,117.01668487276345,-84.87750160011596,104.52993373876016,49.497459529461096,-13.533846313400726,-27.821530441445667,-5.901734265282,2.085086168276452,-55.96599908054622,-43.48101873398364,105.90508870953987,7.777737799391742,-57.49035321338959,60.37829948568613,26.74567711352454,66.4559148377923,39.445914282752376,19.187616010441605,5.503632503486417,21.489604613070938,-41.79694901040331,67.66457762983568,-20.345668139868607,126.47448109003456,40.40429407876298,82.75698143565388,60.49900219782637,43.04065576802524,142.50937042479572,-12.133323213106728,-38.77139839172283,179.43274252468225,23.175083720636927,-93.47993910800147,-155.39040481685865,41.05956960225305,91.31093307953033,-4.522550262832143
54.77225064513635,49.994376022566215,-1.628997688022469,11.852290062126473,1.218357647124142,53.16806651638659,73.01120389473884,82.6101712737502,13.0395773091326,205.53372604318733,34.33871370797121,-5.399493463963559,175.31997910788837,70.19430270130158,26.09632381170494,54.97947713895756,34.81985828804286,-24.184509211713493,6.930382104063303,50.98012963857573,64.43970779956814,38.04281124555222,14.46889980730397,46.81286865036683,14.247214735506603,2.8136712646068065,37.955996248044244,70.37812590843441,91.96261403359179,-5.0912423083613945,101.88393344483484,-55.98749660007679,-8.997848453564123,-5.041741802645038,36.406642383336276,159.24315372615456,80.11243740639813,103.78075096018733,46.269177945337994,160.42626285571455,-6.691254302379259,11.56762242569727,83.18260711505496,77.18283190983594,4.7721322387235645,8.189535113424329,-43.72593509862,30.33257035409033,-1.4020131061822736,-29.079464625241584,15.192160495918728,107.60755706987071,-37.2262473895776,65.02621578966017,-48.64373293785923,56.692542827851085,-33.23925095093941,149.07490771841492,31.998537557142864,51.753484948628646,-19.935837334943844,52.14024661925672,36.08021833561642,4.600009231150804,55.3091953239464,-32.843389283706074,-5.917931831890779,41.0911107356839,-0.9377747198174192,-36.64613493668262,-27.847392344471995,114.89670075813932,71.59758240960355,112.53380020805326,69.48944551880079,44.51472743384398,-3.3717701879651196,57.13982799219669,113.7651157947512,145.79960097331005,-21.068206656483945,136.8534952869743,21.883313080778816,79.87580507248204,-31.868954013906915,-29.724387019984356,41.97391871226806,-6.668969851801498,30.595789520699803,49.56303877393682,33.194529169123925,-4.437532655679572,42.83058136983103,72.22159864568603,68.4103055857006,-9.306313686398628,111.30550293715038,34.87612872028897,43.183929222775255,13.677690501855555
49.35942184467765,56.380070164154226,37.889616635489695,109.37540130217748,3.6111272871434643,126.83794269026048,-83.09557361594891,25.026610302253157,4.549616674208799,79.39063613711312,-28.72985877746609,154.7346993219852,336.9600871319374,46.38116827825818,-17.70153064898363,15.487130912145895,106.56179487579232,-19.416646833260714,61.171509793591596,4.978943215387421,68.44092759232538,34.90820919759172,18.44442924147629,-33.4548619204845,67.34749220071777,81.30656480470417,6.642149137189622,196.79994409634043,117.2453098217751,-19.01400055280728,91.09055474459224,40.92434584973408,11.021101830425842,-1.8006029113951143,49.25903473737089,32.27984045371744,92.53756232904072,223.3229432315023,9.342281207832016,159.838721910709,100.18523944025561,75.41919324589776,126.57875863202393,96.84350440502473,-43.30494000193746,87.40385741310519,22.332804094309918,-45.26443199474041,11.115463398235182,-28.648290212786332,-3.6241077241664454,164.63077537790022,32.91484676289646,53.90587753202675,-12.890282561636381,-115.4307923633446,44.55183581020556,44.95791786359702,-30.4284470906513,3.942929697779626,-8.6292854759466,12.30595228981756,101.1851066220068,106.37657623968629,167.8992877704022,20.703706198787398,-25.49992871740775,57.961882353773575,-16.322326604905694,-36.75870790982713,-52.602033345442514,-45.70608029297909,101.86986428697554,76.75783908172167,-9.522157824971881,62.24713084091447,8.252120355589222,-38.03376755108611,139.80591325694485,111.40035035644792,-58.253005917231775,62.38467328993358,102.71826048708272,132.07863696504242,50.262832506896615,98.45370194597938,67.96964336107735,-66.38568927338794,34.03377112964735,-39.170745946270266,-59.587162845823,-56.740211409700514,52.57752956425761,51.195459613903715,17.685113161917837,97.64872662873412,116.34657778318717,4.578550731926048,57.9375537448637,-9.068615532417224
117.31458206729525,51.2186759314234,16.930132834035916,-43.78691587552485,22.49744364717597,-83.97313460886296,46.34525548884183,81.71116584435504,81.31114156766441,105.0985482288072,88.67071075737178,-61.159018547850124,-107.57215165306296,172.48417149803387,-26.23014653133964,-6.77804005054743,-35.51036206748519,-12.512062663043956,-104.9514505397216,8.425776783318286,27.325576834314127,105.66691491442073,-49.98296503173614,16.81129472802583,-39.20340849223648,-145.36708499268,103.62607851952353,-18.983522580462484,54.052272315053386,-136.94557197693604,-11.799699669515924,-9.742291206231736,-33.66926837732525,60.1932434651908,-28.987472860889966,227.8384602147606,30.510452499023973,189.9198215615768,35.703440278230595,-71.10613310368524,-3.186886530816884,138.0591718126145,-43.259279860083595,16.15831107864115,-114.52421055846519,-58.74305612368354,-100.41394884761742,30.965605090721613,-45.16808522225149,-173.30374866577853,40.08632538573592,33.430775171327056,51.830196624309245,49.95878742200496,21.63968301254135,-29.814318943538222,-0.25136417014798623,-79.68661181823275,-27.271371079596086,126.69669529106,-74.7052160117277,-23.040653978359696,-79.91560372474179,72.4402673661949,6.216831092797626,15.175108623564087,-48.119115320322535,-7.164379061762428,-84.40333423397158,15.168809652928596,-23.581404144014805,-24.150838990082384,34.83002617551094,102.92815544148715,-97.71419667424588,-132.1102251401577,-4.997067865712991,116.3283800318391,69.03235633177404,-6.150089964568396,51.62753096665657,119.5051535424506,-45.13139169160775,7.707311712621183,51.39624947960541,-59.35106218253635,17.262405613059418,125.56740080795237,-22.27539639708901,-87.26904400758903,57.695449672953764,55.35784334048644,28.40864336514335,-78.53986259913208,62.02453324825037,-32.537817540988236,49.2282459924757,54.5759677615779,74.65957800117289,6.753006151695454
183.17466795007465,251.784829873153,110.15418855619465,237.1970561454511,234.21871480438185,190.55682194271836,41.39529294308417,216.97454178907694,189.8858138400094,182.0499231070412,3.847656332332764,242.8295192876697,495.1414720050759,194.45729252351984,127.74342239302531,345.06427199377055,164.07343108254395,104.04340799594318,243.23635389713723,65.08983557328948,168.8280267673202,131.74145625869633,135.64511481952832,103.14263534307072,144.7970881046078,204.49228029361623,65.80612570247322,274.6097176087908,301.726060487726,169.3703958800939,163.27961182796966,282.0574640566807,254.39540880036935,158.7789210396209,158.5117665325067,223.8686295809015,138.93618910363108,345.8789331043524,151.75243037044555,248.21945511054744,128.86742184831658,134.85671558764733,264.4998995357908,198.0266509104898,133.29299358596566,145.50392895749957,189.46620993586032,62.34359820481222,106.10911779747026,200.65475068175093,131.79290067281656,262.6658764222167,288.1915174482969,150.61750368658207,119.37308279863346,-29.004026187478214,170.76791877004268,153.44845999751496,20.816905596587702,82.00196479640064,123.36972491406216,278.2703546085785,200.54124613777026,251.13770554011487,276.47619809604487,133.15595530730022,61.47125108970637,208.52592494965205,137.70748572471007,97.63847115341042,82.58212127931466,99.59711562796237,223.1988753066086,119.06570144330726,167.93891509083107,239.38942519938564,224.01388535625674,203.48606590568232,224.54906513660922,208.13203230759876,41.016496795130216,192.56326441135255,114.11713712251469,252.80637451429098,176.16357232052655,152.23922583903664,72.94595014785219,45.41014647283593,77.99454332755424,161.84248862847733,146.99380912867503,-19.463967133413174,137.93429726237463,126.53297406376983,94.20986753120353,234.10672030528656,232.51640634399178,114.39017847524592,210.1538223666422,120.19711165215796
23.791346683499395,353.60428972399876,-28.750744986539388,116.99684084648686,96.1433180430221,112.31652984732594,30.212645698613606,82.03583253805047,-45.71923984165797,-63.83525822077454,69.58415893864448,146.98576804552707,83.27730719414166,-110.17955762677143,30.19700584094517,207.7438904127992,33.50659896862368,69.94819947014857,-6.399979611382383,74.00716980393176,-6.675293183220561,3.021374885922791,-16.862380269865266,-25.73635731778328,48.45394214886855,227.06571259136462,-12.621966452987229,120.18729134673842,-26.015131780772123,10.727528918588126,143.85485376231355,-25.440101902369815,-24.1766376801282,54.27320501888793,87.10209503707557,-24.893523729886542,-68.98668196360596,-26.877717968387547,147.36968140523476,43.56015961176565,222.93310536704703,104.11391216878064,57.64204188549504,-159.28030181602182,-236.32516319884203,122.49573404716787,35.22739407714722,82.09297134940232,92.07030017997674,10.917422086427196,-48.420440916189776,-1.00414719142415,69.67051015086955,106.8116525353682,26.96983233819607,52.97173922751441,12.375855547152328,-18.011144256960474,-44.938059278016844,-45.82893595420512,58.372844190498945,28.08966636683723,-33.579639762603996,122.01814589654124,-30.107447780729782,15.170663331240034,14.44866639625044,23.960759378192915,12.051820616311593,-27.093517207374294,46.2603772439162,34.56087478353686,160.31564584716324,272.3141550376272,69.93017434623944,48.072492694561305,-21.042425492255315,64.8627758963632,74.67836570684142,59.660150362084956,-39.02978092340959,107.28506642536357,87.36602993310011,21.558554819518626,286.57188093022256,14.206512751804082,99.83210953694045,7.35017643058366,58.173368824630636,-55.61228857458678,0.788181805436041,239.06767981944097,57.21025664606275,105.18611602552421,-78.41937632430258,114.6645024680679,74.88600817004482,106.7997598740051,-172.7782477692887,21.493955599917488
5.343017382920242,-101.72377179387452,-48.166338906104265,9.23256767990253,-20.54629290047114,-41.75576991733434,-50.26136628988943,90.51133710297452,10.018869781186355,-217.3018898371618,17.180878404461662,5.461184034667032,-202.7040742295321,64.80368484102058,-69.61196187168291,77.79461377974923,-66.21350283819264,-18.099264455353453,-34.11955859907813,-236.86683892557252,-16.717201829907793,50.081579887841684,-12.433954831347396,-12.175333290984714,-72.87998736943601,-180.3949032647297,-0.04167108834798986,-94.04431659529236,-87.639042434315,-24.667003892453675,-40.159446470226506,29.773228937334636,24.064713198128924,-31.685166811358776,-3.119239128684913,-72.10643461331321,-66.72788394383383,33.80237612885388,-3.5117291656963743,-66.95199500951712,-11.641934864612626,-79.6416947744261,13.7991361308961,-3.596007217689434,35.870400328510314,69.73571974909235,1.4960654425496798,33.56506873812094,-31.17102714542275,79.51760603304103,0.8508493628381671,45.40273104766089,-51.45415744712565,-36.04856827441614,-115.07734424136653,-159.7634835405842,-24.327393417760927,-23.88742015513872,1.662776543318427,75.8623251675706,-79.28087645786916,80.29732907369734,-3.2293773329193916,15.588659418855462,21.28275425136387,-33.729919091631835,-16.76738548620143,-130.42632469488782,32.95901785292171,32.11602512757265,-11.329322165387332,22.522370920837727,-39.739496896669586,-304.19160652911813,-95.96947573918646,88.0499774570775,-26.57654243880372,-14.34912105668191,49.5324191723229,-48.814564100444194,-32.025774514463386,-111.47247425663393,-142.72463213650175,-77.90376062129182,-142.0722973991081,-65.44189033856206,-40.74007731366025,63.81110801477805,-2.7792234642644416,153.46128366032858,98.85682277252174,-3.7775709920189082,6.955465608911231,49.04499791144053,-33.06620376002642,-59.758298489293004,-130.14404202455862,-23.10162678334426,44.926356113641866,16.583349929868913
256.1289240922308,566.7322308740574,299.64903830852023,220.0159971306561,107.50665088286893,415.36591588609997,225.13174228523627,342.5239228943324,145.77033459136035,489.2353240840847,86.15339405140188,327.3878894886636,352.2046294701632,219.02180904635844,67.28307233221264,464.6485658691831,288.8279569847117,184.86924761118107,222.78832006373045,83.41003554453262,149.0191315967406,230.37194007762187,194.98775462940566,119.65261843719823,231.08186958063638,423.7405484152147,231.0369732826061,187.3106262550113,235.32477283833128,210.97966387525514,208.93067338480742,212.28008252465705,117.00571342907348,138.41865921772856,204.09761211626332,212.04792479638667,415.937083204387,523.423424154608,487.492843810053,173.2816324043107,307.86026504723446,378.5878643940696,342.44816359348573,96.43310500357725,95.91123553188378,438.422502715198,295.3428890971042,90.13742733486046,178.69842551351704,418.6618420228223,8.269374454784508,365.3316626857743,216.13018881239137,228.64446201155633,374.91943644213075,155.44978829220256,248.9677061554472,127.69602065887157,68.88899476100073,75.34142808718954,167.6219622101126,344.9812873416362,319.2292706247183,189.57811080673693,201.68421581408796,132.94258408838434,101.66131011645234,230.14029557603925,207.72958684317817,35.08758304419669,-21.33130754535216,122.9512220257631,495.4670015803274,465.8164005524429,417.0918343342792,264.634832877088,126.6299049650251,438.1234423226648,185.09617195835378,201.7252844574551,258.77398414600606,139.6408929813952,433.6243199640251,231.30165849288545,463.3208617211573,297.0877518506336,351.90023607965145,102.33162734787805,202.83283259187976,131.95575050830078,212.7838484163856,163.96243075952773,155.82221280563286,263.2276891051954,23.53111354218605,118.24602919791634,230.29659654315876,297.9936248293863,97.1354691146464,99.71403838892597
286.7496342026167,101.95496140789251,50.510131617800155,241.1252101532512,189.00121725491348,296.54053576517987,243.79813991433943,316.636095898602,243.0164976871414,262.38559273298443,149.15682265492464,149.03121287935434,369.5451594377479,237.48563184225694,165.7562447454919,489.5936773656192,183.90516524308362,119.20265534571061,112.44432139434157,84.84635254573548,184.0811591380975,290.7348704947956,132.8284812658681,104.4471330899496,104.12254534895081,349.1859911549104,126.86270330360017,229.88565923520196,270.77846702522504,239.63839065347744,311.7886658998608,153.66465184326108,174.34717572518,130.65214655630277,170.83378591039272,427.67390820674314,228.80048006882225,129.8203870764998,339.4132996747972,273.9163491647149,224.44729859509914,106.41046379456954,273.53484017860086,164.77773815766892,335.8519859303066,64.90335108020925,150.2811249899854,149.40254149372805,134.87764995417203,308.33061888874306,120.21291597881836,-25.498279490819453,221.9136629584678,118.32810406136268,76.19669335511786,55.72066532554476,252.74670319159324,332.7416249116434,10.638353463455786,123.80626280123319,120.64233888686826,394.1058741239055,238.786982237154,203.3761350949734,100.89347365418422,90.1249440288522,95.1260138629489,86.54942569740832,215.2551050073065,69.87891860597986,212.1737651834402,229.90735251336395,318.6106846258704,182.9953595946521,94.54294781010304,426.83197494459904,142.98760017166273,307.51759930883986,167.34844639575817,305.1483458779262,56.39983026498956,229.86451921290907,137.26064907878333,174.9852363877569,137.42031082678085,136.61048680043962,119.2190538472627,219.52227514002792,281.5177779531441,214.68809022297194,263.72547239441354,170.51287168658652,127.00701562601003,261.0020426026712,153.64269905140642,131.11421996956932,149.78461092142467,218.63024780649886,220.11412839168358,167.50408762827263
226.26505114426203,443.27185843952503,266.14346288465896,185.74736013893065,188.89478505476507,267.04726606337937,223.4341511566981,305.69607135567264,239.0107440243092,452.27970475809366,72.88721462850799,472.88486057780585,146.20336398003715,471.0261351533027,57.74466212891181,466.483059633475,425.5486849868633,191.43179373924076,336.34038154674056,32.68637813361253,512.9177658999395,353.6721560988657,332.4321604041337,288.6715326859505,252.90828655050686,180.91349198081804,231.5059522247211,221.91536857265967,354.054145562759,142.02855246612722,227.25737036211274,261.9566115402286,196.14322017775822,286.0728977693921,102.36385408062647,213.73686647452007,640.3994855278469,368.9743378206425,270.5509273347301,507.9725409129866,340.8496137680568,480.9223956440779,526.5871992316578,243.27140856033847,168.26055913065963,340.21659154266524,345.4398009472332,36.79313400840368,131.83804902118368,388.88657238040025,59.63999918498759,337.22685609948036,200.51848253836013,382.1306662888557,310.2751263711977,259.48590613562,470.6974971194145,-24.33806405439599,143.57560638580378,104.55991814849583,268.89739202992257,271.56889455450704,465.49995123899527,399.4311194169108,410.56657108443966,212.4089357251124,183.65369999079834,274.3420745485946,99.15113882861324,52.53678359346183,18.100157999237535,265.2815527465879,412.0320757098415,517.2243063000323,526.5192422113117,123.60824240219974,255.20805325382847,350.7694370454281,743.1531599064764,273.54614797900336,116.5998968068205,221.61395939357942,358.7076550237291,308.7400073365885,369.38348033659463,272.273449532665,484.63020776638,112.45352277528366,192.83037625484496,378.32586820272195,417.5451747162199,166.48949184774537,236.26727874759567,364.1927592985573,70.42197090077269,428.99981011732984,466.57055387556215,237.97652698359806,194.1157542553065,213.68780636851076
147.67300002591918,16.162699103422852,82.95380863767664,168.9691165707033,35.35575518483176,97.07617367306796,222.4820810640831,151.57879945166556,49.45842403932665,204.09454740462849,98.70612591584052,-46.24941054577867,269.01897921981003,208.88926033676216,45.641871688049505,-37.05912070968096,70.65465666625228,22.183077481883227,90.98324410854681,49.72816966133831,146.52669323860513,85.12274820305898,69.11964316933344,93.78102052602992,129.06744859384355,175.84011782299052,26.966970732339064,164.452618312907,139.38674376286977,151.52555981201195,81.82667237096983,-57.562667246338194,63.75477319134697,45.713798670777535,101.1387761239216,247.521874971952,240.5913309782372,155.79318566450107,173.14040334590933,121.37328824094618,142.6659632773073,144.70019014544434,23.327518213238754,134.22256181567235,177.06088625486407,80.98196714414972,97.45786889946564,63.454694159766944,53.61648755099944,146.07049863407747,103.11651107001748,-40.671954184861,74.1272818624241,57.0114706144262,117.24955810794549,80.40698750798573,41.406439820656786,243.1085192941102,53.2737492397274,10.307374117204729,20.40135129757861,241.54992344380653,138.14280792475978,50.601376956761754,-27.926850820539176,25.57113253926907,91.61082487096807,24.44935151791227,94.1117082392957,29.939984518250007,81.01094137889136,110.18326112725696,179.9508033903722,-86.9918585457901,-32.88927246471492,156.65864420493185,131.60585713607617,127.07112815047113,-38.58623659268616,197.3661986821,153.7949855513747,113.30708603537914,31.567008174218437,145.0579294908497,67.05846420619955,151.59944321298138,52.376330638179695,58.11755505134133,131.55033161106843,53.17160483325967,125.49389794607671,-60.41553535677255,33.17604986101626,15.707174292234637,161.44303113692962,3.2878558875359802,122.49074779733246,81.15637326203307,86.23498763702716,65.8532627531505
195.16225758154854,292.9413772120668,227.65317622241773,126.66958478237262,184.01268133903312,246.1229309731471,197.24000621550303,251.67993193096237,203.516140883172,539.3787277917394,-17.968968494767328,320.2074553801491,232.26093945808609,303.14755291058304,116.33651521636013,513.1139929163191,373.32123749160456,112.01663897385039,275.77108892997654,-9.652524605564288,246.08224555354212,303.1626590521567,261.2995556462004,105.88558945522638,236.61154098939426,106.68709951008248,205.2833529688505,386.4240566566478,407.92967959635655,-0.8624687110062962,200.97398365089327,349.86460313787273,188.80309724707976,186.28010343715982,26.678140844184046,263.5010490580652,474.11648944546033,518.4453571213696,133.62129036880484,505.1747770322449,250.70939931115325,295.3068222091411,437.1057548116282,275.6587601778795,151.05188788341846,234.59113323429693,213.39847384429683,-35.38136434016872,158.33493882931126,177.61330332523858,87.428677664516,437.262758420561,194.62714413169456,177.94285551429047,220.1044405349748,81.48864123136558,319.2253598770259,180.21815564250045,28.570424907264808,114.1246671444896,151.8021869675196,230.99190788138418,392.16969748324044,247.68215509898283,393.98526390987746,172.0023001590826,91.34010252125297,333.72127161696295,134.80246388354738,56.72274804214069,20.700289094582736,72.04337539406148,360.29940298489373,485.1376127551865,379.89116903997325,75.01411301461421,174.49185422346278,295.9088549026611,314.28281880634,248.77363247768878,-49.03530746374698,203.85482038603462,352.22346350141436,265.6250638322589,159.5423896886437,157.56316065493695,85.63226502472426,76.70611392928615,200.76702168788316,217.3254017569222,267.92642470055,189.73529115432476,180.08319194220869,349.96471186325624,142.2138005789446,206.4026395335545,344.0579062312898,191.15669630029674,259.4643249475278,120.27715467638245
-207.15723722245684,-14.676496154354696,-1.399554301920037,46.62320265955716,-138.99246027318898,-21.392954552206042,107.50383145358612,-48.907865663777336,-47.920652358929466,-62.8307403569448,82.09496815982472,-32.739784445269215,-16.754008988036762,112.45878345897007,-92.55146784639456,50.328135350608335,-44.628011016949834,-22.51365906986129,-28.150470227772725,-1.0250321972382999,-26.094152516102533,-33.78886411083595,-9.486588106241355,97.80359287317012,50.95405750191416,120.00866106619115,-34.43074449470504,-91.510918184121,-40.54330476792321,145.60903795941124,-55.54399061898506,-109.57869292816333,-102.48313517314514,14.531978420088906,-51.364639036873996,-42.65746157264219,27.973720979097177,-39.49180659851269,-82.57161172005763,-16.343831140020416,-5.091240021107767,81.39877524014673,-139.58662668509197,6.560809028672028,-21.461756435453992,23.720158051139464,0.6199439763227996,14.314928066416513,-104.07331927373866,22.883770658484334,-64.1624545661835,20.644097345804905,-75.10754947406826,-49.37355224988505,-44.82323880382534,72.90657304488803,-144.88995304339002,20.763063469893826,-18.14455804469058,56.297966166487086,23.99429205726277,-145.97698544962458,-28.729590578588947,-118.4935652850306,-106.39473194867573,-61.4003123004325,-13.504530389339985,-27.54782270907001,124.3117739000516,-16.881436080155655,-23.794527201619605,-34.55259988346349,35.18615917593716,-190.50713589989638,80.63614334247525,-20.11906053999536,0.2798061164000832,86.52503123336139,-49.12030973912461,-52.441973681465214,27.640450354384022,1.3522390639442496,-26.085030832970407,8.79101797008735,-59.02994908128448,42.7528849916888,-8.774687078314205,9.183468473305776,4.9255962015301655,-19.005420458351285,86.9465629231864,-27.825700230268453,-73.6915411897419,-104.1382238223617,14.632103471138828,-66.37637069061307,34.41160451627589,-63.422592278057635,-220.78387177061828,-74.87939449828798
49.5280310827972,179.80349514366264,130.2716419852367,43.44085454556147,209.60502110863328,3.61789606507946,48.34647245842593,204.3735815103036,44.32076378543147,-17.71763625504327,-235.8002895689897,-6.732691536636718,-171.8625354060031,-128.57576340058898,3.1213893024160573,-191.53542365630818,-1.9226596235493192,51.12586158991195,97.59514040582556,14.375348415541936,-249.31553026013,-59.695529442269226,42.85187329522795,-204.04895933017488,70.9885327556839,-175.77772797673362,93.95017498544898,190.95134245330604,51.00942550352317,-149.16462305495796,52.23824023987091,208.29957222073307,123.2946824511518,67.31586986911955,3.5246929713898925,-66.65183839386738,-18.2630939450135,73.88819461945947,91.74327544440979,21.71114832517062,83.55818454742112,71.66786088710418,-7.301534052231171,5.061957725823869,-110.69741206652957,12.095290067259516,42.75057599470666,-55.68951548209411,191.82223023921577,-9.81783323129777,53.96020193683528,25.727969275579206,149.10853332100322,-37.35768573350035,148.53919645585069,4.35111593876171,273.5771697074575,-185.46194557234784,2.3930706282970426,40.44399229194456,-0.8025474821564363,6.211643188735693,101.262663508557,53.39821553860728,31.71323995959929,132.58426710069548,-23.03043084041282,62.638465650128644,-121.31221419747607,114.07996407359899,-8.769548161636436,-91.52429549835635,48.75114655747807,291.6831631382972,131.5336730214725,44.13101739021172,77.5411893735193,3.9108425967301153,-102.43827899054209,53.560836321048434,16.879946536416828,9.04432203533434,73.25652313513709,33.50268459162085,257.8900762127249,-77.29595364146405,-90.8379221509432,-41.99939688720379,-260.451540107162,-304.9804784346602,-9.567451068253456,8.656981364609136,110.92794913433644,72.38942743570315,-53.16115730525236,24.38586129366266,-373.6816990079173,110.87812386068872,94.48763285711037,57.59640415554716
-77.16269810790071,153.66620586007292,35.107341618108656,126.95374188349929,118.60257591139793,127.72669461927501,39.29289785213431,121.15038879765159,97.00961059139173,79.47400894317838,213.64359564102827,325.2435644287376,119.9666275971822,230.54011143980978,121.55057539014766,515.2397141804887,-29.87865930378803,-3.387412997660434,181.220366443452,56.95819025132563,350.17170757430574,133.00120533341502,7.011686024653781,104.18562323573865,110.07799441013067,354.3077258407971,-32.63007003443172,67.94218524500968,-21.822424298218902,257.18061710755217,91.60502722519595,124.30031554195489,30.005148281425345,59.152530292125924,114.81193106757843,118.43623095168422,-56.62874156870785,56.027226597055666,2.4453352000543913,346.1862537073779,205.54329946380807,53.41409019918106,334.7410688571982,65.95970345048339,230.80704477975868,190.12747260285434,111.56475563652462,24.650730301273107,28.44620151737767,156.69837754904987,67.24464321917357,58.95975085611043,80.1547386989977,111.57688749349245,-26.50634841851397,-31.78797362552878,-30.876064390190393,169.1394468820945,-56.27207181058354,94.68868277704817,71.99593053324881,327.37621667058704,79.8804672514449,3.8307276989032393,139.29427340382708,40.79114680438311,55.06302966884795,69.83009765485939,301.35649723281034,-25.055393417628093,68.2603545042129,132.21862505308243,106.66417661770237,36.6312879671186,201.44519680903184,117.06778243501978,22.761726380347795,108.27771648315192,191.65293088604886,93.03105645861318,46.35746066445287,126.76958813593217,76.12972768791164,18.449068053592068,64.5392923988624,122.40605554933722,270.75825770431027,136.4700961907664,128.0595626494753,242.91615461938056,340.99091099325324,170.62869183085178,42.9720498767306,115.22601928398814,27.0542888371352,326.050024022813,454.4280463714762,3.9397102650835474,-59.42842266489475,11.564049370780538
-107.95279122104951,-194.2398760229158,-147.55449434355106,-151.0963219029933,-48.7730273378099,-212.17001676072164,-255.71412588050407,-145.51965925372605,-182.10859785766712,-318.3682042563113,-159.70446095854842,-262.1088861425519,-221.73788986461707,-272.11979492913605,-77.48692776219231,-400.73895845396936,-144.31398599225398,-60.64000218521748,-245.37169998573538,-72.90654037740619,-244.8422937034421,-303.6389317206357,-151.0076666000071,-141.67667841978644,-169.34588226487656,-159.69960827885896,-127.09612343712298,-146.30574954776603,-135.93127460763824,-279.0946088544157,-120.54240833662804,-90.87869625874296,-44.070211379543835,-99.68150611957265,-46.38268676899356,-109.98630854860825,-356.1153009099534,-299.12425074533985,-109.4550778012684,-307.90353595498,-258.58728148409335,-322.9437210943736,-320.0713642835068,-181.28713058269474,-229.53054503111812,-162.46892382049802,-132.70301006622066,-39.31828282558377,-85.60769445879197,-362.63074191396436,-65.2260985958918,-336.273231909305,-59.345802814859944,-121.4022619745265,-199.62809166127485,-183.3425285169611,-211.6637415928005,-301.867412438571,-56.28647090441025,-106.46660061189196,-140.63590959114822,-267.0579518729012,-176.84119174008165,-141.40159533972002,-128.08557195983633,-51.75493533926568,-79.18912782462323,-194.03485027325226,-141.3249076407962,4.071258408465858,-52.64406667806182,-140.49127415412582,-254.45172774050937,-397.0709933450842,-239.73644048671326,-65.15422796876689,-143.29398696598474,-263.7970539584137,-273.9955344023437,-190.17110435403714,-150.10984989240566,-108.14454012088243,-315.8477644171685,-172.10988340254679,-175.53580217177438,-156.17478522128755,-201.2454297335358,-117.88858456742913,-152.02866592154294,-165.71935319479292,-226.1288541871831,-170.6692724244301,-120.26955601531871,-188.22628614797532,-69.8784747060997,-199.3113896743953,-334.8153982534466,-120.95749115858045,-173.34587637241566,-32.86562462881222
141.31950566219678,37.851264314836385,30.476037510118886,39.290102465994586,153.54755306258588,122.79577858383009,-115.85240223367968,165.1193918584637,199.5940656134365,-77.70160497654234,61.98317662107651,129.00111348657703,89.00827216484537,-66.58043447429907,57.239486911136886,150.2035840219517,-98.81859928892152,36.77442192722321,96.6693311409707,20.665924435469595,57.73458276527256,59.16725363418467,38.33661929199529,7.650048164646789,79.29951077807638,-71.83555007924137,135.80275603550493,117.85383526097849,14.110972205104813,-47.039666240730064,98.35899654375216,125.21414433958049,79.04960518402174,43.97281086890208,88.07192524889315,8.521103219130742,11.088510800809692,101.81289996822981,102.58920253927388,115.6139064718574,114.07848593687375,105.40875740997416,47.00486714563001,39.706309750812586,116.28559384845639,-69.9445585307015,75.17623936702822,40.1562317917245,77.62455092237269,86.21967942921275,38.33593287894575,-56.71646349974971,115.80214395177961,78.47479465548662,91.54347244820454,-1.0712070538531147,12.410923257487372,69.23993437357954,7.661507097244039,36.645350301265296,88.14136849734808,117.20338500817276,29.950148942429887,33.5480154194337,168.52861269534424,52.92819526028462,28.874122355768655,125.92946705498267,-27.451476066156665,5.828099400730826,45.2218073662142,108.86617691530645,-17.76445010539788,41.56798499459141,45.33921472065884,104.8065375196543,42.9623303260697,47.830058962366614,101.10228418070186,109.78514679420563,-4.784247072919137,74.21631610642288,-54.26711672221423,-18.756786621804146,-43.871660311450654,18.338481482535705,-43.3572000914226,41.623670104520784,26.89150093287669,-33.96912547553965,56.163331415915486,149.58762046336653,172.6141972532343,126.18616448109994,-36.5317065121851,117.01044506570541,109.39385925127411,155.76370466220982,196.1555391729573,80.09327975335741
-32.277831931266874,-245.20879792400402,-25.867028320132295,-53.09899379607064,34.76493324305009,56.086650672411174,-9.004527200541705,-115.33445576800924,-13.568667132776067,138.2276624205016,2.6063394949338607,-128.29013558662524,138.7856604945523,103.87928846886453,108.38180743227939,41.21977188708701,82.25731097062064,77.70556385346335,-38.4690728148925,9.657659737966432,-6.9248425168021175,-68.59528383456319,-49.937660458718305,21.86840646942157,-92.44789362308511,18.6197525553109,-63.80266400950737,42.7444895282341,-3.4382012769665713,20.633113248662877,-16.53842367654949,8.125158394544355,-28.226968743540684,104.572720943816,-13.801549354226205,-13.42233871144656,-11.6121680610379,110.46104290717031,4.692764031866395,124.01343068695407,-140.56865443005267,-84.20872587329877,267.29718543016054,-16.104182768323355,-24.11648983839842,262.07739957205933,16.491607708652623,-5.582885876088646,77.68513242295076,165.24634618443017,-29.0131077962322,-47.72920053702292,-53.53824511728529,79.89969187265362,-24.66418924701476,16.0766045339885,-163.15687212785465,9.634536443070552,2.6255833099649046,-53.7580035082362,189.9963471103558,-43.77410679911374,-71.39540553644562,48.95039631027044,27.6099061957882,-34.56329442322397,25.72490070181935,74.09803783057215,129.70723311580707,-12.809507693074213,9.394409665748107,-28.47661094936153,11.707002330170383,-18.269663055523466,-74.90413536779744,-26.61327486240269,-59.8401601126543,-30.957089129093408,152.05829813302967,-73.2516103667964,-1.720990376841185,38.12543571837162,16.71838016506992,-51.40499326662502,-25.371796145157756,-59.50948956036614,-116.28645729052816,17.898467643670298,144.00305918286628,81.85202624221252,-78.5528166411376,-47.51634163718894,88.07209597067632,-66.37148871463819,19.840739028546746,216.65398329480522,-25.362686323479416,-134.90338038777077,-4.622751840106282,5.990272154489934
408.33012713750014,428.3875847071231,247.04711216658217,433.59094850859094,232.23592842697173,527.6926061636221,311.15293515628014,736.2492507208839,295.31701895003135,415.5943016774462,260.2128973179325,567.98529253654,455.39928233688005,469.68755596706666,105.04758271091629,870.6517013023321,303.8508068874205,163.55072833821433,378.6422789410687,101.86619928306595,444.75890571392074,667.2067129713688,285.8100783504762,310.047760257042,332.78405094758836,703.6745966932384,320.875307872712,407.22919904518085,302.7373519150525,147.0183770172925,335.94398919585285,253.21013396540855,299.58877575149484,226.82698864057056,460.1475625905561,494.11297381666645,740.00377345618,315.6031533259731,402.84928777995583,481.0424882382733,525.6546152803221,623.4255284600464,347.5404809172368,279.5856792016765,268.9324081901727,403.0368252329935,276.8655964929188,285.5539082988786,136.24489653335166,691.2013570917436,170.09141865411968,505.712272347427,364.60533949979396,354.1749379492419,301.8133866810244,98.65729566459285,719.9571727192975,467.45964372546246,112.1877208214623,260.48352258825116,97.94711602284396,302.83611821840174,381.08335424207917,574.93590902082,312.0070250526301,245.68980353876364,121.16776930893668,199.23611468464563,256.3647896438026,73.43120542544521,156.91336753884173,331.2275821459607,624.3197238909804,586.1216509066725,457.1693618709833,526.0031683904597,360.8712116067964,369.88367251896324,623.9753676684643,338.4154589949804,102.61154327782391,297.75205488033123,391.3729565687833,443.7473666100332,779.2585340551979,372.40233478234484,458.4703236869274,274.4310646115767,383.9449907606871,550.8507085912729,423.5767415865535,198.03773519489167,224.99202892049226,467.8031002638285,143.71898686701743,204.86430351138677,407.4658755259872,462.4810480012155,490.4629091324933,265.8827778288823
172.893591509764,360.502154515679,181.4900530690636,179.97391790971872,97.3758009137304,186.46785112078564,182.8882905552749,117.06208104791557,146.93763173124586,162.43983704668187,55.952804950567646,56.25306716133553,82.32126154750208,123.13723268971455,56.83094332959116,42.36009503253348,134.7754311160196,110.17034277707025,153.18921210065716,6.591528402323434,67.32005271452336,177.36365554119482,231.46197222984443,32.59974762764535,153.58736897135788,-39.9507287251817,72.52377608364942,183.9401952105149,205.92025220778933,138.4399372029596,107.39386539968476,134.41015504166293,166.31484064887456,126.37193428278714,-28.44664103269347,71.69278013868544,294.69052511551587,264.38696046667116,182.7864419304306,344.3755585149229,244.10244808469423,337.44929402780093,141.86767377562774,102.06959004449587,16.972892179531588,-31.81192182857911,123.83290016274019,48.180137510038584,158.22102074399157,292.3201927994736,96.2403017996189,282.6867617335996,108.4161172679772,110.05150519869414,188.42645627950046,241.02567620282684,318.2934833470442,-115.74173975909575,60.95642150282863,60.68081653397061,134.27850312528278,130.02792699635495,183.28896372626568,140.91989597975413,127.00559606280274,115.2124970618022,84.96423021450636,137.6334128846597,127.61707616681622,94.17095422275519,39.19955608606675,102.54141772300807,183.59087554285014,312.85202865803785,173.13700942853146,123.31072554052936,183.18007624586423,213.1454011193302,254.65213439747188,165.9874597205907,42.604323564435745,65.72322867699133,247.91569772361825,215.8075910200906,127.51476561217656,77.90962885112,185.28545907061098,16.602597415481483,-7.756572323655285,-52.52320956979661,151.34568731028745,115.99804485694033,194.4835662960662,160.58861412878704,43.596835544112594,92.89397620175826,143.17699600346714,117.26182382215224,216.22467166819635,144.07524546530752
178.6765242524333,97.27059628578291,62.96671759031227,229.74718562450443,100.3279146865687,370.6980059184538,513.3441202119506,305.57595445070126,3.947746215184436,547.5763543723791,64.18366512871468,-29.828444249407703,436.4916673523284,324.064186116635,86.24396131340067,165.4030642059558,423.3785352489227,67.99622338964346,185.68755314801658,161.74683570571676,326.9167162467878,310.8815290079295,152.40814418255212,187.61494514092468,64.30633372433043,531.5874165113459,205.3818266554549,202.2184651984065,172.67913017297408,326.86184214983314,172.53954424229016,-3.1416952757897714,35.57573150754082,87.90528643235372,85.58564023227456,401.4002961647035,305.56092885363597,297.23607751193066,298.7418511413095,140.35576560159805,83.58391697275597,250.08712908905932,126.1016815083856,168.9407262541639,231.75555205216355,339.84578556345605,80.6676305647702,145.95168201357464,59.99353730023546,295.32729814752594,38.85861837295106,359.79733969786423,89.7506836035133,89.31345724992553,173.84531039073465,331.21557181480983,365.86007455011327,731.084139301033,51.44890806405251,78.93099415488943,125.5215713761844,65.64870947484918,110.79031061030794,258.1102806347468,29.174054077946543,1.9543778030029268,49.28905871027111,176.16429083755273,130.7050757377393,5.222718223293832,95.25572883015542,131.7694664666251,389.8762470178444,287.72295679861486,229.22486177667338,199.74259791800043,158.45402715789527,271.93508637321537,244.26632344251695,185.0680906077648,187.04793999799472,186.16660005599857,23.357205709454863,200.16357343907384,299.40722434679367,138.38776078693263,60.553573867117784,91.30272017752597,276.36730381509784,360.2860906456154,142.94141059946952,9.495709670332415,82.1590413523505,122.28208835293506,121.25218161076914,105.92653766037682,195.61426627515235,152.42662339928043,186.3947431562597,42.099020361856674
2.693489822740667,125.72529130027013,85.21028217006626,30.27246594271999,-96.1123119351849,20.42069369976696,11.452228907625942,9.208973148099163,-9.902738547232385,49.099774981843254,34.104537940371344,144.58848661074185,-124.61053115101413,57.9104527135252,-99.71814126522892,153.4195918554301,-16.02035284697914,-67.25284024956585,31.19237166024369,-38.899148525629094,50.286616692871696,137.95953743458992,87.24254273860166,44.92137368743008,77.4894592183921,78.5685311107123,27.961627316919458,-117.25306649172272,85.46813540511239,-8.570789813690975,87.60071395089294,-112.36838584777873,-24.451549151456433,-67.10078425073928,-28.369867574968847,31.460107823614315,199.23218465063172,110.30020806804536,-48.8042352508763,160.82474422314803,66.76489002326325,-22.437760982813867,82.66646026883535,3.5416520973913364,-14.029415640359563,-18.783460484554404,7.842964316149341,-90.04194958897162,-88.00010428478491,80.47539655695884,-70.7642510142021,16.600100937334744,-41.550142610910875,-13.229043711291387,-62.994275402469945,-51.635876924960655,-194.97512685833078,-11.845880935729372,41.844220890083,-70.48389928363062,-211.36302168619102,-14.63216513482791,173.19188337219674,-123.64633044717284,7.9618779152876,10.683823562881535,21.83173303853154,-49.573357407196,-12.368069890790109,-50.543889597932036,-16.872810654545166,109.24521020354337,96.3633977539169,58.61392837550767,12.648771861500247,23.877376002791436,-9.906895894959408,88.6853784484143,-5.45782160993114,86.82613216424635,-24.250548738750457,20.572768590167197,45.623872853767956,88.04319444088145,-24.445555255908236,107.44496615782376,41.512783132876756,13.455838273000985,22.496616983635743,269.22125732752727,142.02935621797965,-17.497383623172038,-116.34442602230982,128.04335837983297,38.23202564362321,-31.452027849409266,244.90974670859364,31.52122144456325,0.6438725449055288,-31.61718077023433
-24.827175106573957,-239.70789613459175,73.9579036293076,-166.27221125080064,24.668932503293775,-211.64953185699625,-73.66604696938845,-404.04422965268463,11.043863987899678,-139.68174962661124,-99.05933064998779,-372.87689978711984,-465.4902430629262,-104.10540012883806,-4.118646111502798,-286.8346644059457,-142.26151794526308,-3.9990698093239203,52.91122193890026,-33.83013355533966,-159.97497983054274,-127.19433354101125,-101.70620727079766,-101.72220731792201,-64.21534295706411,-402.7159718722699,-77.52037952436262,-90.99046465554912,-30.322064363187764,-197.35290762830883,-66.80077248957052,94.72937211968693,25.28223790187401,30.22163235486341,-20.861574248960697,-135.16803181116515,-42.22708946414744,-148.13569790877588,-119.39809387149465,-155.88292857758813,-4.231135419327003,-193.2273099843586,-263.0621932584096,30.525420365557032,-83.715239125518,-259.18981685706757,16.0021430882267,-115.7687965630026,8.397138564954526,-473.60755410286043,-26.316742596125795,-91.34315617618985,1.2059692017346886,-81.13364888051368,11.038835321545289,-52.264182812076456,-142.98297463021683,-230.28205397332331,-63.779269202456014,-27.087192840904876,87.81309709089572,-223.02988813375288,-25.32254102652965,-413.7958770057493,111.45048499627283,17.93467133099932,-50.73458723558724,-11.017350580814252,-248.49918919262197,2.6194950537504114,-4.371051230636206,-191.6346740005081,-80.38988746484766,31.967793523968762,-32.773526053120264,-170.34437869671925,-41.930796171539065,-141.833477499913,-302.2461991638264,-25.580973021500018,-172.41516057878766,-96.63980361278533,-60.07439578024711,-52.47584110952734,-228.9723505823958,-72.27927814550002,-300.64610233483,-113.94682341092435,-234.0336119419002,-277.5052696513547,-103.55573783613843,-138.47035807538026,-18.39754487596752,-68.67366190864803,-89.39095105637392,40.02475814942736,-489.2387510911411,35.651947973181755,9.639414096723677,1.6472220083385352
-216.50093499993434,52.93067407724695,-151.27061271324357,-146.36356251617238,-161.31658815340006,-150.4571482725117,-134.52522025869195,73.03193673663337,-152.99222177832834,-88.10799199898437,-75.82240577655665,138.97810839628383,35.851321339521604,-128.92730679372002,-91.11951883371897,-194.11293875577783,-76.34444584511091,-171.9339385018988,-223.22300391905404,-55.429712606818626,-59.65751181734841,-216.28561854298033,-52.4299953003317,-83.1957786005867,-87.68355709292176,-51.63403529831002,16.49324693509309,-229.19571212902588,-166.9159423489346,-92.56031474687835,-147.2716388200968,-140.41664696058575,-157.65096495178,-187.87508947553457,-58.293363244586,-98.36619758630545,-267.032855335401,-85.6972784234925,-77.86121590252223,-242.12398862806805,-291.2392318040982,-130.4713882994219,6.0361158228390295,-109.28040516072919,-4.728065884499873,130.99528036967595,-168.79520157595084,-49.41804185539049,-175.60514239546242,42.859205531166594,-109.04915772473218,-65.29202246512452,-209.00059023645733,-95.64130232612644,-203.5367732051852,-37.43749269495546,-272.5694852016966,114.39895977853674,31.873838431956678,6.28690749828677,-202.89375030063437,115.13109034026397,-148.46724647333343,-124.19021282118048,-195.88076818170015,-108.49212785197365,-53.16312875489573,-159.23283080275158,84.4847431862419,-35.53148085068812,-84.92719414384332,-9.741380226824438,-137.58152668839054,-403.10132971896337,-84.26793395622843,-26.654496079785357,-201.6420215411921,-40.43294630378282,-128.8713549288775,-152.77594789383852,56.71032291962288,-106.62485345786432,-124.55389987140177,-139.1671832614222,-97.62309407932888,-125.46773605072052,72.16429935333315,4.063512059548066,-53.580626510910434,290.5658068298649,28.920695811736888,-22.39998090234689,-198.25919532380453,-249.8271002828677,-2.729734150428173,-294.2814192188112,165.87447519692796,-212.2528998949592,-250.22143523410563,-235.2433425331204
-44.155639214896006,-163.94363783566436,60.81388416809857,-74.81384060565708,138.25572957874866,-43.45524273628762,-33.97872799095961,-250.77076700327308,45.973892201640254,-100.44710016052073,-32.0223976100498,-151.06338305121818,-147.256714769131,-51.08502299377552,60.30691827329115,-128.4067583179432,-3.8152634559657326,49.28606401552247,98.87359664973847,50.508816307513875,-54.678928134651805,-40.2112909201271,-56.8858403824278,23.858238960555248,0.6972134879100789,-130.05089608246004,-42.258014851433366,37.80034100477691,13.61099760468856,-29.63194609921409,-24.53183824826227,137.89554689214125,67.26609186859808,88.14241734048123,-20.61262419464821,-33.84412522542608,-79.32551240408775,-58.35927128291371,-68.31703799430007,-121.4375626361498,-21.763838915190824,-74.71768688207683,-26.281031327714654,8.856653849068332,-7.725860371949707,-86.70868229067436,81.17481692479788,-16.230766064370027,22.79050020769404,-154.39714701780733,43.80352618528709,-134.18164633287327,132.34791434344848,-29.677573768416885,51.5936001667667,-8.486122764139097,-74.12576235470353,-90.49505664095852,-34.209869496303334,-11.40500320214303,106.70025886943458,-84.00685538223466,-23.912240926813944,-140.3226061419711,79.8862622357369,63.294700253721984,40.17072306870923,50.82678157452481,-232.52091126403528,33.23207426183321,105.47248305515042,-81.72885232232292,-90.71117508799877,40.600293189271596,-0.22098343929034456,-128.31574946997358,48.69070315974412,-76.54703575459445,-190.73177910952018,-39.22672388783115,-42.71841979430637,-21.206552121150423,-106.96694447253434,-42.539467668842285,-120.55699759656368,12.688458376623059,-98.6932560615567,-19.15274370510894,-22.601024291274896,-191.1440664887573,-92.42451061984235,24.548272018963708,38.79777846027475,3.931655287412456,-45.89665643312839,174.87619031350428,-106.51527302592089,27.532074280354585,14.75025933411877,56.716739941913815
-132.87763777518404,80.5517587549738,-76.73910968960678,57.46474083938753,-23.51014285718574,-137.45388070222828,-12.737221941825384,244.72432994282045,24.80414355388626,23.993660770587216,6.335249712432241,325.7068252045903,253.19632435815757,63.120163010762326,-63.62049810040707,492.8410222473663,-18.908533114910618,-17.141178133020222,-165.10723308262527,-80.4544799284348,186.68652963136594,-160.15764017094574,-42.61753221121215,-130.75483063916818,-107.21098452037617,288.1932187307513,53.871460158910665,30.256890512395607,-153.4459562615289,27.01720149845638,-32.381302789761364,117.49555565217099,-41.835516536013515,-95.9724661736614,134.29636048435427,-35.19363473930608,-315.51700321775405,168.90074211680385,192.01345324214103,6.372096397522298,98.36849110806419,54.15185749334171,396.8224968864499,18.70473245470833,147.01813610303486,165.3577751530668,-213.62586371774245,171.71273468644478,-31.493866172112774,76.54396745502534,39.50058047611215,170.81722120144977,-77.42802183223877,-14.499697989388016,-89.39909940930566,-104.69966693518936,115.01543279244586,80.40178821796451,22.30536318462646,81.93808504741835,-121.42655293374708,509.85290851782094,-130.19172331801676,291.4289313689338,-164.93388705933236,-27.380636796923685,-117.5185674108135,-117.13539857451313,405.26804417582406,32.51978165056397,-81.53957688742406,72.94492871933993,-139.12800492946388,-144.69783508997807,-109.83615328403388,144.75527267113685,-79.56279159135346,80.67120959287402,96.95152051666851,-124.73115415879482,145.403140766376,-17.362829005233618,71.23127461561407,-71.7897835122219,265.6241771451436,-36.18734305660405,181.0369237649858,155.38148157162985,-9.073061379528625,179.9642437519881,103.23085522393991,85.01229707383261,-48.35113210257088,-155.01860122085486,81.89260065571042,-122.2537859096069,82.46215902910814,-188.82749439970175,27.160321356889224,-59.07361180359409
-68.18928398453195,-82.88602053211453,-107.90351118350685,-87.88210108258131,-64.37090915940624,-28.32083507827201,-106.44104386934514,-204.06864527456182,-81.20246934052265,-124.16063588874952,-32.1707931636839,-91.66694875986583,-112.44852970012691,-109.43396777320892,-48.338107234575595,-58.487290960318376,-39.69017676762772,-6.7199681010134,-84.18624105360409,-7.954382672181866,-234.1703404963521,-56.87251649236556,-61.89233249284871,-45.485427709969244,-60.07642781218024,-151.67277086568777,-68.08310005209339,-47.92139943865528,-75.7508317465394,-49.50600566594145,-85.57004545122744,-100.16398836644149,-64.24975406788977,-75.40545476018706,-94.67926565734832,-117.34895859979417,-122.18281239423277,-128.88805188408764,-59.625716803603225,-134.73170720652948,-109.55447477323949,-117.41497276690973,-146.77637824132532,-90.47302214178754,-109.48377278725256,-213.19675267847245,-30.6109039379094,-21.81320084009623,-53.2702637225801,-150.14181428783564,-20.79445530704629,-142.8099915498121,-45.95214013588901,-33.38639119034306,-28.579817448608612,-64.85585070777695,-93.0067915153558,-145.724930605238,-48.52016095979767,-34.216348383714916,-20.238436093996135,-42.57666915496359,-62.732889057015804,-47.656125591690504,-53.901176861027395,-30.575128485855853,5.238519667944419,-23.394085063726518,-242.08949645851328,-33.95843326747145,-37.656670458764495,-101.32544716003359,-102.64751040873284,-127.15644559002925,-107.25710953704665,-87.98931605759367,-101.08763305705301,-81.0989981415743,-108.70852520534069,-68.16637513295882,-6.383616658480321,-71.20880639644469,-28.17908545304143,-61.66010371326596,-94.49970833049052,-65.3826795121963,-22.064379986709813,-89.07526260894437,1.16506810433539,-153.81422968594416,-185.4412450128819,-54.46554781459569,-43.60229736857158,-53.250214851133215,-44.72143632068857,-118.83981353439292,-53.383490620802625,-63.60986846714565,-134.93425490433123,-44.93847105576162
233.4451757961291,79.54825461948363,-26.25952652270254,155.40025041044774,17.728544537339346,185.29708392667,75.30558623665073,402.9360307837925,18.66447868502744,170.0736846161642,14.866235824506832,149.53292579060232,189.4108578579899,76.43182415127424,2.8458989650356643,200.62736781963494,97.28567479706396,32.56483088807676,-23.119703361473782,18.15210472366365,122.95169484423319,145.95970456757547,6.07422821342126,36.696666788119856,21.097580712571656,285.750740396298,55.59372967789645,182.3862051501893,35.355183478661885,97.13985036348957,128.0743285930973,68.41725819202304,0.4586931454158295,43.20580062745309,68.57902599538001,107.046515785788,108.86460497576512,213.483055397616,45.09310483218352,137.14349036606845,10.39520770127893,179.07983811653025,191.86324933704765,94.85385606825675,45.712139742083146,188.31592421983245,-29.622899268176386,65.79906184722178,78.48671482141687,298.8786835245234,-22.230446876622807,178.70358402436452,25.854967661688914,8.206420896749881,-22.84341304301206,-11.058512884136006,225.8692948755246,197.10406637349269,44.06406179235574,143.05933011009938,68.09440204410289,119.2246140398078,16.59527670857951,241.02986067740014,4.782686170913498,-10.354963417299556,-70.70997554710584,56.964079716085315,254.55238928741477,-13.90331260144365,-3.52955465981199,77.8057887256911,115.27317512678293,235.50886691022237,38.07684079750376,221.10732488189606,50.39951109397538,21.043863335920218,213.81294713385867,91.22900288435063,76.01729990329066,149.68437270678209,83.67871827275924,28.35057853156504,238.9126776959408,31.247213033074168,167.24256080875656,67.07297380994555,-3.353433118448451,-60.923698208554335,109.60360825279332,128.63984041341803,172.92923351553347,143.70247923657718,35.532205985723564,54.98907390648655,-48.44655617278803,66.22116145712334,137.49381320379646,43.08018315396482
-157.44638152324566,-167.97630963026802,-201.0989509874158,-183.68431478676703,-179.4808176850221,-69.60784374811031,10.654713900565177,-312.06859441597334,-139.7621771437517,-376.5307560524605,76.4761163626061,-409.53443449058545,-155.42211825807752,-73.26393485354217,-40.139804823250714,245.24673553490084,-186.5757217068008,-59.39150629673172,-62.51928942998742,-52.73936982150036,-145.9853747920481,-142.85520781883707,-34.838906417946895,72.16431539299322,-139.3105528623299,-298.7529531342421,-172.0774003515838,-216.7264664821734,-209.19322285509958,-57.197797565797636,-160.7311430089994,-331.7232099574074,-106.10144378916999,-75.30624657456237,-169.8619876192745,-118.297664503482,-299.6038884663093,-460.8903301525281,-123.694569743857,-185.83069109758185,-33.65108014898699,-122.08363049797609,-283.7865343139192,-197.50183758473895,-25.992176410296715,-302.992725740531,-29.843989720485425,56.42283910413619,-163.0947550558377,-356.355548101068,18.07078327518941,-487.4213794407044,-54.56527421952604,9.167877260290846,-67.59828561294769,135.73566892051588,-327.5938455905455,-124.93551036331853,-110.89091579401286,-256.897301968973,-40.56441939634652,-32.43333465041935,-188.28450066812783,14.868646377620129,-213.27528356221188,-182.83407733833053,54.584350212203084,-86.70002925158329,-349.513489522934,-17.32042982121844,-43.94855406053037,64.4768125102688,-242.0036710108603,-482.4334348149833,-181.66091417514596,-291.12527801128726,-35.77944240589134,-82.40721179615576,-71.01846158653649,-111.06896388636221,-25.73507207901429,-88.19850438680167,-381.9929392654086,-212.84988659016878,-382.4601614490011,-147.8045509599162,-274.9097470869101,16.55471458321114,-129.66702465630038,284.0372294098509,-73.14529157928332,0.17913321829622936,-82.6274472972746,-113.76338090849296,-62.868285962140504,-229.1458275621011,217.0239998674679,-125.09551269597029,-424.479157794686,-68.33668168220217
123.94731167887672,98.90631211826252,109.29663626840993,112.45319288764405,160.90262024863486,189.08037131775575,101.44675137762778,243.75808527097035,172.81885192173746,277.1128233959009,7.883161307741257,180.28424507954986,191.75988787426,61.38942984837518,147.22665533509976,-138.6987736210965,123.20179792408743,80.00270516512572,208.364446204655,100.94648012171041,179.42850418598246,6.378967835224532,128.95642473569595,108.0102085190259,83.42290852740474,199.8831152672864,83.24537125389345,163.553258074347,102.81466518009348,107.7402732427045,133.4820979134378,110.7692813865957,137.9897511723407,160.08625275364133,19.05826864224378,159.58734532851716,228.40248205520845,133.58998597696288,57.55902563425355,93.50582733124746,44.95443776364061,56.48509960218158,27.984871152933014,94.9127183061039,113.4048237263958,193.66374326124443,145.80395301881964,64.91493027193168,189.94560783201342,194.70064806290878,55.048487713522896,75.10079186383788,143.6719228294071,150.14356931084302,144.35946693594528,113.26190824002707,245.49772709398877,51.70194654583151,93.08869899281449,30.491221627810386,135.91816169638147,-71.48632563247247,115.81465768171516,187.7529575800478,139.33181482256663,93.47691566605779,77.52397744361598,134.78591352878564,140.4566832192223,64.90972870707229,100.953883417882,148.00245938993382,155.26321307023161,192.70178787253136,203.572612826291,154.58491922684638,171.20990207027336,86.47626399216553,210.96341624947567,70.26780852710398,66.56743425067614,112.28015623753934,101.88441322613859,123.62388796084146,87.73183086219707,61.97972413528397,108.33227281146712,-6.732044342912088,91.8034045474261,-13.958990943331091,192.246699101471,46.180156843336945,105.87171162519155,30.089615812724627,40.005265762530385,173.13004668748476,122.11332463270627,133.73335989537426,142.6320451419767,125.12813603333774
176.58063045848303,165.2881062999962,74.55806034637763,121.75265846942119,66.91949767179506,65.02551263826702,82.61719584076019,-44.13335205610495,54.371766509405724,58.12748512310733,84.97015871297356,-18.822349291483786,-17.89615685408042,44.7407034564191,-17.999691263179074,382.44265922934164,71.34099248052297,68.76438565982309,94.9057630476,13.914911467699747,60.61006986554767,150.2595584111731,73.1392889776796,73.36781408197713,137.02595146761087,193.58678379310803,-52.08449841439425,-54.310176191531255,81.15023011102062,23.80711686658622,90.00162624387839,27.540683520823272,81.23090019255002,67.71495818238813,122.39049884850382,85.29914850163196,188.48290104635902,136.96143542806456,98.8414665888416,45.79002549168242,103.04281011480336,247.32650264497357,-32.89190298744238,94.04166061172381,9.87960019826515,13.02336040563651,132.1336486560483,-29.859769027788218,78.7763783606682,69.32218152242389,-9.702364942901044,48.611076002848996,113.25495733042717,16.565375409323444,22.87223525829647,-9.360178621301246,-26.727963993442966,153.27438642105722,29.658929350282236,27.577019206210977,79.92465526838953,35.52650204318464,152.8938440331118,51.28528579159903,36.040639265168586,44.30294027804565,19.636805559172167,44.216031753867675,-33.01462152522101,85.72393586250409,57.78337159550625,115.30424455255547,240.17578794865065,238.99798743872648,78.20965059902123,118.23803581218658,156.61781141262654,151.2589262097693,-47.22353599574471,85.36638122781143,13.57245121669091,35.97055462310903,28.28434931560185,105.67857512736317,201.45188376057814,160.40849775132983,-4.4636217661375985,130.21511739438503,3.6305746618799652,139.7039002198893,213.26546025901618,53.10628215229913,20.138507539965797,194.29313147796083,66.77180311218603,142.19343843463898,116.21077969921132,179.5776332142717,30.00299520165891,60.51705094587231
-1.114023004212359,33.99165282313515,72.92427442863665,-49.597472752619495,-49.30129563364583,-16.559250103095415,-19.51818163580234,23.02528541816083,-21.652961775970887,82.77492686522628,-33.294951501955495,-27.458791384026817,48.28911347699452,-58.77517075149808,6.884580104070134,-41.36623763781266,-76.3433522720659,-55.933637549187864,-21.66994182230726,-13.502602498255552,-4.896124449393109,-75.09173282043488,-28.77915077086403,-89.48361780883634,49.14838754677434,-107.73571787174795,-40.61836757072452,-7.742018091703072,51.74295741505679,-74.96020041316874,27.339092186096284,18.834824331815813,9.394505785464727,3.2209781159373616,66.4073081027017,-35.24462897712045,56.29412812563804,47.26470143065822,31.585659511184527,71.10460189518132,83.11474307129367,-73.6997609835555,-86.12070824629188,59.512338767332984,-2.533783810698705,-20.748691576382356,-5.7518865207698715,-94.85808812202605,76.16142055685853,-12.446777981385221,-49.79147936003906,16.371558929453066,-46.26445222216982,-6.871701055454827,-56.18560331951707,-23.551964221176366,-93.9415106638703,-24.56266256601358,-6.554238626018586,-26.052108855271612,-65.35907724938689,-121.05426049786327,73.9646944024007,-122.06884274361994,63.057819353460125,7.490027625717633,-26.522260874257675,-53.25027589767729,22.08938948301417,-43.19617910932361,-55.70134908990428,61.400730535553485,23.675223709861392,144.57481796977183,50.37667695013512,70.74508318150983,-45.930183982068755,-22.470675883479593,62.711745334180975,39.21742923707644,-63.07224717838508,-42.633552777108896,104.94587538173093,23.370107189988897,73.8322530247777,45.00559555788348,-17.415849793976754,-40.84653822975766,50.91744781623449,83.60518952923547,44.542356835545604,-29.15385198945632,-23.01589042517606,26.518922633829586,40.12686650709266,-18.702790871495296,-107.56433517017068,-18.807710657571615,47.85633065882244,-20.888503032055564
-118.31416023410559,-231.54328076866707,-47.84052497235095,-166.02852203863426,-79.16558974920927,-228.4191866161971,-110.00290362027647,-291.64425230715966,-87.16934378503007,-185.33662760481857,-73.7847269598,-95.76828675332777,-205.40933379369156,-91.74361747797987,-65.35371084452376,-272.11856003235323,-178.50584525003896,-73.07054998355736,-93.63536757360616,-80.22753946790348,-63.904349360774475,-46.292970928389046,-126.48624424886556,-143.25334335819772,-32.53629846581532,-232.93388467969407,-160.4956702640164,-134.95104269105957,-102.74957310355283,-93.24948541031613,-130.54783439354134,-76.15065024024956,-71.57530496042062,-106.25371168678222,-44.942641925020816,-222.7135955646958,-106.10936618974972,-63.45062026970787,-199.79641956691776,-56.42091244922311,-73.97585236214499,-265.6303692841452,-11.662415624425277,-5.208776513521837,-118.42115553716985,-154.2278139692959,-72.44812221427779,-182.2497607428601,-124.07125151102385,-194.98777495479243,-38.505787867675494,-59.6714639418965,-125.02068634229154,-119.61994443742994,-174.42395860709718,-163.22048441246423,-150.64917720651135,-207.70561188122278,-51.16373251800415,-3.565428571200513,-156.95218172658045,-96.67005537514413,-113.38842053883381,-219.5565150692894,-51.62172672948607,-28.441506729433893,-31.96218497856726,-126.59876481682033,-120.14213143936425,-65.93537094061776,-46.01907818435661,-174.1087585669966,-278.312203482623,-248.27561311385762,-333.4937832581422,-230.5283638778057,-100.80274626451987,-133.4161696256711,-201.57521534157092,-92.38199701014497,-81.10308883404637,-158.2343201480032,-58.136700160795186,-115.63870354260162,-204.39462190803093,-77.16366889507955,-88.23162947914108,-83.02211735995594,-106.2364348215706,-329.8989894994171,-189.86355130875046,-178.96265094608444,-120.09788567497539,-102.95804052442772,-66.68460925512125,-5.816422620342719,-191.97264422027519,-177.29640557488997,-12.626223834334585,-82.72706625466262
-238.27907016618664,151.57531821192364,82.20693019540539,50.74682109542156,-19.42762312428382,7.43378826034894,76.24076365017494,39.03481489871542,-52.49644771392617,121.28838325716053,143.82879550956935,134.89952590200977,211.05513170339452,63.980587324094664,-24.12215144163978,192.60970127305734,137.8458991085941,-46.68324889658511,-69.29206975067088,36.026851596535586,-30.745355003195364,-44.89963111812876,38.29035652659712,17.06625101085244,-3.995408241010539,79.41546102489103,82.9659514491433,-43.85148824798325,-13.184167392832286,51.196582902932796,-34.79059933496466,14.29554885724043,-39.05379470179481,27.197059678795288,49.992818908897,76.1271601528721,-27.68671272563053,30.38035574916278,203.7334645214683,85.16153774025658,-40.25066192931675,356.49652578600205,84.74585300917778,-26.506374400442986,11.555321023932901,163.82094237169989,-44.15411716541633,71.49349613246338,-62.50380733715071,92.80809923703706,15.804050056732518,184.03448055817452,-42.083585408844,1.3290251892109521,41.34103156076399,181.38519636317037,103.65618206279449,250.27814551764467,-16.594971311360236,62.004214707269774,-46.62234737543661,89.14785499555768,28.536855435109416,169.08310354637243,-94.36097375730648,-41.61677829266213,-0.5190892853561411,-35.0953223623575,79.48777131483733,19.180972361303546,9.963824190961509,139.76866966775285,19.11941898310592,182.19355879842513,237.37103997810885,142.54074653306077,-93.79283963037513,104.91962567340329,11.510586815689587,12.35680614796815,86.98844430624078,11.482682897863292,248.47535847888864,72.27944378578611,164.39055490508315,13.049195724281216,215.60798155136936,152.4229095209475,120.0085076703865,504.1948155334184,20.682669993303303,180.7657992281023,-178.2255508954382,-117.94906345774173,144.70992120749432,-108.78556237862013,270.98757980360716,-91.9350730906894,-71.97081216654497,-45.14986495187901
-24.59202114910712,105.12295467963523,104.62908995297322,43.97201098095124,239.807659855354,59.939137981255726,110.81148034081698,112.27716099049258,227.80158244771778,-63.74700524192555,-61.53363568484234,-16.284720288883324,-101.55836335035806,-10.698931961344526,43.1616034166103,-302.43500585140646,-37.9817715425364,69.94853788861045,238.45652703259898,64.0860648324292,24.027228464343352,22.55902483445496,173.864088441041,30.941784297768873,176.40081789366454,-65.97631644188075,107.2563803013141,219.51685407228098,176.0074175319233,120.92574498633428,94.9733238366617,185.62487029885298,154.57902538959047,98.6033765352163,-34.879377822625244,11.0634432641534,80.01087724390956,185.27481398371225,118.95060926356065,151.35717201250822,165.15051130296484,27.97123194679595,-34.88498958648391,128.05874867875863,100.50014093650724,-59.27702590956839,155.36641127070266,25.54066720675701,161.8111650292546,-0.6299426896084941,74.75334056628363,-157.27932485484195,148.39486273266064,58.829616183226534,210.42394054696362,91.13374992572201,-23.618507378143935,-105.43599280634754,56.019491488353374,-29.054607764599492,73.14376868771261,-6.103383937069276,123.42567252471159,-129.75470120158064,160.9027385640754,125.78044302646211,128.76709448477533,98.32135282948474,16.5017850956543,70.11184308435051,84.72207835621869,-26.05292076986363,76.76430393438116,-75.40830550010403,114.94990461603253,-6.709769890428512,92.85887402837592,157.32958138129763,-2.647955731733191,52.78185116838485,-0.1687439785328456,44.94323682572593,-100.63553160689113,86.13766242725295,-153.90862375941273,46.189931935508056,-197.13498089123706,0.4937945558699992,-36.00170389380729,-353.1102770020425,76.03001533106055,14.63283555430365,183.94322153381205,117.72949923706845,-4.662744241439492,262.8630369108046,17.582725429788606,132.32095113970405,120.9288878415631,66.86819105585242
-31.60268770763695,107.82345682585732,27.686757721160145,143.75945768240763,60.412312249850174,74.1425224296065,225.25205170487928,162.6463958798916,-36.68210531559404,281.67744929333577,147.2067019392721,175.53563100009373,333.52490117542465,317.4920772218794,59.14301472710943,338.8943077487071,253.05915642333912,-22.528243942526448,10.960321321609124,78.9770580299484,192.413586747631,71.78901314722279,-9.450775968045324,83.04118963091861,-73.877607585784,374.61508978250646,204.28353811794696,45.21008712079843,-33.903770247424205,128.24251838030858,3.6487108089795837,73.08984574113245,-56.257374166364094,30.226746527416495,103.58615780749155,202.55305737769868,-26.943134743740604,-33.690937459931575,211.02084470462327,94.08896292589125,91.14943845865557,373.8076736462807,246.4178888115821,-154.28153438868566,173.53133499861138,237.36371549488715,-45.77442330083515,187.43063350093297,-156.91814642067783,289.6545707329862,54.35993415261831,470.3638803197615,53.088174470464004,100.55231479281727,96.43692871804295,278.9231006673301,317.07683298519436,361.42469961433625,62.28582806138714,108.81477303462728,103.7793843907536,246.99355172755642,-39.98542480546512,201.32393621490309,-101.18655797927484,5.8617388705925375,19.69935854843815,110.81919105888348,170.5057375690366,30.08179663254513,37.504791562742135,87.31154241581497,59.56736253687722,156.68885490047919,305.42252942605563,35.076983068289515,-26.851175208777832,132.4090298974003,160.01218905491393,89.99969189315453,127.5991840580813,148.83364209465256,237.1504762854332,-18.600651438654996,271.72808420267637,28.162452316874916,251.38739722005337,67.94374940390452,110.6663916672412,510.0971206871378,0.07761365083463466,203.67376635286365,-87.37777603034316,-87.48717952041588,26.879293895798558,-102.14731491620991,183.37213688633904,8.58718797141906,-38.90447138798603,18.203121378843658
-62.288587555336306,-68.09576951609985,-126.46344330596335,-26.260737738665668,-75.68750523367211,-41.74201055249583,-140.5061520144481,-89.37282061378794,-64.44467192505766,-363.6085270707266,-41.87262120586459,-89.92327256252584,-321.8898411416369,-133.38190765943372,-66.01323729570846,-258.6268168190433,-61.479497176933606,-11.267101638144272,-61.064551648151856,-22.521768846076714,-173.82312318625495,-78.88774948854824,-14.74589988538391,51.94990301148027,-96.5629251875626,-64.68333926402258,17.430292302350193,-63.97610019389731,-71.77596890318584,-53.99700734151664,-71.2647848356578,-113.20880755406687,-70.89456375601891,-106.02432379726105,-88.66370849383812,-52.252274485991165,-172.51502873187655,-407.958643022873,-193.98116555133177,-181.1758294827918,-108.87285373284038,-228.15318939109153,-234.65137443276313,-79.09297953252258,-80.48117250132124,-174.46700998923984,-97.23337083267621,47.38499457638241,-81.51557625619724,-255.412910162666,-0.3855198074988125,-265.5715409257499,-84.97082992038581,-56.320668153828755,-67.8938867340926,-89.00030509563999,-109.26087773801979,-141.25807179573255,-20.66540837885385,-110.8114703646899,-82.54881535097408,-80.56737240562316,-104.79606101421075,-19.666378762051785,-72.93459811436546,-72.02335584897881,-33.695724788718714,-51.01701059707505,-42.50900153581442,-12.29829315321601,-19.052292556403938,-106.55582628504867,-73.68232435010897,-267.7395110522173,-107.10739573806269,-131.53292715844324,-24.971153327837946,-167.2805191388959,-105.15319506399733,-77.67169685319996,-82.6009597883821,-32.75808180841713,-247.56601101328252,-29.150819461563817,-179.86174564133373,-105.21082267074864,-185.71641371901572,-63.54632502787105,-115.47514712659614,-244.90288318963732,-100.09037104913268,-117.58083511756567,-4.331039743630223,-69.8823364301824,-66.03886122198942,-89.53125956862384,-55.06505851931069,-2.3228072507638964,-135.79093921459585,-44.11304464527725
401.89197108380546,180.75437494370854,-62.56089095007645,127.51836819389163,45.8187410603411,248.24254063141157,269.69843955829595,276.2771348578128,70.9607038329115,421.74987589149333,137.7487959906347,32.62990210442018,513.6024071375396,277.98878435718075,112.02248560964182,558.7269541217761,207.19614944048183,9.568336821024996,38.024738869125166,57.2358527908361,314.65299254041395,325.7913497633512,12.326859724186283,95.83937231635021,105.24099306805337,235.84681712385472,24.341899670892175,163.72669305053043,90.46281218448298,196.5908505698823,166.88693479942063,2.3113377172512704,37.40865640853049,109.23011011363725,79.58488722979087,275.44095670463133,250.54711878720465,392.1092221168717,298.7021501019028,229.2778017660897,105.73766311000567,214.68963141363994,151.3340464845395,7.002920379386089,171.6379427944663,181.84654188166297,64.06133457424144,150.05032132930307,112.59109983256464,247.6306655971012,79.30702379032533,266.73340341947,65.00322271209207,165.33858065609954,34.83221097292879,175.19583789809656,152.49443097634523,341.02572164484957,63.77216740096619,173.9571231764697,190.5974085863752,427.4215532182515,122.79759872761817,120.2341680053236,158.21036882665723,52.44623985850208,37.827704749618654,122.94515937026581,116.62018079128246,23.90422971656186,33.97588322659184,304.82862451782336,246.51195758617024,317.63308984545046,232.47639188156586,337.05225585002864,14.16610328327595,280.8834801842121,255.86444444872413,196.81033398393927,139.45914820579432,224.3929149638078,219.00781927842124,104.6737952533726,297.0172232356137,83.43360131075114,357.1248601161624,84.14739564536595,262.06225886438267,335.88654090894414,147.07235738574295,206.17246551460426,213.3728414858734,284.3813342679092,45.61331964157734,-28.139955182718325,313.36274104996266,248.0851534287125,56.213410021566204,94.34308788334974
211.21125120055495,-191.46214416535074,72.93853979929814,30.32320673059506,119.96675252389268,-47.867859930414866,-162.12203702435556,-80.30696191353007,99.5913659928805,-53.821487956883416,12.890798981428357,115.92316872007255,-137.98452186476425,149.5430593034146,77.87755170397278,-75.37396700882306,7.959508912648026,96.4097323880422,119.22470155219321,-22.174165132438898,94.25314887551843,28.32282933058681,1.860691454248695,88.8549953725759,-61.44816062566208,96.40283255540626,-0.40251828633554826,31.892038722161505,96.83915687803534,-101.1064134271263,37.56369720542012,109.2109590896959,129.0764937216044,107.50044216383473,105.31575453311824,92.88894208443797,86.76979108684193,-176.16087714906217,-126.86062181293183,-14.403231597944513,66.12632460519274,-108.84258432170692,-46.730062753162244,151.49372294132172,-67.38045138737957,-121.23273146569954,67.07745246031978,-55.028104383641015,54.66798777839259,-159.60591898737633,32.542614671192496,-36.20511962691714,193.98854745770592,23.9368268315476,-53.13681000222452,-283.22836818244826,180.95332577962463,10.936626050800779,-22.133405140503744,51.76178480034118,51.25786406548919,-54.877406286856804,28.25207369168731,85.52494173088766,102.70195532102979,51.035150145219426,-34.997645373525465,89.87839945294283,-37.59607291917599,44.58808500385436,97.88339091179897,-119.1459435040603,24.824204272823913,-10.561730882356715,-217.31429520789573,49.3798625092124,174.83450175467823,-149.28345564869903,6.493286670689103,-10.972516761260291,-173.08953637614087,77.16080465728484,-50.695052235861226,91.08003149843323,-90.4006603316004,50.45190975025545,-146.8789401120666,109.9398390535726,-174.65838468068506,-68.97829214493537,144.167516913326,-219.19101454313474,68.39939587928609,20.26152105508035,48.982277404985865,227.48678392970274,-107.64593606020826,71.11474285035908,217.8507260256493,105.00586710216604
152.0944387578088,94.74240091017363,59.24686434803679,90.83130195682008,114.03117070747741,69.87035237475065,56.65386299263633,70.32826267616083,98.76336440234621,179.3156075493857,32.35674487010794,10.120990222288254,147.1887788213922,96.10536078254553,61.19364205743904,365.3396530490828,79.49652389081392,106.31029393135094,79.67621100773049,16.175596435161598,84.88525865277444,71.02282598259184,33.78861960092911,32.07849740581665,82.25774413954093,55.196313171921666,4.300383738404279,89.14449377956397,44.710620638515714,67.81501417774702,80.26127577604046,151.17284630401073,116.99639432395917,147.2091800800048,90.42396612916784,27.4959557742316,95.40400279119281,275.2628489629371,94.19099809108502,-4.432574589701006,61.66000043047153,167.02231827686657,123.14656896030586,72.71121453064104,48.602548956286476,149.44880063010467,100.08936269544407,59.65668861929141,188.76715920329315,114.18849676300668,32.715704355775536,168.93897678268144,208.2623211648567,51.454865747353715,107.6800470457508,37.37183092319975,84.61915534720085,91.51850957684658,38.15216218836505,52.01505043457747,102.55102299999406,86.747665940627,32.392474461336235,247.36086148625427,121.43217858081339,83.58333741976912,15.510802771233577,104.05808274479834,47.56842180007573,110.81880503832124,61.55669688733556,192.33305203096828,65.51398835840274,262.5946324632289,155.9551655638044,120.88112539991111,141.24175146553802,89.56060056571037,113.87150024094156,26.51356591534759,81.75499056613123,63.03370013687651,62.958784987508274,45.78029481445808,324.94796012740954,84.0746488932483,51.67721203881542,53.60732159685341,85.95842193906597,177.51543275338727,114.94294458402143,109.11310517976622,96.67486300438661,92.84159956029369,23.387362083192798,80.29371586665883,78.6105372725477,70.7497034189202,137.0239341407815,94.53374680494004
61.43220684840937,-33.758279246131224,19.26204544354429,-0.8324511595374086,-34.36366213207669,-25.48723448839366,-74.69374645067634,118.793664896773,61.00963262041583,236.36941718447176,-49.39915161888241,427.974586596743,253.93945514603726,10.695484186209315,11.571014854837113,198.2363912416676,124.42579219951371,27.98875476317792,28.703578119173102,22.08673772880762,209.38143126176453,227.60027197347821,-13.98843699568513,-23.385424020557508,86.31917211696694,238.58269264590407,20.186906655316417,45.28826619390067,79.29802182527138,20.785813347692397,71.55353505328264,23.93114805686281,14.934654810771146,-12.202300248232167,151.6477506141804,71.00481867415388,179.96058969328223,290.7733584103496,127.9635225313505,70.19328380018457,175.27254290378397,15.514585524177214,460.3058075919037,73.53725116462905,144.71085447603622,179.95198418857728,120.02883881476298,-35.195457026846874,59.75324760046999,112.5374458831431,-41.542051860348344,210.28726336157445,-10.376479301128198,113.18938359300594,-11.25324075956372,-29.207742733297245,256.2059995657327,94.52709846361778,13.487441259071968,143.3572452590892,18.601229437216855,106.07576885870186,66.06598260165183,17.53299960561091,76.83551706252965,67.75661774896508,38.206123405992564,6.458057631791928,103.66758822483276,-45.713582898103944,-53.62570881238511,-31.0442903897622,136.52136546486912,-10.427600312515125,-35.31934785490714,93.79064302489151,19.605723185864715,284.03511991410664,121.60257707784253,-14.745741279926554,-60.06860130799764,-15.712918526214507,165.91468566084225,18.24705566439561,67.22076947878267,87.64723300070946,151.34353173080444,108.00725531044895,56.39606841146395,166.387668094342,139.77972566301224,136.4955074312505,-32.64694195688035,76.68775685035796,20.259037309067633,179.26146692356653,149.68103085690396,31.62611367959131,-55.65950804835404,37.5084668595752
-53.82239328600308,-155.7404626722089,-19.26784757695918,-99.05430186111367,-87.40803259031794,-170.91364758817446,-158.67430452862075,-38.93184782762159,-137.76304496792704,-239.64331806631716,-95.74396286063998,-141.24286590881204,-316.0142912318505,-64.73541279207618,-49.810901761338734,-33.23914957344145,-167.61274968372396,-54.61105030757018,-132.45112567742333,-88.67561111546755,-188.74464192122736,-135.1253128209038,-119.14567146409036,-116.31678421023916,-45.37484431833307,-323.93727830482885,-102.32894387075302,-138.3124186919948,-36.12809254607574,-66.7732430555289,-81.80047786402258,-8.007154736230481,-41.308286375006745,-55.38265932698729,-4.8029452904877346,-148.54491317495507,-37.839167822506674,-184.8560547200648,-191.2420562600313,-55.39402337334077,-138.19107913168705,-98.44838890806427,-68.80073697842602,15.427752710037995,-134.95854644835458,-27.847226584812,-68.1369476653721,-80.31259775969409,-44.8757977015746,16.528685349675882,-70.4671970401238,-138.06571537655648,-87.94358886341115,-91.91649809262607,-102.5459577499372,-149.16771063864505,-172.2461139859676,-202.6163504192325,4.296842184752312,-52.10559783254647,-100.3937393423583,-230.3231066568136,-19.93042132210246,-123.40131441961333,-66.86940980916329,-59.99263589139075,-65.85594715847674,-125.88931100860837,-155.01561856430402,-64.40696638803387,-60.093885982123474,-104.44785862152672,-87.76717388050896,-34.04183842984297,-119.47172305994289,-55.04953425635677,-69.32847020840995,-316.6837839526141,-53.75650996996397,-0.5605017170298762,-69.61614694973817,-85.55332716019045,-146.2789139038269,-49.79310611806478,-78.67616303868216,-5.911198700044452,-121.92990234490816,-112.47076256889149,-55.987780745586555,-39.012267803175774,-155.91479683508427,-119.7386434641921,-72.63481958714003,-60.7126488286765,-8.875145665650642,-100.7386671493337,-306.0938713995588,-123.17036356348787,-3.571774801077246,-83.30682089190903
-186.5674596320949,6.265240991189721,-24.261533132981143,-25.340271177651577,-59.83577577725411,-4.979157155699011,-16.959674414735126,13.688524943374581,-33.88419027012815,47.794799118948255,61.94970009452172,49.56079849462619,106.23329306939088,-108.06556495635603,-69.1915876081335,3.6497385799922024,-212.17858554153727,-62.108618690881244,-67.01132882756265,7.648677874635628,-106.99114962228805,-5.7371501487228524,-24.87036431257179,-86.27860272094726,30.240283068920792,47.284949208128964,-38.311373283416394,34.94588632349209,-50.458907519138386,-10.19026638726374,0.43406292426823545,-100.91467995443563,-42.96867941175513,-68.58825417890016,-47.15964662738865,15.200293829907487,-78.94441216076254,184.22475140794464,91.6397150735072,80.82471600751664,-12.737716384719976,7.123629474882813,73.11679429229292,-14.022190630700338,-55.59528335269087,11.597104009671844,-7.036805889996893,7.524902648714448,25.402320103467144,164.30116997112586,-35.00390309262222,-32.6149418221507,-65.62096062724501,-32.907689355972096,-83.54252414328174,8.855386028539572,-164.26392057501081,-25.04469868834844,-106.57235494909874,-16.780461268322206,-61.10510505085126,-42.26443835649385,-66.38101071935667,-125.46513480506165,-68.00988983322937,-72.6897009869071,22.40971887959223,-144.35234392460154,65.75213001745027,-69.85497285865303,-33.992195032620515,79.61884952598213,24.21527647998338,-14.724783277144134,-51.97896118457142,62.999932348037106,-71.22220484415391,142.0546258897115,12.41163330841841,-12.410760068262595,20.708415203207487,-120.20021247337012,-8.88050349761898,-36.83837581812086,-158.80960841166686,-53.44391638141086,48.07085808449336,-19.761529102743502,73.76163587463881,-29.894181650107015,-95.92204196187896,94.09335102705109,3.876842080476438,13.313199026806302,-6.696440621417537,-46.72106820744615,-4.728040393157971,-106.06108267304798,-64.31894764849258,-60.71974274743888
-201.33979846971846,22.342480776296824,60.812256324930736,-3.7559785795296112,-24.869464116929954,-91.16985121726383,-4.9846953506148814,-121.01777533617181,-1.3358700665526175,-430.7228813471475,-65.84005211481215,29.99694767524768,-437.920958863001,-196.90850140899224,-67.96134808011799,-377.5602128135761,-52.09696674794701,-5.875243704361541,-29.812260711179484,-25.12197512535453,-397.0738074270486,-214.65339463256427,77.74958523924685,-110.88294222752936,9.279538180933821,-255.62681789094285,64.46097957609642,-80.56210284483402,-62.28159872373183,-84.63627609375114,-95.85613440516178,-29.559216552892085,-7.885490491288526,-48.8570396423998,-57.198128406904814,-298.7572036282346,-75.65063804073492,-282.5915333768778,-146.59758893918442,31.61997445125777,13.639215687167779,-0.7965106427911598,-92.93376223751386,-56.23070850490701,-33.547228033599296,-32.97062293182436,-43.161716085693065,-74.31837697385119,-106.033737170327,-10.200542326505007,-35.56411654829103,-261.09164680683494,-95.00355684960128,-33.14919399731962,107.76958734348511,126.53755528076577,6.546815561847863,-250.7515771129218,73.33869859810972,-114.20696634979141,-65.74744843340629,-336.781904022016,15.792750461793256,-95.2055966338324,-96.26900544884862,22.862590645058777,2.8743979691195554,-45.775635947168674,-179.9984490122265,26.61574869436602,-33.178816191250775,-159.11777338790014,-193.15755154104244,-222.76195688252184,44.53391551901017,-140.64583702979309,-45.45850392056231,-237.02264791237172,-79.20704137407665,47.359267495489384,-19.57969735140918,-52.36638947496367,23.05944830270065,-6.750595322595341,-165.45704359804733,-31.496303721188166,-176.44605608301345,-193.53921422726893,-101.0405733960518,-271.8351105309863,-124.44932207100801,20.834273883096166,-67.7314304373173,-167.5033604907184,-47.01735115483127,-123.0824770818431,-137.61614235908874,-24.656790880696825,-32.3804887864381,-38.12415349435651
-198.63351204715073,-4.262534175769716,-59.69144184624909,-60.32686367718462,16.80055996045027,72.756530246264,-19.235119196667778,-9.32492217565884,-39.820131090602665,-167.70585522847145,65.37814149341783,-145.20042723013032,60.947091743728585,-121.4945283125426,66.36378080896536,-258.47211626139887,-17.25571758563089,-25.000595620002464,90.3810595742142,93.19738410912954,48.203542278888364,-144.98893012314284,15.776010821752728,123.8226012262792,-4.7318528712802745,-16.096053245022073,-63.9241505904435,4.669303420493604,-104.34203737537985,51.04167316360468,-31.923440063286975,-155.34059821191497,-17.23164799121358,-7.877960948478864,-173.07545724390064,-3.6534229403846488,-201.18585522122888,-154.92286700626755,-101.90859500416879,-93.72955997211561,-70.56871844405333,-140.60070488467792,-128.23807850806898,-178.95240059052378,-48.152001070710924,-114.9092486331848,13.69389129910077,-5.877126721933713,-11.382801865277884,-58.54605373187876,48.34631410449375,-278.75373425259414,-20.605433702439573,42.5685496809431,-38.20176705594808,78.49379253000896,-289.2955610763651,-123.28815040197031,-69.15239724588922,-157.4170442312778,2.5740494891552688,6.644413051237368,-81.72306808431702,-17.04024395907934,-92.9365511463396,-65.2199327073453,110.27486513596055,-26.159050349588906,52.44698774367874,-16.823885894105263,116.43602514756988,101.93461604338643,-29.79999825717088,-194.11033917061192,-26.346651705489478,-126.7646198084852,-20.885709581964253,19.569322819873527,-115.91125142293411,-154.56887519860197,90.56362576379703,-53.833365494556126,-102.45348247422083,-47.188707471979264,-180.9964286219345,-110.99746472896943,39.91717722968087,38.37026249790891,16.639125777880654,-45.6783106180634,-106.01037902870077,-77.54172645881495,-12.421625432686172,-116.51145792280953,-52.2719365557274,59.27928646030051,265.8048943709988,-56.40413951380104,-222.68142932375747,-56.95220116890634
108.05448033431483,307.3136438851858,91.17544340264295,126.09181295236317,155.14255012346973,96.40823987473686,269.5306564120535,-0.3188703516660015,174.19042397628797,428.7335204910666,35.0031807826985,125.48468594746399,50.58382292427475,207.4485065619622,31.71576000022876,233.6738082364628,213.39308107778797,84.90561344972251,118.82845852815888,53.24734859796025,340.27508906052634,169.98696291870962,221.9921696414146,48.563455961811925,73.29740382541854,90.86243084857458,137.5588477862626,106.20564539466906,96.29798360686705,-15.280706593233962,117.92842628191211,173.65343241047395,73.13821233855833,84.87430116035803,46.64791696395152,142.7466329186738,106.90955692917497,113.06932311085258,85.82847003043278,202.53399141745643,111.17195026520331,111.64470427558503,231.97389911572964,133.6646190653496,128.3976837833837,89.38438553299534,35.098346752441856,22.093339166562004,26.87098687617509,-4.508830749592185,47.9558408694954,347.07004363266805,117.0194860149785,50.28812061224832,67.44116295844175,93.92201582050227,287.0303986995382,307.0513824538768,81.07209510192624,138.30765742604936,77.80673848762275,208.04406749962666,123.72709177349721,211.16906216275478,129.4987068915176,157.52804286471147,-0.668592684109542,223.4001545610007,87.80606293291352,96.80961735156303,68.19847257502988,120.53023323704817,49.81656738242494,281.70701347550363,161.43511080309648,88.37284295119261,86.04003765841543,209.00732573366363,188.12508991296772,155.72314642297323,118.03110885812264,141.76505123023725,309.52126931668624,83.18413182071414,280.5507306572807,42.764677633250024,117.72962112370804,67.97480052071907,16.254526852453164,92.1097405372323,307.89978091548863,113.9080707662681,45.50917150012429,131.95122951135534,84.27885246461162,188.49235261382685,258.3311313020438,118.40103463875765,257.49291578718294,107.04179890878672
6.8294960312661015,-57.40720898387359,-20.684784134084527,-35.59174723413002,-48.30488904532032,-28.383529830023843,-154.88843390441352,-76.04925901039167,-83.27798911352146,-155.05414663480056,-23.192169158476176,-65.94068363960876,-69.52131923622623,-50.87945221970219,-28.609203211627246,-137.46246785497328,-48.95688929181122,-36.13897381241482,-37.18979991950631,-37.16198818005335,-99.5078454353309,-31.19419274214963,-76.17493495236077,-13.62930919247794,-55.650688625872796,-122.44814848012041,-23.624129762370398,-43.323215769652855,-49.763581474455265,-109.95220255485977,-44.88948161513849,-76.59034892530627,-70.14826633409795,-46.87592371515639,-16.0826736632461,-79.95244451756659,-96.45464020404329,-193.1628648800025,-95.07657949352134,-74.10751027613375,-44.83350869347099,-97.97368976369604,-112.07595747434488,-91.38704499202764,-80.55210448814857,-80.47654779740682,-40.871595182798906,-38.64162288866374,-60.88095840914438,-138.84288163027998,-10.709669003808537,-139.55072489160304,-38.4511792056471,-25.806761619917044,-111.45752090027922,-125.96588230032432,-83.32429452664975,-72.13412961201925,-53.0441416180009,-46.81855707947524,-23.550126867662804,-2.696748418540516,-64.82230331511643,-52.430999777266344,0.7153214665927068,-19.45043623115134,-27.18508529606185,-28.21076018933488,-68.4793307906862,-12.872275989272238,-37.44525952178338,-61.9725021059204,-83.86182620621463,-146.1321089040896,-66.05781113511196,-75.83024580621272,-41.8301187351927,-98.87630232774411,-81.27128981989557,-64.56121018841297,-42.35304597735223,-29.26014592830469,-85.32736997801747,-48.912240734805934,-74.58818789803861,-59.983546308383374,-73.50364724132413,-14.69587615929188,-44.71935379491848,-97.77052089905015,-88.30247863228679,-31.07071672862465,-16.597020955203604,-28.896109402273787,-68.10977658469298,-45.265535546119175,-32.42844587933442,9.824366960118349,-76.71419675580678,-18.26104376560184
301.45984861731927,51.0080703689228,66.50146420567775,55.87227323422871,169.51538760938948,153.52114298078988,-3.6532725854114143,266.9388632891234,120.93610407357822,341.87733473383815,18.533875753943544,117.66208858827883,184.84592988029323,96.79741819227318,41.384327039097485,271.2529645656243,129.2105809735749,81.87955950162822,78.49966180299258,16.81179915784313,185.01807095178813,308.6960960534178,34.35741843499588,38.89414717167507,113.43379121250042,126.31299989383385,98.37925054581169,157.65543971070548,176.62191375071976,-8.744372860520524,191.95902218605573,274.1056083562557,79.58756771341527,88.73851653625955,137.8749220476139,143.00052298345452,235.0539797399678,247.94231509453334,90.57396489237306,178.45338035119525,54.80055783121185,194.08738296406275,67.62431411328117,175.4965055749515,107.43189472587288,-23.653126522059935,65.2428434011258,4.127577882381644,176.8650704272448,24.686927263170713,12.420704491565447,403.53623628847237,119.07186375960352,72.88247863594944,72.52919037960744,-57.931862657536584,267.23617423606856,212.61806434951765,54.00527678693021,266.50556304759084,58.486936352840985,189.79130778037137,230.4607049020085,160.72251390876036,240.61886188921108,108.73360595164606,-27.26286326598514,150.1763809949913,6.982736622971202,16.5289838364682,13.782408520782287,34.30107142582735,209.35856056207135,438.7349310646197,150.63592784092663,236.84510837771379,61.26740994032516,170.43650215249386,164.79427598912326,180.18666687664117,-21.430305037089447,145.23796681534563,183.75328577076078,147.30374191293095,249.94613151694682,112.63891110097305,116.26238232324086,129.56151623424668,69.23868251388936,36.43212856935921,377.56146388713546,159.22995897994122,159.83814557180665,357.99454220524024,63.40545525993726,94.3383300577996,157.42252370283185,188.93958893362824,236.89332374317775,117.86174943859619
242.82027187890552,119.40028013456022,232.10945511475964,74.1356847474746,177.86387900076946,284.4314053209091,199.2549864196172,283.0278662987294,255.1113324380408,389.8315518681484,91.84326726546261,197.50268726330935,331.3227816799361,311.5303862016246,60.064131010569696,412.8653810204233,225.46686413850466,175.81244849584243,287.98463977340793,28.524154128153974,191.48307056508028,133.69055909572012,213.76954589191052,87.45587381469817,107.08713810409651,297.24226340708395,100.71689588218163,264.1716308260764,233.28499945690547,142.2452095834063,88.22268179481915,262.0498632069759,190.12270262764324,172.5228664423825,176.83942925573336,229.4011299869383,258.11226103494573,313.06074754175773,296.2031796575319,302.01911189538885,250.73101797075495,276.9166524094539,205.9488476858101,255.17963890141988,133.9211887350451,286.4173675660213,230.45932178038893,98.04772425171531,128.85792465847754,359.0015591216408,84.7119925560959,125.37860599964127,292.15751126395304,185.13990139575685,194.0192278507388,-46.164852402748586,299.69227933434126,116.48793951176329,9.102458925794032,220.2002311584541,290.41408858658224,119.66806329458932,140.0119108043298,55.87654454086004,274.3737237031579,134.04346420982344,51.3212919325836,177.74137687148567,107.50201093785154,55.88446331047144,18.138277470982107,36.4176860532127,246.03750357395435,262.0449488363664,249.67553540567098,302.2950328362712,182.2687842001064,159.71576806063132,253.88973613948963,111.79310618710487,47.40531262575897,146.35445406012545,82.52476341417143,171.56879317022333,208.1200301502486,143.47516920636056,83.46576644529308,105.20194448639113,96.27829863009802,230.59706466265192,163.49839984116056,-13.731292796653904,192.19421490140937,136.86081643219117,48.85249236555333,282.15213628643045,-91.83579164362698,152.88978174056493,298.1449820779584,164.16786958613403
177.9060004686577,57.16626880149139,99.52966819070072,170.51753427657624,200.76847467956622,83.39676034140096,29.090949554302867,160.8891310185939,179.8370662893041,213.90976264603026,-13.175936899374413,110.76028593254777,78.04966906365098,106.15693971867876,43.101587695599385,103.95631711561353,-3.9180001822737873,100.83369991963038,163.57257356980998,42.374662861355,118.90589714708933,176.79312503662584,82.99655948456147,65.93774809894107,110.93911933244013,60.13929265366139,93.1161107257568,100.93063051409578,142.73240637805137,46.69440394792013,131.13077214369116,167.49071608053563,159.40549130499056,131.79355565058586,106.74659364761159,158.06696635477263,233.42579519780463,211.07060285143913,89.36201560145422,143.84900785653304,80.08129817220247,178.16012790220367,73.2494923589428,138.85202731732142,92.42829842111638,40.401966963567546,140.94170481881702,24.813200451782233,169.52868149745467,63.64179314792463,42.7304200132911,184.79449880111838,223.70565856802517,90.62313974720645,178.10514307381516,40.69985366961611,230.16808874300142,14.450238078804796,46.02625626294289,51.84397772867544,38.94050665170482,65.37450742678871,168.45460956728814,220.72348049773305,148.53515205225742,130.42115386041692,62.76476357364315,124.57543684214464,-6.396406470709324,86.5754672701638,74.84272048174336,63.22600121709458,184.2082386784211,56.22830082319679,84.62025790828021,184.52540089368813,198.7288434159399,184.7059936198654,150.19536750578317,152.3531338307073,14.435281519712875,134.50576933631035,-2.5074773742527117,165.42996961860743,148.44456683519155,120.35666842817375,0.11120541047829578,57.51157359587502,55.79553803848019,74.43104406397892,259.99188777212004,79.45506827552158,120.33217777245244,130.62002585554762,67.78327524983456,177.53337911690937,156.39289865289166,127.67349449422203,191.43198072147626,100.39604812808896
-80.27098582440281,54.60187348626565,6.46066786808001,28.43944527523217,-37.17638554264529,15.868585450824776,304.36002438163933,39.00620546971248,-29.58184614980576,64.97983018355006,107.21704446847365,71.4230249941956,147.96342198460675,142.77874915526567,46.65874352544019,225.94840736813245,127.23690579892373,-1.234857422569067,9.784342245773939,50.00321114187066,101.66066587677332,-53.932646577436046,34.31074339131198,51.93449988175156,-1.8010722083254047,146.02241351562188,8.924749488666123,55.32219508638432,-39.182042443234714,258.97326864293785,-61.78854623328716,-5.160045103757874,25.973681711876935,24.278160713758467,18.7232956311498,57.347050162125825,47.94789413406043,79.17648969696594,164.04651051778328,-61.23916373593865,74.81979983027327,170.9307549925918,119.18457304443322,73.52096189969407,105.22574355487517,264.3548834710506,25.040993954365483,143.31793028111971,7.645928296815593,313.14603401447084,57.13240158442914,4.178024773089621,-21.752251558985005,20.613737902735586,69.8684211373723,131.3254153712005,94.29698270012584,226.85488409754765,47.90930945192432,92.44500008378462,117.99120825212337,117.21175695010186,-67.96633558960654,8.766871161531778,-77.92009064241259,-104.22404239497087,21.11260483987787,46.76304810530124,93.02797586089775,-3.9292559806851637,40.413820240765205,109.77505921109436,44.22137170508245,196.66279437037662,129.11675211136716,54.181737011462374,22.014035398711442,-73.02223940655334,69.48546188551369,-9.429461084761353,62.121243238809306,21.373975091041444,113.27941452996991,55.86055048920533,51.29785451880411,48.13981619243628,97.11155541176106,36.8644166870034,36.26231545936137,198.05744973620435,-80.16882626970576,-13.914099087069616,6.310540092674584,-112.8828068260014,47.11586034645766,-21.040253567966502,-6.410493443478359,-75.96493372572888,-67.66028961230036,-38.22809384053459
-50.30503537756756,-114.08304107623485,-67.53852106282791,-45.473215622085625,-23.34333981734773,-172.3011559174604,-92.17355291713007,-9.666899971944972,-51.81419854744716,-225.5728702582348,-49.39155704785264,-92.47025852236563,-59.58234430024214,-39.50565674048296,-9.31974083309091,-49.223741369728515,-255.77209372887913,-107.6403437785313,-105.40481134204727,-62.42257248322815,0.015992816973116743,-21.231279894721837,-66.7933560846398,-41.865489359761824,26.115636402277964,-8.664286509348042,-148.67582958115491,-39.493826094744804,-17.997340135993078,11.79048541259689,-27.13991484539093,-65.47336623136367,-8.453441831107538,-5.641763873229364,-20.2416819868513,-28.025443053418243,9.417927796635098,77.71600926682368,9.006775748233082,23.780066258858536,31.881882859207852,-75.92365430547308,9.380014348919604,-60.464029365008024,-37.439701064414706,-81.58438273858428,-26.11749049089855,-56.76307142575557,15.299465774419476,-98.38175580591626,-6.213563826966299,-28.230930096927164,-53.383956115271076,-20.123559609546536,-119.24675174090147,84.92389975850602,-40.67542673622266,-141.60715305083485,-10.610213968510497,-103.1483061132824,-62.20692055939581,-121.00004278776797,-12.965289385031438,-82.02730816253701,-20.201966938385905,-22.640364907346417,6.412608908603442,-143.56471323364823,1.4044740405208764,-29.56491300397826,-7.090447295913461,2.9996316689463045,-42.68366566057322,-123.59258877492361,-87.32119395945584,-19.336820695376016,-48.74443370848086,84.3278482693028,2.656278476016951,-2.8047402844173686,-89.49162561427585,-47.375516904054955,-67.43655237887661,-39.85516093241736,-102.01361550500795,-6.624120204974365,-15.50162725033366,-50.913578763529884,20.428905208631708,4.877432958329304,-128.97742263233607,-30.78143567800341,1.4844362617142595,-27.337348489180364,8.900924119910215,-46.723191303795595,-101.66277615748707,-39.50569427552679,-54.99995284725311,-10.2662737107333
-197.0298172505595,6.365421107299641,-98.31251955592134,7.4655987531259544,-163.4455470740321,-64.42278978090836,-4.9098390593563686,-199.41917953843665,-182.5742948859473,-236.01611455988953,3.0004169617964953,-81.92394617707706,-44.87456025659504,-123.583977493121,-41.820617344533105,-389.9013776555978,-99.04613916816956,-144.6351086685194,-166.78612573835335,7.358107483194339,-91.1172734359975,-179.2047175763542,-114.2220306924818,-50.0981888674323,-78.43482562416177,7.79795262381095,-90.06388707744223,-61.15137259222344,-128.78641263228002,-60.07297334552795,-52.81293327720039,-226.03802717187057,-102.59237646857295,-151.45063562186752,-60.52379948486264,-45.75065063414599,-196.01472339933065,-180.06469768473087,-56.431616551668796,-225.98591267193274,-110.36270758789291,-259.77611989405256,-190.4816475655422,-171.53063243221794,-161.49745494171157,31.75141787529665,-147.91932316718527,15.356084922003973,-159.65305731153032,-56.23980836558062,-46.38486370038126,-228.05734742885232,-149.87706485750908,-53.88851438983286,-148.89645907477222,19.26463461553523,-344.7302362175224,98.53979915814797,-8.057425327872178,-176.81775416458092,-241.91809612764496,-145.51114128165256,-138.42136777880665,-211.0952935133694,-208.87641242371205,-125.56379787980849,-16.068866119135684,-174.65684276409218,77.90135216335882,-46.64439308202152,-9.550629272201125,68.41346408968322,-106.11036841047756,-245.07294670507545,-169.93641634756509,-144.4544587255322,-116.94822992650477,-193.29544487355378,-122.50055543704623,-83.52454293517272,-32.22733006136366,-104.77409039620666,-22.231112441292016,-111.7730757124417,-109.85557124545227,-42.96977410509672,55.340150330029445,-82.88187902894555,-12.076226883319778,-122.82656938682695,-179.25596214008428,-105.58312753110495,-211.9400161912731,-154.720981662924,28.59264725524403,-135.22492234819936,-127.83933830498897,-103.58936848545777,-225.711097477167,-102.76055743715014
-307.43083576398686,-134.10174944133016,-109.51273546132913,-109.36688986939724,-126.53770905521625,-189.17980367408651,45.43552438698882,-380.9860567987424,-120.53352467413652,-247.0015866131042,-5.728069157034884,-252.0041327474393,-218.22113356696065,-132.8822388935695,30.14162149901918,-257.59690736004904,-145.71862672695178,-84.04214853767493,-166.42456707341097,6.576630090680198,-35.25987379055028,-209.30071852639176,-96.0500055960462,37.78333993460831,-176.18510675322167,-170.94144867018673,-108.18930877597722,-282.39553586026415,-245.27699705144306,-54.74424228050035,-206.93338047852694,-223.88315737475563,-128.6523215840181,-73.54097089529995,-168.72187013579722,-175.5928107177876,-276.27485223780553,-312.45509902287165,-150.69032271960373,-171.28268565601752,-211.14260692761437,-300.45075245934476,-121.09954477020192,-199.72970670391308,-13.340933956992624,-159.45967651867667,-142.03170842362385,-23.81122118053774,-96.30843971260548,-308.7504553384041,18.240402925694553,-242.68140790062094,-209.89213408544217,-111.50290133231958,-172.39859275091587,154.83245301772965,-290.72220599468295,-4.678269627416229,53.957283544265714,-183.76246821444434,-67.04649818064219,-24.492239993746093,-214.20745107866793,-183.91685743116622,-315.062559700127,-132.7369894261208,15.439276873614707,-77.85990978480673,46.65311206024831,-11.88673184554667,93.13581770264891,78.8307482381834,-313.5454066299867,-344.8363268796537,-138.81355565791202,-233.87417634463415,-139.1911003429848,-146.30116138283037,-194.5972336994131,-157.5148434976444,83.22568235430596,-165.39661476355872,-96.67781737937555,-138.99217901436404,-131.3030156287227,-184.65719252768568,20.739461326460233,-42.4596235197419,2.508856617504465,-1.6495514696252485,-357.46368698208494,-111.60387048025608,-158.81806210363436,-291.40710637716785,-32.098573024889006,-137.41078149918485,-74.12925714134981,-163.7180869206775,-198.0803509313988,-121.51905346081371
-35.26110706064153,166.514959708261,42.457915587496096,-13.698888963052083,44.52943568018174,117.84602492546321,66.21101108703166,174.39212818825644,9.182387481855201,38.52280563141894,-1.699707442169931,37.342409153700196,228.85729641938138,-6.304522017856562,-19.59880938089727,12.199514737969768,181.39746368074222,-57.14127935950046,120.55368501653446,2.7058256713945377,166.171813018846,39.61169226066563,146.52623739908208,32.789220700598584,195.37808569655238,296.3765411247595,-25.14150425133781,100.9617380766318,105.59654276086818,50.73869215862611,155.32095315396555,-132.31269706669033,8.861147784831205,12.183062373551286,50.664592127326,24.114926904043916,131.6317612350423,125.13619471299562,102.77868159842801,73.22421700267996,146.6418809828009,-45.03461758547229,154.35588414247638,-24.228091939481075,165.7158231258993,138.5049276955727,89.52693566927984,-53.758406013382675,1.7509623129885479,144.64234331824008,5.452766251912093,13.674585863270865,44.831734088324026,54.67565469916457,-57.66165227794946,-8.351288202301465,-48.95167968420323,43.12367000951545,30.970816919197816,9.97655415907756,-117.32492937437054,161.6113709716361,168.30941714977325,84.20662617164699,71.53251183523211,74.54086463729182,122.05770933151909,-118.81906173626582,-30.935048232690406,-13.94804418508183,11.275886273875889,131.90217655345637,90.29352967562006,110.68056065962564,109.70689373022257,64.50814506338618,19.25712809123626,251.67964155714046,-22.49880352325989,-2.142653936279604,162.6097393248827,-30.909698861279935,42.270979668362784,-3.4192385392214897,60.562170806197955,87.70068060270746,84.7192497107003,84.73592076423,131.39243819322058,323.9336651334942,159.4008463486913,146.82903874261777,-0.4394124638845738,236.75475609880795,13.527601536966527,60.84063570911652,328.36480003323226,95.04928670924228,-59.40663227557721,44.706622895494675
290.89750537771334,-121.94038587010067,234.35159958025488,80.69312694697258,336.6585578387561,280.8629792842975,205.2788459913731,-27.580672244093993,383.2366613233146,228.69837840873342,78.38051542784213,114.97238001838193,-35.91601029180551,153.72359462349883,142.27844952525302,110.13928384489641,25.915266016228983,199.08179326430383,344.04239542156944,72.23711443999083,125.17586025021343,259.53926172768865,217.7163502584193,72.29481891381178,119.60392031280544,183.7727918939416,191.88163688666722,198.68719753180895,309.87620341003765,-27.16644871975736,218.72463338463572,436.8247579902675,303.9325129327134,220.70489125190878,166.6123108115955,219.85608562818248,220.9998955831299,266.45687281677215,279.72132826316766,422.60153973011006,212.95974351915572,218.36290826094643,-51.78073815830574,395.43065073330325,210.70794096164977,-27.83203141293488,309.30443590722683,59.29249216018833,261.69350620356875,138.0983729562203,133.89628150059627,107.43373451714648,451.88662481736986,222.2108774126346,308.60536329069953,55.43205251656564,233.40273293970543,21.788052720321534,13.100782856127383,121.59625738542421,311.17822855665105,151.28304037411027,279.3316878014677,-34.23673787389336,388.68307260573766,266.4295030825281,101.76478003802264,266.2867372458799,79.2662594189771,132.8204299466806,89.73117691820164,100.93956814714112,224.44895117846647,315.30125751619164,205.33410897466794,310.4936463494932,204.18852584053016,378.59845751984426,142.07562588621963,248.46328394701035,8.900889045637062,182.51543283012205,107.77554626140416,214.64528340729126,219.97772657607655,157.00010279603987,-240.23291768859374,142.6171711674852,19.563344705507212,-244.63569762542886,545.0629011127279,50.3530817848969,206.65691961861253,472.98592446119727,54.712087059297076,323.872452657759,75.86042765557484,197.18604338064304,447.39203933537163,263.2250550646029
235.07792596829992,117.49728375495343,244.84680691794262,94.9969030173125,50.820142179166766,219.39068180017756,-98.26531973423731,233.32005533862946,144.05152593266223,340.7274810074837,-8.208390960438399,203.99644038331323,61.18123875587222,197.17931989903022,-59.61337454125334,260.8334447712451,241.41968276107616,82.65574019058232,153.90012619168894,-56.467709927414255,-3.4258186777260473,260.0201214400334,157.0862515505277,37.29434010237664,100.81687721892341,23.90532901109338,196.3780817473012,75.82326190582887,134.69863245321474,11.192131737470863,130.17940866845956,131.44483587535274,74.02706366924367,29.943965804373004,113.87478526346746,26.673490708945458,207.73875686583438,171.34076932118828,117.13648020077441,191.57976078518482,61.19417914431367,153.41826027381546,215.98764830941803,155.35568129366382,43.89491307136269,51.386171141281814,84.24404666064699,-13.986628306732584,30.452447334838368,223.3623731251739,-19.3413033639242,254.0136150890603,79.33323790740509,17.332625355349407,79.07488687232268,-144.4594012759688,234.79819995155086,103.57149384104873,30.341393640782766,162.8690234482564,-26.053223743376034,151.7022129396165,202.79690611983753,87.45739083248975,205.67800091207357,108.80032807708425,0.04865766797989135,111.34166243798285,-82.63297935821642,13.448801661668181,-32.34661608887208,-16.147331879559083,127.4914016650905,165.65786195838436,148.6051613109958,217.03254743104782,96.0188035142282,101.69151877388144,135.66697153647846,121.77212723003034,57.40605933587667,86.43976523703182,234.50561220953108,127.20144311453357,164.03169951135075,109.05948934559675,114.46489508895488,56.44824263326777,31.878177603816034,166.503157082105,215.74967226772014,15.36989662557303,90.20230802301151,215.06335054569612,20.35098076230724,82.73364283401085,65.14025012718294,114.12283204512191,363.09479065291794,112.69833913765369
296.45177909643155,-130.18066437391678,71.63068644901485,36.5736629633391,236.27598368258893,220.50865635446792,65.48481814498425,225.7174360430992,146.2319967360088,154.7547356559076,138.21370217578595,38.00687296369349,166.30510420207204,91.31376282738599,138.80621743191261,197.38760434779292,-91.94952698188946,110.82103207228947,281.4003785118772,45.66774919331529,-18.980528377880677,12.907353103171834,62.19370280529072,64.24129267331097,122.97573556272064,83.65213435039125,7.515047884384133,263.32678808047865,183.8633498110378,0.5489069783089096,174.62206128745572,137.554018829024,176.56064174516897,219.502518448044,175.16689407144963,153.4749875300118,237.87600769577423,176.78254902164937,47.80226754404496,490.8571961773719,185.4305615272566,172.10973988314288,-103.73294586620247,254.08459778275952,119.27507416355918,-1.3610727238871987,211.64003151809337,-71.4316332167087,203.1862774035712,130.23519436844094,64.77128022323927,101.44682622048322,272.0842050056637,228.94812422803423,82.04681375788041,-23.548803621754452,64.18096523601317,-150.9585952177219,-53.08874369125949,129.774167971712,274.1610016270239,-46.42973189084908,190.80466928765745,-25.365937553077334,215.2889526761298,174.88056125717,51.72458403242067,140.89688752934097,-59.43061366840568,1.7507987035917612,34.80464225808567,63.74382016996658,128.02193653467933,247.30454226971128,131.380470483089,334.6062792714663,144.66966376963177,81.59075332769355,148.0602766389315,217.67163016544697,-52.393408752044856,216.39358113184844,5.565276097576517,153.38104267013227,-14.90312819829266,57.67611327818694,-9.214769747022126,27.72574020302999,31.8500742884863,87.20360939782161,251.96672705879854,18.88556360609698,278.6454705033453,238.7278326393854,-21.91865895145803,283.6577761277607,109.18468385778053,179.91156061688895,253.3937823680851,170.2029206815757
291.3631537126963,139.52749720017056,108.79602868378652,191.13202200171102,228.61918156460996,149.14608058095988,-135.03923810939511,208.5369942593154,217.18053940057789,135.9732924839691,3.4649591886656372,330.73935147278553,-113.66012846182909,208.17144986720766,42.00942483679636,443.94646331043083,42.83573637544814,202.92565959649386,144.29153972485395,-14.63626895097406,-76.06686727786303,201.2069870842972,113.56795090230182,-11.701703562051254,155.77655214839982,-116.91910820907569,61.698050450056506,183.64465005878444,257.8832909910835,71.91525029479854,194.33092211652,242.6871071218333,240.69552611365742,126.7800887583634,156.2494037662973,35.89949666581321,288.7359544283426,189.30472259944742,91.31348465682396,264.36982464838917,137.64730093203002,297.158932185194,204.5596242721105,242.03207318706575,-6.098404259616795,51.37359712017989,197.19067275457058,-1.3058954891818797,287.70459321121365,344.541145706116,33.24279903104333,112.85390784907206,234.4626086457964,81.98299105472954,154.6635639064295,-141.2826872896228,315.2023208505943,-100.19024174335985,-35.173922525858174,124.57291393642036,205.2497007450075,95.70061479521861,132.29364971903206,198.92447947812636,396.4102679471399,180.81744775671123,3.128464637502613,226.6937990212447,-151.48998171518124,31.987494560952655,57.86069409479953,36.55565274427201,229.69311349273605,424.2664811590627,37.53695644729369,250.4207583966437,168.54586776486443,42.820611416821784,316.273160595714,173.1997590561046,-45.294607350628425,230.0935577621783,23.529742325812542,197.25590736353422,100.51238207634972,152.25097493419167,108.05848278586669,-0.9504923351153591,93.84525616311923,-3.765961205472062,116.56622519012402,212.9047054436471,366.08399308834163,475.7103184118514,-3.072052015871287,191.84362191111182,2.0242336923512907,97.10795449116254,294.70736300304486,159.4280876433317
195.05994582804468,-78.27912176213142,43.26518956023216,183.94471136213315,206.55321049451348,232.33258094464978,100.48711626182926,307.47621130164987,168.57399929602698,151.00525998660595,160.56817885198708,104.8096379025648,339.67035013504216,221.64916741953783,254.50190686828782,17.217701549393816,18.732594856130266,14.022387783850697,164.2173066152606,111.50211017284889,151.39144855985737,-0.8699778441000299,-0.42743372495289633,146.49873108997397,50.07615941881834,209.11602942391596,2.84445284798487,229.52725199403287,78.42771492803759,83.89081241506214,116.21278039989609,-6.592779174443102,184.99890606001884,199.21275486936273,89.55159158176198,295.0130773129988,240.7258018279871,125.62986087268116,90.11892364019695,183.894503010423,130.18482780625288,63.88634623160046,-135.86996996970234,29.9955298536822,8.852687662734821,177.28598036166883,69.66845416266783,121.23733305265392,91.07947385449124,145.68573683323066,131.043376382507,69.22463373584267,230.33399269742802,257.2282637729378,38.7268522847791,148.43164147472504,91.46129499640703,230.439213935986,98.31262585680022,30.10991130575397,49.90953675020744,-73.98584197908541,88.28631082230915,150.9993805446706,138.11018040820213,79.02715425335334,87.63764377362074,71.95913991486768,45.96246465861801,51.55780697960716,191.3233238865324,179.7008827070577,114.89411103195735,-55.61568443619357,152.44261794309173,318.7209619184866,195.7414137760385,-90.14187176010499,359.63373414657815,198.53792929026594,-21.85230304656303,248.00396619289822,187.31168172768085,237.96140319615475,127.6758447116107,36.83108607646117,83.75241561761574,21.248688855953425,117.28276736619294,238.6505791954737,50.77953766612619,-99.14789441745596,130.5580929093349,-60.184876578878686,69.32374384067249,283.1056168766129,154.89157021506546,157.43616733729056,196.52465687469328,117.849148079194
39.511178249862965,110.36144838896956,123.17472883125947,153.87868995149884,156.97594800493508,35.23895629718042,151.11880672266443,106.46747976010072,125.12187392921497,29.82745374838759,16.92212382797705,-18.368009704770778,-129.94231803157496,114.46654088614365,28.60633528923445,37.77403502001771,-53.41474071875061,118.44899287230614,148.20823412656299,16.246660546030252,31.893047143350117,120.3174284345085,158.69638157773718,76.4036389002826,102.64997803981605,-149.42475290370317,121.67239546493316,118.89591818292114,95.85964504545483,90.55921089250997,90.51330598080222,153.11283156322625,145.0122696949345,166.98697851211315,49.25431243332224,96.48444473638338,186.98527494499584,96.81126431365693,85.53109497729835,134.2616121965816,81.3632283343291,113.73523886576285,64.56947459038282,132.54961761335716,-13.697271090781317,43.215076428950134,128.8484756652625,1.0364630712136902,139.66302014170114,158.64223023933246,33.17581207522378,-29.399316027088467,126.17960246917247,18.234268827580156,186.6230609226113,115.68971400061643,100.04313690136054,61.376459331359946,-5.526667193464993,19.05154051086087,132.01176352878798,-42.16993903911072,75.98680332207663,-30.990706886206514,69.67667012665511,43.87899199386476,21.286244314410418,169.24434919784215,47.80682205021324,90.30203589348487,110.42372827703983,111.6334764123323,138.12240522550263,31.07684600514311,98.56535397935758,43.93162872988758,132.38694179465443,59.577659001062706,171.13876419400992,95.29632269258943,-14.290014163985369,114.34448929030883,13.547254243904781,67.07758436276316,-112.90546527426932,59.1272294543532,-6.0249479552572796,48.490151066709885,-25.077263774190904,102.75408774404515,152.06446629537186,85.01162985457923,188.39688805287585,115.25416895378036,45.62932967748176,177.65487318344518,-54.86487162320414,74.63524955427836,155.6194587658905,77.07863591120443
163.0559744016033,347.98479199227006,228.10966401603898,221.60075842602146,238.84739098198537,452.28648277194026,288.381446747821,494.5539118642238,310.4891067749605,628.1311900338411,145.05356184730502,252.3763987767228,538.1489534567576,287.85099345123325,167.4939662119653,430.56366655185434,341.1635779259909,125.46142733621467,306.8223397211625,108.61466398853841,396.31571719759387,296.90485793420567,213.53569527333718,104.65724854615256,206.92064526552244,502.60353826697354,211.11214798106766,332.2972989142734,225.88206938201375,183.9736956746095,282.5559840009124,221.04107746335984,186.1618825809194,233.52113173721006,177.8017532605946,321.93687378297903,381.1083083133644,530.2802913498414,530.1881847226579,454.2167682366874,280.9855493653125,262.54143367258575,232.22474472180346,197.39354036457698,130.7461244863029,349.06686638401,214.56246850488802,98.43003393503898,241.5220147450258,322.1408017638979,101.04208682512116,323.8489623205207,256.28171227618225,225.5489496214781,225.89728823588212,233.88214633594808,358.6905686514226,529.3368321831921,26.980346425519706,215.25526961047032,146.97904151282668,233.614907838699,293.30972342554935,257.51412615840997,337.6943942454262,184.85720306536305,113.1277064766035,242.34986452671424,187.88370302627163,30.64539782324802,101.22498697824759,362.24306973028547,312.46660997546223,325.2343254443641,287.1042963440673,450.79778707187404,114.11688859417039,365.4694390630136,454.05369147778487,226.6481724559265,215.94346162553688,241.57230592210692,656.0482866434687,221.44143323288228,442.73584431504094,165.28159714489735,345.89870940705674,159.05518460238582,265.42969113537333,216.87568899738508,260.80990824245697,218.02362022175683,297.44773614804353,382.1993402384529,141.31695193024402,373.5632990014813,312.19558753017736,225.23749109912595,315.4820169299951,197.59834742791958
15.837919475221167,88.57908647922665,165.1143703087725,123.92798246355552,133.24339465551844,-8.656312741707813,67.70840411074732,28.047028661390655,44.40257078634252,-10.747244452408244,-36.90269747240707,-106.98799896926411,-275.72596656339766,155.81016721519956,-130.70546404905562,-221.26299391391822,47.639798123589216,44.948183201465625,88.31694416593939,-60.94098087890767,-31.233335024694462,240.33895971454908,136.76919464715138,94.30795930832774,126.53762872367723,-72.57439411072666,193.1844960941395,27.029515465246003,201.87300322312072,-79.06682793885797,48.66230403801944,40.41948077131276,56.20902108172062,26.36556266654421,103.06688968764573,57.50761191911289,277.06168591650874,178.22571151051994,87.40083383198375,74.9418683773398,222.79954487159833,93.55699083606409,-32.54810943163149,115.13303000691168,-39.5470337306231,94.00647402554038,59.00886031274876,76.92359798159717,-5.854918884311455,34.67918759720159,-11.740319265093682,2.647629673993821,87.56432351710902,18.147604921501188,157.8599249052316,56.53484336694087,-3.209036145167015,-17.584748463311566,24.328521802217757,-39.44317469317336,-146.52491512841362,-157.10788711940532,194.42424144507336,-163.29111750680354,126.78971562243011,14.487973016101583,36.10217709733478,-2.219509554000303,56.001879905998166,10.071624187861781,20.07072831171172,24.442412323769712,257.70625045516937,151.79112309859286,188.8179665950588,-97.40821102591912,45.54473227460802,123.31240038449127,87.49746989144306,149.83983372030528,-75.99772849148201,0.8474863329463027,-46.9301882794597,180.4508013238892,-32.82076263498608,161.06959975017966,-105.43188221520477,54.12108984568227,-56.114835354896805,29.156191959452187,165.67394547403995,-99.38855445264105,76.07310955835817,271.18477360783675,44.25202646989148,-26.868474315040807,-21.845618999444312,200.55298156353044,106.06096770260221,42.43609735143124
223.07852387273792,223.7345273281635,268.8371337729769,219.3702536261449,292.04758266178055,300.29700569512164,283.37574993015477,376.39015033920026,215.12289596347114,394.3353224464277,76.28035745067073,346.9014576576811,273.128300097473,380.0859371770497,84.04751812966703,377.44174553391946,230.50866984624363,111.7274366583973,275.89460456470033,-32.854176599741415,415.27332097892787,452.8515641204814,219.20222014195514,53.79030380386491,288.01072155791206,257.9803076050634,207.9150067231353,235.231257674143,223.50575133494095,83.20914632460787,257.3667116995507,431.77063670437417,249.33874989296197,179.70698789338007,199.34307805611812,326.8851198220982,303.9808790682971,362.8383764925731,454.42959800058685,346.90254702763843,329.14156698914235,211.16373657771464,305.1857555183026,223.63510207719054,180.3411856522962,277.21983358199066,241.9972146523641,70.3832747922468,145.3571570227469,515.6341779157384,101.31305532894011,247.94449362509948,321.73307430145195,187.5278843564379,128.5835033318872,9.7182928348643,258.34630317966685,467.3111462069032,27.448981241935563,239.97488448205866,81.52799077790652,487.3197261265818,306.5856797970301,6.034497577981733,289.07600873624136,251.43223898220327,127.89700795191058,245.7593336361277,110.5275380771454,76.30963015537286,96.72084494827433,294.73162737074523,268.8649242459013,92.46223416485397,248.9233223200359,417.9759214597656,174.23254276911024,430.0614925130785,391.7354563706612,170.67836193241249,246.98675410321533,93.46171507733705,320.248503927454,212.75730632987825,494.7052211852973,257.24580395683284,297.13263336491656,242.33448212336785,144.03217393061936,324.49137536586267,430.38021519140875,210.6732050681049,175.2365929094682,469.7221229838328,136.2731790083631,355.9811236721028,202.84826437950585,245.70963332187202,325.903944979679,212.3020399342516
383.14625479098595,128.52067208948105,307.0524865760502,163.63921737375367,456.85335460975136,431.14898781733103,296.3498978017825,475.6206314666139,445.49492596234876,388.72187392222,156.27262266103187,213.59687388235935,428.7037550716294,410.5828883469033,249.2065713599863,612.6450571256634,175.7098299254812,224.53267356186666,464.61075522884175,154.65401577700683,387.9819046017876,343.2768870435123,268.6513047708774,174.77960375568776,355.95664878525554,356.60881784338085,112.22414274257505,464.07586154158304,478.26441104303655,283.09108786041423,337.1634264120045,464.41283831750115,420.7377501626109,390.5689792326227,301.0439414942557,273.5580602118839,542.8471326178362,709.4359101990079,315.52919009144784,619.9264084398776,516.6635670356858,377.6772862773086,424.13697279925174,423.8757809504859,328.87089029765576,194.42132983950543,392.25863664004606,-31.466693681079363,434.5645731129592,316.4060308693327,218.8074978001213,455.3970813705019,570.3772150092336,375.7626718456709,258.2164433387783,117.40962324274273,455.3775257416625,135.46207826573152,84.72350930958127,292.03722597900133,314.51702100214555,226.86169040341656,426.5655775017484,198.7579649588476,482.08776161862846,343.72028482145066,172.27738759611088,338.0524450292855,243.18080392747564,124.57041480162913,160.2402591362143,410.4473127689111,352.0609599094533,778.1838741914781,380.80889287442875,503.22781796204896,348.1675380544989,377.6624570524362,474.1599060328572,353.3945377309012,205.17889048216074,244.99471405590842,303.26284027707436,348.0547680557657,523.7709585755931,314.30221719350135,200.4609768801646,213.95076185571673,260.48078710072485,345.3083101482091,442.6138490488452,169.52623732386294,428.4166187483522,506.29323662251835,132.1778628862832,511.53320525164617,322.8371891561909,316.7639802179936,640.7577425420606,333.34752949518844
324.1658558878496,205.9397804859715,234.31129734575492,298.920021357156,274.4768688295934,246.32444573093198,143.1440560003192,209.48410448012254,163.74228310737402,429.2425143161744,95.58835097670416,349.9795919726075,332.12878697333826,324.549492949596,102.75831415226773,397.7049532578585,79.15793657973418,105.82507204667073,309.37591158577686,-5.763252541844597,280.75400215592043,270.70766724411055,143.3116899688872,17.402626054658196,141.8885507610416,396.1854295998824,143.08347989154828,177.1283563106317,195.10240205857903,39.26292841610814,285.1074866266767,140.25748920625963,283.8302809519453,182.93992868008237,250.57170198176826,234.27145633864632,326.91919958381686,342.45269345512924,422.04671070827055,393.3765488730755,262.23386451386625,246.45498336700183,263.0783140935543,198.1385825546973,74.75941199615936,324.28082028064443,210.09177884400802,34.532433734440055,134.72111518815558,489.26017132358675,47.952794244410946,262.25829564491465,293.1637075785465,209.1339772634732,151.2872878965602,-91.24713465158223,270.51520286511123,110.45253173566087,-4.85225549143088,93.07227828543388,28.467283295888368,169.0027569084382,248.75461393578433,130.43116392649304,209.3823995272762,220.7872279914003,88.02820690054544,110.16523233433333,-5.299678833028027,32.83144842974333,39.6343293583749,288.3846380085572,301.2124995801831,264.21411753281325,201.85340318597827,494.94249001407917,177.37223652987706,233.65702124042684,312.4275079347098,267.7280803855412,170.55912959918587,102.84020619543838,326.80245546038304,230.81090086935419,335.17228076253303,207.13084747951012,352.5939716685717,113.36702929686636,182.71460821426882,473.35068560577776,290.37578313307125,79.54857098016565,154.67442418894578,245.29171953305442,110.63193103469746,211.80043670631068,176.91208417273972,203.21102216627528,329.99084961845665,192.73110720663647
119.14756956263345,-159.7601966138006,-61.47269707018181,-16.804188158621212,18.411889858976892,-118.41636711554536,-148.7072034782932,-147.19606365384516,88.12509144815718,-288.1726817624329,-36.670053825794184,10.558584498497098,101.79915964525236,-65.68998594930456,22.82973601060378,-137.25608276681527,-138.3378756803188,-24.677113514538824,-12.661398864922582,-36.62425811690318,61.05965287353366,46.70791344964906,-88.10603301385173,-60.43557305067267,-26.48690956008095,-256.409464871822,-205.85893607734468,-11.80693417726376,36.960088835275876,17.091435465808647,26.04055779075036,-8.609391778339948,39.55866687362001,-17.771211592076156,63.54509216647976,28.147648898571767,-122.00769945621815,-18.1711958974362,-179.21739635461154,-55.0799713747481,-20.77078817155235,-105.79369412284535,-57.64133484128575,29.74710572970009,24.559939440720033,-191.07662096116186,-14.733779511037017,-61.84553398972477,11.619669727305123,-68.24000604491688,47.289012304256936,-132.58651935697836,39.494509902628955,-56.22813708970738,-145.82583468346314,-271.5860882391937,-76.64952122995989,4.560980016623754,22.125243579127318,10.549946640013815,-19.562054683429903,63.046759527138065,-22.51786804105914,-141.86592818591973,59.0731818853912,49.925040098688754,2.7325515448387017,-68.41086506714332,-197.55301708775625,38.93622239298088,12.628086598782655,-72.90941332213077,-169.93765759587987,-98.72499258600189,-211.1919118505966,-116.33995938342049,59.26837986684681,-64.77951411684737,-73.04856198801771,-11.369479683748198,-117.14591551810236,10.18571706244215,-227.70840503563588,-27.30006871977872,-104.0178533669422,20.85914903552072,-107.10430810460879,-20.494516962268953,-17.291307972311085,-41.14095996850722,49.78257384669007,-63.206925556836296,-30.956327953592876,-6.814540303638089,-12.909689199315977,48.13115247250964,-10.297558809906123,-19.630592674907664,215.7029225975426,25.370867503053905
360.09156303062457,211.27763179317478,238.19167049025663,242.23455974398408,364.6011291319334,545.2540425929121,408.7820068866958,452.41956528720465,274.8197343111951,402.6778139926566,239.69072768559317,64.77032939369325,55.13776250009889,384.63420088138406,238.31318278843736,550.3680259884082,101.59120402894976,159.67304410015953,277.99438646448715,107.29149596376618,209.77710145954933,231.04976156731001,281.8991807062783,322.045045676868,392.7110204868026,221.26973645736726,189.2895590780724,292.5526351616399,249.89112062579233,199.78142475778762,287.75619005977217,220.83225522343528,295.5037704704314,242.85407133016946,45.2575459552237,275.2447094644184,516.9320473480358,309.60874847694555,369.7740439759054,545.3375917053065,460.6358965013624,292.2646458382412,200.13837283050586,211.2032338610545,188.14443909222504,231.48735474657084,254.9767336516114,52.02714837482313,287.61385585846693,304.55301712328975,95.13419456872543,425.03715667119167,335.2705282833741,363.29687731719235,275.7955206070651,159.74729396563814,309.5053924993305,70.05327506238346,78.26962386745362,53.93869606673321,267.3217624714536,93.04587304398098,373.1595324092782,303.904845893395,289.25097520029834,202.70208877457844,111.0725049607946,369.71890305759075,207.44877213849296,5.893526754383494,132.95245197425726,261.9864554115727,499.381598792108,480.45308335573935,500.12451122777867,535.8021022178746,221.32097146332308,411.9883440539276,339.1850023932066,335.6639043332034,263.9123590177505,288.4137799785685,187.33874309395665,325.5693285783266,342.989561898944,159.7094700153654,179.68562160171842,31.275951280463346,224.20919275213353,191.10123826906496,128.40268103876087,148.55419622941858,411.3698076138535,417.1824407484279,7.194808430866234,310.56726307271447,243.37845523072392,309.18293386114885,397.6158222326657,248.64020783911457
109.16387425350075,423.6159818213791,105.28292855436125,78.26428958483294,171.1492503534698,132.77223092381132,196.3273322679308,550.6285142087831,111.70832504967656,418.40730938750755,37.74722626117697,253.00753785103655,399.4698150090228,102.29139876085354,49.283271994376584,133.2342224126822,200.98481159895522,6.693296519620595,174.8398751636419,87.23401093217905,465.48562606167246,96.82213537442195,129.46097610986007,13.781457644018511,79.88250269763017,498.07086425639886,96.93810115672485,288.367377704268,131.31867859367986,122.00335332769217,238.46793281398075,86.01418848359256,42.752884896386576,155.43870415776388,159.97165424777893,282.43405108600155,290.30240134190853,165.5449738306802,184.26663053099375,122.27019878139606,135.1497345058699,296.4717865017217,155.87470612053494,91.34912290900637,177.52595754700585,324.7316219649567,183.25850881603648,71.83001291425579,107.82010905674447,170.108982786817,50.138729166746025,96.52070725842302,129.86548755284338,69.38502903288129,0.7075450063919339,128.14857366648513,375.9923927948694,311.6795760158802,-21.631035150359132,135.15846672004835,79.72863283820783,107.87308230440564,114.21051390251186,226.55434757282487,166.96002663186806,129.0143404632506,69.83182329315953,9.4735432875421,-23.627100831374793,46.705737712555255,105.62974373814855,256.3881501990351,164.6754607589915,493.762775687193,244.16389432790777,229.98445190357992,116.80829581914286,159.57013557655665,396.58883596184904,95.21025344458721,81.78203657177357,180.77915178455663,232.1044426693182,85.16852960188986,239.3099920069332,99.20239271156535,152.82462233084618,202.4649052679159,217.78784488234126,256.32584322338505,345.98706837998185,230.62800110789757,159.59201635167142,279.6387037670438,101.31146675075182,359.1828753469964,426.310204696646,169.7254982790279,13.362116469843876,84.79059690557455
179.19201484735564,399.58512546922174,93.80277833519858,339.46713034700906,215.65291585069008,257.24997744315573,270.18510732899057,258.94662136110435,211.94597603459454,192.5272892123033,112.49599521209983,191.5545729800144,108.81333203366198,260.73333340975415,145.66618331309775,346.858007422526,193.94097257190964,92.52052584407424,200.16262832928882,84.2117137257389,231.09871780159762,295.01635017705917,174.36172513876375,263.47931369708965,208.27960180904918,108.79215767284374,204.91506714628792,222.37685609218153,203.65293032532173,193.6269493772939,199.2661029571295,214.72189127017043,212.5695315649215,200.51649780290606,51.44555269337641,257.9910674899058,357.50867506536565,291.31770703607435,236.50351866282102,244.99397073395028,243.8102888897941,317.401948779854,36.07787077745349,77.87274404794476,57.10929128288512,160.16179485932776,172.05604139532653,178.670848872888,198.9164168060719,53.20110729650638,120.1151279289215,283.951793985011,307.91955256073345,205.75366210208756,274.5118894497416,291.7696503785463,294.09517077405746,349.3922531428129,117.44745074866064,48.1472733737507,203.7850179219406,246.75510270964736,194.5539565859669,286.06592702017576,204.59718017371853,95.43650382209948,106.92442683813003,243.50052957701482,153.62074992441464,113.80815505637716,160.52573233910573,241.04528104810032,276.2887206410915,95.06208057110213,315.85586959384557,155.69443241226114,245.65014484574024,223.3114932324735,337.96324622102264,244.3268470940682,63.39499212288076,297.4574029943626,143.98228325779272,280.50521753859397,157.31735553037706,127.6903643653683,181.14764009955255,5.887518225984122,175.43247783356475,35.00896091046839,123.66641125750012,144.58407443383183,231.22898541716805,266.65326541769156,51.46491594558452,246.54364108435377,363.10641404714454,248.43424887195252,182.91366178661184,146.68935306940733
-134.29354208798452,172.99362083923782,48.29607049437045,2.3078203260606074,2.0266617464925036,29.491001243591892,119.26982117899038,222.27240997962315,13.706349194618081,76.25365447961903,50.14061306546366,-104.15078519556234,82.44349626257205,11.476293622108452,6.146176576545096,184.21053919387464,130.97772890906919,-21.18028535120249,83.41375831821898,57.274089303481944,39.538894409485266,-32.13213402996561,114.0212930883676,73.46403916766846,71.69321740344294,180.20473618688698,44.526574100685785,30.969180013102353,25.65992368681811,-4.20344252686102,77.28111310054062,-38.84353947712145,-48.484033974852565,37.537644060281096,10.733346316251929,7.466436261476277,112.54233022384008,49.66400523901276,71.93653437682997,102.69000763051686,48.48757298333187,91.45139782589928,-33.14068636917658,17.408473345506252,52.675817344240954,71.14149484743618,60.07299300606522,-71.31354355139733,-10.778565438798747,-9.024240934148011,-48.45986596439635,1.009689290507977,-35.43318801263071,47.679110198422876,49.588497645382944,133.9496325898314,35.74930336804367,-122.62726362894053,-33.4149635941642,23.60576475624618,-24.943855125634865,-88.11597541353633,92.98039219527793,190.21175365922218,4.874594246045676,6.2882714560423985,35.709603802956934,10.350819852282923,64.84546359078966,2.573962209124649,-10.552205650814463,59.349370211566644,141.3631561524496,162.07668174350096,115.29565926972629,99.41725311139564,-41.3382383077757,248.1770820609996,80.49720570429749,-3.7847221838232414,69.09610268442681,3.02268838468967,191.2751106124913,-10.492373953500358,44.7154310136477,-5.267812022479537,72.54424969044963,40.09989016385418,22.31346483224985,84.28662973881126,66.90151326635517,97.50727579427117,11.702044795032588,30.800785559182977,67.69610337410047,102.48629068355972,110.95803996703788,12.44398011422388,-173.9179235497376,-0.3774027339493924
-123.20522987585935,-257.1086681538629,-124.89447183713473,-79.33311502528693,-122.74820913488969,-160.9108999515777,-162.20599771724844,-178.57151300146964,-129.81927416371047,-220.03673819967366,-59.67374510395229,-78.18762600441798,-288.43840921913113,-165.5906700709634,-61.14543703998039,-388.8532179357446,-126.75616275741791,-90.12872864417274,-199.7739799480881,-38.30787058111755,-143.35282651792775,-171.40290135201565,-168.27721958614381,-24.83200610412354,-79.96681707617792,-192.82257473734603,-61.74945025445006,-96.37434869125926,-87.83335417110334,-142.38068570004307,-148.92520455382757,-76.41717007172475,-115.89081790106862,-79.54625116458945,-139.26345320996862,-186.83890855572787,-150.8887527165296,-78.09419373366224,-242.37436081890797,-139.56155709085596,-99.0299472954503,-157.46966645773557,-76.78444851201233,-53.43024684096755,-62.29187334267872,-139.02606180165927,-139.9831808990577,-49.49312550560014,-41.32701321116759,-184.9113251782731,-41.53531218105731,-280.4687695299703,-227.05372191880565,-74.61044377110481,-161.44929935567868,33.697027253164556,-133.57339334065367,-56.3177076138838,19.442364853772222,-111.2443241202189,-34.842741683118184,-45.03185512648971,-129.8139106850393,-163.93850728409913,-121.13934700126242,-141.9498424353266,-68.04456847217138,-75.2498478457545,-16.216932036744204,-59.95288760739847,-21.998193788617915,-136.26909367062814,-96.50264620320745,-263.18391425689384,-239.27598550107342,-216.6626146855209,-117.20429169741969,-262.3730238563711,-97.62293581802163,-48.216284831611596,-178.93580316012637,-90.70180897172749,-220.70595821223307,-81.34442248607799,-440.2486774966596,-95.626507797296,-189.19190651061243,-108.832281853768,-81.41443763235324,-371.28516777333516,-192.9811169598983,-12.879467667256456,7.8878274468412455,-144.34663646040198,-62.00842701875499,-148.91136400975088,-166.65513570056106,-83.87282980469253,-114.28234157479994,-110.67978388917457
-158.73912826815055,150.58286977503113,-143.97936059973378,22.297930446453616,-191.7449029744617,-171.39850395665331,-140.60125481627227,-323.7894060037719,-196.80960161126106,-141.00322586383118,29.588646072519637,-171.0368575095349,-76.39854005369749,-40.96383708581662,-162.34385026940436,-61.8105230125683,-36.068848253456494,-55.04003814701374,-141.0575190989809,-51.13995081391594,-155.83400465203638,-121.75338113989449,-118.51794192237914,-53.61892244510022,-130.18685277826728,-252.60414433033156,-97.82766606251963,-148.3956902286076,-144.30458947472965,-177.9216499420808,-211.63348809925654,-172.69366748292498,-140.38343594081817,-156.39809219368146,-22.975453578708212,-101.66938634793624,-251.79302311017238,-212.72730270743435,-88.57086017882207,-55.75857773110902,-99.16207937543085,-13.96191133436704,-92.04231818012703,-162.05758158656369,-199.79987086291047,-211.33553462921404,-162.06998430216152,-49.018158815449794,-187.09167088886196,-197.09712375841764,-79.80661662575214,66.06379373198767,-85.33569882820049,-40.786928661607426,-72.37347953984681,-45.60850032084046,-146.92905632154586,-161.96407873242404,-58.624084745836235,-43.76440573501747,-180.36210372896753,-59.65342686314346,-148.7344910327411,79.29536434215018,-171.15325177259817,-104.52488243886772,-67.29924340540224,-129.18714408306383,-43.658592081577694,8.833810323316051,-137.810908900126,-166.20273434977014,-137.2316128496044,-177.0894630101185,-168.53223253512385,-185.4604775582704,-90.69689798963442,-106.96625423581001,-109.49764163744013,-46.80856231786197,-92.37883397910144,-119.03897996090551,31.782273434632682,-64.17292927974306,-72.34826993979785,-93.86916116031708,40.00961748061706,-154.22699199006354,-91.52394512572997,-93.71156033403373,-155.3821182609587,-98.82977060703625,-221.56464933771036,-255.77416319845588,0.466990755169616,-155.50885343761072,-51.16491593883517,-172.3753310644498,-266.49630772208684,-103.68276505437791
-23.76448077377843,-311.9084264493131,-12.561448420074317,-62.148046270674875,-0.8914406448240807,-61.179885349138104,-112.83214176389599,-109.26453187517515,39.386736498221154,-32.516747103802494,-96.57927821811724,-4.250841087294556,-36.08435739358359,-114.26984026201181,55.75282039636017,-47.97978304254118,-101.8046236980255,8.17000402296568,-29.30188527137016,-16.344668901224118,-52.822689330619255,-49.291852721516825,-44.22218058201709,-60.61822049417143,-46.77422873354128,-13.691243026034195,-76.55891924079198,-100.47489756572993,13.28928529128064,43.61635489176625,-7.364859719713656,-7.56799686024843,12.351420675318991,39.39315034640701,-72.11582976287828,-45.39080776927782,-91.61714420871134,108.01488375562855,-145.53175019966613,-18.003561287070827,-125.10088515891435,-113.58661912086673,18.05487050152185,47.037864079698224,43.7027614102293,-87.83959752166803,-37.68397983074945,-102.25644977543627,28.597509802810848,-137.2827073586146,6.482386265929199,-154.35934144348911,-70.7062573537181,-20.08704371999865,-37.77716251826774,-89.06366910907481,-75.53210483774004,-142.74505570250304,0.15367292300252394,-30.429996556302306,-35.03157575075116,-54.53775076146626,-25.625394997989957,16.87466994391472,14.042207957031152,-34.413918602232265,-17.609295376242997,-8.877895770148372,-55.42228760109077,-32.4962454634046,-39.64900093711617,-90.21810961847696,-95.3279502019497,-191.23214540484574,-191.78257524090435,-117.49518508617071,-11.769116552582172,-57.667225395990165,-245.5636568729903,-55.328388029810725,-1.4869343416647973,-48.95075801186018,-155.18488441992716,-15.088170715214124,-182.4457382639146,-6.297785893181704,-277.678224517477,22.408570252284743,-83.23702687118029,-105.42457493581283,-67.90951713733247,1.9559041203960885,-68.13613302825597,-94.08314797856796,-1.9506257914859755,-63.70559998907004,49.88163072722203,-40.375323612497674,62.22449283657606,-33.533417962406624
-423.3163317554139,-137.9759019415135,-286.77667815919915,-331.33998699297456,-365.7664085848809,-277.3048937704961,-114.78995606395141,-315.58626964084533,-325.7688918339538,-379.90564639609397,-81.20897610711725,-227.2476949128466,-235.3771336600884,-371.6063553343868,-176.7852470952119,-346.61171389998555,-26.654212337731494,-94.17953640487295,-442.43745992617363,-33.92733199731775,-302.09800308546556,-426.8200635832563,-212.41357812312384,-182.23388283679319,-284.538621551172,-194.56855393744647,-205.0010216726385,-329.057220980528,-360.5665841227481,-3.304613738419532,-360.3895262527717,-363.8013001370332,-416.4969887044618,-284.59874828997636,-238.08582623827508,-392.3462696993668,-457.2766445659455,-461.37293197075473,-279.2678808085462,-563.8593642597522,-278.51108096510234,-188.84717847290378,-247.72886643300572,-266.89008533175945,-174.18649624341396,-222.67044886952536,-299.396764816569,-24.925716662979593,-295.88757223524726,-122.04796634999796,-183.7723973439266,-170.01316198293713,-454.2248865407424,-221.54378375903116,-157.2553987760031,-38.024307809716916,-249.36537215605418,-296.19963886367196,-57.87486552920346,-118.64733661634267,-115.47624574993718,-299.074142992096,-396.7565969522787,-176.3295085788568,-482.1069992636418,-218.65304945004493,-116.94953856544275,-292.8668082938601,-52.45413099659125,-79.37646741216709,-160.585905014125,-374.74882338817997,-372.4301535086368,-162.72134951076953,-167.4258232196511,-451.6693686131949,-334.46937178903744,-337.7704749740139,-477.3801440805435,-473.7978295603876,-133.18950702219803,-271.49658747398513,-266.2185476031298,-483.8296698067974,-131.99836635309282,-253.4272249791722,-83.69272769281609,-99.99197600477535,-194.21362847563378,-314.6254199036083,-358.4027770025159,-120.16524295142361,-370.22478098585583,-416.8345243193,-139.9122414714786,-554.6155875458717,-318.9292185801084,-347.56553248880124,-431.463857011563,-277.64294089927535
-160.01213803228677,-127.36389959692978,-247.01122484627362,-173.11053175871822,-184.03292842642776,-279.5483361877701,-60.651073630210156,-233.5144652214969,-286.8778334432219,-223.1593138599789,-77.99267766378465,-122.91389329159925,-175.2129610271328,-210.83725770555293,-59.45259397664506,-132.22118425471538,-68.26047325015338,-124.99987995955816,-397.66124523322844,5.832085784869072,-109.49073305469447,-273.3268269857886,-213.65962927919367,-38.481096073975,-216.74950921682787,2.7293102558446845,-107.46315295048724,-235.2892505098072,-222.53223972240784,50.40481544455912,-216.10450743387304,-138.84582728725215,-175.0058936587455,-143.77721219389787,-138.20802783630575,-52.27502562577351,-370.7027303821704,-297.2552676701125,-316.56432419228497,-328.4760754066834,-320.9245883233736,-174.8918480075526,-172.53135263144316,-204.12893130154174,-63.690623229466574,-86.93733167200473,-244.61421906789892,25.252694172336483,-155.82566228057595,-279.6626042098805,-46.92234585359269,-328.82738359213937,-233.96756767834484,-180.91649856334152,-205.69357711079496,-91.92345457196824,-183.96718219841156,-49.64263381437636,-14.250444930159459,-84.89990688321245,-110.4975671295489,-50.32827844250662,-256.6589934820712,-74.40884086448396,-271.2527382377997,-237.40233720878484,-127.46244379157818,-170.19018813879458,56.56984069568041,-60.50791067496421,-48.04475949435764,-211.56455263983412,-267.4594202862388,-256.6517170378531,-167.9192464591974,-272.5069770302525,-136.72393014268437,-254.91783703065332,-389.4345777754319,-211.7825248771949,-5.406625840062839,-106.57631579848828,-477.5278757325542,-153.10711411584697,-188.52774697437636,-146.15564551459858,-182.80323974046811,15.65127272193644,-134.32644563890332,-142.47814677995885,-233.39191404281135,-200.64224841427023,-229.24825818067276,-365.7874340504252,-83.46385369383876,-251.7164377280099,-105.82277866933177,-187.15832248780572,-348.3329510577445,-217.14341193056998
-94.71913300130818,-111.46033410021393,-222.9386357044511,-166.11755511883115,-215.71954748669282,-155.82330629576327,-135.77630576311282,-142.3459125418501,-197.7162432083934,-252.08386957728504,-90.00624487993329,-127.07042973122444,-114.54555148253344,-234.07854943365297,-45.61978682469034,-132.3373529559837,-151.00546971222312,-140.20557882407434,-286.67440732699913,-40.21670501570134,-144.1468098284307,-128.19471592749525,-152.793152560805,-139.35378969932904,-135.51002833312032,-147.4312162031852,-206.6633820877805,-201.87883411414973,-224.6790994440078,-12.162616061521954,-84.84999206496376,-210.49587018387288,-220.60345546569886,-169.43775843275438,-204.58967160994595,-152.2849546705413,-236.89085145046883,-292.3368498809992,-239.9575394583019,-259.0260652316228,-177.90071687769526,-229.5083114160579,-158.36676062136496,-199.82349240520034,-125.41948951328128,-206.956847748588,-155.46233719160838,-38.034968755708285,-151.28550265277866,-184.82996194157303,-96.0942945575577,-113.4823731655983,-225.2142265868186,-148.7427103594573,-235.94282975727603,-170.88743589275285,-276.4007736069395,-216.46084397447686,-91.23860625821384,-110.13701661900149,-96.3708283569358,-160.53537927091494,-190.89316383830786,-76.49352167057638,-178.8722242622228,-126.30465593705947,-68.62850016854327,-182.61916881470816,-68.97217372442468,-134.67543360808742,-85.04199320665263,-121.01303320780151,-166.17062540752087,-234.591346705532,-259.6939328255856,-216.24688438061148,-170.6262959231148,-150.43265931945695,-208.3130335008152,-162.76126035724118,-111.36518036508369,-101.11925759047374,-242.20993687931795,-205.96332450356815,-143.68101585016055,-139.2430736446497,-134.75316984419547,-113.88962780879014,-90.82644419915673,-209.4625972744317,-172.07187334114053,-14.202639229652744,-194.44630968561358,-118.56654459364292,-86.83736207102869,-194.08884023047003,-125.7753683554013,-147.73496964813714,-271.87938930115166,-133.8260500622081
-221.69560688597625,-17.10701354407266,-242.891058431462,-282.1643730388232,-325.1653584465974,-320.46254693119437,-130.4662157150434,-232.3396446022561,-269.4840432889665,-198.7707381439445,-125.38460506205999,-222.60965424740465,-162.75394546731366,-223.9302468091369,-183.780803604869,-161.9350150218973,-101.48474014080848,-135.36953414714893,-284.3168029968901,-85.9803370998674,-248.0506422678983,-184.92904322535128,-224.31747923514993,-173.87697683613484,-230.6379711533146,-196.69414260046676,-102.14395479262902,-326.1627415937196,-216.36153243821224,-25.403551511753697,-229.57549287019836,-243.1079644274074,-245.05288994116296,-321.48288542665614,-120.85705948173263,-218.64627442365108,-299.51161954070125,-349.6991199326284,-260.464678598359,-534.1262009727735,-252.2274360160398,-287.9619474072395,4.843703287247602,-178.421497715711,-135.7384510449663,-103.7111642573201,-242.04239690267306,-57.00990023701513,-205.7622855236381,-183.68304934712066,-131.8517127539109,-93.61641417607635,-288.6050811480164,-230.93907696315247,-153.6477633285712,-141.13201066017143,-253.6981001965349,-119.41048312009403,-45.93631052685549,-109.15527437108152,-186.77298288471502,-99.80620479287097,-256.08456340876006,-175.11801195127998,-291.3791958743515,-184.07270358153121,-151.9266180927022,-228.2385480768658,-20.451848970499515,-103.80271586973916,-146.30606747368884,-278.93941731642974,-212.26756962962278,-100.8592450648282,-114.9550277763791,-329.7391427427669,-273.7049026873213,-245.40200992392198,-484.66766493316715,-246.82518600130214,-17.883315035276333,-214.1727924402823,-102.90401056685366,-239.3183411822551,-78.73627616826384,-165.05439592044777,14.732677775959663,-72.5229073459597,-172.98798211107518,-21.701832639399818,-293.45747233580784,-140.76432344101346,-320.51319390236165,-282.2117082611575,-109.64073686681009,-473.2966721400482,-360.13598836254835,-196.81637124029692,-369.7716055862024,-260.4572626265729
-300.36690521667293,-435.7673653505974,-259.54295963694904,-268.8768719749529,-267.33540947682866,-434.150985321621,-270.579102631768,-454.0612654481952,-214.572493576748,-368.41349392229654,-138.079946613489,-282.6302970558285,-505.2213542671771,-418.43543036799076,-212.06785734103227,-379.1906260950284,-184.30221699814342,-129.44125626751907,-294.27207585425094,-47.950033256711485,-380.07976184144195,-263.9294802116303,-227.87029911373827,-92.04131188618437,-263.16617266941927,-367.60434087095877,-60.808408404679255,-445.79978365372017,-340.78384412159454,-273.77977764108545,-268.83094245324054,-246.7131809152577,-254.8611068010929,-285.86386347949554,-194.0729857602881,-327.21143940801926,-334.0516045234872,-347.6173862870705,-270.70045149432195,-599.5471265310131,-345.03986008798717,-361.19906827201805,-315.8423555285216,-197.78138443158576,-165.34306120699623,-311.17983007734335,-227.11332809832786,-14.412342725219224,-213.08547133297884,-470.3057332197679,-188.89241002955185,-248.74359215660294,-315.00432108511876,-283.57250760747195,-112.04584355810972,-88.16768985249438,-421.23033201158825,-245.86187362048506,-48.113850856505884,-187.72401041427727,-190.4741672461109,-111.07522477645365,-279.4892753001744,-253.18470855710876,-267.4809786320983,-189.83450281079755,-116.83233351006642,-202.81802709401825,-130.33759137052704,-35.93624093022024,-101.90050783198726,-246.7075924896016,-269.8996911592721,-379.41318061014135,-324.92230536817664,-389.54694003852535,-300.9205499011559,-236.38669762647453,-567.5154725385567,-263.7962801081295,-148.30353034204677,-249.2447877255835,-299.1613782550695,-286.6828621015259,-378.0347417661248,-236.6229832713152,-261.49708223582957,-151.92203187089507,-218.56416666247625,-223.70373563872073,-261.0775335483348,-173.95287628279664,-293.40795898970964,-362.75917919137817,-134.22992030911846,-579.8682557069848,-352.43532906714665,-225.6909309467255,-354.32525607458285,-259.13308780222644
-284.601816509699,-74.97043684969114,-267.7787885931685,-116.1666930803429,-294.855118740995,-380.2083161297904,-168.29731029213494,-278.437398943582,-274.88008805501613,-402.7032923109624,-124.37271433741182,-272.6158313586044,-184.00893922787182,-172.00174387511203,-216.82136265566248,-338.5687870491469,-152.1041141346235,-129.76733621583855,-284.95675404384366,-103.22787001976408,-238.1622383187868,-170.21266240526006,-240.16642292324616,-219.93177430938164,-237.22030883719407,-350.5785644323287,-179.57849434649248,-289.98110351337243,-219.49105146980213,-135.40705981157754,-227.66389183380724,-319.1170779997952,-293.0038055422716,-331.6995185184089,-78.69150601869242,-253.73842429962917,-394.98088235520663,-405.0081560084995,-228.79488090234125,-549.760924055564,-167.71214402496145,-139.87999891956193,55.93509034858768,-222.91588721426876,-141.71768189971914,-296.54639826864747,-218.16968767661712,-20.37733210718739,-250.22928612240182,-207.93838617010306,-103.74872066208529,-198.61396181012213,-282.2360570973326,-247.5501975886235,-139.76522842023914,-113.09677819711005,-296.9127388343632,-125.48409823070403,-54.65542714196481,-140.08389080018586,-234.04062793022473,-62.51394822137078,-264.8805664289631,-64.26404478606946,-330.37182848021087,-171.49812116675457,-108.89045262553337,-316.4247121042113,-99.47108403333982,-26.257150856659223,-113.9806008730299,-239.64609964266097,-255.09214588833743,-356.4283399470031,-325.4882148903992,-400.37346477383915,-180.79219831261557,-226.54742511362804,-350.3334957634556,-239.35323874013554,-142.07283707447908,-183.10728451779235,-113.8625353261961,-201.88680866895774,-69.9415706813914,-100.47180226701082,-145.59267661389083,-134.74459612588205,-200.52771107974974,-115.79150613469035,-188.14438679236775,-93.68198564637255,-394.2029460307224,-335.3674869034382,-29.419936594242035,-447.0499844952368,-317.9134613739549,-298.0623362063062,-440.88173361996616,-222.32829227132282
-214.7233401927272,-95.16968768850046,-191.90537646069532,-195.03000792517767,-213.92221273076652,-439.70683424447975,-276.0180794857511,-256.2355495868191,-265.5331571670947,-328.6489497959499,-68.7310716054734,-82.1822656700279,-300.11665866827,-256.8845720705287,-79.126516652896,-185.3675689950339,-84.26777217245383,-84.73223338067393,-280.2475107462622,-0.3902056822154966,-292.36563988616064,-217.8737920338772,-213.6300631110465,-100.0113445069266,-189.7127645882432,-282.3484770816847,-174.03614385393547,-222.0053552797972,-181.43447960586641,-136.14376241766593,-244.25286861969013,-110.51090380453775,-178.95379023897763,-140.2021688814543,-161.85576038935938,-261.4450798943468,-289.33098023849783,-197.56325296044858,-477.163996668367,-304.0108205902868,-275.40333166397954,-110.22768056389624,-73.44201715582047,-200.7532431471914,-152.33605848020213,-69.04203060517874,-158.38208498874945,-96.63489850776865,-132.29437422142337,-329.04547763688,-96.33525734924366,-274.72218737610234,-221.93934835019965,-151.11721761962625,-107.07662151188872,-169.79851370739166,-139.33813992245845,-421.8063078198627,-49.25029347493598,-85.81913170336186,-36.75453927476643,-120.10783443663702,-280.2939538549517,-25.69068538462195,-209.5256471081866,-151.74566344211047,-123.83260799050794,-212.03403108318892,-52.437480173035446,-38.27032569681404,-133.4478180640216,-264.3200945728987,-178.49664712516818,-137.73669829848865,-184.40028145315577,-333.2829935585434,-159.08448956030477,-304.78386344712345,-331.51934027706744,-215.52162324035535,-75.31671154026303,-198.92000125457665,-287.0169708400771,-188.2928258737609,-284.64919314175273,-189.60093008048264,-117.3195216062966,-70.808434121222,-186.24201745172692,-218.92614675094435,-298.91538562855453,-21.679377673787684,-202.33288470786485,-347.803565289558,-87.13901785170718,-233.09947624264,-151.74104113316173,-209.55299013912497,-375.8871531098251,-143.3536503283113
-323.90104429567066,-339.96170107813987,-353.71728177670724,-273.5321074993842,-440.94895906263054,-477.1525371987186,-369.67528636905547,-608.6801895249667,-465.1273749747016,-611.2898059552365,-181.50358052193047,-405.4048526278685,-410.54334682790284,-418.9132633724513,-238.42925583726958,-639.9335431779285,-369.2499825964206,-235.5733248561805,-514.0362071269985,-192.88671627506716,-297.51708047645036,-448.8404224239568,-307.8958099115417,-191.2164930063655,-352.9594001376077,-527.6415233306162,-313.7879494266873,-440.8859775438959,-385.8896148780917,-285.14125432739166,-422.41492551164765,-471.6165148124131,-354.35706911405447,-333.5500303188484,-262.90267331142945,-440.9918338481788,-504.3891236244844,-673.5823192718834,-403.46278606090755,-659.423020134749,-409.0059692708489,-482.2163333004073,-477.59762166204,-367.61969560632735,-264.87115357590295,-390.4904102744301,-389.53520382225474,-65.38942315700834,-311.3504654381117,-515.4723996420472,-161.71631113494584,-500.82712134511536,-408.5425237899668,-291.04411138485506,-393.8746984229086,-224.53131108547242,-553.0509284008656,-348.391407254853,-73.83074159906373,-258.3531349694034,-291.603245420369,-355.83010398006843,-419.34744778778014,-353.70261124346814,-474.0596968775999,-331.830975772241,-183.84531465650136,-433.35676114205677,-150.58752849009852,-80.62932543998193,-185.0610585827812,-378.20731887002853,-445.55977510838756,-626.3638377377026,-625.074099664594,-532.6423705922264,-280.37992289200207,-434.7130506028004,-472.56150906793005,-349.5353480035323,-281.8803124680535,-326.71580452157957,-501.9592365651616,-361.2052544333294,-474.22987751553325,-267.74558030118357,-243.56000814555105,-181.7693555244534,-243.02841959906027,-443.8594638594583,-434.82359722141535,-310.98485936605226,-377.9309725550964,-505.86555010090507,-136.13064236436978,-502.18360540055585,-382.72180862810774,-351.5791571547716,-579.2606035000335,-286.1315099704507
-232.56281626832026,-298.52592687557046,-195.79203042554013,-209.3915820524737,-261.81574034580615,-235.92724871223854,-211.16542673565388,-396.92577809411915,-251.40677206972822,-386.81967855110355,-112.0538521508536,-412.193131372421,-396.0708869780921,-252.42609735818718,-89.19240236321419,-381.98782944378536,-131.3980980566942,-60.947833996004434,-282.29613057951326,-49.923949395297925,-407.93171441192635,-340.6163133324412,-267.43139661352836,-84.44372469706181,-246.6940104295325,-342.4248359685238,-149.24260549022722,-294.83557304172695,-208.2544342756144,-170.00351633916006,-286.4866602836623,-233.88992553797593,-229.48539441536454,-232.1313493730076,-207.4402376213549,-292.4971306849132,-373.3495591956946,-371.8135965510111,-274.08031639088074,-587.0848632063964,-326.7577464052885,-380.27726771829055,-738.4702926269197,-193.7716901803131,-257.7886059364666,-377.6974006831799,-248.26549105645384,-13.867304280979456,-184.4508545519517,-529.621962331731,-146.6194310029824,-289.48045498596946,-182.20891047084405,-129.29349777652908,-133.57950961685628,-160.29547955172853,-503.82233900255596,-215.1933424859827,-59.017620520927686,-103.1929655544913,-175.0103078128424,-329.83416074668287,-288.933456677914,-166.68816052023234,-247.15166522081316,-240.0585373926268,-98.98176111501245,-106.46885278398014,-198.62594494468465,-88.04169530083402,-111.87178519632415,-320.0107737215368,-308.06550850520256,-350.0017489964993,-405.84886618654076,-339.1121505896419,-171.63383159464826,-346.2301520609176,-387.80265926964034,-276.81817620588834,-174.24542211287473,-134.12449782755039,-279.1503113961606,-172.42865309801996,-328.09214191434216,-221.3701524385292,-376.9183357808501,-180.2972085617336,-284.2221701881695,-499.33986500206964,-418.9655780523109,-164.5035440704345,-226.78907822719407,-291.08310357608593,-62.02734857902663,-372.9883670317639,-343.46234593309254,-232.39197522971162,-355.24480330866174,-222.07931819746935
-356.5977053664442,-481.6176859419272,-279.15001672088266,-270.9912296682085,-332.86250426935516,-362.15668269244435,-132.54013615994194,-564.7735748812751,-261.6590796698221,-364.77330349235734,-116.5883653423417,-289.5864321966687,-322.547961061714,-366.0115836536526,-192.52019875140735,-291.46571908246665,-114.07518738616993,-127.78620643620384,-303.45916615736445,-67.61225201190663,-177.5589364900699,-316.6099698133124,-156.246060297976,-96.69932839111038,-240.31311605113493,-144.58646266425964,-210.88996994743113,-304.54509173235175,-306.9895966005575,-168.12394633681328,-262.86253044154097,-293.4441907124386,-256.1019247026109,-215.99757092198368,-304.7609154654396,-291.4196676304383,-340.545301453648,-285.06730465096496,-290.1762256846798,-419.3540902384945,-336.40044388313106,-296.1795055202075,-231.49363405677076,-151.177134568854,-96.91912415469794,-297.0893187786131,-236.54431378681974,-100.87204635926166,-233.676202290607,-436.7318518326863,-141.30015957628004,-324.11291551989694,-373.68762240626467,-275.7410323787894,-164.13466788279993,-53.09128352478347,-361.97872118053954,-308.52110629138616,-77.90005306780678,-173.55059464185874,-173.91576252047005,-269.302513095279,-262.1507121719064,-175.52816832471686,-316.81630380568714,-202.49228363594474,-121.61038903364748,-272.31809453312275,-27.193890250673995,-67.13300872944485,-134.9514169319523,-243.47342019661215,-330.8136377013689,-382.80694478015,-375.59276555795424,-507.2389620835616,-267.42190016874775,-253.88856513176773,-542.9213370441589,-307.84014511400676,-136.67014110693535,-271.10411218211345,-272.4866284665544,-319.6081235747368,-365.48796234651576,-178.22043353314888,-245.87306343729426,-97.8486437347069,-139.85485007063636,-282.6507472798291,-239.95143236200354,-187.80844976807344,-318.73375882092574,-403.79746874586135,-92.09720482525996,-478.7291112721201,-231.83549802221242,-292.10857845851217,-424.08144662850464,-218.34711995758113
-442.57397018517867,-323.0499461887631,-305.95276617718235,-384.78911830709853,-407.94668348411545,-292.13930409531656,-291.1112835232942,-513.1084319477573,-325.4773676261227,-513.8361220272843,-105.26259418294364,-370.41540373915757,-375.96002448819166,-488.93222541015774,-99.67206607873949,-518.5925821219588,-261.7486815616116,-169.1072526690353,-478.15060730667864,-32.60550995708815,-377.9420026214414,-504.4461376950061,-269.5446639596093,-199.25824530215908,-304.4270661300153,-279.05858339385895,-307.8994306622899,-356.579872797624,-554.3045079796965,-100.6954401993826,-407.31202122792837,-410.3741569440606,-428.7999427924651,-295.860465312181,-352.2516535454136,-460.4004316191708,-676.1207356139594,-620.4269670417526,-428.044387955772,-627.468184253819,-492.47950494601656,-472.97032682066146,-347.56200078617115,-309.07685722077093,-249.3567411193692,-366.46867749537284,-337.8335339453289,-89.35467369465155,-264.32452786160565,-383.8023277460735,-155.6187381469322,-463.22256181660975,-506.1035000840367,-393.8741955786057,-314.4574173798853,-191.90484453031505,-440.80472447653756,-269.82376813470665,-125.85203772387678,-149.16013696032348,-121.54854738941131,-374.0350145774553,-453.4011745451493,-268.3923055938622,-444.80047821925183,-277.29091303739403,-140.91920699871693,-298.39991559599395,-122.18490758230367,-139.63124793631104,-136.74554272382667,-317.03957857671753,-516.4522187605764,-439.108220809581,-329.51840910035304,-467.128189431109,-353.63479314875536,-369.2238979983869,-665.0686414270726,-525.6997663653544,-137.93941625360637,-296.04090835231807,-306.2906274836209,-548.1201117839604,-364.9617912712042,-337.9567536786473,-257.692441733533,-170.85481569028283,-234.64177973976084,-451.1308102896488,-515.0462708100071,-281.9827053124754,-360.13112321249537,-511.7989388073292,-185.49626560572398,-464.7001053448458,-416.8057569286793,-408.61735609081876,-399.30278233190893,-289.9847670025399
-42.528009564434726,-24.02521530018666,-193.49601598436564,-98.99438900789255,-210.1038996801551,-161.51668150974527,-18.809871458605603,-226.02592813956062,-236.16718631233192,-26.37586133427274,-123.73821879889263,-54.450937587693545,-44.13599323269817,-149.57940232665834,-109.94096242729377,-217.18219113040354,-37.371317323851414,-180.3994550844999,-226.67307615151267,-64.61509607129184,14.126939323601237,-111.43815486162828,-84.14121420112308,-25.968713102229856,-115.07060212275957,-53.710514429146635,-58.93551017385303,-181.25458231088643,-136.49117418736958,-47.4242788624174,-108.91184967536817,-209.1249705646718,-160.7381026217124,-186.29483536059752,-142.469969020747,4.373459559658071,-102.69973259522611,-201.76285597568884,-167.57039750252474,-316.86040205631684,-180.74478508433774,-222.20319593445552,-43.160372179258495,-201.2425554224666,-6.041812695577194,24.431722840056246,-164.67245702175677,33.97974717455762,-181.16989437127222,-122.27377028757678,-63.53399387531642,-78.24872935266626,-208.739720557291,-104.43132909656438,-138.61395037863838,59.00040813110607,-117.81252773802527,-12.509348329527132,35.19223300336829,-230.16235655558702,-130.24010272712366,19.760344223051213,-169.99935309153292,-92.21609094826607,-196.5090179902118,-121.14979766775971,-67.72327971630267,-194.11200171283156,25.428547286295334,-26.025906756901044,-75.87758775462609,-76.3625374087245,-97.42279225853048,-203.54311146899084,-67.27534633062099,-266.430042091603,-122.67742774063771,-128.61298496419508,-174.49984094687025,-113.28481562998817,-9.728272817275968,-138.5374879169345,-267.79371284432085,-129.84115066664376,-172.99645227126456,-78.03586178393748,-17.22016872474682,-133.4251721068335,17.816954696358675,115.04756432363111,-127.50003976506764,-102.78333629086023,-219.70703372088113,-215.26271368285197,-83.78764925963208,-284.00637441064924,-11.07224793812024,-74.62837744175675,-291.2260152446618,-134.05182849974656
-305.06753050172847,-342.65758892635534,-212.13013560087455,-362.00459775042026,-329.9240642709697,-349.1931981295341,-351.62888050669926,-224.7452253694337,-238.00919624876693,-509.2531209060573,-192.38631753422644,-136.82130303189913,-558.4148978514735,-383.1675592083537,-271.65870562985185,-265.5342232666712,-199.7631143734259,-113.46914197797445,-272.2868198503955,-157.700203698442,-430.9046935054977,-156.20188233587464,-116.60809605147669,-193.9541527894897,-203.06134669206435,-258.8584932289746,-6.681769578595704,-301.9899597024762,-347.5719593027538,-226.67303193874187,-272.2842960777627,-197.69565559904552,-342.1166180149715,-297.308700604233,-191.13030355409296,-371.0441904764866,-321.202389269554,-523.0091267506856,-392.5160868108052,-398.97387592379096,-394.9310663406084,-274.1496286267478,-34.34858730957462,-233.36963049923412,-162.09781557819394,-230.8142630266094,-185.97118506169093,-59.76107601738987,-257.4621854892184,-261.2092521184249,-156.86240890101058,-195.1553534699283,-360.9908907476413,-314.76989253219716,-196.28773940133402,-202.77384954876732,-265.8721310596003,-205.06302343077337,-73.64321909138063,-128.54938780656295,-159.84662055519655,-293.5661047414117,-322.61015438065283,-252.53846988495093,-264.64484031706087,-128.3871700986455,-135.9613554145785,-174.70006749943002,-200.08209032041225,-130.2388034424984,-130.85319951034091,-362.02763916486975,-328.6382779603354,-357.73205791294384,-163.04616040836504,-381.9967213002899,-292.34378108336966,-249.7212345973106,-395.267160469445,-284.2273053926378,-153.09071438536154,-272.3464740333521,-196.7570890158726,-330.7495914832882,-246.12542143383845,-217.61810192775403,-379.600433563514,-84.8585883991815,-216.97962987561905,-167.54557575993996,-326.71821777647915,-106.65369973536598,-267.0421343411539,-224.15433728165536,-201.5385554614275,-416.6976749246487,-381.01168908114346,-206.46344904646926,-315.5017098652595,-232.29591098498585
-235.47117021308648,-59.79258161413003,-141.92629615304375,-215.16975784277443,-259.0627485889678,-310.8399683785713,-98.0499023635859,-322.1052185840711,-238.20398180151489,-65.85280880220238,-12.327242432581967,-441.0274408055084,-81.69119889163136,-327.81551703597654,-78.82105418235213,-329.1750694358518,-122.79318417515545,-181.9455308633199,-228.60026324289984,-20.746937446552348,-158.79111803983687,-225.17015136402654,-214.64279506483942,-73.73619848392164,-166.29078720759873,-103.02721178913703,-131.41621023042916,-327.42175389973016,-241.1316188400862,17.24587744051321,-195.58459061474454,-215.92675011618562,-264.1429438926785,-223.85875378731862,-194.0363024662985,-158.1014655355657,-309.5211154521266,-207.99700322392104,-166.3884591325823,-260.3379884512821,-266.64712339661907,-308.64291317297256,-203.38584560496176,-209.08045110814484,-56.85413156393291,-184.91021738219544,-208.96934661815914,-151.31719185516667,-201.61135776639944,-315.8123278128151,-58.72865685749273,-85.05825704267353,-400.88356763971166,-199.75026891526227,-164.31982586763004,61.361936178470735,-221.05016002865648,-151.34769875503702,-25.05010056193633,-190.61978179281058,-84.43645600873894,166.75672116117013,-230.0378381193542,-228.34870834485434,-332.372766340891,-222.79484117819322,-92.4717921149077,-171.4596291195827,131.1315228725429,-71.15014398403433,-86.33887361175731,-262.7201716441173,-202.2293707025651,-211.34694774737034,-181.7221049964545,-305.0533763953655,-254.77645490097436,-201.4041747825946,-443.8011635607298,-199.61407140256676,8.020906703323721,-198.63052125703086,-160.47255035652776,-294.80908479794806,-260.22535928011195,-178.27162051246816,-62.29917358881936,-92.42595454375154,-102.72763755762578,-294.12368292691434,-285.73621378932285,-50.925982672865274,-225.4768164928664,-378.8841914047913,-121.70105973717382,-227.39734067210247,-149.55846127769996,-212.19603789514855,-261.2121218303508,-204.52141728288183
-78.45829341530577,-65.03684762542679,-27.46339857001049,-43.888229308142385,-111.14653933463623,-195.30618811255545,-180.08765813426163,-15.30720432730625,-139.1500003443291,-221.02620014032448,-117.8312914270888,60.36651194957278,-315.33436835786546,-38.436148514734974,-140.45865376684583,-257.6931061325679,44.61454440989722,-35.891791215841494,-143.83567802555504,-88.11300532521852,-147.29570160250222,-95.38710643276048,-69.38013836042958,2.608938022771876,-143.65726568225816,-171.59226126056873,111.31740667276749,-164.5765876787259,-173.42270468308058,-197.74526096401692,-112.7822652449095,-76.1331248359119,-114.6883011348157,-129.57584748700248,17.995411377522753,-88.77430699964462,-3.096729192780498,-268.6510498484918,-57.038697575455394,-313.8120999201833,-213.3428741262334,10.88840574116545,-68.58839678537919,-163.04282246441758,-99.7040200497659,103.05459269505069,-105.91494596095657,46.15835976456495,-199.68506047025895,-8.849344260218201,-114.52880979238267,25.17698088477261,-125.95495198497488,-125.00440236625556,0.7688301511621304,-72.64024585285827,-9.811337849952809,-1.8918005164034837,2.089160560375287,-77.38974916004166,-195.5818412681661,-41.32993905760744,-118.94395729486811,-31.87574583404655,-118.3160386859029,-114.17516981567158,-61.4612097673092,-158.74014786709066,-52.66903363934234,-30.2462928580689,-64.35684417079663,-153.4819395518666,-20.727781821998306,-95.39604450476575,-58.54095849298909,-134.47508357564786,-96.1058594032832,-156.72422701330242,-105.23233382460029,-138.99555809008208,-75.94297632114268,-74.40541726923723,-95.5645715133732,-69.7586089773346,-113.35400643592111,-46.154229892038664,46.16434880477537,-15.348364079868963,-84.03530732880242,58.80345211616985,-139.38242992166354,-102.95861209324875,-92.78021863727797,-120.88848162839575,-67.14325801048425,-266.57611580491323,-204.4752333755847,-64.03666801413655,-143.84216675945794,-70.1238106426339
-197.07198473796578,-156.2484488686783,-146.51084127492587,-17.28398126350414,-119.03296511965482,-240.91976156968337,-7.979379500040886,-342.10307305842474,-197.94285933792872,-504.913306037255,44.174982478250804,-296.7110422603971,152.31237583828866,-287.0917037188329,1.34851874064713,-340.5763618908395,-79.06735011087373,-74.57191529325341,-225.59324452589715,89.71747922673596,-69.41342703716344,-213.2797439301635,-165.76860167137195,19.179305852923026,-105.17630235984818,-11.192231938480491,-103.00743103513878,-186.47699284705308,-143.26039008077927,34.92838431595726,-166.35142298262215,-215.470559872074,-133.77228944151102,-172.3745412659667,87.03393911225214,-41.14912342115481,-430.7688976860832,-259.2723511446032,-95.83752706827086,-306.8884956568037,-119.9766944349014,-148.77678774378413,-349.17039210807445,-148.7719313844452,-22.68531161789693,-312.5431621417506,-166.06279369227713,73.44123376284384,-96.05330899656545,-234.89054922464612,78.62954755853941,-295.41355976713515,-137.83564259486806,-47.68646966205675,-38.39974990446806,154.54374585310376,-356.87300287480946,65.31495189943644,93.98270047919672,-196.61823910197003,-59.79899243116198,86.66817418340261,-184.9198924173067,-132.35583429758822,-376.47043189099975,-171.78228212225858,4.532509280932865,-81.29057977438154,8.289928032270618,37.27361081178002,12.479446660049689,-43.01753977139921,-212.75287724206729,-428.49111953993156,-247.6011306151617,-185.97447091237072,-54.69066131276254,-98.22939619520861,-518.1392959320985,-124.79035837295017,-8.265700308656283,-60.18697773939777,-252.19730471206626,-97.63018975982676,-152.1860159471773,-111.99969600686904,-116.38042566805207,-25.208641015319426,-30.183055701981296,-187.78171378568308,-228.22773396568024,-180.60548986966606,-213.24020842140075,-361.7639036138573,74.48218636818072,-302.32840457815865,22.255819880823246,-176.7969910305404,-276.21832887836547,-149.89674794495158
-93.00866769967618,-22.924504786662887,7.133069259062861,-24.69427036147728,-8.604253770200787,94.21520635625447,-32.08626481475051,25.126009515681652,-2.0933367659824484,53.54476136092519,114.92148609969078,-151.28232694392318,-159.46295281407257,100.48438512001907,64.75857553788994,77.85905903336212,-78.86564149589984,-11.193564810455824,79.67550681662314,-8.076106368530112,-99.25071307162617,-45.34704465136487,42.914856656500554,48.45440747350032,71.25809362705992,78.52457375368539,-131.9909454093796,57.47684504218126,-23.093640409473743,-73.1537029357401,0.8526584468991552,-52.48135094429736,15.014533324868436,76.06092877322916,-102.88606674100288,-126.34785082159563,99.7425376286526,-29.760087078506988,30.771858704466553,176.287211608798,94.29322189728114,67.3640667627656,-56.09524197764391,-8.077180304414489,29.962969238010057,-38.41832678263876,68.77582399518118,-107.5713909568186,51.59091708297003,-10.921506006852102,-17.371024691240255,-29.738164757404128,-10.272373814880314,58.61842898199238,27.284388310079034,-25.25987204774853,1.4825034542274313,-272.06354445021145,-53.197366378164595,-18.181656489592303,25.49944510709682,-89.48310251067257,69.55710487325614,84.71248508055001,39.884082470453755,36.89437829209831,54.70648229528591,26.309564040886904,54.932777071321794,-70.77391992519878,10.996154704277968,16.53537119941454,75.26160639122705,41.94112992354671,34.02819747278127,118.18996145994272,-60.550029593886926,-7.139468333234655,65.20447517153491,10.640511889055915,33.9114537350872,-32.14984535403862,155.32646532453282,-19.715076619538657,56.00804125819433,4.516302426392665,63.22823358580122,-35.57139179602689,80.58087583102797,-9.379247180978059,-77.39695050836004,69.50644428259129,83.3505550775265,7.128125397357935,-19.683912148234118,63.313027256528954,62.864966532974854,-44.9232372280578,9.872839530598919,55.56882708722511
182.1382362445619,206.5764473405944,66.39147623862715,259.53408002821965,113.7685451556001,125.48804101269141,440.1596399856847,255.50994996094167,77.74176348166141,281.38184383917263,115.93905734303077,189.8251456544629,292.823584384743,413.4323631673499,83.04538657662596,433.73994462119816,185.6305261310492,93.48711808534031,65.96356590518565,106.59384247493878,386.7735814741364,358.5741752604136,101.19141578059984,107.25125621857343,153.92859995999834,430.3558677238602,104.06634129433448,125.20706050177043,260.0387016052273,304.58159039021467,175.94148735362472,103.18668297170338,96.67501084826914,107.02894863576364,224.2973687316584,401.5197468615775,214.40161772637052,352.4902211020959,384.8632639332767,322.1549344746418,278.26982135786847,182.51588829727777,88.89839530141099,156.08939468157385,146.1515749381087,288.37659926171136,58.91399026181362,172.64447147043737,137.04236098916078,281.60816492760426,104.00659127095024,58.243871277773565,69.4076573462421,112.14771086946153,49.67914413764446,181.87223531828073,136.0755661889914,350.9406674764478,87.91469032015394,227.6721268794131,62.65378961164248,358.3745412957874,238.83200239932705,62.14879989403256,34.72890341745698,3.485521462772397,62.934507954962896,111.04191156253601,160.54387809531954,58.356155193345536,72.80095464178773,264.0390443968966,353.8048890696874,336.33301141125906,116.24611527572438,220.62590952667279,106.31376451570989,293.68791216512847,209.0000835431468,294.7038999049998,137.46385863948933,284.31874482121634,184.87628074125215,215.18208845065988,317.7990826666688,201.68672024737683,289.9690574816919,207.52149343526702,49.925627673819434,487.54549358272374,275.40720666545326,54.857206935129746,96.00049832321731,258.6347996227136,234.55573788729782,78.17192961767442,200.1544089087438,215.7997065483391,78.78631357254947,42.58139343217947
287.57867675859427,69.15014660422857,63.92258992087105,136.44494055402154,149.39069341218791,278.40495485887976,199.97084437878556,29.92761265103471,109.32026711122334,271.5369355661412,61.18537812034615,56.540847078543436,175.88863900154797,259.3649771926128,109.71090194157682,51.56742991885701,-8.06114138044677,11.527472222285263,149.5193183784863,53.580639624416264,208.30585982336387,117.2459802134988,111.83857130529996,19.786717983478855,181.71094648804035,114.82948063011078,-32.715112643547705,227.13815245712124,264.86214200435614,167.2881273560738,134.48825364071283,27.372707321640195,183.1658561600137,84.84806679942464,10.644384092348373,92.10130773941515,222.72585349231628,345.9814060118892,185.00289686479178,224.59833687318977,420.61268715197417,64.13298396316807,69.21132764179312,153.87039819115464,110.21567541232963,-12.339727141770014,125.89619944791079,30.86293653159849,269.43534838295204,281.74035116218687,65.23172748977306,81.45788751629478,164.10301139648433,100.4663372277011,93.97778020298071,79.45663032992783,72.65894884586882,123.21243752629715,8.882727774112016,61.64665960506251,209.82102371972064,-0.4457828428380146,225.56039488901746,-21.233448000823937,325.10376305249514,104.67740914768027,77.77418152308532,156.53670038591196,47.022693802712766,20.94729026635399,48.229431631752036,205.90128844177173,220.82218578776784,352.65409471085576,112.27647767339313,201.86995944629584,160.09887973771123,178.67492833992023,176.42312314222252,285.18415504844114,72.54862560464518,90.9888079113757,141.49425983336604,150.93284042465874,113.88051899647645,167.80374070849328,58.7120552180549,-63.73495632922476,204.41960484069344,40.042167243574426,91.78343071130034,-19.5242715013611,135.94205759609,239.4023695084875,88.7832868982033,127.34191831957824,147.95820142017666,188.65493083459026,151.01352453636682,126.16687247406324
71.7970248785286,76.12218743604734,61.9670503942923,25.689015687464675,153.05542775739033,178.39221036469135,33.559598542262,94.65495751048827,120.30582443945626,238.52073761167412,67.0998753233311,203.97630742279435,117.55970028429329,116.02877415766223,100.55993141906076,263.9238396142685,13.607476858060455,94.84272548377496,107.34960257487073,34.97286936544403,129.20873222000483,174.29585689175855,98.53807615313374,-1.2427647355948328,64.08804209915331,79.19400439968283,-10.918913350110262,152.845714009881,73.18181600689327,15.974159105327146,76.3028171438538,121.349336597762,107.32147562965213,166.9190962006505,23.75973633835724,69.2577551069288,46.535540364944275,179.09580996360282,33.522554064396665,126.60229488827369,57.519692127695166,63.00470326112025,135.29328417623333,91.6934147803948,-58.8028771493275,107.26084675637776,105.029767564204,25.624018972216437,70.84845170791485,76.04687281671863,64.08374258136307,75.16048512807757,195.89687834588375,81.02899260326444,33.023355904887296,-12.665659804819091,35.58583972753415,68.40048093064627,-50.34630755031741,152.14663315716925,62.92079094600655,-71.10652839015067,90.54239052362716,112.25443174565012,139.5544990403997,104.27700873871949,42.32199417760827,87.8877688768887,-34.582544255242034,25.86508858126615,70.02616236569494,157.72079749053125,37.28808746842566,131.60809851454107,96.4486053901945,65.89219825851103,53.41417933420412,132.95940645609053,246.23665111944786,28.09443785194621,83.8817462928372,69.55771325621552,153.74893907636036,28.796822514961818,164.66554161971877,43.184792151324025,43.95148793352581,81.74891079735735,20.109515789577983,137.0152772640226,129.2949984074359,162.75835698582284,101.56934816493965,242.7452081957113,53.12228406953966,269.6823446704693,155.3831629132686,66.67215168554611,135.30282782330795,91.9311153170362
398.81738656046434,98.86823616321824,252.05988866011168,224.2299460630646,424.8920020081814,307.47083311460466,183.62784950249167,533.4520865529953,460.9133740790674,490.40668297851687,-18.814297133490236,428.6322038261039,177.84870327954596,324.3765160878908,178.0628923471143,124.4234169605351,162.09188989156945,201.32094110074453,414.52564671383084,38.894005497292845,377.1639161160982,223.77544040656767,235.80283886916445,181.6270741815978,184.0284898912238,141.91285874737065,265.1325476152488,307.13023349735295,358.95205700032227,103.86829457174748,331.36341940425245,428.84038103734406,350.3192726081944,302.22060072785587,303.2628464574618,449.13715961090406,530.3545533091169,399.0390522865854,233.12283846876147,511.13402408916426,270.83503050657885,186.02793611620012,539.808664283412,388.71705768605364,243.35196913302136,324.62077857705697,248.0024465338726,131.01982535925112,355.63056315354106,349.45713650558,101.55096115474313,342.72862069611637,384.1042848752588,303.69935084337476,166.3190758746636,62.887695278888714,539.3891824039017,224.31675932825596,91.18357668810914,262.49714427450135,233.04885877887082,191.57911281959133,269.65749721297817,246.34933124134142,499.5821573943968,292.6039497523762,99.99755087470353,308.51367173155256,-11.701377755863545,120.0600666652865,181.83330904119813,248.00024563999716,302.02050311463245,356.9326079556655,206.06582093586982,411.1160522072591,381.0206820761879,170.16426763195733,612.9475747993996,368.414056540137,60.055203826898406,292.348009283295,112.82548554813569,406.49334023568474,35.87775729317405,234.4651549279779,125.23177860228714,107.20516680012797,146.7985758440108,303.4706680641113,462.94910228729645,142.76877120499,396.76465656928,375.0482665168715,74.74546916662491,440.82309406474997,131.5356052225618,369.6449673429221,557.6672262570187,254.2672893068452
275.61250275941273,240.32310614832008,199.01932995709623,192.82927720694178,251.9444836575025,252.8399476029303,197.583918777457,342.1619552954875,238.02646166069337,549.9651842411013,63.99527522169234,253.97754229721812,565.2477565200736,197.1118027190825,73.6220602848531,277.3544150316658,158.15028440769447,134.2874955191714,239.73590492701072,76.75632623803395,164.09469681439433,231.54873134926243,169.00518556322183,70.9018729959311,191.6345847890224,342.9953390619309,228.7986561429757,254.1599211824246,220.41424651840344,149.0594009299964,242.3271743974959,198.68778557477583,212.3284669204348,153.0383371102812,227.82059976378227,296.74791118381955,290.74805397048846,619.6833482010231,293.7166867354624,411.9433154962125,186.23050402135175,149.61045811007622,300.98018413640966,174.71855040500864,123.08072885926535,251.64182058198458,157.68192139982725,129.19314453520857,138.59124659041038,301.6712395483374,110.77503010058876,569.2754076848314,241.31241447752353,120.17938082412957,133.94546456794814,108.67343176726168,231.5397181382506,336.8430732203117,49.307870579719335,103.96729298629167,76.11937629966802,279.8358952721916,221.80798351463258,230.72954456548715,275.24536123961735,113.62418968795565,61.493164057732976,80.21797525253578,159.51781751328605,78.23493681710731,114.38639903607299,152.88949593396848,191.9587863452852,256.48714904627053,241.57343419536372,350.0842163693663,179.63972951197903,256.782539743278,281.1545469453541,273.20353529559213,69.48341252092217,196.40622030452053,237.07122115467737,249.0909875616657,264.7655874822378,147.99769731884382,146.18083296396838,85.88030569243925,147.8411322173741,168.2555715854698,321.95414698552094,119.98900272562356,216.87088620789575,285.46156573700404,99.53965595803578,281.8993743671176,240.63996948098276,244.8070719583484,419.77437353342117,131.26425712243565
186.4277054922828,-193.25261810231333,125.65492062263978,-143.67207906993983,227.6420248850972,-35.893935014259604,-147.29814912273758,137.68533623417,164.7331200627477,-58.97835135194363,-131.9023734182066,131.7706257170739,-77.70935240799656,-144.3509065470988,106.64277566167011,-222.94409783658665,20.65231363967377,64.7242403838707,126.21746441179643,-15.61623615948779,70.87744076817593,-39.48328729014705,-9.205921593106478,-46.983792320298804,-93.04513179506196,-251.798894263213,38.199984391681326,36.8398933843566,55.74625202679722,-141.13819406908146,31.087899338015045,330.5335850915987,171.24672849045737,108.86061893205594,143.09961241693784,42.6243274567649,64.10087794038381,-123.83236895694654,-121.61091142419633,-25.33117879571633,-170.8588579745334,45.859994170008264,-98.81841246579117,152.0784042683494,14.968274927280792,-25.92833565344749,118.75916210786977,-25.60361082687002,74.90148646829488,1.6616934041712923,114.64175989304975,70.81764735812727,182.01833765891575,37.63267232522602,22.152734918454595,-141.74356304076227,194.43083038443825,-18.193444288389788,31.632944535134747,210.08731636067728,101.69927368333494,-74.55511724056815,41.31207640096692,-158.9665142844682,298.2500260554949,153.88607814607238,21.921715260550464,103.87521139419172,-285.100612358424,70.13458247278473,76.58073944065033,-35.38015914616105,-199.60676852084495,5.1100807813346165,0.2827175722551919,48.59378947342524,83.23533450326784,-83.74540967795397,73.42353455367648,-110.13990260262389,-26.108251623557873,12.3254285646584,34.50683866755178,39.970073878636015,-120.09263184368801,-2.176445059213588,44.328441788532665,78.29973158825652,-48.94814537768898,58.230481090060444,-35.563025335758255,-42.51250477978873,67.35706490550088,45.1182022524792,-27.324685181737866,115.64261586209791,-158.66004230028824,46.280818693145996,334.775048991421,95.40044896908366
116.48872463480609,101.82881917765883,130.69429814885507,208.07008443251564,227.0421364796426,153.77241612836588,-0.2176867781120349,233.71681750202316,160.90335365215716,257.4693873445681,79.5615901282157,-6.418535255001066,113.17973694024519,192.9992054054116,11.116059107869265,308.23747939959804,103.33929318793679,53.85118058676163,210.5354606182946,-15.086257808126009,142.30810339964495,235.57414557667394,133.57459972200502,79.22469353482042,158.82803613533696,127.9203452170061,179.7744225183191,163.85200600347054,180.70433899075925,65.25036356733678,205.14627702386255,55.51882540408044,76.91647297922069,95.80860178751038,101.11483292427465,73.8136352171325,187.04021459513936,381.16991641116806,323.4075931656994,318.86594151619914,200.9372566474869,118.9881233574816,88.45326149338914,118.5538985654497,47.40218067704629,52.28372296122661,141.02682082895458,-9.883126286092297,141.01978349422393,114.53244490122582,26.690844769336376,126.10252910258168,110.829714815817,106.33599133005092,175.4519069156614,-12.71250670513581,129.847849042772,117.74063285283745,17.866512453989642,75.70200884249782,30.416128769229257,185.49245617378364,244.37715958999684,83.152277713489,210.7022498667978,125.7444445965017,75.1366885330479,226.18218144654887,30.582633040940312,-17.647318517849122,66.86283960387209,105.60051751173006,237.06203000471126,182.48753761874278,156.09063869081135,290.35234676885267,65.50447959962206,163.34125689678262,197.25088813349475,240.90644325270836,95.97123041956748,113.54923671743336,92.77668216160252,130.22539350195746,134.11524072419647,142.1373595664384,88.34532409353693,71.63964208668949,77.58750270664632,2.8794228519698075,215.5340281238988,69.94007786625748,209.1454169987485,233.85436062229755,63.648484260398845,210.63985785735355,141.81435010866122,181.48258444792887,196.16530228484658,124.85017620110091
176.14865803511273,189.98812089777456,202.04848860735365,213.0975624481639,151.7362283619511,336.327982609409,179.04933905429976,241.60984927589575,153.37813696387465,353.3370472683733,84.54962982426676,220.4853833657539,196.3547376211357,207.48105208172757,36.16881432732691,296.9129382120462,131.40715354688896,111.28962430795846,208.05622073394045,45.15415589055882,114.35177937787404,197.82254585544996,264.0417237773384,104.55151172871487,142.25145399514648,235.3407059040972,82.19512952575182,177.75298326129044,224.0123679239754,121.91293700058644,174.44163455657235,69.01465808049615,124.12069266908476,154.84147977240337,137.61778167965198,164.45200942593823,261.8818775938722,261.0628859338923,304.3392976091506,341.98618366840077,266.5910650095198,269.5806550590281,229.67749006084523,158.91792798013736,83.99314632782868,78.94141758783294,180.8568291269172,26.6843883092692,150.61685634494356,255.5183663621164,48.247355758643266,175.93687678571234,184.75327810694392,144.81449920536144,161.19335839857817,72.71884425498304,204.1810388908985,145.44803718446633,40.28552626701802,100.07042253045272,114.62942737142565,183.58027585245583,223.36188692092776,139.94032457325494,131.45979651220765,160.4521693008616,92.55689934387625,125.7518632008125,4.053432557659373,31.518126826388443,54.04831059354882,144.3475024638594,238.41007573060722,217.63772981888127,162.93965327814473,309.1497737572023,168.31450961339885,371.43519996384254,202.05067905478325,195.26672237503462,70.88150406986426,147.61870558971245,289.5973464715477,259.11041758982174,231.62771083895566,171.68774061965738,144.36307430173574,52.09148979468622,126.66222077217837,237.30507241434256,228.32933135053398,83.96805686221866,129.35655744454564,231.81207682459305,71.63759656436233,227.86522542860538,259.85947447985075,136.89510976385685,255.08802288434472,122.40581620264558
