0,1,2,3,4,5,6,7,8,9,10,11,12,13,14,15,16,17,18,19,20,21,22,23,24,25,26,27,28,29,30,31,32,33,34,35,36,37,38,39,40,41,42,43,44,45,46,47,48,49,50,51,52,53,54,55,56,57,58,59,60,61,62,63,64,65,66,67,68,69,70,71,72,73,74,75,76,77,78,79,80,81,82,83,84,85,86,87,88,89,90,91,92,93,94,95,96,97,98,99
32.174786980474785,11.829506604021303,3.317151907365732,-19.2239553360765,15.910104469205384,15.33597792243994,10.477848204770604,4.124474814027091,11.706065772309906,8.384252466964238,13.96817960864216,2.7893506931844234,19.52021600965667,17.135935175055188,36.66096510277121,9.32389086906736,18.487594590883223,-21.843984528164516,16.082604096621818,44.43251637901353,35.62691614905374,39.52885639564419,15.909062160913559,45.48677790558877,31.979986666923942,24.26441436588012,5.4288502839022605,20.701466794859705,40.46972610385734,60.30242869951,3.3938557104148463,32.48649858719849,21.03641589604834,17.27454875426721,7.6644781229060515,14.804268527332729,38.331191559370865,22.550237291485853,-18.299727477843177,20.259818813506428,5.302871972490507,45.01102275451885,-40.115947683872946,33.04624049011697,19.72840924849249,-16.54128623701477,-4.251263124053472,9.45753188953226,-19.413682949450756,27.92344397695433,-2.7070010758218643,23.176688554822835,12.74644980675495,3.6224992232240076,27.04875905383685,-4.134323055176917,50.76244632829439,4.643977915390321,33.864447504718314,31.453982401082538,17.286612103201378,-5.196186563456326,25.825399388054727,-2.6715973977255083,6.063651308792549,-3.719271721842616,-0.6135481981637378,-5.817874243297965,17.30816959484122,14.838836107903436,17.61069639499661,14.97447974343248,24.664574736125328,88.86755297819974,46.63983771234721,13.41339971297957,23.02657469294752,-0.9034745803730582,12.843248339629804,23.17084342273409,11.6652586341077,37.60374100174682,-9.894833267518948,-14.595965526398228,24.743809808506832,48.63244239688999,28.040596289056467,31.332554676435095,20.834726631359874,4.4067812950127685,21.445237526227018,42.132955886310086,28.317084501369948,38.96877399227241,40.51852973656591,33.71970703135937,40.409503846262915,24.39509126029269,38.650429004969446,0.7886275559166745
-2.1496935451523287,-32.51281315437723,-1.4072631571303362,-23.70516558055266,-20.855133139904776,3.0654722879965846,8.140655296858387,-39.254974094032725,-31.590245183348134,-27.041133959461977,-14.285327071239147,1.263541886735158,-24.54279299371391,-15.423133635590665,-0.5105756648323677,-55.39790848103814,-5.511024817048636,-28.53688150307114,-18.61948632953256,-37.861530276551676,-21.50329128816766,-9.337456715606297,-14.019181670510571,-11.335451765147905,15.714922100542061,-6.661227748002054,-8.203828438075803,5.144072589645316,7.699064149312326,-23.07555079220504,-33.06632059728584,-13.907285723661735,-17.883859474817054,-15.921232220940936,-16.629666400022227,-54.71868795958822,-23.840932683237295,-38.69201434432089,-35.5738237011352,-5.851591365933046,-10.585127275964291,-39.16268405090319,-42.519251693565145,14.763475679981804,-14.965189771977645,-30.963227815340204,-13.074659022685653,-25.883821402013783,-19.53349324937652,-2.750885954467696,-5.204857336779277,-33.525798211452845,-25.389302354671706,-8.698784959216633,-27.39840449463751,-4.157432749106507,-20.430868445601586,-18.88388325606091,26.842087885372433,-15.102939333838352,-6.916510424219787,-26.003604293200425,-3.9363623752430468,-23.36815870397071,-11.605762141247661,-18.111026754280346,-2.7075440411572487,-25.559461987092995,-7.637060476679396,7.283554800417716,-9.462177308774276,-16.331869072644324,-14.455244336021373,-23.15725731098163,-2.021746818706156,-17.279956347598628,-18.256933013465265,-36.4073580799669,-8.893669913979409,-19.584615318459743,-6.083452765083977,-9.556373738559326,-15.844222674333665,-25.785963295509347,-46.67016948475536,-0.05299808262853523,-21.165611595920307,0.4606493791334328,15.383624803069042,-67.88414659892422,-4.682953151103423,8.17036749528155,0.4485406833746967,-14.83758422908699,12.852085978698044,-8.429436609049981,-11.425787584967646,11.458668002647451,-2.748575632885511,-7.637003833423333
-13.323752178139669,-13.85374066749926,-0.003637105352816379,-31.33584182121365,-16.789255341981033,-4.84733771369554,-6.206671408993762,-31.370854695718997,-17.655221047224675,-41.147224486156844,-22.560517943961134,5.050372822808745,-11.067898449334757,-18.988939929969344,-0.8344050753112138,-20.93397667600615,-0.6516888184115288,-20.12846740168822,-10.648634983435725,-16.646640567153028,-24.528993960619516,-22.35737107599667,-19.04239859276956,-21.259076335245656,1.0090082918228191,-8.595404749528205,-11.11637212040047,-7.113593468574081,-1.7005947309779603,-26.429890013404638,-38.073797574647145,-2.4056499404610916,-16.44969852032878,-19.20018481412861,-16.46292262466512,-31.05953270408059,-40.29157261793853,-38.618210111084686,-43.13816617111697,-18.531637410600695,-19.6597975135339,-44.414739313570315,-24.12068155971917,3.385562732458958,-17.079969041096188,-32.51387295274737,-4.504281711536423,-26.597217792553966,-18.69679387786757,-13.450989997511288,-8.581494897727106,-34.92276353668679,-11.271232085789729,-20.412014563997506,-19.542300335458673,-24.310783798441644,-19.209798257186822,-20.508793838254277,11.390253642261335,-14.23694500251502,-12.294678837382788,-19.97610160136198,-4.728079088023397,-18.3130306176468,-11.40165791371712,-9.164415356022433,-2.128043837087435,-9.52613286485097,-18.087486021630482,1.3108918693091849,-9.486149727009378,-11.37760976324202,-18.510731807974995,-20.49490080693729,-6.611360494043352,-23.115310249526477,-14.29477491176077,-31.636502457768824,-28.29718917972075,-30.33762304178455,-6.511405716313313,-23.807113160965013,-3.5959488642720996,-36.65808534865364,-24.244595518747694,-6.925612691614952,-14.741699308268736,3.6437432948794632,-0.699636639618799,-32.69152845940994,-8.56706822015901,-10.354223234398836,-11.81102615137206,-27.741844704696256,0.34757311233447796,-9.220325644592897,-19.052144969465903,2.357484463266976,-2.681767695211095,-6.953224314299424
-15.004305562883616,-14.123864121373328,1.7652975695887045,-43.218352522074966,-9.86723054877919,-18.408237533616514,-20.10064160343596,-26.133355161720836,-1.4512220518707062,-33.90728759482601,-22.040073344825,11.302654084062585,-21.456818208207494,-25.369041295416032,10.245801343520231,-19.396739035057696,-4.339066473504145,-15.435012962483299,-5.584786560619574,-17.738853537693114,-34.17597324657468,-28.920666847513672,-21.976577206246187,-20.71290629943039,-4.893687479004965,-17.525014836783985,-0.3880963528979508,-17.013035444048313,-8.521432912719087,-30.351611306606564,-42.59353982152514,9.090753295781669,-5.149471831852549,-13.274378892979247,-16.39757880969476,-38.60007702709304,-49.91495983203635,-27.18664498704825,-35.67532867416908,-21.298846115651283,-28.61449662120488,-27.548759352291015,-17.176767349111287,-1.917808694767316,-21.67385554350592,-47.86878539294423,-7.930590738743356,-25.32821493333292,-13.934299548816018,-11.493131674344447,-2.929925776934168,-32.90905778248023,-8.941077927511943,-28.64864391702403,-13.362191018185353,-35.70127113920563,-15.79437841688948,-34.80944367081951,8.860015657735444,-18.86839592770477,-8.645519651718992,-39.054626674601934,-6.440066752485977,-12.604733150797562,4.451909364404057,-3.592978272513807,-9.155783651497195,9.41151219784386,-17.24093356406655,3.667082366230398,-8.100850566739188,-14.887984095329546,-28.233076360865226,-8.042964378822273,-13.32022058814735,-32.9063171661586,-0.6671745585945899,-36.126012775106304,-35.12659207467286,-43.69353671082407,-2.8388473690560447,-31.30298304524936,3.5352466494250088,-32.4568068274067,-32.81458595292776,-9.357920171275762,-13.5813741320217,-0.7709548917131884,-12.71927887951485,-52.98908030665161,-27.25223317531342,-20.023901770004958,5.807840828281696,-17.52386104403758,-14.514392778457184,-2.421241749660306,-40.06994885656748,1.0930658512141216,12.971907570815574,-2.095766260693037
-44.365984965868655,-55.494615735267864,-23.58323895042736,-23.389612835272644,-55.580490127870796,-58.05825673408064,-70.55137788218674,-60.02266461668059,-58.060566873111355,-76.33773941799983,7.23730282657194,-9.243066056315929,-98.04074164182045,-54.707038954087196,-55.257846543624886,-63.130473352382516,-32.259891442899324,-21.45559351866728,-78.83448327424297,-74.40534334593316,-107.3667541011086,-24.195385563360166,-54.55172144691764,-48.80025938633784,-35.77676455559117,-71.13182903563808,15.075590020469296,-53.06836754223461,-44.167485778923485,-71.23895535576342,-82.4656889707843,-80.86437974929014,-41.72380357787601,-74.38310303402342,-10.6868088870578,-53.01800911094169,-91.40351305788033,-76.88048206065054,-4.528077755931369,-52.915354998704196,-60.35299688877463,-127.92550877751795,-21.57041981972309,-8.667539846983523,-54.58219962780524,-74.45769285246107,-59.86233857244556,-5.6358080835873166,-34.09329995372373,-61.12352166242339,12.07057547260096,-80.06155678338656,-71.46317307382293,-33.199971549065836,-70.80543719562468,-49.324730893822554,-147.76214136059696,-81.39198207469929,-3.5828872787699297,-75.51295921493161,-35.28211275047926,-27.004117236058864,-40.17130682468321,-13.73474106385169,-35.231250828944574,-48.88536496407053,-18.689726943391257,-56.94663472647505,-1.7016844724232312,-23.2248979855531,-36.437883148252624,-49.251287634675045,-38.81944885135968,-92.52226680283712,-132.19094653235928,-76.30018943346467,-63.52117222757386,-57.9285181966914,-38.49691095974696,-68.35618185197393,4.240120320500198,-40.96536395119146,-38.21219900914847,10.818403076130734,-111.3359271917267,-68.15188316561625,-53.51698491393595,-13.119152489654798,-15.238718489455794,-89.71655450504689,-58.77564733456575,-23.40585296985689,-39.99360008224344,-56.49579745369447,-59.13676186940364,-79.25753730623586,-56.930891369999266,-19.893051851338317,-77.98236400758938,-27.479085899915678
-33.595356892416135,-54.85581389346535,-31.708875347973603,-3.759298270490143,-66.24285815614162,-35.51575002133441,-50.83906849139015,-100.30312382682867,-81.09762346450857,-90.48472370250218,-19.79445913446724,-22.459459990429167,-70.37196441254157,-56.11160260891723,-58.62069649211068,-99.87435322539632,-22.524905669217762,-21.35901299237546,-100.57129034885402,-100.45614268401482,-90.41722267975743,-26.11534898988004,-37.97963059429216,-47.24289508298169,-21.13869033520258,-47.308777318608556,-5.050338341451356,-41.67945218149355,-17.630869497655773,-61.66818311513949,-61.59647414898661,-86.67408103752513,-54.720970617587675,-69.99124083406286,-17.973380657022197,-78.38300312779636,-91.65683498550476,-99.5485305787716,-16.037691239645543,-70.88932345782312,-46.46384301447016,-137.59985284893136,-46.633470721442116,13.123099372697277,-39.382862653851504,-78.0583318591597,-52.53264075997765,-5.714126499086716,-51.67678301123204,-52.559583158055965,-2.713366344429748,-77.91992451946061,-80.38572421900415,-26.327599409511432,-79.78659283675792,-19.868534310289093,-125.29714740496013,-73.46778664967864,12.458825170672089,-91.78876214952459,-26.029357333235232,-19.059043792020393,-44.51976393109935,-30.718471571631913,-63.610147670705395,-65.82395953352953,-13.407872618117542,-77.15920455809474,12.629565302382806,-18.033745268686417,-46.93930279696401,-59.96125272425429,-40.788146527160436,-87.53850193505609,-90.47898437485253,-72.0259621853563,-79.0621720177056,-63.578092243091966,-24.67947628603585,-61.12793138923357,10.20323013412552,-31.84367482305106,-51.002925347399554,-0.09496764144535005,-96.92014182417877,-64.87457098515728,-59.53642654466799,-23.997227067886307,3.6186761605698043,-71.9705989383791,-48.10571254209723,-14.519801934701542,-69.4067599729575,-73.96646769654272,-30.851798993706332,-92.62029386836639,-46.43160602246379,-4.588267357553991,-109.32325073812719,-35.777579326927835
-210.29459094666598,-162.4934954279508,24.46726558055694,-174.39831789548487,-107.20028476073969,-204.3758514704336,-318.101152971642,-181.95360950519148,-55.210119186971326,-234.8437403093378,-122.21118462675501,54.45813615175857,-214.29467280666293,-183.35301496259126,-98.47064901533585,-141.78330780592862,-110.26788792242176,1.6362959815902507,-81.50604438229242,-345.2527061609057,-380.68461835248394,-437.3130639679433,-253.28920883813888,-301.81415862265067,-167.283870060109,-154.51381831939926,-82.97123120052137,-95.37761294742863,-226.2913567831504,-570.4516164220778,-351.21173718187197,-180.14027646839443,-120.15156507558692,-219.99815628805956,-110.50961286650052,-221.7383566089756,-518.278938191262,-270.1165051350974,-106.10832288627964,-110.26494919561117,-199.79761393732207,-336.91547395513453,4.503475851431476,-102.88500242600315,-329.8054689021546,-182.866354082026,-87.84643529717432,-255.13828206740575,43.408351496190946,-267.4534257664216,17.647380196889827,-349.01858343451255,-69.60579096696328,-179.67520256335416,-229.87178559637343,-371.5805780664612,-451.3680614932721,-231.02877221461273,-166.45721282635287,-217.09795611732966,-107.46901532862391,-266.94766528303785,-248.74575483096285,-161.78130396696764,64.95550536317121,13.67392628428221,-90.95554916497802,118.2482717368419,-155.04666968378876,-94.06956618526567,-131.10704237774954,-210.7982228153355,-206.8240553733878,-284.6574623068845,-397.8769985850784,-238.83781754583987,-111.59489035449923,-307.64686374614075,-353.06194262461116,-330.0444503675542,14.990550253856183,-471.49812252120444,-43.47784489348531,-100.54614148816434,-524.2798759857061,-319.6843761571092,-246.72985778198245,-228.948065571168,-130.72691404972258,-240.1436446917348,-304.7023579068368,-267.5465160387579,87.54172653153536,-342.111867500184,-303.62932512998884,-125.6873633219836,-479.3955310948881,-179.53469846217115,-30.363789106696505,-64.0558187861464
-4.215633414742715,7.502861205153092,-0.035195081865219205,-13.484353260979022,11.622354703952595,-13.39680797278091,-1.054652337901218,22.78385862506948,17.90819880904819,11.843651825327782,-4.821621519983978,3.3932511292049488,-3.7607963262382222,1.3410976599779367,5.468366324341604,23.508077522865847,-1.6401177791390733,5.5302695581127725,21.17194675250412,17.867698574060817,14.565311672475167,-6.101945764826001,-6.583962499981388,-1.7154120564805393,-17.094790130926523,-2.9309009465343077,-4.31203784977372,-8.16969155271486,-13.673369177642638,2.110936937302513,4.330446337539005,26.467646264966632,7.8811317551154865,7.241197419635325,-6.950753821235709,15.381917368428285,4.912878111685263,18.523696617508147,4.243935576048222,-6.244907946275911,-3.664713288605272,36.88371418766224,16.427146571730013,-28.057137187096263,-5.728958384895027,4.7008377209253265,-0.7034891783799476,-5.839379459422332,6.811122792434551,-1.6536328143646866,-1.3943953549544423,8.587861368550497,15.2517229024284,-8.126724572947005,17.560309863817487,-15.326291173401692,23.139055399756828,10.399473266513322,-24.662945703930237,17.241435052475182,2.5475334504025127,-8.242720440242046,-3.0447552678279077,0.7508320895819535,16.367462339111402,16.02907670238114,-5.893805617009522,37.73299107039816,-12.421242683598452,-1.96262794827535,1.6218890215114166,0.5666287774282278,-4.6267189639589485,15.447827612367297,5.183679581789673,-0.7238995399680093,14.920360724028065,5.377048522849759,-13.029400002266991,1.216384084997607,-12.061762248503465,-6.404156772998214,2.486548975405116,-4.342585096775888,22.955770853095625,-3.258968542736662,5.490244798591778,-5.709788214076478,-20.49556090111037,12.537065425066524,-11.736493982924566,-19.970290615107846,12.966019613010737,15.93875753951737,-18.642705833464937,21.441460704140997,-12.189271352179174,-19.700893547410047,25.93749834087612,1.9881596748534833
3.2656990080910435,-16.800014981950646,-12.434674130893779,15.356419177269364,13.084379740224671,-7.113077824049652,8.36818197482641,5.64158599320155,12.716977008751321,28.079974747304014,8.719852468779928,-30.321426252360748,19.32668720267252,0.48463062620070263,-0.06628696721850413,-3.2633604894279244,-8.48522111137656,13.89032844887583,31.621482835954925,27.29163443325206,56.9959273979594,11.23046953047222,-3.0223572610693226,15.948731779068703,-16.035635277047856,12.328598551811234,-30.97452888121238,0.8139274745795317,-20.21433184217649,4.117182884487738,48.41849550759204,0.3475266827340756,9.78505195018788,9.06085658494015,-28.187691485719842,13.671539482078044,11.295145490218468,21.90125032194551,32.55845049419411,13.08230829077274,10.382160916870662,17.74112933797462,9.632135105767942,-39.83118580589946,0.41646527709342845,27.731630721791888,-13.751485650371736,13.335994391447688,31.22621185237053,-4.638930709496981,7.228141354549822,18.174606718100137,13.279472893535079,5.071099255581582,4.125032316015192,21.252470150004505,26.820276295901508,45.811802701897875,-36.53003925227019,9.92281777566973,-9.205799329229475,3.3797710477989718,-14.437337918289664,-1.0237612737446666,17.007217528285402,6.976869738457836,3.6100757537905466,25.800193898500968,0.25510633456232495,-10.963320552949225,6.511677564183551,14.411909641720444,0.3175912267656559,-2.75776743420041,3.346697318073644,21.220317096724617,8.632321937524893,43.96671938479221,10.110109033946715,24.491179482234056,-7.783208079981801,-5.3277252878753725,-17.80953344779184,12.284905498761143,31.50986503652254,-17.780126685438074,19.40071131505092,-24.404616906708814,-6.56702627580079,46.447380609397584,-24.463986411005926,-28.535484192883544,11.847418895849321,15.191900727424349,4.210219363757938,23.37331107713477,11.637843470421952,-33.06455328737532,21.761747750495974,8.462900214978134
-0.9165280709165212,-38.11620770528692,9.666620773302038,56.68222908514387,-17.322001698271375,7.366257094613232,-52.24937632270068,-81.40181162490785,-15.988827075405611,-46.16045206336852,37.0442130360338,15.744366098258098,-12.60617878943878,-27.970263626921366,-4.377988492598735,-115.68457230679196,-1.945378989568584,30.193869694163084,-47.62949131172232,-128.01702523093854,-59.851078501850765,5.139423657111415,-0.6733496913030985,-2.8679273004429633,21.438912522657578,-0.6924194248272962,21.083451855635605,28.172252463201314,8.82378383504813,-47.94908258626268,0.10687493175444013,-73.62617176336431,-10.42323497961157,-29.540560010436334,21.74301078005894,-111.30150680958079,-20.777969722955667,-111.88515872094686,28.706559836540084,11.546623446807377,5.9426924256097955,-95.91852592829983,-35.74693605230285,66.31882103701457,17.521879084625038,-36.38700951507144,-27.811897489669757,20.223785124138843,17.886899926268285,6.6955000249499825,49.07541558918633,13.567739821868033,-65.21012325903533,22.034115552671143,-32.09347524717831,38.5085112926349,-110.15627284769236,-8.18464364460298,44.74847559209883,-34.252034397745234,6.983179415764604,14.743007152722425,-23.650141319150162,-59.90690694699898,-13.149454166399936,-16.12069106631287,16.67611812834277,-37.629307667538626,49.60698297511362,21.5753624828401,-5.361175599408611,-12.58691534812636,0.10343095267903912,34.05749594210152,-32.21975555851727,-39.84488090960046,-42.35428798350772,4.785874086838202,32.17512594884275,-7.949102852825117,68.99565927837581,-9.976663894788654,-21.46071485768821,50.97841404176188,-82.96343371794927,-25.343009185783256,-53.94375791398722,-14.98439876337081,53.835582544945375,-3.8667938760203544,-13.548404965612752,49.42624163273384,-9.088324967523086,-50.52125011818243,32.33409151529954,-70.63222858020806,0.9358743793507288,36.56484168175433,-42.20030057492643,0.9995581156217498
32.790987372693166,142.98082715988298,76.54840533738073,267.4602145344928,45.00945857393826,133.85216717303294,-66.37279942375211,138.67858160665256,216.13849817368515,1.1621348123606463,148.6430486063137,151.77580161923007,68.9266944211367,17.296181916964766,227.3864069528135,344.2946883366911,-29.201965152761716,325.8098850681328,81.20730324701316,231.79833306284698,12.11744846904586,240.25736996115543,116.6224576063431,-122.94546280288569,24.91763394233287,-22.975803030753653,256.8053587983683,55.55500739601637,-13.21782156003984,86.96843539331545,156.9529814769698,264.45935013738773,151.72807231467436,88.31081601057564,208.46311786606375,46.14446157629484,-26.718369425866328,203.56689829240972,212.58186741348916,181.73911807176404,158.42067565468162,145.77378171833587,110.01763571407217,34.683112721121034,79.5870750792473,-4.3850674629148605,74.88067883215224,161.9741425592931,336.6591969064587,95.18831073720708,112.61875257420583,133.22348176224847,48.66751197219566,154.8690751523803,32.817790324000434,143.788374936827,-32.92931440841829,319.83167469117194,102.95554357869622,272.30306226315713,152.74665642689217,164.572283580869,47.91340522435573,124.51086438485218,128.9198788093841,113.00419883192794,66.9135400833388,289.44942781333486,51.465674639041104,163.57497291171964,79.32942817765134,278.912135713992,-3.124832005057428,92.4640076933862,-25.83705389042198,206.2546630586234,115.0308857026727,303.2074062940067,-60.05468145374665,-18.924422899428276,106.25639182969576,-22.19605896300963,169.2870473346544,189.8471898357809,491.5869426015537,-64.77052768880048,176.07704094281155,146.9270107192235,47.90384149943551,233.7939568140187,-152.07063225774343,-20.28580418988786,17.016682280706757,25.53409099422429,129.3375503319534,-40.88309255601044,149.932192864467,81.27454250198268,24.32214273274598,154.58799787976386
-10.372917796940627,11.932296569862853,-5.287425343690568,0.7161453556639457,14.010707567933759,-5.224949064685014,12.211444175917043,38.30009234258512,20.2138569350113,32.6341824957925,9.58860472441364,13.31046878580072,-31.611551865252295,-21.50537103278858,12.911441173166404,11.482992262811134,-22.59752962515973,11.14221839791511,35.245208200542514,51.02655788642419,24.29593251322007,-6.303882059596759,-3.206962068127952,7.294248479066152,-21.34669058051107,1.7694614991422664,-0.6855263995046758,-5.438054928578207,-28.86909973641962,30.647393127905072,36.75780268607752,3.319116034814035,15.292756746871245,20.373389244225173,-8.64558336740445,16.90542242619878,28.63501967270536,5.7412636260288465,11.147174405388089,-3.815586416036828,6.900193475722759,41.28636458080277,39.13584590603542,-38.088291739016235,-6.486161624879162,19.74304781683773,0.16072200409693302,-4.139308760736421,34.60680622682922,6.898523455850685,9.539714427324197,42.748041646315656,7.900431835662794,19.211988106219398,22.51759583173238,42.8534002833652,21.670827340143546,26.15824598261,-33.6663715891382,13.241297299510947,-5.4536236743534,1.375694924034188,7.581664765727901,-2.4706132561302625,21.67550731509633,23.10757719607604,7.2882218816218725,29.220361294705153,-10.139149005559236,-0.44155971607445704,11.249796786694972,25.20491041032283,6.0397452586353,30.550018413911474,20.98386740036814,29.86817228565547,29.5777120693195,26.52822921844801,10.655851868100752,33.807843497590795,-35.71724477213565,1.8187694181244902,30.497767662736347,14.037154583427135,-1.3259693566596351,-3.7691663939909357,11.498197777357651,7.761919567176459,-7.817766900438261,4.467072513668834,12.355168306518006,-21.141601037543765,7.1596434777743125,30.42437210443504,-12.16207057570949,28.70518009056219,8.276650443696267,-15.416931285501631,4.721627711936262,15.788843833318525
-110.25852140049828,-157.78544624946713,-199.64396866206067,105.6358576320533,-133.6073647042033,20.39361714489964,-524.9031704010979,-134.17789419025837,-300.42559383702695,-348.3711940816416,-225.57882626831733,-63.97354582556105,-319.67470913526137,-717.5777898863017,-112.22419838884556,-1154.2313457360003,-244.009287156523,-74.60309937092562,-219.46166351333227,-413.6608484368724,-170.49997590392786,-150.75801139833266,-238.51431638458635,89.45733680898954,-201.99669517862938,-472.7129818495943,-43.72196686214468,-194.99429684485682,-129.1384678046649,-130.82645621890478,56.5948925059669,-194.25591772272438,-36.20231755553565,-293.6992346266182,-138.33389006178353,-247.74551174656472,-88.11432963624691,-737.5105005231856,-374.44674829816023,-533.946800182667,-204.91538154728906,-604.3082100763511,-501.88295905986666,21.219013391704966,-112.93315369048202,-39.1481909059396,-143.43232751635855,201.87062197426434,33.060882169983586,-40.221017627744736,-128.31776664007725,-254.952496881246,-247.8549102702472,43.87260650304328,5.713099506440909,410.0826945022692,-197.48228973003924,-18.81675104599769,189.24619442373472,-420.5343655966497,-171.43415456236707,-6.318898820926457,-161.5601798761536,-258.0120639326363,-218.35169063292867,-339.6807543156235,24.51676675432995,-522.4976788624056,184.0568597757219,2.563369557879928,-77.77428888615178,-184.0635619517701,-197.6336545132924,-187.46837663739288,-203.62062150125809,-200.0567747478577,-97.9003186082633,-197.53499538138473,90.39125069420861,-19.534807353122204,-102.44118654778046,-135.82149129637062,-326.56489677660386,16.55449381459095,-627.8416260359946,-120.27835648682526,-217.37652947269484,-161.81601215193814,95.68032009823773,-653.3796426966327,-67.55639877877529,-127.62734977574524,-458.215828673768,-427.72858747703526,47.82872825323311,-564.7233033431702,-149.85062656539242,132.15385699165864,-323.74249401726286,-124.61539781983775
11.195325524286522,7.352327749377566,16.400035687868098,6.532295063970047,3.0825148158332674,7.122837115143308,-14.92887759683566,-4.753173064699726,4.453408560318918,-2.1090516351644246,20.19760443769673,10.360385488002489,-33.79997254344113,1.309925085051056,11.041426620594422,-2.670020583565229,6.061203691479909,5.33247558396547,-9.270075898351813,-19.941405029246912,-30.332908857196344,25.348355577676024,10.350059757566488,15.026550977648192,19.61134667412168,-1.0541866936867712,33.70199811271037,8.302947823513056,26.508154123045234,19.101493331142102,-10.686056331166654,6.683836801056496,10.963257690195773,1.116133465862169,24.25727403865939,-12.167120935012434,6.167794735800598,-20.539617211777518,-3.6051179083767337,12.80898436323818,-0.6747828816228454,3.0924769442022226,-28.6617404299272,52.25475185513726,12.70961945599168,-30.67946530945309,1.3465858255172491,9.222721594192766,-6.762432737348771,26.538202739245552,14.86264955944763,-17.46652197852814,-7.9657239495839205,-10.887411662194515,13.904976957492266,-12.954871220473516,-23.068391253872527,-19.509078822717004,36.65765028192966,-0.08651387958558002,14.415748512031321,-9.580224739246091,16.571257507826193,-29.65883623461455,1.977592218574196,0.15028423795999907,-2.8819012381731133,8.130809993139863,25.065988303796043,18.79460029733997,4.122286657878259,-4.836203009477078,18.07268901226487,46.257095818999474,7.955300581049331,-10.541062276141847,-7.2286679547895085,-6.251679558531725,7.326402211957716,-3.7128948428499267,29.381314381242152,18.857534019949465,10.224105985645318,7.31863124254985,-23.06720420825884,17.9255329210197,-8.786520226881665,30.224039489724536,23.14450663829915,-3.278585149446594,13.778785246360203,41.4210192686501,14.127739317632257,18.423222639003598,3.330169678781116,-8.488698864974495,-19.262593982520208,31.515808086346148,-8.769765321353264,-3.407113784288371
168.7031009955797,-63.45087975824764,-23.057379376652072,-130.94549813751553,34.14835205814614,-46.34377534170719,-200.32344363381867,152.68130399119224,-97.402369436802,188.42296381391503,172.85562162325118,-23.99665332079204,-56.15679613014886,-58.42226021503086,-32.21685118183962,-257.2488796690226,50.872322723388976,-126.75749495287091,-60.208326735754945,-180.4632616543181,111.0538880557922,209.97838083473448,-27.143882667569528,280.5873528500833,50.07346914463346,-33.02345973416652,77.51403307693107,-15.227756709711953,107.08700391058385,66.74704844696898,59.82645588156083,56.39507720313056,33.00301198340118,-153.14208419169594,86.80003125917719,438.907597971248,161.5697208534714,-124.94576782051898,-111.32032359232208,33.561820288434184,-174.21881319809512,-32.54942024473957,-185.49320252500536,57.71756104297483,33.769397167093736,91.15409654872856,-97.71481258140163,6.5494922424499755,-155.59267629810563,58.267023513662345,18.887591944584653,-50.8292507099722,21.966900887584064,-0.5558370031153388,64.9699069807067,-141.68907801363906,-25.774492146210562,-99.11009918447009,-62.73333408839593,-102.92141183202214,-92.3260254817664,-67.37950796455925,37.47419450746533,-104.6723439179315,93.87658754863052,19.003352707150174,-87.14991856265937,-139.4345345548401,60.06459751405897,-95.98487035842008,-55.47397861600138,-185.71258509380885,172.22160155205322,165.51224221576436,-113.01880997303995,-81.85261273955216,38.92662205702025,-34.38196064887798,80.26814873513082,157.08700420469918,51.42014498338986,178.08754882060225,-223.93838353451972,-19.33655228166555,-262.6754352507763,106.70468983618994,-16.83436835261171,65.0256671374174,30.8572614593899,112.46668287116998,51.427767656463445,155.79892894184175,156.77106572576207,158.95824726803608,-11.731625627589288,-88.94404492201025,-78.85432676873417,-33.35375957121225,28.06816924878531,-82.32822370638365
11.594494524805755,59.35338223692792,15.090126813140689,-4.0133422855023015,60.9759595091619,30.432168572600162,82.27690787351652,87.6645865823944,50.7099598608051,80.7461764190207,-24.13737739916861,17.572578412266203,-2.023290969027248,4.91545007507868,3.402431227960783,59.79532869374182,4.791718795303393,25.44697157555015,112.37031675954391,66.15013198071587,95.13318777424013,-17.143669941732444,3.2719200675713958,25.374666078503985,-12.30034200133968,33.322457516477336,-23.130520970602586,34.70350090379462,-20.991310786692953,44.51826375181733,74.87391819103817,75.46216974536125,45.59927763937687,46.04011194180924,-35.96925702192117,33.091192085170945,80.10220965414162,65.33989347477804,0.7157644083065755,15.60250340039695,47.56092632577839,140.93668732805008,76.54326282863887,-56.16531095928379,-7.792292957960754,83.35998087877074,18.492353705803264,-12.831277246762319,44.74908564991696,42.045559853955346,-14.668021049168937,55.93625150998124,66.49939003457222,-7.363126208265657,89.02982952645355,47.500798424244515,138.15534737246986,71.2939367530849,-49.78112282208822,61.38171369549401,21.961602205216153,-24.295229799033688,19.973334263151678,-19.206649252652806,55.68446253003584,37.989766421978494,-1.3657356301797956,143.01255383044318,-12.755779259199274,0.604788064234853,3.8844936311007934,8.770706860557862,16.05577653742114,53.018463171203344,116.89520768070935,28.56300277436166,61.43698962469421,59.518423878495916,25.185757557653602,75.17315844022478,-79.33571059152062,30.22798250428502,31.360502207728455,-11.865038062738082,90.31384657844833,33.158088564054246,30.994681332179965,-8.18319592824599,-19.26498977620593,12.043060678175713,34.680780298854295,-49.28044164732853,55.11649573777167,75.88180813256245,-21.489529077132733,94.77815722199276,-6.404670623578705,-21.43318494078008,102.92859634447242,20.04130964279897
1142.6111195785916,587.4658250096708,491.6180747650565,494.68469324697037,720.6868521337557,738.6893896866964,710.1751064649428,1041.6977644392198,420.1475177657244,1001.6565436227614,618.026379646428,683.9153325343916,825.6313054645416,1283.6162842248998,345.6379104711144,1147.4990502816556,909.8394807086946,243.20378165245143,679.6494964749351,441.8387522374708,1483.0295910140333,884.0469341637078,501.33881874886526,1222.5699723075277,429.28131538703116,704.6040200666281,471.03122658000916,417.7184879078688,488.72209485370075,628.9228984768342,700.0913919234088,950.0356333907013,542.5207756662082,600.1334142512438,357.87953000697274,1317.5106815945417,1166.16051540684,852.853444717448,162.06371650296134,707.6196355013742,300.0042915429351,820.823372432691,231.52883300449645,407.2661852881699,713.5269617632536,1317.5212627653104,574.9499253523168,903.8476371610416,23.837838672921468,586.790795718358,94.93461885470217,740.7005074157166,976.8633881634103,536.3253740526187,722.3718055460985,211.61196757891213,1501.5150881005238,758.6925733377516,100.81976642331925,721.3794316466356,399.1432809058165,629.7197159067641,832.1194611071738,811.8863448403547,353.04693948424773,402.75374397538303,25.855250591882687,1067.3107345264757,533.4506121796258,214.95812293636996,290.92624132696966,370.67321696752896,1042.243859052832,502.5374792447187,586.1125637871934,808.4122652515917,749.4638339771957,454.5180914865845,998.1612953867475,994.7826451062342,422.1144238618799,805.7735778843906,269.23908495761634,471.76121456471196,1482.7261364912138,1002.4038093574052,765.8588123756358,290.1758097417092,357.0047136862543,618.033323389252,497.7246681019946,459.75125973938714,624.4206382787147,876.1240193623282,591.9609812014886,694.2695423019763,987.0850919942692,235.00927243859988,878.2170532852929,82.11323322253153
42.115124202484054,-17.43534194638656,5.405618586242337,41.93556780529069,-15.907296019336659,-4.456629908452538,-76.00704352752102,-36.706270114972234,-22.293693209515517,-69.4137418504781,52.96310425093958,-3.4387349435731536,-55.08132694411377,4.867617721327549,-30.384838743303874,20.778013623604203,24.041037578229027,20.60285773447364,-77.91599640612358,-24.54811721442831,-55.78099994536868,34.425200196827035,43.888534483781626,18.429159276178254,34.213884786451935,-40.13855680564878,39.639297527270166,20.50771180185218,72.53798943095101,9.059716109837954,-24.251643092998087,-31.50759523917521,12.172431607131593,-38.44821127254896,88.51178260450322,-35.80718079169139,-9.68513323539301,-9.606239246026913,-0.5323004874355775,22.219726155982332,-11.001994635433642,-15.104449136986839,-23.8291893633891,108.50007804162749,24.263569707010852,-106.2008356040562,-51.84353070364283,15.73225991159092,-48.277091984223425,20.44535970615516,70.44166653080657,70.94421460926448,-57.255196181037725,-20.80143415077413,-10.696699687989932,-61.15275218566036,-117.90532407309331,-77.34117912411664,81.66464496218912,-22.808800691865486,-7.20601418331557,-25.656732439274705,3.016204862034284,9.452078185315173,-12.27665994275259,-38.94359153282018,-13.096833966716197,-54.542625963624225,60.993626616095206,13.648472927615495,2.408960384062289,2.1228779058752543,-6.307392280949181,77.35205388144902,-30.7013690239126,-36.844003905363955,-68.93915087151554,30.15210270017698,-18.144447186669424,-25.211274925419755,47.10043658935795,58.20507007313854,1.7256542749231767,60.81893468984135,-64.19321338638994,-5.366706300905396,-14.606263904268465,33.19747090850135,34.945158843609384,36.42460074916221,-2.568840276335111,129.00932706716776,-7.4250411403722945,2.25235242123707,-19.96631593657225,-77.84138095019357,0.9538431431918836,53.459339586715984,-49.67167458324527,-2.906936163287763
20.14424711158089,-48.06775255175207,-20.910181323999918,307.64963989060954,-135.7975816389787,165.4690135144314,49.34621605138773,-105.92268455100188,-160.66752733931634,-74.09797225206844,154.83045960505765,21.156134311244966,-34.59735628206465,91.41786464249746,-64.29699231818314,-52.38649570330005,33.875423717082825,46.96475409430837,-152.155487159185,-136.8434092472128,-68.150599032622,123.44602614619346,57.36982724035689,43.86507921744011,100.88915580908802,29.90702197378037,14.698066371097946,48.93085591321884,56.21734355842212,70.20896294596534,108.4452632623154,-238.66977045824135,-83.00716400919733,-53.74718384417912,81.45150151921334,-126.64936136904498,-6.424186648568139,-102.48683542973977,145.44844427537043,36.471036277538595,116.0756011166761,-182.7194949821106,-78.27572229754425,122.35009175937465,65.4945132809866,49.547445841904306,-21.50632322804599,187.44011439332283,-31.560444128676544,58.62012686228317,33.40104726449161,-27.328840024980803,-160.27554321961938,147.66605105962478,-103.11619509684238,170.19414685698683,-259.62631478995235,67.37896613505426,85.92737754718677,-95.26460080263614,26.920535026314344,228.16287283450387,55.00557796384702,109.72806793429015,-160.91262517216737,-143.32984994400806,78.89192732876887,-209.87387372436186,199.2115306317353,3.3111830054978832,-10.801441768174858,15.73082029324161,97.46325565506767,-159.6396009945088,-50.044865131476435,130.0767921300829,-151.38563726784204,51.87536614031188,221.76853711559576,108.35208654142048,41.00688901170288,169.68087638779295,-98.50132244390802,195.27413854265907,35.21365885177175,-1.086423731119638,41.493250318826156,-5.402884728885144,147.61830140208676,-46.02323404334016,33.63731113241756,120.57429319887316,-211.50621979046542,-42.490787152443566,131.51711737059136,-229.52058748637774,228.00711652253327,100.4762617037972,-297.48550429703346,-35.97146919145264
12.373010511394515,-5.127764045558786,-5.178484489918381,9.215312337349948,-17.253429116278486,33.27356214271997,15.986762190577917,-49.453223066713754,0.15621250896959113,-66.01533108064552,3.1208473166318362,-8.107862078380792,53.137869874828816,-9.660667225053972,37.88941471334993,-13.834701816011432,-3.608095008538842,-9.301742883360339,-20.513705776502743,-18.866911076901154,24.095649577402906,-16.06630811737123,9.584391879100362,-6.819772436787909,36.49850815855854,7.7610683071577595,-29.28654185383069,2.9113446449801175,19.005799671659453,2.5435890284450386,-17.974331690702343,-18.947576766596672,-5.696483498938244,-11.300396146084097,12.762717358114488,-68.53882105728361,-34.80453900218895,-51.903739010534316,-42.374136218396295,32.51388774696986,-9.16533334994145,-62.810780055387156,-54.98082243751353,65.40970762623881,9.83679331870786,-59.928867622096455,5.998575503101507,6.310882685539364,7.43420550595439,-5.839728969230081,4.205342186518573,27.859302151745656,-18.759425311523437,23.07998183063914,-26.070622965655012,10.92937814924985,-11.361053838130376,5.2595256929686585,71.31085361262733,-33.98145732505129,23.922382517666442,-3.6777948690032627,-22.2285964244992,10.965150759021627,-35.641176181478585,-36.08004213590747,17.905832720354212,-14.55226473733062,31.015121849516543,25.473768706508437,20.715180901688402,17.640296745857192,-19.72723588265103,5.964296551830337,5.333177849300955,-10.94103830671266,-6.479869683225893,-15.394655291524437,11.362550211450348,-41.84679671992968,47.55441231393987,-19.576136689186075,-2.533128645515011,-23.159176588020216,-59.70354345586606,-10.788614768449996,-31.016161796922763,0.09861058227065748,54.47008941999844,-21.00790129528554,-4.321514925419897,22.57601016287496,-18.06975080088518,-74.2449148391932,39.46907004245684,-14.002048085223088,45.49659168762842,34.62856770724184,-4.694652936607479,-7.097353458625249
-7.939659487159824,4.4535730932025945,-2.010895399876804,-8.616542780806322,-34.234194905472485,-2.8026493023122123,-35.06675568935816,-38.574671883088385,-10.573019341222754,-49.62193059975862,4.205478951476427,1.5883191986563254,-34.97460864157083,12.77387620838909,6.375488591549981,-0.06359062337273948,35.191446555253435,-8.611345992977542,-59.121467815438805,-31.06416432674298,-68.09129548453566,21.647916638538895,-19.743508845494638,-15.251037802756306,17.711189449165143,-39.331873095978494,17.743463446694452,-7.000045577146571,25.505651792971772,-2.98799370870091,-44.69352231555427,-2.5990009044753872,-21.107004010236928,-20.598533778953183,13.633822877293918,-28.811998065155898,-48.35244066821701,-55.298185381851084,-23.155032074104582,-29.27928876171833,-9.757199394014748,-40.36912254698799,-46.77431058582486,35.21206547636394,-20.639672275052828,-63.546183080318585,-3.4786247869307263,-3.7548137742354153,-45.18810688910827,14.170528880784653,-2.9144644070609242,-57.985160477494794,-32.49751690083014,-14.82789455111367,3.4530830264101424,-68.68630280885466,-51.03666693443964,-61.27620420638637,35.5756903616528,-27.21097484919625,10.259692668972628,16.697869337142734,7.830206762948694,-24.63407211899625,-16.115675572002967,-23.47252493052923,-4.720449629692345,-16.559308613113966,9.468017831116377,0.8720496983470163,-15.242510426021491,-33.73462958896256,5.039146292039214,21.35848159534509,-13.626920434289621,-41.50830221382886,-40.7719222760557,-38.73687895359447,-41.02840138829156,-37.505669739464224,42.45911712323534,-7.317767530875144,-41.169580919009206,-22.26253099292901,-20.306741740584574,4.607407865779984,-13.865412207190241,15.380920832407217,-4.5379556114071375,6.401880417479197,-23.36947625548131,21.814322609821907,-6.124463706075262,-12.470622031791631,-18.16535223292712,-51.134212322179046,-30.220498384768646,16.426890593893063,-39.95631404700264,-20.635010888320682
7.820579187499243,-1.4907382006689738,-9.29658942371093,-14.564128661336873,-3.082646544634954,12.634683423821114,-28.133414786607336,-43.429344956493864,9.024858844097936,-53.13615670069711,2.8396167634381024,-14.173968839763349,37.09157072741289,-28.103424866131114,45.48318195270767,2.4855914394484016,14.113494580144957,-5.763141148583042,25.29535488566386,-1.5366914242168173,-14.79342297855633,-15.138143035382289,14.561561443536482,-18.93455152805908,25.36708618441997,6.249125734510693,-28.331657148379282,3.572210986344923,21.510213283060594,-15.797950403678126,-38.639139212776485,3.5463866762141807,5.913805100642294,-5.938624616130707,3.896457502747065,-47.663059949008826,-64.78109687723487,-24.53489327971543,-51.977745984589504,25.07020570407172,-22.9285210435664,-49.28077200346601,-94.44716831278103,62.40540375058243,-2.23995826950816,-105.4954713478106,1.964006262722977,-25.419695290477176,-15.160248220931015,-13.596601510253825,0.5123627563730405,-58.23542221204848,-5.390214377050408,-24.996762351949418,-10.478773859888788,-77.22720051701754,-25.184763842390243,-49.23391986217417,44.33474348766012,-46.30071761900368,8.628437049048985,-50.26870759262472,-2.119196662432127,10.751906467885043,0.06644610713670145,-10.087455112857349,6.104345953338565,20.172721478427952,12.340243785467823,10.018188913174203,21.50010667196599,-12.620126060715139,-3.825833518792659,17.15136029383687,-10.487319843066427,-41.07260469265299,15.122047913907563,-31.06290944785793,-27.772732343468196,-56.24442091762386,28.937704994648108,-33.98104386026373,-12.149804623395534,-34.67427916884832,-69.69542181303797,-12.184574234169684,-12.573588334815787,16.46560665282802,28.760568483634994,-44.56632355786702,-2.9897779556267183,16.049009957394457,7.644274829902595,-50.090159035534526,27.86053547573441,8.515598448681548,-20.044212564432314,22.717788638302682,2.7690928636176806,-4.115225371353894
-43.58045809733423,46.955466724909684,-14.288440460157886,-58.11591682945454,-31.535278910347177,-1.5436096750038064,25.954380843512634,-42.44093015801597,14.234915938421116,-41.01597372756736,-64.32382342002634,72.89071677087793,15.524044244086078,-15.412033978221768,77.59734091011039,7.922422230752871,22.295422295453005,-37.794144865255966,-5.922984819095876,45.60986283973814,2.5767505275339557,-78.20009153702811,-74.6295614741966,-62.41088238217346,-5.082917426590016,-2.216200755088921,-44.91827882539015,-29.28244307958503,-33.44905952725796,-31.84029643157376,-71.02700563632109,3.11143901263444,-24.394040932096065,-24.37590525437676,-41.00910817649684,-29.178530125058522,-150.72125345943752,-91.67829304703706,-121.27804553373876,-49.681561897575186,-54.68036755735787,-91.22813631123005,8.936072017096356,-0.3101356686163024,-47.229227465939445,-81.39995816903897,8.91167949991726,-66.2540571327677,-21.920850842283826,-31.626369104053058,-13.693184853529125,-74.15760614331045,-4.484027634069954,-29.1148456614047,17.63985819880528,-59.98670160601057,55.8993237689501,-56.03146200648406,13.61343687174053,-59.79646523505888,1.3244042820854427,-29.85485380780793,-2.2644145969856875,-27.304935199766,-24.312020622251236,-9.338218312463626,-1.0125611603662676,38.260601528810604,-35.212933296641786,-1.5503463810832643,-16.218084509897682,-62.97760479818037,-68.62546989824483,-44.67465042339664,-10.453832330879012,-75.33291091605385,21.965705793036147,-92.43173591816884,-89.81244153570294,-67.84811628691212,-8.918895696732791,-64.7984231640911,-5.429020550110675,-69.68135814421608,-24.58469047023896,-18.893954848528207,-48.56288618165053,-0.1357046153873562,-18.94078391645388,-98.3666320722683,-47.89015005369958,-74.16883704753897,23.197361801481417,-89.10274915602193,-45.079375619214765,-23.133668970494046,-63.87641035640295,-1.3480183693877872,22.889700031842136,-11.35639109339835
-78.57079447484799,-19.815430323861552,-23.485102055379663,-126.4409439542912,-54.29711266849701,-43.17044012060636,7.151877583469005,-65.26243431593001,-39.988319114171965,-96.831548985333,-89.67797206980698,-10.85685021353788,-31.62833193399261,-82.49562974710443,-5.63587852191699,-25.65401559300087,-10.681915314455184,-50.934529222939126,0.502650111875244,-15.150102983838009,-25.350216538445803,-96.61562533387341,-76.62651601394869,-84.62849473079955,-38.48394639210355,-38.41947656267888,-56.12194483583177,-72.21606307711869,-38.551473114358224,-51.87649425515744,-101.90255423228592,25.957951336248012,-36.03760141677848,-45.302734329382574,-61.83864326056726,-70.30354003642924,-115.92117605966175,-60.34243774795425,-114.16099556599343,-81.2357917049804,-66.48636631329016,-20.948005213148782,-57.93093214693875,-34.918957821531926,-49.670107687294596,-86.65426132549972,-7.480547037786897,-87.10899213702321,-41.33643760414797,-51.27975892171382,-39.30525186869186,-73.26878843876524,-11.683190888809435,-63.29294527140883,-10.828151953874187,-70.48318228977143,10.53008757113865,-66.95809472471993,-9.739722225647474,-78.76882927478619,-28.539810572747363,-64.1527073613761,-42.2964487012876,-47.40107268531127,-23.713374390020967,-19.799235043285833,-16.36731548210946,23.024666651554284,-60.93065539367138,-14.247790141548572,-20.194362000396207,-61.37819477889443,-77.74210163391129,-55.88097813994776,-10.60466020360275,-99.34472236204098,-12.448228645059011,-74.49961046186887,-88.857799217401,-84.18993096887988,-57.562031735010386,-86.77350272701408,-6.531368408005181,-101.7532290316359,-49.82880823882338,-36.90700405793755,-45.71256231991482,-24.964122892103386,-46.57912794799378,-96.41314945375514,-47.553080304229454,-96.09808000288668,-51.245736708188595,-82.77025921828123,-48.660978956365064,0.3543963508696259,-75.23747961667854,-46.08286379503588,-5.582457160235949,-28.47960548415485
-122.01566981684054,-159.42390123160962,-61.14452147752583,-145.70646888345476,-180.19530741913044,-107.7946416841546,-56.57271873842565,-203.72156938308225,-231.5143039649346,-175.72389364819392,-99.38484954711888,-43.7517398890522,-148.3314926389572,-137.69768102235955,-127.1470290459042,-109.14075623696046,-87.99860347164436,-131.37350475634156,-89.17932379467807,-119.93716018132166,-82.32829707469115,-187.00751867314204,-114.78448949373295,-149.33341814809575,-85.7978473966257,-95.47702810652154,-151.31355720373082,-176.06986087056,-75.19769858548185,-111.08813690986689,-131.00830829084987,-144.42103682867182,-120.43632175650454,-136.2697042629764,-129.52305455538902,-126.46745790098596,-230.14858208353633,-116.2012826941967,-151.81527538421662,-154.39965431731454,-163.59225014587753,-371.6020904287611,-91.88890498546098,-38.94330168647281,-97.76056785434699,-137.06328442848726,-82.31462829987905,-124.94193924316578,-102.48358613599211,-129.8688491043014,-30.082313414047025,-117.49859835984576,-99.4777033162501,-66.94834909472657,-139.77886151216185,-119.67420298508229,-223.67732532644226,-177.1285471456768,-11.932177186206872,-211.31607815472066,-128.28861888953145,-66.02202840756827,-97.24216040886377,2.286658803498883,-107.36389667925201,-90.62731713733204,-26.7051798979862,-169.43890148150965,-77.40462524170484,-71.81537035407281,-87.10619571781456,-80.60959411970764,-177.66920845175892,-369.00212074691484,-204.79518572805748,-165.98788743257163,-106.51741661786001,-148.3402628147186,-76.87707099780265,-137.2952874344353,-153.9631491944724,-76.46022061791894,-122.8645098526934,-72.19238065589067,-198.16767030475782,-123.92997431932366,-138.39460306237444,-77.8589871882423,-31.99573777873908,-177.1599953409448,-136.25355622552533,-108.74856900905482,-134.23967261452154,-127.064719010301,-117.708859301346,-115.4852038722015,-79.32749157506781,-79.18266769093354,-109.1192151445803,-64.54193074384189
-49.9931108323258,-69.7344782991312,-47.832408116704144,-6.832807312318642,-92.7778322786056,-44.237402790278594,27.895141853840638,-85.86370794881702,-91.30439064064934,-82.27185582588403,14.393889287204251,-12.282833270153713,-65.99712538799224,-69.89133464557764,-83.23678179647638,-104.45035516228927,-15.174517280343686,-37.5512901431693,-81.29081524617163,-21.369805544057524,-52.034274235496135,-30.233248066012997,-40.29593113356062,-31.895465045561473,-24.854357080399332,-18.011154235109224,-26.752626802346903,-56.498040331829145,-32.82467306212422,-53.24191348836673,-22.103387767272757,-102.4866454608971,-63.097297989999745,-71.89333593885641,-16.160667449562297,-73.60521689603215,-104.81381805217346,-52.844315259697375,45.10512294949681,-59.82114509908904,-36.03344709325908,-63.59245575493318,-24.01815149475212,-0.7746805655556934,-29.81863325999178,-77.77074013349853,-80.3690757222964,4.82960709363449,-44.51962951489892,-54.46051493125001,3.4693638727952214,-49.304885254781034,-95.42527633463727,8.460059282247906,-78.38967661837508,0.09396427020056326,-102.48129141061274,-50.602277586521225,16.341188491151645,-113.58512345877298,-35.9838363758592,-3.3538220516089545,-62.741670572749165,-11.77517783448117,-63.60841200068619,-67.58169217803903,-13.808336647655672,-80.17254713292857,21.75108799823467,-24.688635814465723,-36.90129922347106,-64.98947574904776,-58.89091440937677,-100.37397762470012,-100.90035717025062,-78.9338957949166,-82.51973375034326,-36.72295033514512,-27.767498604147587,-65.81426064466817,-12.177087836114044,-14.70633356654986,-45.66983324155159,27.065997919929462,-81.45771336544009,-86.12304870655095,-60.645176206380896,-8.797048221827948,-3.1315608270104094,-89.15940913074449,-49.839101906555534,-40.0085908054185,-37.96445205356046,-56.93487304767874,-40.25841809831425,-72.6675733557555,-6.737991217173362,-13.368591987368019,-121.77399533940766,-36.56415622992129
-61.26818057124517,-101.24703397288243,-40.95411995329985,-6.179883928973943,-70.01869690743642,-33.30347849018003,-47.29493166164488,-97.97218362299056,-139.02719890364193,-28.149904854408053,-10.520914405888046,-58.972168328775105,-162.87625792238163,-53.56950222696048,-130.34116107381888,-136.04309283256083,-68.15858607495383,-32.26564511365123,-84.24657738397671,-154.62989821566347,-67.348705188789,-75.1227855849293,-36.49331479261746,-74.56684529418222,-29.20410745844082,-45.52629768569831,-5.079656170080093,-69.32873873926009,-34.39936966478784,-47.469450317782155,-12.85218933142919,-99.57243792438098,-74.42415556623511,-50.97818336420189,-69.1043389322792,-124.88290025373784,-62.742499021777746,-62.21348688592056,9.085154507561906,-69.54560590348889,-47.81179490144616,-97.86154687875099,-22.82128407917457,-21.573090877236826,-58.827598752385256,-27.483309388194332,-52.967769228533406,9.658271356614096,-42.17553440977313,-50.44757774351651,-13.568230243505962,-96.4055072194984,-74.75066496964601,19.332534481840785,-84.43242218037314,27.048215790710046,-132.40548984118735,-90.7744851680138,0.8654717461686126,-108.5449970059849,-39.11967886150509,-3.6436823056964163,-43.40299749863772,-31.626651462899897,-49.84708131489106,-62.741515723327,-14.833227486775327,-94.23439868000492,0.5732046516392448,-17.369851515731046,-48.89979914688391,-72.63275729705045,-58.04469725386679,-131.86265373546308,-80.74864655413475,-6.683229724136169,-87.01732177074148,-65.8456091205073,15.323391490432803,-44.227384431289146,-85.05478422671662,37.16815367522761,-71.41634518080959,42.97622111489967,-94.54461695223671,-68.47415582761344,-79.86593847024156,-54.68616260821427,-1.9711493347882991,-177.1264982979615,-50.73533514881357,-30.871182742075412,-81.79408674192499,-29.824501119286175,-72.01962031902602,-79.74511689185513,-51.3529447957646,-30.91030380055539,-109.12551561347813,-24.53538019912719
-60.85567271988239,-128.03328967421797,-78.0626231983422,-203.72296035587277,-48.448669336875675,-97.7252464283671,-90.75715902511767,-21.962012539110106,-17.573626183900867,-53.47240053156081,-58.31015754645402,-144.1611304402525,-54.339778675558044,0.24978227748493,15.280565643167,68.57054850779095,-73.90134948387112,-129.86725654056363,17.065290206929753,23.45127403045671,30.50239394855913,-157.79850253610547,-63.75992513379684,-15.325953377870272,-138.32616977730115,-28.92377241822824,-207.01562267655288,-59.74033638753037,-46.71658246576282,-29.68112491829785,-148.95831578698323,78.63003047811222,-51.71716705178932,-23.470376376753325,-136.11428781335908,-41.66153213425507,-24.78733363889406,9.984169138704097,-130.59164982481093,-48.579502663689276,-93.78311765870987,13.513207682839278,-93.00108969228441,-138.4325680179192,-88.28750670316613,-181.5800542987937,-82.35840930424943,-112.69358074515428,-138.9609191228112,-69.00506970702911,-67.48856272770257,-16.10545875585295,12.50995460908255,-71.51288418708462,12.096172391387727,-193.41760118940772,11.216300614249132,-114.34986306729166,-127.30940333937242,3.0544403586143436,-56.24731933436133,-134.63619742000017,-86.74156570173022,-131.96268015768527,-19.165494257646625,-64.26201183762593,-71.3185534761942,18.4932424199957,-68.72004997453067,-101.49558347388025,-17.79042767316822,-37.8928557377941,-50.82570036204154,-53.053573257373,56.48385403283969,-89.41067546080808,-41.78869114818661,-127.25891313240014,-171.4594008575266,-83.51948711401894,-145.63081467539038,-120.77815177888577,-91.95498696935366,-149.39322260806054,-5.050707852747954,-9.120977907697714,60.01682227923669,-53.08190202580692,-155.79420341918532,27.50754686353493,-95.37540325963735,-120.14991071577855,-5.358504694197774,-48.06698669459601,-110.95635401777345,53.838010111715,-109.49730793085743,-155.39528496398043,4.000607490494689,-63.96877960847884
306.4743425057613,421.8549815396606,52.823122101167954,349.53321831042996,280.1577036934858,293.69434881194854,218.6072854679976,505.7611256288446,423.2294895143152,526.2050002531818,284.0686710814882,301.2333140647434,398.15172106034083,412.58400609566917,178.21971239572883,520.8033019613878,226.88113794395093,235.9601271414661,179.23999302883115,462.9098026758696,539.9839141204551,274.08881212682184,299.15738299664537,383.9596811774269,192.427631278615,362.994979792176,295.05369252030385,365.4739097128547,196.41979032724615,306.9460102791955,373.1015403944104,243.78219104652402,179.6326864614479,397.72889764240006,386.5501765157001,370.15983513803684,377.41541207196764,439.61915836866706,368.7978857679458,493.7130592054135,282.70465323845264,624.7769392665568,413.8026731822015,97.76785149685517,152.25039507885515,436.28666774733307,74.79782754143292,393.9358130543694,158.54386208675055,354.6146252600564,123.10986450248876,163.3526953389543,299.99827429271915,288.27696298333933,367.1728200464452,210.77612076146195,551.187357096665,376.5410647500714,20.76313727638865,489.57329965221123,272.60266209281474,327.43277736613817,204.89121167251184,404.14638429435206,245.7453733224663,212.8510900576387,11.488283610005203,252.69598076296234,340.13054008670207,52.57389109865153,205.70463326965634,144.4132996127669,385.6476964687265,369.6552772895054,213.87133549620904,364.71319440889556,269.17820635587736,383.9582490298112,246.8521224436614,339.7989476564997,236.7048343479338,296.5199177552767,215.2390645856606,300.9327296652156,497.48165593065755,192.8266500416261,356.0957288267342,243.678368761244,71.793913333625,204.09758545426095,261.39948922698954,327.6937949097314,432.95307343553975,400.1725017283043,74.5550640869109,335.93939104206777,289.80520268916933,161.84513678156335,346.4284152579905,92.68318240226183
38.04158509389567,28.363391384000252,22.661900895243843,96.05175073298051,52.60719663403474,12.330098284578376,8.289674935544843,65.9534854684736,70.6794461878211,107.62413518205103,109.46383133617901,29.800393417117697,30.660849868421334,77.50210910854315,25.335519745283612,56.82285314876342,17.983603509417684,53.08639168365937,18.038683930123675,97.4797477537595,27.75156805749179,65.29694145231856,72.31324446533324,65.41805135239937,5.797372687979204,36.352844602247075,77.04879364853338,31.471808811693545,22.840633403598062,72.76108001810306,96.4231459231564,9.764667990703867,34.77845622793843,65.92361145133275,74.00157475504466,84.44246642386177,53.45170516651309,81.66050028303047,130.8914894272272,70.2749204445184,45.31584433975775,106.2834880213365,77.65630543012318,13.211816171427278,51.010462336325745,62.1637027304555,-0.4313502589733351,95.08278574555253,40.03919278803738,62.17385518426281,58.21058466807919,46.136529283120396,21.99309408234332,68.19285357803825,40.119606241635594,41.77502355396793,10.40091725755269,56.17956337946162,1.4723774712670676,93.58052031716093,28.466478272337266,61.263856162095614,15.114619987246058,57.044621262162714,42.04863543355983,39.312873568127806,10.900733020596574,34.2050265309206,75.00848020034425,18.860491822650538,34.3306528379266,51.89257467205716,56.072472691129526,87.02490071205752,14.444698702887923,70.55766859734298,22.941981728095374,72.44620646376598,58.109873384342876,34.18341934089964,57.70303745621388,56.90762894427844,23.38884690073176,91.78956927437137,65.30260230960324,13.86505463911959,60.39957496504496,63.30737876898954,14.526966428497824,111.29965876067672,15.030534767450437,77.96027234065933,57.02438836660698,99.23727214873756,19.44537892819909,33.28724129929466,47.862098074388534,20.211713744385328,7.813012764434268,34.75772433117808
65.23133402642667,37.831560173753104,16.579793595438563,130.91473561881313,166.10715384982097,114.61909139145847,-12.251790793502197,92.45955326507541,101.34504109230978,159.3871599078316,67.20839074366408,-28.36118538319114,53.24916288304996,98.72551491134183,137.79651788047212,-7.9323672631727415,12.162183037685327,80.32616027290474,83.24084873604508,6.316808694159581,85.92267951358191,78.5939269610719,136.97334800866588,106.23747761063842,55.9704291184766,89.05968330135431,6.600316646786211,152.89477233330305,68.22358947095931,105.30687847741598,106.96966129777078,69.21233554895076,67.42262451905317,107.1643457462554,40.60361331955962,32.303203209187565,199.62609154215,64.42956600533503,81.3330696525094,116.87349564644121,81.35945830791385,72.0318026128187,2.552839392453104,15.11181402807616,90.1790312888054,138.37667892591472,72.23178882886126,102.04253818358502,75.05576777037005,84.88333602531141,25.87578816981983,70.19577074670313,75.85706088420814,104.79648676713605,77.69601969494666,193.6825839510055,88.24322299216252,129.37573868951057,-12.914272571911937,98.8512497767458,86.10398095362666,65.92614503003358,23.97586364770821,-55.443859112087324,58.64540470502535,56.921867851801885,51.56284428097595,67.73354556414233,67.11180246171388,38.84082202944525,93.88378069017664,72.53744673100218,117.77742764564987,133.52240508464843,149.87776744411642,117.28312189677008,82.77179818129672,119.9165707815663,126.40288231552002,145.97793044935014,34.318845141014805,66.88223494047448,19.932427142226917,86.30514683734627,157.44049496060663,73.82992457998739,71.68943344701168,7.298911665170475,65.70235690793461,86.66804812695902,136.9555385551698,111.2453530289962,25.39175770105871,90.56944758269678,89.7668413184459,70.74275008067222,108.04061433803007,54.36692161367585,51.6553637564857,37.207074754143264
176.4141433642243,264.49513882275824,84.96383722455984,109.44327570497987,286.2236568682455,142.07868412781235,151.1846249211226,268.4719216389874,333.2167397408455,330.4091641374353,83.33900149666547,166.5010906875129,326.33589145038667,236.5660950968282,214.36553220588118,248.52477821807673,144.60029047552652,167.0815276104331,185.95594610983227,324.7883590872679,250.29933369772831,145.33989594965936,117.11238168048814,170.71273470444766,31.580763541055735,181.09336547848633,177.70027882212412,240.00555735111985,45.29986244061048,148.33761106797894,135.77294905186275,292.9223823294061,193.81890705674937,200.6141879776206,99.71636849452256,333.37190978520454,229.84606151401442,204.61404185706337,123.01113117238778,184.61347465643414,110.69445141826479,412.67076391395443,250.39242392707243,-10.533413888435698,129.29856839669193,291.9554926846814,115.36608637625847,127.42751184796266,100.19660667910706,118.88239257811016,34.54630033991938,217.2279216170335,217.52961187722067,73.86643281972798,254.3204945501542,104.48991780375816,436.14986650986833,273.38974937345307,-49.018531184071456,300.12263322045527,105.07093921824895,74.19640406456388,125.86694111425642,161.75421851855648,150.9679917913998,120.0621924081345,22.270325566162878,308.59203129769065,35.594408414392795,77.55230534106593,110.92931669540255,118.0453451840927,164.6013115024667,415.39123753276186,316.2104732786683,104.02286130552378,201.7067176861476,181.34460868879515,76.00329816259615,126.83151678333275,112.98405157835954,56.465736463519804,235.46916174484397,39.616237818133676,541.4105464950017,143.5363573411948,184.91089394748084,70.75447998084587,-1.7870411824547574,361.6914921951855,126.12930440735336,87.84478453246673,181.1970791150618,145.65056280695237,140.21292087999112,220.38577106851145,146.40448989594924,24.09840367254248,274.0953980455081,105.59888312586794
121.30546659669523,124.17071728200551,75.960381585628,209.40033347880376,214.3693247359923,119.05659423744837,136.5721576093954,173.21970259331187,166.71048281370352,302.5524404406092,152.79370372278558,108.53702440465638,159.15627029857367,221.52885303668964,54.66785284942615,1.1346177993007323,45.3804635328654,139.38570520414237,120.87530513603502,170.6787025699658,187.95968821585805,180.92049205799083,170.9883081470741,183.94182552164824,105.88055113454338,132.9126535693294,190.51232825966815,174.18533491591668,90.73373043498866,176.32534678456906,234.48618208172263,113.37832413238327,167.17985351638552,172.1932425770916,73.63361881995904,134.0567872411033,245.56655970188606,177.62638964003028,259.89637744076674,139.9440179602259,192.16967721611428,286.4888401545415,242.07748673496718,59.89835229625539,190.70238833939956,317.9331322013966,98.95947899185923,248.80823158161147,179.41498274610944,162.36780293544385,100.30758266682541,181.10815914812244,118.00519598528513,201.24304694511105,152.4089997804659,387.71628210574727,270.58589541212774,263.6593663593153,85.5703220368396,184.8785688597787,127.01132360811093,203.16866402312246,83.10024809050155,127.91517475602778,114.25815033524903,115.5983487724913,76.79942560117166,58.71143982719998,125.89731864307619,107.46406817678927,119.37984380528471,130.64745297353895,137.2362199593989,203.08697069356302,174.4373821047952,187.91968188481962,135.73198960894612,253.47906451872802,209.98938914092324,191.52871549458956,158.171125494161,162.6205733383997,140.37044317211283,226.50628299820102,237.16676964907103,124.70972428192603,171.53097378345,68.42841525694881,82.69633230439631,201.56278175716858,176.38769395350448,127.10215904867567,30.46766697342679,184.397053750993,170.97242199527213,102.75427939112882,246.98109721519486,122.78629180566506,129.4595911265328,115.32186511906156
137.81178688260795,100.64992646702659,105.27283801091308,188.0310064917609,184.11566567161307,144.82444552298583,20.07697183540712,138.89477467777982,101.16490309504559,246.67158052709914,179.86083036166335,55.583847451780706,179.5016468510626,89.6068361804822,139.27902029065703,107.10101368774409,105.19651390967942,123.97105995048669,73.06932830325417,95.35103357700697,140.0585127529702,203.79552405750167,190.67048756705285,161.90239271415427,84.51699112120681,114.64039840240027,185.76741336527633,168.6231132225877,99.6060701753618,74.72602976386861,219.60107985075248,62.82802777238752,127.40999921772863,111.11188577697168,161.7084624384192,221.77706099111688,199.54969718134132,132.08074265952183,230.69557045569,184.28362617470256,119.29506867333951,139.70978699094053,64.52751732005243,98.83545839786032,178.0353923902111,214.94581014954016,63.26994325076111,179.90432170461253,126.2032437335068,119.51803569371279,77.7718134893687,190.4802394301327,86.26370749682813,144.15877050573025,80.29415143860687,246.77812676682186,114.9491710248936,247.81948251495956,113.20687359341694,113.7808369780587,56.18609904141355,96.19381618446386,116.98521009722079,166.50516444860924,67.53883455001211,82.35531821916112,61.922194402838656,66.86852444446603,112.13769112682337,88.62905422198021,93.51252940162553,186.49324074415966,139.62045603724246,268.93636363097465,136.78416352578793,196.24240914581958,69.59246582230767,173.58829907249617,221.2186151054361,151.59019411445823,94.55890762072111,139.62764788532772,226.049773507741,157.5438658670675,232.4639128694914,108.93438414480124,102.07918286023285,87.6430142618104,133.70781191921594,265.304390504406,137.04230673528272,197.55238753140665,84.14767872454408,144.31794943704284,254.35861170238474,100.60687422712633,260.1067548696744,140.62301362918762,68.48134387017183,99.35680082361668
48.5524411341604,67.83083616076236,41.22551357852267,-27.708842841991654,53.07344655675213,54.84604540487638,113.51452905988269,89.72754522843134,48.73222969898039,94.26219532290416,-11.023725467210973,27.850653915817716,95.37787265010296,51.05314606690008,29.215593356742463,59.41534167503653,26.398818352637186,6.748157128717123,97.58005561347281,109.47502001497885,117.56454801367465,-18.071482579292145,30.598498264656065,59.33077529351967,16.674166594749067,71.6191678769019,1.6941870744934573,62.291350611851136,39.30381507587633,44.052171800027466,27.596565448079726,99.46259771758892,31.414779203394883,67.85684482267516,-1.3491223910202808,76.11217556632552,104.02299314639986,115.39625675328709,-32.78906507190455,64.13348794990242,40.17243952977895,116.02086066968984,44.58010971281607,-28.39971592685361,27.050627738507213,105.01450351323531,59.2781212985531,-4.193518218405959,28.782424186730918,37.49917293759063,-14.657602649073542,86.87736473697333,83.31806794152833,47.36869754057877,69.66946558312321,66.70536372970152,161.2754921333163,83.73968704655422,-9.201658228313894,119.70884341589726,26.8517343086602,20.1120476784649,29.87828562915422,13.195940197811483,55.264279274639996,35.57276563379545,3.861451042853248,90.44831829948643,-17.477536852869836,10.419026718175179,25.29450134989422,43.22695759291285,48.28049770637449,33.46684241613692,157.87715337897245,92.17803461614452,73.90107869456345,36.022063124707586,36.510901541878404,63.733933843564834,-24.415415882454557,21.316959855641365,54.49400210998905,-26.58228414680474,91.08362241585918,68.96050137942044,71.41558423976952,19.344157646876713,-3.2089194978020386,41.40242233004151,52.451671700134355,8.02483970322037,66.16495091405147,47.12553702543541,45.934329949263784,96.03707190400647,34.89916757812203,10.964632975556457,110.30429954455734,25.786904099020692
10.42621303730218,36.86073839508284,9.235386338228096,-22.170947013146026,25.612010952871252,5.069727700552261,27.35165038238406,49.28057998985025,21.55697457120438,36.04613627050396,-15.258222303886559,17.971771901368754,38.39019178697488,17.666635886841533,14.236589201020617,54.47506415031895,10.09756860553175,0.2685289353124716,44.542315018986955,48.47822919668467,54.43026703545742,-7.875433423549966,-6.728785256393406,14.482364450914538,-11.810686653302064,23.076289963741992,-1.484858784999002,11.92992186699692,-5.466136514892555,14.537226452037684,6.061842231037204,46.23261899263206,18.112344566437574,22.437805290286338,-6.68978515728544,40.309666280449704,22.77968324568321,31.048524036405137,-14.258572833400557,6.300349042048301,10.144553721429807,47.47811715978828,22.433142783648325,-30.203911158858052,-2.829216866716387,44.13527555789438,11.935156510190172,-7.930822464816565,6.666255645832116,5.51602440510987,-15.930853287934665,20.117599721574827,41.49417257180348,-10.96591605833145,30.777382934671735,1.0704363244590203,66.46406271144943,32.37220379529467,-25.486532296693,41.47304580502789,0.7993940300306436,-12.412117963000131,14.909778164797357,20.711819257656934,22.988232992911648,21.74437995521207,-6.475531046766011,41.757095209280365,-18.006525945815834,-7.510538730885688,2.5062494272655162,19.013169619312027,10.676043108939094,25.720403670669356,35.73693719816965,25.685184972628424,33.15765674505901,16.179967537451684,-9.673677520537243,23.60513526748266,-14.435608009589133,0.48613055545353817,22.903051089491896,-24.63328249161756,69.67212329841382,26.047643582186534,40.660946621823555,-1.927807818296658,-20.236000595119865,25.1788112113863,5.176001478282803,-21.483036388032133,22.9529403987977,27.773731773729093,2.0510411768840884,41.885867108260186,5.575683588392078,-17.458229899251776,59.52119943834984,6.010041665523172
70.09320994103498,62.32238153041017,61.26239046343477,-36.720554450818355,62.15541082473761,63.89072539711958,185.56285164809728,167.86226170970158,-24.16849306212131,191.59360578048262,40.2102709593634,-6.19104349347069,67.89252244404209,75.33005486558253,14.836846284648683,182.87908238654688,64.94148315397128,-32.66979016691516,135.49427818268273,149.91853123779245,142.0104823818173,56.22435184499569,37.396940633123705,106.85887025277809,58.89266571797757,139.51038895263528,68.23507851787755,132.41064022021536,58.69778086813235,100.48547591166458,18.833019419497923,126.30850793229654,37.68557502175818,74.97410490463142,20.1291901617529,211.15774700252237,201.83552612740016,152.0095043855862,32.39381950522746,101.15325947170072,85.67927097257528,170.2213094001955,73.66528170640217,-64.1853846520466,4.830157174971909,189.00381003376393,44.847978891662265,-6.516699328140145,27.35118736401829,69.98687056396903,-0.5179531565503436,147.6558471259288,134.79351060184476,97.7349482334434,70.2380915490712,92.1955347857331,177.1670417549653,165.93491705483999,-65.51050618759231,272.82175641444724,39.627074066452415,9.327193413533028,90.62418331802213,28.260571536766403,93.04370379724476,103.42336618536206,0.22386051875138052,90.95016505366733,-20.664392027550186,-16.94969199793761,30.82856513705587,108.82759630812657,148.72836160486256,75.35121149797959,217.9695438515765,253.0541057994771,84.80335326712577,71.80297181981075,58.17674619566766,189.17531063244707,-87.85357539312228,98.16232355802869,118.92657634949991,-10.791501378934997,180.75540092735042,124.04255325707578,164.86921811683513,98.6219464416878,-0.00129815519145935,84.70272926108134,130.64974561889093,70.67181252199171,125.58866672620546,169.15667153639447,76.75269517005745,152.26010392153665,80.64249562614233,-21.164431902904248,71.20502807414093,54.39052313102004
11.627438564722897,1.8183127639156245,-7.466650074321571,-11.035659730967549,-31.879963962603966,-9.367373910937927,-24.912411678702863,-71.83801399664821,-38.473953602060675,-69.51334847468505,-13.336628233600722,-3.924291715141861,-47.88454106133007,-10.385671062657178,-3.7167151614305007,5.369555829628808,15.629827509541967,-6.095629753764965,-57.620864512019935,-8.597540373772818,-25.157882641078807,11.646199056386568,-8.853605248871338,-19.793932464133672,17.050778924662442,-3.6325505611833253,15.396233946369389,-11.951414353843935,27.32445015038147,13.851290179309903,-48.856512365322374,-14.476599135818574,-25.869405196695396,-31.79633114913861,34.07031932144225,-39.29990244826534,-19.29316189729389,-29.938218458808166,-49.917673147853925,12.497864158533933,-6.26287494584207,-34.62256612324448,-41.53951896425216,49.89841964063386,-9.396857611708914,-60.976965972251755,-15.615563248938942,-14.936672766690055,-41.35288816020242,-20.5499454575203,-0.2181059344136094,-6.14233903570432,-38.74310161137021,-25.586261215918338,-32.603970650022944,-61.55750889928956,-33.15251097412939,-82.997097240465,49.26428746764309,6.171353809304202,-1.0270862716993239,-15.976510513627316,-9.72810269987981,-22.36005989276662,-24.38040916456295,-24.087038725569165,-9.584687291412227,-46.49927833371474,19.465061598172127,7.859528423664454,-17.82781467686647,-20.328436381714408,0.46369758710461273,57.26233606739645,-23.257749180196694,-37.33009370425665,-50.86046455693301,-48.1554572949941,-18.15330005301946,-49.37982920886243,32.51345425340622,11.9977571025309,-37.24286749304701,-26.362521175793628,-11.839648684092452,-9.098158628793202,-22.807444139748775,16.901342245639935,7.970296951469858,-2.681673269843108,-10.767944998336398,26.019469671954663,-15.260818643816092,-25.775210784933417,-4.113647928522651,-35.02926255223349,-22.177732061362374,17.39502013981986,-58.8824178120437,-20.935782335683594
-16.266244592891898,24.406227448863604,-99.28975125536947,-117.61568589023618,-18.086765640018744,-16.134690803560098,146.6260945675148,186.4687603099234,-50.91184459839118,-8.432464810429629,-94.7561879082183,29.055850831942976,-4.2189658540324775,29.772795929315045,-55.645781382628726,157.172188149216,57.82613814368644,-67.32181040030439,9.631636601646203,-18.094100457945853,90.73436178273384,-75.26087122847427,-134.7020604784305,-25.886297674966507,-16.366030559249566,85.51127700009492,-64.24568990996053,36.42309790089035,-33.97905641657223,23.323012649479978,-107.71776537247503,7.387593550813388,-75.73930029221356,-46.049425497964506,-126.999611231528,62.24611585039724,-51.20759539338495,-107.66400097820954,-100.13001464326007,-80.71076673289926,21.421225228402974,5.946473011655204,56.87889032219068,-125.57016682602169,-140.36686265320128,20.273143177022718,-63.34188551396409,-131.27970135071294,-78.24824337143816,-19.729305105761913,-81.89725537561189,-135.11802737846125,36.438097823042185,-61.812050417270015,-49.715913144279554,-110.79631168126335,66.46958662101292,86.02652999196218,-127.29528120298485,188.07763700621817,-37.38100450069832,17.66308572051193,19.6459379957009,-12.495738931512584,21.527501715770615,-13.736152829100325,-29.15578437488299,20.122243712632645,-51.72383234334354,-129.4035114972675,-54.435099872041526,-17.498565152272885,29.58277835091851,-34.63992295266364,-21.09759863561736,55.2839000345025,1.8319568138708269,17.097075511985736,-139.56120132073005,78.05231818966871,-15.176551526170995,-27.98222302852709,-96.67274677769939,-113.66390328342648,117.86240797824128,-15.17797806847362,91.67006970750244,3.187892004318571,-79.9748107012683,8.128357130422874,11.721422316104665,-81.23289444396546,35.3052816973507,83.29810103710098,-42.55747134813435,-50.00096151035749,-19.586160772237356,-180.0674975267818,30.247303804261502,-42.62412658146162
-44.85626459332654,-15.046504558729481,-26.865861047783945,-52.76088000098659,-14.758539697681245,-47.73990712677723,-38.43412788635342,-15.443513057506285,-16.48913553429419,-11.104802720728932,-31.950774199424416,-23.177688437377693,-38.13566398239152,-20.058865998350207,-3.631281098127457,2.9627890040816003,-23.994778347849604,-27.484089236408245,-9.34476104663241,36.491174697765,-0.3673687485931883,-17.765262780881855,-40.19723247988845,-36.788118750292135,-48.52173634089039,-27.130435752709037,-33.25471481242066,-37.20713539035491,-47.430775903240225,23.5697814105218,-38.5989043883564,-0.3872597551884445,-12.305460908514785,-12.974415200496678,-43.42820223379702,22.468185649977897,-24.292103868140092,-25.67052203590632,-63.74662027442773,-57.64731112090251,-37.12873801366979,-7.313377116875568,-3.2963789975005984,-80.10149632116138,-44.84374873239079,-12.817185380709695,-10.174101667038578,-36.04556071065042,-34.599520529779454,-33.96934287084141,-28.24993055164255,-7.615155661563918,7.798606677201885,-45.500540447679846,11.268326407810662,-45.33379422099402,-9.71728030601767,-26.559192682236866,-62.64786845535766,-7.558039652798662,-33.5831647520399,-39.436440728447245,-24.270471181946633,2.2093096085129345,2.965411574390255,-5.337524026887348,-13.443246228416365,1.0408201372447574,-57.393666427319076,-30.76387408867207,-22.13676116622422,-27.605351283841014,-25.23564135927807,-13.166370994008611,-14.75684683002165,-24.190375768178438,-2.290822244884274,-27.367506535937892,-57.37194012030672,-20.56134473938822,-52.4056654485751,-30.803762534634355,-26.93677574137245,-55.28166799964702,7.512926818312347,-22.64456010449428,-23.76060237704067,-29.653371341338694,-63.353796314605624,0.5942299664129697,-47.10609862865563,-51.34389541529248,-37.4118093603408,-6.5475149609698216,-64.68575600602958,-3.3410710211033288,-28.040873044106046,-60.31821408990126,-26.41359189993401,-15.678749192291608
-220.9768238180747,-202.12723238561287,-16.127733599051403,10.512203335473313,-93.7541764536596,-77.0291953255973,-210.76808856117648,-70.79001523386853,47.72876474116466,46.16442556341745,-90.06147242456748,70.58071172121092,-625.4380117747941,-33.327564510286166,-7.665718643366377,263.6576541897648,43.0348588486645,51.50993539489893,-254.90890500887434,-305.4348208833309,-436.76938155867504,211.79210199582403,-153.82727244851003,-262.57753110628624,-130.29253421734896,-222.9614787787744,335.77877301970295,-145.44797187669707,-106.98237041382973,-238.9760899792156,-123.25894405114894,15.990823453677846,-92.46493187080802,-121.27161884377016,-21.389700638953922,-44.85432713140468,-76.84818649871994,-151.260159164398,-130.12088427618926,100.16520243158006,-55.29951411561045,-86.33875701635979,106.23465250807557,-31.087774735332495,-67.47154305273543,-145.38549992270967,-110.56997927869075,-146.01658021147037,-9.480050906052945,49.76861173386411,88.38564894665984,-171.56691200622114,-253.13084744978408,-77.02054161453918,2.244623911342134,-222.5331906082375,-229.00974867154744,-336.293212626907,-7.881269100148753,132.32254481937179,-22.144795883603233,25.710730640367906,-65.71111771346492,-243.73351426754795,29.45123896217718,71.80459551544705,-41.91832805767285,156.8066386753501,-101.58111288885071,7.225867577483846,-187.5008067898277,-219.93196566066507,-156.05811385085767,39.7126238548441,-267.9123075681779,-297.64652653470233,-209.03458606523432,-7.211075776356357,-249.97355238665745,-99.8087679346788,108.51717807075848,-84.35757808550821,-51.24823673672679,-15.389010628303875,-174.92688808152153,-194.52726419063072,-345.18842293874974,245.96422660722558,-93.57258953551508,225.42950397942704,-153.4156577540969,-57.453166588770024,201.3331647712422,163.11275216317983,-196.0710062550876,-249.94605529634669,-175.27094650048974,-33.60062758925637,-98.33757372860032,-71.11117985205435
-7.668973540084367,-25.943889577686825,-0.6206318452757497,17.795969683282774,-19.39229335028122,3.4310573109372333,-35.69572603442184,-41.91424675622502,-7.518292614544333,-28.362655895988837,17.12786274555971,-10.095533055432568,-7.07580651815509,-17.44919761680984,3.518310682661478,-40.588052310584786,0.7023407148962578,11.059065668408623,-38.90124052498869,-36.78518994902513,-50.19434751108014,2.3501633097666965,13.218400821130377,-14.81640978110226,13.965353271420396,-14.611392855747287,14.294537663789978,-3.53845952478207,8.511245085057688,-15.851593109259856,-5.823508169769297,-34.511993888133915,-8.509750596865388,-18.887236941771654,17.913941126492368,-29.593402389062483,-28.784874351078944,-46.009414843639526,8.747348069807117,5.927013335961001,-11.926030496907924,-58.37319982549512,-46.80678944014974,45.30956429235113,10.928859771953222,-41.48379153896092,-4.59294990479417,12.22227432183394,2.148415554194596,-5.022923138033957,16.2256996357439,-14.39809912826286,-28.58918879004568,4.498934124069452,-26.356101179580694,-3.022158185518238,-65.5980297240369,-22.451476072507013,34.25271028975259,-40.67150334778421,1.2219697702066277,0.8841297196269172,-9.136804579342725,-3.7977546414425563,-18.58785440476665,-21.188745231524102,7.802860886346549,-28.67876989496363,20.473210411704006,11.48423121124567,-0.21059758114500243,-14.208315167020528,-12.934078625136546,-3.463954959536563,-33.7056761532921,-22.930208375852096,-21.084325872689277,-13.779294780494752,4.790960597646988,-29.8905971300513,21.567375865751973,-5.724673927642543,-12.489629545916237,17.797467254479212,-54.99065749172374,-18.498231858042242,-29.960954743256043,2.3259444731814414,24.92044201172335,-14.485491076785506,-9.899515166026005,24.68721904375725,-21.815493491593518,-35.799302139701325,16.633952909436086,-32.01552697967594,6.730166612308873,24.505685508418914,-51.77932308173612,-2.41079161603412
-168.24874213980073,-241.12219500737498,-123.25076488174837,-111.60561304594525,-108.43731837113415,-149.6959251147937,-206.2521769005221,-183.40044988170482,-115.46252571505907,-98.41939961760089,-282.8039398527659,-71.51624268470665,-263.0955748526787,-288.42996617477985,-122.25916984864985,-402.17818928892837,-143.07136638757083,-40.86271029523298,-162.53182349260194,-201.70188696648583,-213.44414660151574,-96.68830588656805,-169.88825610508724,-164.70079545090417,-232.95922352410778,-235.2313664305671,-104.64206988202778,-220.17517272764266,-175.17836195604247,-233.79715118978885,-107.91997410558295,-195.95983006592905,-122.81989772870244,-125.58290667667046,-280.65983273716006,-165.65146634943247,-165.85697413084753,-176.47358373968174,-330.28007092036444,-291.75242546263644,-269.65991020244235,-273.24722826145376,-110.13309407593542,-217.52487861534865,-155.1991464151127,-62.897560185811095,-91.94895177287259,-154.123641407259,-106.74314186531777,-155.45096115358865,-144.5438934859892,-128.54126476265648,-139.59825790791754,-180.55610389473932,25.368502166583102,107.17888707685628,-177.83467526948382,-184.6053636766984,-109.08990431470043,-222.66227951173414,-158.32109758608647,-193.7843531891613,-193.2738632646931,-118.22843094256471,-145.44653616407138,-195.5075304395533,-26.20963757515732,-132.17176486803675,-160.01775302974423,-133.3550235427125,-200.47842612947807,-198.04443927638718,-215.05162576990284,-399.15750536318734,-31.940770682028397,-321.133337837248,-126.90489062473905,-83.6804483269798,-179.24837327989238,-78.51759208990984,-203.93652624711876,-199.4351639038463,-162.06871967686882,-185.55720736338318,-456.0821486276238,-246.55263663535578,-297.8903323924108,-96.54258272753944,-158.92899342682276,-223.43696724196315,-126.02387178723225,-211.55126898789197,-246.61061546172164,-243.8346575433315,-190.0355026877238,-228.27763033664482,-122.60462717989223,-99.5355811883699,-196.29683038165743,-97.63350557769547
-12.973611066801563,5.5321258757195295,-7.012560398749287,-22.513797517528854,1.2539510323578715,-16.42747091720407,10.037991742552924,21.72934410001419,0.2872421581482631,9.886420118140895,-14.335595430099907,-6.207207338576664,2.3014964422424384,-1.8222046451573575,-1.7888909665804662,21.270253893554134,-3.6646911849036017,-6.609853563946647,8.58502704853097,19.113671879269678,12.77431912084946,-7.2164531741108835,-18.487471788098244,-13.008908574659765,-24.73349467682851,-5.609743761099461,-8.659196259928304,-12.854632417233056,-23.195018575474723,0.904236308513002,-4.5843830194975,10.546104343212662,-2.1920217873598418,1.8138669694141623,-8.506944011009185,21.369927686863228,-2.6478297888203466,10.773142841302217,-10.361803690444319,-11.541322788187838,1.1611307395894768,11.1766437878788,11.84927512746362,-44.23936945004877,-18.31595694485124,18.144760208448655,-2.1993691720826245,-26.665141358196948,-3.293200117986612,-12.86147059240762,-15.709042776041846,-1.1798981990578064,10.926478637690034,-12.862663325511637,10.967638154640177,-25.941138955574058,27.03047085052677,-3.819713086149784,-40.88661337157864,7.045746903786235,-13.503635525905937,-9.39024671395152,0.03664905082396509,-2.9864166213572854,9.378556936070536,6.184140611501603,-13.108330708882209,16.355420625288783,-37.62732715654988,-18.761886916313152,-18.221504403746817,-11.17503058134892,-2.617426328410399,-0.9427063324914127,-2.0407430059255307,5.140940812695803,7.172897409045524,-3.428590316492552,-25.492062360731442,5.50228907136464,-29.600847334488414,-12.163288137137242,2.9287115322465374,-28.3714007040003,28.26658918053372,-0.24541372726958074,5.819838819018854,-13.221822872662306,-35.82215500946278,7.300844937372603,-18.103763975013546,-36.10002403002437,6.199152275520819,11.236530380349055,-21.921094525897253,10.976648049473992,-14.557425027607549,-31.313864059748262,14.205007111937443,-5.313909994307843
4.515016583490318,-674.5006912229173,-157.11847532555905,-333.5588907094209,-346.1337715688161,-94.5919202669805,-192.71667084753395,-694.7674455760139,-482.7097228996148,-402.3409572126103,-652.9929823382176,-847.9522475633161,-479.8365245020125,-592.3780899163487,-69.63810452207144,-1206.899628595668,-424.0020087531269,-267.6748718455783,-352.8508215472247,-1185.0206802532473,-412.4790891585093,-670.8286548588192,-346.19342872345703,-328.7114102666651,-347.0189373976914,-347.47908905407485,-563.8736173944085,-255.18409090442725,-118.86823221873205,-1029.5030062862156,-544.3732564345146,-392.13976101377466,-350.83539396854854,-298.04058676823684,-452.2335865901032,-439.1417104599202,-313.81700517973206,-584.1957367975943,-453.10310970814794,-53.13315111787105,-134.97543516833016,-1117.5671393401012,-1195.6056770731893,-99.9774919933587,-584.8728512612594,-500.94341151093903,-123.86623278639185,-776.0891153297705,-329.6377099144591,-363.3880107081892,-309.8161414610225,-532.8030612426372,-391.3676853435867,-353.05419786126424,-340.0512222034703,-496.6664204974667,-575.1025633140927,-565.3237595875861,-72.06351613841778,-1351.5738542131649,-90.790414388584,-734.331578615521,-212.1325747130017,-1035.8817876132605,-302.34330412021154,-436.07025108732097,-277.0749571031876,-165.12660661471887,-302.52568813258557,-398.3796952790957,-494.45250316169154,-651.1882576145548,-177.26491121019168,-1485.459160505177,-581.1788470578246,-448.1245867336593,-297.61231998558355,-741.8018772909171,-449.9910559451366,-64.04431123544883,-446.7746436107763,-353.7292835476332,-929.0394187857021,-445.80175326537056,-1073.5830353811236,-146.13401096973993,-764.7274894759872,-551.1826707211135,-144.59200486930865,-805.9770008971906,-271.68083117221016,-283.984831405871,218.1459813965813,-683.1440545757727,-7.798665436118848,-151.5120573489616,-776.4312712288967,-138.95655096440242,-302.84449409430846,-314.0369287625978
14.417203038370724,-15.07094262623274,0.15996085567791793,30.306925391390763,-18.28775627291464,10.168507254089006,-33.85758906428898,-38.2274741984688,-20.215598367267,-32.78528276396434,17.23612180912771,-15.403186078283145,-10.91211259782989,15.010422953144445,-9.113684220115411,-16.47839264041018,10.272623828634366,0.09806991369018302,-43.95493000701023,-59.2084246489788,-24.529980873517886,24.992472151977246,13.944785172295926,2.7843354865825254,23.21978846080284,-16.511705362459605,0.17646046361357853,-13.809523195915556,25.50677632695882,0.3527195277646647,6.524756011844529,-35.39218847335536,-7.989405443208984,-13.957465640234963,18.62978365062875,-29.185175195431427,-4.743691842928746,-10.527559638796994,-0.19814894610088585,-1.5749048838487307,-1.7932373378956494,-31.594638554451414,-38.896887838096326,52.46187256307386,16.560324494564927,-29.549723855824894,5.762869581473707,18.915975457207548,-12.137817297323673,6.864415032016408,0.8290616108760848,-4.404154026051297,-22.531884879421142,9.524468770549705,-20.6871608826589,-12.713756992115126,-38.52066736716666,-22.110649731216284,49.89400111801395,-37.72933362319139,0.6870997178567079,15.083503504312725,6.8345954262466,9.663368878783384,-27.59549185378815,-31.500511481250452,6.037145290808664,-47.50973424281654,26.191168070761577,8.254404290816787,1.2261749846402776,-9.742762311146866,3.1549829362487007,-4.460527476289874,-21.734812833219056,-6.666727946517586,-25.201029343906374,-15.260950845849159,22.003757370352872,-8.961946782536598,19.31882420308166,14.465228940053327,-30.054521714262755,23.796055703492048,-31.590327612701962,7.4249161397498105,-22.425815956581843,5.520791588719358,30.234788175622732,4.777977705166722,3.612407831779756,27.976013048097094,-31.19383106537353,-22.464366740422445,19.139366142743697,-37.04218367046863,16.041940739490165,32.622352170203115,-32.871441894484576,-8.372326013481636
-24.80060344669812,-64.13391659932253,-24.79720449119536,-49.59395283504391,-72.36565183028365,-51.3488405103504,-124.16687999034147,-153.53024689070108,-52.25501028213234,-210.52007901874978,-79.65156773990623,-112.83115781143582,-30.51001377291783,-66.30145141117639,-3.860538768983472,-85.47844178755167,9.870975159831838,-26.02277895090964,-82.26330173406414,-111.94921470779117,-170.9168884892762,-76.51335530014447,-74.03848542235905,-131.6304390045394,-42.901487120186815,-96.99594420824812,-84.008861739037,-113.05809186813012,-41.007824654841095,-86.87514426912168,-105.138991355931,-38.95467284319167,-63.25783369838068,-96.27559420422891,-3.352655599775446,-117.47588083581363,-206.29638920283944,-167.31047108513386,-105.42645554773426,-148.43193500860983,-26.458603155087264,-217.60258196313615,-121.47695820973459,34.0937466797162,-48.3351590777316,-209.4864153853268,-27.93112233275333,-127.81755613393054,-66.99367400949646,-71.99159432670872,-57.18856818161382,-149.89536094254754,-64.76952892442338,-177.635985137671,-77.30208708487235,-241.1544200138467,-106.20826015130149,-110.10285774307873,31.42819531045934,-188.70832849285,-43.56171355273051,-64.521286104267,-39.364139870794915,-177.5386550931235,-53.89215798263326,-73.45165086907905,-35.978618004580625,-20.124636131827323,-87.1731998993906,-16.834009394881402,-76.91852384452726,-96.83302667625057,-108.12322590237746,-1.5117312195654762,-100.39739680307765,-147.70537241886493,-94.28328852810148,-179.58437566482024,-143.67818991597613,-167.65915259035805,-1.7974962144544737,-105.34613087186062,-88.07110582104565,-139.37164168470633,-146.33033561622312,-75.93771702377573,-113.77868556509543,-49.59065469550328,-23.449257588080552,-71.18206268326152,-115.48386079899802,-126.814276341605,-57.23845772264233,-176.2971637433999,-53.43547334170519,-73.79882959494834,-211.31005511575398,-27.339447548224108,-33.232512476444704,-61.3421269683279
-191.04142822972523,-211.86159971849293,-149.12113238681434,-210.3583795087008,-162.3760513718127,-253.98582805570342,-311.3509166553569,-229.43747366116256,-155.313083725562,-243.6030174647007,-172.8795515150276,-204.1242870228966,-261.184623293289,-127.09436266122385,-120.53332777525172,-167.35979434569174,-158.31965563495717,-148.3845809407837,-225.12806363155818,-255.0760363132495,-228.14120736007334,-166.69260564630122,-177.86511772819117,-240.36958529514095,-184.78177972328487,-287.80487318178353,-199.2812369318499,-278.9089288730931,-136.9218089274016,-219.91755439563548,-214.12799068762644,-182.93997197058755,-144.15830086137,-119.9399959017447,-230.5758105804922,-167.0446731873132,-197.18617868059306,-133.1220658362095,-248.09675727210814,-193.42874967109537,-230.1481357679605,-211.50261770842886,-243.6610778374494,-193.3017579028121,-218.8118541000186,-279.5845198796159,-67.18005286322153,-265.4542710055933,-169.82373681442513,-172.5256232750475,-132.28278887453885,-302.40902336948943,-129.40378044611725,-174.58537468454585,-187.45237759317064,-370.1240411882868,-315.32815820352806,-355.3006106789499,-141.6473944578499,-306.20888714397796,-173.96647842780845,-209.05647646263066,-91.93862441151654,-162.4902045828082,-106.447234772344,-130.7442562245635,-104.74130452463514,-175.46003568786801,-224.10751661702108,-188.04024980758848,-155.13413347605103,-197.84219235969852,-153.84439200348606,-303.91212762136877,-301.4303468185969,-219.3959296294673,-113.97761493303204,-260.1517542936674,-279.95147966669157,-193.90814882467834,-223.99690995989866,-199.75700914833163,-247.09332529255238,-156.9480052542314,-240.7942684758336,-122.23497887794412,-148.96456341533857,-185.84137184286698,-221.61996766818257,-111.94552613552857,-207.04961384305182,-214.3880883233381,-169.75398658049195,-186.22507458302456,-169.88982108222476,-160.66183420779302,-115.48946567919033,-209.543621205843,-159.42319989569918,-142.78363476806257
-23.336162476525246,-89.58957703361088,-19.338895805174893,4.852286685165304,-54.59850128769504,-13.517010530630902,-98.50554474300593,-84.41532553248952,-44.15421815913224,-101.93482060880022,4.9354426859995595,-86.43805905947254,-120.58392168306743,-34.17894760070779,-22.332557814686748,-100.51631030630391,-23.159405683893993,-16.830953135958367,-87.90567787295186,-135.76895188517298,-126.58575264929503,-4.032398576312573,-1.8203342052512417,-45.819479090594456,9.067813842285085,-60.17768079936073,-42.45699566169877,-52.71908772736978,6.097480709120605,-25.20978013385359,-25.289145159713936,-83.37876775055632,-38.98574822147512,-54.63564722338885,-5.904178788743535,-90.72862004220447,-36.15320184966534,-100.92752468092114,-36.14570145476475,-32.67273785480499,-21.029279003963634,-74.22333585225593,-126.98778371811845,65.54521013615589,0.29338120843911564,-134.50405466223262,-22.474739521671673,-25.229349271633676,-30.59739384992683,-9.072777056008754,-1.7607869047824989,-69.22431892739658,-62.051584822890256,-32.07470237359946,-49.63857368336561,-65.30803483436323,-140.0321202484449,-85.57517027950465,60.56454360274308,-88.87714011577073,-15.579042269997474,-26.441009246899856,-20.254254284911323,-58.83563002013012,-41.628291681397094,-39.342959948125504,8.334660328048002,-95.53538480212156,2.2493686598868092,14.484095235139145,-16.607249387737866,-51.63513151327775,-39.46101481532126,-41.7736415653402,-79.5195339045313,-56.30915707550537,-66.96080174748481,-59.114617948137514,-11.02397286159782,-54.47886728561737,11.844417671505056,-7.66207913522851,-70.90847417046587,13.363649295579675,-149.5440429966384,-38.271032505089835,-90.24907144867508,-15.537210121702902,35.54998159543399,-70.22724013977461,-12.999961765394401,22.809264229829076,-31.72922062298117,-59.05415965576422,-6.50503641414502,-66.39191919362104,-45.10420802756225,16.9389285772599,-84.49743964005106,-21.901680878335984
15.971414253312252,6.281324918105211,9.402286616362362,31.005820424447396,-1.7571874820113835,19.47171992187269,-4.966677928673555,-4.2758612561381435,7.913751154859542,-6.697282755105404,21.209338241083803,14.71997018769547,17.57691578709031,16.22171659828726,5.793543068463128,14.834795137247836,19.050640790403193,15.207241962825268,-1.9520785590423424,2.629278541376779,-8.16719786472204,24.275098226942596,22.541109256572863,10.413084081256628,23.06531192754777,4.933345769082139,18.327701386533647,2.177740266806575,22.313843419676807,12.591392145303857,21.465595630472773,3.3522034833066923,7.286743312110088,3.7079157842332764,25.431201478909546,-1.3105845921420576,-3.2501358774226574,7.328231640335488,17.365859892546872,8.177837440586773,8.239735245868467,0.1752583402691406,9.328258483250536,45.82049602751315,24.780205800642612,-10.4516552890711,11.75170171398285,32.927284684092506,9.485503901523744,17.953347795641783,12.518292322845355,16.775543211412284,-4.9668747806488565,11.96997945621815,3.1018369751715955,11.220710715053238,-4.615693361615589,15.46253114087717,39.67265876213302,-4.7970687761887065,14.534018512289279,26.622068054114244,12.536749058517616,15.216192194982192,-6.611097228825409,-1.5619133403265182,10.983871031428432,-1.1133965297460302,30.61231536422553,20.452542070556287,17.04928805750704,10.342207034411524,7.833154874496231,22.945321440668412,0.6067302414030679,-0.47923804207234294,-1.604224653735044,11.32449548159781,21.747020751888055,-2.9180906141742455,33.54925410907216,13.19854316608562,6.543513760982095,28.20028327234466,-2.9789256823712926,4.9756101943626385,2.4610351006000357,21.65128693805309,28.64559848375189,23.538039959677523,12.532725446204203,24.3752516424447,-9.797869824594144,-6.71951819647004,16.488345903775762,-7.192488420536524,17.03934722655104,33.31402587651999,-6.482975515699578,5.623360381061473
7.406214754072666,-1.906304428909691,4.234086842872201,39.0617659109922,-3.3744152765657534,21.815182895218772,-12.955702525179795,-30.99678574265805,6.587297271405635,-37.50481890326733,10.652830849201187,5.336684687982669,26.766745927755295,-5.865227905446757,9.308703358342562,-36.56657275232624,5.564512108617145,10.353692546251665,-22.45053163276346,-14.518388866471238,-23.11161169062897,0.2716397485590371,23.154645411601834,-7.605728230985582,42.31338592487643,-3.196344748684721,-3.215384147973206,-0.15802761529507106,9.083037157168947,-11.9348340542184,28.217765973876027,-34.97192592607551,4.4296703215965385,-5.0938257175402635,21.23698276160663,-35.231213033349235,-28.92051066628635,-25.366982112654586,22.4618596640725,9.789545194807456,7.296167382559459,-34.7274485446234,-26.38647257313143,57.4412447959101,11.124180487047338,-42.713964889142936,11.680581685714381,23.63955378125971,22.128410309678248,5.478829817311905,21.5661439264943,4.31841751996585,-16.219307242093116,21.923404201974563,-21.482622395881894,17.422941782042077,-34.65751624277391,-2.1489777002550605,53.64838292052956,-60.894364627432765,4.414243970719995,18.104775351443003,-3.2299053363440784,27.19015230530095,-8.5904753666627,-6.739872446499091,25.513120024258853,-10.545579174580691,37.37450554154931,24.298867436286454,21.50482983089975,3.730945192700668,-12.895707904134012,-16.15597269342811,-19.988794865210483,-19.927005399700327,-7.911699022176318,0.5546793304575445,33.63567721192811,-18.463992976252865,41.067300139596874,2.369813961086039,4.979096678539159,35.201490979340214,-51.486203521865285,-19.58608125267235,-29.148274566883124,5.570617597380655,48.13612628964974,-27.71247011181544,16.698666670514754,22.478925040455735,-8.436451595570661,-30.866090449832196,14.236655914876328,-8.703354266220265,18.70357136553432,48.74782062171114,-28.612236229718313,11.955529669020416
41.02212632528257,-130.24845546276507,-23.08502524319318,217.14996013184842,-68.93454670715461,73.22760848950784,35.5159909337049,-82.2165133868505,-116.57105248825277,52.00310923177947,270.51460118289776,-233.86568943052603,-126.03465625818367,33.9752908758561,-25.289347550914204,-295.1326898538265,-106.25590243793394,-21.360332325206425,-43.70033859805332,-171.2551108244861,36.31604291497323,87.83986110043563,88.25602043628795,73.92147286729396,26.294364520751646,-49.28216924012973,-44.62619298995462,-126.14790062712584,-23.869655817610884,207.87278434281714,245.34151004266803,-165.35719650263,12.506147454813911,80.66750926266732,126.52826023883406,-81.85865665829157,-23.093885591485744,32.63503769173938,207.02388964159573,-28.56363486163175,44.92168726587584,28.494937359510796,-120.82304180612502,77.30458209874558,129.21039416120524,12.483051329921986,44.40932101759246,264.4079435616126,98.26143080645738,131.72753620039583,68.50209273543153,-50.91287055798501,-69.79859133125899,155.72894132310373,20.274366065828644,272.4552840895758,-216.44534404480405,236.16387611002042,214.944667261716,-252.13542087194477,16.992991615872743,77.23746894187884,-22.230945826784048,-110.67345413377245,-114.48947150734156,-122.56468063239339,78.15812223566695,-186.26298501489916,141.13414560218112,65.59608959885084,83.24686794315726,81.43232000253393,-64.16178590391615,-68.51546560942143,-28.665096393059887,122.4284789415812,-76.70734519680012,24.865269756893507,244.22876618598445,55.746289530321576,84.88085415432407,88.77270264592603,-160.980567646254,239.87084404499345,-108.52112465925907,-54.433493866471274,-173.51636224289697,-26.08140050580973,164.8799241944866,127.5766914086589,-25.027677846292796,13.55679282454302,-77.15288959361253,-42.25967303293856,74.58107450663152,-68.98121916918397,85.67152773138658,104.97902351541292,-128.17688286519117,35.23395180177514
-179.07436216429224,23.316840060391844,-62.78201040061943,-209.54576776486678,66.98990874502162,-264.3162171733775,-139.68382926062844,28.151957093362483,252.05580880531835,-383.9037813847716,5.04784336498715,-138.69174822336308,-97.95871189874458,-103.70240909828202,265.9434080708561,253.21206956170252,-124.82597371854285,-26.595469856810144,116.74023130280179,433.0443828042554,9.134842567364055,-4.880529333712047,-50.51083314779116,-54.08018895570122,-28.279895116043427,13.397276063617733,-131.82137271894175,-249.0544322789002,-144.596692586608,89.48091598232368,133.69890120393404,192.95100976925067,76.6058787831545,33.03255951258151,71.12932045255043,210.0199974831043,-149.06040442595682,-44.86710472403134,-67.36766466814092,-44.372989821622944,106.24149875134012,-55.999672187890326,-272.45278247217766,-38.06514998194967,-76.11922446880719,-469.4930600488363,-2.9436062515778714,-121.6727738813892,106.32274603116346,-29.76196575609095,-4.647836927917497,-6.784833343457629,96.88174547466468,-228.84025636337392,90.29702679666741,-518.9212925973636,360.5332906389179,-340.86536247500766,-144.84287772897972,-62.88389082117914,-71.43198513360711,-144.3137580367749,117.92100689710409,-160.01550307103406,99.60435097945818,137.6057649810212,-109.11759433277841,200.47794987429293,-135.06856832682,44.0050609638512,21.921446645934616,12.686988919246588,21.033871126459285,201.27629145760628,-140.49221162192632,-144.0091631794918,178.75187917929742,-130.23551441905846,-168.14401031575696,-144.72565385466515,51.528435033476015,-103.2044816631237,-159.6417420885749,-378.57310066880103,-133.54378145313603,-30.41151980226892,150.67836245339865,52.898599533302956,-141.0160927294535,58.04714603053084,-165.10397951784867,-174.30032634313042,306.31253014704356,-4.82198319968131,-162.37060815387673,321.55924171092374,-252.07876555556433,-84.80705282960308,203.6981590829358,39.09957238180001
-95.41219182337807,-40.4622736207515,-14.280049321385489,-47.99297388798055,26.159885593432957,-137.37181857178194,-98.69562502068156,6.100659272718811,17.14019011453355,-150.33212184425028,-26.501197800386777,-78.83013387373977,-51.3674572903911,-119.26718110110284,10.724768866290587,-0.32161834788116667,-150.23621504249445,8.366989717656743,40.117240183615,-31.458479176697352,-90.04002203917605,-156.98221519231777,-82.92038627046504,-114.82156593081781,-52.840267861555844,-104.78778920541818,-116.18999345907365,-183.2505352310422,-150.34045946260693,-143.28140893482527,95.66255924670149,-11.106388126899562,20.742857443081732,15.634553034428135,-68.8058885341717,-43.96117295482641,-126.67998240349456,9.775157894429515,39.80154129166539,-80.33813769594713,-7.162172531011369,36.53605020364634,7.993881723819761,-88.63175787484434,-7.912368555278649,-112.48000444728044,34.278140485974006,-88.74517698542903,145.9041758171904,-51.64137747118626,4.243520990517897,-9.255078389884346,17.69874103674389,-100.29769097629477,-48.26033571547743,-73.40486257068504,8.859029986852914,50.66302322342466,-57.79020729738235,-215.53701190669096,-86.04604550168203,-40.63477412407873,1.350449392436471,-44.68017288251839,70.30658887658443,83.43358019269367,-11.65412386883853,58.81319397283167,-138.18150294100278,8.64933071064013,21.25580027883535,4.390691514224865,-98.92843331850325,-37.64671619825679,-90.16922427509058,-21.82753889028848,68.72127773571991,-62.052746791118636,-44.150036261821796,-70.97887596483824,-27.685562250377025,-126.11484952014429,-16.109828092605927,-16.19195249658255,-154.26770036718332,-79.43045381950239,-79.70026716974583,-91.66413356199682,-51.23245921190728,60.37196921121377,-68.24893296761829,-191.60297873242848,23.619563484561727,-92.67382808539384,-63.26995045507885,4.515013290095606,-145.05856144183866,-43.030072987097995,106.21776778413569,44.49281785162982
-184.6096814381536,-279.23441502828234,-95.58085386120474,-167.09027168922043,-100.62933300813891,-223.36371567791318,-237.85973356860228,-298.30980055191657,-74.09841141521736,-229.91807810166642,-121.93784419955895,-195.8266305040692,-261.84341310823083,-223.98105778552303,-32.52829782858487,-335.28157739900695,-228.66131660495404,-78.35660989501572,-120.4971931141932,-185.8395103309535,-198.40178542192422,-208.51282455130124,-161.73568644388288,-182.57238571868595,-190.61119380557682,-215.5459583858816,-207.7166642373357,-251.04453733752604,-216.64741934278072,-207.2130519231779,-112.85394809594749,-113.03213858042712,-89.38034676267905,-108.85191561741871,-142.5956193178216,-183.95590894910453,-209.75013272421583,-233.02283616074016,-149.67840972434533,-193.26757115041676,-169.93360781362975,-259.4570591776276,-241.56310211661724,-146.72807448280685,-80.77827205319048,-228.5093231353988,-102.25290809836879,-154.35267564090123,-34.16861254295367,-177.2361300099038,-53.83429463498568,-259.51302594694647,-114.62832085524107,-163.1775042464886,-163.04771313766707,-129.07811758066626,-262.235572672789,-160.03758754137397,-89.94271777978382,-245.27389829781143,-140.66283019889588,-193.62626184673763,-173.07435778401512,-322.78969143082,-88.56591516967475,-85.32837917207185,-65.22000839505333,-120.84820357853091,-154.06335750957075,-50.39557961708652,-91.12982263515765,-88.32854593843258,-220.1032284581326,-193.8885274120102,-213.0850368858522,-194.35135829770763,-84.07149504616518,-236.24740585707272,-171.2862740066286,-209.30280142055423,-148.24413500852114,-199.95965549993863,-211.67623778223333,-147.50054893781308,-292.12901561909234,-155.5632312720646,-213.07393098309973,-204.6648876559618,-112.5187626122255,-128.9214460258104,-210.97197793068912,-223.00875983542898,-101.93512852019923,-228.90238787586196,-108.15381195689442,-42.04942960181396,-193.90968644385612,-146.1222031946585,-57.68414148834097,-73.06387952624084
-47.05317765524773,-49.540431334942795,-23.844164053057522,-55.05097416513164,-1.5427000037435092,-67.91603324815397,-59.10003840630778,-7.405806035240345,-15.466413524541858,-53.96265773736168,-21.332612573692575,-60.31664263288949,-81.01723127130073,-44.45278537051455,-14.88797668828294,-27.621985453891114,-63.97451603065393,-29.13058508254873,-1.0741725561283917,-37.522955443275954,-33.04422268079221,-46.149108516651175,-39.853275305710525,-41.09720067547878,-56.998283836889826,-32.45905815536302,-58.75417340837955,-61.9938206550613,-54.988806612389844,-31.442641160272775,-17.367724206936213,-15.545295659214014,-13.82059543207943,-15.651340121488893,-40.75780140419721,-10.191117945895632,-13.058787731975357,-8.930440149470313,-33.611103685366835,-42.57746046438025,-27.666805814792347,-11.06692534204593,-21.542638204015855,-71.78414120418536,-29.553158080820026,-45.37630632756893,-20.20107716136408,-65.84326682683256,-4.46366392164719,-33.5425005090165,-24.446267795712508,-21.882554146547776,-6.9100908499779665,-53.7688965999405,-29.841359774388057,-73.90634154038544,-21.664610780187026,-39.0981503996636,-67.82408483534039,-27.88212197840809,-38.49950542437652,-52.8948915743523,-18.43253286800447,-59.028868557418996,3.8734130448289115,7.958035069001519,-29.019316489072565,-17.866370214963165,-72.56849405502251,-33.911092375296775,-26.526409539362284,-19.55137985633693,-24.872811658350464,-30.213466167303043,-46.96200638665709,-6.362252983385101,7.029829547723341,-48.61655244067747,-49.64052510099821,-15.76727638974194,-61.930681425250505,-39.12337826785818,-40.18237577947124,-41.57252183109967,-51.39807621228536,-21.56412647238252,-13.38691969852901,-41.17746557857759,-49.617756358836964,-11.840967222910898,-40.41069218992488,-71.8944602225257,6.2783639245317495,-8.8774229740121,-42.46813194457573,1.1048769349622591,-60.30401937051001,-67.44314404681171,20.97643059403034,-14.366059412960247
-104.60515911499047,-82.39277091774682,-20.185552050825947,-168.247957825712,-19.46136020711916,-157.29357698614214,-146.34950826180045,-73.73990934921046,-14.26455929457017,-145.6575135881256,-104.66198127609525,-119.01731305525819,-108.92145916028447,-87.69291672780787,-12.189592185425674,-37.386733697428056,-103.81922487450034,-30.200801559154385,33.54204726396867,-84.93861479917172,-130.31976052986553,-123.89408198252406,-109.45480799714088,-180.64008459852025,-113.40628686806538,-136.7281351667338,-84.40145066030229,-118.24437241730779,-104.77417244985278,-108.75865547861501,-68.65435106951297,16.92853520060892,-17.84444672696422,-51.73855557664596,-91.15871922746545,-54.45681465224966,-53.781425082118226,-48.05412915743997,-122.97787545266887,-59.47078572773629,-90.40000801459253,-30.24250049636957,-95.12324243481712,-108.29477459389693,-98.41874491224823,-118.79481987786806,-32.56009601586927,-201.64574480026056,27.95302982883988,-111.74885573102893,-35.4413062061222,-92.6285548907648,10.54496953295621,-140.63609004801316,-61.10020274309152,-245.74177336181634,-42.83115302224155,-133.06670135598412,-146.35963960227144,-31.109609116304863,-76.14209658010029,-101.77812287777013,-10.959186617764669,-121.53850727201191,67.63264873516184,48.912966261784184,-52.83364951302901,40.31412413220504,-200.86838221867887,-28.121980732325973,-67.59910569362481,-66.71489646142929,-81.03078643619396,-53.69073063418202,-93.24725291626125,-67.4460112903351,5.210467330154669,-96.96958509638564,-130.83279398457995,-72.7955278293502,-118.0534148691588,-125.7154995606802,-59.833182714875754,-138.34711964480977,-138.17772204053304,-47.08093773481284,-84.76307890724645,-102.98187689863606,-112.91850898965005,-45.598097769514474,-92.0949750270255,-126.87659995982666,33.270197658063616,-61.483563307739246,-62.07703352307919,49.36679318821854,-119.63895956548326,-131.10316241736479,60.043712146397986,-22.195804339687623
-122.74316670866719,-186.83150981389963,-71.14280983672606,15.530236511248647,-111.01857766739757,-132.96598427727906,56.12136391455203,-149.53723416400206,-159.71909241513148,-239.8690840227988,-86.11411819658623,-178.09021415859232,-49.17742628490018,-265.3178875569897,-159.29689206284866,-462.6083987133945,-169.10100970030703,-123.58534561589074,-140.97958837393853,-267.6185568350073,-46.04441818755018,-210.58948269826263,-43.28649867775566,-116.90536981983203,-83.91578585781893,-29.04336851863929,-252.28069904512157,-186.73941775870244,-199.59798034883727,-243.67251436375915,28.454819825665407,-243.795662615389,-81.1611522975036,-88.84976766724725,-207.65939105218084,-70.87223405615606,-90.42822307182668,-208.64647076904131,100.55946693715444,-199.46013970704695,-26.861109404529593,-220.17026790425177,-147.79815726334002,-53.49123021106737,84.78446227901877,-98.89804986516184,-66.45443469566813,-95.69077565451545,8.162123047548935,-120.62355234356093,-16.636625808333143,-143.93928941867236,-170.57893515631136,-70.37268952560439,-298.1865643173735,131.94706316379404,-181.0940924540175,207.9601227445283,9.093657115034608,-343.76295631571315,-125.34246299852876,13.106287006179983,-155.71360200765454,-200.8066243955892,-190.2439651116142,-124.04126046798525,-3.4307364417379533,-350.02939656116877,-27.02925296694621,-100.59116627620934,-9.583451417988329,-44.356341610106874,-174.3963095689997,-263.3743466455369,-273.61056294728274,-32.89459161104083,-95.2361594612983,-45.65919684510902,-55.820396947342786,-120.71092044623168,-190.80905632458652,-151.5803354173109,-180.2139093870576,37.676123135733135,-251.8772332912779,-136.2023311340601,-47.575025317519824,-185.68896176678697,63.36479950182892,-64.0014106252265,-25.677034775997694,-173.66041174040507,-161.28728360315884,-314.82014457270924,36.29654146788201,-116.43882528800359,-2.5992710556944725,-126.72790645926366,-131.89325876340743,-74.26016693324965
-149.00673655008933,-125.01018768319997,-17.99957249795245,-233.249506614328,-78.70205932197365,-108.90781855194065,-183.1044493151463,17.20068791790174,-88.89253250054807,-126.70319560638073,-81.20179099839343,-164.5972567857464,-191.3539282717629,-75.28094800841914,-91.94932594833482,-19.457419395145134,-95.26343724004099,-71.01925588159148,-12.440873561973582,-217.1084326149065,-172.22935420644737,-66.64456721632916,-123.17363724931033,-189.89227283974978,-135.34795967347148,-112.2763200590501,-66.17344423123224,-134.15024873177603,-110.93274532805229,-73.56293240937354,-153.99985179347448,-6.361593776377858,-120.5013633450782,-55.0152588280181,-144.64264893762163,-94.09489457614919,-51.812186195991856,-80.70613688846167,-178.06502359649616,-100.77620958731903,-163.61764905229708,12.170244690629307,-23.237316922765526,-183.22118161649507,-157.6007385078931,-86.82309521450448,-64.16966569721866,-243.94225621440037,-40.496381950326935,-110.73525254726196,-99.53619041332686,-99.98309549522392,-49.83994876835172,-144.67102945627718,-66.91384519231276,-188.0044151345005,-74.603057802114,-56.20397103476956,-166.83464358495578,33.18516415833353,-82.46243163045698,-166.87930776044823,-99.36756061955147,-78.55252372759709,7.8563652119446195,-12.11667254078464,-55.077422676512896,1.9705665211623786,-200.6999382991732,-75.82681201585889,-110.55721738825558,-116.9700311538609,-92.097822783386,-129.11836118729695,-43.2540285260131,-64.11944303736371,-84.40718117818318,-126.82375825134503,-139.79247310407447,-80.41892200467765,-102.31670402833406,-125.60835832217724,-55.376244999043486,-176.6028004912247,-94.91146212479815,-95.17998673077106,-173.80292827620835,-75.61854711276128,-129.27062386763552,2.179431436604089,-112.97381973504008,-127.65383737735154,-54.129592739941835,-32.90067639185309,-157.10990330100714,20.99525666031934,-146.5863721829302,-197.02691492408002,-2.2605576561792833,-76.89761389219345
-69.74799925997729,-23.648308456077455,-31.904793515853072,-116.20126802448833,-35.11106668422208,-60.17403959623149,-16.306741516761566,-17.275624616129242,-30.04356959454073,-50.80416040937359,-82.08615015523458,-35.37957884991743,-25.354468016053442,-56.5729102152037,-27.224627181514276,-26.520726180844207,-65.04016745060075,-61.22938089224171,-8.019145021275827,-32.92308591311055,-31.8522167070594,-82.30481497343023,-83.35024343171045,-93.85355474801712,-62.61841992773227,-22.5115602278897,-54.1616096089322,-40.75589322105008,-79.7036344145902,-50.55560567221928,-97.66710770282342,-19.49424275255716,-41.89436429961451,-45.66735148244932,-84.25549073676558,-18.548943988756818,-53.076357639692915,-61.90326132307407,-71.95534315129416,-47.33387420076511,-33.69317000816559,-70.94195927219147,-21.067313280962907,-103.73119142055086,-74.71439353516134,-33.36025729527605,-30.96909229307105,-124.65832739356955,-30.506264259167615,-76.66493777351077,-52.49133389102355,-65.8602678363233,-21.94193896496123,-75.9377535599179,-52.55147797365305,-98.82667232634171,-22.513108904143117,-61.61895702738044,-96.09540266956562,-1.6226853390851677,-51.862574125348125,-67.25443571218386,-25.276947814255248,-39.70770465841666,-9.65341673223017,-1.8972335471490558,-37.18948539340459,-43.72823386513105,-121.92952613581907,-58.554990683939515,-67.20566961755785,-44.76592142174153,-41.24685696052606,-83.14487471939984,-46.328602845768344,-4.754328187695883,-11.770124442136142,-65.12484308339766,-105.7445981129619,-51.92237720144053,-74.99317758820953,-78.23899772663886,-27.72243201829315,-122.5916698058963,-25.38252161753912,-33.00089879279193,-5.319957819485405,-57.50389991920012,-85.05366395517204,-64.78586051967581,-57.83806247504573,-111.10620930322106,-15.500427752662631,-39.83499733966597,-59.091036577730016,-10.014558566416271,-75.2352650059975,-94.80474061325408,-4.099321870557289,-29.718005834596685
-840.7262288514315,-765.6273818529198,-445.75453138954134,-1223.9864381151287,-376.7645645010615,-935.8768302336945,-610.9403734462421,-974.0250117530378,-351.84120569441785,-1363.6087432937934,-580.0792761372667,-451.53397025598656,-688.8675012013799,-980.7579249160957,103.84862187856893,-933.4369088351747,-1012.6123264780178,-347.26295437667017,-262.4622819732269,-274.76246311851355,-527.0030533857278,-851.3446458482838,-723.4512247309159,-728.700511964206,-479.4064663978162,-481.72390645451316,-936.7659224777971,-435.76003975397805,-678.1478558730647,-837.6807499777711,-1081.9492322356512,-458.6388384603838,-447.85654931578614,-398.74081472781495,-551.6547688978438,-1233.6256642772998,-1140.5164718481544,-979.8163236002256,-692.9872677791163,-457.0895166578345,-685.8595018092941,-856.9304511924724,-652.221144786192,-489.63851511508295,-748.8078562723242,-1028.4021846458504,-527.3948119843315,-775.7399508509565,-86.68488500937349,-871.2871481814565,-218.02826845296997,-695.6246579687917,-467.463215787686,-789.2145051531925,-714.7694150127828,-517.5814299974935,-576.0174099146801,-822.2421547444164,-507.8386365854778,-358.1222725367867,-382.88147835916493,-698.1611688655549,-1021.9418140117725,-775.6787935610333,-265.6345393133864,-218.56769914391347,-234.61400524548284,-476.58646784949104,-422.47875233447684,-113.671760036359,-156.0021714325212,-30.457743785609892,-904.1231400928685,-709.9979515776142,-527.1221535994887,-1072.6298282899008,-382.7847287869612,-871.6362666693235,-780.7734685923798,-923.203570419054,-60.25359710893047,-804.8195273666647,-394.9595240647758,-838.852991756237,-862.2566914689976,-838.9445195011414,-603.3815099163068,-625.6620451124431,-486.7912312889496,-198.196008854101,-542.0260835845894,-608.8782763696296,-131.67676052981267,-678.4851939643381,-523.2887736864612,-416.04777943900075,-320.9569222435395,-524.7046504618525,-257.53580947357074,-265.369011155269
114.14939512607705,95.2096822598775,55.61421940630397,140.00926122764545,69.13916378810225,130.39968869175493,141.49933776524105,132.58729182021855,61.09775370221142,120.53013163562197,126.46090909913204,140.0127309047044,207.65134875272784,81.41743429433434,38.944018913504515,153.21994712414985,134.2954391727061,94.11771738961804,42.99258374958931,165.30331114756746,96.73129652623726,145.78734900034542,124.26918963454881,133.00285713094584,124.89608875089553,151.8170092789976,166.39283855608207,103.07664288624922,108.22419680358898,141.19473570617671,124.53581260967587,44.34974211048385,56.5075756587678,60.59204025875078,190.65837017581424,92.16884521465315,78.4638240687272,130.80496389357396,180.7246624135886,133.22624776444292,111.28704641809753,101.70676308634029,173.66077234783063,147.4699588464752,149.32291929365365,132.92169569812324,35.354013998758944,185.94162300933993,81.28809018872884,102.75127904287508,77.79397544740759,178.84010879305904,6.332423572791401,123.01452833771108,9.769648529342273,173.42932822340597,117.95106711679249,198.26937507962572,118.92021599937404,149.91776796861615,67.45369890303522,141.96556860067818,64.17535029812447,154.7565628227463,28.29133230468761,53.24656350366695,52.69455136956792,27.036061285861358,162.85343523266198,88.90555278777175,84.38103019844759,128.29096938276533,81.09732189197933,165.82403814966634,84.4170045604966,125.53070817778034,61.8665534315918,116.72662547126157,160.13632840293474,59.744987195695224,185.3778152942967,140.6129162020616,100.33890567050959,143.80479554631341,190.32157444788024,71.83676420151698,99.73212825293763,136.40700761042964,113.72398644154133,158.62823324258267,94.02834721619773,157.83337667824136,37.702919869784466,98.65572857383611,127.94048155678537,43.593522820621054,152.7065750853543,143.06467586156288,44.90288659116572,76.9996193714282
4.97464332329731,-119.43457136194591,134.23594771705967,176.77890897493106,92.65488159083252,252.5852960168672,94.30872526400198,-63.35389771854079,73.19787056127828,82.538591972722,40.86871453247941,156.3610966866628,-13.776227977660358,36.50777872994279,107.81459913194557,-204.65697505713544,-59.60482382047607,104.2398780274176,136.59446191212157,-113.77295560623469,29.485876193366565,-18.482410989169136,157.75804670069428,233.5185810055941,199.66358369067186,140.05196848541704,82.1984116485901,269.8708788992824,88.80246555249029,-88.44196181526385,169.50596245526827,-101.9209824546704,95.41386431494651,138.55096167487494,67.99099480444612,-141.0262496421075,26.01236439174487,-120.81883113791346,92.17805086079183,120.99320318361734,134.0687560091239,-192.46353639950442,125.72408200248304,155.07810181332312,143.91958992914448,225.0472819711101,116.8069758110855,171.2150871039065,186.02919232535868,125.62729218519726,100.71686492911869,-82.38728430480445,40.033595814089686,205.5457116507058,-0.3307322532806934,513.5808575694881,-80.37109521730606,57.4663984772722,222.7347562765803,7.517859122704407,62.68946094485018,16.975037380946063,38.32482771785141,72.22632365556397,23.04570367882334,76.32361837049785,153.36065480021827,-66.00379704299982,156.9016894493314,131.92652703610176,150.6099530877104,255.96288335887658,85.97675891000445,-204.4791333579829,142.79720763545893,127.3361513735312,58.581240648252965,117.49209075839987,266.425808763614,63.809511283679164,176.37887468667822,115.6510131683379,130.8618011404478,159.88628656162587,-139.73545392458303,26.562794845718653,54.620548172163936,60.56310698442954,187.4181823373006,2.357807587693019,199.08525536341875,172.80705978107872,26.648411444478384,-4.484134744091975,146.0828526747469,87.72761458185612,240.28784165742644,221.45952518459436,41.29769792418986,135.82454779252987
79.27788401756382,317.6161344878132,-19.306060375617328,-342.98802122356625,-53.91273452605806,-176.2199781363268,379.7985743890359,-68.7787825807542,-124.41159565881806,55.24452031894235,-80.33420068622969,42.08417941329473,60.206908218597455,-99.12909360285207,-95.66344478559455,124.16055354074169,11.433506673139673,-121.48333609898948,-89.70112655635084,200.54034645384743,-12.678584448704775,-111.55474602318003,-119.10456594730046,-205.46671237830876,131.54613996066752,143.7615894648693,40.54059618800336,31.993348623527886,30.779890305807776,-129.5934958087325,-270.17234360314825,156.24638884950932,-159.35225472171078,-171.7301256680591,-92.60625191317841,-323.4783778441689,-1.764451300438557,97.8914705790661,-35.04649580761698,20.3368803131055,116.83746846088563,188.4129261245875,144.93163117846763,-36.796866014729986,-134.41270436263085,-56.21044052761909,-159.95513713330726,-92.85681453572118,-132.07832040018042,-58.56400231047159,24.413677899821923,402.7792006824138,-64.60806790939559,-120.67545417022718,-102.68218022597928,-12.09980743267763,420.49621648812064,-62.434477174596786,-39.77372045012827,123.97202139974081,99.9423848173737,-23.389450662335765,-204.75002065686354,13.6048613859631,40.28068936029549,-2.3205458481044303,-77.50536815940784,73.86477632018071,-33.35172595625183,160.195627683057,-73.58451925268,-102.02971002313264,-214.12253477046343,293.0789077717677,245.72052645788293,-215.36358556492468,-106.69591818773445,-118.57994666540831,6.820432625148386,-175.49681448248506,80.7252050729657,-56.2319667094128,129.02770286435373,-216.59539012781997,260.0571257566337,-80.47856805774843,-47.40788830768328,65.30117328262837,-28.749377568685667,-418.16372124188916,-33.04905875639327,-92.3997471328112,121.73883991641942,52.60071769869825,-39.73153994358184,-117.59060499210435,-266.8953564540336,16.559940986133324,126.46102530896518,36.88916267419804
112.88205778994273,35.38278777227744,75.53572437702147,163.48354843715234,50.37744333053518,138.75779347785644,122.19643859402218,81.9588045150604,55.37754807849175,230.4177686482233,36.860833824905725,102.12125907107065,68.12183320671183,85.0009613801024,4.794333399324008,-31.136950787952628,130.31674882869103,82.5320817490842,82.50905137234469,65.59014593135346,5.901701018844723,108.3272025494147,147.00869187931127,152.75531809187552,134.59643163790383,96.13392764004527,171.11757739681786,208.1010732118327,184.6122620567479,71.13372971636694,147.7567607457429,13.005388495992527,76.43891003496807,88.11059774934047,101.0616599253391,123.0233021969181,188.6466813540949,84.37039251722004,103.13720477645337,71.94695392181653,28.267353170757055,94.28609763417936,92.8097429894092,135.79860465353872,105.73488799368366,158.74516724472883,68.60239143574988,141.6744441245098,47.702643046352854,96.34560030324184,85.74834781538227,-4.187372828856709,35.74720656804154,118.94687027165045,81.13499858252685,264.1398764152156,42.57262974772387,43.03645391977062,139.88873961700511,69.51697308780771,69.9564898591348,35.15955678818433,132.2581455408461,141.11435930085864,37.397253511932654,52.15970483737658,80.07665447656616,38.79251644272134,116.46180175420149,79.57144605448333,62.97658382227059,76.10042641045357,111.71712528956904,64.92934441818171,102.97608866031567,99.05117689622907,47.86074753195039,165.82506571637683,134.14115678428723,120.87935400783584,91.53800699575504,158.61897800619906,108.54563895534402,175.80540105266508,24.050093055559827,116.18296877685489,80.48605278760535,140.4629680157347,120.92457731654721,9.947639291464988,188.65889561391654,264.2861206947768,80.57649206679339,122.01723438853146,168.82176372125772,74.76103964952114,132.38269404908266,156.91652142392408,10.041908521277168,73.20175760721514
54.36955343103827,62.58007102208818,42.38166953937773,87.21988407538859,33.97652267048551,54.176641117418754,78.22353032310619,33.48810179864757,14.818860763328232,49.53816990453725,56.40791903611157,67.49164624074986,51.21237060365129,37.501394567781894,4.626455701659461,18.643106943100882,55.13153060699245,47.780213668344615,19.20281979801139,32.144548182890276,44.695913025811166,39.2397369400893,71.34746245771143,59.31198802262065,71.64244156688898,59.38555650187329,63.12534396334682,64.66026562213506,63.635981968009034,32.305698313225406,65.25078095769233,15.098693591416778,31.669293038450878,25.39203363285292,60.142907636364335,8.889463027779838,52.28116148762882,73.53791665617207,88.87660265080137,47.61341644933755,44.23601466098269,66.56197120952108,61.150489488834936,85.53405675897663,65.27033616800261,59.53167265801526,23.90281730616758,98.51822761342738,41.88258641862975,47.385822465635094,52.13650021056,73.67063670155049,16.053032646466335,70.25547664553305,10.800949288598742,103.40237915165467,44.593316615150286,59.444247132038925,85.32711528656633,43.78667298179651,47.59718573080509,80.11855873664007,28.806955633743783,62.84378364663067,2.889952413548085,16.2590149961065,38.07415960214867,5.329653284397694,97.97847547309496,58.15785189885299,55.18540065808469,46.9417536411879,35.37951712617639,81.63266781584169,52.978899443311164,53.11872620721572,13.281810683512392,63.898227406423,106.4732422432652,30.530589177510507,71.18572804378755,61.5540719905595,62.28251825150088,100.63005181669281,35.62525334838159,23.704038464505903,35.82035947603442,59.41532272551384,82.98232076350816,7.755952731180179,69.70260641129855,81.91999516475587,6.712648710753679,29.90705279737636,71.030919699388,10.729208429004995,65.73205088074484,85.8520016968235,3.1974698413733496,33.6408544967817
133.3226645205187,-34.89240875295938,121.85356580529277,276.5473821688202,96.26715423089784,236.25543870843123,-40.152027114922845,24.1450764955024,2.8824066366254075,483.15806243051276,200.05168649159114,123.86014047883201,30.70822559750823,289.43555470476645,-108.26494034810086,-150.68731852881845,143.58628139556217,83.16790672887862,101.18445316775099,-335.41026921758225,198.87441413769392,122.32175524689771,290.68336206364626,326.7977852924449,243.63587347092286,123.95137738171812,234.6454158737749,380.41695368015235,255.98989783783463,30.639864964612375,173.87847354103604,-38.57414480722479,122.03676511223729,242.7245871135707,-80.4476808483315,-5.4934797113764,438.18008055490685,122.07601412464612,238.07101548645394,133.7525405548302,32.293814360107,-54.500264194324224,202.6053060352222,127.16495962514001,217.71926637438355,360.2197539339444,83.43497994146675,272.02590424182074,37.02150329035295,191.7483265923883,150.4963354742137,-13.989952774974043,36.30383083083899,288.3460303882956,68.17608710266403,505.5569620023914,-0.3749401328759345,109.28772928338124,209.91575647700802,175.2827368252281,11.96765234914868,114.09885968618872,142.23853561294158,250.67983192019122,134.29738005885574,69.52805916073062,141.47938525584058,-155.56183408277317,200.4941603376246,97.43338374390095,175.28667793606377,142.64397287322342,167.88507630586764,-247.77380438193967,177.09533896731887,217.84390322458233,40.9303403145436,203.37202620434817,317.01870263987104,132.20636914764086,94.49261864239595,238.34558795489127,140.924999122404,407.6172485939331,55.968681889525286,186.58143867698422,124.30400354609625,127.11618103612135,224.93798269632347,-54.70069034256154,297.5615936568081,342.77076233769,15.977596566776331,173.45237643891508,210.4330761277465,90.45057183927892,267.31358329676056,235.68209765609794,79.79971303563003,157.72203376990075
-63.34638075043413,-7.800854669382685,-44.08819314584076,-140.31354803433112,-52.53345073924141,-97.45302039129238,34.81635931635662,-32.580130067679534,-69.39843160216826,-52.65234048568231,-99.42321093223127,-5.243638451249135,-33.88766579273571,-56.539326805601675,-64.82479099974785,40.13878545340421,-20.76294665613141,-76.13887935694497,-49.91280343235837,11.893442204460477,-17.238012200499234,-51.74139544416394,-109.80827591465878,-76.67219281636241,-60.73681012524233,-4.5647814894727645,-30.750092453979022,-32.61010665882354,-55.756027420347905,-81.72595663407053,-159.8808462246163,-8.827715682227197,-69.61578166627898,-63.640910879971955,-92.52746105069659,-5.926536324868832,-51.035997516497595,-25.537672636455635,-91.75410100578436,-68.22022053751887,-32.28530981590731,-30.393100533126578,-4.2985823901769855,-123.25891621553816,-137.52585404435374,-47.48193725416914,-69.79134646012345,-138.30430700009276,-100.38822599399273,-88.28190799710121,-57.91098038736025,-85.40339689879083,-19.732001880320844,-88.68635888570593,-52.139875576829255,-174.90599532035023,24.692430676238835,-103.68359952574528,-132.80959683942825,35.29342764253036,-50.86470198785244,-81.12185475222562,-26.65470245429569,-41.97604903431791,-13.87208515824744,-15.440752962455333,-64.61856985937409,-43.67024421851749,-113.2314574714226,-93.44024425937435,-86.91806445381387,-84.42047215143099,-19.065265025472964,-14.027292008659504,-57.85776980350824,-40.040213396400056,-53.78572400029305,-50.202030001378226,-154.301158187955,-66.90605486286651,-68.39169688972265,-87.65750742117991,-13.158961864335213,-143.28704286020633,57.47107474956555,-34.09478817722032,31.27628289946123,-29.695240872391206,-141.8188813533423,-55.54067900327234,-70.56555688351267,-92.20572434280666,-11.269160573908898,19.80732445379982,-81.91318411943551,-43.47023817140081,-76.71510894006467,-124.12748652408855,-11.608548540025273,-47.69989966729647
-201.91643234478767,-92.72344317382428,-76.9647716239288,-180.0058905380868,-110.59989284479151,-122.98546586750189,-111.74367074149447,-98.24982444712388,-147.8909296581604,-109.71347014260998,-102.46366132540427,16.5610546079353,-99.41951964652546,-53.08693546808434,-116.79662279991317,-67.96207671961048,-55.19753673017377,-92.75221857136552,-104.56644385437437,-202.91709989210662,-77.8091768521538,-153.4915450756658,-175.3845759458838,-102.17279302763744,-137.76629994387,-67.05087770598732,-49.019635817416685,-48.952174038336516,-96.40622391737557,-102.94481445674016,-269.320766875447,-62.78934322007032,-140.91673898512784,-83.97999431219662,-172.199680862821,-84.87478162259107,-124.10382730071902,-188.5937880798089,-157.57637905524516,-123.07432348610801,-146.61689989295076,-150.7609294550069,19.486738315692932,-200.567706016613,-118.65032732795484,-96.95601274932477,-68.12719273544019,-142.46204155779645,-163.06506602670302,-157.39660762820358,-102.291304134853,-172.53011505742433,-88.11058975628188,-85.69611534319657,-125.690434190118,-213.1732372602992,-85.9848319051587,-236.87565602584058,-175.88876074136033,1.8629246719237758,-119.02105370792805,-43.58648796462615,-66.722738731946,-11.62089278564353,-56.20215442973973,-69.18828706413703,-82.82589901704992,-129.71885859393672,-150.11956473409776,-141.2906209729512,-98.18008408294814,-199.9914398766248,-50.38019892144517,-256.5005445931061,-118.94882014860106,-97.4477523835336,-89.17120871756603,-150.76417073455244,-235.51947026825337,-169.49022806524255,-139.66969543182194,-109.87915909354089,-82.01925299092332,-131.87535740320914,2.4305992342827034,-43.61722833659099,-23.948542652836082,-103.00354584348817,-204.31641590019368,-125.35688116716433,-116.62275013381938,-131.94601338071763,-95.78983238678128,-83.7193848962392,-157.3096254252918,-154.27470392712763,-65.43884503157628,-170.613282865976,-128.41082513050134,-126.20347692523316
302.0027327820594,206.24302896079266,159.9409538556479,322.8738369578816,361.5759085481223,265.4136519671056,297.7504949749332,383.0172905240866,230.84782716044475,423.73012239287664,280.0646873684508,329.294497374782,351.7950730948712,239.98072492606303,133.12967394405874,220.7134662173715,145.97663530818548,218.00170042178115,105.92228512149565,435.50860266636147,426.8620787461075,396.52933952171577,298.71342656213176,441.2982279225525,250.73992143674292,462.1289034477357,402.65886541841985,495.69262428299373,279.2206298111042,167.91537412949697,34.092391451005035,105.55840575690395,135.96295762295568,214.94857484297745,225.6800164959278,167.28957951535517,171.73879599789842,418.42486048996244,591.2799614750342,402.7044020368499,325.57453454053547,198.51917144895756,396.93427775729043,116.22778230531638,41.39390477389657,440.03416059120974,-15.9780410975564,511.4131145326857,194.75554249982446,341.5461878717577,219.61459325446333,186.54409887094207,201.2327535542041,456.8546623391569,58.27036062401373,472.4116948531504,224.74712694738324,531.1776615551217,108.28466774115631,707.2302061353311,222.80458827053263,270.3989841025686,-62.56981761720428,444.08924662010617,155.44005409228498,115.06482324578695,93.41281167024817,84.6394438520384,589.7948796773258,111.4886158112511,140.6138379954532,484.80305691053394,264.06689969245593,144.19747084773095,359.6566181270117,556.0253171110733,139.53614995978248,428.6566178613065,323.85586995233126,219.51314345249023,352.0180245333202,323.0104265293581,328.7354778544931,387.4862741364359,461.79991047191896,42.029683339638474,465.0986214647691,305.6018783998731,239.1453537572037,234.68852176125446,156.4353519309639,531.7727495467468,270.85865161540585,505.69838742294564,257.4928359277768,136.33406661336883,412.4438358917342,244.3133692553542,99.73619508747363,278.3887174898428
370.73497609104516,321.9933098574628,284.7638033171595,410.3318826142867,405.3060988116564,481.6319755364871,507.0690713007258,469.8736908172812,389.8474427659232,698.903647795963,497.0525276380816,505.83758138756593,475.65779215401494,533.6723746535982,327.82523854271153,484.5040688270037,354.3342439316942,231.90868108663398,327.54499706722646,551.0663008157065,566.0776523099327,518.8129307334207,555.0726330471355,614.5345018596164,367.3174404296102,566.4245340640744,457.5806198387556,559.0010561169511,488.7371967707356,669.0968696706008,423.26928284909127,312.4199152759447,319.6534119836221,465.7333843394048,422.6965325619162,557.9362459253447,614.3042868280256,493.722911352926,402.9708879502172,595.128677770526,414.29943914879277,593.0666914618247,489.9475809592662,370.2904499769112,424.304926512064,600.6190552061607,215.02390340529524,531.5287351812872,160.5583732524364,559.5304911614546,218.5168949041436,505.9812898380154,379.0962651673148,442.65200478064054,421.9570233398434,475.5860360237753,493.37453712108004,545.4613417664807,217.2444280802551,732.6941252027844,373.52498542921046,348.6169581338638,274.4374140886605,471.3915596495934,277.9197019019671,307.5708840823427,160.2958388225049,316.0147138260558,527.7360201830529,247.69805752009907,359.81619520495707,471.2048353689282,439.5591239896789,536.1385533596372,529.9694052380725,448.0780911206248,318.1962290155575,577.8271258448716,462.0291722253683,440.3848831325378,286.91754742415117,586.535286290785,391.24746345181325,414.67320193324707,704.3783936954509,436.2104979286408,454.84828598163875,463.24801766738636,280.4532426319905,506.77197977517,386.318589764028,600.8362888759866,360.56433886289796,709.4937196579237,343.67169866639625,347.52516437464897,578.3734186149981,318.2402959776488,298.2068849928378,236.90947888986267
377.9824182673335,405.0267324243386,236.66804944884453,326.1269890862415,277.1207903620587,320.03043168078733,280.98979996159136,389.3596472607393,286.3932273065585,491.3154627925697,219.7042232946284,370.46256983605235,473.3749879969354,285.399815772023,126.09784739153916,472.25378762477624,247.58130430418734,295.18930817251356,294.15152074237074,639.9946003779011,279.7659797918441,462.9527969209572,345.02954790330483,441.3041733612551,280.27060916652977,303.3240830814548,357.05869740559945,456.08239585097715,332.80862991067585,317.45366008202865,266.4916521241534,334.28532851943123,256.609809595973,195.94736272427667,395.47073698297413,340.82335119387915,397.0989304434428,594.3462086500798,350.58330473389344,395.555341676616,258.4057489622773,432.0739600487309,415.42330096983113,316.6988310700017,221.12775906622028,446.4588828637716,206.2275375765021,335.28643611531726,238.63233232176822,334.2451263248672,175.20210278520375,527.0070199904666,280.7140419105476,375.1432357192899,383.3864918480739,394.22889361078234,257.4558306014387,359.16998333964654,139.37707617883777,532.1216857385828,340.3377413286758,295.42767341473444,232.630206374935,425.34209578475816,276.5856878232353,271.9234969907714,118.71938668428784,290.9529775927606,241.0177254194867,154.94677248099077,157.83046055055016,400.304055636721,374.02732577120975,257.898474919279,377.28435639350545,330.14888322055634,279.20838513674937,516.3425070304697,329.30908693414426,419.20990781370404,302.54032662068965,312.6963406071476,401.26049552933364,292.662368751365,449.0089121047148,284.9405878273976,372.35312087200583,346.9905819769933,241.26097807080808,226.13627944107225,331.68627867190025,358.5818763516136,318.309008944358,542.1881845862547,276.66003536687447,104.34784892052448,345.609529320566,336.2206800868206,227.3873861465117,217.33221121881186
757.6062032487196,647.0929305426644,302.26090412472007,525.4992478773717,551.3128364775739,823.8677609242625,1002.1480486219855,1035.629255823922,364.2572797407563,1412.769723522666,283.46788474794386,556.9422751862982,809.7079313473541,613.3198543006762,236.84337861800176,485.9573390959966,475.54513534692325,303.5694413971291,402.0614059771203,744.0771720570048,819.5906918714261,753.8188226925636,486.729576775827,724.4567860141144,482.5504364240112,765.0986253312514,690.5856638055623,1082.035467715936,433.41145580977627,619.7993049895473,550.5767560284745,478.9569746355531,439.32703870716153,598.2293003411362,551.8103791149607,771.5633816437381,1078.04513222088,573.0935812348488,625.1570033878761,876.6478260038856,721.954978060394,1020.30725418274,694.2837360070474,221.31864339040894,304.07989480289706,1422.7516246251373,179.86390937450125,624.1777655307824,247.40661736424536,560.6279518449707,85.41419762660847,870.1563819846635,544.8482658688108,609.965315141159,664.2983489662977,1131.0225336536591,1081.2286894633846,900.4398356396438,163.3631747464294,922.6774714448459,350.1677250918751,201.3000623130632,362.9250562688335,877.897023582265,312.6605681617214,242.7477142315437,203.20625673564732,572.7332296253686,603.873013318191,201.91572495454446,263.65498418239514,496.7018838666135,679.2813518062711,981.2527675403273,1188.0251853435357,738.8198782307425,343.52613565186533,746.3506308220246,723.0207986024242,926.6902903585216,127.77709682586706,794.066735337234,1016.203955204421,365.8938323918048,1070.2251073032105,509.2848741943643,599.0674988685934,344.4617641668007,322.76467714230154,405.99135223700483,785.0069371134481,784.684718831032,389.3613408197814,736.8059232088913,527.3713397896687,587.6021599631779,712.4287222436604,303.1573140955225,260.9360955876232,331.70214034118504
157.91199297094357,201.3004055954432,80.94834950810412,190.8447027928383,228.4712103969775,140.94715421794822,326.29139399725887,308.08867286403176,134.97102658950195,488.6761838938361,154.97931199821065,137.12907326142292,144.9998627090196,176.58804367154207,61.61722415821622,255.59569476220403,125.96604936739188,122.7666934816859,168.48670413924725,411.98637154274286,293.9823723836455,209.85177897721158,183.5393982605157,292.2940873548018,45.44057756891315,191.00659896024678,253.52407819237564,248.3045012444166,138.66181953841058,202.78383969004136,212.38125926708548,108.29976105360143,139.94309024604317,182.20849701396432,114.65472435191508,234.8273861480273,408.84655144009656,308.1292911136719,322.13900567956057,198.71505324825063,241.1292392571503,452.4783231279236,397.0239534690227,12.94843158452628,136.40454053519346,478.7134540764894,36.98254718590561,180.89895655476417,71.0014698250553,172.4503917250327,60.21333501886818,269.7710873576957,119.38619453595365,223.89989355015183,174.11232674149068,352.573838021192,427.41932322938374,184.73694947451528,-62.40487266040406,316.34052260955303,112.03444937001656,171.66096204302264,191.06239212246405,225.18059210951895,82.41073324432,95.40288155104344,13.016196752550693,108.84408123997414,77.05847093685762,34.55358227264678,51.9298464588001,194.15051312596518,244.12240083238584,407.2025464176982,310.35750891010497,269.1203779023631,125.81587398199707,249.52787008694554,277.4703707115793,357.0478949032563,47.302949144015415,238.6244561828696,284.15001124602503,155.88335959709082,314.4105002039297,241.95230356231923,287.388564979658,146.2449021609557,73.30981788922134,131.27861981798438,249.14515683043683,179.37300943030561,185.49526284357137,348.79975954532244,209.28587993627661,219.34755510436835,240.33999955627442,48.204397164829444,180.61284204761083,120.01687900805945
162.77888637552005,265.1072886603746,30.457713132616952,283.7705447314357,111.30614699482622,199.37539727410953,284.65114858218783,334.75176734193775,-36.91928121749746,550.0669196645871,92.49244036603598,53.072238083090014,231.14429210847703,238.30686110039207,-99.03714225078176,2.271791621562788,182.86367048945985,18.054289365682116,142.3681543927184,82.36002051680867,425.78729192810533,296.2211055073539,108.15264557837277,318.8895214011511,178.54525715827884,250.59569078031925,69.99738282332672,316.64247718513116,194.11012968802066,261.53119983343737,262.3328040171026,66.19448116878254,142.21469519172487,131.16111533145542,34.710818543601846,513.6077032978749,553.1227585203575,345.31017341653137,231.57581000914814,187.63346438043396,195.93481464338024,138.3818058382992,223.62871295082854,-56.55663202288548,66.25020076058651,552.2065196298084,133.69366016764067,128.0513252050001,76.64306788211242,135.79843363960362,50.729045719825926,186.2767039088262,137.73274327138603,301.6760759978391,128.36932020860286,205.41113649764384,322.1635344077166,99.77715984946548,-126.48451055572124,248.714763609448,-41.07141579702902,264.8265697954405,276.0710715234433,168.72410868254033,192.129471832114,128.68568296684253,79.49545874085614,-150.82416752190636,70.04753035072687,-156.8342188151365,41.17395400091761,72.50134092812247,439.5121273558369,6.499551327621691,251.18052018713735,362.4552292434709,129.66995555409116,334.7787922600918,190.82014963986742,445.2822915090106,-22.216562963018436,246.3315894318032,64.19962584126198,160.89360903469114,299.7236922484281,313.4413776038386,367.87969176275504,51.433339426256,-10.17097388307313,285.13165019919313,254.79399065427796,198.7202147007896,44.51909419614842,351.19463316206486,202.69539303068115,33.44100604002807,243.84537352846155,39.21992673454029,-41.81552669381632,53.04182336607251
342.42820955541447,214.08237379988785,147.99774708951668,250.37471822536202,180.44973738593362,371.79146153825013,253.31900097317467,273.2753908680121,134.72921412637018,522.898098349648,30.384874577034655,230.40307283022528,240.43808682116338,512.0645943112146,-107.8268402726827,687.5334683914743,252.89276778353477,8.310348134190745,159.65417718195968,79.54992129623169,541.718815618287,257.3248714592218,241.2297869783379,461.04803232417856,97.7919351157033,74.51594224409966,211.94481561122723,220.20443787434493,229.76945796830736,195.42501083065528,127.16830859207387,257.18976735899196,149.02320276523875,285.494217577904,7.098124550099247,367.3863820958724,574.4074286220189,403.44436917568817,-7.486875252249119,92.99718673801353,203.4404075905585,232.1941925944339,283.38349569206525,76.52839150563248,199.6454232582692,424.97983396787066,251.62820699052415,343.7500782712368,-175.73789440240293,280.99561152590564,-68.10332997241883,321.29567808308985,196.52102138472173,110.25878903145242,341.4703244629181,170.75249610526325,554.354103965723,187.17702072933866,34.20148922101762,218.91624293832544,41.951678035308674,127.79053205023475,569.6999760269438,278.34525655218835,-2.663372772308709,17.684022442630866,12.132569077000127,221.97175395083863,30.16681083055647,-7.813377951233489,120.56708554251824,236.6509885640788,445.8753874623156,84.17810103050641,407.32487330885886,381.70886738011615,142.04603303668964,392.1585879604912,310.8031068025036,404.3759041261358,0.4666603026314928,203.79548852065807,313.73250639594846,54.21474638726038,501.50034358654756,488.3001342591179,435.2945631693434,155.40646875590315,4.387564846964662,242.6061992170298,373.003438505324,176.8620694347174,-137.33127719051768,420.4729868212148,131.17704178236414,128.96255299653416,229.10551896611108,166.44329081052092,330.1480832103171,17.777278817140747
662.1410958678086,1002.3223551056062,289.20833930369804,707.7116700004264,383.1673361423136,525.1380489575092,536.733824139781,704.5384837677218,97.875589960124,815.7850641351506,367.2330827699123,419.80724452348363,755.006738688584,802.4899334972591,109.60878628414928,685.245023432333,691.6157652519029,186.67231315601114,415.24959731848764,427.7454670053872,951.5094199552129,605.7197752565531,400.76193397810215,782.2142640299343,662.0442066768155,363.85205043111574,312.49439872910887,669.369681133639,645.7699172697353,776.0146154268142,649.7392534803721,572.4326241964425,422.57895227094264,394.1114921625408,409.7308726557814,681.257042812274,905.2010442601888,655.6189509417912,347.4068055161858,524.4006914381886,741.2762699013666,731.0971883131286,709.075237193778,355.8855864984461,411.53561903074007,821.1670752183677,450.2471807657758,477.72112802084985,195.28139276224945,614.090524493134,37.473838258918796,612.9447777909106,614.785718929383,456.68773073786934,556.2584029618653,257.3596513564598,1067.7300980445634,611.8435439140748,203.36470559147622,680.9851525781567,373.37636330111303,724.0529961523908,860.6601297316009,445.859986154249,349.4436597345307,385.8758487483514,140.75139198145294,50.40007885194279,369.51526373337316,123.00737621376177,403.92094256306143,400.20514557547466,1054.8524703554303,783.5167825608329,695.0781510941957,700.9818640256111,366.29939727861466,649.0647029722677,510.6158501457285,865.1215268657149,102.33497222698624,592.1078993066193,297.9191198968003,332.6361176744464,933.485199690754,860.118498123103,876.4743987637366,340.79293928176986,283.5528505206708,723.5902333648783,815.7658418076217,540.9932151188849,251.00083622498764,788.7810358384003,487.30666529758975,350.2030969255038,563.0143580038987,406.6335285058398,305.7195482467437,194.91751275587438
843.1041538230359,639.4608464813614,354.6768522505759,1041.199972601415,753.7133100974849,707.6552458617502,1475.9339467353627,822.5833548976879,463.5598379184384,602.6474237453848,897.6786259018049,561.7769722573487,968.195639453184,1317.9071973001428,152.07548746410038,1559.297781578333,662.3648149130664,496.7307723777356,476.7620080673877,1369.8632271310235,1580.9680181163872,871.9485752683831,863.6677308216172,1039.1203086310347,663.4513204925864,946.4956215108738,464.4569520262241,681.8176376064125,772.7673830950263,1108.1721382625376,881.8096294225455,630.3362593804671,477.76607406075016,759.496469477947,797.5536701177555,1125.7936490557881,1132.4187368156033,1565.905457393453,1282.6238689261502,814.8296293751977,807.1627482335992,1223.4914511787445,1190.6337291442733,562.9058744732395,750.79322104303,845.3346988129806,482.10206954402327,1100.0364852133334,505.88055680637666,772.8184060975557,434.42828129930825,964.1619744384939,682.1983948211674,716.72805,320.75736461154276,370.7522569674118,1430.5288152301016,757.3270094458957,379.8571299184331,1087.1648159349002,451.1447493024316,1201.2358372728268,1089.87865465644,1340.3179145061092,524.9368284568709,701.9852342519495,229.88383348515288,1036.122212557403,761.1611448368303,340.87631681463404,631.3014531664422,935.4813772596722,1002.4831844235707,469.4145268173656,544.9606212027358,1392.7720228716316,659.1834080814615,1061.09498891881,1003.1008570027594,768.9502929522098,803.6237385854369,1371.358376511142,607.3909971708475,1067.0180170722715,1924.8056464484835,1028.537494158327,1330.9822370890552,644.8292124119661,527.8519264222207,867.7543059302609,846.4767134951541,870.9159993014837,612.1597262517842,1205.5218449856202,673.6336534632503,559.1064323184813,649.274020144267,665.6337520402365,652.1324935548224,485.8626192804225
102.83763146573514,-5.3570467398220005,-27.486230656562892,-158.57989103457058,-168.91353230929892,-76.58166362208232,-74.51202718529579,349.67978262379654,-72.96354382398991,-75.50624581895012,-348.2874717173026,368.4007939585258,-210.7377049300525,-456.4409419063808,-1.1427394654667353,195.3400648872727,-90.57004958526598,-23.588148317649225,261.24399787200457,-198.25937404014692,142.41541265900364,2.887717282939243,16.715331857078752,40.15546979109831,222.24280834385132,230.08449552110218,-314.71981662539423,385.594142786071,193.68472697926944,35.701180298826536,237.13671983376085,53.21886455507258,114.04643960527777,191.41303260081548,-195.31013836247413,-567.1140128768914,676.5213286302685,121.62281257881037,-520.2588553837006,274.95034103193416,394.8046292604362,461.06944428611666,17.45092877697034,221.42633451926707,-272.43438009284824,-116.06672451905538,36.906823517307245,-392.0287469439655,227.1914417443402,309.77362101829596,-244.67824353465542,-238.14724270005317,232.1909314121584,1.538745847860805,72.02751625200942,-524.0187520064559,200.22273175029665,-146.8654532439141,-107.18765436085437,386.2953034356156,74.26901017543223,-98.0345757679351,353.6067728617871,-23.963166237300218,295.01965377981804,250.13252833764358,-135.31606261411505,-155.53158392145951,110.30116767874328,100.21655958125616,158.2420720226984,352.1481717017421,434.7569382661081,-166.34666000961622,150.5806428704362,286.2035545948709,366.756468946674,214.9760571302093,-159.30858564922377,338.54120662548513,-647.793236837517,83.33316574309622,-9.410053600223549,112.97319306115163,-429.1063381112089,428.5408054567141,110.68698476144205,117.56430694326197,-146.93228916303528,-357.1751625186838,438.21680992228715,151.79745080596317,139.67120852542047,774.3273692732895,-229.049422086033,2.9234763351846578,-8.028477809240107,111.87572576388048,125.52929592254542,-31.97861158344776
-51.96683006230636,-71.11462378854777,-37.24331274472463,-148.7392918663664,-111.61498784524937,22.689213250481366,-33.058862780109656,-19.671583208821207,-120.74053427863353,-162.05476765955672,-102.32732378505854,4.402495711586816,29.629683429181707,3.595759072576371,-32.942101914075515,-33.469522499644654,-4.642028808344664,-119.42434439816658,-67.83680115051693,-102.2377642874423,-23.866595816020784,-76.75538804889439,-131.25239644653425,-68.44581080431858,-11.355618762092563,-57.08670133951059,-122.99234808696234,-28.288837730899342,-31.6434161999065,-122.35902294581503,-213.9776547627158,-30.321512682556584,-111.89039729890082,-142.49569276704898,-56.373877998434615,-88.59328951214856,-146.54947361847414,-140.65093687202975,-181.8436314513901,-53.610863570505686,-106.92215675296933,-180.67560515117907,33.184543265899755,-35.716279350288424,-110.28139027320385,-50.8020565058086,20.70087096780405,-99.24361148997671,-115.85930364924897,-64.26573822742932,-49.61874182375399,4.133403640135178,-69.78235022688848,0.8270075869697213,-74.19974064692342,-87.64820529528728,-89.5748593546199,-83.56052016974701,-11.870836694281483,-146.6873374682739,-13.010341069038358,-60.4381471214095,-61.62240160187003,-26.762252769149708,-59.09652123268378,-42.24799492864137,-12.784192618893751,-33.81051589791961,-106.62699483606329,-67.32566279457076,-63.083866346678406,-43.10774000359384,-50.64609800297813,-303.87408570967216,-53.843186644195995,-75.13836835935639,-55.531626719983414,-93.78512127710101,-97.75008905988929,-63.34698929573281,-58.98418654330184,-84.23231274518899,-12.560129318254576,-141.1178471741133,9.658940883935445,-47.971469238702205,-58.31266033909104,-91.60163071393606,-38.40969635928164,-93.95921129987941,-31.65862123217126,-49.3727221036039,-59.418856645648354,-102.52498061944291,-93.1983282579595,-135.68926328882512,-37.3897507541373,-40.276585273685185,-26.914784956110697,-55.95606359535821
-8.53599879306337,29.274956973861908,-58.48072937448339,-130.14374819932553,-21.430548949254856,6.153582822975042,326.436193041743,-11.844918044992744,-130.14477233763213,-27.313263946119044,-63.65743177021932,-24.43870861929103,121.51771517076224,-146.23896460257893,-74.89940345506781,114.87945172444387,28.4920115351038,-138.3240234805689,65.48730148751537,0.9108379672902787,86.90021419596795,-28.256876642326358,-55.35170436619855,-67.67022609854449,165.34953541796267,160.67891781058975,-153.92454142820935,136.38640926407663,23.122217683573393,-3.0583437789321337,-33.266264841318446,-3.935572408645447,88.20582922344416,-83.44129187092933,-0.9460681349462019,-19.105766519376576,-209.12281046125688,-43.6393677642446,-35.45647983309649,11.23977242143093,97.16047742717623,-101.77165120673084,-68.06470949786417,91.62045706425086,-15.908653510025367,-167.75477566020695,-54.91726912562927,-130.9730898941852,8.3655526056099,-0.9939798257116832,49.844130412407665,-67.30183750295267,43.49286799852372,-89.08498703546304,-49.455625441045164,-171.06252619241025,-128.02934770339985,-1.1810760200127963,65.74304972929195,-40.96052427711122,-10.498772860218684,-21.833228791274273,65.63529022029343,192.07157288547634,154.908045238768,162.8879178721043,14.353761771462281,40.78278793461951,-27.821105534766108,0.2898527622712286,51.78568865857223,83.72858802388818,-65.70655211826565,-224.28754857503532,-110.43526649386787,-61.270138527205894,48.026844750107564,113.46914785990543,-144.42450856619047,-29.923869912623424,116.6292434523067,45.342750189242544,64.53484595578588,-64.99302432860368,-28.088050923717965,-42.628687011654605,-23.723346383333396,-41.278492959868686,40.02945460061124,97.24913820467319,12.013875165142077,36.330967864261375,67.03755737688122,93.57623325658467,-11.649753880874028,-36.087094912677664,-97.97560090761151,47.65724554846153,28.92398133683569,95.01076391560046
103.13816820243605,167.1919132235816,94.677064423328,45.673803465415375,85.11236957385093,238.99824846999635,-79.68880691868316,258.582300694355,166.6548055513095,396.011717044638,119.89891782142665,166.82526258849006,58.39243746804397,78.20098303735683,86.41967855150523,260.0942152025631,101.31964239664626,136.80890785949185,77.52059024113288,32.02530500945951,45.88337176369915,132.5620862904788,147.816251862364,121.16960793583053,152.6583042733404,49.79979414824339,300.91230533800444,199.04476431433937,86.58185866669177,41.170221247646126,117.80283784667114,126.86393187618847,113.1176682866292,32.57876963982305,143.697953766043,4.463843892646752,189.5598101888533,69.81298918010575,64.2639063995757,177.88314334922018,112.61724410965985,335.9441981191674,163.68598070225963,125.7697709749644,101.29060562832282,156.7456539271656,135.37791588074393,89.84266239911963,88.13649720256441,156.88374914489034,72.52879408452063,299.73162646043073,70.93634924672301,140.18495837514592,194.57502476421874,172.95896521590825,138.61989432315744,70.41439363123195,150.25128327778208,78.9626779779436,129.56307123867904,-87.36890696057631,66.25654660473529,350.77918363170556,148.9336258453823,112.69766639594454,62.82366597583436,161.68860988571765,35.88055406760651,173.11250771525167,60.7572782449493,121.74351347796657,70.24928224224173,148.92789285408708,284.03191283979055,72.70961336113322,111.31648607207603,145.1264903138174,144.74819264258863,98.46142041740524,117.71821303036675,111.96758554680136,288.1033142000604,99.48365098823483,242.3281372581549,88.16432093166195,-64.34599907989909,116.0213557057786,102.53781141025947,16.137917563232076,145.85682247086464,200.46107788094133,184.4676565522405,194.90808536667183,-25.84395767958044,83.00445523303455,150.12168054404611,199.2773301036096,149.02923613496924,111.6919743592034
103.00338498493016,163.85253027569496,107.31347596905822,125.69172692256485,102.70265771155685,141.0790598767263,141.13448498116233,107.40410366512214,126.37177000854706,173.43628612449527,128.55347942038736,125.50515683424386,191.24024242009656,114.93375680534089,85.0363699813462,210.80648060858456,107.09856095578914,54.31812642809533,109.85445665028757,79.63413407376773,134.030516922147,93.74922518194232,122.2266043390974,128.85001044915964,147.42181867775415,99.72082758551451,101.38952557163373,119.77894479240418,85.77675900541345,80.903829307807,132.4774942163244,58.577227832367,137.01762039735652,114.60061490582534,145.79156464473994,101.49610758392224,45.08546279993926,93.41067046333896,188.83222546102564,127.77433009766567,130.49087988314952,112.07290501615344,188.528524001607,142.28342665101778,100.62602416777248,90.46987086256846,108.94871757402491,116.21706962498617,65.5702968850262,127.34344209577357,100.18627148346208,118.56102208224202,78.37348114015715,139.37669091406164,100.17319160269803,146.8895840395737,71.80150373723681,75.27005748850104,134.7028645778196,-12.554187076346464,111.43375208027248,68.70135611238612,90.86112765188764,155.27708434730067,101.9906413423416,123.54833529289748,66.51477980138996,133.42374331040088,100.37064817267385,89.04499246112462,108.94792304069489,153.7538422744183,61.855300908231754,93.84178664359483,103.23443213266107,68.74620201807134,94.15712059136872,163.49584280250772,135.6794324650225,94.21638905637204,174.1470439537214,97.94163302466717,201.25527592628492,110.78553752406425,138.04943122030772,90.18776640197406,76.10858104887194,54.06052905186351,107.50550253758722,217.65228302223701,78.45554732776885,134.2770494536072,105.51149565081438,89.03415174915385,23.15483460292574,81.38867960642298,118.97909239963482,141.68619054285128,73.58853850900161,112.58939857254478
89.23000988170979,109.07861071159407,35.01733825818217,83.66412369483038,56.87375075481139,124.97128618318115,26.319262252675887,47.14854016631504,97.22427958990285,159.0474705535733,63.5941644530987,93.09523421952514,152.50544938506778,108.77231916768878,76.32964658531588,99.39452479164926,78.88846086895204,21.276604450325973,40.853456382700074,57.48643667862316,140.22939021587274,84.43883005906741,65.55109424315118,109.70288796846894,118.44986565572185,59.0197488748732,85.3763263159121,101.34334367796882,85.69343828862365,63.395373332972824,64.73346207458803,93.52342125293137,104.22691937814837,46.09811883664888,75.24878453551224,83.74074755706582,36.21977073227178,30.864893865455944,29.30161306048617,87.32495530508623,66.5284042622112,45.608037990009734,59.51275246607117,98.6423416017229,99.2141403650154,78.33197189758168,83.34600671026354,140.72617754798776,38.28591546730303,95.65098538893457,67.05968284292155,73.28353978210369,75.89637474831704,93.74137093834324,131.55092162823868,128.26838701231313,127.29661431768723,121.06495827263149,146.82470579882192,7.076320299272244,75.96216738379565,83.64427394030547,73.66287559245708,144.72734619757918,41.27707149481225,44.799515007917186,53.63604572806692,30.961693881711483,76.25106456664108,78.43274630557165,91.84057404388466,56.597843549037606,35.75527332586208,2.0653990088664367,89.71598199726621,52.53047306635125,70.51616347203233,86.37230008030296,48.31345593010782,44.78406781540326,125.29850284443656,53.83169403293729,102.79511896604923,47.057118170671245,88.11947433610418,74.71328479217381,39.94202293372837,38.57014474217686,94.29135992480695,31.816840877433435,57.720650432717726,121.91966626308364,61.66646731348976,26.164528326140154,72.4814694650012,54.79012881168548,116.79349420281616,142.49711179618606,94.85585868238721,51.03048637834969
-245.0122876908088,-293.6368117281137,-68.66977136727755,-308.31118144540926,-246.66116213757525,-541.1119397124615,-669.1175055596934,-426.9757132878115,-233.4540417356341,-52.667281168736615,-169.24915680832513,-118.06612800388304,-661.3342949275304,-60.05693606537789,-334.45771565286276,-105.06783092978974,-523.3249369536097,-293.97890778243914,-319.1478033165898,-816.3962078677888,-342.39983247396157,-282.77126857802506,-319.7191021716531,-143.32404507460922,-110.68851127653289,-487.43337224134655,-21.628587158559146,-475.1873638638836,-338.0392734454643,-591.0723728115427,-391.80032886360675,-459.27601601200234,-157.49516466640344,-53.8276448939322,-293.68916986521424,-437.25111803791526,-232.95933495408252,-304.026771219791,-152.57428001140312,-175.33150378419901,-202.7186020754225,-390.34499588716204,-191.2130276856179,-184.17241682221118,-280.9526273151639,-501.3488580169638,-38.74235794514138,-336.47263229382116,-177.4312139512362,-203.137973140772,-124.97790100854117,-571.3087440467039,-289.7661339794458,-265.9742624028977,-321.4207323699263,-354.33670801414763,-622.7797700443429,-746.92569112233,-121.31746887222423,-545.6160122223272,-215.21488429832388,-492.4680183260791,-180.23384810197106,-408.43347381607964,-166.94709779525073,-190.7571107683323,-195.56906389832093,-491.50238711220754,-282.16388665987864,-204.4097245774503,-207.33671493967023,-208.95248543217912,-230.69170923679758,-593.0778534624261,-622.1039228602081,-155.25766960476284,-138.68994299666875,-340.3297973889186,-380.7885868370843,-288.0531062757527,-236.03785659436448,-332.869995000818,-199.77591946606537,-127.46650235189533,-532.5236888185655,-100.45944708517453,-339.51470912149074,-412.67577050892635,-285.5910902296935,-265.57350091952173,-415.08041626058775,-303.0627647330109,82.31965512535156,-244.44257709602456,-480.62540170389775,-227.4541774268033,-408.5882358302478,-185.7299509437023,-185.0388239941715,-240.81699185638575
-275.6801916695487,-194.79481267247627,-183.9084299979561,-250.11943897413238,-201.25757734512885,-332.31536867376695,51.10312582004138,-324.5381328212199,-235.47911450737175,-235.74599159619902,-163.23752815441134,-166.59014336080705,-157.77665794044995,-331.8379886436444,-164.72891098394703,-262.5658574940378,-231.03902370857878,-147.8947750727586,-229.61871942618222,-32.65280288934685,-148.63261345405348,-222.73431668289527,-248.8582216733553,-244.0199119756282,-179.16972596648273,-101.39968586311605,-175.31214859619772,-200.01247840321912,-265.69550773574304,-186.0537528204762,-283.73022454290896,-186.89077779757386,-177.60178495019713,-164.31992354230545,-184.31960656287566,-259.75903267769513,-286.192454390722,-188.52293943157028,-142.70499899766907,-216.44968617043406,-160.38874454939963,-254.10600533662478,-177.6905837643364,-239.60013962992812,-242.9917283219488,-247.54265994848151,-197.5592065162578,-206.23255612212014,-121.83342849706641,-288.3766346269942,-103.84284804437075,-259.22944224203496,-199.621884379352,-190.2059704557974,-248.5595605259814,-229.54531664374315,-170.20570312882094,-176.3452571429428,-195.6166643718708,-107.17616919488094,-189.85113351119037,-165.57421163093963,-252.31518964780096,-192.96255629322985,-194.80502472483266,-159.11177005483177,-126.02668068852347,-242.01471757131253,-172.6351453527059,-115.72691497627264,-117.47149650474469,-195.8523174839011,-233.23454253304837,-218.9083170644395,-278.6325212245184,-184.11571041795906,-161.24137380111017,-273.2814322546015,-319.91776831779794,-321.6843577859982,-154.006164830673,-290.2218912488608,-106.82792961961381,-229.99905414828368,-265.1286028972139,-274.9479628935914,-174.61116136446876,-164.73013718833042,-219.03703655782377,-249.85623718296574,-233.36740447733555,-270.0047961355107,-107.524097234356,-289.7727578313812,-157.544131751769,-168.65389760475446,-197.7879817763043,-219.35273080677945,-233.83714813694328,-163.49502846893074
-135.3194634407556,-232.7591702848419,-108.02901875182533,-78.00180948023778,-90.24163958748855,-194.14933936612672,-182.22652030092956,-230.97532310622904,-134.7144777438977,-145.2492311185968,-81.82898961675726,-156.70534681883612,-187.4941176488567,-143.8419768855889,-93.96034649097327,-233.84874155965974,-166.20466601301155,-104.29899528100347,-199.9904130729016,-187.30745363419442,-139.17549358474096,-112.68032654884132,-114.62732593120978,-109.2605936734778,-120.54857874496338,-126.34523040291143,-125.8630537687123,-201.68836959756044,-129.25489833390506,-114.39191798226268,-150.357655373488,-225.47633577127894,-127.20954178271292,-76.3293195726957,-151.4643600817151,-126.4417551918588,-145.81703586445852,-122.52709662744726,-43.196446633608296,-77.75610870250749,-128.28911265253944,-266.42807695745796,-155.66611153120118,-128.1704336380748,-65.29170912938783,-157.65359825734535,-125.14381970185782,-84.38751652668753,-79.682219975592,-133.19802596595233,-41.15581699931844,-204.06269770210343,-151.89300198999604,-111.4969103593224,-166.5418878977518,-48.22151564006706,-261.4614421388618,-194.3903813044703,-71.96024392885188,-196.36759452017682,-128.40629326716854,-55.73892313302968,-193.14702991022506,-176.9182740177448,-140.9409822125689,-133.97136287679356,-55.14963581763209,-211.74117283047627,-46.34917457287419,-117.59006406321889,-98.99790790884147,-133.3598235161447,-181.31505169804893,-234.24761801460124,-289.8306398839111,-139.30532092182196,-125.7027076308536,-104.17208446742656,-131.92133339057995,-119.24620257295582,-75.26157325085852,-104.06823847959114,-234.99642487947463,-56.80047953605019,-206.20572412669205,-128.98464787459406,-148.93539715261028,-163.67274506011736,-86.63352290228714,-140.99740338719974,-174.14729378753873,-111.70142859193211,-99.72346315435131,-146.33703514128518,-74.41326760737107,-119.3084841412345,-58.762156910498256,-140.40412371300084,-125.02632639015036,-117.76907525341498
-0.6182151475099139,-158.655669930498,42.52169761227716,3.683397655703628,43.60877314769799,-33.89457216162263,104.03547716825584,132.1503867332176,-12.285594814639254,116.28622961824944,-31.59815034510084,-114.62451978714965,-94.63323024292616,22.44444327623467,-12.407147620502057,-57.38279281853757,-30.80264199265739,-8.370210803637562,22.382870862343676,-237.29816875914,-75.62872857115079,-63.21346654563571,-1.2150195587075037,-109.90704743388591,-78.64429798203486,4.926368849706825,-11.283637290308404,-1.6494429460627404,-54.40105839620556,-133.92019175902362,2.7369120702527403,2.6921650582517223,-40.08774252684805,41.30810214866552,-65.34932798988642,-12.393143366132916,181.49516256659905,33.261735710021526,34.851804687578145,46.82373020378414,22.54175589197887,20.545834860059596,-124.16551353929133,-74.47407954798751,-5.91342102218065,69.0105218858235,-30.11818927699261,-165.96487511858626,44.53340885134768,-15.083126461743126,-52.232148530501874,-52.19545814667834,-3.3482185082054645,-43.28938829116009,-53.880690915470176,-131.41939018045076,92.27385265540562,-25.1698506539606,-148.4583205585406,84.72490750954918,-55.829456693126055,-47.22970419973169,-25.221691595164156,-125.31643108270505,-21.04478843658318,-10.337429079429311,-38.03761520661285,42.30949970855151,-75.90016579640833,-16.035151292214334,-73.71726906447154,-44.55089886654134,-16.312268256819344,24.299958331076805,-1.5965880937116492,93.93255652075854,-19.629449533791668,-62.318346815170706,16.359134371128633,17.9813554815788,-188.51097829491331,-50.165225793804964,-1.6784070028441938,-42.53363222652154,-102.19818850803964,0.2121478213220167,-72.00813536337303,-27.206988537199326,-11.46965389890419,-221.59260663855935,9.167765900553457,-33.628834426385204,43.56804238692392,70.62340848712985,4.578437627782453,87.50777475059401,-54.136898479232876,-94.30309413830334,80.7566389894235,-20.85099541129569
-192.68989891728557,-180.27925334942384,-127.59894660578493,-129.4837196902172,-162.05756842207575,-174.38602297499602,-24.92439434294063,-127.91890304289463,-181.75210923503352,-234.7955594941998,-115.79066359447421,-174.41597227415295,-118.24993637412719,-217.36561818598167,-120.99945475791488,-228.0378812191904,-97.71824665879144,-98.25856853635045,-171.69227101827605,-77.0052872934917,-156.6946424069542,-131.1061075081406,-126.78894517850726,-185.45455494049762,-149.10527976843295,-82.86654261526309,-132.5852395729665,-181.31942332476322,-118.16548103192413,-106.21470813507206,-136.06851057829948,-181.1508810649754,-182.8302967027156,-152.96779185245424,-110.7576487626075,-103.20464879785523,-172.3910690490551,-56.17890008790569,-88.25927846160965,-155.47117139058628,-161.1799576884548,-171.0087598557851,-165.09541853206036,-139.63672266412047,-89.91520014435977,-129.52320565184664,-169.89918245774734,-165.02845383692485,-110.38788330430567,-176.74974930837774,-67.19827898335238,-89.16347218657452,-174.44997604840188,-142.89342479383825,-165.66138794147165,-112.54344212235901,-158.2550265464814,-101.60838994850116,-130.2139320009719,-107.34463326542304,-139.40124052478183,-13.639529045404988,-201.84875287046916,-124.33710225477454,-170.41447961875335,-127.43997120156368,-67.08244699720271,-203.21271664076275,-103.77832619747313,-130.28300467684994,-125.91494532701175,-150.44712303807015,-146.47715404099972,-179.79891272056463,-233.81279268833381,-192.03695191253635,-151.00389062197104,-79.30344529351358,-137.99986520265168,-135.70175700331828,-99.89518589313232,-108.87187777522162,-239.4260876941917,-122.86746973108609,-226.35511454313004,-204.61102656565112,-161.36943406447617,-87.70959372023088,-111.05804094223018,-111.00942205831382,-98.07557387503503,-128.06818519630036,-145.30065906963975,-163.15393668597014,-74.78560781864657,-180.18862535824016,-55.39037200247688,-194.77149663553462,-139.8914078133978,-132.24570904543512
69.3819150723962,0.3961498613514902,-13.786630626609503,11.402310745815814,32.506766628741,-9.115562550185158,127.72122268547619,-35.69508679727987,87.12029372133533,-109.92159552737283,-37.32872168115006,-33.62225647482908,93.45187938631592,-38.798937752898475,112.84445836275077,-6.299390820894828,-3.0814171684073424,4.533825300600354,-23.494009702762472,96.70226976026217,27.839271321903833,-13.865390220018254,-24.290921668592645,-29.61517959565219,-108.430590371792,77.9026385025881,-92.00604317569118,-25.093625873819324,-72.44398619301312,18.852822930999682,-12.452432448855445,24.674906796314332,-4.246951454401833,-47.43333282604842,7.371832240938726,117.83452407846598,-93.17379049859312,-43.113912027241184,22.92885601381249,3.6490910677026704,-48.983651526864755,-135.55714411446348,-73.78743861802982,-21.337348084412817,-1.2602582369814985,16.602420813408546,-79.3880827787959,32.313020255921614,10.186363750453848,-76.56568894614932,-25.51584898194069,81.28400397535991,20.599273620253605,-24.574013950466664,-74.76604296392293,25.213507631228932,-21.112885653122376,192.95860027379456,-72.60184200004895,102.75270955548392,3.2683858273071067,26.19824131291449,-154.87108321082025,-98.05509040666604,-47.91507477521145,-68.37772772105679,-16.978032238353727,108.72537381753047,27.19208677918266,-10.6330576556797,-42.929359480209264,21.059063588416286,-135.66325684133224,159.11680941832358,-2.118913550576256,-0.8086054433769964,-3.90697180464581,-79.13610233145675,31.15408163413386,-10.42588326188287,-60.987076889780376,-0.04328210680624871,-17.372506106571375,-46.96255807433192,54.70670712456922,-92.5909074141445,-7.467951828593923,-39.601012909724815,38.66405053286824,-49.55464438980876,-97.86739412340725,-80.57293944786703,-65.2602094806391,-69.7863462824905,54.67418983723785,55.79731259353982,2.80124846844776,-47.62396762501761,4.761422930752235,-11.490247193491458
-111.65935521493621,-80.61634845260514,-95.46789826956483,-134.46811449162823,-95.92732570174716,-207.04144096305998,-353.48014011169886,-201.35270229596847,-156.37135880479244,-286.423571200362,-238.32405199541898,-210.75006129975804,-223.89433609592615,-124.59479462945426,-122.45045119093157,-262.89710137490295,-220.93172371776924,-176.2291287169034,-186.49250566152818,-226.67973323110064,-362.50322539022784,-51.758267440687156,-146.1535112539029,-280.8460629557586,-190.20633791154506,-404.8827844395622,-113.47598846434789,-286.5535493435209,-173.08057430578503,-157.89831329825103,-168.73283150337673,-224.1862726590059,-114.49316903734811,-227.50778169543742,-126.55897738107006,-225.9033773283437,-220.13225895714436,-202.5304705120851,-270.8404086903068,-253.02190704058475,-218.7156885828634,-313.6115786345123,-311.5130032569755,-94.46472059934912,-238.79747223780208,-117.0678957001291,-129.23118743556603,-164.87737337943946,-115.6075299145067,-109.98352342979103,-119.41440534207672,-155.14499892838057,-114.56130451017637,-336.8000958514713,-72.77781444144675,-271.1998348178818,-353.87826297479927,-63.4614198114622,-226.6638309076974,-134.7894538403453,-148.11523134612253,-86.64132736662795,-160.30299122077983,-189.86493886203522,-122.95871371262851,-117.55214496075952,-72.25235964339763,-194.67595893871993,-181.68140918691273,-82.76331895529127,-225.44941068517235,-165.04296858684276,-196.89109163139847,-326.33904786385614,-268.00376884418404,-211.61967609492217,-190.01170416637015,-188.42362862896587,-87.57086455936182,-4.886627826612679,-218.1176034716499,-116.47643050909234,-244.92703493709595,-213.53860699433187,-324.61662536887434,-135.1687253490829,-279.33124988479665,-175.1593559131634,-116.696988082304,-251.27268805040725,-164.86400260368305,-115.77673458066252,-175.14144614209556,-114.60703312813796,-171.63589371022402,-125.49307516254014,-149.57571552624935,-130.6732187737332,-171.86190224923047,-131.24285354840632
-324.1246162415255,-413.8399417675106,-287.0383579237915,-522.6230458306727,-564.1783880645822,-513.8582679810316,-778.763163209243,-852.3009811722341,-406.5442476667571,-844.5129388621085,-682.4303095146942,-379.3290880357478,-589.2195283155874,-341.01862791602326,-356.03636068325017,-686.5098001172925,-476.4642909241556,-405.0572648728333,-531.4839678726624,-856.2719561213327,-930.4314233600461,-408.54253832385,-608.4130937588515,-770.6590526924983,-435.9779275691328,-873.7811229938096,-445.7417925569561,-523.271671001085,-406.608032663359,-640.7704037147892,-770.9835865543874,-390.44733966449877,-350.1779909324853,-605.7087770929322,-424.9353838371963,-760.6773560766898,-816.4787274366179,-773.9082957644649,-782.1919338555995,-655.096513101483,-535.188266241657,-743.1430710407919,-553.5913331014216,-230.63502563431254,-606.191120581092,-781.2969060847622,-249.5579173361968,-489.6104150939198,-463.65103995825086,-550.5253008805088,-359.2897835951721,-658.2184114167474,-453.591427663721,-678.2531720884454,-515.5520726472002,-609.4982514642757,-874.7339220193735,-681.0032006376545,-224.62869688590854,-770.0962402900792,-274.670437864778,-695.3967021234967,-482.7562964826723,-657.0376738919304,-372.873400158103,-473.45308134050885,-247.26726791522245,-281.5267403384066,-497.9573616997751,-245.863592420335,-420.3997179831813,-740.8415682305395,-600.2157422754749,-638.4373111907954,-695.6653766156843,-738.701217571442,-451.2707221395298,-793.3427518427285,-632.0169995453745,-571.1625029555579,-437.0982636919587,-569.2525386263093,-521.4247694192222,-543.2360677722551,-789.6795432213944,-410.1572688612949,-759.7978092759939,-684.0047068110804,-444.87901046369666,-767.9738489499329,-780.4274436792597,-630.1886421230869,-535.9260194158715,-851.8503955229264,-567.7098040098961,-597.5462872977608,-923.317511045418,-318.3785375765634,-452.9255860039853,-382.36639854041215
-196.51758089824128,-120.87197779167315,-71.70671138025813,-283.92125470292143,-171.15282251997468,-175.43001088499906,-302.3323966341492,-254.5531462984244,-99.35303909220534,-678.9779689664622,-339.1777288081,-31.59258828834932,-116.20677825749674,-422.90195834584006,-29.7292462283312,-302.8051475718182,-303.20620998199036,-273.5295206245862,-303.0276028089667,-41.41453053975104,-324.2586487407356,-168.82291036330463,-388.3287663496317,-267.1526215532521,-274.5591283197647,-452.8844376608034,-258.71705529243445,-370.4819324131658,-327.8472698320984,-188.21948993276033,-327.1311425219259,-166.72826022464292,-166.91971638604525,-458.7298536574228,-68.04169780750824,-80.11090035483979,-418.29680018188935,-435.53478589675245,-531.0302445148175,-456.50610272638136,-444.2490157424384,-556.9810912713912,-277.17666862170125,-43.59113996538722,-283.89059857326737,-370.6473230446107,-78.4522503479266,-200.75116197682297,-169.42059251603024,-247.24528603687756,-153.70686210139792,-186.03970043655116,-264.839191494806,-284.88101507954383,-258.43238574234334,-290.02625420712974,-668.792309105409,42.9199483726453,-61.48692282709561,-345.4466509868515,-135.40070051921256,-127.79262461320312,-401.7562963153516,-303.4702584662223,-202.47074439190183,-373.62269031817743,-73.6780866098112,-65.10380826479481,-216.98684500386048,-84.58824723370192,-154.51380752695522,-80.7456404567508,-387.0904297339062,-229.93879653329037,-332.15422502751767,-419.9333625400669,-173.26723536668825,-454.45477454986974,-129.83014606775558,-243.87119869577515,-154.91908554962546,-323.4758735455232,-315.3214667329087,-330.99134484368034,-530.6747847038173,-291.5231072303914,-328.3786034485428,-216.57316437238006,-32.62838446541102,-148.7684428793693,-424.0079748260407,-438.1047259236307,-382.5999888456321,-438.4831490190587,-256.9573042665022,-300.69410443333794,-94.17427878922774,-95.55492259324859,-251.52183424031077,-243.72471699781372
-99.68607367895476,-271.7070212383266,-255.80136036218005,-453.8193417591709,-498.7938503246641,-433.0103234938721,-625.6626448636297,-594.0808098741207,-285.5524905838307,-837.0353121976552,-504.06451399722414,-374.2586664191857,-600.3542856034884,-422.7488180307496,-371.76697889143156,-933.2268957529699,-454.3048299281948,-396.3543969163786,-438.62951204467504,-922.1408195518659,-841.6448845148266,-391.4406417927151,-521.7869325567526,-614.1326407439788,-405.1214984684253,-813.1153696886832,-456.01659849082705,-594.4145642108963,-359.99679332649146,-437.8761005167785,-673.2046774456724,-386.8577321670493,-312.8541042329758,-490.21377738829307,-425.9502453922869,-862.8991672054221,-644.8311018255879,-745.2964960325126,-821.3281762266652,-684.2474417922722,-659.1943297584468,-542.085724460439,-679.1941462377058,-112.2971949965429,-559.085485915058,-806.2756947395735,-267.6450650405984,-425.5595663001234,-442.17889844679746,-436.43265594936815,-327.2881886097157,-705.2791864164906,-481.0172811259744,-719.3827037537371,-420.54149195342177,-386.21815848850247,-832.9512500123874,-289.48191404025926,-133.305044528675,-586.3995468752462,-229.23928827272832,-507.55493105441553,-539.2551644774254,-873.9144620324645,-381.3350794830559,-433.4751308666033,-205.00896443652815,-355.023465976208,-328.2028732276433,-167.4167058056238,-306.64875232934145,-651.3137869402298,-650.4133149904984,-659.2140715633577,-658.1516950136357,-658.8802178563648,-375.0378623878315,-756.7796117351526,-489.1069011443289,-450.09520419263396,-295.6090855464263,-475.9763337212044,-615.2149023740443,-464.2616695255871,-867.5518974026224,-425.23077585560003,-721.3779569563536,-507.53616731898546,-168.44357741186147,-796.2953496311965,-582.8377202264562,-548.913539341551,-345.00831768239004,-918.893802034732,-539.3918532789842,-357.8989023803634,-1052.037663443378,-264.6257567701695,-362.54151287709743,-396.8187143911939
-594.6548704966218,-557.4237997089483,-354.74291445544395,-567.3004202499881,-565.4837817758715,-622.7757450820516,-643.9296752950323,-708.278241328699,-436.4959731574307,-712.1221749180879,-477.22370779146127,-483.3599622636436,-728.1328212497955,-602.2133382732492,-320.4975176557297,-632.2513980259702,-515.7955632407982,-485.2811111823006,-523.0770917598913,-676.2183308228958,-736.5312641134808,-463.72720164318935,-571.0069763018761,-711.3349704223872,-438.67985867927035,-665.4603886948875,-433.88841917063485,-604.0520384750919,-445.7362454768718,-550.7349396179671,-682.1644113384536,-474.2833304270248,-515.6982916707309,-574.707395040918,-504.3173210605152,-631.9706340271399,-620.6119498014981,-671.1660154100866,-686.9756454189929,-576.9633048522212,-649.7487171045474,-718.5783317117122,-657.7959717575587,-376.3046739255171,-520.259293784375,-815.7856948427944,-365.0375670637301,-612.1909714238348,-425.28773083570684,-568.3422658858647,-233.48124468558652,-766.2854690533907,-610.0249828737303,-457.04782382685175,-494.1914166672207,-697.8877117802012,-925.2029475472004,-803.5065486258869,-291.0160676099477,-623.3907567828476,-378.2940047479748,-461.14612893063764,-514.504642485662,-707.3510028086602,-456.2944645129711,-421.4167377076543,-252.7913299739013,-474.3402272083446,-459.8715559808768,-320.8842729722648,-369.3163900524963,-630.1142393086092,-616.1959555890196,-608.2183750065493,-770.7874968836888,-693.8637770174593,-478.53887895753417,-729.8216733993638,-566.8401824643018,-695.4893446211389,-446.16034007074944,-565.8308188969664,-625.8647816150316,-544.23224616956,-998.383393595488,-561.7350443996112,-722.755021531773,-426.8224579624074,-388.2889656570667,-635.0853676885636,-560.3355414125072,-471.656626162806,-450.62231981908167,-650.1494487295053,-444.15983102971035,-485.99821537621494,-551.6281058682943,-443.98952544470365,-474.86884872210794,-419.9647165067922
-470.45735697580443,-623.8316409105438,-296.6672759071574,-554.5030634015985,-617.0026660114945,-490.06763520802116,-560.8108020384581,-593.6879795038533,-468.4118259173529,-800.1176580693029,-540.8150465462267,-454.6145182994175,-782.232433529813,-509.28814478616164,-461.0917249269231,-697.8013003906672,-429.66810084764586,-467.5857606697898,-539.4980688342876,-988.9688554452833,-870.5182541122214,-513.7179128559642,-596.041538963714,-751.780651666088,-396.57595095376183,-647.4677706711506,-427.1464389320252,-556.0310443727824,-476.197504991227,-690.1891642644803,-745.0005115060284,-456.25030206425953,-451.69517438877534,-595.5449660072813,-676.5358414608021,-773.4935208216942,-554.5174252594517,-853.1988880651919,-735.5279860117884,-552.2699368295362,-476.2669832002316,-752.3469503735929,-649.2595307197423,-371.78420651118864,-461.3817871189316,-842.8646126165474,-406.9893053614627,-695.227880417931,-418.70007955618365,-516.184224962143,-256.21694543236305,-824.7950370477633,-646.7557306973329,-607.0994665053394,-557.6053169792729,-650.4297898150173,-882.3844327210379,-736.25658615932,-245.6925771720035,-656.3951832606916,-367.7687885115408,-493.623707277417,-475.3345677250026,-669.6417324145121,-427.6061147180452,-429.0960326772996,-203.24093272229769,-511.80773022937757,-477.1286502328173,-309.08504020612526,-381.0664751672998,-716.8997685659908,-586.6184997133251,-773.3359384739655,-717.8043568832279,-586.858507925398,-499.6393235841117,-652.1019108410185,-590.797437287554,-620.1277854054312,-381.26426854505047,-613.8053036122336,-693.8369945043929,-516.1204984436328,-975.4746811761698,-502.23436529544813,-677.5871536635826,-460.4078211444058,-319.5614348405251,-777.9839686090562,-504.6266596075182,-620.4433655824231,-465.91177751640424,-675.9263882043944,-531.5458043128297,-541.5322887571955,-814.1732166112009,-402.7899862184626,-397.2687463864543,-386.55917784653565
148.80288766391658,159.57037192653814,121.41575621252166,177.41574237170153,123.25663381872052,163.79518167000398,104.63415206410143,186.66757714788844,170.80090487430132,175.13007087945252,149.64374472438885,146.90464580125936,137.30127288352705,137.03433276739912,119.05727764849067,183.63558691924877,158.61973005234134,144.1750768115024,126.04869450740647,141.83588996167143,160.91484764857682,120.7150787845581,179.41416626393345,164.8408768510024,129.01011696059132,66.75404210157458,115.25361095314801,95.74537978994971,133.77417772191313,146.41570158969844,237.45015798907366,130.44537457250607,127.60112343623443,141.93197272114907,145.4440096130715,80.02983024804973,186.15696193317436,198.12837428171764,118.68462180751024,155.20781190813017,108.00006871372977,291.4922699383104,188.44899608488365,173.10283254529548,171.8670316272348,126.05378893913081,141.37271677960956,139.16502243111782,154.46814426481527,165.0446449894995,99.54284597661373,261.3464072791321,90.18887354721204,201.0220948889854,133.29894826858938,201.3171483618543,181.2536639753281,152.6843098869542,198.95064256951827,73.22348755254983,147.85255343014856,147.327044481564,107.08788416717807,125.02985694869484,92.95847183992805,115.5396996329603,96.10148984169278,177.65136007566946,128.96300525496684,174.22611037712218,146.73632353582815,170.70176961630332,99.51183006776702,260.77971580880893,166.50943532455116,109.64106912165744,129.24508026265332,137.5845062156348,255.28057399229033,122.7634625608576,98.78940070594686,153.8639130148095,167.46928372171877,203.8366313358801,145.70952828095895,118.12056602001587,59.26606388093234,134.64928607010754,159.8670014281594,137.5380311895693,164.4941626832033,158.11633016477464,95.02943638389677,102.87691697774538,131.5729737267301,135.48149155230004,201.65787724598343,166.98400524460044,131.85625436873744,112.48802557685124
131.68584681753916,129.5801567072354,91.20102171948028,133.3757772122153,131.59648445217172,131.19062543980348,120.74145756797705,174.83753869194555,131.3035706825506,169.25869061721764,127.50823872162968,117.52432962130526,154.35879967334566,150.45932136132322,99.59655194404496,151.2111210977829,118.48326026654367,100.39690828452036,136.83912481074057,147.38339831956372,149.876735994703,111.04393971539102,139.95963571241685,169.08825859876347,107.10089191657136,129.2201206108674,113.98558661571795,122.00671531853675,122.03546249891383,146.83991974298473,166.99146859428652,118.56907449708339,119.18243193547013,130.5594673915579,136.21493809471718,149.93953427982203,142.65657887904064,170.3573070448443,143.54476349927828,130.40332034370576,109.01781580769253,196.6843684977094,114.90210545388067,111.05701973619293,146.7847886527051,170.2398551215754,95.91123177446599,154.65467717159356,95.68380032077184,146.02275446441715,72.06549002882731,130.57979177220773,134.7179818251001,119.21148010660363,127.60996696798034,141.5205106840948,181.6415487287249,171.5452138783916,99.02921700188192,138.51696514320645,96.91469105827551,124.29989520530273,102.43730501629639,129.4677987977815,87.25343985805262,91.45017264502515,61.140083352466114,116.52417697624522,129.0945229355543,92.97672292633254,115.08941049110382,129.90909884312765,117.99523128156984,177.64916663833873,146.3636437239402,135.04169520674864,125.7416300857101,146.10376037655047,139.22887201689286,128.40248636485526,118.43377486831861,131.6903653720353,103.02516847093212,148.05298705727589,171.50087180120502,121.7269837023009,131.22537750778383,117.40033085290064,108.49875042232313,149.93869667690632,133.67232745572608,145.00566554667793,111.06242284190444,143.68480339403422,112.06721839344003,142.29239980521655,141.47444251982287,125.12272375244768,120.4639655676381,86.21743567982648
230.46209579849187,353.8854333379638,248.64412220638033,305.12486680174135,203.27338337512748,200.12179926307803,402.6493162798199,336.019701176961,268.9830601302873,201.9708517678692,235.1743792286468,330.78746755481757,392.6674150621283,333.2407664048043,168.8215660192672,569.9036170918781,310.0354877326514,237.4915567779373,189.18043815712355,503.09279005126,303.40215473661357,277.9142129235273,300.8545865607599,253.90940884375806,320.239756078286,209.5978844564866,242.71908874406006,197.93512669707073,172.2401049590552,261.08854655620183,429.0633831245758,196.30617951053864,255.28399855649488,213.32940902113958,271.0803739385633,244.0736756648185,229.2431708456644,416.26573325940205,357.26272595072567,298.56044249821696,351.9742402214395,524.409349549077,285.6199912301018,294.56336293770676,254.88168730621382,189.76568198878618,205.26613276207937,179.04789665874424,252.09982263526052,321.5499539756813,176.23296650593738,538.6041054451905,226.19157129239937,205.04740808247223,210.1851635247629,149.80585392474057,416.1070540803538,245.36887641895436,211.5209203592548,234.54790282619925,167.6377496296943,365.38784738963744,307.16387087317975,522.108097046569,219.9247259197725,265.17099555316105,147.40949092444072,283.12201207800047,167.98445688832894,258.678898137577,159.80246041530563,285.0363353671847,243.30521598324577,425.3000198425388,233.92301311771635,200.90319110171632,206.40597229219674,424.1007105157497,326.37187525363476,161.50879688744354,300.2347269930887,250.17349877285113,385.7741357211388,283.4417291276713,489.7519403269465,219.92132540711253,268.6047693135214,257.5646818571555,155.25412564171035,227.30353521972137,272.39741995012395,252.06473926111363,190.51731863214812,306.685805941272,194.7161795911808,122.7265477270814,476.1665993314843,245.26037834483947,256.6142106402282,236.47868269421735
-494.3192831369879,-505.62685632049363,-279.9831383784748,-455.7146058512867,-386.04755027508537,-395.808994000411,-739.0965005746107,-547.3207571491774,-237.9554582291721,-418.4125430395967,-359.7101223351143,-436.6479892949602,-733.9673657118525,-523.883767206961,-127.22372791636751,-593.8047298034633,-352.20118932668635,-152.86733313794673,-372.76429360442233,-565.9693708210893,-577.8412116598862,-427.1670869292896,-372.53236088061294,-397.36220603454075,-469.17617231591544,-479.90439185533705,-314.72947511044015,-450.41621820721315,-401.0032332139031,-557.3060660586752,-432.9007293468515,-295.0957016540867,-365.8025600303968,-416.45683341877725,-436.63844191770187,-425.347964802707,-614.2051617093491,-642.9018246328462,-524.3040224183734,-684.6173506241588,-613.3866927092366,-696.4999445599382,-682.9233975685686,-352.9169235413342,-527.0082273897417,-811.8387711193928,-347.69487071202656,-368.95451909511655,-170.36129302111522,-499.41816134910397,-184.8637689402769,-671.8653464096291,-342.09924159162694,-341.6704020798243,-317.3963901899376,-440.2548290885986,-699.5587428279002,-492.8428053342281,-283.91787647020607,-395.3871331611519,-260.9131488497724,-450.6290444014907,-446.0578242515258,-458.51518606410605,-265.3737544851872,-321.1559935165263,-171.64627559380787,-184.0138360584649,-319.122732298737,-250.39204687261974,-270.3379853114688,-418.2324503027663,-465.81848110438983,-495.9991663852792,-503.9912463432043,-488.6281549215507,-272.0073059219851,-623.8766326839623,-547.1238002618342,-543.4765946187599,-305.9799835782285,-505.3290922691396,-438.9060634846981,-365.07880192940536,-665.1768616150777,-505.16822213702494,-450.8446302980407,-325.11036829275315,-360.14125145410026,-543.7411131195017,-478.72160434913445,-458.38006388594005,-362.033838607574,-464.69997230738136,-383.24599869878733,-400.9121486393168,-633.7165197468341,-320.9664497534218,-427.1201839261992,-262.4463001718188
484.82208743150375,869.2392367384753,449.1444036444945,320.4795643411145,858.3095852301972,411.993928902239,1018.3970986328736,963.0565399755308,787.2115187932576,447.4224532474609,606.0975945273502,655.5182868979277,727.6483620859688,405.31360063511147,725.5683601588967,1013.387539777903,446.97655795568346,369.60535324477286,525.0601898831355,1587.7828680275345,599.8071286870598,21.680386279882352,591.8574543332559,509.50894544832795,235.9123463692099,702.0449002184561,379.9581076302728,426.1431443192591,230.94461185627634,809.3996388942959,631.2745008704521,780.7971327064982,435.01593240585674,795.259796530072,766.6506412952426,642.7187162861222,398.33309211126226,1103.4118950711775,767.6441127646857,550.836657875924,366.22743812497725,1205.5173326607407,530.7303446708358,413.5354290106038,623.7755038355195,545.8313025232703,180.51497675420106,548.7136173591008,313.8135540989601,565.839888598248,240.56944063069727,843.332995046347,507.67799490953524,535.8835570268744,459.6837819955878,523.2801057534359,682.0339629125646,847.3275208017641,278.6162817160599,1082.0912974633882,416.01269033205847,656.7507713543247,85.38319068167159,779.1739486316886,291.32160527497626,257.2253969635243,128.62172980419476,743.5883683383133,635.9617866901866,426.87828187470643,449.2706971355859,906.8796467943398,82.5802439789722,964.6573147122796,900.3489859726204,525.7857243811717,553.4941067991991,237.78425268117402,603.5000704400597,247.38590374487077,413.6620070626904,486.83693541225523,619.0867823725532,524.213341084602,554.3306568988994,281.59938684141287,415.979129808946,629.2894266792089,495.62019307777524,173.94250064403843,369.2024025854733,495.19003003222,678.1338038098606,491.7185561522062,255.31100713808868,986.386803285449,784.8960919779013,352.6426341903357,529.9044457931737,300.68544096567854
442.05957514773746,481.9183097766767,220.226189580654,494.52747660611544,430.5088744740409,430.159240800357,437.22521300974796,468.40470383413066,429.772764259298,554.331592800873,463.36528323663566,340.78682689845743,513.0303078493848,524.3916783790819,326.53704504513684,377.1421521405161,351.8887608595873,332.56755382515337,346.3916892092395,587.1986620152683,749.7474371063901,432.48831638863027,438.8300014911601,641.0511227531988,311.5132004165013,397.2516899292861,312.2069086851753,366.9518043517658,373.0037009546748,519.336407038485,598.1066527647636,344.4798407334788,339.8366047010044,421.2842180570138,413.2819956598195,602.5557414421027,416.0494496593176,447.56293976272264,493.6156520095426,386.6032987956411,353.5344312667676,526.1998557559134,288.6534062692295,325.2808164015018,434.30048883117314,558.2736838381869,278.5450898497605,592.450347956252,323.71092525541525,488.78959464318297,214.8339422502973,433.6679763536643,430.86862152205947,418.4503858813196,438.7660371070509,519.4936795721483,686.5944649184182,672.2244655658315,273.13889866623623,451.0398805457293,303.7092222206776,416.86948947773914,316.19757963304755,453.0910198550452,304.97226999497855,260.3579907430999,183.70977560386544,403.18550909346635,483.8892527842788,261.99267814881114,329.72016663439774,462.2339800559748,434.8048001616449,493.15803148821624,509.5984119185215,392.8056039873466,374.5083442453267,528.6726574968176,485.4855299620271,450.6559565057976,395.99192936745794,495.52331185469905,317.9281062227051,455.65081259142966,661.0909380221839,405.20220206551045,491.55441181519507,331.95292491725303,356.19635123385956,486.9879831588664,390.3148799247001,429.743437811531,372.8505822870255,489.0851226246069,411.7359850361277,373.6272290997686,561.9302315441582,357.8127717146454,306.00136838566186,276.05290831554646
-229.91236416434975,18.270509967841836,-86.95813216484211,-210.7013207728395,-139.879406034142,-72.67261031865505,-74.1355367154304,-344.61741908151,83.96602550278934,-67.85887920689163,-130.93259998600345,-201.41170412408854,-288.87833202873907,-289.2493763173893,13.708840790030717,-134.3837416179915,-118.2460616308524,-13.74260674844253,-77.29189257700402,241.3697340973391,-307.82277934706275,-261.4522178955267,-227.83883523982564,-246.2405030005219,-363.4012691726083,-124.00051869650197,-159.19629526544307,-75.97502553397652,-189.6198947072784,-198.6271269553766,-213.9690272403869,-121.86534159384266,-254.05283904404237,-128.19064558043792,-223.44682738533834,-56.51744207636331,-367.6945515383934,-88.98982625403454,-188.94721286672882,-217.48448579047596,-311.23951779233107,-459.4016877466411,-161.6020688390466,-263.7167547564674,-282.8267271284131,-287.6515341174385,-215.3844904060274,-255.88604780257148,-163.15277199934513,-289.6616785342879,-156.43392009113668,-363.4761382607631,-252.59848431256972,-32.363154886524704,-67.84261779283086,-193.37255620502526,-526.4788100948397,-153.96938664900054,-319.5230974380074,27.080350473289034,-59.67644060400585,-40.25831530746915,-318.7740073267989,-354.31555418823604,-103.60922729811438,-193.2688411406306,-97.04657492896168,168.71998280090105,-194.3793420841964,-218.53050430270096,-197.61470232603406,-199.95711482286836,-255.08601613214088,38.08982844994165,63.22210043141966,-166.27770052517425,-273.76832325777787,-483.7568421316,-277.7190719951046,-147.35813473182867,-280.01560911172595,-282.0153326794179,-89.14203125777215,-293.3306109341985,-526.8116840058256,-323.18516984872906,-213.80758816875453,40.1004129981785,-150.3358073606431,-427.7286255494801,-342.5918314918228,-304.6813976647752,-141.38774590853834,-305.6509957376446,-97.06953167778806,-17.43894877314591,-302.22694803895007,-243.08680966838966,-420.1828028775116,-160.66134113775976
-184.99545787167582,-197.02566006456425,-119.26876391687433,-174.44584021042502,-184.01828619585538,-192.74666437300567,-181.01551435341275,-248.0261532377259,-168.1954601621988,-260.2772204462869,-146.5429620782353,-149.75356921203914,-241.08661076631648,-216.78174621071528,-107.23984468621222,-248.63026481204642,-172.13703231287533,-138.03347268663532,-194.2457747956555,-183.62495674228742,-260.19070238017366,-154.67341517650257,-185.71764638714654,-231.20084757944494,-171.63847934660325,-187.3342378396374,-159.10787795465262,-172.59661387981012,-178.01872575681222,-183.2039047868868,-246.0957704453144,-140.683691449502,-166.72223533158603,-174.8238180020011,-191.1055738088437,-217.31471895057044,-236.60396522781696,-253.2064183570947,-195.59949702143132,-213.81483538924587,-176.20980884211713,-247.8537576682217,-194.68619143070785,-144.09929324830082,-186.73866255478444,-261.20390190390407,-153.61944411808506,-193.39997805819826,-156.02930383148407,-195.17249877960506,-91.96970074638408,-234.2027287945675,-199.08358297756,-197.11450339424422,-196.89491558709298,-207.1488919582792,-274.37922452109916,-206.94684240697777,-137.78480122092625,-174.27141250380345,-140.34117264723378,-179.83227321046363,-175.68083471494208,-220.40563496876214,-142.25264533892158,-157.07522365014194,-91.54054580143108,-149.4640500808084,-149.8376021488511,-110.10903179929632,-136.66489136890186,-184.28260177056166,-198.49453693450556,-214.5301527620987,-207.31496277746214,-199.5883921686718,-177.13478026262572,-254.1368121298277,-204.01043762570384,-234.6985885977313,-158.25810719512012,-194.12388021770403,-158.3180047860589,-188.5122789901712,-262.63218816522004,-190.4601406863806,-176.1749735572125,-146.70275173124213,-136.59026345528372,-235.68903292219383,-204.0257027765301,-202.27209661307577,-164.651177578548,-219.22762557595203,-163.77137542001557,-175.4060288162415,-252.93472518494406,-178.12827262581746,-176.6906749458243,-130.72160753611874
-510.328544570384,-477.5091209202204,-269.44780987284867,-473.9757548009156,-470.6003880519137,-437.8618570141182,-529.3190079066817,-677.8230634927934,-394.0991603073391,-628.7396529603469,-433.3801559172417,-462.44244670254704,-652.2526634257684,-551.2381947661794,-272.7092515862427,-751.7241142329508,-417.08694034734833,-365.15920078749537,-439.4151641002944,-730.2495976496768,-796.9459326215549,-477.3332551979695,-456.1088678590629,-664.3095678567888,-402.4637239016668,-499.87887590996843,-318.82858980280895,-427.20531014302657,-442.5794709565679,-566.9400436048642,-616.5178340203613,-437.6827323062645,-413.96715401788015,-523.3858929814711,-545.2054355933802,-718.9263164304655,-648.6400153144996,-762.5601650220287,-504.80696055441734,-511.0663889331375,-493.4475069686167,-690.2126514250904,-601.5114601211015,-320.9677731257393,-486.6015030850274,-697.708179194473,-392.18377206142566,-471.066626705197,-366.2533544134489,-510.32751758275276,-224.0216295858896,-647.375085799528,-577.3080281726571,-517.3282585225148,-424.25935118616246,-436.5042074095163,-804.8419326783659,-552.6851607508324,-270.53519244008885,-565.9537216315003,-286.9344180421508,-481.8427997436167,-502.93121519652493,-631.2216271702765,-390.7258705758752,-381.6346472408195,-193.36041266775183,-386.612566408178,-409.59137905967816,-225.26513342032692,-379.9182375335312,-510.78944332624457,-552.497114181358,-481.51971841646036,-508.274496177926,-554.1956115033731,-457.0100708336601,-623.4785411640975,-516.1215813844686,-602.9412075988936,-369.2631735104923,-518.231704001,-538.1557807540262,-507.7242482381781,-715.8552065779813,-516.5274852259333,-639.1441524990439,-440.7211261824837,-311.00089431308965,-580.1140422827664,-503.034387604799,-490.9680381402106,-442.8615639054037,-621.682302819643,-356.1157211761202,-389.90461984360195,-640.7602783788581,-375.24643268684787,-420.425200054062,-306.7600330841015
-390.4685391813704,-647.5426326048914,-162.66656008344148,-262.1505136880091,-566.1873873740958,-438.40306594321544,-995.9369669104129,-623.6865818238679,-415.78469708844625,-748.1315697872143,-395.281238080181,-370.0899414945917,-907.9585464412947,-348.17485402844835,-485.2441752815147,-655.0715203026367,-412.61459276138794,-353.4407491923354,-589.006384706587,-730.1710852873982,-1090.564431674345,-89.8034845916585,-584.7493762459784,-602.1778041154337,-316.77286563373656,-856.8921076876838,-323.37022159059023,-508.74332520928317,-371.788570348249,-494.2225457939036,-522.4460825092906,-465.43246836969405,-398.3410992534047,-562.4050842057611,-772.8753322675678,-582.1628732286878,-414.35542211758,-613.7769108914671,-645.6537402006219,-564.3494686249328,-397.94572650194584,-706.1083395695248,-247.97234773734138,-405.4529921444674,-549.1449128607571,-759.0113435476662,-244.6215819716349,-552.2902718783849,-366.29536342342294,-279.1513007455559,-195.89527662017818,-736.4824439298062,-691.2905262698147,-475.5980283054806,-497.68964598508865,-687.3533034299716,-1066.9221987031224,-941.6732910584653,-250.21832810364444,-727.0592648997351,-385.84749520552333,-339.688172300693,-294.40958179264237,-609.8636626233512,-247.0413840332706,-367.02307818504096,-144.8805600017167,-538.1621956125734,-492.353367690284,-314.68619817660476,-439.8406197378326,-638.6390526467777,-388.80290042518584,-788.4486030159148,-669.8161554367931,-442.46467655791497,-548.8701690143611,-596.1731249982317,-488.87872391928846,-534.4754931576877,-493.4210101804966,-534.5958816199604,-507.72870179813424,-369.80109681234325,-830.9811565004051,-392.77899609812545,-591.7364644849472,-309.4135801431313,-379.54357025751773,-462.5787062376471,-594.0910077482818,-617.4949595952615,-535.546986097998,-417.6078883568264,-499.183109526798,-612.9354960921888,-777.3970315443404,-371.4272081584528,-511.0179772678908,-290.76088572601253
-349.7277666578154,-393.22921988533784,-60.104430678674156,-118.79914073684742,-495.5805294243909,-24.82397339078904,-384.0769284056072,-323.8245976816852,-375.638711821989,-516.4239494652386,-127.76976766127213,58.62756664329516,-472.93892296380267,-394.58149059744153,-276.22281787303496,-164.59992034904351,85.78372964412469,-56.67943848768537,-83.7404039038632,-436.81289526644696,-805.9063770135322,-276.852786145168,-314.91571602527887,-195.0534501392548,-286.9978569726487,-127.74205061638317,60.29961595298725,86.96861137973632,-80.55200079942371,-296.3398762351814,-475.1404896738765,26.35514331074508,-438.3450360551487,-415.16438937026516,-294.0102362835288,-394.8771791745351,-604.0604969603952,-603.1999134423409,-354.2822661846511,-420.7984558230338,-169.43913881128555,-446.76291681597667,-188.0653800684537,-92.83000288303118,-384.30168148708,-461.57217230762296,-274.40775048254693,-167.86647004679816,-350.39258510533887,-309.52936248119164,-80.01705670636551,-451.55933022968367,-307.80582166945237,-224.2329799615309,-225.66819433794933,-449.5582521695317,-610.3431028662613,-238.58451884188497,-253.70465271628618,82.1481573490896,-152.4719835106006,-155.1668365401843,-115.79328758810323,-580.8976917761113,-271.885480957086,-244.22745266161095,-17.55741544088826,14.502997206223297,-128.6326189870056,-88.32822422099642,-57.66608710645996,-403.54504916331825,3.9801004706283263,214.23883834269955,-134.26512770907112,-190.884046647115,-484.9918067490648,-458.81870610452364,-202.0485687674877,-205.09722171856632,-392.9955586432279,-402.93502673324645,-76.39609325652019,-197.90361343569595,-295.7864704432258,-294.9561199704067,185.11377222683458,105.90911266886728,-5.913841375209116,-724.7777471802469,-120.88258134080507,-262.1589079192724,-425.3213659605459,-387.3499844230581,-188.47797977310148,-346.5196649872923,-811.0440121537756,-243.10576609856187,-470.83909148008564,-192.61510090975668
330.7964708650142,149.23564681011263,215.04338643652918,254.26040951650677,348.4158316024904,366.32497170128,-125.80468916946853,61.769631134215665,299.16785900425583,335.79099643866914,182.64294613401455,83.72915118668588,48.54155111455,223.97950473842567,262.5932223772484,-20.900573548814904,136.36861403543,179.82880331114453,336.3619687840089,338.8658035409618,323.8566645811755,163.15565676406067,344.6762207023804,432.1166759355464,308.68747827929724,171.54989790773462,212.97496311693334,195.33943812114128,211.83406472346755,421.0404551908614,347.39195677236523,423.71049435954177,362.91864198441675,280.9484785971229,110.96593285240509,359.7315856465611,324.73722713737044,165.17220158808908,248.98799692453662,140.40578080959904,134.83096968079147,347.8491716560087,165.4456559839944,229.86907154528046,333.3316799945961,134.47967780664382,306.55130225768363,405.5819789873453,296.6272274867196,270.45437843333826,207.48698538327108,258.8805539504287,330.7669949221387,310.0725676396931,220.44713783451184,565.7089401679617,285.8647268621709,412.7709762849317,420.5426167788268,247.5158635721088,306.3090959542939,40.85741446416807,175.88950227124218,137.79064576481457,253.70582135879704,223.95056478378788,199.49094761783834,412.0865569367607,387.44643995731826,233.1451296691955,391.7237261315618,381.6348912607133,279.4488577452216,631.4770241984747,374.1698859169871,342.6102833111857,337.05272241493503,205.3163630879116,259.87124576709243,188.08887905527237,313.53715251550835,210.3289330521286,53.6553754386856,318.4982614093946,378.38957077901176,288.9120062637669,338.7357474517897,195.21322456808008,332.99798352606905,262.90085158293215,256.93659980575956,138.02861937334364,205.37652829403214,213.0070977603362,327.9902070950184,327.4464272265888,-43.8384517669595,255.08683395008583,296.4168475370693,329.28828288679455
247.5720223309045,290.4553954230352,157.69936432705646,261.213602097354,221.88387176245308,301.15780587192523,222.87662384246124,350.17011900114727,233.8500350759354,315.1606986431134,247.4344164490554,232.2307338843664,272.3926409266826,289.45660076819274,172.4241481313798,356.92265248184674,255.70249519108478,199.44598116559675,227.3377499704712,268.44188128737716,320.5358921306756,213.8868440878274,240.12172854232367,346.657964681939,187.63647569229494,249.54238269418803,217.751128705208,240.06295170757807,227.3188866535788,279.0372707152572,296.69069091284183,236.82334362318616,203.90045038382746,240.93512753477103,209.89080995365097,293.5834251912688,304.1470481176982,284.13342791213427,259.4467288106065,239.22764519818185,241.66958393293157,359.1565865869853,272.30197643200546,167.36361777087959,257.4155139927018,320.38335479116006,190.3397111125726,288.084160964177,166.23736434301955,271.70479467195827,116.01013193346343,265.0092464553464,237.13938940652992,264.28260427034303,239.77961631973596,296.70820174955963,385.97487897893495,310.31343502254504,175.18446193372137,262.9091550604888,185.96945820413262,238.46131553127285,224.64072144491615,267.8078470811592,175.86659212254222,165.10584270188286,118.69277998788104,233.31719857827395,240.98203508047212,162.0434653100594,205.4575628316029,267.12091558578163,275.78168125921275,313.66721310392796,330.16318801203914,271.3749676027991,203.93839989666535,278.2325660204787,288.3477587788985,281.5565657771283,204.55234254712636,241.8589195558905,239.4821992567272,265.19137031151877,431.48463836096084,250.75407468920088,302.078078248834,203.17151628126206,198.41086064890033,283.209311636414,263.98940502137117,231.98382805692222,194.65507813490473,251.02305490169158,194.27968036551286,217.6082530518454,273.7977355224786,210.04241545126177,192.33615495723905,168.7846439687933
277.781615537231,297.7669380561924,184.00530989788027,255.1840880216823,282.7711436517368,289.83239223152384,261.83836354543155,422.0238248600783,255.03204204451072,421.8347730192813,259.8205627347859,229.9852721959697,304.8047194841859,375.1760579005213,173.6023530841017,352.44172790788025,241.63952879336694,173.84776789994856,283.3531962241482,321.70893360838346,403.3036941008077,240.15281135901725,262.5813334666802,370.087876748852,229.52359187564358,281.75813915912454,227.6270037180519,296.1660622816256,281.80706733350235,312.76197238174626,346.03873635758373,253.11384978914134,235.116641774975,286.1889632775151,290.7811308125784,395.0620118626933,398.3288728324607,361.0683578102748,290.0137367209467,282.17802836372454,298.4403852533521,428.7445965978037,304.35931179437745,173.3246491120223,264.9362337641205,403.9813451709147,256.9075333497866,261.3945886605724,190.64934150810464,309.9756161641142,116.32560292701474,288.9556612297032,292.5928336081888,307.81567482063724,273.7984126775638,257.43476099294014,416.43099031357013,319.35013515911584,173.1080420549895,332.4930316436902,169.15395661584392,247.34768900137138,315.8990024657145,265.2778921115433,246.4664261667204,237.49419810132483,115.8260284289707,211.11517629245066,210.32073215324883,135.01980430601535,202.93633884060486,292.4357620221234,365.7499614121145,373.75294063780154,368.24873286308866,327.00052159633736,239.55707690244594,322.861838855337,265.5722371904498,338.73629834036933,233.12976135028472,298.3168002828018,260.23356969436514,271.7463758442218,395.6492659337748,333.4247643694393,334.7419989176397,255.41556247569596,177.00980689882738,399.5741248676452,321.11544952817997,289.1068430763344,255.0893626398261,358.51238263062646,219.38921928407427,250.97746141520778,280.76381750464753,218.79739832609357,234.23674851918295,199.22648871041585
217.13933716483334,260.23841717549743,131.3981056256011,191.04109434821814,214.01134991548972,261.55221733638496,216.1352713075655,311.10234868728844,208.8531083663572,309.92706453134645,163.39529739302313,219.1957955855909,324.55427766407104,228.05883466226578,152.58019756862083,292.49663408102117,245.50898281305808,208.29386477746573,251.95135230495399,295.9078324048948,305.0400646357703,154.41546419848999,211.73926295189003,253.00585766554678,186.95263859218085,292.5540355597111,154.9487144906579,246.48601218930955,231.30195008603707,264.15033101881295,257.1832531797709,223.52971349116405,184.24148488324192,216.63036395613938,243.42529024146367,274.36410414629444,289.6488157276704,281.6818067669946,226.21085527992778,234.37609138643577,237.54925459081622,363.5348465664695,317.6404997033099,157.9510745189621,216.41774854967076,337.61249331238463,203.8437495550014,213.02577751666462,168.99449594893062,203.74354631742827,90.66483687002831,336.2597189576031,263.5940145207935,238.02297685506056,217.6938574632158,248.54372326548244,395.457200813849,280.0653300241629,140.9422788146495,208.3079929988111,188.50022325464957,170.5577872840122,208.99525586039815,257.7886391914436,198.20550377551587,193.01828572254718,107.48428069576124,245.65897867571962,181.87797198819513,137.17814275519606,170.10686320101303,206.3440284768492,269.7083634573239,330.30091211047227,333.74786921766724,216.9711345056032,213.12122258463617,268.6821861269907,209.77788408218348,267.401794504174,184.88210392838906,213.56177261245577,272.5810728799109,212.04939242962902,388.69205725807217,244.0318375982164,229.53781285200458,171.58634129820555,143.21955744176384,261.45030644214535,252.19059988474226,212.83257801490058,182.13660466158615,243.49106463108328,166.27859142663354,225.41258592236727,223.2011699254761,189.84988699695919,197.62723324227187,170.18172365182463
323.8742203792719,314.9282565152174,178.3412824943721,362.0522725536927,318.48824276692096,353.0049050446705,409.25170350983177,469.5395553982148,225.11155982793625,524.90368119619,330.4808305718852,216.68536118777854,434.20496090129546,337.00797916127823,188.00292821104125,328.7550217659725,242.1375540159407,216.85667478684516,327.7301198416197,463.33549890005,502.2161055146162,260.15897358035926,349.15639732848325,485.27374812067444,287.1405825211129,384.9686449593847,218.1156724810242,334.30950361225194,312.15826379532393,413.8199447709965,446.2948411208219,196.01794766290024,239.8770780470377,382.0566159562155,361.03869929701597,441.95662358819504,405.4978250128768,415.61306226573004,446.88348186593475,388.3058973265931,354.7398045185272,372.2464232709118,376.16881508477786,197.5800088699692,390.50720738622186,583.3408330047238,270.65956987908936,349.00157082733585,248.92016476090058,312.5635278501771,146.6481065417592,406.6970410412065,334.7891305965861,357.0429635844937,265.04123040542555,474.05659888099603,493.8028650741239,416.50988767918835,207.882142302871,350.32023470600586,170.520959832159,339.7948097330793,291.7088153376248,368.1161762717324,229.0640560649849,239.30257536145828,168.94970868893608,158.446754308847,307.71382353406153,154.1370725830908,238.12569406254966,422.5222677126354,362.0954079750741,335.1260905040283,479.28146457560956,399.8264521085291,271.06682379279863,431.9667526231709,372.6327245319585,448.66593612206987,229.09564124293186,379.46586564682997,330.29170816430974,353.409887238756,431.3048437556965,335.97748143063694,410.603961237665,286.9950312591593,261.42626948249807,459.7203743515384,391.50275467585493,341.16305381183935,269.6606206192876,328.549929257304,328.6648661784295,310.2876682452512,466.25952144434115,242.3317673187361,208.4299447470338,246.63374911706399
208.85331493428072,335.73797320704887,121.84292469105993,151.6197044156508,209.43067257974457,210.96411946043764,216.85441668510066,335.4210699950198,255.4389008919578,380.22187829393346,240.43755237839267,260.5881299089276,371.40946222973764,317.9165672585201,164.45354991439206,486.70105233797113,272.9524308695696,193.85787466798052,259.1453758383969,500.42973566868733,383.8164806574171,210.48228463343193,277.6908443559012,235.65840006247922,226.51988636724272,322.23446048015194,207.7312129493879,241.5168397562121,277.3537799846907,324.3146684023382,281.2298849472174,245.51007457488916,203.3210110463068,270.88976756254755,294.24653330447717,423.21427586524646,260.33403343379257,423.2859832789603,272.7973108187767,277.1949565421404,236.19745570211668,512.2434900385994,296.74313562233664,149.70341911198042,231.31862803807252,384.6803548295042,229.74839774984332,234.6777094610218,84.97578269477158,264.53823085523624,113.02302758719541,319.02617212052405,372.41248827788996,226.78489058264887,305.89208199135453,112.68408244119055,469.09297667508514,162.7241879567194,119.66767903679683,210.90219907070477,148.93463855856496,167.9426399255036,294.54209247841123,367.5388209770752,249.39979268102928,237.0539318016368,78.68377157011383,212.9634030867051,150.52497574191003,132.64486870333684,139.46865577890193,179.90597562741817,246.69782049361453,348.34633556290055,364.4834915294395,219.8975750889254,216.8104311171577,324.441776146762,124.9762315117205,215.91617709692733,199.44390014948752,291.6495970015675,296.38117591116736,186.21475344554892,495.17316916637884,270.604102779506,226.89040606548718,226.17345278604688,56.561600983048294,399.0155736785265,227.64795661868524,347.1549079949655,205.48499119297085,365.5501501965703,138.0947756251536,297.285235797865,289.6766574306804,196.7383720923759,223.5641400485435,182.084418964234
-122.1420778267112,-274.4439552242403,-236.29466665906241,-151.8706752188499,-128.77355541258265,-267.09974516450427,-398.6467730358952,-26.668260721303408,-261.7804551813815,-66.60333775831464,-117.95967938293293,-376.84774387874955,165.66279064330234,31.594378559039242,-249.45633751495305,-339.20395383225554,-279.23812796124656,-250.54085248797938,-68.98494443177852,-250.5315293112508,-67.57130485969823,-166.3464195928029,-108.1556145203446,-66.71102821011584,109.94035309404782,-105.54083503093167,-191.52754823961854,-170.98233042996767,10.096344765348938,-151.93748996937995,-1.9452337395985477,-412.8076885645968,21.678344434109494,-45.2040562921496,55.07418068387939,102.35218942695417,-103.4539569373159,-101.04587900370048,-95.23449701769756,-35.32731310144214,16.470190094076326,-394.06565433692447,-412.72282896503697,-79.52962983379375,25.906169064574282,-33.182276509408325,30.22363451105274,-126.00302125750106,-129.40441369239,-81.91303492229972,-122.67258452711394,-431.6784073294609,-32.60600617748367,-301.041884314648,-131.03535562560535,-214.36272970210075,-331.0635778923247,-393.2307808864578,-46.29477715356855,-561.0526484460287,-513.8317848360595,-236.568319466298,306.92173109823074,-83.44808646729524,86.41038981367602,92.98355749804024,-73.03281595736277,-793.4473590632613,-268.0311131069314,-263.2749852065779,-134.14033112850555,-74.71720876596116,218.56031706259748,-686.4162146357851,-479.4965085920246,-30.02736586761288,23.74217246440524,218.92518898547476,-442.73782207120627,-34.098331593170286,16.663899591543142,-121.41170925488235,-328.01076410096647,-92.6348002590049,-267.2908445621362,128.05282158184156,200.3722175905892,-219.87916103586716,-294.0603684190032,389.65297791476274,43.295065432902604,-17.40544916161608,-72.32091475192871,-17.904741126786003,0.36970429842971086,-194.66488137895777,25.168886898849067,-77.14521398658619,4.898166794828165,-12.875921163945996
-313.20255561959965,-387.9734275250453,-167.81880680684418,-234.76154365086336,-283.1988017839059,-354.29672492423856,-92.98149646691623,-803.5151533419529,-180.80512837001982,-655.0288750567954,-466.38547876662534,-49.700605634734075,-365.0215519183576,-581.3469212508633,-315.5790658094593,-60.28230420750328,-134.15115138252338,45.8558348758113,-365.62729719504426,129.84128031842724,-465.4695678617972,-145.32048985900494,-138.87366858163395,-359.5613590149807,-143.2540436045707,-248.02954936409373,-205.1358647096052,-275.47115974652536,-345.9890837594007,-520.7540668511868,-472.95932953772456,-39.476870105197364,-108.60383351387456,-262.8659304041437,-522.0684323933675,-485.8429350947766,-341.11077550799143,-351.25123347653556,-254.128431215757,-268.54218301453335,-159.10449398246368,-188.9283975008585,-166.51880809053404,-241.3511034426202,-372.29716668166225,-645.3652296313783,-77.4107545283829,-110.53719873505749,-184.14046556911998,-359.0409076487547,-75.48120397086937,-79.8527768804999,-22.18334342884709,-80.92648372419585,6.985229891670318,-76.91450886937152,129.36726544417056,-724.6854568497124,13.659208251626302,-487.6115420718831,30.261338865253695,-396.01693405577856,-233.17546770214045,258.42363869406046,-558.6912030063609,-400.33607533925255,-15.54021238522917,-205.65510290868176,-147.75072286243667,-94.44838033859766,-211.92120719914854,-453.2656203952662,-541.9349680136228,-409.6901434240546,-26.784765575283263,-315.9940874697587,-253.55868763725633,-121.9775215811789,-339.4607727307527,-497.3950591003071,-221.24805628156122,-454.0989529993653,68.81318296825177,-365.60039418219327,-187.4433303550202,-340.9339398841197,-154.04434785258763,-250.3085554812719,-247.63824752362174,-878.1707436311518,-509.26891158831535,-456.1373611693782,-364.8255495535865,-627.214841929078,-326.97745833364814,-332.07747129997836,-32.16771958600105,-150.32284794572686,-115.9695309948828,-107.10607751185523
-315.8041028100494,-316.2195202176968,-231.14914550622908,-227.675568050749,-253.87042137306247,-351.5525605486886,-298.7140241927883,-347.2137487874966,-342.9150384394769,-434.0590230675342,-173.06695102444368,-352.4913606170527,-372.0543802477607,-393.1693017919592,-214.69830281565356,-430.67664634027216,-326.60271672842106,-216.31341964738075,-308.41640603577986,-303.67025319656915,-370.93880262749553,-247.62355849462563,-274.0178066032951,-336.086661266596,-215.03461531056288,-246.6176081894193,-198.96339666556392,-310.5290664912644,-331.8607104081168,-296.79922811913883,-283.2774474941177,-300.914539263152,-235.99653933667537,-263.44352933498493,-227.56098423404674,-307.55402251858067,-414.81378933638797,-317.65212291484687,-130.16681242679,-297.1219623362562,-311.66677118503327,-367.6410732055227,-383.0753614398059,-236.56075408404152,-295.78693136579744,-362.0397850785082,-268.6012511288312,-246.7541088259478,-179.6067642697523,-348.1072564525005,-114.44677391222673,-436.94822802049856,-332.55112258203116,-375.7431441757461,-343.63936778725963,-262.93218697091396,-352.5622533118801,-372.8879493542053,-204.62510896334464,-347.6398449389025,-312.81192992717723,-271.4640715473456,-271.07552871302664,-245.19266075621707,-216.49154186018916,-255.43067090026764,-149.33893603346277,-340.48910102314585,-212.9330784994531,-168.24097345050288,-201.3046652088882,-267.7232831217222,-314.0525026148654,-383.90102781487474,-446.6027520872393,-282.13104025375213,-233.01659400777703,-292.0541505601126,-276.53547790880464,-311.09199036267256,-204.0410586898456,-212.19407985940254,-319.012074618742,-269.2112076226004,-356.11456923648774,-356.530861643404,-247.29479890338496,-245.9661014185684,-212.12556686783356,-215.89692313913167,-279.1485464365789,-250.38997976431563,-212.07395470120537,-334.2980837695673,-169.25820035946708,-280.6095597486038,-328.5536117821844,-285.45059095717943,-286.7263676105565,-181.13708558047463
-384.7205477280471,-392.3767561655479,-208.3727242484648,-426.99309733253494,-255.19827589660008,-497.0682710961453,-413.49182837266983,-497.8266598219447,-231.27160559245664,-507.3711321333225,-326.4316984563409,-249.0934638422185,-280.51901391616224,-328.61433790865607,-150.20576347203655,-265.46920817384415,-274.9434447952056,-221.60891595663534,-309.86519817870555,-248.2213672429595,-403.38055499234713,-254.06257938732375,-311.0355215464452,-397.5428251405109,-299.0512187125411,-387.95181211302736,-245.43581203172906,-433.38637886247227,-287.5465136584925,-350.4399620794941,-462.37897092708795,-236.01453863553866,-228.93021074873278,-275.2667134416892,-292.9315390819854,-344.79369384179114,-487.654144209301,-320.50720115061614,-373.03469026235496,-326.8385363734056,-392.73610778174447,-463.73436966834015,-429.86994493481114,-213.7231167030018,-323.6989808496708,-514.4666763290853,-268.5490464764737,-311.48118448916296,-217.2864798758509,-336.50844664655017,-133.88575301849937,-377.05588918229694,-242.93631897936856,-358.7032152965226,-246.29750255184464,-522.3163065386003,-457.74562923550906,-496.14959313472235,-207.08164195107685,-350.1640160698375,-226.27513308383237,-310.0627480751731,-299.7227150374497,-250.5780060428485,-268.8208947921941,-214.19136172246408,-180.55951345821026,-303.4988659079458,-273.03003547010854,-207.1574819195769,-230.43280102564407,-370.29446021011,-433.06005802278946,-440.794387205999,-590.5886072422976,-465.47642833585223,-219.35769231067445,-369.0168853970881,-432.5305319954009,-489.130968951879,-197.14846983197907,-378.4989092187999,-333.41452001292265,-342.98206879003135,-434.44899117610106,-346.1429793781094,-282.5358066845467,-273.9762984853526,-320.307003410977,-312.639991358121,-449.15654167157265,-279.22799041549825,-258.3113450952995,-368.7670003236134,-289.3724525281881,-250.8141650172674,-195.3511507582967,-286.6178724526628,-186.80362796309302,-277.9752400915636
-310.6214428127253,-361.27303503463685,-210.5481195483908,-94.3091204526788,-293.6050582976067,-254.53481835578657,-197.25958957693277,-372.0047356570079,-423.5366342307982,-514.2301473671662,-217.1738353969233,-217.2902048972501,-251.17932885844021,-422.22838516725307,-235.29965198844226,-463.38625550359507,-284.85931238353294,-154.68478836600374,-242.48528372627507,-296.7971755197331,-268.62414088246834,-265.32547627864227,-237.88013990151748,-258.3011330865537,-195.33961451435832,-106.04209462131135,-332.42220590680154,-304.57021085568294,-237.43314114378506,-305.7287070220236,-176.76315462121164,-398.7862743801225,-265.77982765259316,-229.1750735343083,-283.6172935098279,-285.58598850916974,-302.94686882790694,-275.7784748736284,-181.3504082625876,-269.5912286671503,-146.64831766610504,-537.2980194546232,-237.05772016546183,-189.52974400288463,-231.29453470794562,-194.95517089044705,-180.18686378588313,-201.80169466926301,-146.81050538121005,-290.46272949408467,-163.29432621966157,-255.04139472723242,-233.4504374484493,-213.16269484628205,-263.3926875675631,-105.68875053352622,-312.8887831693355,-362.3650863855153,-174.59097334438474,-367.0397204633656,-244.74545974614597,-123.7967307634899,-253.71317927469002,-151.3276363442116,-343.3448546513718,-317.1885581377058,-80.35966149089123,-422.0138879617198,-112.9902571477181,-256.0154619656594,-256.2364042577568,-217.28733648288107,-179.36574374746752,-568.44902426372,-334.873120386994,-257.73519977298093,-241.63931894603786,-202.0720629933119,-164.57978695250114,-184.351995612514,-165.2898166154238,-239.84051750141882,-297.50780081501193,-200.7759814784102,-484.11878911473497,-280.0028822783563,-176.03060922345932,-188.47211906187562,-155.32285711742986,-243.96310400538897,-198.72648418222934,-291.2637614580872,-284.0024893541163,-368.51041078707846,-192.25492540967633,-402.70003642718916,-151.87431504600792,-206.69309941127725,-323.4913605313936,-217.14135082972012
-384.9114036502007,-451.3760017537164,-171.06480171760577,-364.9003246971637,-309.84562298918706,-360.0853064912954,-317.71769454577264,-573.2107042037021,-361.60275372460154,-688.5816501892338,-335.3943203517497,-31.187362881576934,-318.4598257603945,-407.0817617906006,-287.8569812665962,-7.7777388668281695,-164.51309795022618,-19.686903883278003,-390.490747310733,-397.0206275742139,-441.29672484755196,-170.7797289117167,-367.6567160588838,-418.81965249075864,-424.3018844872426,-565.9741061170143,-168.06274341602725,-453.3301751813155,-306.42039430553956,-504.69775527179763,-472.4465995416956,-91.6968438631793,-370.90298614436966,-317.99224540593485,-313.7329969585237,-679.0442919970927,-621.3449951139033,-269.39249880465303,-400.9174472524488,-289.71941785080696,-399.14223693185914,-350.54092521523035,126.14993728398849,-222.56371975822623,-295.3164950250873,-438.02938641096455,-330.23231053843045,-338.81470050774533,-127.81947626472284,-377.0766821155405,-232.67490307562116,-39.3613818686602,-390.74829839355493,-155.0288103329671,-357.3833247755694,-299.0497339361661,-176.57187603440423,-393.7934410838458,-252.07518437579998,-186.53815347877108,-129.70592415273393,-131.08777020439302,-356.5652231739963,-346.4881871811728,-296.8713900650496,-198.10499807924398,-227.05125837831815,36.5803758962604,-295.29211305322883,-123.17183541625347,-284.13880575088405,-334.33617079348704,-411.4008425987068,-378.38846594962337,-360.88096078990685,-453.23812056396457,-313.3494805409649,-432.24066183332917,-193.15501046975135,-509.9432280301824,-307.2698194485433,-206.01811677211364,-190.0635742420761,-313.9962446996224,-387.1325076528938,-396.2225668282837,-449.03861454633125,-278.55238921614813,-328.422368646307,-303.4998392852503,-438.0134039086449,-361.69105112349934,-408.024867243643,-394.6730413608998,-284.87252843883516,-279.2309454717144,-94.69133057494732,-352.48750979153033,-231.22538238042372,-282.2790771715699
-279.6425344880485,-304.1323321344714,-158.86967596633576,-219.97059620650762,-118.76329480527154,-291.02441083015987,-83.77214178410767,-244.55627623153782,-208.73821078656874,-337.0067754591139,-193.15184520685887,-327.4653758882255,-269.92130135335043,-275.0118521686642,-55.669205292962666,-383.6414442248158,-239.23878680504163,-165.64928981511164,-158.05029892155918,-185.03728836395095,-271.94455388352424,-253.8990980818371,-210.65827313334196,-306.07429961337294,-176.9960451394431,-105.73947031182662,-270.25215418235854,-290.2820809623202,-233.3721200888837,-116.85343257602564,-204.60639029174632,-246.83534840647653,-170.78428507040056,-176.96122660681735,-140.96610430684078,-225.71661113304347,-278.02235487478595,-241.46521953877405,-155.48249350220289,-205.9122077033316,-151.4597376025518,-419.50541645542785,-416.320680365706,-173.34980213296973,-201.87967161900292,-292.87305094687747,-165.18005514019646,-214.05588647098435,-117.41494750429372,-240.104195941671,-91.2597668484167,-243.58027843638664,-155.91313471450547,-308.5098642724002,-209.41774227724602,-258.25491167253193,-354.8817528121551,-248.7257217466165,-212.60178733142897,-234.86977657160003,-174.08049463603163,-189.8670675747771,-205.80691275812495,-255.99568463650434,-157.3681711921174,-155.23005880310834,-94.81066964515341,-255.73344012586963,-138.85185251371678,-167.36408859283813,-172.6989392742431,-195.15280690408662,-221.81201300277917,-306.15623524748713,-305.2547262838674,-234.01010321679732,-155.89793990945043,-244.28743478954559,-229.4170309870073,-182.21448766953796,-196.235397383383,-168.46828505473616,-327.47655299817274,-232.42664353578908,-349.1747619557357,-233.41672199365263,-293.87825852732465,-197.80507460247247,-160.3495297009716,-275.4447041238232,-192.48413011538702,-224.50966326880976,-79.76240842946054,-175.99187824536335,-184.34882293762388,-171.64412551244567,-222.34181496020767,-206.58626635877727,-211.28786138119256,-164.37870209602252
-490.06150972220064,-543.112545739563,-269.37818541176443,-353.3707657875422,-626.0843884727485,-535.6772128013569,-507.85625479388636,-870.1149240673655,-517.4406968929751,-874.9219219401358,-453.7170010323336,-373.53304971983977,-323.74410890237397,-421.20233385715164,-354.18608104670955,-574.3865376538982,-298.02128029948256,-343.84004425633685,-463.3860121599694,-509.682043839552,-618.1086146814575,-269.969729526324,-519.5732659968329,-532.4749843873474,-374.6288255960182,-565.136241156333,-483.72410156806694,-493.9887636077056,-299.9362528481698,-575.2109106278418,-563.194101935263,-532.7111496903354,-347.24582736988884,-545.8521282541992,-527.3446702903423,-573.4168338992345,-678.3736823153595,-618.6201378539921,-610.8208581746218,-558.8347900166974,-408.52431492073555,-947.1317857073601,-651.5309645594975,-259.1365134625459,-365.13437226055606,-744.5436623429058,-361.4393618664151,-487.11195769143075,-371.86639239662685,-445.6278027617141,-165.15993757190938,-351.90617193830224,-431.81399454689284,-512.7962039806602,-365.39066817294247,-587.0286315591866,-992.9560969355772,-648.36054106714,-260.93780469918397,-601.198266514667,-393.4166758013454,-317.94660924435544,-242.2576451770475,-571.504619130728,-330.90043524197546,-338.57337481506227,-132.3869372364091,-515.3840865925162,-382.80393897418617,-327.0365413622722,-405.4965519100486,-471.07756121443543,-422.9109952295458,-891.3066028800587,-568.5553226590611,-563.6627521121158,-506.440007513969,-385.31501840403365,-581.2926517885295,-470.97781099904154,-301.51285862341507,-513.2089447153461,-434.02387340611057,-416.5432201821805,-668.6512803840451,-318.47369202543456,-455.7196630695434,-406.1780334164816,-364.66711272822903,-294.7169367195675,-507.71542799930006,-395.1603639363946,-614.8080332559924,-566.0597739624885,-255.0723859304368,-661.4739652797006,-488.96632384582404,-292.8547682633213,-480.90623715438363,-276.6408338759063
-41.493840610418815,-268.1973131531054,-51.416606452493774,-139.74591018161118,-259.01481720217777,-219.82725705183083,-241.21214832600666,-557.5083460289126,-201.36576532199754,-341.56102712187726,-493.74410586290026,-457.45402061856356,-655.0868205690172,-397.04069760392355,-492.39224174507325,-423.77464543799096,-501.95814699269397,-77.18639581473342,-176.24074406684437,-590.8345905471546,-806.6654450774317,-74.26689724706266,-320.1016509534527,-606.6347105371766,-165.12714600495403,-605.8984639527802,-241.4358710088092,-81.86825675093051,-81.26172845550944,-216.2415474341376,-166.1929740074138,29.426841683237825,-107.00772338362758,-414.60819930690997,-244.05578830115522,-659.5707218241176,-6.307807942090452,-238.09100278732322,-507.4995119330186,-251.52548817830865,159.3312402760214,109.67878192145544,123.17982139054895,-86.68835309967812,-599.348567221197,-151.30239308160782,68.71652969590268,-283.9326464190814,-111.27685010288411,-53.62022920871532,-302.33488673537937,-83.58352270133982,34.268556546251936,-505.28867689318247,84.8115692338362,-155.80140734182834,-189.89482155427902,-212.86322075479808,-234.5792591346045,-400.37593127693646,202.47451178385262,-572.0204940775636,-51.346556158781105,-703.6559005642873,0.7545505422842452,-60.32375015342641,-128.35003514447124,116.56933889085582,-425.82617610078273,24.15141692629608,-336.2217835091825,-656.495040409052,-18.870337970528688,-135.47551109916776,-46.55913287529117,-209.7221902199072,-212.64379829163028,-266.1665900257779,-271.40577948578925,186.2337875492995,-430.12428689641786,-111.42300166150459,-252.3350554463829,-398.2248918220279,-737.3947438882955,-25.016389371586136,-703.4027258100074,-251.43261796347485,-216.91854503952555,-587.2180800735154,-108.97645429470406,-394.95223047523945,96.19472923773833,-43.36618296671527,-285.7503837184399,-308.66613398246056,-924.7754003108279,-50.63445879337625,-207.6519304890232,-67.07636795915973
-642.3836238033048,-931.8151841619839,-331.73907066398675,-273.95263065971136,-672.6850692754601,-859.6354804128865,-316.0714267399663,-993.7430660705134,-1182.23144480719,-1040.630734341578,-602.5609477215364,-722.2876811442524,-629.6376174229512,-1047.1531581480835,-481.13596318064526,-1692.191813190825,-496.80201775651653,-763.9552924533044,-642.2535483221632,-952.4017038319187,-860.8571044922336,-422.41316700271665,-667.5101708034483,-878.8331022567269,-533.5502339206806,-695.4493504766601,-498.11914536524154,-664.9843508772304,-579.2683324787537,-781.0430412723209,-554.320695665717,-1280.7306953643076,-520.5870961573146,-944.9410693624569,-428.54365087480824,-786.1881414469167,-793.4418391242709,-672.6272593838524,-459.6411886741682,-1194.183159385645,-737.4944184378934,-1567.5978767829197,-1726.817831132865,-409.2100792174645,-582.923446358788,-788.7759681443918,-877.9192820719638,-832.3855588632376,-506.7925833379174,-756.6391752588775,-243.56602193417407,-464.9574199082658,-967.4157641468544,-831.6979677298673,-1139.7902302549878,-700.8015221202472,-1646.118718610686,-573.4299426615679,-503.4979720783369,-858.8246507774322,-1044.9552458002381,-598.3971069957909,-158.5017952723656,-644.7688924844832,-605.4767596491556,-687.8264531730505,-76.50843615474162,-1231.6782840791532,-755.4064072437726,-497.3138889981704,-668.6075559846186,-154.04611802360574,-576.1878121099069,-1279.92804818046,-1236.5479989526323,-429.25001191575257,-655.5544596882277,-528.9346405741121,-440.229695354951,-415.5113071384324,-868.849714702259,-570.6006972062879,-827.2718310238291,-371.55276527047334,-1486.8196696604969,-592.2093954054542,-491.2177038556705,-567.3959930779079,-299.3858265540215,-1044.7484216142907,-462.27088840758574,-573.1871604486134,-1298.2637047158764,-444.5615000553385,123.88580061445685,-1047.781503857876,-381.0472420917326,-508.3415262997843,-748.4332508655547,-300.47078659568893
50.05206486133228,118.36431316382206,-66.34841728977433,-224.05465058301516,-277.35732183681745,-118.3669832990279,-776.776533915777,-318.2553650755336,43.468188209739736,-452.2908717592839,-15.891433634266132,-218.96071824973086,-355.9459587043551,-602.4479559723372,-634.4073381107484,263.78950857566304,-531.3351192403001,200.42906841747612,-247.35687300112698,-519.6490538999575,-734.5804624287144,-322.3815863954696,-464.4423977013677,-454.5394783311475,-65.03175035802803,-477.4671705130756,-595.6569126627788,15.140193812304366,-345.47406459256837,-775.999755621501,-143.51791717318187,92.0285807635953,-67.37245797580671,-453.41878077394074,-476.30336957290984,-509.226627010673,-149.94041215851794,-469.95673464086434,-273.6222878453246,-11.75598950850522,55.543932248324126,-227.01487699631699,-39.09008790995406,-201.55365822432967,-886.6930638125758,-731.8869515313105,-47.43384122661391,-475.4847247317945,-52.86622651353093,-434.91902488061464,-12.92199392607381,-390.93428358533225,-68.58684272586231,-375.20279126656766,-66.12567057857868,-612.5737283424648,-557.6511278071556,-693.1256892280716,-432.0621469998356,-366.1949966486452,-48.455071970115284,-772.0130220381584,-77.99128899711752,-990.1849542975337,92.89401266805302,-193.1741500676844,-121.98611852059939,377.90657243115726,-310.8543215222784,-82.41791782524449,-243.99317766877195,-662.6755656077712,-102.50781546638792,-262.8168629768613,-24.006230231521634,-9.226608894741888,-382.5583956770309,-332.1227346870806,-52.989710460965775,-154.8474143668398,-494.0186629950858,-349.1058804657771,246.85450394183513,-502.90785742746976,-355.14692676799507,-299.69730246404265,-231.40463285692007,-309.3071575699187,-102.03106903115463,-522.2391427848927,-460.2353163780707,-517.2394558150876,350.9788941806991,-513.1066917507236,-513.5924546726824,-153.72106159989016,-1381.6339781205206,-252.42643628430196,-301.82744500382387,-36.66470823942862
-78.91474088222608,-179.59576007490898,-334.075313359071,-53.97385871310504,75.7022728448304,87.12665453560123,747.998091817565,248.4616293673661,-507.69545260394955,-78.78991314890759,421.1303223403999,-139.02295184087194,491.6204612527182,-314.21345784885943,671.1521717869928,-298.99674714028,28.82362928754873,-188.55566594740526,140.82179201681984,206.26406254125152,875.7563884200899,-231.7440613046305,185.51370875189897,91.62825126961967,27.03450428861074,685.1878390988055,293.62937832677045,-27.521384498694513,-91.78866986698915,304.10809367314465,78.80649014530195,-3.2497367109525523,-416.696969664706,42.231275355167035,656.2098717806308,154.25959464948866,-588.1175560061729,10.906871874760856,360.53532953552474,-32.39048461052142,-173.41085852894952,-803.8696155211039,-249.8548786443072,49.437978097056615,393.41356489931553,248.00564375357848,-603.5124894807512,125.24660166235695,-131.41343042950328,-585.1918497633176,147.20797472178188,-467.0156657417077,-569.6767357988799,161.25577681608507,-1131.9838634664484,628.7346854091488,92.3439414893255,998.7570100565854,46.61604345790556,501.18326215273095,-98.17940537042197,177.51160577679678,-583.0346808298074,954.4113840454764,-656.2073416657842,-659.5805223403808,-102.85245488836146,-209.8032683363315,501.7496897416462,-13.207165281443464,334.8048605785098,963.1533436524943,-56.127783903153656,518.6874244625935,-385.4497703528058,-113.6577433686845,72.92754558195121,-362.8969821819925,399.23614558162905,-229.13335347444018,103.02714199204979,-274.98730358491906,-424.3630004575576,-32.66264222761262,774.8354317640668,-541.5909641255478,988.1699124863487,319.4126255183367,555.7453720719266,244.3269039642343,-3.9114356313644683,63.48969858565116,-330.27732994490816,-173.46417096807107,701.3539467510393,703.3933756386688,548.0445294353505,-410.61102449935373,56.925542105302355,-227.27324975226585
638.5462587573791,1387.5973190084505,667.0751416027933,1158.107135906306,471.891040428994,1139.5182390976115,174.8652532610735,1979.7994494031668,891.6428745818563,1334.7438054578372,801.4090650917237,2042.4733615530324,627.3756238008929,873.8285837376932,27.326368580556284,1989.3311515277292,1290.160133009945,374.43290778292345,19.51618043012644,-55.13502501313738,1207.2292373751686,798.8231944774628,461.25229523961855,1540.84372507665,864.7473588000481,130.21950712888028,949.8758820474226,861.1280140825911,615.3277013058602,192.1083905840588,1556.4356058645624,739.6334417785766,691.9208043417631,703.9286681142306,86.05633491595293,1855.5469377586896,1495.24813811246,522.6502819392985,770.1351463685478,1021.506660799924,679.391312891523,1504.4749269075344,2281.3637174755113,700.852035730289,199.29486502725103,1095.1904987460437,902.4672922704567,559.6197544226206,1033.3743045273902,1677.0733419034539,410.1829406614514,1202.0250493299534,593.6606154568674,1625.117280106278,584.6798392039901,442.2100280080018,1872.7646866101913,1286.8757309295268,464.31157034377503,599.7617676526141,621.239592046931,1387.8520861065265,1065.9085699068921,383.96205573766184,1031.9355685541966,630.683676398116,407.57580582163314,988.5721771380818,744.5796661428997,201.21353374257126,738.8104377893665,331.3575717567183,1096.0581646943106,1478.53210487495,659.8583406029513,1584.7492459558682,607.9508036933622,847.65090994611,1940.2115538524918,1173.3842577282494,-110.97617732529923,1115.9065266007663,1716.9712414372275,1000.2882670600717,135.78854372350557,859.8000612549397,1281.985479531923,494.0705122265895,837.4030612004581,765.7327281253995,541.6527451376064,830.9507838792703,766.2231526256297,1280.6926821249965,36.388780261884875,111.09236912688733,1732.8717096413536,528.2213391570015,931.5028458020382,217.85427190169807
1265.1129782115424,1155.954547149619,1158.9890679366072,1255.7217744869517,1641.4720665520674,1889.7502059568385,-1404.6263821839818,1386.2699314815213,268.4388456318969,1179.7958309855142,666.5614985859975,653.3090344908453,274.614153820569,1181.8927304639383,-154.29859246216986,115.18508402819195,647.9110317499568,1308.1284534443373,1916.3756163666915,-309.723833149065,92.12532940663213,394.8461933544659,1387.0163517222848,615.7511878286048,607.0708531434019,978.149052480535,786.6164085120192,1775.7840932552638,1083.0289601695645,382.5871744345826,926.5721131811878,1231.204916347698,770.7561558151904,1054.5025204237859,901.1123320808063,179.4038715293466,1265.3721468310637,1245.1075658579844,879.9733291721091,1213.7075516244486,1003.8501259913255,1760.9571563797965,1542.248184057055,553.540995098762,1139.8788191520644,2300.3564593708975,1071.6721202799108,-54.40800536394936,524.5651991698958,742.6915285806523,46.97188877947815,700.9263053637479,1299.8815522753944,484.4550384885712,1423.7741657346985,826.9234467631208,1445.631135100474,-718.8161153893105,-137.95995063666354,715.4897700863982,715.2389165290987,-697.0643821734718,905.9966003442256,580.6415147902737,1116.597374228057,1237.0142343044247,396.62454390448704,1441.0251031568177,228.3651973466013,329.96467574703235,387.6929768834387,160.55086092218082,1638.6098470740178,420.98629566438973,2405.901732154882,875.7451893536395,931.9530427699758,952.7224040609004,1416.0382625483887,1656.918666288864,297.2978866622743,1372.085725164824,741.21069555908,1103.1251588671212,1825.8775604787186,1232.1975808703926,870.5325028543816,801.5153958231775,259.81689410512257,411.2598558088465,1761.132396865454,811.4354264010922,701.013059849484,995.2900033863755,134.18281770261763,1534.2862306901768,-758.2123292344943,660.4099105129382,288.3992055977043,945.6461403459708
-9.831429248694263,-268.62252748953944,-227.56820312364286,30.322833153685995,70.61009059214207,-89.14083715587282,2198.2231551521286,730.7632476133865,755.4058289035493,163.07215070913833,877.4086641159568,-239.20741874583285,60.374214875357566,318.493997098387,940.3732074343343,1663.7242800581714,-114.29782197795564,-470.9086377269987,-242.2584554455797,867.0558983133858,1226.4463555669372,793.0545002134659,-134.3262384095351,527.2581104272327,201.837828726082,402.8228078532662,19.08923507615069,-300.75079433010524,-258.6848729672983,1218.6900904436554,203.45175901477236,-339.5342894327612,-180.83940996276726,194.85532709725948,467.91354408396234,329.89389925779,-452.7018339008409,620.1786244265709,836.2378956863796,532.0242278261851,891.5420893846889,138.07578246512304,-52.47950306944967,64.04506538841152,-133.0936521531119,-94.84837982270695,-599.7503564148245,394.1082138771522,496.1912064858272,595.1694754764419,118.13326546081421,737.485775687925,3.4121923738414988,967.6626015183506,-629.2483244556204,394.3913649553569,-56.33506893037165,1760.6709298806256,167.92526844637968,1338.7484615016904,499.96049776016133,1368.32496336084,-765.8631987988358,556.3820863157754,-247.82962666122518,-157.13887822884743,-194.7807327283174,221.01644025709595,528.8707819435583,13.219245154306632,397.9911953070839,1159.0567769557083,-74.94380047460045,1308.844372961789,-831.3977548325965,426.53508634401976,471.09997847981833,78.02833470638699,164.98766301855983,-101.91760999649519,494.797210913777,118.73084811592153,-3.953795327587423,-60.41334290795297,-1078.3930316437845,-624.7911001049259,692.2458649849921,-13.212781333949662,562.6283172722182,1156.6620852534556,-654.9677434889544,111.06547013676602,589.3761231765682,448.923706315725,381.13346369791475,116.58252374817064,955.7067254280562,-554.4930276947952,554.914479278621,-45.23175052220418
-451.6692884256729,-943.8108280863618,238.40883056275112,-209.65654422558376,-314.14252126576025,-277.31508000345275,-1225.6162983460135,-499.3471739952999,-444.2495869245981,-551.4263976731206,-509.25689430727385,137.14604915207804,-998.4738435045842,142.3551008616553,-526.1154619647475,-1996.3070938120713,-151.73492555830094,-148.49288455348542,-76.52126702142908,-1644.622672124392,-740.9453355238162,-263.53259123089435,-111.61633365036256,369.7279026910145,-1154.0786801794036,-473.97109545444476,-1088.5079138021654,-97.69754145733502,132.94057623296283,-1594.3837916348575,-1003.9695743046773,-283.0823042531191,-264.66090404988057,123.72346545339092,-1444.7553498281839,-1117.8804478471181,-114.7339004005548,-1444.2152724877583,-670.5512290171264,-561.1689736750059,-1163.139117652209,-732.0380368919841,162.05379880880614,-219.11361320257384,764.1569513657981,-516.718330004551,-89.95142169712284,-659.7974826249721,-791.1406426877159,-363.0246381953067,-77.13978130042064,-762.1989913620897,-1291.5916460381793,-807.2518383849699,388.6366361020804,79.82736933159806,-79.72200571861171,-898.8554362458742,-95.7399617426173,-1174.1771192920705,-434.59115518985385,-628.9570719123211,-265.7967632083702,-1273.9759661510966,-206.73633980185392,148.06883704020746,63.22866392704819,-213.46091439079999,-194.22416716560485,-283.0935323736158,22.064512899019906,-635.0092244642185,-290.13846202183225,-1811.1879104945506,438.37189742536555,-1041.041091455446,-882.0172716089677,-400.81732711247713,2.962224730476111,-318.65182484762397,151.44362613305898,-137.15101857171166,-130.89130805204744,126.29793025160089,-1480.629650647133,134.05469447149494,-957.745556804928,-45.868068000000115,-373.5776184846131,-684.5072749306584,485.2141873304362,176.10663791402348,-901.3017362312421,-1058.6894077602446,-852.5049198876212,-692.8800629682748,-728.4406379609364,166.24204542216515,-477.9226202937891,-80.31873310043645
822.6046070394948,921.5878982743416,952.5395593011399,866.8327084511487,1069.3555991980536,741.8091931755666,918.0897361315978,1142.2818905792697,757.5061031227099,887.6742586946788,-276.27419840410494,699.5647413991283,95.77047831662148,1380.1996604169035,326.020936261567,855.31328511473,694.0467222246369,800.2720014072692,752.6511353080997,-55.71235769663691,488.7746223877642,1101.5146599591778,511.14949174579164,-174.26392429308837,1056.185045981286,481.1493611675436,812.3990331271297,996.8444565676317,903.5058207219585,1078.66027607054,1192.134302056395,666.8776227251682,969.726686648529,777.1503441401045,1032.9527178645162,1042.754227124724,1833.628606113029,930.1482590555238,-2.1457851269159476,1264.6801322360418,2291.3002204155127,1459.7960378687935,736.5315032630976,705.0273104230904,592.3366532048963,1016.6260988366595,1644.4747477408562,-707.9173512095857,1308.9746567754212,1218.686703403848,370.26268572681926,818.0596448515016,1809.582682133951,472.90865104186867,1295.0863011812482,-70.02433501594693,826.6782865759948,-740.1792321794602,291.13659366278495,880.9326227997362,895.2987908842517,1010.5575793105651,1694.1768047811877,481.53902844756084,1540.5172403513825,1988.729152904347,456.80740198879494,638.9491434242192,-600.4124711050144,401.8412906819895,-227.236048145855,-80.40458725553013,1318.4344025351802,-19.93380377770401,787.6855831159456,1221.303587920543,1145.0061348247248,1468.2022500491018,-251.98769970211137,1678.0985948999287,-113.03877752259348,1342.2201786003543,-110.26827305032211,654.7796273119269,1158.6811201535704,1814.412687672086,-388.00923555274056,352.48450868749,39.11092007694272,325.06267291920517,1296.6705376931961,529.626089860672,1773.9124858251234,2116.1199116240255,244.18610757439686,315.9655105116653,185.67722484903524,1235.5762783439768,847.7784470857227,951.7471582940861
-251.48340139422407,-614.9091135789887,-544.6818123360549,-531.6589074432444,-419.51249369621354,-247.34825314777123,-394.4208628523026,-509.4057765041292,-99.99156784552234,-763.2881446800253,-148.8000292390262,-605.1256543902224,58.08921637300383,-950.1758653938632,32.2642584108658,692.8593538524407,319.7766143328702,75.88621343752305,-355.7206770648003,87.03344171210456,-1068.651463070737,-503.58478149621556,-936.5600141990121,-119.21392133434324,-546.1882528590284,-403.54691924009074,-684.7030358193518,-374.10412463146537,-354.1318009291469,-564.5108721385142,-571.8345075097994,-311.7487485576403,-753.1868862019649,-802.3962542661973,-201.88342326048388,-622.299463323044,-1226.4721444645586,-197.04139312279452,-373.47841646651557,-946.7939879042879,-1082.1326038840793,-1192.0351073896863,-874.2101239734944,-518.7292261722492,-591.3990936604433,-1054.8990459361953,-988.9881134984222,-63.45183116766363,-639.1314763881707,-792.4500716083945,-416.4854050404781,-50.189234948086145,-820.288761589186,-572.3550790119934,-820.7440999515582,-678.3945434395959,-1682.0606336224048,353.4251307071702,-489.41574082722485,-241.03787532458045,-326.35992641657276,-551.1993306139839,-782.7477774579336,-192.60104137775977,-336.3814901937862,-695.7643103660454,-198.92657072633034,408.860848466391,-33.424398614491565,-114.47475631642415,-157.48342675750405,-17.741687709983985,-729.4137411017766,477.91758589852736,-93.15161417426647,-669.224109914648,-1132.2390694191236,-1063.2940961140469,-823.5958135754785,-584.2377784814225,44.30777276345088,-1062.2231316297755,-219.38181477387778,-516.4893389271917,-334.3255238347655,-945.334648738833,-610.5426756114479,-458.9674320404006,-33.95011444538344,-296.86842833166145,-816.5067988714532,-578.4100045987255,-560.7860555605423,-205.34735577935393,-33.81311283048548,-507.18276814458625,-916.9928186308448,-553.8311689058357,-723.8408229634623,-356.32669959196033
-723.1147097458214,-412.2184117742344,-206.4005188491596,-683.6985315878297,-928.4494673827425,-1106.1355031687624,-1483.585402213268,-1020.7256832952935,-276.8772098927182,-982.4801801746145,-29.902736570075337,92.74472623756265,-867.3007086579619,-1291.315836314472,-279.77290665675883,-412.5893170055496,-1849.530359380088,-769.5001687899038,-938.9493077704701,-358.91255215417294,-876.9394810602162,-779.6783668759427,-624.9910571236775,-602.465292140559,-511.21193665509304,-471.40386728344583,-808.5765664428948,-565.1782142599885,-653.8049539467866,-725.0614398388907,-655.4613254238739,-488.027115261901,-52.35551383866192,-620.7796402957046,-461.24175985832215,-198.0813534709632,-455.58741068420403,-1844.5448274556277,-1083.5285075693375,-714.5003196086521,-654.3447001161838,-560.118404377539,-922.5098348629957,-109.92339424947133,-255.0370116106983,-1235.3567881756146,-455.0874160826074,-372.51471676114954,-777.3498041620948,-727.3618295197205,-29.905406124149884,-1320.521672296395,-681.1647105863369,-1048.1454887002817,-676.5357043032006,-1083.149567538236,-1204.6163863908803,-980.09809207132,-129.08607875810492,-1336.5302229865558,-579.5461152869391,-1149.8316925712297,-370.9398894066918,-1431.8466991222008,-760.4481389606227,-374.16978285163333,-329.9243800762933,-869.0721108620462,-474.70626348807366,-255.45541384688715,-50.52271915668274,-345.4656847740732,-971.5083397602467,-947.6805930569633,-1211.411689961515,-388.82325436273646,-426.14849106957223,-722.6368841518113,-533.2010642304615,-1081.9408411093789,-623.9709869537003,-516.0215000840077,-188.6264050532505,-524.8855141749159,-1498.6314557234905,-378.4538513079763,-111.60900363836652,-211.66440802384986,-323.1234512274875,-1018.9322968185361,-699.2469624457297,-527.0686082082296,-971.5505682685681,-1151.0894776105765,-717.6081113061877,-894.2403184203221,-1219.6861365698433,-222.7225336605942,-876.4694249494052,-168.99709903064374
-10.20562385519525,-593.3390379922346,269.4611789595986,-10.571019664154154,660.5544521372707,254.23829083613924,-873.0408137019903,169.83787910126918,-349.7179221605998,322.23053545030604,-340.69374379632495,-210.73897965538953,-421.0369860086842,-10.99742221233582,355.2564247578311,276.00818611282017,534.3360844319385,678.8097174459897,488.7718803551201,-1191.9401567898758,-836.5136881311864,-739.3758043571517,204.31918180350624,-385.3833666090249,457.96549420398634,-47.10808015767344,671.2518577333216,399.9315314822818,-5.03768270996837,-498.4772392378362,-138.06963981994036,185.11481562577768,160.7911306814344,-153.4776429177494,-47.092046278213054,419.678834713897,-136.05809854811056,-268.16419688856985,-58.682556076113364,-4.402839385181619,-376.7645089340038,-1376.8418982398498,-900.2320228603256,-123.28912719358752,-687.52634621515,-146.31937607504008,433.4566626703664,143.65366019627712,509.0705459175487,-251.4430057960555,529.5841980252316,-480.3122294411027,749.5403378162096,431.527008017471,-370.56163747953565,29.151154832289482,-1476.5694892971733,-512.4590690946147,-319.1015659741327,489.41289706497906,302.08684310708543,-236.97795601570675,316.52982653755845,-33.91648155980006,866.3786143428167,28.09621075639827,331.91686785304904,245.23873082430143,172.00833543336748,106.13571858190096,-344.34325898217105,-328.54863304972764,68.55520181734188,8.72261362064836,240.60856369002985,781.2355884689018,360.4693617374184,-442.56413821956187,-221.63609769662122,313.4341686813714,-345.6792361101734,-33.272912498152515,-750.3261123227894,370.14083490113796,665.1114488287055,-102.63227126685864,-472.01376351975006,121.82611919776565,326.6908701023797,-740.6713658759826,-44.37253704516792,-82.39839434752791,1015.8679071533154,820.1974934006137,335.6163724351484,30.771640776207214,-532.6024850152384,254.5161091018625,-20.16255016405653,494.80337563860337
864.6205731180896,2013.5258836251207,640.8832679015447,1373.7436326320146,199.5560954816791,812.5608716755337,3025.2011735460896,1307.101847047731,323.20498877606207,1695.0613782509843,1224.3305574736135,1467.707156340535,1747.5057625076709,1325.7102773238973,53.4612085968803,916.1634977847526,1470.5930937495023,500.06161440402514,1045.9557745312231,1892.6459702577483,1985.839701630068,1363.9862375065884,786.0092944122733,1408.2140334776036,865.127381782532,1668.088835624286,1156.3259677992664,1219.9843331125724,902.0275064809434,1531.2539399511693,1711.7810024656212,554.7846661464846,777.1190075251004,939.9235208813652,1330.2857693334245,1772.2150227502916,1904.8585184729454,1775.4223830100473,804.2746996300847,314.1008366950044,1196.6655641771122,1730.2793912304287,1860.9362296063148,647.2656934829909,1071.3441263662671,2289.461081585714,926.778973231275,1046.1545729937263,462.504513002703,827.1883112783955,231.21249889174197,1065.9280389249461,742.5351304416268,1226.851696787203,774.3872718337292,852.657549275359,2094.4422516147033,1507.7595916643425,497.2577143831136,1326.4130277908312,323.527705330891,1640.9203660187516,1620.2332946414613,1398.677917941969,847.919679666823,932.3063451179424,221.78234492157736,508.4050055731399,72.23343408284056,451.8506765928635,500.99127600189826,1462.5103534453485,1865.9017357117561,1390.4226877296612,964.0231834874021,1341.86046122349,756.8897300769663,1848.260138625272,1254.0819235833744,1550.5181124476428,933.0722256436298,789.3371706055757,1681.8966043779456,990.1796014740199,1768.100569814397,1331.0601762884628,1697.1452772154778,1056.7505658759967,242.4440897959753,1963.3821702608675,1313.8619433720369,853.3092168976101,37.75889577403766,1643.5960231634924,925.0089096293442,547.9949968082095,1687.1280661460823,752.0969970798948,611.7215051181093,376.70058520947316
305.05081674111943,702.6938694266822,-254.37670595410782,202.2234868932519,494.1388303850593,200.6154145629021,-557.2189473675305,898.8340889987622,304.05958582345045,314.5419190594731,315.299240179502,-211.65485068156684,372.03163503822867,268.9039827261783,559.8339037765454,1262.0820918187653,-75.55019301834697,174.81487105262005,112.90288788226808,717.3766113995965,342.2784538735155,-322.8307408345533,118.53231820060124,-77.84618285196471,-20.297984006190745,110.15597138231433,339.1498009363248,-252.56749260178472,57.343292362715914,815.4473222820503,80.09652834905134,842.3424958457846,13.952050163543914,127.39653317270013,826.2912938719508,431.4212488858673,-795.3888037453661,-181.13209660074656,1042.1656698551417,779.1544085739946,359.9839975964223,471.61719927701904,303.1220860887132,226.0864774188869,318.57104774262837,-106.10718145723641,-111.14984215645906,778.9382122867011,169.47052500590038,119.17554722005117,293.7620303206301,392.7829543904367,170.71360783261846,-81.9106275428117,17.51062247484378,438.4710967261451,471.34433778419344,277.90132877971126,84.97232139506433,-183.04901894104515,339.1721316747547,325.1651149784451,-209.42306093116142,517.4606583500215,-130.57820589752944,37.36946814705538,10.260011447189934,631.7125981594073,1076.7645187748653,218.1370789729936,307.8870738797158,144.76237279710773,-107.808686264948,1005.6861684198107,231.01951906134897,155.47921294746237,424.05348494168106,77.46886680482422,373.9220256740571,-122.80584800287282,159.86373462546177,582.1118697552247,70.9213153556908,260.1841966282134,1128.0588861042518,-86.79278702645195,781.0978357634034,70.10219497482923,350.74700595601917,228.30912231766064,-78.9175901783823,12.02145679115622,569.3393512185357,-193.62629399542686,17.031120586109832,191.71065095143666,-498.93399055096893,-175.344080012539,144.97726294970437,-35.25352409377386
561.8379358237278,1634.0565815085724,503.85981419895984,473.7444474832675,35.84415861892713,822.4520234264958,1201.5549410804213,532.9959034883052,114.62129660228925,682.2950595086849,80.55168314069945,1309.0583918307093,722.7225551950488,1113.0288273597296,-1246.5421213501888,1476.70533415048,1232.8017879884064,556.2033874070546,267.1460362148675,1175.5903778474049,1159.9690933697862,935.6081328113518,542.1684066110164,961.5423450672021,759.9284771146528,-40.003561789328934,775.7402276255874,644.8727453093813,453.224574407372,370.4547645730639,725.0738121543852,491.56901051672924,648.8788410512964,374.4263223126332,-45.6111329386337,1086.5089187530014,1346.3714086060136,679.4203879569891,417.8417309585287,184.55945125080123,612.6680879164244,1560.9177256134817,2428.735773194831,169.07443836061927,252.243818276718,1760.6819100271498,847.7691053655677,217.51461150485449,290.8384616582036,411.6424932498189,165.67163909166268,1166.4968766444165,427.5010810729977,1124.3558697086683,907.6672078116095,447.28995996492597,2627.604304654293,-216.8761086989399,373.7537534288064,914.7819992381645,492.32068599725244,1077.0485066896058,770.4306752419121,2538.561188577123,604.3414638684374,507.2107696048223,293.5202260080457,106.03581990697609,-85.21577270783588,125.54627420911729,121.96764899963581,-296.57064907819284,786.6715101182862,750.2542867714222,1200.1268544110972,666.1729122534982,-31.130164390924573,835.9424216553923,592.5800475919038,533.1695351616147,599.0407422521507,805.0083217978416,1680.5681569967387,248.89826292732045,1400.5188490740886,640.3598350208954,964.9653152115978,482.2703739674394,-230.7759828636615,1219.9326095174795,761.938846173468,633.2737684820406,-265.4798551796963,727.5930519239963,-16.294093738841497,581.7194975034444,1357.0891269321148,370.63429581618465,366.8146617099645,400.43301997639645
1245.12740693948,867.8726633647105,21.327770156266613,758.6454180837982,889.2812454400996,1262.3117182515052,1038.8547232615597,1673.7929121387572,998.3905201869279,1554.3445126873605,1345.286125972758,-318.30845986590975,1318.037775076405,1589.1661621935486,1199.7937226204465,-995.6360498915601,169.06788756879106,-156.36380451813181,1419.10402806006,-11.97819617252837,1082.5132579449407,-390.12338216495897,1050.224357768575,-120.10680320937402,194.30145312194082,1025.91565106884,-575.5357655382105,1536.2487409521145,716.1487323599922,1801.911752371558,516.5001330440912,711.8572079143272,497.30480011937635,821.2967970036937,1014.5426798671614,380.944515615333,444.2623658096962,1429.2052274055159,537.868300268883,1026.897985189827,-182.45105339413257,176.53844007674024,-864.8901335234053,525.61566742656,466.9916375761868,1068.2942953817358,335.917024182471,765.8517923898157,449.3765481212263,743.8466523818234,512.3020094656936,389.70531347360696,878.5914829250056,1087.7144327538988,730.0046833256346,691.2348368958714,-807.2459506758805,1578.6088022371734,108.38431803875457,1079.4293858904045,279.05586644285,455.53307902361485,-247.13025025199403,-767.0198654011901,898.9605511845982,357.6574404406872,512.9972165507639,834.4864404416027,563.0603668621064,498.10518816538024,711.972276532604,823.0490177238863,407.64676843521613,-153.39625761666042,948.0484437396394,783.01210167216,1101.8739458837758,644.8960160119195,509.6984971657111,927.1048501734348,-188.70345889927043,957.6337344929985,362.6373596922295,892.4783249023378,-589.6619241759968,100.95621415586211,-15.287196806538555,421.0206827625424,985.1957735323465,104.23637012358904,1214.5894614752215,800.081583219314,644.8414918446249,487.9302358787048,794.8244818659497,1062.0957552334035,567.100409402215,443.0064594035128,252.28102766400139,612.6930385683744
804.7912333333986,1319.6616343634003,605.7509169460798,546.3757367004126,685.5127220324714,1387.8777868061086,1302.3499301771058,844.5454988933824,1613.3638816433224,697.0016046897326,274.89161883206117,817.8540474814179,292.4774973536595,590.5640463004785,545.8925844656482,1960.9286365760183,825.7872160905799,928.7387347459011,623.372585746468,378.25012014042846,997.3591589049377,1150.4435345186741,335.83869437913125,1029.620865685811,758.4729093390611,667.7737066104229,128.60512069814865,590.5735145964317,380.1417251859377,-144.87462598619476,1131.6049379898427,1615.9186878664145,918.2380700740457,654.3386884238506,-285.2667697390473,1103.3461280129857,1249.4693575870042,609.0983771308847,579.3329200137812,1164.4859866598144,1638.3682129743258,1738.106707913075,553.2646294444124,522.3878151790798,716.5601461513289,-9.821084473545273,401.48268455459583,-577.1448764095476,612.8298284668294,1142.5967942724862,410.954427333607,602.7403219227422,1162.398892728826,291.69892806360315,1923.765857707607,-439.06537991444964,2626.051599885621,-344.0196416262284,337.65314086943033,307.35019068016254,1311.5763479983084,553.0712520592253,1292.672993869782,298.251909182985,930.0871058521091,1502.6966113664294,55.174954980978264,2062.5462459574296,24.646047819604338,285.2583803568821,456.08200010442226,-68.49311973120987,800.3908713502815,529.7657018385087,1082.1615963291028,-261.4947412798709,614.1763132656141,1679.3147329660278,412.0563370077778,1287.2822515677674,893.5490812030508,581.2908067038128,258.6837827302545,-15.17610722897064,1920.5961726197859,1056.6172087678037,509.80270362063675,111.77153990270705,157.91496645014288,582.5476680143474,757.9005107196111,467.973212204522,1823.6523039409935,587.8082980235271,-169.60187168785095,1082.8694755084498,282.0762177830894,505.8752801673941,1433.187642127762,687.7555825359491
-109.93714212188209,-2213.419412307848,-555.1598843887351,-1098.2892412696567,-115.05959588200614,-992.3137559447233,-3413.9843170758145,-1157.1134875519929,-601.6931955902354,-1674.0264485143941,-695.7495593067466,-316.19861318233967,-1742.1857082356998,-1305.481918525155,-417.37020567324976,-1335.001429844727,-1422.934770840785,-133.37506602310955,-441.35774182854976,-1702.59317943278,-1751.8950444936706,-1665.7218697937012,-460.34919560073865,-660.0781658119876,-900.6133968736327,-1271.5262773987592,-735.9604434797684,-373.02365100786375,-51.302131055718284,-535.1367497682766,-1575.8040231007778,10.652197315429149,-336.1206585132046,-439.6362383187436,-479.4067201744293,-2545.1632931816116,-1102.6828430883845,-709.6123407840996,-819.1754647889749,-877.1988499774808,-1829.3572997465712,-179.57170970577016,-490.901436129358,-351.50872768997874,-717.6136286998784,-1507.3685059697257,-864.5411196979046,638.6349169167999,-1041.2805708409155,-848.4365381395583,-283.01169192897174,-861.7701737401014,-425.2236502956256,-739.9969491467024,-463.6233010992493,254.14049753797906,-1821.1539299559552,-1126.2425296619522,147.62070042528288,-671.779366815624,-196.1054382273194,-1314.4091072796996,-1075.7532224011031,-704.0683897539099,-339.42743795377123,-1186.6110488724742,-178.43207937679955,-783.9286890893113,362.28137763060494,204.56340079386678,-39.666263868151304,-686.7227486779337,-1266.5477468664685,-871.9796507586027,-139.59980669630966,-1129.9843697335425,-392.2697396029239,-1417.9958054057686,-984.1584158791106,-1112.0738499011172,-1064.3032353342717,57.282606012983955,-1644.5870929838557,-122.53956620651329,-1789.08361518854,-937.9772980516078,-1050.6350225790936,-306.47721381810936,-83.9565744798552,-2089.5518383515205,-1132.6722129188388,-37.647756451276656,-1149.2792925882543,-435.16439135610983,-670.8124421112011,-776.8380746271403,-1431.811534538438,-166.5668173444215,-530.785411610215,-166.48645021905256
-127.57097339914691,2192.6306681701703,686.6229206366687,1061.597621909515,551.320792482526,1588.4026012172549,2153.9017242991217,1477.58285142513,1078.2391509507788,1089.3304415951854,896.7861090288679,737.6002563452286,2515.2293478902143,1044.7200398408074,1216.4900999343859,2052.2186356265343,2065.7079766364805,596.482203838467,917.0086084503153,1600.9305711394531,1757.7860665052306,862.0976521450457,367.113458868141,352.75250547727603,785.7984736961549,1880.4869568209551,64.75986487138124,973.520758454307,398.4364315839956,864.7701905762572,1297.6340016689346,763.0842932239898,485.7180593239901,1352.8430049627536,1226.3193619503731,1534.182107029541,1024.270378221437,1166.0525210868825,1037.856201736051,1481.427005396681,1656.9358217773122,1094.8564227838078,920.1428329525405,524.3512423974779,1522.5661582998207,944.8258301288819,649.0875235290931,-662.3443525937151,792.9997643869759,1172.5839169845522,716.4119516480595,857.3632475504814,294.14557332972544,768.0195066602772,755.7308181844566,247.34867935733342,910.2531596848155,1617.6151248098101,69.35183216044653,69.18473238791074,1157.992386469268,972.999013461952,934.5532786021947,253.1352988873724,912.0624403478866,1009.58475197014,446.1635392694986,1274.7504821932414,423.51286156995576,-170.88515381256903,828.4584856777141,924.5347628116588,1399.6543091989722,694.0553604156762,740.711955624913,978.9388451270756,1085.599215258654,1412.7903205873345,232.31744735331802,1286.9968327594204,635.6820842386057,481.0510117541762,1295.870643670651,484.0269136367643,2190.0376657323945,863.7567420859615,433.2655650832229,580.9749352849038,562.926676604738,2189.8213250681774,1397.9825773218522,393.48177280913967,1682.6445624821006,675.1868810381113,600.5041989488998,827.7568850730146,1272.1743579699116,674.2433590630872,331.2407482063417,390.12704199345495
-144.62705189856138,-1691.666330225459,173.7463851502544,-716.5484237973067,-411.3413708775499,-1086.9352395220399,-1499.945712270045,-1726.1614231694216,-148.7201691916007,-375.13072231306916,-177.02292337915847,-620.108757969542,-1794.4656876774313,-1158.4010839676293,193.4449399003711,-1112.0329841507578,-1502.8366608459808,78.04718007235883,-251.80909287995735,-1367.2085115921475,-1120.5907924113149,-811.0407234515679,-546.9967426080168,156.05217571260633,-582.0494415574843,-1075.705478536535,-89.41590658176645,-382.9292101248865,-541.4602139626238,-1467.9607759085923,-577.9038574201812,-685.3947093996267,-430.4884174417212,-557.5413913057467,-1009.6822099824653,-1628.4337695662077,-904.1535177665969,-1840.6960288699272,-683.6095061984335,-461.5058926423569,-528.0690712261936,-1144.2794838131067,-1161.9596830268908,-567.5984616225613,-882.301611258027,-994.2476633125698,-713.1609066741516,-303.12376747112694,-273.2497602034728,-620.6351700285916,-243.06705434846594,-1233.0446533160678,-234.12085382678777,-335.38082750468084,-244.76823660618788,-137.0712368076691,-1458.7487994849305,-1268.8462264205607,-202.4056647983196,-409.1395674938204,-331.65234312790085,-1200.8644734320612,-666.0906843085536,-1939.3009842937295,-566.3659373920686,-337.46026499541773,-372.60017620098677,222.77934363273698,-240.67230767051788,86.55544614782818,-597.7343465505223,-191.27367958079742,-902.4764454230553,156.6132936411709,-299.77943795150037,-800.2404327743827,-849.2486110513247,-1500.7085572698827,-45.615994551752756,-910.2048423262386,-286.9669703661871,-1106.801824762751,-746.9789479729392,-567.250419530154,-1881.7966061862826,-390.56234719154236,-495.24956408640776,-548.5943987160813,-89.35864080502606,-2360.5291016154742,-1098.1077533193773,-758.6428378278641,31.655992449972086,-1029.6077442370795,-261.0699899085782,-4.061128827709579,-1348.1018526787786,-517.9540188279053,18.499659816916726,-5.129299189336651
-593.65741823443,755.2496471175923,230.86360345552424,-160.0871581990769,266.91598070139645,188.43334132316298,857.4937335584484,511.3784615700637,168.20335449303087,213.29548315045676,337.0245634897754,240.4367568170431,922.5365713185274,637.3815203112713,299.91888746033834,915.5883252664149,953.3942400815345,199.38276634285253,441.1597254493957,1142.900946972147,49.388701135663574,153.01970229152016,154.337818521788,-567.1877158581545,88.33111236401832,403.1264436018879,748.8823886016457,33.390149662092554,296.8290818715545,1227.789573637373,-201.4417353078235,87.41590431688684,303.15281473302946,508.1425614356045,899.6989892090097,525.6057309254521,712.023743632692,1405.7502890688259,-39.10995226068116,87.84131863973802,-286.3990891749394,1253.692705184934,965.0907077219905,241.38057734174907,516.7908251505869,58.36317736942861,620.2757425718959,-458.96192659694714,360.3994684675109,144.8979303957351,495.13163943506225,947.3784096483764,-16.11610579400282,187.80349611930205,-103.33361861964235,215.3686959222752,-53.411056525331986,920.8571062932061,7.418277420340368,162.88399842235708,524.6123145888267,630.3903790837179,364.2479451589947,532.2774081283936,888.5424151302243,319.0522356608174,260.4294038581806,811.2676239852817,-409.94288702854914,268.48780709536106,361.24163955056883,530.4282378885875,274.7016146116741,986.753939937237,-38.57583551628767,774.9055967214923,570.7074752597593,605.1114134103716,175.37453432578064,680.2440035032198,206.95709959912804,651.4876436460569,712.6085951440378,552.2551578284954,1259.8249667355485,398.8305569432478,-284.9759334359836,386.8041845745985,-165.10471293107418,2120.021878370817,424.5244256409003,525.3309134964022,451.83452904879243,980.2009500880478,285.34594934386246,-433.0593158335953,843.0562607614863,391.0346690932805,189.41099663270447,-126.58888535186635
141.46193064208097,1059.7658185465773,231.04936020344758,449.4270757104574,-419.4555652200921,-34.016900528552206,647.2806644187945,-313.46036413203154,174.71211204629626,-476.4043736442039,111.71662259969736,521.1810831229103,1385.3126615399315,-566.6906293855094,-32.03965965365968,530.4931793562654,344.4454895892018,315.0203306074548,-506.45431925088366,917.6804382368189,511.0213137096732,-654.1274241877954,-590.0526605733506,179.18869044879838,-257.08574654991133,303.0916557255096,287.72762241829287,-337.90025180691964,-898.5087249722316,-1209.1344259228338,358.17567836723885,346.4138467025643,-381.9922868066124,-439.01604377281717,-438.6602699209736,625.6135811300867,-1460.5131060596732,-1563.2247858136277,772.747213073595,-531.6906995229377,567.5748276764419,-1061.1258805274883,-562.7019087438472,-175.55299207562004,10.401099896396927,188.28893247579745,-826.9154610757113,875.6771485345696,-228.62806353508256,-622.8359493810193,-30.708636781770217,-618.2082848997518,-285.660296994687,-414.0471049478394,-417.31269683833017,-140.20670015398235,492.23593110997126,605.9465973487177,1.0163387774101031,-11.561981471563884,-144.23837311608597,-0.36912932631640977,-248.68370005466002,424.48193754242163,-1470.4223278993777,-676.646251360915,-295.1583985801061,15.381297809511214,899.9629459703673,79.02821387739205,-191.24933972267772,-177.3062660780884,-290.8247882497604,578.8779686937468,-147.2190581113563,-55.57005496018293,-653.073578040589,-490.27536625752947,90.71614178318293,-1058.7894685862943,58.87741304417045,-1151.5631390695596,587.198107472299,-653.7163757249142,839.2725638958647,-801.4994394802256,1383.158243309912,-288.92674001031577,193.47102988146133,-1196.7255781455942,-873.5575699787823,-923.962282778608,-358.9505744892674,-2149.2943126461255,387.01401337996526,425.7544151407751,-903.4233068175099,-558.459669778932,-316.0575103605887,-157.69832005881466
-804.9643015874148,-456.9108404583866,487.2851909194176,-704.47644363173,930.7182125463823,-195.49748180293997,-1510.9880507562468,-1100.6527789044455,228.96294418206548,1653.349642296218,-173.27816598843575,-746.0549196558336,-2234.653583255035,292.98393115147644,1060.1544786283928,-744.7828873901371,-442.5635158299339,261.9357696797191,978.7134781671949,-1058.027625198306,-741.6787600356428,-233.19953669998813,761.2967701791357,-808.2493709937638,-195.19607536815056,-626.0961144168172,545.460543987546,129.31213089512772,239.06157913373656,662.6997523474778,-519.9450842270282,389.33028074600327,820.7517688645052,1064.4358016583951,-69.17896966953293,-1299.19827554118,1337.6336550261,477.1114032882413,-831.2199761204159,571.8651270916522,-922.6074799116474,701.6887424047824,-273.8501699416013,-96.0106957403194,-122.68105212588037,-375.76033382438385,840.8429875414822,-616.5041410547861,710.8821271236449,268.4439063855604,504.62458636216274,-198.99647518554625,368.9727564437647,291.4969414620402,-45.705309323852035,390.3323357050172,-370.49021379402694,-1663.5219546512797,-71.38106027206834,-6.684630025035589,538.4736520689162,-680.1186438013103,-140.11946345955474,-1121.1108490997744,1163.5535670128027,771.7510489070796,339.1706376455879,1229.6567651351813,-625.9096136281388,446.03331650061233,314.21063695997077,478.41283485767264,-602.0353672379571,568.9761996122712,510.444872835703,-14.448061180021346,724.0423522952449,-722.1978008007774,608.4905743327731,121.73082297137393,-316.91323778377244,303.91730537114347,107.972294834593,655.5890602245296,45.853286487043924,512.8018691027016,-1672.1562247729796,-141.27614851471182,194.19356037705703,-554.4885157283638,277.7646029521917,419.7202197060147,1323.6475590560246,1688.8607465342916,-45.18147256411192,638.6505623861163,186.48077233890461,334.47043739579914,913.2298265149258,392.2756478584056
399.77537865299934,292.8189600843046,-60.825066028626644,330.7685442759632,-176.6544337679656,623.5888541415366,-297.18271343827394,-199.62081005332723,44.515038917555216,-757.1088676574469,636.9231740959734,11.862025294199098,602.2835566360449,-525.237869160022,-406.87164304588094,-124.70961352344436,286.54412982994035,-68.27084633555737,91.10250067261717,183.63222273519744,-557.6077014637301,349.7698972773608,7.610684914505851,571.5327072125845,41.75145533271657,192.31467820560795,-283.7502217571906,195.69551724498058,-266.18991952192437,-554.9498949314607,93.39420126496051,-65.45220846091924,-33.07248102805296,-548.4769415967768,-462.5888158582062,1103.5596081546253,-1159.2422477188356,-48.810110082386416,-101.00300083920936,-721.7833641546008,-1215.6112195564835,-797.1665335725597,-94.36938942541829,-99.79133437766151,-50.57002640955316,193.65962512722245,-353.41276324649573,747.8323402595321,-522.1324908356601,-554.6683388366595,-108.36620251159455,-139.98698023831113,405.6266322174562,53.07490451447068,382.09079109168994,-286.5681809627759,-778.3015668638652,853.7880484095824,137.40294191895939,-550.4945883888619,-274.61061307041246,-579.4445456549244,-236.73437649156438,1021.6526907401118,-555.9046809661991,-813.4767933308439,137.2529952258603,238.6202851567434,201.86660510794417,-125.63635502248302,502.40839574600113,-707.0210972610253,0.09217595378958511,735.8822184660528,154.88705953209237,-81.67694984402945,-462.1170732472427,-474.4325224950451,162.21328891478805,-536.2350295877606,494.1902419725146,-438.39362864514703,787.7864862744065,-223.43469200209591,-747.3433394283954,-721.5531377092492,100.55723746790147,-45.85973575239531,365.6641665775024,-311.5316040629611,-532.6470252131046,92.10594727051978,-1049.5728983967933,-1467.8463583334114,304.8792189963043,25.13401445643053,-1218.3056281541806,-216.10472347088532,-475.5728696235132,-199.05994848194712
1178.245148382956,1584.6302793217503,242.96095261282844,396.30420716710523,1071.1177532917802,1234.364167432786,1230.7375420610322,1788.7707065713414,1340.0036953668941,1414.0567800099047,52.53235497939856,370.01514256199,554.4349511789733,1405.8629731543938,397.8377439896342,2591.2905484173343,816.422306706951,770.6705596147876,636.6840173817466,1347.540497523082,1010.547889428371,633.0768661333043,695.0608466056958,-141.75462962650215,650.9822326030771,507.8035001780383,446.71147745613973,695.2694750535157,292.025925281377,1025.4881435138216,738.9328354815045,1681.4586071401297,579.3471333461683,920.158862124383,602.6003267147248,949.1711803908063,1313.6042242756057,1736.6711980460893,631.0649856643194,1209.6279142761475,1305.0587723101441,1873.7974169699519,620.861666113308,328.11575194484675,256.70020063309835,544.1941632940266,508.50871924079627,348.4406379544451,594.206377620989,664.0312901292543,553.5463987563354,693.8584849641419,723.7287059797012,311.6763810158818,813.530850761335,43.81953741379525,2529.240027153238,201.67246459727207,179.89816194884776,1572.86124647164,1002.8285395971506,838.3402112504857,319.56164148985766,1482.9800282827844,902.9132167441416,694.0188683738387,347.31977161188075,1232.287582613663,524.4933373215861,528.7672757521376,404.31773432346137,23.225132461422795,159.91270269457016,591.5764919569667,1164.6617769298539,652.2968925373156,489.28326411982823,1366.1737426102002,482.63277076303524,873.0386382974569,-206.63533043041173,1073.9014069249897,575.8095996887595,192.6967490479964,2691.0561807201307,249.964302897993,359.8466036316623,448.72883032541995,609.5055709640689,233.79768667874183,862.4604460352613,497.2704538857772,1351.3830727922336,1517.2970491701371,215.81609114412257,1641.0887365317503,799.7865559815527,354.1769331391643,1098.2140243371157,674.2582980271744
-212.39183482729678,75.16095195042877,-350.60404036047083,-54.906810033897685,-423.7157181355234,283.5831095491741,-721.0566307484743,-703.1300171208577,-284.9150184612146,-323.1834395193141,425.3475453931498,845.1360401375799,-143.33436577545234,-297.68446330636044,10.673443258325134,272.36584573439177,255.7964404219359,345.02011982604455,350.37737357605965,-153.50226228222516,-505.03736182760576,-570.6570333620915,197.37001148351598,105.45386836985449,-331.997595759368,74.71131475069194,448.74395688463966,338.2960391505465,117.05244282153379,606.9026977202374,-631.584123472001,521.903820540144,316.66424290568074,-175.65567522214002,249.6759929639977,-266.38104145401576,-934.0538221548542,-1034.3123089355304,-277.37363089661636,-145.33426617490568,-1080.6688789313998,47.22465943980199,1039.2004586249745,-72.96016939803961,27.475346364656538,98.19805585728454,-51.0491513096553,1225.9411310880173,-602.1327371036398,-353.6498952622401,-213.78391530802102,-58.66791446090951,257.2971982614382,483.82964813260196,548.8879535014624,903.9108395977579,-978.3092635591015,-62.951642384288554,127.29019256151766,701.6399198287806,73.13804872421667,254.1674028418318,-150.58328085265578,62.60696212330836,-377.6573741926012,-488.09998584831544,7.846976001955722,479.52398477483746,491.2352808705051,181.59439940214028,-47.976211559553256,56.63374206926348,-72.18518015642326,902.2971872471245,960.3569214286883,124.50209896433708,72.19452683770983,-595.1248923597494,-445.28841303296457,-513.3374910887857,43.80350684003714,364.7307928557154,474.9727404914977,39.305918888617434,-438.966716125784,-192.13483159101835,522.5326530760916,45.67199829237308,-231.50735353836302,89.8047485202497,-337.79813335542764,235.2109667169026,-1057.154475854617,-1072.291360081929,9.954044616285191,-417.7830318868368,508.68642004467023,-20.83496649174192,-940.2798876052995,-214.4378430005488
1321.4412205226922,674.7790706179381,273.2770023450441,657.8697889450284,1252.9582899869001,1735.8871538894973,375.1593153531859,1523.8338014970423,2065.7684104562004,2133.4988298092817,297.55267115130556,-701.0914522716887,1233.0955929605675,1093.624096669955,1426.0324018073434,850.6186255615875,956.5108040877982,748.9576643521714,938.364301359652,830.1655331251401,1525.9702003915972,73.30287095058225,743.2670110345019,1244.9972895446379,1013.7741662113842,1261.7420667879846,-267.75719755375206,899.7808677083634,375.9012485421005,92.14071407112965,1718.8038729040934,771.9475077696517,511.41640133447896,1258.1085952986593,76.34976569418875,2243.4630987218156,1444.1363583746506,1067.824530202403,1069.9266624885943,1849.091515496322,751.7285775429849,27.22067223418305,-653.301478095596,246.4317279963294,773.2326285166936,1157.643408325485,800.8604527494613,564.0848207189689,974.7484544619654,905.3959660987574,627.3015851201951,-194.20711379769676,1151.1514180360487,1282.40824060366,1321.489146337883,1019.1508702807715,1156.1238941906229,1588.0388105061716,510.30865345404476,-344.54654338064876,1128.317392640342,319.68891272555084,39.48258151793741,1180.9082372338805,1177.2129989476414,517.8594850752531,753.3060553396734,1344.7315155625024,1240.0557207662223,-189.7036388186923,886.6827687913765,658.717963819977,861.8750366396981,-523.5976173391159,1526.7987456729566,110.41755632828888,990.860467637862,1079.3210826351797,1161.3817786775585,1563.0958969027363,-18.20046503650782,447.4582423698175,-814.1650968983989,560.0831254751231,1824.0697855955248,445.8958287367419,-547.1720310177593,219.65615271459458,978.4991012425867,877.9910529028953,890.184184791657,560.2968119939975,1836.1584377042275,1296.0479878576773,587.0464790384494,1911.711381547751,1599.4757094167944,546.6211817472628,1027.174769416502,584.5492252164332
1078.717979842496,1180.1986252841416,454.0454141769317,1297.646890217873,359.17764031492584,1594.3076631538931,3214.171489308167,2300.829957199628,253.18476265482846,787.6980133528289,1075.43474578738,1546.9635339668662,1816.3147260498679,1242.536127030262,-347.2437452132367,2301.1125394361725,1869.6210732399275,1335.7770458270388,1355.794161086375,2255.439440318215,555.8830280506054,1321.8917485474165,784.7988858581033,1630.6522121574385,283.2710938249087,1824.2834706357,1596.5158842003614,1602.5735656112647,845.3698979288723,1607.2023893999058,881.9026836930831,865.2523098554708,272.8517077434993,1154.130740562655,2181.6807290870174,849.7025304593268,897.9736879081366,1168.7816816118602,1007.4965376172081,365.77018515393365,1463.7008170883505,1894.286404731288,2664.0854061281307,334.38762123514095,1199.517461791813,2538.463134021042,494.6281035608047,1165.959876006864,112.89518887830023,1126.6331392878978,-818.2617266365008,1186.277965499594,685.7779235521456,504.89627331756236,1301.9964554562848,1729.5495121244078,1874.1426563785055,2400.4548657866744,90.44687673043417,3718.5882484456124,532.675155802728,1644.6691272191536,1023.3376289533976,1889.08084940668,38.125709994268746,599.5946948376753,-1.4224125037975013,1171.8798968042283,602.4888649232556,505.5830661785123,276.93580606473904,1439.6053007038463,1570.6856892935568,1946.3724832027112,2083.2040190128096,2026.766213828347,458.1821757146428,1818.1423646672472,312.8735904102683,1084.5673679183697,950.5546303374624,965.8997490894443,2610.471777430149,601.2833544354679,1782.928471975291,792.2202577257688,2552.520004910179,2188.5378179414456,-12.847827414712654,2457.532162268905,1425.9588911466244,902.6102572920815,89.92104978172141,797.0532115617258,683.2482790693487,608.2689924953964,1619.584354770907,507.1316120337969,306.2598991719277,58.2529401047653
-300.8425708162687,-265.3291057966955,-13.82368953258453,-216.04933461566114,-65.51606051219561,-185.61326643571996,-380.80622419411833,-527.2044445496034,-47.233089678778526,-320.84013171661564,-172.8041361987369,-139.56237173459002,-288.23221666716773,-174.14168478534356,1.33352371390103,-127.28242941478122,-164.49312190762708,-69.70240374486859,-111.82946008451272,-350.13613593864426,-243.01967694324463,-207.4622350393807,-186.76869665875188,-199.01643233583948,-137.8811976471482,-346.2644072486045,-116.86523385162766,-213.60284037502998,-249.49375725570167,-251.91566408784126,-298.43675942419657,-41.18903549188482,-50.49657743592938,-154.8710279002093,-357.609355784449,-330.0246403261708,-273.15832231747095,-377.99038991359623,-341.8541688011465,-193.8125602506054,-194.58780805267065,-180.03186197721038,-190.06839774942685,-124.09980768821248,-209.96648573189543,-480.17275314781585,-83.81457450770569,-122.44984432339739,-90.27726611803452,-118.10577729946128,7.738193080687286,-325.4829620260819,-128.62243096504287,-202.32311296416245,-34.419651776475256,-217.8956469835813,-305.8053616628806,-401.7021915798328,-53.137340538991104,-339.0476003078281,12.28195472704701,-184.23127021412554,-222.52711262659128,-210.88384592061522,-122.82831629132154,-92.7657909471997,-36.815121150266414,-42.62365499172053,-84.34484454748717,12.305575808908817,-30.671551946920356,-234.5906539512768,-211.6955826990588,-166.46743973539972,-249.56672397589907,-284.5003187127111,-94.82624506270561,-257.9199264754895,-121.6983150191504,-486.80446333519683,-109.72091205738313,-204.86454978219226,-314.3735023208043,-205.24443458693904,-256.18882374587,-184.2426028955356,-325.8120243055067,-226.74454698481048,-144.62918776180163,-221.73121346155426,-239.54888083877006,-214.31833862009316,-83.21080613256166,-273.6590084486392,-250.38221180209146,-113.04431503345856,-198.250357416776,-127.7772506455227,-68.34375084744164,-114.97575690875348
358.46090225700226,168.347940304637,73.10235142108863,250.39950430550533,121.7343641983004,76.1054540585687,436.64825939757856,579.8761120332709,52.40680826018552,356.6381258095165,127.48219897547315,155.76584750704302,330.56886876957174,209.36350261890652,13.057376459696988,-37.62832857661964,147.03449851302196,42.89997704351967,134.5531307301689,346.3091405480459,380.7096901643736,193.65996850331484,249.19352814104786,256.49765215771873,104.16110666672722,418.2233068187814,136.7044828229971,222.79933850980046,297.19327230934044,211.13151577344243,279.03265077398703,-23.165422081691524,78.56602610025354,233.40597161588678,336.989403868011,382.2788221901959,392.85126434218245,444.4292121510474,357.5634674654816,216.21031831339343,225.53597705331015,203.68272582652955,230.19746716770155,164.19007992062916,309.5052969807782,523.8024757963925,152.2243448358868,114.93333435919975,124.97598983550694,151.634680911258,22.41241010262985,328.722161433412,140.1222035151125,258.68765645879483,33.20673897281286,272.6124887108627,358.7845414061507,359.87758445238217,115.50201871117464,344.69199521233395,-39.05949996631652,267.268268646431,293.03650536063634,101.69087723348895,135.42670834836886,147.33892819735638,33.315311727592366,-65.42583501248939,104.90947141009606,-34.82091316492754,31.929523320949738,287.1558954904677,234.60380630426954,43.852346559558455,173.92385580890917,346.23573692346275,196.90086052817372,271.75038953448626,121.23617177673918,501.5394806574887,134.604945492315,200.0303703095175,249.34083960431582,325.47587280549266,144.1492420027499,294.82347314265013,359.90949880970294,277.32621734190695,124.41323384094397,200.4296905228906,296.60871468180363,207.67992982367977,89.00523445427586,282.36597581650005,301.7101758615275,78.82289642763331,274.3950231666382,189.35841600914034,129.72314533138427,141.20984814064792
185.1527560400523,265.4357166079011,-20.2773899070824,147.0236905702864,-13.090819100599461,106.3890086796839,239.55838465219472,242.21076527423577,-28.520696181088898,180.8485366540638,109.01568044742878,186.2457957943965,254.76533211104763,153.33683002081284,-23.050364214713337,98.8907028857727,146.3003717492423,36.81704621711942,-10.043537822885822,243.5414585812277,213.39989870600698,155.51993762596118,79.37753777689709,120.01702279061224,62.79002615668824,190.02871020285767,80.97360208612493,63.95389121443439,186.228832857505,227.0574452543394,190.32794214525418,-3.816101036858101,-23.635128860813712,58.82456699399687,316.4109042781771,217.08827628762825,179.40511110173534,277.19231992775894,216.39192689789957,76.82419125911046,127.0410944007847,171.37705805980528,242.10390195246543,72.00363873236212,117.3671487861435,458.8009477183896,50.10297306111305,134.2544755714684,0.5476014569840868,108.87786022093876,-44.704248558732914,412.4693305206257,64.43963612070979,191.26710950814,47.97997947032867,146.77936280025492,297.79669840320946,190.43178623555747,43.654996478795965,110.80433187865061,-35.3690280480868,176.5841211279211,149.93995509303943,114.34809102734957,3.1766798638132716,-12.541279275870115,3.8608155291986765,-100.81305918636032,78.60460758701117,-36.7546494430111,-32.97238632862926,93.09054835151436,169.79763203059574,269.45948472134415,165.6022772127023,104.67831118705485,0.48841933386928343,164.35509207064467,160.83387180931337,402.8396353318483,102.62462373809073,160.27019879015313,205.09841115745883,138.50435275020854,249.48281209387025,179.35819357090756,185.7129873180163,106.95841336774278,58.637620136822655,172.21869952812014,164.73579280435487,151.5240538905889,-54.13376386057311,190.92656593572832,112.38692513656618,4.694923881381116,171.86069057103126,80.38129628348238,10.516734646105187,-0.47714457863332327
282.98328246475114,272.0783304215162,-0.207748079291969,129.99478753793122,14.696066075508577,40.74061161052842,279.8016175633498,467.012871376261,2.8727656433338984,268.5460915237554,78.65430557647703,147.02372562653628,289.41540763064125,189.75362154546892,-56.52123584975841,206.26123116823533,133.42065579685314,1.112798468167812,-8.574710550306987,341.8535426367776,251.05409772422374,196.00104518499433,152.1564615984441,90.88686400561912,84.65614192271669,214.9518048168079,149.27588355162828,133.67319152570926,249.16482213109944,179.56751671989682,204.06759905299288,37.01017740297182,3.9972842188238364,95.40726107112197,352.025579109906,390.4638059649786,260.6639407290104,429.5261282038865,288.86713398767387,192.60088119683434,119.14166769355215,195.85390029651154,278.1690419275561,106.61591313556183,189.08898700267676,357.51405993551134,74.49763755080482,57.56621661690866,53.92814246624746,63.482233827284226,-16.556126790183587,342.38968853873877,38.271312705708716,180.3571686228301,-26.710326456776603,118.52031935268616,307.0483435306168,302.50661914495873,68.71769738186723,281.01262526410454,-73.91804316074662,247.65283619322832,258.72221700925354,202.387098111948,111.99425369042591,103.20577846579606,-23.69162741035518,26.61207084690424,-5.960579838113328,-45.51181497889885,-50.90838821414559,173.5864155885988,149.08322195704798,67.68537640549353,77.09330416645494,269.50286221953434,71.06613281011425,244.82697267913366,50.43856642819793,370.61967945120614,79.84426106035359,193.13515968884133,221.30205135214038,203.1077960723612,229.88168285139045,210.75877627752405,268.7310709129934,211.80898901922902,68.27519745148287,229.65821245495695,174.000350178696,176.4810819675621,72.83449083517033,309.50440862650004,251.47103208139947,39.6051742304162,224.69152687556138,104.4876622255475,53.89310671690458,66.37141559210693
-1938.8339402729862,-662.2897393786269,-719.6567374062091,-1195.0394347439626,-1571.1466925187126,-1091.3444882684407,-1193.073833636144,-764.0293383254487,-1847.3068374275438,-1512.3403882389518,-953.281017775654,-826.5604206418437,-1108.6416376527281,-1533.9857492700712,-1685.25405660014,-1305.171392089867,-609.5402575777806,-671.3769966234702,-896.8661617966493,-838.6895826810559,-1896.9209175203703,-1224.5853497810656,-1200.1212130442177,-1900.169109614475,-444.12281853378624,-976.2233786555425,128.85551049520754,-1059.1407343561582,-1182.5274695592605,-818.3046366523638,-1184.3728389245553,-1539.1276966019461,-1272.6470860223665,-1347.0108721750025,-1178.6046586565194,-2590.74119480575,-1407.8067615088269,-1210.3277344560788,-996.3104926081174,-1779.927834298165,-184.8622174846145,-45.94151836850547,-894.3744472929781,-1039.7477353520899,-1534.2560987633988,-208.53491370798727,-968.6592671332356,-611.9018271769635,-892.2192301797163,-1043.203367647666,-1265.079109967845,-1000.4707764540964,-979.643544479772,-1806.0824901904507,-319.22950599923644,-1678.6491324009173,-269.25935423459737,-2090.2492774104185,-777.9446117650666,-580.3132693471405,-1519.7094996353194,-571.1614282548243,-469.91096599722124,662.1286024938046,-1104.9780639885312,-1205.7401080697007,-499.0328912102748,-2390.8115572286692,-1143.4035912114286,-419.0141402500768,-1532.2190368049999,-1814.304862455081,-819.5547166273823,73.59694638199272,-977.5098571206994,-1699.6161377827536,-1666.5080464583607,-738.1755072990179,-1402.354314195841,-1487.701385932317,-397.9621632312771,-1311.6573700599329,-794.6402911938111,-1774.4392530282487,-405.86574875357934,-1186.4211212773282,-1080.3933940469951,-672.1391232376778,-1189.2047856620688,-1178.461670353456,-617.3284290822273,-1412.611630271786,-1891.9151976836572,-1412.6299331660466,-1420.8632248556096,-1659.5092027035091,-1018.3584640002925,-1347.1011147654897,-1187.899824498129,-1200.4485711785107
-744.351997360508,-757.17369402319,-375.54095282898334,-560.8233589525246,-392.9507301336524,-555.0095758470155,-902.622915067708,-1877.8510797391716,-292.23075914160455,-890.5802556875708,-489.80008456514037,-630.7494062842122,-909.5440359214906,-498.62858186218904,-99.95255990149046,-616.5852382901188,-560.1591121262632,-345.15240185950637,-553.8726285925322,-880.8336590931366,-700.5998165711436,-437.27935557976355,-512.2079350700575,-670.4306685538489,-393.1561809149471,-923.6368403277055,-527.4442286811314,-602.5138195292905,-526.5199333528836,-570.688692534612,-891.9106526295462,-401.13642346927776,-202.33364390343803,-587.5199244893718,-1058.1196379487963,-829.3606360170211,-861.2182027245382,-970.0441297689634,-1062.4620614895782,-558.8300443763596,-736.152683819155,-1011.3478785218301,-1054.9733045231003,-308.76983752880943,-676.696695750311,-1607.0846944882426,-513.580942798341,-427.4652921741878,-428.31900459857826,-545.3027029337611,-7.281407590728105,-1193.3057795679856,-651.409983050408,-577.8581089106895,-343.74103440198036,-491.1567041358621,-1280.1536700496022,-1208.3784985299876,-141.07005692231127,-1144.2313607997955,-222.53069351100893,-820.7097799269677,-702.237342001717,-714.3761432465145,-485.95298609659466,-440.55126995822275,-65.83898865436352,-501.89527853402467,-312.88596715552393,-193.61456293863418,-95.12106799254812,-501.30073603769443,-760.4530296499695,-825.0470335961563,-763.7450357566715,-786.5453458451069,-408.9214809477753,-569.7137501739261,-548.6298056394452,-1180.514691517436,-328.376924434218,-634.9235571669246,-999.5583638365896,-593.9409307695763,-775.3822618319672,-649.0155828070331,-835.1378228608914,-600.5558770788629,-303.5446503696584,-529.7029095454685,-790.7531529021867,-530.4430097811338,-541.1976070354418,-797.6467132741286,-419.43996251523674,-420.4235090168658,-535.8893815921017,-338.0785553751084,-461.1883156042295,-300.1321900938249
-481.2306139891922,-346.1320324079746,-123.15026242694533,-286.3491885167804,-194.32405501925479,-48.161553246501896,-99.45242093624483,-148.70182809923654,25.160666897780708,-259.8638253749562,-415.812820916101,-273.7579255725586,-357.85614018055253,-316.3796518202494,-10.202847174932053,99.35353819010842,-90.28193851303446,-15.876387460930845,59.05262296140936,-249.4859255727851,-375.664944775762,-227.49269369331031,-126.23496756370133,-205.79845035054868,5.072451571925381,-176.20564248233168,-107.44978831989337,-181.47058345618882,-482.8296216092308,-354.41927358698507,-203.16553489305764,96.42042355681458,-59.63867806215371,-46.67126957180139,-614.8700462399493,-571.9158392288014,-149.1431463329257,-482.08595956633263,-310.3415000386468,-118.70574377771219,-65.85583103438417,82.461083685299,-309.75786498017237,-282.7803577488641,-362.90520830443506,-325.59735655786733,-26.624143284270268,-122.48029633351143,-140.69352052143995,-235.3670680064762,-116.75043274884297,-214.32035033367526,-85.63609192414376,-308.0902013972629,27.546337865384146,-184.15987073250045,17.748680137730684,-329.062535921644,-128.80417087701173,-31.82042309928667,109.89834205249988,-212.12563398618678,-417.12617398948123,202.70274291162664,-145.46701267137348,-173.51917690118069,-10.820551881022741,17.684540108555435,-102.56751547421257,142.0959717033956,-42.98859944417629,-318.9239837035982,-205.19968344984704,-438.40709949619503,-61.96698473457323,-518.9774493817014,-80.43536616757162,-167.49063968255788,-193.03787384035888,-688.4385160143086,-323.9659762280213,-367.7879559434613,-283.4228104613469,-480.818951543765,-34.4991811190703,-486.99188865216246,-375.46749042396146,-225.2155581877181,-282.7511759675825,-83.63152431116448,-194.53135522112754,-254.66958497778967,54.98290766940609,-442.2507384294212,-489.624947804109,190.7313225868259,-89.61598489121891,-283.3080667709827,-78.04624071290979,-211.87382572269283
-575.5318088566513,920.3382416962754,-16.20429684662248,-833.9205393522404,-209.99501251759563,-603.1483725500619,624.4025727636687,-86.73843102731752,-188.25378589068936,94.65327256657653,392.42467803263105,-351.7661744800743,-546.5691952072071,-329.83614033491324,-662.8430460320271,555.2710021942738,-87.76520184759458,-355.6293775286926,-955.3671186152442,24.6276708638782,-101.19069459803683,-781.98582971555,-656.0062480299106,-545.189315274406,-869.2819628136991,-1170.0749812037507,81.05875755003899,-759.5625203763254,-367.5028916873145,-88.2618746166547,-629.4061699553931,254.68456396527728,-538.8697526633607,-731.363452074159,457.0099994837624,-370.88494619804226,-1070.8911264826208,-611.4273851599943,41.50112557552786,-204.06124095876868,-652.6943556624949,200.59945590232715,41.34948785911763,-217.76757119775127,-287.3511720404744,-872.9472685600402,-541.5948315612832,-137.96712494363953,-272.92983102187736,-109.91078567517246,-582.0972492675957,-512.5362893044958,-624.2547991830129,-460.47975527983556,-97.86828913567145,-751.8220339756058,221.3943069004752,-0.860568057200807,-260.6077112162141,96.94463432213846,-105.48605926996822,-309.7029659190647,-256.11993682775346,519.7369772333145,-747.5948299943566,-435.37297159812516,-525.8774854795962,186.11686434455925,-420.84545705665676,-209.74936503444692,-329.00546172415926,-779.2194796188908,-890.573363890986,864.7510742924044,-4.8826530879220105,172.5589774567256,-596.081187757744,-823.8386463104304,-447.71678263922047,-837.0602340036004,119.31863003393485,-342.00846323426384,291.0575522122423,-696.5230221111722,-1724.5379352361708,-248.37696702938928,-430.49028639187605,-141.93531701309948,-135.69416215787814,-1606.4557686408923,-650.2118453418367,-586.4140313715887,-65.05254863879298,-488.8965692423454,-82.88428362085483,-425.84874354148957,307.0658447161688,-356.6897592272621,-323.87580390100146,-654.6970112672097
-369.1695520407607,-1717.703870301002,-1157.257045653491,258.122469932305,-563.8032971313467,-258.26183901773356,-2124.5348407382207,-1345.5071065724453,-903.4562260904232,-1634.5828152448796,-168.49656846859605,-1395.937668023517,-557.4245725952209,-1316.6519317754455,353.0816755818035,-2969.961440570191,-356.3700648073151,-573.6317364521773,-482.82657532710914,-2269.0209732300937,-848.8757705545103,-675.8610326236412,-842.9334047174431,-97.32660803264399,-141.25756033538696,-211.52524433612612,-2277.2161403852842,-773.3837275203557,-427.28409849187085,-1078.4827782378927,-378.18116704704056,-1646.0029567717306,-895.9878586875343,-525.3554593619418,-831.3732445548861,-1212.7502426176968,-1320.5819388652517,-1447.3468683994035,-327.1107146171393,-997.6445265361472,-633.4472949934299,-2949.563734580264,-2463.7601090377775,-398.45626392279723,-1068.4473060054218,-759.9651395783152,-687.66765411564,-306.6055353875886,-314.9496240378564,-776.5978847145767,-548.7584584590526,-2265.878457590499,-337.1030943126773,-247.32108558805774,-938.2943718406749,-788.9686169912181,-2513.0196148017494,-372.2271387297282,-674.1738632384252,-2443.0999120907377,-698.3375929232885,-366.2361298090183,-941.9203575509589,-2053.3541602618993,-410.0823836741851,-1040.2400147358178,-234.9052742189455,-841.2577425553045,317.1127646119424,-696.6440264603656,-95.68618549108133,-365.1037583978421,150.283536866432,-1628.1470153493458,-1253.1928854070295,-1375.4399303654934,-570.3789375277189,-1717.3880322235104,39.70608089297314,150.59875163022113,-590.3611486557713,-936.3791192797758,-1942.6953623890881,-359.13778102967484,-864.9259169369623,-890.0130110997118,-671.477888911991,-1327.188345208095,-201.8758557359171,-633.2840132049841,-778.4610654736974,-260.5990192924613,-786.5717727021063,-582.5236147108576,-837.5515663752944,-485.38956103347596,-1379.8007281122389,-398.18083641962966,-1444.507055211301,-573.5961933178501
-116.10186296311643,32.900007765797795,347.35191486261505,-287.27484340905625,316.8778258624277,65.62490376152795,-212.24683678897682,100.54161894240544,387.2785061790213,42.09650620883963,-101.62965600228651,375.2403877650665,-328.78535836005454,-175.720888281054,90.76294046487106,531.9760367618112,-284.40659618094605,249.66859248457317,114.31134564767233,224.83943768706578,-68.3717273194315,-98.51708901856892,-6.566045452734965,-59.19071820971949,-124.00490119127143,-317.8708451998451,365.9294015757066,-33.12409583080814,-371.84413979715094,-100.83479367542817,-292.9716453613353,398.34375381572477,243.31916811661736,18.40885852101602,-16.87875920133119,-252.26167292870127,-74.66443352672134,2.831934732449422,-286.10257326826746,177.03932428873662,25.365211850259172,564.6009472774795,813.5807502449871,-108.77705220139308,-61.78579761737045,-204.3183341443403,156.64064440985652,-121.1044138643044,170.95587887173505,189.15268511618044,115.40781900246265,311.41744757288546,137.89665435806702,-138.27262426316426,428.6651089017291,-96.93979027739472,457.35408908794795,-421.7877894813814,-33.34522501247408,397.20056468922417,508.4686008294228,-277.74139696250415,-52.88724845777131,192.56392509969797,50.392956348392644,114.13247751108823,-75.33918793861466,475.30268610022506,-32.696946265350185,166.135835155955,-9.772161870602254,-102.7026412203554,-292.91536429019527,197.66590437704798,251.9408145069087,-77.85059261587604,201.9132277353857,-252.0308836439217,-45.57599345281461,-474.5271798518748,63.10292823891637,44.374072198437396,230.17011504492058,-242.64539648719813,-216.5145151817831,-70.57424600427885,-396.92126362602556,80.59932025124226,-89.35527506547507,-527.2217319715432,-49.471464305930944,-168.78845834217674,476.6607866247819,-278.2480012575548,-488.89940488890943,237.4928186501617,20.904669626613565,0.4451639386075328,432.03062544775884,29.50538822968443
-301.3675024744264,-501.70949403709517,-21.02306174991434,-139.28182732150805,57.900481547909195,-238.3214386009653,-403.7908055159448,-797.6238552279017,-59.7397424146277,-432.637531018322,-76.25329250135243,-551.826964450518,-387.1176443703974,-301.2271076808756,217.99213249905523,-562.9672430121587,-286.2991698286435,-33.383166283038754,14.013513838593084,-641.5218813491186,-275.559129108516,-371.7395336911168,-245.94512917780685,-239.12361702720037,-179.64117614479758,-389.440220832052,-464.45379927761087,-126.85308980906856,-222.77165018247584,-361.85651584384,-245.5377469749136,-133.63330133336257,-24.121424088842158,-134.49029517424074,-414.1806962398622,-456.9097196983115,-398.48736685278107,-504.21717035940884,-284.6499039797763,-261.18306544601495,-281.17438009780034,-625.7632185955787,-789.8649379521377,-88.21617767538429,-305.41833840294373,-652.9355486643822,-76.80782022955182,-210.31075829206674,64.82508470740683,-166.68278448970156,127.00132555304096,-549.7644227607291,-9.181011850508071,-192.56743591735423,-231.085834517912,-340.05906570229575,-812.1257938140029,-453.622212847687,-172.31919336544425,-617.9553879744187,64.91481273860006,-122.59855773602514,-303.26591209361146,-625.4020932168473,-12.796335486969877,68.92244746344036,43.90272970578888,80.80897833265159,-85.24478493769602,41.96526800415084,87.05877968241657,-150.3359012883673,-196.53488765546496,-296.39384983794605,-396.98345538937326,-334.4010248439891,-9.40554239862545,-486.86529996115024,-62.674824393964215,-333.3566952928465,-194.59854863868176,-262.7769711918953,-538.8243027363854,-117.62373184864146,-541.7733663280345,-219.8368289837879,-436.8987668530712,-479.79878059413875,-29.411265720623348,-324.07534531625146,-229.107428098978,-231.61556949455203,133.1045215943126,-256.3969879884757,-76.62306266335501,-85.59164734489761,-492.4534765141416,-106.08617917968566,-155.79780522043202,31.630930104757073
132.75606107649102,108.82161935675546,165.22033695881245,156.24026815952493,38.860634029295376,-283.7882370059239,299.64282823721624,1149.3403490352957,-71.54578743788784,-197.0370399560281,35.346335346765805,977.0822288457488,625.4321551599162,-244.64351714471232,2.906641065380284,145.0165390867663,31.280884548325602,-212.2561058249879,-662.3595495598724,255.10821050265008,-54.01050486808554,405.92784996137027,-97.15501864774522,-347.8404534439791,-385.47677015965223,28.93240168554024,546.8025032512817,-345.9741540916774,-22.097948227728153,-127.9015778459951,-103.64581321788505,-0.7528073176574762,-221.87284694761803,-347.82164894764077,531.472955106921,-10.687643678481177,-204.00511308318693,145.28707414623804,236.47278816803146,204.74442977744786,6.631826066366453,476.0095836468811,938.5368369606159,111.8016539782244,235.66761387276105,88.64323895037847,-570.9162897546764,-269.84290749245554,-75.15939226104665,135.35364047277935,-264.26964934800185,922.0127379353132,-394.51992809271377,-125.73534022491239,-96.74998327799463,-30.683532560429192,995.131050567829,504.5588269555745,18.108229535177724,54.58232171530165,-22.196496774207173,-38.18157981927238,273.1491493429998,626.6835870602122,-297.07547546837174,-65.29819081066941,-407.1094645201166,225.11895479496346,32.075989371456835,-182.22859302883808,-484.2650469090891,39.15616844741664,-374.4696325019909,19.380346541230388,-136.83215413328614,507.4213389239577,48.95374979595288,101.43270189877673,191.8054955367763,193.5189758908223,-14.660722291138736,87.94947962422187,771.7257228958237,107.23233356272476,-28.418553622332286,136.78940451133917,-6.0774179187398065,664.9369929191555,-133.78013836409977,-1060.1164425880136,-250.19404304195766,-73.19815324029717,-479.2770960377138,121.21927371902657,-74.07907372098066,-460.69185311565354,255.59565930114448,-19.411238323531013,354.1692168948488,1.513313842590545
198.54212249500083,157.46868738599076,-59.28526580414494,89.33156787883672,-102.80912865389739,-3.999797570999499,242.67490761168597,262.8781627444744,-102.92295070048463,184.686859725454,45.81611895715096,49.879531485609604,144.3750717923744,121.93751387851677,-109.54523231652165,52.45817401608333,78.55539256697888,-14.952803612201537,-48.01138052578085,198.21021623561123,137.54767035107955,176.4152021499611,61.50490652003968,40.88414346465204,51.31864674343376,196.23160474783572,78.5098397441326,102.76265116108806,193.44041905818682,116.2645651123209,129.15932449113538,-72.02239046121834,-69.97475072359245,-13.900416850800946,231.34837624543997,143.84235893390235,198.00005832535848,307.38168603838807,226.51732949657782,63.58367058163876,144.1932020428715,135.6623746270937,153.902169459323,37.766733886105605,61.813358008119046,359.4911667343574,-21.17797177990964,34.57342795415574,-29.030205459251334,27.142354947389478,-65.2486043760573,360.36007857245954,-34.82461413141874,99.76938032438615,-61.45867030628352,74.2159823559254,237.36511404646097,193.91271303200918,-6.195885327784197,227.00220579758565,-139.20656639770186,147.86139308102568,126.58040743252425,105.83334243018834,61.59780800492188,20.925416270616644,-43.18060498478082,-135.8341080865053,-35.583763669249024,-81.44379338902857,-96.71976066170805,92.30009421650936,126.81603035089861,93.93395472903728,104.1623595192112,110.1734530877464,-53.76616248190134,176.64175827600306,52.70846924253713,333.4905085891213,41.11124629254646,89.71982897894128,197.02978925169353,128.29173023650466,210.4116140037762,139.5496184393148,175.90378999610274,98.47842501700771,15.216954732168496,166.0133337561631,115.1645121956355,71.24545345969071,-37.35021554523731,238.95380537356303,125.63838123604269,-67.82375602828802,82.78994591156123,35.493958440641315,-35.64599141172349,3.9015769873758273
95.55785868633771,74.18929579875211,-161.27096732882453,87.47310429081291,-212.26751511616624,18.750877565258495,163.48290581248966,462.47129875564866,-106.99522460589208,129.80949918912412,86.41589130781634,78.1896690285591,130.7620302755624,-35.38672695708738,-85.69684111049712,-61.87141503283725,21.11674592300989,-104.16283720371146,-165.34562280581258,31.81630788454272,28.345891931271893,20.97330053690444,-35.3056033852506,-18.55614969807775,-64.13744847733341,147.21276320712977,23.916103421455176,2.9346357213612726,118.38749986225362,67.54562107472492,164.8187053247547,-165.0644335162077,-165.73847701608935,-132.73576915328547,202.1666791381549,232.08860824148883,146.24939089075158,120.08022756574162,186.18001364574553,58.19733524853313,41.51082110112095,-37.24652887317684,-16.185227401277473,38.49573446796267,39.61532644314323,188.87099292873947,-125.29973580289395,-43.22689720232457,-77.92243684123436,-10.373272614696923,-96.50259647712946,70.64090481041536,-292.2729454770154,119.05119839337286,-138.94745042477322,33.41371476357451,-18.70087919954026,154.9117750225156,-20.21025769187123,-31.76951847993002,-218.60805937202863,167.62985134178285,124.24064215990242,-36.476236035896264,-30.321572299299017,-105.99257538454674,-68.06492003711526,-204.2850132101977,-50.118870214174144,-163.81226687760812,-178.58041040379211,-5.7991531263362806,64.30163618483014,-46.28706819463365,-56.569674733106154,155.97679807240908,-78.16055867617595,103.69487430210489,17.771500375381667,374.2044171284181,-9.234932371972073,26.241965272815527,52.25770827831939,104.19622325036472,-112.67843566808389,65.37550638806343,109.53461229487328,128.56989023118615,57.95503244320741,14.263185020527342,48.65252692489387,28.468728407959272,-68.83402819015853,137.22304919432176,140.70178696343308,-209.4559467270249,16.303070047966745,-13.526759367668562,-160.92162164298074,-97.05001636159702
-75.70152815184296,215.65039494869612,344.09160673425515,-16.454723878075356,209.3460590605228,56.690726609614906,-49.95356919501255,-277.5846341821664,102.85110218316571,-13.602180018479473,126.505841387679,-226.6141470507645,-187.40362591695504,164.38078428564472,106.37832577921318,726.712017657887,-53.7663892740525,46.56789572028216,259.8492624523892,-289.62276455921494,-167.45426490528496,121.97701067971089,-16.291394633880877,-159.7910997141723,302.8724170197888,-65.93414429905371,145.72373321184168,178.22718078960756,-256.1212433554182,-115.39351793060226,-111.899604090944,248.7999608198406,139.53705556739536,81.31053798038393,-169.65842738477684,-486.31569910632857,-117.682846966379,-26.648529524711744,38.947248029003305,189.18517863888331,352.4837483688331,20.917432440022584,321.4102146238461,-49.96453767046253,-398.24882660938346,-174.0721940248146,137.8816813564293,-6.853031106910175,224.80061865856428,82.810336484835,61.458701099093695,-214.6334239543245,364.2613426919491,-144.43936628533604,24.10856385089596,-542.9157609368525,62.84697018998786,-73.8027831675892,-200.09582997122024,242.496388780043,327.88347760893424,-327.4683423062533,-112.31382305460073,330.3503789896951,202.37691356728658,314.50228881433054,-2.11695990198753,847.3668824750915,-79.76710887933159,249.44247823170488,193.29276686912397,265.6525249806513,102.47718523323793,171.755258381681,-68.74479650431388,61.472313896431814,-64.56162345477074,41.928928183239776,67.41984646572709,-451.31817065301993,-18.80030800496684,-64.95587369662115,-28.38334733565992,-188.31957765514514,521.6026802239038,-172.0324034536368,135.39554112202586,-185.94751614318895,-40.286019620019204,327.66936936124097,-312.0348332477587,-82.21351618582302,331.8242357636991,111.67887341599665,-244.48852456970565,340.08659462488885,-31.991129249658304,-150.49045723068116,219.851424713841,221.01350860550025
-166.47540574847378,-119.09409500961148,13.405550809546984,-83.30705673641886,24.87770352164696,-33.30997215992692,-126.9712170451406,-231.53849067506377,50.190512323917105,-174.22973050074037,-30.826868578513746,-47.37135192379705,-60.69479513279584,-81.94693397245568,48.572428104573696,83.45770554141525,-57.23786342969866,0.7963128674531942,49.364713007720525,-27.985176893073618,-59.04469256406721,-60.27747073014894,-27.56089955246117,-19.91390592302841,-7.1138405398195115,-79.31212117984117,-70.14043224016928,-59.74676207753835,-130.45652749199968,-73.47182593777327,-96.99393810766377,23.015386559584506,27.096105625864336,-15.77773398410571,-220.75459537815507,-98.09790376717167,-166.15910608932288,-156.97283750459533,-169.93178158438752,-75.45353997690285,-97.25173375239508,-89.94098011226869,-85.80760327010422,-54.358874052866646,-25.95219595378399,-302.6759925908952,8.976507655199672,-28.296331598311323,-26.24847750319616,-57.75569323623519,45.156944567361855,-179.73098046134243,-18.470847746398125,-103.83892509289991,6.773804355972655,-82.55071367668707,-160.47538095571096,-148.7699916405955,-16.85154626085083,-108.80953137517332,69.50579979347562,-93.35546737690073,-128.6067740155222,37.49518263115895,-52.73423108774502,-13.142103195879086,34.13662141835901,55.18037668946983,12.795561972910674,41.29470827740478,88.88071696448128,-26.320337719586657,-79.46761876492475,-57.06075971343704,-102.98705406327227,-114.27892025410401,11.754079689091272,-80.07339331738171,-80.96105292645906,-353.00246418451945,-4.794656770721746,-99.16255574642817,-108.3863993664442,-103.18352009196703,-86.8526435568761,-130.46697794531215,-81.21119695219603,-44.782174766920065,-18.446575387221607,-11.579950553123098,-104.14340290136205,-81.37227718571495,-11.548720604739604,-161.84043630569957,-97.5360986419021,1.8983651872885947,-40.48787779621501,-58.68031980345384,0.6356789023113166,-20.079521302520376
7.593358022613351,102.01162177285967,299.4960421433423,0.36222116671149046,367.5040361056396,182.96268284715137,-141.1042101844199,-134.3508025253359,380.6835800125474,122.84131920736483,-27.319584998466983,-83.9305299434425,-382.8249939800199,119.99467299104589,292.28780199911847,178.04426610010978,53.25861652802873,238.85107660243298,327.2881414329301,-401.70810868755996,13.295893380893054,-78.70813867535239,51.9824458996981,162.27180713748135,152.00259148196272,-289.8008831074934,-12.578874357535053,81.99209226009751,-197.79611654742928,-173.1577045416154,9.613154305890989,568.5440903268427,360.62369588629946,297.5296090411121,-266.66079555395083,-195.6262391919001,49.47267805376966,-253.83306939495577,-86.229942601467,171.80038608768425,81.57515649358483,180.9408944958434,165.27197607694154,5.673961191885133,-186.17937742796764,-211.94091497750827,382.45772121072196,195.66610036194564,340.90961373991485,178.91237323195634,229.7527151890713,-191.62194824578233,498.9398929821572,52.68120939195496,351.8854379526657,17.66292916885588,227.719401448382,-108.8144426009235,107.62154874142355,-19.5277574853031,565.6240465522487,-241.60098118647267,-7.790663643507225,-87.67874211927536,329.78892354109365,311.2398211808384,120.416262109464,995.1692667114755,102.01061895802255,403.54243539983753,301.20928925492075,18.078924778212293,30.646459300776698,39.64939020915925,158.3591616987463,-18.77428597039401,224.7697594118036,-12.313592917652015,230.80001118816122,-351.57179324095006,80.67853275922533,-20.996536084661614,59.75673740351476,-144.10588945340683,89.10105540849808,-60.99117340979315,-215.48535088888667,-258.9526638538809,82.71106560482532,-83.31515876155589,-117.98905561514006,61.45670783681843,605.4080141837177,-83.82080372218383,-232.76604987714992,524.8622807770815,-196.93051779414262,65.661096484145,477.515398988287,252.33547636300344
477.3905990398775,315.52809251627826,-32.31939069835286,442.32150800482964,-38.85732905707051,252.64209335518632,594.9128044310929,776.113800079357,-57.07912860195623,709.7256714421582,331.5702548116336,270.55122138717013,333.5730863395962,180.69197990328598,-90.77641554048948,373.88866229026405,313.9826208283415,6.1572381436055466,13.602134077797418,425.4527782174422,381.2879734279926,330.3406420756681,213.87518008915185,421.8892174278948,128.71937655892103,608.0593364019253,319.4249218523646,222.61926034780714,299.03038017337576,199.92052953591886,605.1300769726078,-149.0122517808912,-66.5356376209532,30.53274300485813,723.0548204083813,550.8286481448342,551.8665708930355,554.0024189644765,514.7706237406856,339.90664606355995,380.66924061283265,135.1501060109842,424.84251634405103,200.3767155301282,254.22465193187955,785.0984665600056,-31.953010512750694,172.24684402406967,24.238115915598456,240.81883095971526,-137.22426474293283,658.9310480081882,37.63773020522064,397.7887456696704,46.53449969924495,226.21821272042087,464.8593283339659,550.8083255631116,-61.49077023387475,441.4795545409808,-152.10427482256657,274.5243392368792,347.0278503966077,247.78903576744776,75.87716795340933,-0.9248419647187446,-135.15108830456163,225.57961213512996,126.41437081037513,-251.59922721923243,-159.08990771856992,315.44789217098577,520.121359541892,445.01784156311265,360.9895480111067,462.1086805357079,71.76027818429701,283.79581794443015,279.88527875884984,919.9744060615521,24.870638457126297,221.72293383014988,252.51643477960826,302.857534538503,156.60576293321878,371.1556585334231,577.9663512226978,383.7516278827584,175.72999548740103,310.59955747043267,334.83037094888346,179.77162077340788,291.8193936521368,577.4002828961584,354.16420619650336,-63.63433889210238,230.50622018140268,184.6773382712522,-15.478037833968084,73.39205464552593
461.5769318026093,270.93481262719416,-24.494126272832755,131.6483116870819,18.6722025834456,102.18717448184634,464.4918650994885,672.0218865642273,-37.811110256054924,333.8980024582663,174.190100122389,59.11073829314094,243.68946202903354,293.7215184949629,-43.51027234548523,164.86412838310386,144.17126072684204,-59.07035348153509,-34.85541528815269,-52.03317448931301,267.8933800853043,273.9248275139537,56.42037528813882,80.76720402136547,4.433100110551083,175.57819672167176,67.22203011637878,170.64507349756272,243.8226302146578,210.58974843289107,300.950375725198,170.42742609810654,-82.64131287040011,-40.184311001921074,415.402646319785,403.960793382116,235.8423805602687,311.3408276930995,317.51439668393215,215.23445656419224,164.3338622162462,33.973905464501826,131.65943837303752,90.982907417116,-17.466936477100404,514.3393892427518,-82.1104336167035,8.569718947424517,34.93649959394656,137.51977011728096,-57.665870173229365,407.60369218329737,67.71222772821831,164.67189467455106,-90.03882950248608,-75.64070027249535,407.3388169993996,439.44781863343985,-134.91583598545648,516.1674043489022,-87.62204463333917,248.75864544992646,138.98361768701463,57.32660428010179,252.6222114752772,179.21808454369102,-89.21835977901677,201.91368680922727,-86.24587419209192,-51.49751587090924,-138.94489986899242,98.31726022153534,139.38471670450832,114.44227786989927,150.08495241681842,158.75578734035375,13.625011873788312,204.47203293086656,199.5478103340754,662.2432630078457,95.20170775949616,138.71014708625415,242.81013241665693,95.95979595641602,183.4513020547306,183.64062419938924,157.83096888258282,110.55933781738531,106.48979613373835,227.9504324624375,150.82478550877101,124.56087293117459,101.79974022450648,456.23880684327247,180.34953771846122,144.31385087591417,50.49430524163129,59.330738318267706,107.35673405678557,92.18435807820536
128.04525279904294,981.0426058161004,336.57760567284515,575.9091487223052,958.2247882126602,742.57824989059,-2.3682666382860917,584.8256233056865,1466.133893219921,900.2251193326781,38.177157250751016,764.6083354782162,71.72853860063992,211.00814278649761,330.0752046788452,-266.7139944940973,359.25475246264864,1468.844627474725,745.6738130073738,1168.4676851663571,789.4966396561192,-161.2144098139366,318.216513209902,724.3735991174123,-37.6536375934897,331.11690327095204,579.4944310858909,751.7472383206564,378.31106132083727,189.9863741843671,691.1146189168077,1349.8979883307447,1047.9559979949863,915.0259261029527,271.07340594273984,-70.08886081676386,963.1238934558412,328.45702182724625,211.50286821661808,234.35418971786288,233.05670506862947,1785.7589043612245,353.53594239439735,539.5098793546447,508.71757247352525,245.76362477012543,611.7035436914392,165.3936214824085,1185.0063223244288,753.5222409743951,376.00360449349733,112.53184509683722,952.9039008842528,75.92329981239529,1805.790052628277,896.8015581016501,1468.8064732447622,-246.62598751839835,157.53133586349136,548.1120027202296,1507.1481148978373,-41.103729166928225,1361.5459067487484,261.3251984929158,660.1194800075357,861.9555122081953,100.28326723584779,1153.7394928618662,503.907996585286,451.2345113886015,325.41014196464874,-38.68829899320661,1121.286872816611,335.48654704296825,1005.3689679575685,626.5824666693233,1184.0820344075676,498.6395887361133,166.3054741632077,893.3385858480473,937.2179291623802,261.1351761392101,738.0396584590446,597.4800356031012,906.101713276036,854.9206196833254,633.5416288839549,351.27602557743495,69.12484649059708,-572.13021146419,1024.9669600410834,-83.77432933673406,1791.3996168537478,561.2668315857264,667.2453823663963,122.37355790272291,464.127179845679,606.1283635317651,1340.7559239308146,354.735386283922
-58.23061215299113,-276.0266855081621,440.9416577669037,144.93149885017476,353.85615092264186,108.78954303879539,334.71024290930274,-237.87493941584674,218.44645051028053,81.5421379575205,126.71335960155331,-175.48875378994637,-70.22567504489635,110.31062123343119,312.6149785303838,102.6321504439225,-83.68329202588409,21.673231755378353,416.5337031789554,-70.62356222604149,116.11720459846407,66.50251979108387,130.78239183809708,41.45110104404215,265.4758822754685,7.593213751812892,38.05391189110657,148.34985381825462,-59.50241121931333,108.80758359052088,126.75386794924054,211.22472928908266,273.78239132858835,176.3862878831725,-79.6128707888863,-65.34698073594495,111.77569042905165,80.20889049819851,46.47233178826809,175.32038573311814,339.33991721083737,-0.8493102466324,158.25441431348202,41.876791517216446,146.2184163993102,-57.76994065609042,233.6719510643961,61.91959079665406,311.65763434736067,281.15581607247583,232.84663974677426,105.87856157223567,463.3793453745568,102.99766241714747,230.44781164776325,108.90485852297734,46.46824402075903,-87.16535382177095,67.55434596889711,173.04725192132344,299.5679374077893,226.42423192919284,72.10988478973728,-60.701077441884536,273.8062161249773,385.13912347080577,175.59830311429084,565.732784407111,51.27095958005357,288.80109834281643,225.948377114497,193.08976029306484,57.46997872179692,-16.641103424310863,183.73876384525602,149.27134214727593,260.1978163503159,124.15903157846591,156.31949494988697,-16.715495711019116,12.19599273535488,129.21780791198051,-43.76076798163767,-7.09374626258617,-193.32600764204741,112.13363943567768,-211.23457185678382,-10.141432804303564,82.68686699376981,-8.262597759937721,54.29021521893147,76.44843582091207,300.65842655716006,194.87586758908975,-33.316353109832775,342.2145847061885,-100.74551547091205,159.4648805340173,256.20380985814006,298.52811105767995
-14.135669894149487,-79.31934226295256,24.834272180773066,-371.8881467278626,706.4960872911885,268.51639229329516,188.0522118127512,65.57220411200619,517.9187329662976,137.92255007640827,690.8121665010165,119.02421457380424,1294.4371936537125,-18.390803220997167,1058.5972634509649,1258.241459016011,473.4698861310959,110.1859865210376,299.8534710746996,881.888062629306,930.2814258475986,375.263196158519,389.74789576091626,-36.433954493730134,-112.23797757784139,490.7355236234229,-410.3079895750318,288.4520042557164,28.268650798995143,-151.437473844306,-78.45451193280842,176.99598979663992,171.5071911152224,206.99945351883463,176.41438417864373,-134.43851368247405,-486.3455274050843,396.5084536635362,2.042575221762091,583.8970629385525,-424.3448757279999,-101.34872563212214,350.0715060190532,42.263182763287894,539.3553109807208,-167.69317613189094,-374.02514100871906,-308.894679339882,-219.93425852869623,44.73207150626606,276.7664818267692,100.67231715058975,-93.1887021112487,-239.3639516917219,-428.5459747452956,-622.0030732387901,-139.14260931122178,1240.0504712727225,-88.9836452442951,-538.1580907580401,333.5506889485476,-327.1595120772989,-259.62047204394355,489.01631426429594,-142.66908221741065,-89.93521746421239,9.501586300149087,754.9218463480473,-228.17097716887264,-12.293439639477207,456.7844833589689,1103.5351605223511,-469.72225447710525,537.2343144492227,-141.4072299602717,-581.7513440675184,207.75513130944114,322.9682838596998,210.96050165942725,-358.11729934033826,258.8430757301415,-432.10485501200117,282.9809074142677,-32.82657638337109,2149.249212986571,-157.93702659064678,184.6450045393324,145.66769991699266,520.7265295904447,669.0521182241692,19.376505242366235,-41.587741015703735,594.8205974187742,284.5467810276329,636.1844536279821,428.1173469078427,944.0920488575526,-237.77406127162445,1059.1068368637998,31.165023148406465
68.93208995525583,252.88903374819066,35.19110038716297,22.809751798473055,-620.5550152242307,-332.7876917863565,417.05988241002166,-151.9663122141081,-444.32348651844546,90.00930949069905,-98.76402840319308,256.897529444955,-128.68267258000643,-56.15377477605936,-577.8756888578525,-263.3128198206859,-122.51987290429764,-141.12840827416704,-333.9119303109374,230.453443867159,-126.6031035949062,169.47122134426635,-203.30994066317004,-170.338471273148,37.939278621357815,43.809388152884395,407.92006708140116,-48.33487992010786,173.20108976058305,125.01593854228335,63.72365127854458,-466.46693362383155,-364.5439796423218,-208.08174192699875,23.9994328868556,194.81800062361933,464.009160503687,393.18484488320155,331.1438123543603,-55.333091255513274,230.35707799983294,80.56807383042047,305.3503112350867,-49.23528773818521,-260.31230685893723,479.2894617532392,-3.5457893976667747,-229.0205385411893,27.936250553589943,-102.70185598923915,-299.8443800550484,219.53880691175257,-358.2911010500922,247.07605879778316,-340.860399835991,-47.79065787955277,118.94402399749262,-430.28739679610646,-19.66906372853131,495.9965993210608,-390.92400379592704,148.64481621370842,186.34535302900974,74.24522594124952,-16.478988612579155,27.3931550455937,-190.19170661815647,-517.7790538022575,-217.75562572607961,-115.24617833247636,-501.7763054894749,-128.24676038029332,156.58835769686814,212.11153960821653,-239.51054517114497,410.2866959267857,-342.66761982952994,37.07254395236469,-252.74632083410074,159.42215376573083,23.144288115326454,90.18127891514551,337.37286729672206,198.23460891070607,-15.129221233363602,240.8782612877498,403.61904280486175,118.3474947946689,-212.83658677467977,-71.75409654945341,-194.54393556320417,-30.31426530722003,-192.55503119134022,277.9376557006834,90.61625333601282,-348.0544183148507,141.64403060745127,-73.72148720180257,-577.3261272889598,-110.41984988562137
786.9963411265451,-176.49169790440564,-147.5388795056626,-78.40141798120345,166.07829008441658,437.4139247450967,-35.275836028212524,1375.881226316124,345.1184837946552,525.4940663432122,495.36104838196246,-123.45299939341871,548.2044546163521,428.3378369510846,283.64001494241535,568.979496245229,115.7516260509511,10.329180320165955,156.52598151882833,-600.1608093914633,172.4679172802195,330.32808112346,133.2979483565226,31.65823785175233,6.874980271670921,862.384645853604,232.38619805284452,79.34172278684272,94.9939755124701,-371.74572552440526,392.86402240865755,449.492858254218,-142.96154341193525,141.2885560240273,569.054904933186,16.91400294307592,120.0960630205911,639.7640556391686,533.7009466067381,678.4732281994299,306.7547883662132,560.485720933034,-119.80151832879227,59.47204319695978,295.75056851453996,231.02306919133576,-307.8621630577962,83.99115267945722,35.28518714322737,202.47859532460018,-174.35870320839422,533.1442913209728,79.80842976810489,47.6825400333033,-177.58051277701392,-311.7037774985132,706.637932609276,1475.1148615127643,-33.292407226032005,339.17638305532574,-57.45151815451639,-196.00158860489805,-102.04771516306594,407.9126738067959,314.740695628786,22.508218503486443,-336.9664320025234,1153.0322858665527,-31.81387711941773,78.60938209178056,5.634282665370963,290.1628296482094,46.88490526180622,178.75464146627496,125.89671910894755,264.15454280073163,279.56341624187655,297.0881083875004,202.4805982358605,190.0999122737023,153.0010277577561,-99.76930954018971,299.22241392121305,126.50892035778739,706.0172034465013,58.13260301159675,-109.22326751869248,194.2792740404688,255.94007820185064,290.10232444069754,-135.97209706260597,138.25491656541635,644.0702326898913,347.5705247255786,176.5057982322776,563.1693609978623,-303.0272456098317,0.0677871417010933,1158.339979875889,43.25368008876912
-30.27446465628475,546.2663364611913,199.026290490858,243.92622156431787,216.15054661450682,-234.4682402551648,1160.1255232568976,120.85725986371031,-63.54277265767116,-373.6687943019409,181.12990711632943,445.18941897596915,192.91222521926275,-12.321494389398287,105.02824367447977,667.1364343564526,207.80504895569078,-181.81192582034774,392.7442006504048,687.372671214259,903.0655846986658,530.915276795415,404.76739772715933,491.7495176333921,343.05223328048356,279.4136490382792,-54.79870943551678,139.87822007247857,-6.418812928491382,547.0808546148925,345.17742574285325,-500.7360839217699,153.05702445158568,-9.165249165946006,192.36227785570165,540.7258298516683,377.35556072819685,310.05573551726536,295.81389618674206,127.0988177237619,429.90075053281225,107.77937215201977,941.7580978020895,278.55177008918633,159.12376292339377,170.2168075669812,248.17257119303804,-41.6076322065184,108.79750358201446,17.99666429890525,153.48449945852502,367.756268315684,-174.1952521275373,80.60848662190098,-573.6793147370396,-620.6554609295493,347.8588854567215,289.7152498478408,-184.9651121858472,469.32555090194484,158.888843512181,412.93521513920257,377.16210312557934,892.3125550594762,106.93858223185676,551.1389971590708,33.058147903319096,-82.15318698201719,11.338768746287116,56.8519619285857,451.9947136298335,608.2682752371098,616.2530015825491,766.5265072245412,-691.1634455690458,621.0552673902387,274.94564909959524,53.145183590034144,476.1843667462068,-78.27606270634855,-77.15428609665013,402.29645441387373,305.35090148892925,342.8001266552158,383.55970970707864,206.52541168172354,1159.1264475478545,246.35544922737108,180.66897628537205,363.6621748670957,328.39809492169525,50.638753731754825,127.81596576217669,524.7098217294985,232.09161251984952,272.751702061492,658.3400305655819,-82.70043039279808,-189.62867675114893,122.27626731625152
-302.01354324338394,-448.5994361988944,-4.591148238017131,-269.03809781834696,137.3258775194643,-56.87107193182575,-872.0568373451349,-556.9866683347001,154.29745039965704,-183.56212633182412,-9.850714903979226,-523.6932661514103,-427.65854654502357,-171.08495939973585,233.66150399040163,-289.2240631879463,-393.8710205992985,-5.792282338351505,89.52537409807883,-520.019241325748,-315.0827149780651,-367.7112864578827,-78.70732242967703,10.231279058489129,-128.77597086591604,-242.41986152063208,-195.8328612371149,-198.96725786041713,-336.11169961050575,-259.8367033029411,-374.22090213223623,131.1949369734633,80.08091726696125,42.91738894692614,-631.7531600910883,-422.41363120421096,-463.7575469256821,-564.0826043245892,-375.4252647899247,-179.11960855569367,-437.67576197801066,-447.0959632627573,-830.7928303379894,-188.8249375149548,-105.51268040206524,-699.491265167292,-86.03747112687526,63.70845863122592,12.88387044416695,-134.23695933533452,166.12465564150943,-673.1963849348168,101.90375192783748,-242.9386081140592,68.26099377157085,-22.91451451958095,-570.140434440171,-411.6588757937871,30.355162661265677,-368.27817065290145,41.13760636324303,-426.0039622768796,-517.3501164115555,-321.9578381005116,-157.02508890500079,-124.50491834170923,92.34174664601949,22.030348454936348,107.56866781269878,108.24482895955443,231.7670578363259,-88.28980694400573,-370.0636386092399,-311.1465813963738,-194.28441045765123,-332.30428537863725,52.544938075075365,-422.9029897220668,-215.00693377717704,-774.2889825888352,46.15892460953531,-348.6820119725623,-407.7161346752498,-219.38691051541934,-386.0585091399157,-371.82319386420414,-388.69229327182455,-273.35544110056475,45.88332974383777,-175.1214452768906,-298.59251330431454,-114.98404469165746,69.29976818275954,-609.303016683922,-228.7823682957859,67.57811225897096,-374.6064264090797,-93.67648530988704,130.23103119296067,13.101110451881643
358.4518850854728,665.1993289226723,575.0166798233026,594.5296359941191,722.9399088390819,846.6657504354541,2109.532631545867,1344.108439794001,1265.1039835884778,1046.0593171030814,-346.0080394109139,1835.0210324573839,-690.355625322716,1067.5572249903603,224.3223899244139,1081.5043101125445,1300.0563634071325,867.189501004573,1005.051151639372,1121.4128356937244,497.3364624741254,1593.979000299727,909.7187294624554,1546.3292638942996,687.6790249070492,564.5304854764299,915.4846919031647,468.7522288853606,564.1380649316654,730.7727604729008,1115.3787265037122,500.73640756949436,1029.7746785201148,978.0362681265901,442.09011612406795,1695.4325263036426,1530.3414372358884,1260.3952387848444,-208.75396079376094,621.5643576676707,397.27872388720624,1818.9338274788165,2766.9308537516254,452.4305943777799,371.63566778576427,1907.9105477064368,1109.0937077585097,496.6341605803746,720.6588816749155,1082.9462747526993,32.14218530227275,740.5772206829812,1077.7493999807075,734.8177626275916,1598.8208429776741,1377.8442843173489,1888.1817865540397,1216.310112237951,337.97364112773874,1510.0684602595343,1081.1601776749899,703.3734904587893,964.1848591030057,1046.7822514165243,1191.8451462868406,1224.0670727560127,324.64642807211163,1525.2237580171577,150.63580884620163,688.6322716673016,545.0281003844115,573.6862212046532,1169.661592796661,229.66263618941738,877.5436555651968,741.499362353735,1207.3502353432784,980.0976130890339,978.6640652598018,1065.2923185971863,294.6759524870522,1283.5206423276882,895.2099696527147,424.9552807003055,441.668898410506,631.695889291057,557.3261916296476,739.6282674550547,-212.9060317999054,1742.2110680575179,1010.0397156779184,980.1233184743397,700.0685311061654,1760.0016954479122,212.14363365744143,1249.3838401124524,1070.0026031884197,641.0804116618316,1111.984458394685,547.674375075049
115.49137455612579,-172.36790555689396,-381.0913496198483,-60.861130953977934,-443.04061933775563,-339.0730421854812,-103.23994087213217,-313.3034757426346,-550.406479231636,0.13776304591189326,-138.77056599706535,-372.26583395849025,-367.6570547638354,-124.56376285274432,-432.6989385984972,-343.37174296106565,-140.5576354313824,-350.1656380847242,-484.1219557176003,-441.08545424151686,-158.45002806342387,51.446914664726854,-271.9749526145006,-333.10014029482073,-261.4642674089334,-230.32227003001418,54.796814445452505,-249.43011202063764,-23.486397363310115,-118.51589379071204,-191.50091948777907,-207.9430138998901,-320.25109134314545,-475.07895503489004,-73.21408618820294,-282.2975912556626,-212.2652702722969,-279.9451203505423,67.01045589512935,-249.5039500834879,2.8936502900514833,-491.76630380808547,-471.0720672997683,-133.50481925081647,-348.5159519115792,-75.44247458227649,-443.38829807852767,-104.28126850585281,-247.09247184118047,-141.07238261875148,-244.4701736891827,219.27999955301485,-420.1039986150455,-237.75394758441223,-410.2004270051766,-309.60784141717204,-26.144729655368824,-211.73030924293406,-195.1387951797718,-35.64736375970662,-482.11712690659226,-123.32210020639174,-121.6963204748471,-406.3299426224872,-203.14960273058313,-177.5604387630395,-215.94565431633686,-588.7831068102048,-286.7844936026778,-216.84138784191364,-439.43897936059676,-381.2625102456116,-210.75877266864143,-25.76180470741127,-263.61408150959795,-91.31829626079487,-433.09747137054893,-156.89537762036363,-249.60755214637732,72.74182325391878,-75.31149207329308,-286.37580864444465,-89.80652404671824,-202.3202269613841,-85.13535436051488,-56.55138051040728,-72.33347277114106,-154.9499642341436,-167.6699018654075,-213.9852539127579,-310.6604631319007,-329.9245895387056,-367.1177814466931,79.99321061704994,-20.456878349245898,-469.4339213046554,-482.41196025383573,-137.21868879350345,-304.4504193071984,-169.25179287528564
-77.97163904697257,-409.2029899048237,-457.65571598673756,-168.94298219052192,-633.9099809829538,-468.35919536325554,460.9286181324682,-184.9330194083516,-383.6385779236046,-292.28399930560147,-172.02277730189937,-126.64097086671056,-132.17311575030945,-151.03748103098044,-183.27473862252114,-659.972262454951,-332.72695003594316,-362.1476437743997,-582.4392522210826,47.15049133590098,-182.92422046901598,-3.5164929720926543,-335.6472677394066,-90.87957984860154,-245.24294609830596,74.42937241429618,-299.27376515926085,-245.83395541323105,-5.097674495692967,-1.9253227527273324,-338.8602954695547,-480.7591786508994,-414.99073670753626,-392.7965693518609,-142.8990243008376,-27.936881141716384,-225.70577238944563,-158.2787695018455,-290.2162608210603,-313.2752894979735,-167.96501334017432,-478.87358019257135,-671.6906168940782,-193.441349357285,-167.67059884097182,-185.85880553206852,-576.8168424054027,-201.36708369452236,-431.6705737487239,-224.70052816473137,-219.26913941338603,-104.57599646338716,-472.27653212805313,-301.49068660491884,-280.1460682671074,-65.02398786253721,-393.6276407651103,111.12695713115636,-105.92992561898679,31.720373819722138,-444.61136015211906,-102.58178128160515,-238.52481975955774,-508.25534071558025,-411.8048827187721,-301.7846387748354,-240.33716798714073,-653.6873754437784,-134.59411366697233,-372.5105313611057,-331.13731590667686,-237.31249158912382,-117.12052937506118,-345.9615535502081,-445.86819753381656,-427.2393625053893,-388.93535334567395,-76.40226660438147,-353.6408137181835,-96.85507000891221,-22.417264199959337,-379.41967762836396,-407.5352622290978,-220.54435910730072,-493.87846949238406,-232.0924359674318,-10.637860656845342,-15.213182621965249,-189.14357318991642,-159.24767574018236,-212.1883033715946,-241.84195377092914,-306.8033040070663,-194.109950543874,-50.485701005519545,-470.3884291995598,-328.1467136665942,-214.23726589803834,-338.8620847683833,-297.83291527002694
-532.4309107884156,-682.7672969058709,290.814381742692,-192.5397840308739,91.82944510760615,-232.32500881301817,-1488.0674630383876,-1616.611310190504,-62.12474106932181,570.2975091171601,147.10613783215342,-742.3819180591968,-1439.5297394569047,-11.071240249644102,-10.485779385341239,-1212.1253489466853,-1020.9557451368607,11.065019970517401,4.705141631065441,-934.8575483985538,-668.5577130021621,-522.6095148584926,-216.13226463909635,-298.06905852246257,-117.54644182008704,-604.0649931377257,-256.27595735520754,-54.72627831344806,-315.14105212141243,-265.60597871637617,-245.30402803681343,-274.7778348298624,344.6477309291537,249.68308414887105,-778.8397466703804,-827.9826576944441,-196.674354183607,-633.081480554712,-217.00536205876034,-507.32717829271866,-559.3858858598107,-598.9624062910431,-342.251342966628,-249.48286967255453,-763.2357632618524,-186.20516243683588,94.07940404728953,218.53683842050492,370.6931250549884,25.97376676060297,200.1659989554921,-966.8715317555724,270.4951021749678,-38.0881349045853,-38.61895498835628,351.9284875692137,-862.7871913282695,-1250.2169974513051,21.033080382167608,-285.02576710667535,-116.45378337765128,-1014.412299752139,-228.68506507882842,-673.9893179344951,-108.09536928614638,-233.74259158429345,222.26851733120375,-596.4426370252081,-74.90270171445607,74.81521632850941,110.63211794653229,-56.9355143140836,-508.0496172170512,-457.49311206813536,121.44021816574042,14.747475335307646,-216.065677066363,-354.3759313890123,-344.1300498670931,-261.2070608941191,297.9912682854369,-364.7309890628274,50.49787079197485,-262.52989508458245,-1035.9354472072878,-3.176209286305917,-446.19933230583166,-651.6717577313564,-257.1489862391938,-720.1197598650057,-435.7777984059865,-132.6747883804485,-506.68970778679886,-216.14374399592054,-161.53927942384016,-259.02659634769714,-652.9316887701669,6.538563917373207,-1.0180339854696303,229.2608216529197
141.3360009746864,-18.801031735379368,524.794371776952,207.82091869056427,475.4620503236891,298.43584827839595,489.73235796733735,342.3968166221015,375.13663006496716,133.0210826688839,151.6319892936278,436.36729296636236,558.4371084087866,395.60968681866905,290.0693681194334,638.0335099650483,417.4300123782431,156.22328889705423,492.5914481639205,332.94965149417817,447.59262144311464,331.4689181045481,280.7867105568794,323.1995301341801,340.5121155613328,175.84333286236836,177.87144289701718,207.0814766783836,49.44902717438107,254.7917116574753,309.40644053528314,451.80027987010743,390.2079255377571,465.4919617610207,345.59967342700713,392.9054584622121,258.4780574520031,398.6459520880523,210.5987071188286,231.63964165179897,345.9096244854226,449.50902147931845,831.1255498039594,145.25672970142838,641.383333819432,467.9027087427214,581.1463359956673,287.5365368987883,227.93651143136577,400.65066137170436,173.28455771285758,431.96055314894863,642.6645759802026,190.43190046014112,403.49696807976517,247.55913183075867,535.1099931133629,691.7941582144418,221.82644522233366,272.4509894809444,386.7791066820035,466.6566097576989,348.0992812669493,455.1602087371318,261.19617476553555,311.8647112222884,232.53266288875682,473.2449351907703,138.981287209479,315.1658205725089,298.7908021345309,269.28411464322437,201.4732528310843,261.9511886755124,265.8578946895665,205.13020767728221,329.1150882872604,271.0591425741869,257.994521705682,-11.27413229227078,97.67352376086158,347.97277935109673,135.21714320978842,144.33445312457238,542.309046643287,276.57529332039894,29.115453871201805,186.61579075212703,93.52610153989693,620.4548514303235,246.8069882067506,104.76456540660469,348.76256381026667,384.7763336004455,128.8886090135835,407.68779908536965,611.5605826917955,197.92246880428516,502.9330188303562,239.01135872911848
-529.4636662063468,-43.88862164704868,-59.64170474554009,-445.98840130894,153.59796793841576,-40.67468187747568,-783.9058815237038,-0.5681919142965774,94.10934895567112,-715.7160920878905,19.977892670543927,-436.2380635061028,-73.90795455281926,-614.063303888406,191.39575366731574,-669.6798986791893,-465.6780971960809,137.72131326967425,232.8484601338817,250.10604069898798,-123.42590862713385,-511.9098497182481,-46.39712277272508,-90.05911332902112,-11.417432866154348,-203.1708065740526,-449.2881438534538,107.84829627191041,-178.10313049675932,-76.1755348776856,-616.4466297821888,60.691095500990386,-102.87387681891175,94.25516518531383,-389.1391536715644,-841.5674467942744,-276.12369317810106,-263.8385178904636,-606.822096616068,-93.7140379423722,-438.07276484175344,-54.39381928912328,-853.3575213679073,-259.61295527838905,-126.78824058156076,-1147.3439006770232,-147.3121538053904,-245.64093855895115,125.10910306316596,-96.00545608839684,235.31894916315,-1022.4750967550409,-227.42816259815248,-337.57769474809135,172.02295857005407,-238.71967308747998,-637.3764109328084,-234.08981134614635,-85.76180884375657,-78.43731856302577,198.46694957375357,-105.70841463068497,-479.64428607234026,-269.41958007314844,18.070040082900572,-103.30885925414529,60.77316726091616,-76.30240928591513,330.1003759273686,41.57601785874783,405.3840642517482,-91.82510008643241,-150.80047651910635,-642.5060393002965,39.863725362480466,-287.22145196623694,246.87637892292082,-82.99547504087899,-538.0118740669623,-677.2104872241897,68.84925079648869,-339.8299980072786,-372.3514649689579,8.561942809666169,-458.53100831188095,-484.0438321043478,-115.56065510743095,122.41212262820768,9.204781698890566,-717.7503684918721,275.8101347481309,0.7821405542378782,76.78045487668581,-724.3262832214508,-282.84325592804396,-90.45542212787926,-114.72701401302633,-95.23750035727883,-286.5437790240712,-250.33875382439828
867.3838323798416,106.66559761162951,1078.4400932352205,45.86674622403139,804.9200421187084,491.22661951931843,680.6079157002724,850.9254023606787,888.100809318109,1233.1186703791227,-59.104394121781326,233.15744897073648,428.79966634387773,884.6846253671387,317.4271965876134,159.03533417407354,428.66756919833875,290.6628307876564,890.7289628517389,-436.22841727136296,359.8406337254129,459.26070241856553,703.9548154663486,191.4590809130291,406.6346012471697,-29.24765390126616,396.74676007315225,162.4304832927062,378.17929348873935,-143.87160006620877,749.5243331421063,552.1393771283743,675.9494804405938,950.1968611085508,284.5076312204984,564.4535872159373,913.8450406804387,896.7816798004532,818.1344427138646,781.4797851318702,485.93550730278463,1301.4483311195775,909.7711603961284,433.0742040085486,718.2764132227403,1375.4107009016295,767.6662932714726,-118.6300514064748,426.1939491869049,590.4512348873277,45.713927337938884,548.3637931872166,667.8868162098446,229.71982650227474,329.7358921935606,92.65691357473753,1653.140022876916,935.0996383150881,262.2952394692537,60.59978556187355,475.8833713915914,-199.06493278558298,558.4879095174497,483.77421459382055,815.015284582435,964.9848166299328,31.60693109077644,786.906530701103,-237.52191578437208,673.0722222361903,373.0417772073181,184.25879061797656,125.83835030739186,44.10970495213018,428.2401067188948,635.2315643634216,825.5421829425234,208.34765120127443,677.5267882922719,443.31214010310873,-496.27574911972084,843.9828244445852,267.4461125941776,398.24972215532847,389.965298321181,986.4869191086149,-460.8039412097626,-68.15624577966535,163.9755743933991,587.7326633707917,516.8386096644134,618.7414311846914,1042.7561731351657,891.7234499380822,288.5963277313813,1922.541002870701,410.329451183981,270.0127633929685,1841.6588973958624,546.9458866253653
227.54632932704496,1442.3721987238634,534.7292399948851,-25.904340025818644,281.1727942623684,434.5050459852593,19.148073705806517,1850.728645380815,259.8030909443113,380.4390768158633,-185.75280977649362,1260.9503371808482,294.9665033279197,-207.02936237040376,-444.39544259112415,1449.7470672463498,976.0485912468029,921.8081023524795,448.3713026796587,122.26183178470114,-324.2234816938552,606.4040423604848,259.76008825588565,24.288374081687333,62.41829507525453,538.6599676284001,1577.9095784268195,581.3933666025605,218.39614640242644,-153.95600959718507,71.72828768118565,1006.7794456816664,100.972274352119,236.23626072265142,828.7642777158844,-291.1096358072027,798.3345416390772,827.9223075321514,56.22962311046484,299.8417147849786,311.1285684325355,2172.6209645969857,1235.2418638698946,314.0351084858354,-114.26124923800914,306.81897813278397,332.90702434314363,-344.2645523925724,407.33944626560026,382.4666403084916,-378.43462364110906,1401.7666749078733,309.9976331742099,-124.13660515724581,616.0504510493034,-356.92691266114036,1306.8515498029576,553.2104105223362,-265.6606957756576,1279.3245306969573,594.0258189510294,-559.3882435133512,329.36388717170587,299.4974192978331,699.853143854226,948.6263113062569,-370.67602655442136,1206.9005005007114,-306.68681715872765,453.98339817463346,-184.77502055359875,391.05491599548037,1004.9476335357448,1238.3363858689918,698.4537622891216,168.40068641929912,737.8664911143621,753.7341034758855,51.77055911973713,294.38562717645425,122.64179861117881,105.61478042488207,1434.1161290926614,190.88379744705946,1654.1233488017,26.146519714528605,578.7125999257053,698.4334880842205,-513.3266952580207,1353.4206114911765,529.3459264444577,273.2025699079456,546.7178135782734,476.9919530970574,-356.9164231048052,296.339834472394,244.09960280717016,108.19380132759096,686.0071523262691,79.47609881480086
-541.4819462865307,-1409.5854166908628,-943.3763841455004,-660.8199905148955,-735.652772566241,-1270.6351419178798,-1208.053682956106,-854.8232457459981,-848.4939333229928,-711.1569657905238,-796.2632056058007,-1074.8738389662926,-1042.5249003501426,-660.9501837223079,-806.9453854421776,-1506.6866842121804,-1078.3409625211546,-765.5086846157253,-957.7022608025086,-509.55270034797365,-1073.1546167477866,-298.78078843686944,-636.0612600899161,-520.1276304335163,-315.88769567406814,-935.6275498818337,-352.3588029304814,-1237.3812391348777,-289.47065093147114,-675.231050538373,-608.9766112696656,-850.2567607406028,-503.2447197709469,-930.1883229105526,-972.3361967030653,-554.6890399198385,-727.0507315755697,-1103.8079806098049,-581.5063609900473,-684.4968156787533,-338.80975835661377,-900.2648265886789,-864.9335749889245,-320.9464304113159,-183.0284068666507,-620.2444502229094,-866.0291765630245,-517.0335883885782,-422.2445749839469,-641.7235750175863,-82.16139676130852,-1023.1908709772689,-859.6279831026987,-756.6902132028222,-670.0615858241899,-347.17377591719,-446.1316168230662,-837.2444971965052,-23.157073162367677,-1158.1848654667883,-1180.1427824083455,475.94936118295414,-384.5647996344855,-806.7827927416278,-530.6436702328316,-367.47731381210156,-289.0629432820106,-1484.9125835451514,-397.4971175320172,-245.7294216972434,-629.9255783587167,-1017.8213989684448,-963.7197631554633,-1063.1565743856738,-1433.2018072098483,-786.2954677536217,-864.6341781914418,-856.3669755390919,-738.5665443812574,-470.2906664863532,-529.1197431649792,-308.64656581635865,-1000.8992043359035,-362.50278623927767,-1115.971341620106,-226.14787593556764,-661.5094034752136,-483.52684280062715,-374.2068694837507,-1080.566174043916,-539.9389809569815,-266.10315953997895,-1065.8684791348214,-639.7659920165343,-193.121792456453,-640.6884697804335,-834.0106058883811,-455.900419061661,-608.2694569760478,-527.411776855714
-1459.6477513107995,-1996.5882699368876,-1303.2135612264015,-1493.0763278812033,-1377.3208826428536,-1944.1527470799945,-1725.3590023929314,-2458.869182591734,-1715.485229422395,-1520.5951550391733,-1106.5036699332102,-1214.9462151988535,-1439.4864375811067,-1316.4931867076994,-822.3299110701678,-2332.9102611670733,-1298.9693239794956,-1200.2597641704235,-1541.7555382409328,-1556.350530840123,-1314.3249752645056,-1004.9705249809192,-1164.913400316213,-1107.6060829732855,-1126.296814373094,-868.0859935085683,-1180.594266118744,-1886.7247825684622,-929.7555543294691,-1212.031522104143,-2309.2709510112986,-1345.2481278401067,-1086.0011388594426,-1063.5630640875224,-1050.7855062542262,-1582.698324501224,-1965.539749542647,-1556.1761985885412,-1752.0702971238143,-1597.2920087306363,-1659.1772884452266,-2330.8858399341275,-2073.86476921982,-806.4201373882729,-948.8691346643238,-1405.7164875452718,-1124.9291070050351,-772.5307600702989,-1196.2591936635429,-1397.1485635596591,-610.3732032415049,-1229.171020227441,-1205.8786224560138,-1299.3757841988702,-1312.6376649372764,-849.9053700409854,-2283.2817910313215,-1345.0141435701569,-137.19402087950402,-1624.5529701189146,-1489.9704035384125,-1910.529347443637,-1911.2613200128621,-1717.8453235963154,-1654.638744730854,-1407.3541321404014,-599.8262463640843,-2402.768527738061,-947.3595408973625,-746.0585611214594,-847.4224012455347,-1340.404146772502,-1667.816954807977,-1392.242156219453,-2137.2052445506765,-2244.417827515344,-1035.1054143943602,-1669.3356038949553,-1761.947282520824,-2009.8350807821157,-371.4908372880907,-1639.0882953047696,-1328.7153927877932,-1214.6862330800016,-1333.2825539632186,-1452.6871446586883,-1278.0945923179547,-1114.4936649449307,-1200.1233067708629,3.428658472716405,-1886.4892955438418,-899.9802863405499,-1620.955106358911,-2271.275208671336,-813.9216473182942,-1644.9013843137948,-1223.0227265875403,-769.2950291449621,-902.0206924751225,-1097.0683451920852
-929.0651700660537,-2280.4725015894956,-1440.0441730466493,-896.6499754430549,-1189.2731289934122,-2213.6545735623768,-813.8120013504723,-2217.7605597586225,-1611.2459563121452,-1632.9597222829311,-815.5806937457769,-1674.986646726096,-2036.7974220505782,-1043.6062096317635,-648.4473907048846,-2647.251912663966,-1802.2897721860513,-1694.5425639868156,-2004.9011022682578,-1258.526343125008,-1453.5804558863592,-656.3217693410535,-1218.915420975547,-542.3937110013442,-599.4981472811228,-980.6251281448953,-1385.5504072043798,-1408.7933071363468,-739.9354344488559,-809.3201984420815,-1196.835723873383,-1733.696848290647,-670.6289598671565,-1249.9352163272122,-1572.5294722721906,-1014.6511583165576,-1270.790798678185,-2581.3302863267654,-1156.8028891918925,-1315.5435382557198,-902.1599782274059,-2424.8831757710227,-2896.0087934576636,-747.218474173523,-939.7495623594912,-1716.8226804718213,-1386.5772514407558,-561.7411165369256,-811.3999498661219,-1037.169489586366,-316.3057531126076,-1587.7813776768269,-1166.2922777487026,-886.0472054369202,-1669.3279400203287,-797.4537444953137,-2350.8937498440514,-1585.2633011391365,-179.1748434638947,-1408.9240035838907,-1155.9599556120663,-1119.5986253401134,-1020.9073053224438,-1629.186509759164,-1163.928645990827,-720.5370540369004,-226.52251765135196,-2920.3497093263773,-636.2389097229857,-661.3931100080263,-811.6095562667584,-746.5267006732525,-1336.252427268321,-1416.535113401167,-2240.833457965551,-977.209776432069,-1151.0551597922304,-1561.4523446684232,-1126.2206412611058,-1026.8293091624082,-252.96492432273033,-1187.9491589386173,-1925.7645731425944,-872.2086818933996,-1858.4459958019092,-964.7119554247155,-363.77434283078225,-937.7328771725229,-363.29718968276393,-1614.562769942116,-1149.7777309707346,-640.1114407652378,-1413.4751869083573,-1198.7310430554937,-201.14116079087376,-1235.1038857830874,-1095.8969637993725,-581.9626059778986,-1435.5962839064389,-460.38354444848125
-1496.1346125381972,-1948.1447311536124,-1446.806823609748,-1204.1825635054256,-1673.8671798269045,-1736.5446926972586,-1006.4744431239723,-2736.7998000458606,-1562.5298456681428,-1594.0544240133138,-1050.834779097514,-1423.4370663053078,-1130.8342582093735,-1508.5993324932672,-634.7277421234098,-3043.306413640136,-1121.7580378769326,-1397.5323261360154,-1610.2297761609918,-573.5011515458256,-1404.9695077464235,-876.1809007154386,-1269.8578671067633,-1175.4169475066517,-1172.5007453546739,-903.5906875385734,-1609.0797574638361,-1519.282793662818,-1001.9675083562139,-485.7616246937328,-1986.1759562690218,-1825.4975634448392,-1130.8809010332734,-1127.0668357656439,-1157.7655324579687,-1604.2290027873885,-2233.572739106998,-1634.4157676345562,-1705.7962891214875,-1867.513983332195,-2039.5049126796112,-2811.5779652969686,-2789.903754634345,-988.9951487165187,-1252.084977323957,-1615.7602881813361,-1547.3531259055212,38.447150535133446,-1614.0038614741395,-1332.9861693131836,-594.767570141704,-1604.428852757751,-1529.068317534598,-938.3447708907205,-1235.4773644616653,181.75214383327966,-2656.8581800163083,-1400.8286932777162,7.590769280108168,-1731.2163377449112,-1830.2730563499156,-1363.8280204225023,-2139.9447806875555,-1483.8182030968035,-1987.8237756051742,-2108.01407721388,-336.4398652030109,-3239.7966126180804,-242.85129534355386,-900.2619671095239,-835.9033863518189,-1016.3707162253357,-2038.6716162843356,-1401.9803182561168,-1634.3370549431538,-2073.284114797092,-1461.6492584239177,-1307.3594526171744,-1502.8396800545438,-1983.4635854289882,-534.7600785313581,-1475.2152446639889,-1342.0220941235557,-1177.1858107538853,-2252.312667487106,-1815.9773558273148,-1213.8691805194792,-1131.3578284719079,-793.4422257065843,-944.9558689474817,-1941.516273363126,-833.7010701154733,-2044.6589779633505,-2171.9823748822655,-806.2099762729065,-1664.7825883772402,-498.0689268908908,-842.840161931053,-1675.8808714888278,-1174.5726360051372
-1641.2265081613384,-2229.0991415232115,-1454.5751982080303,-1396.9690542922335,-1536.371403867704,-2196.2076373749087,-961.0428177440878,-2522.388771894672,-1537.3283568166294,-1791.7533855613708,-389.0978337482841,-1855.9256379329395,-1010.3965851307916,-790.8741682369233,-78.84140607060044,-3257.147564875921,-2077.4224331115206,-1755.2201758489466,-2133.096537659475,-1118.0461372944326,-1018.3055811282126,-1124.8928373826914,-1281.9089581380308,-1072.8676295204789,-915.2682044904433,-1175.3372583913717,-2042.9830822488188,-2316.204932304525,-980.8147739512576,-597.185916381513,-2055.9230535111533,-2241.932751986812,-936.1294964951929,-1132.9338688532719,-1981.4195553577492,-1873.8678160778213,-2126.1541241809578,-2260.945437659422,-1177.119380645335,-1406.217933789335,-1317.6658217517413,-2485.553935852777,-2747.7927110582177,-1053.0305887355457,-872.451612554752,-2013.0469692608197,-1647.4124001849195,-755.4508204374483,-1199.2372676171,-1477.110228660521,-229.22753697545357,-1420.1425479432035,-2056.1351000033337,-1173.3300094469696,-1817.5684175041533,-637.6621165351856,-2188.827436361524,-1460.5033518202606,69.66624205862037,-2267.489349330377,-1314.2964750912886,-1293.2971352481372,-2118.6621389252073,-1602.3821419186702,-1854.0023719584608,-1591.570034199587,-294.07189783010665,-3630.151270849545,-570.3902053136875,-614.5754488202879,-415.68636029438846,-906.4262105715138,-2231.959780269203,-1823.3900759199003,-2648.0189729009676,-1213.665544537987,-1312.7524674525455,-1885.9806144753709,-1350.8344269638278,-2429.389641021718,-59.93568568999224,-1776.9066395957452,-1327.5460914851235,-1042.2987472974212,-1640.339216478996,-1448.6712865105646,-1082.3341866292647,-1095.044388105982,-531.011175347804,-1786.9004911017967,-1651.5368324227286,-842.7521722296248,-1915.655201362809,-2136.3014247492297,-707.3363233009643,-1093.3311432065902,-876.6334209982122,-770.1901562661355,-1250.1068710377883,-804.0685440361741
-1207.096405468227,-1651.497053154031,-677.3925434880265,-909.3966140195529,-651.2943055567658,-723.2465097740521,-960.9205294141173,-1537.3926715712014,-519.6389235323709,-1117.5706764623576,-1172.0477695422792,-931.6580178601721,-567.8727430123304,-1648.8158002350688,-24.283087123493697,-2387.9386122605683,-341.1891391323449,-611.9573431498214,-1038.515303358067,-177.5628902521154,-1002.8647756308583,-912.4282455963615,-713.578709690193,-210.72910390221261,-625.8683557199587,-606.2054738024087,-587.3233367100239,-1103.0048882417775,-657.292564583181,-114.51777257229811,-1134.9286911770973,-1046.1387426522103,-739.3756431511368,-360.22054280891945,-506.863100870365,-1391.9592373732407,-852.5221593505736,-1524.2607023933099,-1052.4961129106534,-1433.401905460733,-1145.0421292284993,-1226.4171066603499,-2664.6044725499623,-708.7104535272869,-192.3376999373792,-1522.7366279462437,-775.953959254585,29.506561013857254,-949.0869863368016,-615.712481081191,-494.17595139232265,-1108.567963224865,-1030.9062335176957,-803.2872629209647,-406.60632560082377,959.936742045844,-1609.3918600927236,-321.5166766797725,281.2688156744309,-1357.1275535208083,-629.57073857184,-1983.0960842284458,-1296.1884642741993,-1132.65189639648,-1552.552494287952,-1448.4576270317818,16.327787157449347,-1017.352412933515,569.933806924327,-190.39398143185778,69.34344167532865,-211.6513180187962,-1124.8341574978826,-644.5239115138332,-453.17939540339626,-1485.8599154508263,-768.5019135998878,-843.709278489306,-602.1686537170003,-1033.8953002978076,-151.794192074138,-778.8860459215709,-1037.5702167055006,-708.0383791186027,-1615.1701890982226,-1402.4745704900229,-717.5898568045126,-908.6219501354364,-254.51874299833176,-1207.4814396649815,-405.2901105490053,-351.97057147824404,-1452.8318780518614,-1412.7912548956476,-483.8709018153538,-769.8286028896877,-1.103883030573595,-486.6049036825339,-710.8703674740514,-701.3406971899911
361.0426519835212,1187.8286258271169,1014.6751472382565,695.0712482210076,1313.1721313354376,1066.512403561838,957.7645546323538,1109.8621473380065,1368.2761856813258,1223.6343242274252,869.4375322734484,701.7433669144937,977.2835128139104,1356.1083024949266,1003.1147723182402,1209.6180792425712,471.28244731694093,1000.3257006011464,1657.8301279707105,1075.4286289945721,1350.139598878407,358.9711567760615,1242.1728783682138,961.1113877452286,942.4935355849823,999.7157878483627,190.5368940004237,1050.4172055338681,570.9175757094521,892.130129910906,1429.9017280586525,996.2411120899783,1368.9281586210757,1828.382595628042,209.70789369080333,904.3832632365112,1572.6135496527431,1382.4954351823524,995.238552945935,1104.5552385871395,1148.2480935329172,1914.5454941391806,1070.29089778349,594.899593781691,947.6076884793978,1341.5557028595802,1426.508729823936,406.3632099897868,1662.094431256239,1303.2420174945744,707.4134983703799,273.2516572763264,1602.0270620199776,731.0645801140344,1365.0744596807149,270.1236498201433,2083.5960380026527,489.7317328974081,586.3863845732604,886.9482980151863,1341.269039573313,620.4354421355982,1131.2224056072637,1109.2096158526435,1319.451188704573,1202.8145435403396,669.6761664498187,904.1157421136418,512.1344800237297,920.933377654028,817.3078972883906,835.7489907585198,1067.9103963388686,504.5240634831004,1629.1513770679103,1735.9075633394061,1437.5340422497763,1329.9246784726267,467.46874727496754,849.4293033416177,343.4617707414586,1172.3257974701455,945.8957812819326,955.0768516763267,1558.7922128857977,1296.6803003421799,464.5170512824907,967.5928101075776,321.4435616021437,1040.3693256689212,1189.8504757501516,867.6896287778724,1145.4912351061112,1073.460820038328,548.892317809887,1714.3300897177028,786.1995771608161,994.6020282102387,1093.449259999223,1125.3093414418747
190.75991033263296,111.53730012404537,316.86504246514306,-823.1119534748536,55.778226838150395,-212.7743894264392,-790.1715996723416,1273.4202404984499,92.69343384545853,-88.16554662017576,-285.64915493824884,757.1340325894732,-139.33538080283967,-239.0548769781809,-416.37936571564154,427.4480819737674,385.86005043090364,380.4149208618082,-346.54766874860746,-449.5074773947573,-267.82574537487136,93.46211861198287,-359.14354954234904,-218.9009094985998,-270.9604993853342,-692.1057205789143,1221.2389090940223,-406.2627532312717,-23.885202404408794,7.207048574147419,-314.16831566343075,680.6788756077782,-266.4492291881616,131.25621732302525,703.3032397117839,-649.2630242838692,153.31853314976212,-191.15367676308705,-461.0113762679642,91.5548484993898,-55.659116173156555,1469.6808673413855,987.904823486096,-256.4658971849419,202.53943030928636,-123.04981240685294,-172.38627321562495,-305.7441679462073,-46.70638047171333,99.94726607775485,-461.4862473591756,1095.201593674846,-439.46371125980886,-338.32423372442037,213.18416671982126,126.74194065212055,1082.7017966220665,79.41488338215751,20.77130854797773,896.6005132393129,72.95746471941403,-402.06956117877417,-296.2366135259441,64.28757156889354,-45.97995491366752,22.538578361102914,-437.6977706669278,546.4623497848074,33.838100097087036,251.60992057810492,-175.0532448770917,-391.31562420448137,-226.3814385489991,675.1964541607731,348.0847019436854,-294.4430854524009,128.07093290823505,-348.57734226072074,26.3216952742924,-357.9889971146535,-64.88432820602331,143.86528463262493,672.7886804011508,-136.79654030156345,84.92042582676,-146.96524300577644,-490.43957740750244,54.77384012465937,-357.72675626547687,225.17207965181325,108.56728214059896,-36.655701574146065,93.3075789154935,-112.68466912260175,-672.1666987060745,259.57081467796405,-283.05775104056266,-141.78364440062398,774.1485045462945,-476.2135384324994
-184.1938657523054,-598.2147043614206,-330.61166845614474,-306.98703088511553,-199.34477880442984,-467.6837110706567,-990.3055895697817,-405.24723825859314,-469.40716207633164,-393.51727585770334,-199.99306113720965,-284.30379105053635,-236.68825097942778,-493.13757432358216,-299.5548618301287,-561.6150889539522,-448.8476307619713,-210.8937113257627,-485.8135177157858,-550.4998059836528,-522.0155212758688,-412.90695714386715,-313.0514378714282,-412.2812914198295,-339.0781547961385,-120.39266262799671,-223.18629105189294,-423.7209454631139,-106.6890982493359,-561.5586190927152,-335.2101118058555,-688.8471916966619,-334.8960310419226,-339.3109947291689,-300.44587753772237,-621.8094378978261,-142.45107962086084,-157.1127748993312,-147.57626987336437,-141.24494181139366,-267.1518916553543,-290.12025107818215,-395.1655004279623,-154.0426431043105,-185.31392790568256,-160.91294331507274,-345.4949928421598,-449.59141326255315,-90.37603569707895,-398.35476309226607,-243.72482681163905,-58.84673564119642,-502.45115231116915,-114.84339530809781,-554.2585285976802,-506.9886559332769,-471.1924464876345,-274.09292716911983,-61.31878678287975,-740.9965564320136,-561.0171171774186,-581.7458334564775,-239.65389699586083,-453.6640124981368,-86.99668203900379,-216.00765395818564,-280.21688890912725,-795.0098530726708,-367.5464307959759,-284.8563711321722,-437.6433895885184,-201.98341091463024,-342.48885109692696,-250.30682898466222,-457.3175558379754,-119.8862065615691,-275.15236913721975,-436.498855834621,-128.75992041162687,-150.5896474246937,-345.3390022408943,-421.9222047971899,-221.3814738504581,-63.252028964221324,-289.84555450317157,-17.581068263975297,-408.0434671243324,-336.58080346395604,-167.09301550527573,-346.5047048302727,-494.95572035932304,-138.62137350396247,-519.4201313088896,-167.67723813356127,78.38652953535352,-385.29482311300364,-262.5712566113601,-216.04784439140198,-191.20203588363125,-186.34198903091135
43.030282103421236,-531.9959527344382,-141.12505265171725,-371.2629070221099,-173.3791985714234,-170.6524076760836,294.10596489624027,215.70292854896934,-217.5192634939799,-131.6226593949489,-287.2195184201624,365.49545834577214,-85.80634364717244,-170.08972181866665,-239.18882783989636,-8.860993148544038,183.88883079053474,1.728078002752163,-325.3982550156844,214.83030975398606,44.76125739299537,-360.47232398523016,-293.7827305993878,-294.0048320196158,-523.5675500434342,-299.15594976772303,251.5878270456468,-28.215879940829794,42.20029949577072,-621.4510209064376,-344.2333164653446,486.2549988637584,-448.6916448123398,-453.5039189581549,387.6371841053134,108.70278663932942,-239.37805789159836,-137.15405532508845,135.5942880283487,268.0379043389718,147.27403323776758,150.86399468635787,299.9611846849403,-61.04728068821152,166.87202051652721,-5.430106351393942,-428.99498201130035,17.468946210890618,-380.0232570552144,-171.7379275878421,-221.05121675261782,165.50760887267174,-379.55581180041173,-231.5864414939684,-264.65272743076054,-383.4666044245983,682.4282771190474,-246.8795370488463,-265.03622616729,294.9713839676434,-191.12504786225253,372.7053038023552,54.34720282382794,255.82133214660257,-173.4952592641074,-195.69857189834576,-455.8941434132413,475.79373075424127,-145.54893033384326,-70.39282521821661,-534.7518543848125,-754.9526766139819,-154.0390819770389,-151.61168476796854,-183.2046642829358,-350.7840967052175,-229.4505061880743,-153.46445920046548,-321.4426910746005,-174.8908655997434,80.4664731454206,-26.389218651289546,-203.93076082451748,-114.34118043354789,-11.128372902067113,-22.184109037729307,-46.7375354780077,-5.702982212040073,-82.82570558100164,-394.15428569905896,-381.8986629689208,-306.7882981764276,515.1516879108112,-8.862272751158734,-21.87961794045507,-244.32911253821786,38.59021991326057,-340.14500488288724,115.79515416016655,-337.55241032892377
-565.9029742608719,-247.48641718229592,73.60041816200581,-299.926473023506,132.21254391642051,-474.67329711859145,-209.0916514533632,-1156.1208818158736,-15.134017650639372,-326.4599930269312,-552.4350537793974,64.10591105633571,36.39408230499671,-452.7528269878621,-89.40626527020854,-798.3251433282965,-240.77750182156282,-67.57827192370578,250.0351542406143,588.4320282222657,-262.6691183943714,-134.5095648033826,158.22774741665043,-226.57232001574494,291.902196068643,14.527138061522951,-50.91199022271241,-63.602117031503326,-165.80660270727256,-56.51045206960814,-626.8171700286615,-311.40926035941106,510.1394260770042,227.32515848219703,-836.1959692339576,-262.75316151387807,-20.577965151685824,52.349099720931,-818.4828873644861,-666.1100656515827,-524.6288487108176,-60.46086449452611,-248.68487659549805,155.31121178714065,-66.25828388413206,-353.3780182149787,209.238982776098,-320.3092106809267,250.76793565641682,-276.7959133249527,306.11395753306647,223.53471730037717,272.5266410874051,-277.5402244369279,71.2127135592095,240.72443424030092,-481.1383949959776,-125.4810568500416,392.59327618202417,-320.26140284405005,-332.7610219523532,-318.77387590876265,-177.08454801675052,-473.25437294512955,221.33847055575092,254.3307937477546,236.03935559256402,-667.1230390554871,-254.2725395603032,221.51486066350066,261.98989803905374,129.63173246688422,-524.2251185153557,180.32547625214045,-479.6746633524239,-523.1219870620474,279.0880445566974,-153.17024486857147,-392.4268208342406,-606.7691904103842,-337.14035080750176,-136.76057396586117,346.68929211150873,-114.09393578160461,-338.1540909321063,-194.31468654672864,-21.595063363928563,-344.29466438421946,-213.28309965499523,150.75931325034063,-49.28709585875914,372.42179144791027,-740.9370527971906,-773.7169573158909,210.40447234739455,147.02679744806514,338.12874562707816,-10.369518137616588,133.29966389488612,52.121258416362004
87.80303174605972,151.06429886402887,343.25091651713007,123.97171704476855,719.1993696632615,446.6012030732581,-152.56845395202683,-320.7859282529394,534.8044598742154,228.5619257394982,-55.3399360334964,102.24169510624196,469.07942573892535,351.29702656839964,461.94703752669375,385.8307414274242,304.56731555711923,388.93276128307326,443.6129742917189,358.4120124524022,239.33025140160527,-92.940156275,285.0753273702526,200.95545923880658,356.7070266503744,144.34362448064596,37.95971254378103,344.2346596256723,98.94944255338167,31.173866033718063,227.90972165709994,581.5222678621551,481.73884437518,511.92192654839664,72.64926129031284,305.1575723368142,66.51778062661474,128.83463480238257,149.12689872204533,216.51293310161878,166.02820397508685,388.7802798293317,429.9466085738693,165.471253644554,343.861539489252,171.19028732207752,492.87485666031176,202.84714061422642,270.5514151637312,157.3860551402386,307.969002015282,-1.939284026169145,722.224393123058,153.69730218762382,431.29726670044545,450.96513549769423,261.91416527583146,186.90409294890185,241.31566600789856,100.93409102797344,544.5206578886771,130.27408239249968,173.49261456592333,404.0187903219764,278.6044122271382,202.17003086250543,307.3471407303153,470.55995266516476,138.16996783844664,327.8630899870161,398.0642221577967,229.38314727192542,112.6359646095361,186.5950678462911,517.6745696799667,40.00499721597817,384.2137185769815,87.66904504955012,191.36435875370776,105.77975903946862,38.745671497859114,307.03627537259257,99.04201229936898,32.682531799705494,708.8690019711769,239.50320217082165,-168.70426985945363,-18.835753510928427,221.65738656548788,158.83749962840005,258.7153023877562,279.643198318788,445.92321379914824,33.865010394138274,223.20131154006162,698.4913444618371,524.5393993191586,191.03429948476872,498.8671743862142,331.5762855499679
-58.74855732225095,1259.5764009399054,177.44346778401788,343.76953437652736,672.7901306667535,580.8755001648142,540.3934553534395,434.45575429160823,467.43005882233007,288.64837837788724,141.2450524002978,107.69940442379635,434.0225122051049,143.27812020367062,577.6638759277141,427.195190175833,230.7574547491624,362.11809139638774,840.2400596186569,1052.2187987600694,537.5750260816611,151.33308033557867,501.3295211276227,142.1330735847543,697.4638834142065,679.5193392563971,318.7698391532837,828.6607416110343,158.1268309970226,808.0389572263232,435.60768967879716,616.759415043083,775.3104518466821,577.684328730771,189.1408296557416,399.00401278114623,161.94186228444406,253.46530730321118,382.6684966833734,615.1691714051215,328.83569628521866,769.8603555529875,99.51371879262292,388.67915533528355,67.85598129361523,350.44503637644885,331.1370624635726,315.58985797158465,630.0729415203381,90.03704681604667,438.90417541098816,329.53061143484905,889.3160760156911,495.41005188460383,811.8703341451308,728.1512760268757,867.9516858582016,543.7508083614495,227.43333621839935,481.02543293389203,548.1296901976068,-38.444182849839066,343.47477604704653,769.6779259424138,369.7112973006587,650.4621676080546,471.94633625586806,329.1889521601538,416.9366872857494,346.39875496687347,634.3800012337261,773.0512979472518,361.41587604536807,629.7807156946947,918.3069164816967,645.775765006979,599.0036783961054,641.8130755101606,367.8213247604385,551.6112513779909,127.92285614526229,709.2721721896808,365.76165790973533,86.83269988184206,746.9727766945239,-8.955004691852748,633.8051594966845,149.1195517120121,386.8156428292686,588.9755625028973,608.2279011504054,882.5473285481486,683.2334569130057,-91.94951836392022,477.1859232583969,1319.9319350872615,1209.9790570616053,194.2041265760505,205.64513415634377,460.1286240433823
-329.8029718110859,47.97695131525175,-51.70403165237637,-196.65243768427678,489.9794814729815,657.7327684284385,-1899.2862863422592,-853.6518400333081,765.2943462484819,-66.48338988743424,-380.1774466698904,-388.8934329837781,-1123.756363329794,-58.162445446333145,299.8153298918329,-918.0095172288678,-404.38543242545865,380.9333338599376,106.52931065153003,-947.4341377501527,-1528.0558165619589,-700.6281462591248,-53.55595745392617,-236.36289991206414,-282.78307886266674,-1392.2871190976339,-278.3289225614191,-50.52129841779864,-692.5004965389656,-388.13485341890663,-557.6378747912784,52.550064130007186,390.60500896818775,487.2460585960717,-651.359759461028,-1630.8560352801733,-547.4998790571409,-1538.8338962868413,-495.0197816223118,108.84547578740397,-417.12272565437024,-298.7750783757947,-68.5892723709769,-85.13512898652274,-859.6715664420611,-749.0100124166412,460.5253402114456,143.73427920077762,542.7459312005774,56.21841404306675,96.59188645819884,-1515.4387067381394,346.7849908906414,221.30539647797156,925.0785684996856,467.8298455956284,-774.5864725906075,-1216.961880789582,88.3719147508124,-823.7666894758609,887.914514410844,-828.0900739908608,-418.0079298924903,-1003.671622663388,78.0253673016049,-234.4069497632317,284.0182801635484,652.9841345139697,114.4842030153998,298.02136397211655,136.12618708938004,-317.20107760625154,-592.3254893837608,-590.4085845661726,646.7593052316911,-343.35647414335887,288.6623304319576,-918.904861897127,-126.58346969217521,4.446923885393099,75.6531081073623,-255.9055669180476,269.3058379546911,-260.9841652562413,89.54806266847477,-370.46554341473126,-1584.60937889287,-809.1331526600229,-12.442095747944368,-781.335314270392,-242.6401065402066,15.248583294049856,291.44427043341045,-389.2849586846111,-1176.446106126001,872.9814326456979,-346.79626427899655,457.4494558305713,-156.5212684674355,100.92732944181498
-498.71398126899396,-817.4229077970687,-883.1488431165353,-283.25205896626085,-1078.1875811677871,-556.1605365326072,-474.01423937948573,-420.7798561284812,-808.7395804327255,-1393.474376047069,-436.8893414907326,-559.7791760588465,-477.7030011951882,-435.71990838488915,-465.1497992440155,-322.56584979491885,-611.234571506496,-1013.3001938577085,-1279.3865854159212,-408.9651635817127,-868.1089918915436,-55.46641378200397,-357.62517554961306,-360.8919948395118,-175.13627794084576,-999.36911028325,-633.106592557599,-915.9939684049488,-601.9372236348607,45.48977125993919,-448.884590527492,-957.7151070182813,-624.5695890935905,-652.6650300660832,-333.7812531023134,-780.1185642030867,-548.8669190559034,-1455.7750263887397,-424.4005370642655,-633.7323446344477,82.82824277506748,-491.14045693086007,-1363.1365243769558,-257.0993122217074,-59.09737020525291,-1088.8769076010951,-669.3278261415396,-398.05944800501953,-786.1764072762328,-431.8407626141191,-502.0644653241673,-854.3073206804977,-1041.2295793442374,-774.106122487138,-829.6319303634243,-682.05279446513,-476.8775584793584,-144.4483310576301,-84.26764341990891,-776.2960558442409,-561.3491469208994,-322.5915669216099,-119.04215883198773,-205.88738957281552,-1077.052478842187,-961.2513054921108,-158.32272993515028,-1713.9759464735314,-64.99723062774669,-433.41725665868495,-73.06355920263498,-614.8564060005034,-370.50956162735775,-1034.779817349594,-975.5324822832096,-174.9520144921485,-976.7070471794793,-334.9000431136687,-500.3863074608693,-137.9009922329993,-802.5210478085327,-211.49374618384212,-985.0221078818307,-428.6668452916782,-814.6654473024319,-551.9321838483085,136.40315101305202,-241.77727110424078,-175.2683233764156,-896.2500094824868,-21.42947262912117,-558.5145418232313,-1247.9375241583055,-661.7649976075634,-359.59609427170733,-671.1532157720151,-413.23044751109194,-386.6842622942178,-951.4534887698384,-448.8525788863345
477.3476391620448,644.3087183308635,90.3566760932271,222.32126425773674,445.11861693183954,715.9127058910007,-39.15831529740185,1517.781995755918,235.5524088761759,870.540795126049,496.33193365598066,-197.0632294450802,6.2243082698064365,-346.55248548590566,-68.9406412488891,1167.2601969523155,170.377647529794,319.13622490372086,390.5803936672961,538.4181422817617,121.66195755738346,119.65455650395296,466.286091266994,354.6197616440419,372.40140921848706,562.5038254628912,139.85724890174274,529.8362641268599,429.8726851364912,758.8687571019916,860.5150210573062,259.3063592355669,128.83493178059052,334.82966073005576,648.1485480868131,354.9419027332958,836.9784431196708,672.1070339367931,755.9094840968347,799.8051666290287,644.8369456420608,465.0471391568942,490.11151522784803,174.00932787161963,184.9425813594393,692.634118211803,54.16768003946252,58.16453717706931,759.447602973046,694.5635843710432,6.049030278726425,584.6819788099436,282.71558569128575,411.1863751513645,238.2890708757259,541.2917501148432,66.39301149260483,878.7082566430415,-71.44924974856646,849.504453784774,197.7203985453961,457.6935344500904,503.0093577991368,499.92607261455663,459.59394350551435,364.6441775558619,217.0888406014591,214.48776121553,550.8178128605513,-135.303162670726,104.39957285745261,915.1405912037843,635.8485147446103,895.8275908875357,876.0490784091764,1335.213268952924,289.39789077374553,511.7025434189888,525.4552231566418,1202.5444462868918,321.9297265742569,491.7793727453575,573.4399540896263,377.03883610226814,631.3997325116939,430.290678469293,362.7064353921141,743.307206320478,630.2346435824876,947.8453738307423,996.7336822516874,333.7265304300425,170.56683970244706,1363.120224013853,380.7842353135694,228.3637073397274,-333.93664142549017,443.63255661319636,54.158672686161104,371.83290755027826
-1305.414906661522,-2224.949353677068,-862.6656201679376,-947.3990938254955,-1592.663971036804,-1143.1398406472874,-1794.7858557510622,-1496.1135102558676,-1156.7205057997555,-1230.606175385457,-398.63963031669385,-1436.7629788850988,-1948.2227652507613,-1272.2276391687928,-712.7341246765054,-3036.9841188324676,-1618.81413931806,-949.2796013628457,-2010.8237118673815,-1965.8858367856847,-2031.818038872953,-1532.8759637173544,-1338.4834698875632,-1111.4789167938752,-1287.2968136981622,-1273.894616799952,-583.4333329195517,-1715.5326053463905,-1548.2914549957945,-784.97662316115,-1406.184556455477,-3038.747954321233,-1127.1637632462725,-950.8165163247578,-966.9218237384509,-2452.0090685037635,-1306.2164789423323,-2569.5963919530195,-1192.3529904583486,-1209.200840667788,-1147.7711789979862,-1496.696219973471,-2128.954628938563,-1158.701623621703,-977.1696069646538,-1570.3595221181893,-972.9945082728053,-845.1822362381829,-1060.8998686710563,-1091.3305731648672,-733.105723389374,-1666.4429803625465,-2312.634755151635,-1076.467714807058,-632.9291476886349,-429.6347509002002,-2081.2065447455693,-2618.185603825942,-91.20034250061104,-2373.844252949563,-1891.588293117564,-2307.7499805040807,-1666.4682263203474,-2020.732789383924,-1772.9968940721474,-1834.871764980882,-520.519641447172,-2312.4524178938977,-744.7240864437414,-590.7706167957202,-1310.8778984218907,-1460.8070552872991,-1885.20346707364,-1507.2306810535415,-867.4111921440212,-1240.9381110725517,-2014.0437204147493,-1721.762686946132,-990.0551210373584,-1808.336123401406,-404.1661077794875,-1590.7238520069375,-792.70894619592,-1153.434775104194,-2710.4285590651953,-1459.3217581397091,-1768.683557467356,-1392.9374669768238,-528.6192186183994,-2023.217039322279,-1675.2923147907911,-1292.3375247339136,-855.4152895069149,-2367.7202181482694,-1580.3545024661073,-1377.3673866023166,-1608.5929974088976,-909.7626066522657,-1456.9101705771452,-1026.1152682613676
-117.00993697113475,-515.279765505045,112.61948216027015,-111.62787874823589,-405.47059688892637,-454.05183775009635,-290.0193389600925,322.28215873981924,-169.22106655757742,-313.98260350015244,-188.9544412114398,407.6205661182015,-611.7144681893498,343.9463638210229,-512.3120538859009,226.62291896493454,-60.04868104777749,-220.19140384356467,-486.721821973818,-558.5249310684056,-433.37272713073554,131.2237219235718,-133.6606478364763,-359.64278432678094,-229.95457705612955,-487.31865558927217,89.52031247074515,-341.6101323273647,438.6656583178336,15.039234260854533,-223.80240429743873,369.5426919674815,-312.9580584066061,-287.9385561411723,-79.1900845645996,174.53980536134986,453.4384273369304,259.14982528628764,-132.17260654944806,-445.9020825762489,-163.74041344824312,317.0694111807309,255.95837223461888,136.00123911807623,233.86303734121222,-333.6431353313684,204.60464169390045,-246.0893130861016,-46.54987264838579,210.06194620826918,-226.76305579168553,-540.6877622945202,-426.1258275188539,-314.67748303173516,-270.0663836155574,-885.2817128226321,-142.613837270213,-353.75712063617993,-113.75275071500731,240.14998584865177,84.61143417389954,466.56666356996544,497.2059135448067,-637.5094227813212,89.14867463333518,405.45901564661483,-177.64859032804827,-72.87381261172457,-364.3837729379568,-58.91200140065929,-331.0137474137382,-442.77811510022474,303.8909475560004,-348.0693617293402,-621.4827413802439,142.52075030575583,-85.46471717083614,-20.468457464052594,-222.19852241130135,-47.85553089098586,-34.65245294499075,97.92744369260114,-364.6119196954999,157.1816386263345,-291.18958080304344,608.3229937312236,-22.82720221621142,432.53274519177086,-317.4107920709574,-68.8094714301226,327.315836212334,-234.30525884738566,-772.7180705205209,687.6824019981784,-176.99660153507702,-1001.8491992526684,-828.8917503778289,163.40747642764862,-187.15646516001422,-180.9300464604912
451.12482224751125,19.180650345225615,-107.61895736121636,199.80051132926877,8.28830564981447,215.77862620929687,-126.38254747472729,380.7483671069032,138.4524961447598,630.4586294053179,372.3828604544948,-125.23231556384047,201.5745242130411,19.72525212404371,108.95594403552944,338.90735790003725,47.10070584852646,-54.023787547551144,-188.49656015270006,-174.22849922559615,132.1846153436624,-23.4559285569287,26.66590985704833,230.34034537075823,-128.5858221148009,235.33378429324003,107.25375320933348,143.01706401851504,234.68580109727762,-151.9693307121888,529.0630376560184,-268.50136131346926,-294.70468997433943,-216.2173470757933,350.1107541874551,359.74563361343957,189.0966242992552,206.8328482658714,107.75976930714005,246.584080232392,-157.46913268227027,-33.99024772740097,296.2027511874349,123.72582142763034,158.27420629455767,213.74857338562884,-382.75330680010984,-162.37488563428667,-89.26330799419753,-16.330593774073318,-21.25208349660026,324.33644560837945,-312.210928374775,101.49399673380545,-329.19184879118137,279.523126048952,-197.66107466914784,757.1019100262182,-55.82589888969106,306.4928272597904,-360.5721808072292,123.17081588657395,-4.651010827435902,-214.2843772211279,115.18188915480145,-247.57596003253767,-162.8921334939347,355.6714741930261,7.110052085501356,-228.70462426960657,-226.77498710178077,391.3527464834095,52.27315180894589,241.8973237397836,211.01915404690527,3.7443928557319732,-145.64656976722736,64.18246722746385,388.8350092590242,624.7575952173506,-79.16731984680348,102.90256807151292,-53.28778214889738,181.46693312887135,-387.93427423284317,-56.58591412118234,-78.30480178363798,91.32742843068318,427.8027637394953,380.06158908683835,-53.476203460916075,44.767025153323935,282.54381626262,170.44413178105088,610.1256449721247,-75.89714873567164,96.98677368196816,-214.8100958964522,185.72236094008412,-12.758119951605398
178.88530230406647,468.6533825759794,46.0433165088958,164.6860521089944,-158.53059531726348,173.9990314048355,115.34355394169525,127.61590373931226,-173.2282717814617,-9.539340946454962,-212.75294369298476,572.6962817376934,1224.1639227879773,-68.97509478662087,-93.87225272606771,-256.9641021588816,595.8884680483997,384.45404517127344,195.36068972161567,266.8317744704567,505.20924896853785,-100.18890063449957,-188.86906642186787,-183.89493572697762,68.59611002116357,32.02583743453903,-147.04442492882745,566.2255956946622,190.19702485214282,-474.58841921213354,395.81301606764134,76.77394856734517,-27.49040419879816,-226.32605132396046,308.8326946796909,75.93225145789421,275.2884618184613,371.97464170223856,-10.030984536018828,415.70734213281924,124.40949207523684,384.34663313478404,365.8714671398823,346.60189765055964,-310.60867981340976,311.51621762237374,91.03535189312464,-232.5019179214895,83.53369272103177,-303.6805490971938,-112.26402208984459,956.6404430022138,200.11585658157782,455.58132745955334,-303.483072353374,-804.4408146228944,240.46602791105505,19.777793650174953,-236.73002345818674,-86.23215177602506,-109.35017195521057,48.01256197995397,395.60627742065407,579.4836574122605,615.1009769706315,121.55680830748655,-189.96313085133002,1202.3976946174841,-155.32181275174779,-31.11652658076478,-268.2627636526105,-383.79290665317535,319.3848173360933,156.46186028799937,239.69746447592888,162.01527804575352,11.320929902459568,-12.761652059234015,253.2471486990083,424.3464564689679,-362.6901012330752,16.371327018209023,482.9881088324111,297.50401502202635,375.6104772457193,461.85013619049045,175.30304891131112,-388.4099549375989,-86.64131062912215,-670.9688194066606,-398.5606098815611,196.6677885006795,358.58439460321495,109.9516766351961,2.2651987470026977,210.21475253424086,649.1364133936532,-241.84781642596008,-93.62566316798495,-208.74801978400336
505.8895919005606,229.71933898943954,6.116008595447959,125.14110814719538,-219.84447742153955,-441.6524730290542,95.6617988791475,-75.0858288782126,448.9019633438316,-33.69799401322818,-90.47449778486833,-130.56494836039548,-488.6536200520725,590.1884347388323,-695.1905195888062,231.00538392541836,-106.19688201223585,-21.753645237910924,-946.415771362541,-243.25964333495466,-606.4909425276472,417.03567742413566,-283.53876490334983,-271.7227514849511,-186.78255930328433,-280.1917510375406,863.6240171115782,-57.66594056242335,314.501691184368,-971.4031896636021,-160.198190806229,-195.94754882341041,-559.76153426861,-405.4753286632004,-372.46056265485004,384.19966519811373,-194.39447393496027,873.383771967398,-153.36949056263322,-384.4091969134866,-187.56991504988807,-120.69660828428802,-257.70603019284493,143.8312623464707,-525.9201154336168,-273.74807387564834,-352.87045211562037,-180.98660525446454,-492.2685125075993,-140.1511998563312,-133.35307809260078,-400.12627623020853,-60.852641284830284,-80.41224822449537,141.87874034072456,-104.71830398605012,-167.7874027382876,-585.2323477767003,-31.17329655165993,251.678472157378,26.147589923715127,199.72639101598293,-307.17366007551493,-583.5467747037744,-270.28403109132853,35.376809296032214,-116.18756620912885,279.26277120104675,-427.72386519393797,-180.70895772442634,-284.5443331619493,-439.62955147975197,-175.77290356545348,-52.761142781862674,-752.6452024869387,-857.3866673349881,-445.8874031461082,216.10308186710395,-84.94237841451542,25.978128785920944,377.83047932683263,-153.41884917127686,-597.2888652216357,25.237296501411507,-776.148503374467,-364.71230802347674,-136.95239612475132,592.5436531568419,-145.1524336989899,-134.05450441204323,-57.38096889338053,47.4381900921718,143.9668333654651,-515.6356031645088,25.491710241178687,-570.2946593969666,-274.1754451582961,-99.06395955577518,-48.00534104342628,21.825164858778322
848.724524929154,1508.9051160534664,626.9906771212551,957.9778239579273,1105.8467582161268,1014.692483181147,16.712031598693724,1018.5134264869808,915.5323676525411,528.7444784880665,303.61127490066497,1070.5682063543243,2048.207935757626,1000.5588036996252,714.3900004482125,1473.3156486024573,1039.0314516219535,722.6519576896603,1455.0996049319333,1058.7106955271245,1212.8948871758237,586.6512225615181,834.1724153377565,674.5393455641305,782.9791448768552,522.4519640228489,274.9495780034184,1151.2384946315917,934.3167398034693,888.4471251508144,1132.1833561324913,1512.005507941803,1241.1905750053963,654.7061788907574,855.5907600360575,1314.7640464834865,698.4042736903415,1555.8237424101644,453.1068379647206,1193.7726297842823,469.6600120274207,1039.373985281292,1450.4217911676822,909.4047937791958,622.6171566617987,945.1250395301003,1049.7865339641558,755.5992052195145,629.2808159863899,342.589111312457,718.7934584508876,1544.5607944872588,1365.9957645460563,899.1744586803269,541.114064197273,44.70231243239716,767.3842123089876,595.5111952810569,180.64435718490168,761.3726913064661,829.6129367564686,1334.475027156426,1160.9608871845558,1685.5310196907283,1241.8078533309813,953.8809070919178,399.9159461692761,1557.311292554296,438.27510716603814,367.58452180338884,728.4227602933985,747.6444046936808,1053.2623056957445,468.5318657326843,842.5348270675693,1189.097539960435,1437.0778719771238,880.3097987418538,909.8434711259252,1147.790128534513,200.94196960269005,1183.7709327676037,413.3467138585456,885.2300717521518,1394.5789519900993,932.7104243183876,896.6194011834814,324.1963976982105,328.43674510812576,967.1788188406682,643.9860473483241,1063.4453287921804,834.3027946975634,666.5002629263781,758.304804419095,950.7771087852199,1262.8340716916694,543.1654425915914,941.0534585997857,586.8315932137464
213.47605997420564,1297.0447842428587,-328.253208647884,583.9591665771867,105.63361601205759,556.6971463250437,430.91606936562664,67.17444043550648,-316.89195957009673,-440.07876162620585,-100.17912610103933,411.5786427015176,-4.366108654132434,-1027.596627555444,-115.91361785980062,376.269405948461,179.92219363883598,350.74481572646516,-1.6063973438397126,255.75785890426073,-149.56041485174117,-72.90879562890281,-98.33579382512768,-0.4846209024750421,253.8830695385781,498.60389081956214,23.129621983813998,563.3413222520603,-163.8165145935636,-465.99067255912735,376.76881454750935,-351.4255493547863,-387.79024914453333,-222.02066904783777,384.22022164139855,-141.04865002862147,-531.546255323449,-476.74047183175554,767.6382983523472,235.53491417709185,801.7437240880029,-240.75704094364204,138.5706223383444,30.764927018261275,-1133.9381523457357,147.9695474593012,-199.44343518031727,459.67995725271595,-182.7547021710238,-358.60029584946847,-319.534688721808,-89.80525259401288,349.90687509076645,352.8510119247114,-143.7074292167929,-246.40634900089216,192.54643718891433,-32.25392435230895,-570.799250630532,-545.829896331335,279.64867299163654,22.292303704932696,-314.37875401534467,700.7852685429793,-14.618167638519324,-216.0853718575829,75.26106516908204,327.9644985792935,560.5722101455212,-137.36957517154812,32.540239657263896,-113.78102284204921,444.85243179489015,834.1209408241422,536.59952937466,-48.55459867731117,-354.2607901831819,82.16735634142637,287.31370358383697,496.57001507044896,-354.2719701199888,146.16160997629595,283.99965333767597,146.79091599551217,908.3670437420215,-351.791302063933,150.29784155816458,87.29198683023431,186.88521709878978,-925.8788211648874,-156.2258112970869,162.56895118274815,98.75989762617371,175.86339549574032,-762.1388310547756,169.50584647771748,47.1166668793103,85.76170985866547,-1306.6276450797934,60.088472676544775
373.28366539245974,-773.5384998751925,-140.0705284237136,-166.12637148265162,-75.70950126306312,-437.02967464988717,53.48754989018543,389.45546795175227,-260.202247736757,-578.9207139584933,287.5891593209983,-127.52431951849407,-413.9820654010747,440.3085052097884,-570.0735635971963,166.90369002669175,-402.7107815401415,-497.43013410336243,-287.1321343301996,-824.906657162196,-51.8254514985234,225.78828516015872,-39.918716219670614,176.38665917217804,-148.27970491102687,-728.2583381784225,-176.27283877129375,-408.33420623875224,-299.6649319877791,-42.21478155332827,-57.90044575515076,-140.1918017099477,131.26207200888368,-155.68335806163012,198.21810773545187,-89.40201804156106,-265.2883476618931,334.41149755074696,90.83189266977493,-113.66225374445445,-35.67332891561631,-510.2693109257268,322.5990072401513,-308.36997986349184,-160.57040187971555,307.48015629166224,89.71132751198648,196.64391885257646,-138.75933783637603,200.2019459860939,85.95857506606386,121.68718097056912,-339.6094037932317,196.66144266011912,-593.3816892814676,-516.1590364597395,-470.8811323595192,-208.0679297611365,-42.980462468697006,482.0896343649622,-619.9981903622237,191.34133469512065,65.59903478511829,82.554807264307,-193.72603581221077,-307.19394988182853,10.292448179899795,-1243.8736708270217,-448.317032119746,-104.73150383432346,-68.11900347084796,197.54266094427362,-186.2574326389225,-1245.0920288164443,-628.3605065663413,393.85270481582955,-98.18133770503626,-264.44609617871663,139.6496116227291,-307.6140522069661,226.64762069537974,-47.74643317997062,-921.7968964301205,-230.26241742993025,-848.1857679011339,-251.74951102324425,186.91289545591945,190.2793019601837,-170.01827785340507,880.6422509021342,75.52433156039696,-353.41203365248543,-172.69199653492134,348.70280731060416,-103.6973244798489,-516.7199724857034,-281.7460959077672,299.4486335647094,515.522607444298,125.04663950934155
496.6234730295457,2703.112647952015,1365.2532493200447,1314.506139323417,113.3402025351449,1388.2384300718152,1858.01795887213,1379.2579675572892,443.6229822765148,1057.8994770145152,521.2904929781154,1270.646500410201,970.9807016159561,597.4288623574417,-201.92370037711166,1503.4026305264722,1531.9113959703034,1141.12136970719,946.8259721274819,1009.9730852225543,714.3204808659656,603.4026870788824,567.0426262804816,479.69268632654683,730.966366662407,569.5996849713813,1437.418487711982,899.2751120319638,756.8667652260972,968.4937909345516,1034.241291574162,714.5919518734337,318.1346059110849,416.79571077607704,968.1997648081804,1146.1280935797986,1259.8172880592417,1704.0892022555715,1484.0548138375964,183.1158809849913,1416.017206493556,1475.4553505844644,1763.0020778359265,558.084778434193,210.59796929716927,1737.0600019606986,1291.1880359674215,420.3778720814597,617.4148801718679,985.3911703793909,-141.712735006168,1588.914598617753,835.8982061750844,1029.6961015462164,1894.021950402001,384.9162698257851,1206.1814978769894,132.1635699940339,59.768430580897416,558.4954843345392,1157.5159582787078,1588.1430736760294,1341.4556104892347,1074.571187987208,588.0421173942301,836.4150435033727,315.52204624829517,1014.570381351792,208.21940074717634,221.16879527933358,-273.3252111111512,159.97267221812874,1875.935786336449,1364.5096266000587,1406.2640747380108,1025.345044564599,229.5922516840901,1540.799614131396,677.3852613877916,1313.530449404082,717.3626887449127,733.8616815273909,1554.948667303222,642.7275061461369,1792.5473201460413,1268.1262445598318,784.7233956272344,832.3860340871927,-109.58046041577049,328.492092770803,1142.4463698503646,184.4180633859897,360.4234438597437,1017.4628020012866,-338.5905328817256,-149.2886182642333,203.73276110210588,738.1697494036238,-574.3538491108498,176.31669003742982
432.1737895351743,323.4961776448113,280.91646202119756,1291.3404265149138,622.1271788615367,1017.5451533979189,1089.5173282709306,1303.500102659219,819.0669652220394,884.8540136797076,1068.90961139701,503.08831636378096,1175.32076675727,958.8614700886876,530.6065866545651,2220.5138011389045,893.0608636373425,47.79127052663334,509.32376736136666,753.8748026144782,1037.7052469806968,886.8556688477083,1057.4468740319066,615.6358266811225,511.2656538475901,1299.0634037480115,112.35783449772455,1064.9081039607206,798.6700175210656,1364.561486849216,1523.2555625897871,668.2669276149707,663.421123957978,537.5181908121361,1067.6567611593048,1945.797311681351,917.654120092617,788.4039109533431,1189.3527772214843,605.6066265063814,748.2827604939627,315.7214419944001,1242.0156461070549,801.705703875119,835.0680700481784,528.7314328196313,623.153334984238,693.7340763671124,509.02216943397826,784.9541626306302,473.1495351522148,-180.23051468126982,788.2249914578,331.61037472575725,9.020914400260246,245.76943723424168,977.0940167826125,1437.3016252889317,-109.59707746727837,892.1664806507675,838.6740247320354,1561.4741180200162,1497.494459797128,950.5270600715548,425.0720481669811,511.1072228245206,476.9385780502528,945.0277401226492,676.7144286963061,-18.16055257742261,1131.6145584099102,833.8695022914867,980.7166588881148,263.8249416899751,203.57692156522367,1832.2210650284967,901.8033584929034,1144.5807084313083,861.5914054553915,1623.971335832655,-7.923757442820848,1314.0261722196306,481.8117515434442,852.962376490184,151.49544237516938,650.1366059809646,1282.8831548255969,1218.017308703158,754.218534756227,1046.2060385947714,1144.1588458605252,461.9320380200718,174.8132006759078,1243.452784051868,849.9280970344516,-24.137336645185698,572.4278036251274,738.8043964253245,331.57209366286367,627.0574844061994
1541.0312457947832,2146.208492330892,1394.9712338208099,1370.1354611071522,1205.6332654658788,1075.9662122121258,1209.2703301315241,1752.8876327454277,1307.3837553058875,1880.8038874831875,726.9910270437955,2032.985499646767,538.3009378455517,1932.9297862048184,474.40289267171795,2343.4683575179774,2078.902640436137,1561.5172847593728,1678.0241733647558,1428.3935101739921,2939.2075952484865,1522.8773392972098,1334.5699936927622,1706.6322696814063,910.9832644572191,573.706870974489,1300.1862334010243,1029.1279964386604,1207.986098983408,1166.902593588602,2068.7733908064424,866.9711332506181,1014.3108113902887,1729.2455636579086,420.15049202937615,1249.074256934754,2604.3780996903893,1792.381384388704,937.4731541300697,1311.3493988156563,1334.7016358297828,3176.697257621518,3499.39624194031,413.8759218657007,1268.1440325446383,2280.1335983855356,1600.815228179688,-12.802818126764995,1224.1899729409117,1621.704383568613,594.8473585494916,1596.0997594344144,996.1451960262414,2006.3659050693227,1926.6418367114354,1506.7042878717848,3104.5560341878277,-384.05751380997793,508.36179155079617,1467.959458030849,1424.4987516830954,1237.2972791169548,1757.0023978096367,1849.045445100826,1582.1815117690612,1466.587116695594,659.6870386535411,1530.7998805531672,403.54752908286775,625.1825418820737,340.8928927257767,1413.7489866378494,1970.573419969475,2086.58993502866,2491.622338797982,726.0008904277969,1103.4280439730132,1428.15182230965,2525.1668701122494,1504.5776218648434,780.0361425146142,1025.5121360732446,1523.3953512370567,1230.3266838045952,1958.9727771043476,1997.3948034932705,986.5533692045507,1010.9907023170443,583.2191743208791,1663.9227777703197,1692.6875385743856,703.4952777730085,1700.4719960174507,2117.8454023735753,506.1867294412091,2063.051650522566,1766.0866997072717,696.6794272222947,1494.3432805517239,1057.5909504200365
427.4175531011193,433.3383937811407,484.6340648904389,932.1306840443832,277.0324267253861,362.0033427288601,1538.9248928459049,862.4874175392961,200.4883623521939,689.6859204530743,445.73520524747744,-42.24454715846826,1114.4197075400893,1105.426204558444,305.9155724065029,34.91096992198891,276.22410247471373,-57.4877755985626,528.345879860929,694.0559047951208,752.3377482394799,339.6263255903249,493.52911480685157,432.96953545269344,606.7508660134683,883.611403132074,132.41168697797318,727.8013168582695,487.3390393080472,936.2275061056462,257.46752591296627,-195.17567824679242,366.8686345476348,616.3661452373631,261.85714461350943,960.181060067863,915.6606247755467,927.5825562415156,532.4222125757752,-0.6244570566295369,728.7855634675412,551.2929827112883,-142.58593026976354,628.603875594298,696.1991944183624,657.9575933051389,713.5898827524195,310.20394895194335,382.46316300373184,633.3487632395338,404.9709721925538,-103.49694769525054,373.60254794379864,-35.32089854400974,479.5128412964537,626.0101311497516,516.1697122825129,1273.3531481374523,297.6236206016152,268.9261923087971,622.0667462086587,1097.2207264737513,887.4081811324929,59.17184895156687,116.19921785801992,407.66266064158884,434.99911618144665,190.7083139148536,337.98268857375,102.20731710369574,641.4984552984898,342.6763462267455,830.5102821149222,-201.45299995890846,-231.43796334416209,844.9083014802305,596.408543718557,896.8218155135611,150.01096674325618,1135.7647623265732,417.2679631820598,488.01906549954015,200.32470598986254,735.1259752682822,328.90829485796974,677.1318394251772,958.1645398914185,216.90246803566484,489.6624631910067,476.37224678048153,836.0921005683144,504.4191479473049,234.33955184859937,157.88947725367242,947.5506452342663,24.504523539989613,299.1534259296524,166.53200346879422,208.29811774978262,278.7017067421929
775.0677522695964,1313.9090622294273,1012.0933507403806,888.5162559262986,511.22794568429856,1065.1256065669925,674.0376745973625,1177.9940399753607,764.5058564307824,1851.7480513443643,157.679163408345,1430.4727127258027,507.8946254974626,788.6727161493061,583.9318645824746,2531.862495159343,1963.154418385245,1144.8393068222208,1247.6282661171072,91.51120580707617,1146.4373111213522,830.243103827028,795.6408537118801,333.0138825190668,718.5830452978802,206.43703481718418,710.4019592622609,1464.6842851840308,1222.934604282216,39.972764495728015,1545.5593889873376,1442.5401551935456,444.6398740550306,495.09481107984453,768.5864758870638,1007.9616315687272,1729.0333470773105,1724.5928334301511,87.74718858794165,1323.3690301789966,508.311541582077,2041.1716885317776,2479.5677390651967,657.9310110118502,798.6716583236829,1539.9943278508354,693.7253284381363,-157.51619191578214,740.2661529579135,1021.2236951920331,242.99025419273735,1805.8592206189865,918.4949294332156,897.3539829077403,1036.0263865783443,502.6831362853576,1776.720675553282,767.226971630406,164.96548510630882,1108.1872327039493,762.3521822989582,1005.4040895688651,1309.5584257227813,1404.9277924166956,1428.1478231814353,1042.856327820641,233.13455191867547,2862.1886852838975,129.99618387014806,587.0802608738392,216.66437362917702,487.80021030843903,1378.9686772187854,1392.9351223680912,1956.0135671617209,143.4514320374474,581.0992088055793,1043.9297546222792,1183.8789078320442,1130.4830266719582,-405.6472779351921,803.1129799486672,1309.8144246680183,621.4062580530388,682.127936218932,1108.4496735568434,-266.56265867279,726.0675575778452,382.3422428265407,1014.3385286523896,1045.610774712001,627.4982518694139,1113.32124913983,1725.6124664759275,1027.9751524554506,774.5175609148343,1358.629060637893,247.5528887697721,981.4623695682088,342.48395568418
189.25563221759197,-265.13894534759976,-270.24937501957237,-274.30215883840424,-695.320467389124,304.75196550495747,698.325435051561,46.27291040322183,-105.66263815064046,-331.9734867472298,8.187246728604268,-514.6014380350078,350.1443371984603,396.0396268502681,-790.3168713683338,201.5024893908086,-529.7859332193638,-179.63999654017604,-252.02944280237693,-241.11760349119365,-779.7357194564062,-161.33399158093468,21.624705844271322,280.3148822645191,328.3619181386723,494.8757062699991,-221.5428535127813,-259.6236174743946,-142.77034100585885,530.1062671690371,-684.0878307146868,-659.5121000193855,-574.1133121565306,-184.86577527827737,-241.0786238078733,-189.92829961403805,-127.0191661080035,-149.99803043685512,-623.6999405492337,-229.78561656837473,74.12335340110997,-309.38772192766345,-949.8074079712736,-359.86716483356537,283.26220576631164,-508.72606829830596,94.77691473970522,321.3487498933931,-1016.1638723822265,90.56341287439064,-527.7828645664135,-138.93408114223368,-327.76809129893115,-565.4492636948921,-27.29142188657563,214.30501336731012,-753.0393902236854,560.7557631303857,-94.39550474790238,75.33279205830422,200.90532767134803,-616.9239963286805,-475.40347483640676,-829.7662134358562,-703.0510996714522,-642.4376830022688,-105.17645931452682,-343.0897310449759,191.80363316973657,-109.45680325182997,78.54066955018457,-308.61434786358564,238.2449741936329,-986.3522943127036,310.3853114933863,-195.9253497313659,-688.472872307858,139.85549070108382,-381.0895036872926,-496.21155998856443,75.54293977192019,-224.05493099303635,-282.89346108203284,-273.1737198993646,39.797737626706834,-220.73215430025223,216.9050775213219,18.34309406905023,17.85043225544487,-320.14904761558483,346.8503650119861,-67.81605183817685,-633.1938590482168,-618.5871500104997,-298.2615703995759,-356.68964539734503,-615.5096157753886,-210.1305773226071,-657.2452481277207,-422.57960517732937
273.85077271462546,880.279177807368,471.1344835794461,443.32741773841946,785.7799771260414,-0.11502292644332453,336.79306178656907,693.1180495922044,-239.92933752665655,-39.45774131625189,-1265.2422687333162,331.1298994658307,-1291.5397305545953,-662.5977191559255,-19.053271537569273,-477.4699867619356,151.87023050117338,833.5871855247035,418.8729596916802,178.37495215196026,-782.2477771330703,-269.07498376839067,-247.63539133246223,-625.7772519034196,337.5215666479688,360.79903638326374,389.3778990365111,579.1314972168434,75.26942318957258,-559.3830958720899,598.651602222156,1026.736142082186,617.6515224565717,132.57496702610865,167.4743493698055,-10.855315797344057,327.9648029845915,138.5314040939371,559.9681700745101,102.44781011947452,795.039048892764,859.6503797593422,480.360319098095,302.49337790046957,-886.5724230666756,486.2931744125126,121.4006430410284,11.766098608512173,1080.0684189158428,-43.61737653669031,243.39304712812634,108.98371845875789,1118.8891418186647,-585.9386139681142,279.52351358247836,349.71587499807237,1839.164088512005,-889.2506343135038,21.371446185533184,766.6889820209497,-159.0715417561952,15.455200992121439,572.2987672555503,301.01065728020905,575.4052659618972,803.9981101228891,10.8053556884603,1261.8176167889108,571.1279535460928,463.10127908458816,-319.19970899341354,-351.9418679897355,199.45641970051847,982.2996723798641,850.5553594930724,125.74302145632495,439.01706890990675,-237.57332216877978,-25.517081370650253,545.9349529925901,-30.96689155748492,857.8569887809655,646.034712981403,-24.381465670596672,738.6661807010947,-8.727171143276783,549.6646762877726,-79.98919296700917,-366.44091679081646,-1007.228496408705,309.1044886396404,325.0113786027024,978.3451904241804,612.9403478448231,-456.70940333492496,212.56766712428205,-1619.5128367828931,249.13858661692078,54.30184905118963,301.0465282820316
-236.90045196815794,406.48225918893394,13.277319042521949,-193.38122013674408,572.4955935899202,1215.0677825611895,860.1352425758191,986.8237632468228,615.7519271524428,199.35377213426912,768.4698739477006,959.819784951932,1010.1717514387394,868.4710375389209,752.0168612171378,1672.9037250812432,77.782365447892,0.23694359717924246,629.3661103397674,842.3574569225073,1687.4801177709494,334.0914532019595,370.1335528804936,203.2845558147619,512.2638184445159,427.3950098041791,244.78827526290692,492.8271712077234,-74.73532881521606,960.1151475178073,257.22677277390534,326.40373719507596,72.91433135727225,117.42351919887581,889.4775701278703,884.2936306831423,-202.54347827945062,455.15859223269206,-237.0565636251247,1775.9285098308476,340.2006275488104,-227.66231121726003,1376.9189106046026,123.48771060341616,781.045978548417,676.5768150292516,299.8331690637157,-15.261921283124412,11.139496701757574,266.0075783228751,544.4343045987869,288.87055306134454,51.80278849427571,1109.938626692371,263.3141364399773,-353.9133554019541,-282.35362935830955,922.6600051854339,-243.32058449809367,506.48535567609554,282.5212740422047,1296.006922866928,179.61155037320128,617.0213976724993,283.5833210890862,168.6765743457067,298.50847134532654,-144.7118314968018,-406.9955450422181,21.118439910921925,443.9783336213573,604.7204637620099,706.9125762952935,-25.73079462904462,524.6087378014563,460.5676057187652,343.00152643055804,497.97645324794655,228.87211378961723,261.1437891909427,120.80005371091166,305.16626887857694,338.74563308033476,-211.54168227239109,997.728397464939,97.1152288090646,-544.7896896524857,757.0266029359185,683.1092337987558,957.087301822511,988.1485870618565,344.31044104102534,427.1015822138107,387.044018235624,292.44277307800144,1013.8851821233751,2541.0072845628265,171.79966040948878,-165.37087416517448,63.09621768401706
-497.94107229357667,-1199.76279499416,-605.2962903179929,-635.347205083662,-296.5556094766234,-842.1396831282088,-1991.596679232961,-1184.3242163234572,-1149.8700251534422,-1492.2988608399128,-907.2575803990035,-1198.159243918763,-1125.2707555410266,-1311.2690644177815,-621.3904708525055,-1660.4229332868017,-835.1461925614972,-557.7674449893126,-1156.1703470245207,-1280.8137796144156,-1166.7534108081047,-1109.0082636513666,-739.1151127640835,-680.0004464958926,-673.2735114009325,-390.29435128374786,-1054.793474380273,-735.570474169425,-499.68201477103935,-1475.3646796231678,-762.3414710032763,-340.4381473041048,-179.35529785489928,-862.7189084105944,-455.07559209679226,-563.2470478019551,-1452.8924311965245,-1238.1592754621634,-208.91490330165232,-1049.5842038256055,-861.4456173332183,-2009.170104466063,-1709.6507754452402,-264.8672840413524,-836.1282787607827,-1249.073624256774,-723.102970626662,-286.6469681830079,-545.3068734322173,-1358.2837853049325,-373.1311262317308,-1390.535202501581,-296.76763835355837,-822.489836935781,-1414.0696619091805,-1002.2486201350908,-1677.3099269077566,-1687.449707697998,-177.5754438454293,-788.6618154399382,-988.2368441331893,-1108.5951856952263,-802.844982850329,-838.8872723909944,-610.8711129633424,-596.3663345510219,-247.61449206476163,-1490.877276625487,-241.52987223362024,-443.29107203690006,-588.2426061991707,-557.9444471956366,-1277.916233918379,-1389.8461002821223,-1049.2595077634262,-383.38510017874785,-801.963102687253,-1449.323875638971,-926.4136636541815,-946.7863262871978,-424.6043654462821,-254.66639860993533,-1532.9521448562477,-712.844845049188,-1175.0925766211196,-841.1543945664325,-229.67366838570135,-792.98012611488,-447.614254623558,-556.8399847878592,-950.4816317520022,-466.6646671392371,-954.5511639323578,-1072.371307649541,-429.8874044321733,-1045.8650116292815,-1510.5937416206048,-198.73668795912394,-863.3483957044525,-96.76034293432076
189.8031480913838,431.86829299559366,413.02670929876285,66.8320183099545,883.9273407562248,437.0040871123426,-786.3919380623025,997.7426688106581,1080.275515372747,303.0945099640524,249.13906886938037,722.6179981884065,331.4011146929959,3.628851012281747,625.2730331340706,869.219730107996,-208.31106911963383,242.19129566174894,304.5324803632688,-112.52798507390729,263.9398928437181,132.80021942286353,243.16059643748468,195.59342587302086,242.74862506139317,-510.7935461611718,712.0030690683424,569.693635579492,78.24154300704964,-284.9293576898745,721.3973922231452,547.454274972142,579.5798352404166,388.5330502543514,182.39235090244313,-45.77402506855322,293.7229701520773,264.4285530279712,856.4844969433578,843.1976202258645,340.2009475855115,714.3902971472103,400.64339053216395,366.32907271320454,-13.85085180558714,-125.55419202735182,323.6901913300509,-239.76492329066417,852.205570759878,545.4061669083999,391.9225101891674,-174.66490348436335,250.44647103200964,539.5428402168488,883.5728090414068,11.378503988771996,-129.34245544968573,-83.21991030453785,114.9421629526335,268.80373760670426,581.7900127669121,518.00197760779,514.6260640057397,638.2596084290999,856.0172904783273,623.3663868130938,282.9530130898531,212.6330015865086,-228.7473812061138,108.90349203651549,62.715063532223056,508.1105849002118,151.56797202658709,241.11667683963302,256.7707738093447,590.267896331653,820.2746539598498,618.5886861940392,118.55058492576013,745.0709042633666,136.7276967706193,213.43748864239467,31.04082976157962,155.00108524519683,-49.09673547313128,253.40058732993265,-191.07164053304817,344.8565940100523,464.85418552978257,-159.31846118202446,23.35759866929902,253.36732619732763,1445.1251730838324,603.0164791512589,-158.30189788604574,586.3856307078339,861.6376224414179,630.3087758339586,682.5411268511235,428.9404316979138
536.3872457936546,-1192.423364842224,89.16374321370614,231.5101896256754,202.49922469946205,476.63596108162716,198.77023928940432,-791.3873996835957,162.54705079061102,-102.71983160777066,537.2299835682342,-873.9644739115827,83.53361781905882,435.12656692939424,450.61506788450924,-91.13488517071637,398.8837902751437,266.9181198949581,221.39396405735883,130.47378903683008,-194.14234180470598,-9.375370923127129,491.755797662543,-69.09413253117172,-306.06059785747016,-179.62496678560896,-78.79366978082003,-72.04824565214113,100.16957677635509,-83.27263671850534,-272.5269565261323,-200.33278193441214,-309.7447183595403,258.701949670237,232.02118154293788,-65.01271375936062,-214.35864687253923,669.4087138518944,223.41113055496632,369.83313318385336,-391.24390555026974,-649.4572095784627,1605.7343200432376,-216.09187551591396,-176.80792846803175,1045.4878297306038,109.55439206484267,100.9288838590117,-169.8638079634303,-289.0320889916969,-39.67092465742192,-305.945259361948,-84.93640780168789,742.5533448601306,-193.0504890048848,125.92848344232904,-825.6968146291506,61.53790335921191,-52.258731145623884,-509.6254623728163,1110.7836096262151,-220.56358660913165,-337.1363205616231,84.06096695967663,-115.30816934985988,-355.2917211135008,102.89126989542925,667.6856660384091,-59.14280693013828,-81.77821060299384,201.3766666310341,-23.94741071399526,-160.55340371525793,45.927622776972406,-489.94936371621003,-73.89057862266677,-321.68628970743475,-468.6756963798013,608.2393826569718,-290.75978134901453,9.110274510823007,-151.2499732518508,-256.02727096258604,190.78205830883184,-242.26521194957118,-365.7739892429147,-437.9740029453375,-93.69276651950072,185.01165894236965,515.4994339457921,-456.4799219383237,-124.73664922832778,369.71396596090386,-363.7199671154991,495.3656742680268,1345.9280103792828,-158.68113856949816,-271.0405440179633,355.27296788491503,47.16987222912049
1902.7656956449766,2796.894887170952,1313.7002079971126,2461.7986597584636,1189.403949805365,1879.664726252173,2010.5632330360063,3713.625234546685,1647.3666580837873,2412.074641354438,1637.2522507718386,2873.3916008832307,2519.714352072876,2124.319682184556,542.3876195111302,3895.0566664899106,1619.5264334775416,912.5911291594612,1709.7436006911648,1909.044101493276,2767.8454881429293,2539.019139647875,1532.0888140892146,2353.4153302845693,1360.6485540431795,2575.525939056481,1812.8996254835852,2236.668553630854,953.36113363127,1410.1003060424614,2349.439545633676,1505.355741010344,1459.7531413251165,1529.7030935362818,1568.0007272907817,2578.8860614599134,3042.669382244035,1727.2757794960314,1449.405228837783,1772.467328536074,2232.4715581269634,3551.3633125164865,2383.013244058383,1505.920975581631,1997.3595362247988,2514.982767971779,1320.801513046211,1129.0996777978585,1143.3885986364926,2118.9766456096536,663.3526397453512,2411.442016574891,1606.6677619981672,983.5754811563712,1724.7396314976236,874.7896344307686,3888.8069419974317,2534.1999375994324,410.3555384441034,2562.988605993487,1110.8927270436768,1405.032651620457,2227.43917160903,3034.2922012876506,1600.2809302159706,2104.6076880153346,455.68546039862366,1429.615270315054,1018.9831724356242,737.0502400091899,1005.4614815503217,1235.8667079763227,2876.398149404509,1942.2495119710684,1760.6113686240785,2347.2540701516373,2028.867877369806,2506.42289201275,2002.2207052760893,2431.5363510107204,763.3029834235482,1551.2985361727715,1951.6847396872718,1792.230870908551,3795.769224493629,1988.7147170940489,2432.977509954679,1683.290617213781,672.1057054844559,2193.17430230028,2003.2985203403905,1120.9729858440367,1299.1033799982092,2517.695107582386,799.4740440438383,846.0920167961378,1336.5694008935004,1208.6103311588065,2218.292757866072,1253.5420429959836
846.7164267728512,1977.716892152203,994.3882843094306,1022.5919667644522,530.9446888229521,425.04051571715524,990.6585864831933,898.5629879966258,607.5061061383561,1011.5991839704533,678.2324580060812,618.0972699066361,-181.08022389704982,713.5574461173915,433.6044883798867,618.5644356247893,418.56629722794315,641.50835345377,917.1006007667266,781.564781031977,573.8208025988159,891.3214192474882,778.4583714036727,579.5066052018399,892.2988099310145,220.96581614594908,339.9558572234009,1064.699810672481,694.7981491729182,1092.8050280039906,1070.9713573618064,657.6293344295121,841.5820280980286,918.7427989696271,-90.89886522336471,116.36234942680562,1303.4547510033353,923.6890299987324,844.3870917132473,1027.9217958768693,1047.17477721458,2156.3984180828434,1608.8039894016051,154.01769170881454,225.94999826781066,1084.6532104463108,828.2521563727602,641.1084242282742,901.6192759730384,1520.6280758917305,450.6452999902595,1358.2127624808563,1007.7222927509129,622.3507136955246,909.3746879347708,1290.0812594984934,2096.704672421128,-253.332497888774,304.0831109248892,586.715550775184,814.1271389939083,581.9184662331229,1008.9735191352241,390.3210402157426,785.8933486227753,822.1191357914103,376.2474466573468,1105.4395259876042,821.4274857047666,499.62116535196503,553.8430660653526,487.11712803709054,820.2720997280361,1273.0819871057147,1279.5678991851305,684.9595621529985,706.4522306044616,1005.981765091857,1481.3034461309333,792.622602367114,159.56488901396708,913.4516520457029,1092.7583627559716,884.3159352260049,397.6768039125933,941.1533717041463,1144.3320098743416,292.5813340557968,293.4145281809622,-6.404005820174165,993.0730588123347,377.8774786033586,1037.0660171361078,1154.1169598757547,474.990444595968,452.3754463429683,407.8318166516182,263.7808222273364,895.2017614396285,726.9627833213169
1148.0906207331673,541.0735536566045,265.01936737158167,782.6700294262428,378.7536411281464,1433.7713007092334,3065.345780568586,1546.6151130046826,376.56462801876125,2108.739390501502,1071.799615918405,-212.95233552043413,2240.691860139114,1350.7344664341797,471.33036639604893,482.0748092378422,1890.484112078255,214.76751556408033,1306.342645647678,1387.2022458114384,1880.2834508337135,1083.277602956705,1076.5657086754595,1173.0857459243543,447.49480832664364,2458.8538332190674,478.57423307907266,686.6338600273303,587.6906438962536,1645.2262378029297,876.8604165412191,158.54052741520618,-1.8211150340181637,628.3401446517303,899.5360025451872,1909.5906602854604,1132.9371711190618,1530.1174328531022,952.842836145558,264.0242891321554,361.79998627748796,1492.053594761804,227.28345847367086,326.62406491802375,975.6202885153921,1705.7785199822702,450.14118934658745,1401.4527794385479,-94.0474842398656,812.2132063792803,-154.78894011043914,1364.4420858426065,691.7779100216742,242.01675813401963,789.4287443260815,1163.810425290395,1755.6968318893305,3868.188534187655,57.32045517073352,842.9732874076462,803.5765923223937,188.415031679357,297.2971130756291,1187.8099808105765,92.38878082082273,22.502384827482732,60.988448952453204,1962.1879429579562,959.0553495648668,173.0384584332617,943.7130221096194,558.9347692990984,1337.2065796904724,903.6700957496838,1041.9538560420615,836.6098549457847,831.4241936477157,951.315830937354,1154.897129178378,1074.7800933161511,813.3856568327636,684.3942658718616,27.035670337161203,855.7194484100846,1588.4666565274772,630.1439022368423,914.9735246953046,447.8459507182581,390.07987091764363,1674.936611386235,729.602395456032,612.9761367865393,-44.438528693875206,893.2184057801535,807.1931480433449,766.5216138045839,167.2117933149041,268.6276632742928,786.4852371597487,30.480788386222706
-116.42194966580732,96.54072304636037,397.7714826632267,-1.7775032008447704,-564.619124223536,99.07397973815678,135.10401610681245,142.70133398802326,-334.98146859646926,279.2415760990774,43.18477183830222,591.8204414372303,-184.13887565561456,-48.788395328249294,-708.1732403520598,190.2486576007764,-49.09973959783512,-251.87256576770534,-211.656476775285,-416.34543746708135,33.94050117030375,236.0213872818312,-114.81016245447599,160.2374834862372,170.53411086500873,-339.76326545910405,-22.704269723715846,-418.5703955356505,157.48067567832103,46.28231386419001,573.6865886399503,-564.9837240321375,-142.5947694803172,-106.35973519915864,10.20627172052559,420.4000028503894,598.8441385567812,213.67959783397956,-549.1196278955373,-208.31084382435253,172.71016794995515,-432.12571008880315,277.8908999486084,76.91147395863324,493.54319653689174,407.3197707026296,-21.975315210508732,-566.5336040290988,-113.49109954871116,404.99218152608745,-393.80501172908856,-87.19372102545091,-327.99789172660826,-145.89913504983198,-181.4626393357752,-260.668153236624,-722.143679373773,191.50781369925315,82.86229676038023,-339.2813374074827,-983.8715891107682,-89.97077562654093,497.9024367636947,-816.1916559629934,-62.7765126089685,-33.50213461106747,-52.60812047193497,-502.87821787995904,-562.4978434227493,-244.24600251332782,-145.5385141296267,310.69354222936414,408.0905140642205,206.45758387650187,38.01992302356606,8.868413996204561,-863.9417158228906,297.26378780557326,364.041475255923,172.09762063591535,-261.97931877950674,37.89028868765916,10.833662717082312,68.62106772214018,-99.38262307177031,884.1163345491374,-264.9601726215792,202.4555748752788,-247.5042748286102,819.38330319974,344.74272633675264,-101.99455952074403,-996.7915062298902,617.1952444026019,28.041341773365854,-835.388196371449,614.1130311388473,-58.876257981943674,-211.33633153478877,-376.29927145928497
-132.96908071075688,-845.0114737614679,-79.92576169157333,-669.7665041958967,-178.02051372610993,-575.2349685531958,-1527.794250583832,-1902.3598503963542,-115.08460639683788,-205.4752303035485,-825.8621906769454,-1425.6430951086638,-1716.0066409414203,-656.7201357863588,-340.5206524795816,-922.1057939380651,-478.5613678152696,114.18895461411998,356.04895209173964,-1604.5024783459962,-1190.3254612867695,-743.5505356491893,-263.0564067526637,-918.5238730711856,-517.5944796745008,-607.4067299358339,-608.4998875560453,-384.3417993574937,-74.71027953345923,-1088.4564804753713,-472.58032039562795,584.9666491170701,-55.77797057060866,-396.02125446105936,-183.56356524799833,-1402.3065943613883,-208.28015344806997,-610.7789416555015,-661.8967693597928,-422.0049097011557,-478.59579118114857,-714.2273097913419,-1629.8288500833912,63.364684829167075,-395.9944985159294,-1852.7776124633626,-221.03493918080068,-609.4374104932311,-176.29884669121356,-818.5882000126109,-53.45868853157854,-474.9852951699906,78.63088491983585,-855.746878596057,93.2256951230565,-642.3278485204514,-841.705518484929,-1055.3238869793906,-298.04559363636736,-523.8574365649363,221.80261038099476,-1040.6801617197887,-476.78817251693624,-2254.4153146148087,409.0525103061174,224.42380190561192,-314.8635797506202,466.98325749512884,-788.3419224671633,166.920220255685,-107.17293105824743,-793.46688297213,-447.11371143863505,-256.173394446108,173.4047763473196,-836.5972338421356,184.4123672978558,-573.5281754443128,-1396.9695879763535,-259.3372823071406,-668.9001909162297,-616.7059093675446,-396.80997830394637,-480.31607941721717,-1098.6740990759515,-191.81249114649407,-1660.7300073270917,-470.2711419125377,-473.7622373681424,-1221.5881876305791,-116.49760918399765,-475.69814268079415,-31.65282807430989,-450.1048542196124,-520.7276429056693,619.1412066073597,-2164.1848165855254,125.14662631866254,-188.24590957259687,-35.8276470190158
-1135.9648711436653,-215.70043309227106,-622.3500786583855,-834.7195756493714,-819.7693891061132,-522.6493914363872,315.4851789926997,304.8697211345468,-625.4183370751391,-1100.0234218969767,-632.5158275459,461.3141599820105,314.1294986056166,-493.8312746258754,-702.3070584013562,-744.9548367439573,-332.9935157527857,-683.0846946485686,-1219.031946779895,738.1260446066361,211.9011528687624,-767.9233644256051,-888.5576754754595,-300.0614307992783,-351.59310381775566,-382.5964929425773,74.73104767039032,-1101.724688588637,-665.2627090690107,-573.4943540901094,-484.52002093590255,-610.6269939624692,-629.9730520714428,-719.4925151066218,-268.2045702660291,511.6790885795695,-1059.305144276092,-368.82268332338145,-341.83329437424624,-1043.3010535790118,-811.3211452021385,-698.7145603545148,-12.385142308641203,-259.0707331223749,-481.64363609407246,155.23958781478046,-608.211539581426,-209.4381935428319,-485.0407869802073,-923.6140320620788,-461.4241782080828,-347.94067186919335,-1146.983420032701,102.60446565057569,-1054.889411656321,188.88671877140345,-1430.5941931870263,-77.93444429196254,270.61517455908955,336.5211664805544,-1384.4510828211935,831.7492609091419,-600.2662299274258,-358.04061101468074,-1240.1916017576625,-1111.6810930257923,-138.94211815533063,-1625.7677115657295,19.41852387775246,-428.16206742639685,-857.9932911262624,148.6280935870902,-439.521105047127,-1131.0762086895015,-1000.5460013189887,-84.63387977698287,-1113.9610634420599,-493.8412050679229,-480.90484607371934,-866.6046174968255,394.423409551628,-449.11004837187903,-548.2902564351803,-838.185640364143,-523.509142322116,-907.2734701751028,634.0543850104976,-71.97167728818079,-392.30036603901146,1526.8903048904317,-385.53244888635385,-324.17594942204977,-1202.8174929565762,-1459.5046197202764,-62.43196635776556,-1533.8063690058082,1535.8903724291379,-597.606392112593,-1016.2606032505431,-1178.174415107266
-302.49803584053143,-635.6154822282925,308.6906684849446,-272.90241226235855,698.1534787060849,136.6764698408483,-680.8505717159468,-1286.6840370015757,92.53236791894578,-197.26053458123184,-328.9604404570881,-702.5997706348306,-630.2958206045208,-237.8209290471639,322.4711944198418,-411.9272429422626,138.27879452684934,204.75148415780933,668.1324822368946,-690.5383875325676,-704.0550891748222,-242.2251451271802,200.5996895214239,-132.24223295716516,-12.673168006638342,-248.96021354323727,-545.1034264919539,173.967509099334,145.16474106577988,-158.3722093311852,-574.3623357492406,739.3891103252587,344.59054810978955,120.69656243827843,-208.80626446458288,-412.4094694088616,-241.40847964949077,-127.81332998272227,-394.3806842571041,-9.926549178222338,-136.01862090466125,-511.0231501052917,-361.354426186105,156.69272783078617,92.63968247832022,-646.1295790586723,178.0198928009123,-90.37519345977744,-44.54335039573849,13.037474433922801,326.0688828887376,-535.416352246085,637.7841133944887,-289.1410525686671,322.0725901756389,-496.96283848120885,-648.9030144479882,-175.93435776427782,-4.63000003932847,-369.21351346594975,594.6073343873041,-410.6327624181832,-314.3390887165537,-612.5678077454664,606.8294797157045,478.19909698385294,261.6344698607654,310.3085010992642,-329.347820938387,321.3815498886173,614.1689271611898,-327.93973000599465,-341.06066243288757,112.19114372694791,130.516071040343,-483.2717920011364,400.96374245431633,-334.6136408647599,-739.9845857174843,-170.5183302570713,-70.10702750838793,24.848523999921543,-456.7462527394574,-149.5049740066586,-418.17643721515986,52.85416136613324,-1116.078098606453,-107.0665309931138,140.66630287569797,-861.9726082185246,70.30438783454258,287.06415963562733,291.95160334859577,102.4464491026356,-294.9605255909889,1127.599267706344,-536.6948374020371,403.438961946063,167.7602510940908,382.50156836438435
102.6552644721685,682.0994566724111,-188.00577879933607,531.5423521109318,-8.989513401608953,-228.91079207318566,1256.0409058362827,1039.8974228428046,99.35199951489352,-602.8723930358461,76.35106011624933,1492.898605035735,1437.0109245573278,574.1131050401578,-330.6702181073965,2215.6371897107642,-137.2286786256519,-62.026732153729235,-549.2974822243359,1994.57590455569,1779.8943222874427,-258.40428820922443,-276.04090302831975,-178.01333605974895,-266.0598842107939,188.5849336121385,1132.1159534102828,-172.75894508926316,-695.7771138360156,13.286144395768916,86.27844074690769,284.73736076816857,6.731731907971487,-518.362417308318,795.8995988702271,456.5899413406679,-1267.5703466128377,1090.4282895442107,943.749114757405,166.3064137395077,381.0698034760272,571.8895496891112,2388.630376970464,192.1290962937401,63.511844035746776,405.1644764758482,-627.9372930658176,913.048998175815,-106.44690348745499,-559.6828779437739,331.7214415746535,1012.7625632769914,-501.46982492385825,333.1118040981829,-601.6724800410601,460.026532341243,1147.894049112397,-230.47770783155144,118.26301907638681,1190.6141784120302,-458.5530318212724,2360.405802067403,443.38561839600516,2009.550353061576,-1315.8891631830002,-481.39883401824636,-138.9295118170694,-968.0837286136068,337.58312443189527,68.4896233438823,-629.7780669140302,565.8435652469084,-370.9370393135769,-177.82280449724436,-967.5752970106839,825.545598776786,-177.00803398447266,473.12912200287917,323.0513082830378,-522.2893559749331,1016.9063056096213,116.93375081547862,597.2627175938954,-136.13484113133848,918.6079904161602,-885.2129972035948,1731.1267094049254,454.2802881895332,70.44128184045293,717.6350390798616,-359.20057730976515,-461.73374868318984,120.1213121236463,-910.7188597754058,297.459377365175,-696.4347246597285,1802.5102788786091,-400.7742237214051,237.00767283625513,-164.55654527808335
-886.7605480746363,-630.0368211364116,-505.7845340157355,-478.4931610575582,-342.30519772348225,-550.9336321189985,-779.8158131843593,-1152.05304054729,-398.86001114689253,-559.525512713067,-243.43509219613534,-552.9671983729161,-1140.8388814005953,-502.71229127083535,-156.69391452996894,-541.2179634407122,-227.7309639635744,-226.4317831491047,-499.96174431104697,-642.726333353113,-1539.0443873575691,-176.18377529102304,-394.52185946665713,-392.02634874284473,-241.3721251064365,-467.38848050250306,-394.20261086835023,-195.9931037258223,-231.790148810744,-359.3640675307324,-673.7478040388253,-523.5475335560275,-353.9658433597369,-498.8870785245609,-633.1934215028507,-766.0884867580803,-510.23976474313713,-710.1981990116659,-193.35365929360134,-429.42502174290263,-422.1691185509585,-1110.207873187202,-867.429023245131,-318.9778748753888,-644.5715063467636,-982.9111325493595,-215.41005561010914,-178.12978080339852,-310.60904097158317,-386.4947515571408,-182.17568276268142,-652.1803970154137,-326.3495056856247,-91.50265341220968,-310.89298623760516,-584.2851896993715,-1057.7068788199415,-796.8723724313054,-183.88140844961413,-725.997798184233,-266.66992985928505,-231.83672145771476,-338.56094555027477,-390.2868653132303,-151.24669611132137,-250.64225605901487,18.305001248810843,-318.97814491567084,-273.9319910390624,-202.37949449280737,-131.51334277686985,-578.9297360683037,-522.9836382670621,-495.8289915812485,-470.4853678285713,-448.5891092579424,-665.0873487295786,-358.83361422731787,-617.9166243978118,-352.9924550083094,-149.29008790631994,-405.5288105364081,-269.2279881549974,-72.23699293226751,-666.5714603436759,-430.1582072899371,-756.337804585502,-571.0019130260904,-300.13038020104506,-857.8136886406327,-662.4718650030845,1.898733617930667,-451.4034169193634,-336.2906391171704,-372.3208171319901,-726.6450481243735,-474.0697223492724,-216.04066352960197,-735.8221795228095,-220.22848573143392
1398.3514546510683,667.6322740624184,-256.82456741493996,490.5654288913412,227.7441174291419,357.435918347019,1300.4512024727285,2115.35546622259,306.4664101615949,341.74680063583514,286.0769222311261,593.912792205144,523.2246694971923,379.8066235976962,-75.68559417591875,994.8314612776908,411.48822527201554,175.54449814161302,-195.56181772844752,778.8383087981158,551.1682598780701,589.0900737295601,37.459029481025745,477.0969138950474,89.56660319054103,806.0854690091863,505.12751506609754,430.35293967462883,41.99251524121245,375.52709111903175,514.9205793056269,257.22996238667554,-63.912838464326654,19.68456676548517,481.5732499638744,880.8920535860184,377.36463695913903,559.776641044504,388.1393951287409,320.6484086627635,460.58582026566694,1093.0044941321264,892.3816597093886,187.14838616928637,-40.90648437691598,764.9417532332122,-94.40244402733116,317.97158573761146,323.37917542993443,274.5511192119,-201.4422419892219,765.0048558055786,16.97716807955824,121.47038872849112,-175.7329442356014,173.40644732250712,1570.5775854672363,1045.7527986759694,-119.3953684649399,1346.6054030218759,410.48651408790084,345.6844931974801,213.11040749728403,1208.476559899478,10.574331168523512,127.19962758160261,-323.30535842009476,892.5016289073787,592.3802024788637,57.299143484907674,-183.12937628909373,248.12209291898023,357.69762698818806,725.4947629525514,39.54921498181715,920.4383067345985,341.4992686070926,-64.93071923444863,591.6389522501727,631.0886418406595,237.0738263672217,535.5549303017774,636.514302867027,176.2613970729043,915.6048117406201,-101.4495226740443,818.4408298837438,400.9903961166526,554.9415468919196,-143.05839005010557,239.10804757079927,158.8839153356291,1084.6352633677839,751.8751918028539,318.8070564792884,278.53150582817756,-228.77569941632427,35.8106133372403,492.70434556560525,186.9672553533875
-1195.540827713487,-1527.08616620262,-539.7310178537263,-647.8207013618877,-916.4020149977939,-722.9828956846009,-1528.6704686561936,-1734.5681322079229,-436.09426160161456,-118.84206281786192,416.6764959310528,-1693.0666307072365,-432.64537804425925,-165.27288565021934,523.5129351388554,538.7394607441854,-1090.276105000916,-813.5356016606313,-438.6457986882281,-1157.5048468019802,-911.9565456838299,-429.0227543314784,-84.16426567791613,-9.941399906498905,-395.9174488780022,-596.4496283531039,-838.0648094309205,-631.12429133689,-392.5879501934762,47.39070764613621,-119.49884731533741,-1261.0385622697443,-388.5193319803659,-112.14162323125295,-680.2587588336131,-739.6036970720781,-1017.5819479053374,-1811.0737566961739,-294.17406011249136,-291.75546564959745,-1158.0795654595845,-1082.1276560995361,-1253.105866688733,-826.3322985976782,-188.33309841161517,-918.3066256028269,-76.10113343838799,-294.7345687509422,-691.9622638482772,-497.7207846387054,52.98795655958588,-1940.369306417968,-407.72549630274284,-5.407977819681318,-225.17092797378402,775.5784372742683,-2146.762305157978,-908.3681425798579,-91.0431171558429,-1953.7219962837992,-158.31248290508256,-303.0814101153916,-767.5089882838956,217.09521532248218,-980.0228717271109,-1019.9903821254259,288.322125091919,-867.5805739703131,-286.8697213531162,-749.1687492500013,-226.48653158501753,366.2612273071355,-811.237323572854,-1503.2764867005376,-516.4706712789593,-1350.2817536685973,-408.76967561741185,154.34973468916897,-23.86982029954435,-650.4866676909858,-182.98655473095448,-730.6041241616784,-1622.2638701561007,-441.9226923329239,-1201.8459500022873,-591.9115412624705,-994.1863048208968,-74.75478423815609,101.39564355524683,1582.9362896189405,-584.4343543071886,-270.06556528445276,-114.92453267254075,-605.5549274669924,-381.5448932852444,-926.8150430949452,365.0767215297961,-310.32963706126606,-1178.5637039312614,-79.64282770971687
792.4102856043976,726.2782852227383,717.7566690589867,595.8514225248933,1225.058526469885,1110.3301622386657,749.9905131975787,1362.8926117723156,1180.8092053706039,901.5798687596978,515.2051716104338,962.1473083064104,1085.8214803073447,550.6650294229306,1023.7620897500854,93.75981345547972,543.837509192066,922.2217160482729,1340.9009390085719,1007.4076296043688,1448.551184939871,196.81559225098948,760.763882466957,1170.3705896207136,647.3035212852236,1017.7146839854931,308.59445056404576,896.2995427529881,436.49554099355294,811.3625527623245,1242.6252615615917,871.0945575992512,882.6098184535406,1120.9233922964384,433.9513798837675,1226.74875787347,1296.2563369154502,779.3867553043563,436.7088957456397,568.3161824969238,430.5909562057809,846.8128275593522,632.8997485866621,397.607818170584,911.1509038660896,1169.9310782074353,953.1176952502516,731.8272058112916,1271.254181316076,847.7947698210646,424.187434785008,450.88215472320155,1084.0333977158912,873.5034780228699,1104.5205762221697,996.5383611901008,1642.8955544808944,459.97948335616553,463.6203195012586,963.5571565314796,855.1765888669873,-25.476594925911208,682.120046912803,823.6219317508431,796.9435235203051,725.9899204902815,365.23151480335355,1016.8898800097851,880.2829342346981,471.45841270885325,663.89490704716,997.3033259555455,854.2546742987026,918.8099540635651,1200.3633880627303,857.5184452413222,1147.6728178408841,486.761524995746,958.0668894309691,711.3373641297683,382.7014294867031,942.2642187944869,752.2462081107475,590.8520834225483,1042.1284537108734,876.4203075752785,1063.103430115907,309.5951617817316,418.60658514339457,142.9298384408183,1090.8729832220306,607.2402600796298,659.6011808088404,622.9890000189456,599.8178533737491,958.8063283714446,809.3121898095221,579.6849367942634,1010.5873326629438,685.1915470897835
751.139766190205,700.1411808885781,258.1368281154588,351.6913360355278,392.31454552153724,401.40784021330774,598.5648867138239,69.3741817506597,327.2467213412074,598.7264501233985,163.44433279741654,-79.66462104110157,485.2453563812193,291.7518129334198,7.259943291473276,1642.0161525579692,453.9530477714529,416.33647879247735,416.3143564842088,629.0303401935336,552.0847496790611,591.6016476205818,505.4873955763317,316.4286549553589,767.3696259730182,135.90094794873661,337.46067182623005,131.82562336931136,457.21646460863553,402.9569414719288,675.1448989423399,186.8327989977821,465.4580226005737,656.0045381001635,682.1807902342231,457.32070574401126,841.888686055408,693.2435038389381,345.33203453951245,615.0308857909603,910.1945326255678,1187.4551827183793,-97.34385108731566,369.2575906495746,392.81548537170534,286.495471918401,706.6926160131154,-26.455899927786916,560.0342884338323,560.6785408874063,-11.823886526757473,350.09497014212667,673.2422547585511,249.62182413353662,338.6487278723914,-29.18464472197562,427.9781941417894,987.1823981372982,151.8590761105974,82.35606348908216,1007.5790402456944,180.57675800971228,637.8203673087144,269.1016521934241,527.0562710124221,634.9761341191515,-35.648015457165435,629.734607353534,-225.43037347728117,294.08344086519804,456.47729749971677,588.9968886743478,1228.7334048346174,762.8529178004038,488.6306958183764,559.2342357919848,646.657373584353,702.9061263541512,131.02507186126573,381.6577922017047,-253.908814412992,384.9567570463982,246.0201841541482,326.83237812832533,1531.5641214634522,1035.8946323462253,552.8223062832274,554.0955373779589,20.243935837729104,1072.4950759261415,1014.4009676364194,386.7168738597051,167.82667209485936,1093.6295995586302,657.7243261273487,661.0504375321982,717.0239898313191,678.9403319268768,348.1741164126862,439.9529223549021
212.47932939068957,366.1501024622529,95.81100969717106,-69.08223673845451,-376.50709314975785,-162.68534685986364,-658.1915435607101,212.20683848404818,-366.21130892340386,281.6297640295832,88.44067660789877,-149.99528286008567,-10.924108043170563,-363.6003311368318,-251.86106174952,-21.013079275646156,-357.19842678844026,150.24533809466195,-113.59979005169203,-412.02517551738464,27.354165052659887,-534.9395480809324,-259.4299990374151,-469.02918759925507,-63.71540448603784,-120.02468601629629,240.11793327243407,-90.10730557807602,44.44454501561323,-388.36660881207473,192.37456461160016,75.67910564820725,-89.58325015564166,-142.36461895115755,411.677112434522,-197.25889861420302,196.88807735673328,153.22442052414172,37.400666167362225,-104.2412920132796,151.20128849079978,82.23384048145859,-460.6460285090064,64.35593765629667,-156.29904707014893,-2.0081873932504632,-168.00103300867175,-652.5490138260653,354.54907855922465,-294.4746166875954,-114.70963125131244,125.3919505644467,-288.7617325392316,-240.37141027072826,-252.62269515162106,6.3622439882794595,-103.55191299146657,-66.3795975440033,-93.93895413049862,117.34293015241342,-492.8746368460313,-541.0559916412187,314.49119272517635,-425.16125231930795,115.20561085857219,46.22460311828788,-262.6393748563929,-353.34237032844374,-218.62500892692537,-117.27269014381375,-397.0787436466278,256.597070650581,143.99081605635848,297.1852754029169,-45.26581493409196,256.70368075577784,-220.91569581520835,-127.27137267153817,67.87608323653943,257.39717952071913,-350.9966933971487,-276.66225140505907,430.1272317074966,-176.83660361963317,242.74493925961033,248.2977021264761,280.28127223213767,-60.54555108712536,-185.42901661799544,287.8083734774677,-61.21018696881091,-352.62419403728995,17.70895963569316,-70.90328736758265,264.5326077091913,-262.4670724211129,-458.9050839373055,-190.67855366485568,-7.98299079678192,-171.9592630892515
-377.62836560392594,-1107.4514546791136,-509.10677950424423,-647.339009038897,-474.47056600023984,-914.5298136067155,-251.78331667936348,-1389.9608482969954,-647.771122548398,-946.0394505434372,-890.532448934055,-363.8496943226711,-1051.346072829693,-529.0832184880445,-365.0500534901193,-1431.3291241711743,-764.9882403207431,-622.7115409754687,-584.9869902204604,-876.7571306496824,-716.8047283531998,-179.3078871657914,-326.41447829523946,-1137.9195454106978,-467.5415496293867,-1029.4149495597796,-805.410753744324,-831.7814112485964,-404.39196465015266,-744.3415337414702,-1312.2594341846345,-719.8330098912916,-349.3243304993627,-516.9502646794149,-678.311885635633,-1377.4847803261787,-481.86920232481,-290.2400216219319,-1018.8024163596888,-189.38845517739853,-259.957733389852,-1192.9342306071321,-513.754656838514,-133.43349301088514,-506.925334097993,-887.7854572642727,-511.519165375715,-1257.2840043907065,-631.3522154260692,-590.4639853932215,-184.67356071133622,-418.44488438679446,-757.3558916662759,-470.72756797935256,-1013.5544271916934,-1230.8797820488467,-941.9732407674661,-1069.840906840028,-201.76295902159038,-975.1856920969925,-698.9222477762377,-460.9430654390088,-791.321167685575,-1205.7283368270753,-165.31640188565288,-54.84396710248435,-213.57538004607733,-1030.7760771047597,-990.5856741934266,-88.9482435766941,-222.10938364671821,-799.4226819494228,-1049.5355207527832,-1099.102620130021,-1461.0032475831458,-969.207683178052,-447.1333072967067,-686.831129529413,-882.5453404588104,-678.5904946326079,-502.24502271831324,-918.8301107501451,-491.22079175137804,-375.4415154055133,-1175.266352566033,-442.70534503710735,-1226.5565179310427,-672.2004578331496,-343.1494806824989,-1741.3375018783906,-733.9432902671775,-370.89090150233386,-469.85518115492306,-567.9588939670148,-490.8908722965752,91.50148748484378,-746.7220907232423,-437.8061630489502,-38.2538021542159,-362.70151038553223
-709.748978039509,521.9874326458395,623.3299409648304,-131.94593971323218,-273.53362844344707,85.04182062903823,509.615469698948,297.9948773528269,-351.0669124805214,472.71552792002694,783.0678914998426,487.15150918182843,1304.2227209137259,353.8136703766045,-206.54185161071743,768.6659589258194,357.2918708068454,-284.73206363315285,-228.07494440098012,1596.0360049759138,133.32983901269492,-205.75305765393873,-160.4296010433665,113.88569759198766,92.84949853972276,412.1746150450409,799.7973445740089,184.87055635010435,-108.25739435470136,569.9165855468759,-272.5608384633587,115.23475753977563,-135.61716024459588,196.65075996784523,288.4101480304473,508.20242101965806,-149.76596133718948,520.2285837544756,767.8987826100794,-128.61724761467988,-143.0316175683955,1378.2057002283043,733.2961939869606,182.07019440719446,165.95432652975575,764.2702359882799,-246.2888917325156,667.0056730554495,-148.57926949655874,113.42435326064495,-31.524660946394565,904.060248927853,-0.16104629360233202,-224.8688327911199,-143.07094229310388,694.5451788682174,723.4740404727445,1516.5758510726848,47.976750924528915,971.1198775585776,-519.5675901747426,423.53481062182027,-31.48711289097594,1387.066001405061,-465.6807422673899,-845.4785397308212,114.89494767694279,-419.9142548124549,411.96228069821933,221.18299643052507,137.48959238361357,489.1873880560559,-38.615394011649826,1208.4657820703642,757.9315163811226,642.021981278369,-524.4135964167006,311.98712004711933,126.83211801361013,-47.797099988254196,440.7419985226758,101.92358280871633,1236.5490429508143,-1.9751416630187033,596.4701390986583,55.13518974270235,1239.116655007773,637.264328693392,135.59723406500413,2363.0724494555884,-38.04227735610847,38.65003376650614,-1256.185618859204,-542.911675688074,716.3296829428368,-291.5379580175662,1411.70046823296,-405.20955632911284,-489.82140354003127,-284.7689502256394
-143.80122829494053,565.9923946848905,413.107963580333,567.2252437040779,1256.0532431718577,613.8788630988224,-159.1189668780412,590.7355951616715,1069.4659682456056,372.9387918199427,-315.32634198435744,-38.58551018966745,-912.4752070640151,-26.295573707688536,383.34323814615817,-1185.8232616721891,-184.31443388728866,563.0865730684012,1324.6378121517782,-251.51539845254175,354.04707535664386,157.37803874471777,791.2544365917789,409.0081614214903,784.5764838507066,-69.24140342152268,-20.82327595028007,873.3710576420906,539.6388832907305,592.789698933858,693.172279666061,671.5473514615367,924.8111665933519,681.9417665562673,-128.93566805500498,-366.9810482081789,612.0352154407201,1062.9080805290082,457.2532492341374,455.8522684137189,459.9928611391584,629.800785664772,-91.82085371759135,263.16049565739274,350.95383136964244,-72.91867541928715,654.695984242746,198.72512352511092,796.1061382403739,772.6882717013843,451.3424724086174,-676.9484502322096,658.7049671118863,196.17100188615194,1345.9149788148065,765.340233613407,-107.84873963749486,-513.3164118509139,408.0286514937691,-13.044486962757242,433.5919319405088,239.79971915775644,683.7214810301456,-694.0200198396453,1058.7540446976907,935.7065995401873,694.3846010235886,185.82390037749227,28.13373132160218,351.24254722119497,597.6077809281547,50.7410120073612,623.4715496837368,-352.42653114897576,816.7030722188332,239.22668573902797,797.3796557100314,1002.1656471278712,287.8966238453352,397.1743088663647,212.919295007528,574.2798652795449,-525.99113032443,419.0536477697953,-743.5731335619536,380.9392305183103,-127.72932392110395,131.61009023082167,430.50092602919375,-1509.4617521488917,728.010490542094,611.3548478982193,1223.0814046982894,665.9471808872839,-284.14499257651545,1083.3775191738023,-276.03003480240153,568.4446790021833,680.4691875597345,290.01172528344256
-25.902452647842416,183.48145168039784,585.1639810837477,413.0212548465066,44.53905162217297,363.6863276235963,2225.937820650785,658.966339980746,147.120921191163,469.43104652080257,944.2290519294208,793.3023857912993,2195.3806918467844,1375.8900599447572,388.9216265662326,1446.4620317492434,1208.0744531560028,-381.6818177136102,60.07817071633382,1433.5407720298044,740.4053787706366,377.99866600076257,-164.3758743097292,410.6719274585035,-140.74766957360922,1731.2605722006808,327.60195579713206,271.5276681910216,-44.25008104762398,672.2451739848085,153.97561163339094,518.6664395127531,-202.28460864932958,215.97524573334007,215.22687637894757,1311.6996322760026,-148.25814781251148,-137.2416971056196,979.4482022613864,172.70711504223476,583.6054192885267,1253.1227687491612,1398.123555288287,282.97916290880454,630.6064733207432,1337.8316295147508,-66.3231365983547,1151.5513757291121,-660.2544407424049,306.8041005778832,78.42913473380972,2095.316758700103,531.0486807623474,235.09558322409748,193.5775293022405,812.5359868558348,1402.0776761804095,1621.024324395175,173.77195087989782,751.652372238324,309.10604182384077,907.5371976676157,-338.5788277785662,1030.631181367834,-716.2040601617767,-535.8469552103774,257.64650916769915,763.338465867543,1045.2783435184178,251.79478434861628,261.10082366778744,363.4303540613406,-68.96972669191727,1211.080133386453,1214.1761568366303,38.09547143393945,-399.56965453294123,450.14121582912156,736.9711364583877,355.25851317665456,986.1292656810188,445.46031521155726,1349.761562690624,28.504377609531474,1152.9592511229105,30.065586405373338,319.2436512989373,467.2365227021461,388.5715072789117,2193.3559048604757,5.783025597442214,203.04718883548472,-739.1299589123228,-276.45634080809515,-35.60069714344336,-20.519551857528867,766.2589953723876,-103.92990661442403,-347.89179737259434,31.55016672242154
-573.4139168635621,-542.3826497359966,-751.2828922232237,-348.7512704541395,-189.89001235202485,-355.8122501572171,-1399.2867638775263,-541.7626267138065,-388.40766218171416,-958.8221418686328,-521.4642605744172,-352.01309779660227,-1628.798978719739,-679.5103042267472,-199.32177637218155,-1180.2571612168065,-425.325328120855,-337.3416493735765,-505.35595026906157,-839.7370380615596,-780.6867784515279,-152.89849663433608,-424.84301771970394,219.51329339310217,-328.2814590971366,-507.1717953377308,-328.9264961880674,-315.3610454454195,-259.03393084304275,-337.8022371418396,-476.5616242500916,-465.55933963597886,-345.23543628442195,-550.5219109588895,-415.87926083017277,-532.8763348996853,-755.9193369225399,-1789.2858558822159,-729.8092884202061,-468.63529861063915,-758.7625479323054,-1378.8544691311654,-1176.655652476846,-448.4097481564671,-91.90859122528471,-1102.5913154464665,-343.37065444466094,182.30798032957543,-581.7707093756279,-484.18354272923546,-160.2104110311014,-1197.6128846678566,-464.1096883086661,-338.0501133267554,-339.57055595660495,-181.56938284474293,-777.3712320837,-866.232149200209,-150.15422955458962,-929.03393630431,-527.4630368682546,-347.77131236478186,-398.77932757443534,-386.76435725296665,-249.52455670628567,-352.09105546378765,-139.49182429973823,-292.5841692182379,-96.13025799089057,-392.99060133999427,-54.65828177923764,-538.991799474053,-398.3173862668748,-1049.729652631402,-333.78605087797945,-642.3778748051293,-164.93413309002364,-493.91514064455964,-386.06510271461104,-551.6646336818102,-350.07193088671255,-242.3815177431835,-1222.0368623271604,-135.42862248270305,-854.0428400152132,-506.60383739806207,-498.41589864784356,-364.5094894176537,-280.1757766511929,-1129.058029183271,-344.6057000636478,-24.50461634220914,-172.81174398956102,-341.1604237250728,-449.1359056786794,-526.8408276149227,-452.1201861949126,-85.28866950971066,-537.5943890569589,-257.0877826443583
1178.2127616358177,786.0489556968349,-110.68746072994097,657.1815112147581,37.92908982608442,657.5177853799263,2147.9425559153387,1468.1120417458758,739.7857324338283,1256.3077576191968,1387.7727047743972,15.997881599219816,1798.3324841364013,1184.6853781289187,555.0537961439163,2093.236000332415,913.4457694871553,-106.22979698499671,216.0075352594335,1556.5348185161176,1375.7472721978872,959.8257415646336,26.546326966047825,975.7140613284256,532.7202125112432,1270.4864385003195,86.43773773924002,831.6235912210965,389.9313867522322,951.3779367746198,1279.156338766055,95.63785128157448,-75.2194012984282,448.34972543966177,635.0168020903952,1388.9547727130164,905.7920480742467,1106.0569800096227,1467.4243391141906,810.1607681279093,956.9081204418791,559.3129993651612,616.4546529971291,80.83520516764729,280.0403935708084,1244.8322468775805,29.595052531297608,853.9286202593865,493.26185200724774,1017.5726146378806,300.35290113261226,965.5252574690899,118.52425701215812,1354.186127800158,327.00723540734265,482.3368448386683,603.3792885806282,1658.6797593323176,-44.378760729524096,1635.1771439596216,479.99566194576124,1779.7943377316271,261.50988402983376,584.0570898130247,455.27730171050536,268.8802204779202,88.4981189997744,846.5034940776534,687.5704196179238,6.228619130472646,3.9689610594524876,1280.030828056889,802.088577599428,1095.1106391596422,903.5563927088087,1159.8821237549537,-124.86359028834462,1025.6956130009953,929.8789386356978,1258.4260054823774,678.9641760533682,559.6877653715289,747.393286887721,409.5550569387059,1084.350850534843,115.58845511922266,1244.5725507923191,701.7724957627707,667.8986631551851,2115.4609085040447,558.4325974308601,281.0147817289681,1037.0197115400297,1297.0751757122446,783.1841364650844,-267.77428954106733,1187.7639212715233,342.2096923243467,-15.615125925247339,369.6645147926585
926.1635971468095,-480.3919012217304,341.7723415596096,-16.085262956467922,710.3022564130744,60.12512471650612,123.72272574547868,-350.0834789451449,296.2382794916369,33.234376440845494,-289.868002546497,882.1665972843048,-100.06961280002926,706.7668098213027,523.5068841819042,521.3299127648653,326.08449180174114,389.8698454749532,465.2343858679689,-287.7784634298904,571.2587415412652,180.72983683432201,820.4011646506005,175.4278169771063,-158.54554323605828,87.20004825102038,158.25098379179502,175.96456133548068,388.85953001331205,-319.2422988187637,129.43018258340499,827.7417140073441,691.5868875938444,394.806245373591,513.4949592134793,827.4608399836162,450.2684075468784,-244.47927241663564,-493.26671202100937,665.0045030592919,-300.69168741862944,-190.7603944848183,-55.50111407585008,599.5930528746732,358.3968109213343,-725.6868815484981,512.8365427519315,-419.46849343892893,281.1254865964244,-426.633879998975,180.51286940838276,176.91271604399432,966.4101956628685,231.92166373949613,-379.07511240153065,-1015.6665726798143,1187.0009474152607,-239.96222325548013,95.6560810485111,-29.97684614830092,897.1856374919334,-278.9923103126467,495.68298225704655,154.8409642386839,414.9152635681684,870.7644494150435,-171.64809398744833,1135.6825689036777,-498.7693652357516,375.91470670496386,472.43205659355607,-246.41164970628665,284.83643482624313,5.443154299132623,-737.4188351080641,386.88398946840243,1491.5905794949617,-85.14643051428317,-95.03734936291052,-98.24498868215169,-952.8126763557736,535.7263044000683,12.08270174483641,389.81837959686453,292.77002226235095,704.8753475859634,-25.907456451871,470.7850331099192,-173.24589872789088,-195.52057752918688,505.44937099194294,295.8477149479772,740.2128999990807,445.2342837507572,875.0517347606018,1413.2080715506327,436.1905785019472,615.8351347267131,1137.3502344244928,658.3233623659168
1009.8856120818363,768.3156659940345,509.12186231047826,493.39886281986986,762.7277125618052,536.2853566869941,496.3659643151014,465.18345125005357,742.2250026648425,811.0550197671477,517.1723112094634,214.50624705026007,990.323435449057,754.338646392305,429.8303925957748,1775.0618461387644,465.5171804008754,792.4098956186931,794.1308013945969,1338.9224706688715,895.317178604357,488.4074841291728,500.8934186143963,521.6969920143756,657.5767427417996,283.8957942937987,654.1968796300989,581.9247587348274,295.5913280390946,602.7384750944195,878.8506875995948,880.9970730239027,723.1476540438189,820.4494945412202,777.0952481066028,450.44538846843454,558.1684495095867,1325.7401605886803,451.17118025381774,425.16480196739053,689.234172509922,1151.2590659491252,988.6222677923105,366.473016810301,327.0012771911204,1044.759119918654,674.2121544800539,723.4615137873067,1020.5837381864113,616.7907939809969,374.5017410134461,865.8381819787913,1277.4958099708676,513.6873210688638,811.6367392207412,425.8366928569895,907.719187542059,670.0357161910363,300.40175490788744,992.9176125915652,1007.081020742756,430.29552088608006,364.39028936732024,1451.5827111906408,618.4488392589633,631.2543952010994,161.2315822349906,1111.5737356808665,361.3739195014727,717.5781447111505,461.4579213669123,1228.2348208311596,516.592138369622,1099.6878608279667,813.479173266292,711.3661521651222,698.3461799964454,365.71698659345753,555.4442557135327,440.7389136062168,511.5044706354436,628.7328685051936,477.01625648151065,368.59510635351234,1949.8078775549413,599.0753771289523,554.1299474323471,325.0510643376863,185.45992365136846,1173.9171703273403,467.20836702795174,239.72930524018625,783.3946107044648,843.3362581131024,396.1205482570907,681.1693772156154,529.1084770527123,479.13343331619643,1057.4227053270897,676.0618010965701
-129.8713811385383,-58.85005891578642,78.24607711581687,364.42039991409314,-207.447387301655,271.34889404797195,1317.387016837388,462.730204272017,-83.98069303584687,-125.61898972052511,-273.0010652892835,1748.5725983656368,1012.924794058452,-34.657226109534584,-38.16457134107393,743.1247649483726,737.8713271149683,579.6343107582722,77.1054902718453,614.9803749181808,967.6059341352146,751.818628601408,199.69821060781038,-156.33978310544035,139.70007651161737,369.26671997061595,-232.75192240402205,33.61457860811972,222.02999627308438,-154.81680982973424,287.0914465898286,-175.54500479962803,-80.87232580157722,74.49141025817511,564.1070497333302,855.2546189482964,603.5241932030556,1170.091042931315,247.85062210541687,397.0539962940882,304.5820094183237,407.6219410986079,2058.6890604304363,5.606153269628901,158.5319898944582,674.896480141352,405.2275244831476,-395.94502288676665,380.27171142721073,-217.28642806380327,-216.79817482848551,670.9250085290994,-225.80084041004525,1095.842937025671,20.344491606925526,-105.75944031101285,1038.6288830004064,-506.2848131371814,50.246054518845426,376.61759012612333,245.7612823774305,618.3478955778618,413.8720161746473,291.0679520900259,133.50949103046622,550.5952542692567,81.33621294706194,-385.91213948435785,-288.26817976514394,-120.66083450251874,-452.27991744423986,-216.25881167839248,502.2146255004777,-615.3054460922184,-227.06207543738475,476.8341078641394,210.77078935314242,839.735252517455,78.48619028604466,115.12647428568232,-622.9289621113415,161.33031467237015,701.8351291750187,56.78093971644662,261.7759701862449,193.91183508702355,-16.65927719832068,378.40525723636256,-317.9388431755734,256.6952115144147,414.59390660918996,87.00168126630976,-193.57915829077297,105.65547658679432,330.1582929732131,491.38618975270543,1590.9687829555546,155.72294935540566,-653.5687734066832,94.9615949366133
34.87221138134124,-490.8168870419134,-248.8365636607804,-299.65265739505656,-395.5801196011075,-738.091886475314,-2198.093917029877,-187.49330418499986,-663.1733955711234,-417.24300329679545,-307.32430702657985,-682.5661170118541,-1180.4932408689585,-196.22593238604188,-413.853458662275,-344.0905258633485,-619.010436158441,-285.1477807093706,-660.3801398913519,-1458.3133913381423,-1037.5037473223556,-610.97973928425,-432.71044923131694,-861.1661118820009,-436.33933998140986,-1005.7514140377172,18.12346581343645,-695.4166877234113,-164.6274272128882,-438.20459071092824,-518.0039736240225,-48.6265525658805,-170.70227011332588,-297.6366812832292,-15.978058602921,-676.4829409681155,-207.1485726273651,-631.9723227696685,-1006.2450777740602,-545.6209103760591,-323.96033176171045,-271.3435900925968,-643.253800781685,80.5454230653727,-381.28318367209795,-292.3399042873529,-303.47348171579785,-554.6123945033696,-252.94150361207502,-345.2305588298495,-222.8798814878132,-518.4231914051209,-333.08021706369544,-859.6478294556191,-583.7232296121389,-705.6357006233698,-867.1708363774297,-436.60811441250314,26.805099215675778,-221.95192893019347,-504.4359224412102,-1207.2558107234772,-156.43883517380945,-498.3720359474846,-254.268153174783,-376.5119518379555,-364.1153166682931,-618.4949671380984,-283.09218063608455,-79.3134582868612,-388.5118952718432,-536.1283371930451,-424.1119699106084,-43.06713183968811,-741.9156084200358,-215.47336733001586,-394.97925910127094,-1328.6651004612274,-187.09584082543566,-123.35750623399473,-168.08464673278075,-446.72386972445935,-673.3606104625052,-258.7633351445849,-417.01139637940315,-52.093160323998376,-723.0809770859545,-559.4319986874173,-147.02143606926006,-211.55370150498672,-754.1747977325846,-369.2559138455014,-430.8859693740825,-517.4535520663702,-360.05081051839835,-311.4679417656726,-1698.7571355201567,-331.21424905249205,255.52144084788387,-372.7517155071882
-545.0381672203894,-175.24860955840887,-122.49367664261567,-1.6505703220078112,-364.4280951392628,-141.44968752361345,-392.0199792112225,83.71558091946123,-204.83834666126478,-33.9962146584178,353.67860499695024,-56.25983196592949,159.27374621250277,-743.2391873041308,-445.4382996370729,-327.09402553441197,-1308.152522126376,-317.9790487720707,-461.7763516437424,-383.6952148078751,-688.8112267144519,-300.02557390577016,-193.48725135871396,-241.04258544404317,71.41757248244427,-155.69270835016712,-308.4087138600946,30.59176234182094,-273.10946015531465,-218.40753465920224,-189.61015075058353,-765.1915563667249,-351.26287458849816,-630.6218252240066,-151.68711455824067,-107.0259562326286,-466.3282372672558,427.06137966384296,448.1866250050944,61.36912877207205,-19.747299196400643,-236.33331530950775,395.2922399821003,-222.62066402112856,-643.9675926590023,90.25927614178906,-124.40434418173183,72.72650219944119,-5.586070299721064,41.081135589407474,-285.8412607631862,-402.0062368051754,-296.397878442686,-120.20938887123002,-648.28735655422,-7.62361248904028,-1054.9647312429947,219.46454171840523,-398.73566852640084,-244.66304065551742,-637.243892340977,-150.9211876694739,-174.30708307713212,-502.6753247299044,-334.4300233908011,-571.7422107972336,25.38175389221742,-959.8293215574513,-80.19975761196038,-456.0345790652179,-209.91396075330064,187.3953577018018,-68.08742527961715,-402.32095586923236,-380.8502452700885,144.2596135398267,-276.5307214045697,97.32048681539912,-67.28885881310873,-162.3693646510499,29.052488343061597,-622.4072879340799,-5.888403426105221,-162.68364588195917,-1039.6531603095489,-290.2013186978948,25.66506965834281,-259.7474955346562,150.1503939401685,-475.0289086273658,-585.3170014727636,-273.08900356388114,-276.18366609040777,-274.4438318489255,-240.15388998297007,-593.7139587892927,-35.300778935308564,-389.4426455590618,-570.0059331427117,-377.6164888164991
-1235.4721587443767,47.488422261647806,199.75458987718213,-238.8042117694231,-148.42367395992588,-155.4106845296117,-716.1143088355773,-531.9537801941276,-154.8465751329591,-704.7211902018649,-695.7512453456332,322.22605360889054,-1709.0634811953262,-832.1949026567945,-338.87708637761403,-2020.4614169451422,-317.5967330492676,150.09699100955928,-271.8010235261577,-1473.2727755539156,-1675.2640922937865,-673.2065775878367,-391.4518448131524,-934.3090003941826,-106.46267860105782,-319.75027080459546,-142.05457671483796,-134.39216337427746,-463.92644452792774,-475.21444821450547,-516.2918993638431,-417.827072003704,328.74749257779087,263.9834787827412,-885.9992625721752,-2010.9221476328532,8.644458322826125,-1264.8395415670889,-703.1661738358601,-538.6505148632032,72.3540868590033,439.2565299440265,-395.57041177462935,279.024871045507,98.23706842446036,-112.37022936094823,-155.58729959905747,-792.3822462158782,-199.89222626268554,303.0605534880724,-102.48565031729306,-1030.144426589398,-259.08432940297956,-1017.1340521906891,605.7918292703629,371.0859027671858,-105.84942956596377,-1295.4679196835614,280.743239311067,-1372.2196570584665,-330.2254307891558,-1497.4705860046658,-15.363511183334747,-867.8879594808049,-181.78335145166895,-100.13677197319475,179.92649566121028,-783.2148084595007,130.76761581130287,337.96137415041215,-56.05532301791928,-981.5841935810686,-731.4882825191821,-553.8123558775866,551.3900077448153,-421.5457599492319,-428.1042225918148,-317.57790649550884,91.78454753341333,28.66214908948283,33.92086946734434,-35.15617112290064,205.42790425491438,17.24897619478197,-1055.7851259278455,-61.90774546782372,-1309.6394844892322,-841.1452661914574,-217.29096858860123,-1593.8410233156048,-188.8692735057231,143.57656328094154,-621.4489118305572,-590.8359460663783,-1127.6334365195303,-524.0759851079264,-1204.5737205850955,52.214739890858816,-43.07930039274121,-202.91132127938621
-613.1113953840775,-496.2763728896632,-61.52908838508003,-187.09344598763428,172.1246685324478,273.61550348990045,-518.3660852803483,-354.25917294328946,67.1411722505392,-702.2536808249371,299.79449923298705,-704.4191270903211,93.13075701284995,-664.966369672659,559.8110162659381,-1273.2255053567949,-58.419671102391774,-44.39751722836504,580.7493429517527,677.123778799999,199.87885425657035,-380.17138449177844,38.75758910277298,780.3145975297523,196.0046388939983,-43.278857109868206,-538.738296431285,85.9098247495772,-173.33132755409838,225.82704583076466,-134.4782143599873,-366.8713267307008,-88.14399337641176,-85.96085047552813,-265.6755764260397,296.60965760252066,-840.6043955646234,-657.7658499607903,-56.67492204652954,16.606780899002974,-665.581590075386,-1402.1107535731269,-571.4483809667428,-514.6205160923419,-141.46249883766433,-837.3873380668373,77.22238263231601,159.11229746832214,-56.119844974679694,-239.15374513882577,304.0870491027349,-1038.2524928163564,-95.35502700338427,632.0196644916188,-190.23095209552815,531.3303119866216,-1665.9364237913903,-289.00255116291027,-83.89176349745813,-911.2906583550068,-225.6438794922367,396.627241143371,-582.465478399694,-119.83763192101497,-173.81272027790158,-627.7739040961599,590.8142072228816,-421.1447165856546,339.23713289231284,-583.3964121653189,568.8594491851709,671.8417911990573,24.42112800769461,-504.39828402390094,-17.645138576685696,-585.3493031367743,-3.867531910036774,31.614620675060888,-364.7240280008048,-697.2427514006218,309.80179170803603,-364.3282477382294,-432.95586652892894,-119.03418984703866,-495.90796715925114,-727.0907968621157,469.94834200276233,95.32007841392844,262.4533300645729,-95.35943767863283,56.46391807857118,50.695362050775664,20.035383021950935,-820.0244481098814,-256.6592483266244,-15.49046999188745,1123.537883815205,-210.14541058584382,-919.3138835430293,-291.1514055170958
847.80352834612,1386.3383861754544,414.022363207434,350.90596022964615,632.449106755618,651.9397975395916,2157.646661552365,279.1339947290849,906.1224275869452,1383.0701744907687,-56.99074201818544,730.3226822452013,635.3885227769464,977.5918662862633,172.52957407781312,1378.1021295439386,1148.1464774452204,689.4987850764861,477.61668643194554,1174.587488084444,2029.2463842230936,735.0580175330679,633.0861952213818,401.387232982988,436.2073822241933,431.13041526230353,894.4397252774518,480.7739027745938,202.14166053410125,-28.42709670548356,929.0919016997865,774.1226406769437,493.30804198495935,589.6811040835174,166.2016145885116,611.2909052157092,605.9028536379926,389.0014283595719,347.9081442478447,576.3014922879973,949.3577924871577,1198.674132695399,1272.5812580881723,848.3407729177676,555.0362870078234,854.5412304288881,237.934428804431,116.94437670226294,412.24202290180966,487.35931940276896,348.97088636979294,1577.1312399583153,513.4528592271453,380.2437090329204,588.2200772098821,554.1438017665323,2169.8371296223395,1409.3895589076149,248.23395265063024,1196.8737122484313,616.8440051437227,983.44461619034,774.8109738376129,1094.3105957389735,586.6146943183153,974.0168377465016,115.19610180349638,1520.5646457818523,109.57613041977731,629.647359841318,526.4613893458869,612.5443053502643,442.5701448451769,1056.8822136052204,895.6233883505053,511.92524703553806,429.10077973590796,1165.9852877783528,925.7525543299521,795.0418363799063,496.5823388515193,637.9774785897254,1525.7287541158212,285.2506107085572,1298.3308934230317,407.55413644188013,620.6251342093882,553.042927500647,365.5662065224943,712.469254924648,1058.5790481848956,291.3195908391815,564.973424292205,1067.7384685405054,679.711812179667,1089.4063607638677,1457.696666742052,348.5712482445477,1297.4622020762301,585.7154277137752
-160.65466747149426,-473.99719581899257,-234.55557992174178,-278.8490260432251,-283.2476441292423,-595.1298807736495,-365.6834524254284,-505.61227231494024,-521.159233509312,-896.1124714869493,-268.6342821523663,-317.68309180162345,-634.6962314886332,-397.47395273193064,-176.15797956044418,-756.7477125810565,-277.11700364427276,-373.4069173842329,-292.162850959392,-472.27923298792376,-633.1535792569863,-66.61269903391167,-551.8615237766428,-153.98599382626043,-283.8966348544893,-269.87006381096694,-365.8747118979303,-174.47242420397373,-171.41365206669414,-588.0585492300635,-431.5245510406,-402.26306487020753,-489.9556758054101,-393.0207594977395,-223.13026430935784,-684.6815202808773,-537.9752130954965,-1010.1364801788257,-255.19526972299548,-137.57919325506188,-440.9345793356679,-871.3581085479393,-646.2921123949997,-333.09501927385566,-398.6666540803366,-548.16692703648,-304.1570007671288,-267.1561694779397,-316.341764037251,-435.50193941372123,-132.37882058901587,-782.0803804666198,-308.55735026583767,-82.27202815962792,-818.0894484449584,-898.9253034418701,-761.3897468772019,-736.6986976561793,-331.20628393519627,-565.6189612285473,-226.8345125983598,-56.995486385654736,-497.55308830477435,-536.1360819969558,-80.67323770264032,-145.82778441786417,-170.45160241297762,-27.088198462449352,-327.5189881234061,-205.70687357655345,-312.56826940256866,-335.7544269281864,-433.7575690578134,-622.465941604489,-318.70227041698627,-467.0494654634234,-310.51937208239156,-607.9617881856407,-585.6613901035207,-339.4810674958507,-320.0763090668028,-373.96292481499853,-679.4055069020068,-116.27599986997743,-521.1843216444724,-314.60620433985315,-372.5230120346205,-204.5057942559932,-291.0975368345815,-504.76666389065724,-376.9057736868493,-166.25788122209573,-64.1781380621311,-141.02578311765717,-348.12870505637807,-364.5271074293573,-169.49096937919433,-106.51143368999703,-641.2516069402307,-159.79795394672522
1056.292450833641,559.2822563467628,164.64108055943518,137.41720203641586,776.6697382369604,760.8950761748392,-94.42148590524623,1631.0088318703713,486.52664354713585,1081.0534512784327,244.51689366231992,464.6860132432576,472.8175518292004,490.61029712015494,180.2018689691376,1733.0301297315482,757.8144414849568,471.2791992171853,185.5723643768697,494.3750652505339,693.0395129123042,735.2971855457389,154.08149998602696,262.8245541520093,279.337880628529,87.18957286251903,1036.1778707814715,490.28304125413547,476.7955864168932,207.81091503753996,986.0994517648708,1357.7607261694973,165.25988629366648,146.88329448846017,860.0294710001267,823.7552396127095,963.1876433170322,947.0169393319047,270.3721300907345,610.3030312472117,405.5209725957317,1307.9358801348246,298.1345943674571,324.8491989320712,292.85685007771986,217.84493968975312,25.132921298289816,-179.43939156108584,976.40083057232,609.7324477480068,34.55421972298971,1787.5970536077707,277.7214630013375,504.2865107842382,498.180918351168,-337.91507694293114,1613.7092719564002,1199.7547117043407,-44.543838005554,2667.457601857255,334.2278495237677,731.173494203623,940.3537947060095,1308.544549904,1061.7583657096093,967.9324673731434,-179.21374045051522,1143.0081420567683,-205.38775970592738,421.645475727296,-8.798394921161494,147.5407562716819,859.3625993755629,1415.4521304697494,592.2428264584635,940.3418196306397,534.958478510181,666.7926941857855,474.19098887871627,1043.9772248789604,-118.69926874715522,698.8986570778386,940.6815862061587,268.6293189161657,1038.395851903211,514.3498057808154,433.42543831325827,966.1860187724018,260.73400051241885,438.83255053266123,1077.8161091520562,395.7865409237313,882.3451290912656,1845.4325509593066,870.0049243006418,468.4718807725577,858.8396788297724,315.9331439236908,817.5199585361005,492.4923403783642
1470.011114720034,1159.2032453647798,1133.7581384861946,675.9457435245856,1024.1782549101192,1562.8348470712338,1847.0968673802763,1610.9732189863964,1385.7058120300126,1987.6449489702259,670.3496428106014,849.170509366695,1942.376229070796,1512.375920640464,186.2223902055425,2131.6307001896216,1251.2093378416323,1281.876831144833,1572.99590321005,64.6013966102536,1066.5138794548584,248.54490328545648,1568.438768003044,559.7442013882555,543.8490584069912,1023.1513043242427,675.5422310961975,1221.3187879818374,872.138704457187,629.4491449749798,817.3871086427864,1227.8962755203904,859.4202370577967,829.5427100576605,739.7329276532167,1134.2895391360073,1072.7283534584371,1777.9896176447992,1012.5837540396993,1496.8026122582016,1495.1425627318945,1498.0482136957576,1732.694722484293,472.8965295704296,623.2053220258473,1687.880713885226,1029.1845353906322,552.050479914942,594.2769021645319,896.7515280675746,384.459779446417,596.071389071684,1510.3898984662073,796.9150715701679,1328.0137028613317,-14.425414410382908,1339.658767073903,851.1680003464323,177.00232749059094,1492.8557394749735,1599.3117164146258,460.99875199820366,865.5219728285335,315.1359453772996,1076.96200019218,1237.9691290370959,159.9762839231495,1593.9953447327157,38.857740698516785,534.845179417942,231.23379301383332,247.77421999319495,1110.670227099442,682.3458897860639,916.8269186689795,1335.602274102358,1116.5601654125403,1154.647862557789,529.8865814741647,775.1910362861565,441.5919365418429,782.7279822529041,170.75571941165128,413.0397152316987,1608.2079941222246,1051.1331685545654,771.4062141318165,653.0504024264217,192.64035882282775,1130.6342243715826,722.7458709333441,434.3672911034522,1431.6164754987944,844.901502607451,646.9038573262609,1879.247382367829,-416.1727993225895,605.8089563154425,1824.3561266030583,904.4910076917167
492.98501488100305,564.8188329534348,565.3110055286334,609.7478390632693,1128.307150939489,774.0977279014055,-310.2869619697145,957.703343719117,832.6704333080643,857.0986067224877,70.89331648740234,697.3790831806187,415.4671488743077,762.473490450457,451.3236641773909,814.8865100891388,89.17776873962298,694.3613333531032,867.84981534901,929.3415229430459,861.8573135577661,683.051883349002,743.7033257611372,584.7185249082592,686.9370706587288,213.05806864780533,587.937691883645,559.8636494840314,497.23957416270196,672.9980098395955,1006.8207156871554,803.1511909761398,925.6339441069345,862.0165035089451,408.78780023859827,854.7668489868697,1276.1847718772763,1158.8394536343058,156.7193632172955,702.0089522130364,482.47274451574424,1339.1863056944264,584.3673710869933,571.546019455185,588.1442511776947,772.3251871455213,891.9499372210529,376.33958722119377,1192.8574404757271,770.4460098811833,268.6379855744659,841.4550701295144,1220.4125773461024,615.1959332552374,1116.8568285794843,401.3983506931964,1351.1460668590055,-113.99478717372565,356.5079612504873,911.4434220721099,715.3768721767372,368.5698642200951,953.1619128391923,1296.6717883875235,811.7021319270281,1015.3030045072807,371.321162317999,825.0391683434215,424.8366894027909,499.378841055637,557.6181303862811,463.0364515917306,950.7712122133697,217.10091340802606,750.2342944821982,1011.4804053398673,1175.6067089449516,704.9291900603677,781.728076766891,896.6090430179692,88.70067343571507,1144.4127088707314,135.77063069149116,721.637093688827,847.6520522940536,930.4129627643307,480.97291848731464,426.44646088800016,129.58556079461647,568.90202059861,1039.9780530462547,816.8773084857764,600.881651214542,1069.5112948597537,506.99410948931103,753.9560730402728,886.0028697232743,629.8260261122487,934.0280583829947,581.155726306456
199.4035106788639,488.862494517737,258.95826971727325,300.46203265116645,103.3075772032418,404.34681702194996,2522.1998330343677,404.7838271656266,222.77684916409825,971.0275513943168,1020.4973004315606,305.2121420160828,1203.3528429689525,868.8263475798834,424.2139243836271,983.2378077410337,535.6567164583328,110.37110263379624,423.1031476238063,828.6748860199705,746.8942109386569,-190.87509891235712,686.745183174334,455.0804063995912,164.24679863768674,616.3340168924404,228.48169539963612,302.269682171474,39.69162628464838,1111.689641666012,-83.04842426971928,214.85906569714604,379.180375211024,552.0621339009992,643.4923220479586,769.7760969629417,268.70702099617614,689.3868047398395,607.2877579824645,-20.322531687809587,564.7704108140322,1058.5860971119212,1030.1607787432545,33.97558286592108,489.8101962555646,1243.2479271350694,318.826963631321,1066.7082810956188,-209.0963235294122,498.2621038572765,311.43325287352906,329.45134426851297,366.05379310011364,349.30662122512,598.3722323343547,1033.7448050828625,695.8028524504084,1658.2351993100708,396.7224793143618,550.4516499244575,619.6911090881473,393.3272106482964,74.5762217910138,55.377061550647305,-374.7518381532991,-436.26197534148827,45.003763063509666,497.7295735147791,454.0233004150844,288.32856477479027,418.52147012923814,580.505352720708,203.26897356478193,903.1625021472366,213.45425085520864,359.8906509867491,108.24483176807715,214.07768128116416,538.1561604250535,-72.16799765598554,556.9042398786205,117.69273729268076,854.161868431798,140.67975773415216,932.25366700612,228.55499218092012,493.4381140189697,58.263888879231594,430.1513452622636,843.244824959532,-120.39345369855155,178.65123623875837,238.0700041265361,-454.2341544720618,391.91489422800333,676.8776727670929,92.20546884724274,-77.73730287334637,435.245667652656,3.1502004856678094
-305.06907721314514,-415.9159102116053,-286.566118107856,-66.60419891805401,-198.6899750016454,-728.5961022281213,-1566.6649406932352,-61.84085100429531,-426.2041487598384,-680.9404531956873,-96.52305829623899,-330.60544343628453,-415.88771973502344,-260.67975905992756,-63.115787673063934,-461.42819687802694,-1465.0916340812569,-840.7109051902053,-627.2955403407022,-233.5174067638485,-14.673140575135681,-40.6057930950056,-144.4636513979133,-271.8934752335824,-22.29790358142985,223.684788336582,-831.5326923902953,-211.85735873214185,-69.07428844382616,5.842387977940701,-161.2457179943042,-284.5908458478121,-26.008586591427463,-21.959408324743578,-227.35416460714313,-148.9596161151084,111.38718672610818,353.58911031566396,236.8049010102097,-87.90071629347413,200.9601350895679,-221.54718165783916,-101.13906681256114,159.4394547149187,-158.31575514577656,-444.9325419221617,-180.1862264014545,-430.9461963472117,92.53854325094231,-40.30241460736408,8.34817998861445,-13.337772275573453,-350.01987752218537,-288.68808310861846,-848.9068087906766,40.574314427374134,-129.6020281378409,-564.7919173909113,13.651683241188232,-420.8081181554992,-413.7364039249291,-528.5049498901392,-210.69010519787415,-378.9817019675841,-62.15430505018151,-92.70265282133114,-60.528365048726954,-1135.8432579355665,67.27374621618996,-283.8410258611097,-51.92713294955761,81.2149314250011,-119.38946316416674,-445.64751020206666,-474.7922359367082,-102.467807189784,-166.8189674922847,135.56061894997578,181.0982631729124,-18.685709881956804,-127.05589112099031,-124.01213670280289,-152.24739296025382,-59.47554085406653,-675.0994122208539,-55.49410726521619,43.651832647030375,-197.60756421417517,102.94807992487267,30.845418829545373,-350.11089874571667,-139.0317416335331,-21.001791091614486,-294.62792862356014,-263.34844390073283,-154.52240996056088,-647.5027621375515,-140.69545638495066,-418.0823225941568,-78.18503028239176
-565.6877432512811,-302.93016213274865,-494.653876145805,-27.596673106456446,-821.2352907187678,-868.0177980649165,357.1372682092608,-1240.0666275530737,-814.2501672120954,-1056.8496782675868,-157.12058798815306,-394.29321708389966,-50.198631982226395,-779.1247766855288,-269.4488045106533,-1913.1923157164867,-682.0567442375069,-881.0923193445684,-780.2412930826447,-405.8374217411713,-346.0025784746721,-508.2030392569948,-725.5246383370993,-185.07729151936272,-298.2864400992446,123.5265223938532,-579.6976438387685,-290.8577660042268,-451.01103505893286,-457.87575590744586,-496.18449258357856,-1008.1306513794915,-486.96644610453166,-753.6839004034057,-337.85233378761376,-241.24955933068875,-1056.6779280425835,-980.3297564715807,-117.95067344341649,-1005.3372151289544,-703.6037226503427,-1868.2554027064964,-1196.6713022247723,-108.72024026503684,-531.4044690300407,-71.88966102689889,-576.8718357583052,46.1808868370638,-945.0144292058644,-744.540526338681,-236.15470055568105,-1037.4701441643786,-655.2997055400955,-406.3305792077989,-1068.8894319226479,82.75959783736728,-1814.064617384785,597.2727284225606,-141.00309020840598,-1471.614482962091,-1421.7617683777755,-606.2508211788626,-583.9810577708486,-1239.0996557528106,-816.6029140839527,-1051.8356288228642,-84.30071319155212,-1197.947238050405,191.51846900520772,-468.3969214467292,-99.87430771636996,130.59569762667223,-539.977689345759,-881.701407079805,-804.1860784775312,-688.5316066521663,-822.3245671706164,-753.5255692249733,-472.3177359588871,-398.9809956543089,-230.14982918908413,-767.6362785466823,-237.8269736315616,-198.48149665584398,-696.7850780814796,-592.862762594924,-20.867607902274308,-510.83034222918536,72.65560946303184,-780.9112746925747,-680.4555080285157,-407.60885289620904,-1419.4860502219774,-1187.8065144531397,-87.05334006198628,-1092.195973221393,-762.6139994929306,-393.98844804994724,-1141.2923340093585,-442.2991739855108
-1452.868718765483,-1263.7822764130933,-347.6613317081724,-521.2444384127328,-616.8150422421032,-817.9098150049393,-207.5078303990278,-1837.633898899467,-537.2927471584886,-742.4029073645017,260.0820789785545,-959.9071046036154,-1019.4968925333085,-661.157938093589,507.0481908613719,-1418.6403911182742,-809.0544145902031,-890.243307845923,-470.5095404943209,-42.473381459548655,-50.253316476605384,-306.7867456056396,-229.2031028674675,147.34113871313568,-598.6774776710704,-15.269265469047971,-761.8917879971732,-936.4594123202851,-755.2710192585002,-185.59369788332907,-1164.0720799948604,-929.7305723749951,-404.75808032296175,-16.68841524226554,-1020.7416929429252,-996.1435100630254,-946.9477568701948,-1182.56675507262,-32.09060624460033,-547.2842595783328,-819.927072194331,-1407.573580041526,-624.7636330127833,-468.7159799607759,261.194660249527,-1095.0075281831985,-579.794455256387,158.69314526681575,-708.5806159664327,-516.2721015680537,232.51342980737985,-1024.0528243358792,-827.5813281306598,-310.5852413861076,-1035.1969324130216,717.8880530428023,-1046.6686617157,-152.71737749898648,217.49008494808362,-1237.9225983153462,-611.4461907714189,-148.67264150950115,-1126.886634181153,-1282.9466558541442,-1228.3467748141195,-1093.6080557678447,40.660361306731,-720.092747899589,238.52595229867433,-219.51307807177656,615.9999412064224,656.9332426178286,-1229.7633798282986,-612.690015845721,-632.9414771086313,-821.6403791510334,-723.2358828150966,-793.6113976938784,45.34550605641801,-1206.8803412177488,633.9822304215779,-995.7665559572939,-240.40355244708064,-158.6196851896937,-875.3018451727692,-913.8173947859326,122.38688186841642,-401.4222924091538,278.7545492810337,-72.98466609963025,-1088.3934852673,-464.5679870874842,-589.0091590695343,-1336.1784797879784,-448.996547996547,-222.93214535674477,-192.61253289952415,-348.1732133298041,-803.1298970944982,-595.9188926982782
-264.0249837922338,400.60845214455935,309.30197965205423,229.0772545247146,245.76881382609108,427.5328294752529,1003.8081105979119,746.4254177445723,-172.74054405028312,-206.03981319330217,67.92973376388919,43.48152608069443,786.5683756995381,-238.42665744215233,-326.1825452693227,-326.2973800791921,847.113497759346,-40.613736434915374,541.3998896571113,472.27499532998564,994.7070666338088,-6.303744200322783,87.88714485383517,292.2449206598576,690.0331335733614,694.8429628330065,-97.44083795382365,293.44041359173576,292.45186371604336,468.56216003794674,964.3165264045174,-678.4126513212168,71.26431057670644,151.7124347946706,570.1865266681995,553.8125854218629,622.2947680509749,603.163108706141,436.1543541112542,-92.14146482198797,566.0034328735328,-360.1992508860111,403.4405191307729,93.79042060827568,436.67408622271927,564.4781277999283,139.90043223761816,-561.101482767017,536.36847767193,174.28979028447924,189.93329060053136,161.66735625512348,-110.41097931730627,199.62849451722423,-269.19111148795395,85.1677150803463,-239.84914505589975,230.95801446018896,90.74312387955108,250.39637537111935,-839.421441696069,957.971028942334,541.0406934813316,799.0279788712728,504.4135851124938,356.2827838116717,522.0694845627269,-1512.9266889724945,-100.01865540656868,-465.1714388717592,4.962639403014582,661.1531787035651,706.1258657026885,444.84175818640847,290.62857535972233,341.06934259499474,1.6083773326864332,1214.9252394288435,-101.69970668061781,340.3415730765617,482.1611089352177,293.19203201200986,124.22173795368069,81.48639836150733,179.1676977296363,236.6684698314971,493.20142702652606,459.40976631988804,191.23117862274356,1713.1396479806558,956.6885171190153,114.53679005711795,-45.93911609363398,1050.8124808781279,2.3186671726888535,-26.51359975114912,1166.3662757456214,328.61749592059266,-150.3864373727129,182.91559848241758
927.0428659277195,-310.0141001446239,959.1957434901,408.1149561839917,1345.125784521587,1023.4442375306536,230.11701394792192,357.006257599804,1705.230989074164,1810.3409086628176,308.1605037505833,502.90734228230076,-472.56494816491534,858.0367022779986,913.5771038697018,1196.6596301191096,259.3453263457698,984.5298433817395,1720.1371359390262,-379.92631514484185,853.2077917579734,802.0326759127626,1369.8817467975748,253.0238774899474,645.8574966189163,415.00210425712294,1051.612692573637,1002.7398556214231,996.6915907057922,577.007925232386,1449.9143924394239,1771.449938369602,1344.8029899263063,977.9812273147729,363.6524109011515,478.69105753873265,1520.825217669868,1475.7122744451126,919.6381961049439,1760.5160779783319,939.0973354261748,1934.861014439738,619.7671101413457,699.8420402504685,926.1647161802043,1079.37570396408,1181.3646931256085,274.5297174841412,1264.1626954379767,1190.3450890647607,578.275494964644,171.62202173025625,2015.881277608764,913.1486200154463,1804.678334592074,100.594820835599,1287.1187552177093,260.60782599918343,147.33449167697222,1010.2176519378803,1886.4210938337292,691.9169693749906,1586.1990600740626,1.6410308600535863,1595.222398954501,1952.3532076343206,501.79223298690346,1736.278819938389,-453.75701031169353,1101.000997543709,734.022894041129,708.988238984337,1032.584614318734,1130.851794405856,1093.7113308186508,1490.6081730684589,1600.746410009576,1263.129607684497,212.00808681985524,1375.4432193365144,-202.470886097145,978.4601388883282,594.382946139482,632.8589109374174,1333.5274196103271,1556.2538404256966,114.27071437762127,962.4859465795806,504.2468755609639,-819.4032412619737,1727.0499387651562,360.2516763360305,1954.4091253161696,3100.6239293488247,1004.1506098800808,1470.1305994350491,608.3646080036253,826.5584489837885,1964.2297209956569,1230.284503834421
1113.7806629860363,704.6224672144665,974.3277231506183,377.44519245069193,370.0636421319352,996.9998001274431,-20.219294759620002,1465.2745290342732,575.8391977881702,1092.67241069541,186.22706121317935,741.772954518989,403.19182499916286,925.0933681567253,-433.31668252112394,1187.4481430444998,1520.5560299171013,640.7756941947277,512.7471833077908,-465.88140798468925,85.68517832562351,698.8825360440826,260.7299569134589,335.0820467927724,329.20686046345685,-182.83970005666234,1389.9603758238197,275.9161626640838,301.26866331447013,158.96492558495245,830.9358735548307,521.4552331840811,316.5374698594959,258.34530534357344,624.6563381178177,230.24286069681236,769.6559589897454,669.1082448199472,170.1503536675186,516.3464536404834,446.6476618590898,1059.3702337116108,1307.666268204156,224.00844158074335,465.47582651381276,600.7864973985351,282.98576026930994,-37.33898340926621,469.76472768490135,762.6698827921869,26.803703224379642,1077.0987087110407,354.3573452781268,127.65420328062005,612.8744618014063,-489.64206360792537,1173.6115551455655,619.5337680800315,-48.29964642467097,1262.9341655014753,55.17867737265913,566.3392393517244,991.8060505937007,743.403933061045,936.5051616426742,777.3215857904258,-27.358272710463307,674.4406293002718,-452.59960769786863,439.66123612696003,-113.59777261385535,-126.92204001200749,562.6505874613067,375.94021434917005,508.1229326552114,1020.0594793641995,325.69929890146454,662.6087230680853,214.83308563645045,706.2292158444652,295.0681641389976,536.8502948421068,797.0802634306435,283.1476992657724,746.1316131968416,588.2308287157146,205.72404437613542,295.8287018339739,-227.25060717703218,733.35790185314,694.8204417351835,210.94208549306816,353.41793542322404,1187.4007221654585,241.4805516722915,510.65295141480823,212.96477891756294,357.5773630266297,1742.921037842518,470.83472963775785
1095.327058852251,-394.2468687488425,278.427247902978,269.45888714847104,1000.7599472625104,920.8263559527459,-33.86087034892781,1395.8711208075383,856.8736859910816,1050.5457039536836,659.2373928623966,390.9955667107394,309.690861453521,333.29701466631866,705.8471444346396,923.0084542630404,-420.5658090066914,887.7318957341622,1448.3453020900592,-598.9996161271854,-413.5634510650556,-339.63534482777686,816.6360405671818,294.9287207756529,519.9883260214311,1115.0176360170813,142.16250019234351,1264.784025438296,601.9157869611504,99.31704577710813,1091.9697507429682,608.6106960862829,739.7217027109474,711.6873869785393,495.4412606352651,702.5692617533826,1169.5949019907966,757.6455102362532,534.224570263595,1898.197647838013,610.8569156150668,959.4716868390516,-247.75451110352637,635.2125747396703,386.63083562227297,521.1721857632173,653.627504448103,-510.3562870406603,1286.6183616311496,441.33051525366295,335.8666555642301,387.6845031875735,1244.270284123365,584.7418070474838,453.9519655454432,-375.318233511961,275.7614353445637,-534.7301011357212,-218.2059121838462,1211.8658831734049,1184.7539094051233,-359.1374994662882,709.8149789586224,-262.9553635875141,1168.633490670811,1380.2443367121639,150.881530599655,1459.8947433538433,-136.29008087808586,251.0841661786459,24.75438355291132,494.9209429328099,531.1125715592414,903.1539199333748,893.557821294088,1433.5498859493136,1366.7896791555474,568.7240263869835,-118.19940875523591,1333.8495636116181,-188.29554805814848,1077.8795512789948,141.76135586988966,672.936379791076,206.53737781887907,796.0631432598631,191.85895536666317,519.2681154564557,397.92876768903966,902.5524009912049,998.0866491199108,920.1722162538239,1935.4687021194243,1515.28805999806,697.6721622452837,1298.3579009698472,347.8438788986567,513.3061319757766,1084.1179032718658,858.6790029607208
1071.2545042164982,1323.23313946893,599.9345380173328,830.5543999104364,1423.9087529033138,540.0428567460543,-523.1336019133715,1271.6014272208893,1072.4468041280406,680.0157501226076,566.7603080128143,1350.2764043883146,-729.283816513276,943.7220613157489,412.8513664829817,1930.2334568595456,355.8592151197781,1134.6130679848022,440.0742697671084,-313.9465632124561,-846.5018596772593,771.2897710340992,756.9191972376254,92.19813312104496,704.439712371997,-1010.460700624035,847.1229034273666,770.2531543123346,838.3078669704622,85.45258904850492,942.1354659945309,1051.6718614566344,1169.571036970255,347.1888645106955,1029.6362588432798,294.426878248395,1377.313278188418,541.3990799206354,475.7226484133987,1183.9647721637773,1066.1854810741143,1902.3364011734957,1357.225423128291,748.2423594283832,-48.975328698087985,707.8019094535899,942.0115205912765,120.0609211111981,1539.5889180604763,1128.9059672783399,290.6829466746705,784.3705316473,1228.3296502825908,899.9401336073378,768.0525621221032,-777.1406373528221,1393.8785394049487,-154.50213931249436,-69.26982204433841,826.2631476962631,1534.385418597466,155.98492683876057,909.1006811534579,1019.1979939670726,1825.2850021510053,1686.261332795674,-57.444725609032204,2145.545683410544,76.48665359690689,842.0510941854068,404.2839886632608,239.53254814545508,971.4193747289515,1299.5988916279634,385.5561779171207,1230.4433478563694,834.4785641369048,223.7532710476099,1142.6148810890097,916.9593490590006,72.0423378849569,1215.2709372524662,284.3338837440427,954.8771757933421,557.5310698564726,923.1842476379684,177.99576461446657,113.35571403127612,423.9410967409151,-95.6238319186194,287.7438478972547,876.8643517552632,1766.510867353411,2632.4566521324646,22.320321688376033,1203.5766583882378,-166.00180740719279,369.40662310271733,1206.4304189548195,880.4683823745485
1640.5206500900374,72.38150635992818,425.8635075033784,674.3271358576933,1413.3655509116709,1489.9496769175514,257.48930892513647,1887.1997927542386,1534.1927647779264,943.4563947213641,1184.5684846931133,839.7818885972629,2069.952440288177,1350.5406342977685,1473.8914978458422,507.23413287667444,292.28807171003683,616.211667171573,1189.150741487542,860.6452857523605,1363.1363643690318,10.138898584032127,906.3085757074978,1475.9587674923491,578.57433875578,2029.0709045848248,-285.05879420687876,1350.1347016752895,440.23337725205704,550.7108384493131,1231.1791162920542,795.360038024246,1164.5123494263282,1418.5803155334374,325.43611354673044,1985.8988144183093,1530.6770561122166,1041.4814233521552,555.9054914925115,1288.7199170338806,797.0763710965736,431.41035719808656,-373.20946159648634,929.2556318183703,679.626517995685,1246.9157943922996,503.55989109833325,812.7017508670066,915.1240848082572,652.5680759460835,824.3499092692158,579.8796812742112,1554.9405167976151,998.5596608006392,448.2628217010441,824.3003655165328,747.5944818558625,1494.1640065542397,609.3758943886195,978.291032704011,286.16883758300406,-266.00704608418124,281.1773846790285,717.579518166185,1038.1846945876835,536.8530385805121,420.06555781595404,1046.8287742292646,1025.194231980552,508.55446455639657,1117.8236167341306,1134.67586713486,632.0976986618404,163.65674282448975,990.9820868513794,1474.3998957744516,1544.1413270072026,436.22185033159786,1214.2779691177434,1408.155718845208,192.871955800202,862.3769782345806,925.5280138339265,1252.57736365784,1328.138007931487,725.3394453343393,859.1326293405991,515.1451238794235,879.5512153214642,1233.067781749579,714.4323710554982,1165.8890777067477,1053.7830751464483,159.2468340624656,969.7916103808483,2099.219547562513,983.7234296316403,734.3966993304425,1638.8461224617806,846.9991856383394
574.025964312362,796.3423234846869,666.6881862772916,621.6689202728356,795.9117484908714,441.42684160728896,347.90908276570735,739.6694150587758,795.0336709974017,1050.8301457909843,459.60587303403247,49.454408502192074,-371.23991123788846,608.3106379488529,504.8518583545736,479.2398619080264,-328.3325243399305,724.1416208982916,862.2236039244262,141.66966102911016,177.0188291547458,660.1400821650699,1045.7493002030267,587.1256019768803,519.6701644838787,-160.12795659954892,841.1020873934348,613.7682156000001,435.9601949496105,523.1353429768054,563.1134205641259,770.5273674279399,835.8654361861763,1016.2660008425364,485.32642632396363,284.90027977196553,918.3832323404316,525.2970389480857,704.7060040450119,525.7863776388701,438.04562733384086,1151.6399867442449,501.7274940907065,402.47719229802556,162.57682302026922,653.0623152665988,785.7136774424976,311.8592453733049,647.6182957611027,864.973700629561,314.2367468285452,186.10777607476123,851.7042376059563,173.5611871865839,1113.6869000479956,919.3527751748035,983.3987338557495,784.5898250498866,123.04971713546578,571.3807753135693,1037.3208667135189,-325.41445481061663,597.8909559511302,-159.51291406228216,539.8618209212281,678.500451088587,122.3701458447644,1341.006207474181,460.21667144194106,710.6804521404189,791.3557047381231,768.5273729786578,884.0754737157594,146.96554351860362,670.2732178861858,433.73369941435203,953.4843760493375,619.3303751248094,996.9786337753585,483.2432600215798,180.55830801739796,723.2386599620289,593.9730962000529,405.7842106794546,-114.86427214324743,455.3425469613851,358.14255577508015,354.6379651228224,610.988411086643,770.3259213757661,662.7393061594361,734.0305295041926,1130.5032104060856,698.880123031703,78.89387834301071,1276.933135128587,-473.54797135970864,363.7499529760037,881.8959602778502,512.416561518617
1114.9129017616713,1634.6196363229537,1173.0012562144839,871.4429528115124,1070.9336215438625,1717.2851495699779,2408.1350459020978,2630.281984473318,1487.6555313662195,1973.3019891788394,1070.0176000934493,974.0260113318011,1958.9197756282283,1007.2170816850985,826.6738072004475,1701.193646608754,1686.3922286169247,1079.0966274408304,1353.7962790759186,1691.2391880103194,2015.6496908809731,851.9773931878252,1331.949605197636,1054.935215606139,843.0495690758313,2000.4404586269156,1403.9595802516549,1431.18390781471,673.1245251033395,879.1683366308556,1597.9780767906357,753.4541466051413,768.8435014372933,1140.8430922608154,1003.7800494739864,1801.2730207451966,1726.0047735424025,2132.4644556046815,2403.91657413556,1483.719146897546,1395.592884557513,1551.8135938250462,1354.8013134466823,898.3734222075793,338.58538280850763,1985.793481309899,639.4142141394761,380.3892110621392,1390.5310733646145,1080.6959042434855,535.5051822687857,1420.589951280702,1076.0503554362247,1208.4844049306898,1040.534218700435,775.1456620557889,1912.7096798737828,2804.425917429182,13.05413584416938,2027.4729537543444,479.91068452430085,1030.4477704564986,1098.543876294571,1828.3985842385882,1433.169852955128,1204.530398570357,429.50102511543076,1725.783879664382,693.1287660150119,597.6141078696144,468.64399251053646,1582.5441415429925,1323.3253513942138,957.3429292035859,1279.9011190802098,1917.6171946750999,898.6587739361279,1478.469991132629,1397.0599576912352,1379.94487913819,807.8945530161345,966.4408349128479,2726.4630466852277,826.7656606441278,1912.4321625229009,884.786049536857,1310.2311688367975,1191.862624226292,1071.7464937647405,1057.1610308929776,1215.7455218619195,823.849939148692,1796.6456246862174,1890.0064617214175,954.2116785078309,1647.1360244623377,1450.8833171034473,578.4789803195681,1166.0814349363438,918.2082785772324
45.90509729125025,530.5743541555585,714.0565372016158,702.0693217651074,563.5110467463975,172.1609974411893,-904.9837955868062,45.583895828032546,-215.8111255767568,1035.6494591374508,-84.55752375479487,-244.56007052270644,-989.0717741700503,339.26285694092644,-804.0614398599905,-1024.0169427435328,212.87812136340457,149.86710245311366,335.47398677848815,-1255.5642866013516,115.62343899503445,671.8526866490225,199.891502828931,351.6165375542816,135.79843881179818,-470.3113620434181,747.6567127845307,5.692873175554186,565.2807295384594,-151.87196233128873,463.77531014038664,228.30327766946513,189.95822103534582,205.31470558262055,534.3903644080318,-585.0119070209676,843.6346319583333,795.2416522208562,-190.30910364897252,-365.56553012174635,504.3572236753848,520.2684782402156,243.1162058212611,208.95401487721287,413.66661358767857,508.1845389620116,277.7877157248914,299.78711842749277,-295.40302031053517,842.2415102411576,-228.7814594419234,-143.46418561828546,424.50554423983783,-553.1247816574996,1063.416423390582,481.92942326859634,24.865099008213804,145.0548928165985,103.97726836827145,-4.325770376381309,-474.1507359841973,-638.879963285701,841.1029718019295,-960.3142152659798,559.8087095533522,297.53785893333264,99.50146569828968,-184.71292942939934,-245.3392407557936,-110.63052792114726,237.90911080929715,-108.52583605100256,1116.2914574885538,265.8094400791081,786.0481934225854,-353.83622919296715,14.216365877909857,918.8101930091549,640.0317894821954,713.7240065596344,-103.92274078827676,-41.25135404767795,-436.3925299724072,345.5491714730626,-586.9861008037259,945.2040384203558,-437.72468506055316,502.83418993902035,-77.29221813195836,-101.69800541252054,717.0992975303739,-119.80200950142154,69.22131848457764,1301.848416637805,-664.3859153220419,-127.2025424136973,-1452.5712051000876,564.6830275620148,416.36859380891195,16.212374842529957
1311.038823221968,1024.891305755732,1497.5282631527834,1096.9489914647904,1416.8221155514243,1227.0977303034108,3285.9745539659925,2238.6218600976836,874.5104254754523,1763.2279322770682,1010.3460161604556,1284.4272399016047,1602.2288217900095,1819.2676300907524,537.135591705511,2045.13756197508,1303.07066334025,522.9753026050516,1388.061068272838,685.6360709313112,2508.6650523233416,1734.8533359062135,1138.707621065043,990.3584752285298,1188.06142204819,741.508558490406,1125.9972230395015,1035.9242411715759,598.2858826228917,1054.8891770674009,1751.8488974256466,1653.4195511300416,1257.9417778833838,1262.8445509991777,1120.9830739700005,2291.9530095208497,1374.7346036395604,1797.1611308459383,1964.670797434028,1324.8500027402006,2083.494293096952,1368.7791211112503,1993.2258002295332,946.2968698314785,1066.0249658139146,1992.3653063564873,1128.9578235147428,604.5848852916986,1492.9392723835672,1590.6471369263304,675.7983143671399,1026.065854434599,1536.3544256277683,1309.3312054658877,699.6030251996295,288.2567421013339,1704.2208993294282,2656.3331771245394,190.62565496368654,2520.452866894934,709.5480666206658,2086.377822774761,1834.7311343573397,684.3661494944805,1058.5846747461217,1848.770795097835,516.8829271784762,1444.435942341837,77.55355872265778,835.1305678426444,525.4685488590314,1520.019557287562,1518.1497505255572,453.3806248391595,585.3105497775803,2105.2745700964406,1035.4525465575014,1861.623785897857,1185.7131091777471,1166.3875595007205,1179.8956352002651,818.1636655479193,1585.0874261713404,915.609526976463,2783.7073486112704,1388.0838118402185,1694.151659648587,1172.926704800771,728.0523870819634,1777.1529398673667,1619.8351892288183,306.3257937107615,1555.8841692686237,2583.1985878760197,942.8526390785493,1862.0404291480095,1496.2075504976901,965.6676423066598,1293.038211062971,1022.4009393730677
1426.2326099987117,1424.894937499827,1514.5782900992624,993.6199268929433,2099.2012693237034,1480.3061847021427,1258.9768481177728,2646.9550926335864,2232.289518878105,2102.3967245315225,1517.7275166729526,1529.9914717469585,1372.255458575679,1730.768991456005,1636.1627432388582,3000.49976521593,1148.121253426402,1934.009749118625,2667.9662546107493,1009.5656881247995,2438.0814252823543,1212.8205081907781,1776.6190760524464,1129.1296565649598,1492.7116524952444,2522.7975931674455,1815.7450708699084,2095.1435286470746,1558.7073933265524,1677.272254351206,2514.7984369169285,2277.496009814828,1955.4652512799023,1855.3445671562001,1607.7602073517544,1732.4932376185172,2905.19340586433,3177.4476592027504,1458.215643278769,2522.60221198746,1980.1359819353884,3186.171799198328,3018.7623570013925,1171.530518944868,1209.668998871531,1882.429331738316,1526.2010257686502,-137.46065022024862,2490.3784560055315,1703.744610270245,1277.5068614737222,2460.040074325438,2585.1776568659934,1793.5286000218478,1732.5992853150528,499.51654673827386,2820.160685135501,899.155111667114,558.5646983916417,2917.648285832067,1819.7517173623332,1173.7057662749487,2061.3760258663624,1090.6674271177515,2537.4160469589497,2749.102744307213,668.1186983319378,2957.352661865152,269.2598598251604,983.0791691529265,1059.4181438126707,2309.5520889978307,1885.6960871604203,2751.2171480868005,1562.941855493234,2405.093442727336,2565.9819427920274,2054.224464791721,1381.1295111235165,2193.517851605515,1242.3604635876688,1733.3664759987491,1699.1015782120032,1447.7911711935694,2454.7310054626796,2083.595925806778,1485.2758813214018,1658.1311046178128,1004.5937295594156,2172.2301553636103,2014.665412570513,1125.770777201414,3088.312335406651,2970.209408220838,1160.2028942585277,2175.960941888468,1295.396401112019,1193.5698750819483,2978.743910966787,1710.030354818075
1418.8446654359432,1151.0586829190975,1420.1720120868574,1475.834050360998,1074.3308698900846,1048.0576396027886,1819.1899804348202,1119.644527104806,807.0124714444117,1512.2683885858594,1279.0410753719177,1567.2376399470654,2211.3308912806974,1429.0734369449376,291.9315390501786,1466.4801258178902,531.1495194036389,582.2237436336859,1533.5818950711218,482.6454415243403,1573.234608640202,973.406450982328,1000.9648613208557,749.943224275562,709.4125241069669,1115.2791176305634,1216.3452170946302,986.3717991444017,532.8471736170242,759.0342772117497,1819.3542073580506,504.3557661915501,1429.864055187697,870.0174240717815,1038.9092147837775,1466.5515297749375,1348.1173487452625,1818.9398727616929,1850.143921389727,1236.8035042651027,1299.145969276042,1202.172055843712,1791.8197323148124,1431.3563999542475,772.981067099622,2176.8661905853264,1009.0340899069969,607.7159892864637,1265.3169507212622,912.612701257096,358.48083802885384,1140.0867759522305,1607.9010008729692,912.4966232331335,516.5563154800773,-262.46762874092155,1418.605879812688,857.0331677382766,-77.27186402344805,1041.5944219714463,508.6998837425787,614.6485705314919,1546.3567331696597,761.8694570832598,750.102895925292,1568.220177397175,348.1772057589725,739.756990345501,-37.6011830788575,549.3034725605204,307.32042907062964,1491.09484141871,1392.6388559322888,989.2050592203503,584.2041895018167,2383.526799045481,1122.7010361182574,1077.7553871174537,1181.173892009777,1609.928595429182,1184.0443781221236,979.1784043854194,1744.5608273464413,1080.3019735652708,1777.8533382392425,1408.0575032013714,1918.8576370672124,552.088839291683,377.5377689542018,2046.328474849393,1001.1198982953654,402.9815823491839,765.3569904653662,1533.3121526982654,773.3379049997769,965.2782183749281,974.8809323849184,783.5487852640747,1299.4066916196555,943.1512802381735
352.83346904764807,-488.7756193450851,-284.52872670425893,-91.63757354358908,272.8427837408481,-313.78773446872003,-550.0951243051007,-542.7047654418084,582.0571299656293,-699.6830902275875,-134.98814255571827,31.21338065456647,134.6470658790793,111.00993433721943,390.60611672916986,-500.3171790638473,-461.71282955857157,-247.6289374898892,307.5591833492959,-599.8803936210277,304.29107157898653,364.96376262112506,-17.732556702308564,-280.1916577171656,-32.19357200572739,-815.4587077288501,-848.7132755915814,34.3683717011463,202.86501003488618,129.94970341252932,138.92406964890193,67.31401688498013,281.2162965447709,-4.433787385873529,12.58448131956839,57.79986053937137,-193.9815167984812,76.18659943100124,-742.3568925219066,397.98229094600043,-40.70287506844467,-346.8536817478335,-443.44636889518273,362.64871180742176,231.27698204545345,-182.67913597132872,116.44822800937003,-317.80340321159514,229.6450454331893,61.68879278675242,390.6314413803241,-482.6661764495474,150.6794217367237,-114.03789362804051,-396.4942410370479,-1475.8971704384444,-446.62422967959185,362.93968510351,117.67247757641614,-322.7434519223278,89.95788543936818,309.587818203535,79.61095457827149,-832.6678093165986,596.8524439513122,498.83226269180255,49.071845020647096,-443.90001083994537,-472.5757577237597,80.54892957362878,258.58329364748965,-164.41253644644678,-588.2615071703947,-173.0532222538872,-862.8733194370978,-433.79683216915004,251.04939788426276,-39.265759405054105,-441.49892124866705,56.17411546868491,-358.9581005389256,191.99594034381678,-1213.2160180126505,167.42988515803012,-150.75337683902356,192.10322203391817,-554.347230827961,-295.8069767926139,121.81263075071276,-15.136918726867805,-9.874655800334276,58.12240431881051,103.34402060373955,161.71652981980745,371.9390709184081,154.66670672567116,272.52126445262155,97.91766902861323,1171.0567305766763,301.75718339787267
1103.9606063457209,1171.6742178964078,1162.6453480610662,1394.2188318893554,1820.6469139623073,1864.6683786350818,1522.5158188525418,2491.2450313660147,1404.4343594651345,2360.922273972833,1617.5194515306875,777.3709622663882,-65.88925619730641,1488.0356945187061,1183.0807686451265,2533.4106918396196,605.9325413082057,1332.299815895467,1305.2141832231503,116.23835394816983,1891.818402725031,634.5310617692053,1259.3926666440398,2056.83316582473,1753.491789783887,1866.7993619654642,927.7908448054845,1363.8278044328868,805.8963297428896,855.5026128121411,2440.732786621564,1243.5384045547944,1550.56971079301,1317.2341273555303,568.687781095404,1771.7114372238009,2323.373753260098,1318.1045788717431,1886.6730809503524,2002.7015746631248,2335.336349947913,1495.1159452919608,1494.983767930768,748.0623480435914,896.1920809243445,1257.0222305394966,963.8980911743099,648.1456293544335,1669.3424051271534,1783.2464377991028,617.8079897228962,2134.2586447324916,1900.4771972325043,1490.3405545925236,1520.9304421027766,678.9616745259558,2147.0654936807255,319.45602202266275,391.3644106786772,1410.534636113443,1490.894300333347,132.327942509394,1600.504414922727,1471.5921365861052,1373.0784930009359,1451.5960611755893,246.1821718330681,2890.184197562069,734.7710663811049,523.3878335396037,551.4198213870066,1275.2145832230283,2049.4452209079504,1896.4366910804945,2114.8723097907346,2348.451464699489,1761.7293385491266,1481.465117045635,1246.2113779712201,1810.9228811338821,1391.763715078057,1474.9757039143522,1136.2691099095164,1120.8459431427884,1465.219216697907,1477.525977959942,1076.8194867209515,811.6132099663627,1008.335081343442,1424.7542147790298,1098.9514543816722,822.3897750151838,3014.0711396565803,2487.8224059873287,364.8774471307046,1652.8178287958149,419.1052318564338,877.561883744269,1694.0850578530378,1098.5708678548629
1206.2724592945294,1684.4382924800243,421.38055142394734,306.8336339449359,1030.5131411763296,689.1632359339379,1510.7858780987017,2956.825610961467,532.5340284184333,831.808796824921,131.42628304177273,768.9986660038127,1963.3437194820326,433.2801416262728,364.59283366667756,748.2088391741726,767.1473046897773,393.17664856060065,810.4959761625273,2027.07077800459,2060.299625514873,-60.30434467714402,632.0090876476019,324.18551909673147,410.89650772120683,1204.652934240197,873.7933539347702,1120.8255329058868,393.2046901994543,889.8842741849974,1003.0299994187558,236.1114180990977,154.4447297480643,870.6722806371499,1280.9561725512215,1710.7168155587733,1330.8733739088846,924.9961533419369,731.8233636761903,278.9122482854185,380.7287512457919,1804.5860288678662,364.3331541276367,294.37544709122574,459.0492818511226,1801.0766927693091,487.6977495890493,108.58082799902304,768.6167627615627,135.05120763785442,313.2349257841427,411.4929244282863,433.6617164175658,391.44150792729545,-51.41954301397747,798.3729713316516,2218.56203478968,1695.0420633090985,-245.94202223242334,1409.8410150500804,177.32884290310264,530.8479029895807,389.0155217590476,1628.9729974127126,818.8038950702982,940.5137152340918,339.70496001485157,516.3458544840421,210.631173726709,401.52271276669,381.54557780021895,1234.6758621859565,829.4406866478072,1532.938113357301,926.0534033638978,963.312779231355,670.0854431713573,639.2273831482024,1180.1323384120096,1222.6631551238404,164.3550077177868,748.6500791695915,1251.64932611498,291.74501319563063,1456.3656790194493,356.8991891564346,1137.9396157458998,1096.59510556532,579.701267329682,1312.9778889801169,1353.4357971243953,736.9754963962031,847.9151051082091,1493.235655907751,1064.5131311275363,2092.23563840931,2453.435204772463,448.8744810230878,230.6467249730604,526.7048784650924
900.0838651327709,1888.3871822831588,561.2028695021257,1197.9968925250178,1228.1050383498364,1221.0265956638848,1577.391868058327,1583.9690120899409,1222.4786850082778,1586.1786103508814,533.3846940006664,1135.926803819431,264.57892732341355,1274.3707716564877,1481.9035982717896,1585.3930303626312,837.0119254402733,822.9593789227753,1062.3266805725725,1153.089916906685,2027.342329172712,1207.3943059760736,935.2695416853287,1956.0901969176375,1140.9804877754132,1133.7970193404751,508.0217319300938,1191.3742413484447,797.8046377405697,821.2081405990963,1727.978845894039,1228.6455944802774,1335.8711729430474,1467.1339969770952,360.7758323785555,1287.3984518835098,1822.4733096682396,1053.611124271149,963.7248462898292,1351.4812561142844,1157.824246321217,1855.9884294131314,567.6546606822104,443.1974640584134,525.2411971226678,1416.7902061851796,906.8407014166403,1284.3936015594024,800.7558422573038,1592.2914895373524,620.132306236853,1462.010465337606,1742.176368847759,1317.9337762237478,1821.2232701430044,1472.897621090176,2253.8071517994617,1535.0813047497222,620.934015450194,978.6359812826051,1308.6261538611936,1008.57344890186,737.7892155798125,1551.7109696347832,1174.1625655227851,758.8876451891141,507.15008090942604,1605.8940574204785,1174.931745839578,761.9473424476821,1031.2537591651585,1243.1607406469716,1376.8302392181945,574.5349249259393,2016.9204645595705,784.3565057776093,1500.159789926681,1163.909569616136,1700.7564561005684,1301.8599776036021,398.1839208628847,1207.4394990010576,780.9101156451475,919.9448520085992,983.4276824583166,875.1713184834532,343.1405307405332,600.4370744700951,1073.5173086046257,261.1048270100848,983.9610959428977,1185.4694958406435,1771.0373736716435,1686.9149017198533,187.43531344340872,1371.329520514291,1371.6016283501813,795.6926280865489,1280.9114618212643,740.7269020384545
-166.38443091649077,502.39624573295214,110.54216281454664,65.1110209175383,-152.31245421626423,274.6084553366441,559.0113354666396,1033.6158340379031,-190.1975490892206,-118.52712550416712,-65.44918246366508,-491.2443090150979,259.46040419651507,-213.53117722007323,-294.56019004350463,740.9379183295678,438.7184525123776,198.29410472300407,12.560002919140754,882.0382003667866,-15.397878245996079,-321.5011559745507,226.70725660487696,151.5325460528584,200.17321262426975,261.8339028007134,116.31821543835125,-53.961273021561155,34.367546205639464,16.47014602205589,369.4264799949772,-285.34323354774136,-292.9001816727095,78.51429932564888,331.01514687890773,338.6093762442185,417.39454682884036,517.8899226287018,347.75590289556527,-9.94509783319805,242.1625957544256,428.5602131038192,-320.9555883598978,-125.19963176379498,130.71443791858215,222.4305124516111,-4.334042262232667,-550.3109318905432,90.02617999662469,-191.7096524230979,-287.9674139572351,-231.7497587284337,-271.16466917428005,-85.01658831759798,78.77906978480753,455.5629014521534,376.6359242653385,-443.159215381342,-54.41294326113482,353.04693026804694,-348.87823420382944,-334.74225951642813,80.90069233617247,1166.464524805212,-92.38251475891154,-273.97900729630504,96.56321011310618,-37.330509448527536,188.57320261366453,-75.99168798299597,-88.13548440017787,210.3688097668182,566.9420236306977,497.9307256685479,563.7953552802384,351.1201720631956,-332.68699878434865,633.4100654358697,365.0877321899507,-32.77853188146874,43.79825027050341,25.550071232463097,722.599697808659,-236.1032419133878,-0.7715418736758783,-92.94372323174964,772.0979984291347,244.8633772386577,-96.12201059266442,523.5427229996261,364.95408745454785,280.45220085613875,35.35158159014258,-47.958076222568764,348.7753013599452,392.30710403506407,195.72175999774058,-162.77958866608878,-799.0813129714924,-68.8122161173904
-910.7720451818543,-1212.897281246881,-679.1600729092769,-468.7302037093827,-523.6397495071295,-821.0643660474914,-402.52765949585506,-952.7478842991026,-828.088866104959,-965.2535344517077,-366.2681188959717,-397.45947711158794,-1674.9643419695387,-944.569889244798,-69.50256261606283,-1656.1034807988735,-702.4278617075339,-508.7320697131743,-1237.6208462626298,-1059.7381707652778,-999.0566373296616,-601.3270896702808,-941.9531737314957,-337.6768699922468,-602.6072561006772,-905.0215089269832,-1331.0623707936252,-552.9435242632898,-329.9583735769463,-1076.632992002695,-1196.680462817656,-431.18320999786357,-697.0429360411891,-414.65086360960873,-775.4065971838996,-1456.2975793747587,-724.7949602386241,-1126.5133883219244,-892.608580410177,-660.827571239178,-532.9898666777098,-924.8081300924918,-609.0751645719607,-455.82694051368674,-470.862989245857,-1224.3879637387715,-522.5050921929861,-627.9582581458684,-415.4976900210768,-225.30297616017654,-351.4324316404018,-1173.4005980906595,-1046.135301629137,-142.31016416340336,-909.0307640399556,88.32963621349354,-693.0410619619764,-818.339805112546,-28.398701392964757,-1030.8759611457403,-319.81908687032944,-257.2962227961633,-735.7039517227116,-1361.124405923441,-662.478873125398,-744.1878257490591,-356.32252356458457,-478.6938942884069,-32.43705894777208,-511.7629051564969,-246.6076383220465,-778.7916019368479,-584.7163455378933,-1114.2919247444177,-794.9664493915866,-990.1384945457472,-532.7099745720005,-1255.6241194154923,-84.16684759158015,-660.1213104638847,-797.3508998303106,-656.554101431703,-663.6042885950743,-452.9072114444194,-2489.025972716097,-479.86987060420387,-889.093938301688,-502.1414953966222,-140.382598279945,-1869.8004460651382,-792.9369899856081,-370.3973848409881,-214.37265923895697,-885.8482855651939,-627.0510354230274,-772.7429296462741,-644.1424871705849,-414.0618169636568,-722.5212796342025,-690.304704385363
-175.22614703249366,101.1016887303742,-775.7231334911913,-333.1193388274545,-1035.5867903398246,-811.9012022807257,-470.4434072912693,-1859.5410209150089,-1087.8005332417902,-760.1963424753241,-441.93626508557537,-628.47075486634,24.166088728463333,-313.1517720137088,-1106.146822860893,-587.4205589791202,-288.90910518831964,-514.2275875575629,-1011.5690985115888,-3.668189158356662,-884.612153013506,-375.076842538052,-764.8969045067647,-603.8734119945084,-466.0594896805335,-1211.1920893297427,-726.2071903664981,-635.7842940762463,-478.92602899477293,-866.6372910655512,-1200.3458963341268,-1123.8325136319934,-705.9152808693249,-901.1154065135817,-669.1522142784931,-1081.112132775745,-1504.2572775612662,-1053.5264020171148,-565.2901417303783,-417.26286694425147,-576.8364187504156,-639.0070642650145,-400.4356499228662,-346.88247183874034,-873.5989306229212,-495.8967071885569,-584.9735576114705,-452.2331308400459,-867.7217615747737,-761.5858450493268,-660.6486559697775,72.35504309415444,-400.8667456202815,-255.57392972195538,-643.7720048410278,-564.1385195792473,-941.5954922030515,-1175.7365026080547,-246.37356669436903,-946.4685657034028,-1106.6307229419206,-222.06823741527262,-855.9175188213127,206.285037492148,-856.5471954166322,-863.0670194078791,-184.3810018138445,-1260.3073227669454,-399.96274248417745,-390.1286609013391,-543.784669879293,-997.1682598655799,-707.5530492519159,-795.9426412498492,-365.4251007586102,-925.6435262614816,-1254.817072330804,-494.2940346749435,-259.5957313634459,-745.9796990123563,-567.6538197931033,-703.0636334410348,-165.7885401078575,-416.36219111601093,-564.2834445809805,-526.9239782314337,-300.92572515674107,-1052.9248926853957,-698.9046754506871,-510.5540580590549,-789.1216010789393,-347.3419820488742,-1501.9029297765574,-1307.7538026908549,-163.2375900459037,-1383.1721624590512,-290.90315478022467,-676.7239250279241,-1190.5294326248777,-456.27857722091005
-721.8486054962596,-997.5745015029329,-3.4818088115273698,-308.1090698288148,-178.44785548586586,13.366727074139318,-1246.0371462385056,-689.036747705364,307.44394918696736,-204.53299618276083,-63.57442837530878,-149.6581588715527,-385.49060936858297,-291.0228811957484,567.8392862815837,-260.508221488534,-155.44607468542918,32.1936199530256,58.79760992835306,-504.2375117437493,-259.4541012451916,95.54376453102873,43.1593881393791,-543.5904103460504,-387.5600796805832,-443.4766713192255,-204.19861802220422,-503.36122771812904,76.64684545670053,72.60110421677642,-108.37022411385382,44.40460978529333,-43.557420539500775,51.850732399884386,-224.00224965568032,-217.51307296824933,-95.91272392981443,559.6204793408785,-597.0803964292824,61.3211294885478,-813.6491970566128,-300.85643063884686,-212.175888557458,-32.27792839034723,338.34732554242106,-742.7334813708652,47.33165851032952,-335.25297093458073,89.43710701686312,-416.8555340385816,-33.64433372502037,-591.9161799875312,-415.4287759583413,99.97683764381044,-65.19605826193803,-390.33012118973346,-782.3734230159492,-670.160068914167,29.874431107852306,-431.7650441486568,255.02800343082185,-59.92054635987798,-17.45417598739916,-285.22080296100887,-104.63138184360213,-194.08467437446734,-30.82693142026627,-95.38439706873065,-192.51841420467989,-278.27380865530466,-10.897472095051405,-309.0427200689572,-457.7659962626639,-499.8206788201978,-621.6670991958032,-470.8668919788955,348.3231001576458,-296.7951477853222,-635.5732800361795,-391.9953454537126,-99.9447856034287,-126.23351425180772,-657.7701208772753,78.36763208194662,-661.1865961884366,-19.51170454271683,-895.7295207246337,-25.885110955865034,-300.38658999963593,-572.696969856344,-411.47190807589703,-317.5822716393198,-339.60697570772334,-579.8411794744736,-78.75003586472549,-561.196760057713,345.9475100229271,-168.26064458228808,-101.15868053342385,-342.7304540308759
-1652.809954145446,-1302.411091512676,-1557.372812734387,-1392.9062715629937,-1745.9094443589272,-1513.4793338438415,-607.3296074369919,-2123.3799459512184,-1489.6218993151713,-1752.8988254282622,-1033.4853733226896,-1262.993633283909,-846.9950822267703,-1670.6252834558497,-1365.5954311331423,-1551.700561641968,-380.268883417799,-851.1057570349869,-2180.084655312413,-940.0817616266239,-2048.425618465746,-1378.5253111778388,-1513.9929432852873,-1576.3171254729323,-1179.2282864632652,-757.7938230405279,-1303.8176594236222,-1641.6438788438732,-1014.5069222479076,-208.45907386539957,-2404.552818192077,-1885.2973780829807,-2029.8904299357705,-1664.5089001874153,-1170.3455012617887,-1826.4959615698294,-2256.0287183833907,-2006.3203521030644,-1307.793544357778,-2188.1915601141086,-1523.91311868906,-1768.7328164459782,-1529.4798639194637,-1116.4943364923413,-1051.1854334721636,-2283.2660516602014,-1241.7391613932737,-417.56865898973416,-2050.136100449664,-1650.2109929750638,-1109.102811624895,-922.6947900845815,-2228.1270195028947,-1390.956978229123,-1121.7562404597986,-365.38334172047666,-2087.5277326971122,-1746.6349697037763,-342.2788906984917,-2014.505067806818,-872.3483144551376,-1230.4250827933174,-1969.8544825083663,-890.3826570402995,-2396.371077645236,-2005.0421238326167,-354.9882802186261,-2525.155688543356,-299.75526651285503,-798.4188567893076,-996.2807582154296,-2103.8157299046757,-1845.880534606925,-556.4563080442017,-1043.281817938577,-2162.3021041412294,-2476.469951668208,-1551.5249568538238,-1983.43576839354,-2563.6709353844035,-792.6115500671374,-1188.4448048038967,-1404.6241679990746,-1685.8905307704388,-964.0212915532223,-1757.0516861118242,-1131.2241096098512,-875.7305673466175,-1103.345216178834,-1878.9039876310158,-1421.8302789856402,-1239.1461149970003,-2518.860497192232,-2312.864432583595,-1206.5398155962555,-2968.992237089659,-1548.5495589752222,-1067.2064128586467,-1809.65501906572,-1291.3300586362543
-953.8215512006565,-724.7186726523367,-1190.7051696972026,-836.8512890407995,-987.682763007984,-851.8153271339581,-566.4798046727528,-1361.2988988003096,-1093.9607437957516,-978.6027130997223,-587.1420264546584,-653.5672109884323,-760.8806370284485,-719.1997517465669,-207.5878527598214,-812.7503925549182,-277.69332869650015,-1397.167885533646,-1469.1868988340293,93.2195947455203,-379.73913163764615,-786.7310353372193,-1000.6439998214016,-664.9845920407098,-922.6682965055227,-568.7066922043109,-184.55594120922308,-1063.5612712892257,-704.6220395500701,6.930242240567185,-1341.0900695763855,-447.8142005794761,-831.2443502042909,-752.2355628558826,-468.74145058541836,-119.2871818310874,-1695.5653453352727,-997.1169023019681,-1499.2823813824082,-969.3276882555455,-1630.6074479288222,-1367.9329358513505,-1117.1574733700932,-1047.8966485498333,58.3826306766455,-1174.3654235129513,-814.683666369481,567.8712674314556,-1305.8965353767937,-1142.2435624115267,-415.6266464500073,-1466.671549713059,-1104.0743778939698,-812.1639607373611,-1115.2674083057418,-137.33377253091535,-1256.1968698659018,-345.3355257948247,-75.9544522844771,-878.824860545166,-534.3674058360034,-70.89356149879104,-1049.071565628809,-474.20106757382166,-1414.7941045330624,-1706.2278695053371,-433.7545225276103,-1230.0477283104522,85.22504261523653,-755.0730209213201,-337.89961366397466,-963.0024167839767,-1347.2555598184315,-667.2531329332006,-983.0278505233217,-1250.4066435812058,-703.650910965972,-1409.9316580627517,-1266.9908067942574,-1336.5570277705267,-109.0827867475953,-816.6907736884385,-2520.0356859252224,-641.4705008586475,-699.5851426929414,-1075.1048462961219,-858.6497387508547,-333.1533740176995,-445.408264730597,-587.5364927155383,-1043.0850205537408,-770.3355638858965,-1293.9178470106253,-1995.9937462497621,-405.48058634312184,-1153.4105867614558,-437.8374117946233,-584.2601821333907,-1686.3594671013723,-1133.3944295764923
-466.7282897153812,-870.7601147045061,-1259.085328281134,-690.3633024579333,-1153.9176360497183,-1087.1657055342055,-1134.981043280735,-992.884918120242,-946.0144880186161,-1629.1487681662707,-856.6110419162699,-879.0439808345797,-707.7556616302785,-1145.3943520898256,-505.48350133613116,-752.2825925375541,-757.3215736351804,-973.8456096893509,-1514.4303892531057,-578.43827185631,-1162.7835139303454,-503.062968966861,-999.2240272189034,-882.1758221505675,-602.4845804218659,-997.4867202946162,-1401.457786787311,-1038.5122369680507,-787.1952722963974,-408.3652881581438,-760.3442881017726,-1151.7540258635306,-1271.3256225219525,-1255.503317548545,-714.3443687891497,-773.3781205815052,-1297.6389937568151,-1635.6972291884633,-1109.9413275839802,-1140.0834832606154,-1173.493120605531,-1959.5957587402115,-1363.2276365696555,-798.0892650912205,-980.3535504319196,-1429.2101232535229,-840.9961694925548,-256.66553667619,-1089.720983937424,-1099.1088363082542,-525.7814396797366,-776.574476543274,-1315.5793768365709,-805.4208429931239,-1555.3254594031323,-1380.8467095803135,-1804.8382349082003,-1152.2110777113303,-550.6650922238243,-1350.09142925777,-669.9698928835206,-757.5139894750857,-1039.8756580099416,-326.3362549036428,-1065.9049428729502,-1203.9201501826115,-342.6084129381312,-1135.8459413440983,-315.5431806637855,-774.6341169768032,-702.4633255991253,-846.135306784004,-1064.4808383408524,-909.980101865988,-1194.4783848261104,-1237.7355452081565,-1144.7044471257138,-1146.0639327141535,-1061.5395264256042,-826.8804122895903,-907.4924385185395,-838.8663416500189,-1542.4081533144877,-747.6811850155276,-916.782418322426,-1092.7457295258587,-863.6894756775034,-701.4264561700506,-484.19454597617414,-1350.3551879043575,-1040.1543772877835,-838.7838221818257,-1365.3162916897245,-985.1736120349361,-600.4176885424646,-1201.1729008247792,-655.7696921344738,-750.4959323066613,-1675.5791818751582,-712.3930671271478
-1126.9781973492586,-238.00008731518403,-1374.8623523245362,-1204.8447157065707,-1769.1856222122208,-1522.4222593783193,-909.6441200253455,-1707.3876170649548,-1460.4437354748989,-1462.9554594162175,-1092.7602130124446,-1055.2024667372777,-774.903267312592,-1132.17225746794,-1487.6079109968084,-1078.499184303592,-562.2162465208329,-1008.9296160639171,-1469.5511596935276,-129.01980122373075,-1640.3105350617104,-751.9118059025168,-1647.6453380971943,-1391.9068779422757,-1184.038894407835,-920.3842615520194,-447.151708160064,-1670.1636237635591,-756.5268748336424,-455.9795957836294,-1693.0334983036332,-1076.1394969210044,-1373.5305815870893,-1825.2193278760883,-529.5331956241711,-1204.650723545357,-1742.9697897118358,-1664.368369879165,-1296.6055564866795,-2168.533437357549,-1376.7926023524305,-2093.671395914358,-835.6606414992935,-776.0136251578634,-980.1014005411355,-1626.2203208015833,-1110.6973363782602,-387.15938142146916,-1505.207677059021,-1854.1399042332541,-887.0556193216414,-500.6054556687927,-1551.5979060088962,-1293.786559724903,-1108.9644630372868,-566.1146486993204,-2085.7080008547746,-853.9186099601801,-483.27247641979335,-1205.5708877752186,-1268.9500774318203,-500.78684218779415,-1248.845325991308,-968.1201673639738,-1549.7044506473364,-1478.2570201363176,-640.6951873875398,-1525.6183494808886,-678.6839246118477,-872.341868826163,-1076.358569982441,-1595.987146533304,-1220.9727990663139,-490.9146335242361,-1267.4071088962858,-1704.8417862652975,-1896.020216980172,-1239.0925200961944,-1963.9358085997274,-1382.1635882045298,-228.01770355518946,-1155.8499801301075,-755.2396643362192,-1150.7743957183304,-837.0502620516511,-1471.6741754690202,-1035.941784453824,-600.7642462765007,-1210.861521952398,-298.18059811004963,-1331.5486690386942,-1044.526346552556,-2253.044390480407,-1943.6654114771743,-1000.1657881339564,-2506.988499214046,-1653.7529772693113,-762.8417121732739,-2181.2725771978758,-1438.172047895481
-1875.0816656343707,-2785.9803972838736,-1291.2029822464926,-1173.6559996912952,-1266.3403768895712,-1743.086964238726,-1621.3031542375602,-2565.1340958262035,-1303.0287405213273,-1768.6222464646787,-1322.8281817604607,-1464.4411822712548,-2252.5898847304866,-1815.6732912842429,-1132.689516557119,-1746.9148321349844,-1078.9892395309173,-983.5312021597165,-1570.6610000241155,-478.93761869567766,-2154.3557430485175,-920.9543986866502,-1374.018213902297,-615.9806849704429,-1120.7115969779552,-1650.647338508748,-1110.3903989564267,-1865.5813767666452,-1124.3605231943718,-1488.7751148943373,-1724.1851274369494,-1098.977876167447,-1222.0954765922381,-1532.533532781747,-1279.3507620277253,-1885.579764929671,-1615.6144129763502,-1680.7495394321961,-1207.258393315628,-2152.5060325667578,-1520.4231443703595,-2469.5891788953095,-1850.488362295201,-735.3095414017798,-1048.7436458934233,-2346.2350976323078,-835.5482954750134,-208.79003794991252,-1151.3734566875833,-1300.1282259918264,-1137.4718353434434,-1325.2126015720658,-1469.898533761866,-1112.5981270094296,-561.3877728398705,-451.5818621134899,-2298.3871314851435,-1759.3915133083074,-228.32509764605368,-1806.4008355382934,-1226.1555487547694,-494.5604402163175,-1246.1750466154538,-1737.402612269758,-1445.9676881858072,-1522.6795647824963,-515.3980676193861,-1654.0667514087884,-544.5992844971696,-492.5371632272995,-792.5322503825735,-1267.5955297780713,-1407.4816281175686,-1355.7786558049306,-1323.2414289573976,-1826.9204072792236,-1993.2958450627116,-1445.5366381497277,-1773.1968621021854,-1665.1200989321324,-684.0794332139941,-1328.7792968799745,-1397.089544002325,-1283.0031782317828,-2174.338896567758,-1149.8053870583842,-1155.0028285101012,-979.8723712873932,-1208.4710029723503,-1329.1289016366798,-1300.2064193818287,-1026.8879396171876,-2373.0089842298694,-2001.2137126819764,-1078.2950381454211,-3053.251954487811,-1225.3864150394465,-729.7961037532692,-1703.410027774857,-1371.222262552691
-729.5109687668164,-323.32615511888224,-1440.7336586839288,-598.1343679558146,-1420.696342088641,-1512.1322279051783,-1434.5407996193953,-1860.3050421004862,-1546.4023788883305,-2347.97616722014,-1220.7994604794023,-1245.7938354608907,-243.9534735652932,-643.9556997961275,-1536.2563486723338,-1514.8184672318998,-780.3256055749749,-697.6938665009476,-1641.607507805868,-6.162205089659216,-1517.5939512049777,-622.9694092421698,-1316.2193707321996,-1608.719285019597,-888.5480040167304,-1455.2293019041158,-1427.6203890258657,-1368.8444855631308,-691.7437919202536,-869.0704781059712,-1583.25522717635,-1630.4208993910343,-1369.9217664358018,-1533.7822118837823,-666.5759937962271,-1761.629126065486,-2131.9993015414207,-1746.477517815239,-1401.5423310134897,-2238.5692050746075,-924.6305606874305,-1213.8032742356904,-404.841782792389,-472.3930410995011,-1260.4874105330096,-1709.291043036136,-883.6197509751318,-478.53574359982593,-1418.8975880812131,-1498.173943794431,-489.5754169361503,-917.6894769837457,-1495.357122334327,-1539.1470678169474,-958.2665109717259,-404.6600396483889,-1842.5032824947773,-1006.7883347385838,-173.97249127915492,-1659.6089720241935,-1226.1834823510235,-353.93649115328446,-1185.7218058107774,-235.50644190128887,-1301.5602816051264,-1500.9497303765525,-232.98990901438634,-2236.2796623572303,-451.1150690624855,-453.7683425183214,-702.9412859383975,-1387.2014443541043,-1145.3362082442652,-1502.738025202321,-1551.6947361574587,-1898.6711830429854,-2207.9946985174124,-930.7905896151905,-1336.5299936322524,-1351.2514937407057,-775.2758111885217,-834.9740599225826,-623.5423028029518,-806.7472869557339,-564.2127415910534,-1239.4973523656913,-1400.3295063747296,-1056.8541676007753,-877.0859264528649,-1005.4551595657991,-929.1906313049797,-769.5580368710913,-2681.176259179433,-2142.9926284773737,-842.8910251695198,-2484.131071640104,-1451.6104043678808,-826.5592108788412,-2040.0372190732419,-953.0151267249266
-1148.232051271795,-661.3975053114196,-973.314787040582,-831.9952271338061,-1178.8569971222112,-1657.134255070652,-1026.8609499603804,-1758.2603872228688,-1603.9463647718533,-2195.3744196025073,-867.0485229015815,-495.25486250304436,-1576.6831953885182,-1224.5864712398939,-663.1993195802721,-1103.6044077048628,-732.9034445078014,-671.7375474335374,-1478.6130670019547,14.093240350972865,-1644.1600350186975,-630.1481205114543,-1292.0751037200566,-1047.3040014044932,-919.6691029301458,-1453.1911156059557,-1468.3734020074198,-1011.8218172007905,-592.5009661180369,-923.3379509347003,-1765.7533821609495,-654.6201627145772,-1046.4159454957664,-934.423028729467,-844.7507998844571,-1449.3282713759147,-1539.9086070351623,-1225.0788471027909,-2039.0396847410723,-1255.2855738859819,-1401.08104575112,-953.0104536358867,-738.1133087582626,-972.4724103240559,-882.646443611582,-1305.1394832585038,-694.3412349716014,-539.9378154781477,-1014.8229836081493,-1148.062630281184,-747.1270768354656,-1619.3405057667806,-1074.6182192304225,-551.1871562346962,-924.489528514647,-1055.245404414034,-983.7891430826596,-3049.630129669771,-169.26507625844485,-979.4887728385913,-355.48861245525075,-454.22754539879963,-1439.2601548062673,-730.6748696954537,-1288.4374553023333,-1192.5626666275457,-489.2549370270042,-1586.8025854095495,-439.4484727908597,-568.5718614952148,-805.6144630848225,-1408.6797349962528,-1025.7441534852198,-492.3464898368009,-654.8398520139536,-1620.7185554108382,-1002.5613891813266,-1798.1124261718141,-967.7142441596474,-1494.7530570005592,-782.2551207220741,-1007.276077833484,-1721.6092183055332,-919.7942897701118,-1661.9475231448366,-1019.020776617747,-734.7591364452584,-564.2535026918305,-1073.1135111110357,-1243.7371445815845,-1265.3341676742612,-640.897203914487,-1547.6437317234936,-1984.2666945618596,-666.7576410145095,-1459.377401213181,-564.873235798987,-770.9090745755464,-1923.0362520982926,-853.3177764877439
-1663.7603600918637,-2015.316494602587,-1767.497710706336,-1271.3522176637716,-2122.0285226190704,-2195.0222841177065,-2338.346556033321,-3338.225340842764,-2328.3871641677383,-2734.62073081628,-1687.3581652722453,-1838.0259832569072,-1648.4258936932329,-1832.486022428039,-1378.823028374228,-2863.655609267945,-2058.8914952950654,-1931.0975265266645,-2698.343569615045,-1317.6413494459664,-1915.317806529422,-1479.37721424285,-1722.1584265502715,-1631.7565491271384,-1531.285078601928,-2717.6495473481245,-2156.20186236501,-1995.1400835537147,-1217.5500783438622,-1644.8591538570383,-2740.4447516665095,-2032.6807229392348,-1662.1792455965503,-1717.1608411910925,-1649.0359310840433,-2544.582613389945,-2414.8862242379137,-3073.8495050701113,-1779.8053052240161,-2457.169492621343,-1802.823528067448,-3148.989055250318,-2880.5120764948597,-1198.6193513076914,-1433.255136370891,-2578.004511172009,-1471.9566135289672,-908.8106272148556,-1937.5372480434978,-1878.557902875725,-942.9265843951947,-2336.838708934367,-1988.015320164241,-1357.2504614495688,-2291.885772152492,-975.173193089111,-3028.292610970556,-2198.2691750680924,-249.60171165637274,-2573.2356435057677,-1631.8255988594653,-1484.206483023912,-1874.352118425452,-2084.7774546597802,-2227.084649927812,-2255.075158311857,-690.4632996882175,-3518.070487109694,-826.9591811456487,-1137.123813696902,-1085.6824458567276,-1970.1832762518807,-2020.1364321116182,-2374.949098904407,-2775.1997848424107,-2467.846964568715,-1975.312136984593,-2044.6257806400863,-1451.049970532583,-2260.395860674074,-1387.0015946833425,-1782.701585534763,-2295.8346764803823,-1404.0674091527035,-2499.733211282457,-1785.4860081504098,-1168.7312028622587,-1423.8524361010768,-1000.0887617199658,-2395.962803554992,-1903.8148445680513,-1366.5328844294493,-2387.2311306319025,-2884.201362285382,-1327.7734376139433,-2429.283544781064,-1531.233900709526,-1147.5365738079363,-2606.9194056776096,-1392.891345810625
-904.3344745312723,-1644.9885838280206,-1074.3787515111608,-1121.2699075684397,-1089.9994204815487,-1138.8585336852843,-1885.4339523526894,-2342.6936024574443,-1057.5088985809243,-1285.329262779979,-852.6607110610246,-1779.5367823995086,-1889.2816518445513,-1146.5866956801294,-486.74072755930706,-1422.2743144663343,-530.2852125427015,-603.7098253027013,-1392.1682858593904,-2337.4307377785462,-2143.185372302516,-1160.1247838389413,-1049.862204742755,-1061.983998381661,-1095.5059095254292,-1337.8190180391741,-694.3705464888881,-1531.0701034092476,-628.0522580198731,-1089.5371054319385,-1717.6794661376007,-967.8642092130484,-1113.1190258913725,-1647.996126085133,-759.2167475708769,-1466.7082586376832,-1777.2743979600837,-1719.3979524524666,-1208.3883614203658,-1766.2276178872883,-1747.3318358466454,-2783.7145891080654,-4008.5466253571976,-682.1874024279722,-838.4392725596973,-2689.688152415087,-977.1244410586733,-235.24844539217344,-1337.7189183292726,-1608.83379620086,-922.8021152139163,-1394.4837911593995,-825.389500603389,-770.7992994868135,-852.7060634314917,-850.5414311437016,-3670.6929588689923,-1193.570062934469,-152.11759996490414,-1481.6994374983228,-815.5289672717687,-1394.131838274169,-1379.4669573717442,-983.1222767283697,-1192.5417620929645,-1717.4759640171142,-428.4702211250914,-664.2407247258876,-160.13016253318926,-686.8256768968126,-667.7255949118746,-1621.0837940162469,-1532.436389131256,-1263.1518577024337,-1405.602542098427,-1646.4816391670217,-1187.6544596907956,-1413.67323238047,-1436.4620092076348,-1614.3046453145987,-1004.5956088478754,-1125.7514367369927,-1551.1087444274428,-518.7399134161343,-1609.4347221735231,-1381.349503184878,-2156.814977649397,-1190.5862654901516,-606.2966892923575,-2360.6390855295567,-1640.906930578519,-766.4152958451871,-1381.9227462370784,-1714.906940954123,-562.3183140676884,-1879.337839203138,-1674.613330790537,-706.0854265888933,-1510.942671996339,-1016.2416172278616
-1673.012696189012,-2328.3558973688882,-1414.2231914710098,-1215.7581610462428,-1841.49049394105,-1575.2548841772461,-1261.6132703509143,-3092.406159986407,-1183.3220877054082,-1600.5373124938899,-1175.6075622706287,-1530.3011709995587,-1100.1502483458587,-1504.9227524182393,-1068.1068518931709,-1412.9639843775944,-731.7212964071163,-1010.6236244609761,-1425.3792354406928,-457.31491577152207,-1359.9366924156034,-1006.2910663258866,-1007.5541802386981,-1025.4156770939037,-972.0796678062316,-945.2988999534873,-1453.7599977163425,-1402.659745354523,-898.5256553690527,-1155.685438476516,-1757.8071841087526,-1336.815445087212,-1322.623012654381,-1289.0911489189405,-1565.3645860708452,-1722.6876212448078,-1608.5596663388571,-1245.2454264956186,-1239.4286969253421,-1754.3129131704718,-1620.8781997661742,-1813.8291851560157,-1793.1045238300858,-862.9092336903982,-545.5887689038607,-2251.4707624428065,-929.505275593979,-463.1537085244914,-1562.793600146741,-1603.776189641961,-884.5891837698143,-1588.910990883793,-1864.425991992482,-1228.457376037169,-927.3647034727842,-310.2100339206536,-1853.6577201962496,-1509.82465494261,-239.6860134803038,-1667.7388261574233,-1051.2535346522434,-1081.6794767190456,-1202.2402537389878,-1258.8876822591455,-1581.2024299901527,-1672.4985067151863,-428.1889058622477,-1981.1405344776056,-516.3787879388376,-712.4069382704996,-561.2322334951301,-1202.4757807723922,-1486.489785838442,-1427.4943287303186,-1329.4688071938963,-2353.0964674698794,-1770.3874563415302,-1262.9838595785247,-1875.795977440401,-1875.4773917042176,-588.816103994351,-1352.9505141719847,-1285.798221426586,-1239.41672210625,-1670.6514451163848,-1297.8775749874053,-970.9924104064146,-891.350229349873,-847.3625008419405,-1726.0976173897893,-1097.8437773003302,-1149.5784443457107,-1971.5921770491154,-2358.6255037678498,-696.084293707512,-2496.5642106288515,-943.4578662516747,-1006.1443266992706,-1834.1326833251946,-1084.8947452549203
-2058.075945399584,-2152.943838646585,-1533.0230636050799,-1809.94213001132,-1895.999685509295,-1445.2171666312192,-1893.3826617791315,-2783.9284211797376,-1390.7927680499686,-2341.577925841826,-1125.206605986475,-1699.7958000813342,-1696.7224333766417,-2265.413524445837,-619.6946167407452,-2109.2408858427943,-1355.9132816409963,-1367.0396972759163,-2329.746116761514,-1381.552314876172,-2189.14273420017,-1779.7064645410528,-1559.735115319552,-1657.7286552053902,-1234.903778673584,-1293.2632239907161,-1448.7085270312639,-1653.7460003096933,-1756.7883661126084,-795.6784716251859,-2562.130165831992,-1876.2707486653485,-2045.5680740492367,-1720.154072001541,-1621.8454507075658,-2135.636033007665,-2964.318085699043,-2849.3153352664626,-1693.4959384972392,-2023.6140251127952,-2289.447806052559,-2898.490287704285,-2081.5107173036117,-1298.6517042856315,-1223.6539475749098,-3033.2135768563844,-1484.3766099755082,-594.1099929746696,-1833.0896772418052,-1881.4330242567075,-791.5236891172791,-2265.204450461034,-2498.537698469709,-2018.5067313842535,-1928.9020394458178,-1175.142488775641,-2955.6574909365395,-1535.7769647247617,-496.69620235485564,-2191.796950124973,-936.8992366061303,-1527.808074680998,-2161.1623908152224,-1208.154687117003,-2171.8248659823294,-2334.0610042776257,-561.9257947387817,-2461.8080208176193,-461.52671725632,-836.0791216545222,-941.7923534591296,-1567.666080592563,-2458.4486758084468,-1557.0591687518277,-1707.628813293617,-2251.0776531028173,-2085.8999169531508,-1911.7167681280844,-2630.080398845718,-3029.1890617609897,-1170.4855801009087,-1653.4984526210023,-1484.4272757306296,-1959.5846118959034,-1766.9839042036765,-2092.9603592396443,-1564.224896694903,-1285.3979941890273,-781.2255762360343,-2240.3958355422683,-2001.8550263618702,-1597.7282633843583,-2064.2514650186436,-2870.088424136641,-1248.4699431712045,-2090.7080810539037,-1537.8237575477851,-1242.5248552312582,-1852.0626018480602,-1415.4654554052045
-447.34457974349624,-296.59212716030845,-897.2067376442931,-380.8748163230158,-1000.0712095808499,-976.757126748565,15.49364058998458,-1255.5236661027386,-1043.5697784549113,-527.1004646655418,-610.3734605306514,-264.7599849687176,-38.635523979472595,-452.7648809402098,-675.0192035610486,-1126.07117884845,-431.7849089538491,-1065.7711635801074,-1032.1311585690537,-128.9694597666731,351.74472588868423,-317.0218005872901,-1106.315491961597,128.7956683667622,-427.5701682887049,-313.65491608139985,-1147.2600862305867,-846.1169945346027,-412.64764000074507,-313.2983659357472,-406.59121230832505,-603.949653610726,-751.0218587595308,-678.6917203800527,-722.3058114242334,24.26275148237951,-698.0192817547934,-1010.4698061266611,-955.0826666490751,-1339.9554833151008,-816.1680364039739,-1477.4515667584008,-513.4565429073912,-680.7133721054173,-184.6341624011541,108.8341847220534,-494.4676229113783,504.4969996258828,-920.2167738455622,-605.9934339148245,-351.004821442443,-379.7347457879234,-902.5950059047816,-248.35111602161135,-523.6567733028708,567.6939636545659,-515.6646219548422,-294.942155809244,-59.93149004944185,-1505.606952178896,-777.3056923265194,119.80481898221795,-719.9255154124573,-817.322622352053,-1022.6516597013688,-885.531969649192,-307.6507783072751,-1418.9581243396992,85.17640614777143,-660.1001642697443,-370.22281195787986,-447.9575997780387,-478.37455811087153,-566.5505861216574,-493.32764104255057,-1247.149181069784,-906.4138494321846,-776.2084158689162,-460.40521100266835,-588.3348182667529,239.97197470735242,-639.9970988260577,-1135.2368285773234,-628.6866251461879,-738.1876758157707,-552.4552790071773,-254.93461424816388,-728.8521964477378,-648.9996886604565,469.97042606422133,-584.754987643342,-573.8104504510111,-1518.0794506499533,-1132.8753584587942,-445.94922541959255,-1350.9380429448538,-120.96281995773934,-396.64578029088966,-1198.4371443374919,-722.9200982199568
-1485.5174230788953,-1726.2647584313777,-1084.738074114324,-1477.198325158293,-1738.580278767892,-1554.8968925956667,-2166.835927639751,-1369.048423440929,-1283.0556256586774,-1892.4563562718406,-1680.9765517414428,-776.2219647612806,-2366.0947690661587,-1766.8208856818978,-1626.632834968147,-1374.7900444358581,-1108.3897938699613,-1039.8384129462972,-1532.733821418146,-1594.8423727583086,-2404.235452863313,-616.0089283994303,-1539.9337943903413,-1377.9807590582802,-1049.5011311380629,-1214.6021445847969,-272.2685497974328,-1471.69163184185,-1300.5388801118092,-1308.7796270358929,-1719.0338815303396,-1047.8677728815792,-1687.7106546502632,-1541.5062559295723,-1058.4092158754995,-1914.5100182292313,-1600.1705066841523,-2395.8915191883866,-1688.1764119999584,-1692.0345497265648,-1532.0368492535285,-1499.4039270471703,-341.5695157812056,-1051.5483112981724,-1024.3577471740923,-1861.4793720058715,-1067.2335771909222,-602.8658313341763,-1484.4389325018517,-1651.165878564544,-897.496737871002,-1195.475863678425,-1971.9070196605542,-1872.6916088001767,-1177.812925109779,-867.8782615122942,-2151.4374773169507,-985.7114782910372,-454.9946935314743,-1277.0246702790437,-1194.3312297805867,-1255.9003645702844,-1525.107102450287,-1207.4540168725896,-1351.3169297569639,-1235.2678721314658,-574.9950629988871,-1189.6575701523877,-787.5555322999736,-530.9124440487019,-980.7454309278041,-1826.8766767573477,-1580.4220406826016,-1164.6849110424891,-1191.9044580101577,-1878.0129790598737,-1903.0042042231084,-1210.7911718535624,-1915.3607358347838,-1441.88736880169,-601.3652231349773,-1334.1666578414738,-949.5073151572791,-1427.4736301524933,-1457.33941785032,-1571.3418029515208,-1952.769729651457,-638.4993503909983,-1052.1126593592876,-1304.945616920038,-1567.0263553582565,-1035.9742451171765,-1790.0917602431052,-1531.4719085267027,-1668.6771637835184,-1787.3606681439765,-1801.2862969622718,-801.3545236374614,-1764.0393767030553,-1352.5401172429913
-1246.094107650961,-689.7133563440991,-937.9837544990114,-1061.0079045967284,-1387.7931112181134,-1180.5064063327302,-123.00172516466849,-1602.3186359025178,-1507.0006940782307,-1248.6074386711246,-456.795883348516,-2125.005464816823,-933.9476560490914,-1588.767354337309,-584.7351545244015,-1993.9391511294282,-780.5011392475135,-1454.169321136072,-1042.9781322666831,-433.22509877182205,-1361.867793828176,-827.8048941326065,-1210.5098030830925,-825.7585870881804,-740.1515924054297,-724.2733952566575,-855.2555873061063,-1529.208146171532,-791.5084848323414,-451.07526543813015,-1798.5104685053527,-1198.5513019097777,-1488.9817061257424,-1182.2827859008994,-1174.7465995183088,-1303.9157703687408,-1683.4299743575368,-931.1093348581134,-566.3895486573599,-1183.0343655876832,-1258.271012927625,-2149.387303536932,-1795.857757076034,-1101.1841201547834,-543.8001035096966,-1645.6558166643506,-1063.9380368203674,-482.25741673582417,-1572.9200952497222,-1180.0101672812043,-438.6736438954638,-602.2929544640948,-1919.4039399126518,-643.3858307754086,-899.3710663055643,-174.95656856761985,-1158.0829024157424,-1043.4072006279898,-385.5427853735136,-1739.4106664378626,-1002.6035591181571,613.7389935043959,-1357.935970106005,-1245.5727020514541,-1500.7236259103242,-1763.1153796543524,-496.67816005396,-1888.3490767051987,-390.66484446240037,-795.4164449631697,-619.5957128127695,-1386.751390426043,-1161.8346380996024,-742.8392380787949,-930.5138707937672,-1467.436642509772,-1372.453708947962,-1463.8369616112022,-1263.663541620918,-1443.2354291918925,-327.8323936525721,-1170.8867474900303,-1084.4681083302373,-1360.2901248131357,-1823.7871179325014,-1108.8513911795214,-1234.5396885652463,-639.1094693979593,-607.8248920776838,-1253.523296961827,-1017.8075176928119,-535.1770540929157,-1533.8575444517826,-2132.4104940747507,-426.88965458975883,-1335.45133359937,-529.5045482258301,-884.860099458067,-1593.4911774272548,-1140.4628453760722
-477.1010866961642,-481.96351455832956,-153.46590570371842,-68.23250405622332,-441.8044626718875,-774.9965056092788,-524.3060197601218,-313.6989167250294,-826.4717431711323,-1133.4449288827836,-777.8503469708348,161.9725915690763,-1100.0272505475546,-318.5308090002671,-959.5540168702129,-1165.9349449420074,81.8253038217526,-499.73408335941207,-848.2197586484646,-91.61038980908,-865.3704442692886,-297.6147387620338,-497.3870283792662,-16.740471359188522,-807.9741623854719,-778.2712957619037,165.00186722983983,-786.7094935001335,-662.1754711665462,-821.2904805826183,-742.3043916248267,-301.16349485589063,-510.57731070528314,-583.6522037295293,-266.5495686179803,-352.23920917518103,-272.33936747338277,-977.5796839812342,-430.7077713403045,-1556.563914960724,-559.7987334875681,-287.8063921732017,-172.87593359054472,-239.28803966084524,-337.97586006686606,-121.7164951693506,-380.7609116754153,97.96591747743538,-859.7539910230004,-348.0282747329543,-682.2567057352439,-67.14503837879707,-533.8506327467111,-912.1340595555837,-127.39466720400917,-124.91518072063027,-210.78976548218142,-406.6400298265942,-67.13208070456386,-309.687258000083,-983.4525472962523,-259.23078829589434,-620.4597633642651,-338.76396687171575,-633.5421036323385,-684.160020649507,-304.9766559853367,-1261.541087266948,-4.041111589330853,-168.2177100857375,-503.0994097996737,-798.8173131347963,-202.9530316096403,-158.06896922140064,-462.0987975759302,-571.2075585994888,-804.1209872085949,-760.3166161905677,-384.02003353585735,-578.4994841040918,-221.85212453153292,-407.7749220311455,-503.9669220317336,-229.77816433120495,-839.6550165474239,-451.81936194020847,-126.00959221347537,-159.11611088047292,-536.5005642107517,-43.36820584921399,-650.6057751452148,-346.955262894815,-1107.9079771447523,-662.6172998407299,-930.3895924560376,-1004.9520158554071,-1063.6447070197507,-257.7230269242772,-620.18753486723,-440.05873148835616
-843.7003369534481,-673.931262936483,-511.571553418843,-323.98088372404203,-526.978798198005,-614.3566330751601,-208.5705944573707,-1753.064204066035,-1070.5454740059622,-1553.8412813790626,91.42101883871703,-1220.998535910427,371.17319479482023,-1028.5098881669494,350.4585521065791,-1469.3816787195105,-559.2571111849392,-803.9509075749082,-963.8329818253885,370.12547181424793,-356.6515703419867,-609.3698695972372,-579.9950430499332,-432.2551220848386,-314.27012646122915,-383.0877747402307,-847.7282731970431,-711.3293685723256,-275.50477828242344,51.331134663075524,-1747.9248800914995,-752.1703221030543,-368.46904144684663,-557.0870010003773,62.3718662216444,-464.24865282221106,-1767.367662489572,-902.4311757001586,-317.06989529612423,-692.9270867960643,-711.2914431468679,-1389.3490272685724,-2071.2014036279515,-295.920815546283,339.4945365482494,-1803.602281863917,-553.2364648326992,210.72882921169452,-968.9480860814243,-466.5156411199443,313.2502843638199,-1192.206409311206,-515.60046834224,-554.4225042553106,-307.7857036245409,534.8569303049705,-2144.1429336577676,383.10524598136124,581.6917965855192,-1765.1736261553228,-159.90629790874257,257.2876440051444,-764.5837674807807,-522.7579731122646,-1233.113692439615,-1354.460487105261,201.68561676390902,-1381.0500118911862,289.22281686826926,-428.70536735462986,304.5694520572034,-173.02200001878904,-821.5887543619738,-1060.2894148327869,-1149.5836874275917,-713.274931696684,-576.1105972581854,-357.03910351051314,-1104.294326787507,-1017.8731264331981,-17.088428280784125,-518.5748754563793,-1225.4199824847708,-233.92290366080908,-764.847263262945,-765.1726191157269,-323.18206560689936,-543.3062231475853,211.07420410141148,-875.5189536407441,-867.3165424328305,-35.73472107627681,-879.2124107575196,-1900.543385036995,347.4798673849825,-1716.4882621372294,26.991665260585023,-277.6301542981287,-1087.5586975686165,-602.3921785268194
-468.49359980358383,-146.71482233034527,40.223767623181416,38.76716396142992,-168.20223595489958,154.01103858431784,-439.7797310949289,159.82533470246543,5.384001991166639,-100.0641496159216,415.06714821433513,-550.5068030173252,-721.8556924771532,119.68329854103048,-6.236867104455234,207.74794762904045,-297.5622446123709,106.05050917618202,232.46847815728862,-350.00645171203377,-891.5589033426542,-279.9441389613392,190.3036425331527,88.41239629872862,312.29968815902026,755.9791359864968,-489.32243892956717,319.28126576963575,-124.29902857474616,-489.99041221686815,47.591384692009804,-366.1771113882708,-69.39026153424079,101.56263743848844,-512.6009898923576,-731.0620951671544,372.3112149376673,-173.53107535044163,586.925249334395,222.4666282934064,402.32661731155673,166.28901427229252,-306.5893199373057,-115.55606457907513,-241.24950830143158,-463.52147050713666,15.106440300033409,-598.3381565198342,252.57102285977177,-37.83520173670931,-9.216587080443576,29.819579630002803,-123.95809738676304,191.48127293798262,-141.2686246169667,-565.3148304032383,233.61096150145028,-1269.0581036391648,-131.91875764183987,71.60153762411323,-92.66823332358615,-415.90120454554057,-4.68336692808796,220.44456340236175,163.7409190416096,101.96617384898005,137.7371485968469,8.445212566483995,-92.3771455610602,-69.99208040185012,51.24386971232845,46.945717547096976,312.4741241959643,-21.532458074149904,280.5067690502273,453.2825318030866,-287.53446742693086,250.19701011956096,100.02154833419783,-24.704184056558063,-26.305709180409853,-194.81722837541324,711.0775439517967,-75.69765473186936,-135.73388818460668,-65.28498379960341,321.25278939189974,47.65815148387587,4.817631839836701,-282.24459473050786,-4.177921412584436,135.1209354776408,386.85307596459603,-82.41546208488174,-114.2915336376375,260.5115476409068,83.04673407675844,-290.25859563177227,-80.27032364404072,219.97718787765402
1123.3491040118843,845.9040482896547,501.7609797559622,1215.8486532782779,432.66287511483944,897.6298780075583,2706.1791606231686,1221.8027735403273,356.2049692581431,2062.661483478767,1278.323314329574,654.0147858893383,939.9381813794076,1675.3581174183998,570.232210887351,2192.7520880564052,865.8579395838156,295.7472951713104,321.31850209336284,2237.840357494733,2191.7429861006412,1273.3211473489207,810.42153296855,865.5249450161364,581.1481536064423,1140.4320697670137,932.3013723640092,469.8208507999966,877.3846084618765,1637.067096197521,1128.5666388481047,401.01981882421705,315.78986311373154,815.6057351005854,1537.4040996015983,2348.8675882496,917.876174786698,1655.8772602025147,1410.3668293760034,1019.1746707648635,1498.651489454146,886.6700336939033,404.91560116859415,453.485746266472,1190.4524165672847,1728.6016967469768,438.4014268144838,962.7412477802358,213.46946841100987,1142.9147350357266,307.2824297004931,23.755809051452836,409.5996149310559,422.741767814275,249.77709087600488,1044.7667588810384,979.7053000291409,2181.6773529124835,391.6194471819538,1737.2112027367937,547.9491085651448,1510.6261046633351,1287.2143555319417,435.44263958567916,63.025453703988,146.2820013176181,142.3785407340083,925.389512011756,695.9829900261954,216.37629260890932,585.7251194458845,1148.4478547212245,1367.3098706429184,1320.1296517350831,562.8907567596598,986.6104825350382,366.0789377684013,1438.5446975576347,1171.513448224298,1291.1805090765727,361.54189444506954,1160.7862040306254,531.2475355532124,847.5305309542717,1646.2647170747437,1127.0914077211262,1784.921348414185,1051.2312215901593,669.4743070526423,2469.704339101628,989.6039713166429,470.72049908253365,671.6998399537865,1297.8304114954065,1534.914478211608,426.870137375261,463.2552796206221,625.6209919687186,385.30368762818017,229.47422355941677
804.1298237988541,488.2258655663121,189.40202706716812,776.4805743009438,561.3221053984505,805.307722086612,900.8164723281795,387.45175600877667,594.8519530789506,1378.9891479224066,833.2070789114259,312.2052806712799,611.3825514783933,1042.9375691130804,514.1574410574206,587.7765695852129,-74.24364579139326,427.649459145693,631.1176443143266,-412.2059423651915,1633.4262637819306,273.22524253076284,598.1214692751844,501.7464699951978,921.6427514653091,772.4153943450183,-460.6841500619004,1089.412072530783,734.9645175718211,889.7208391874208,1138.4418720725182,224.22798947674775,821.1844743380697,562.6156352618277,190.04427147210671,322.27152154027965,1167.9751392730825,1026.8296744524837,644.2489957447981,817.6017666607765,1579.778509817508,742.5650946320776,506.0526841765278,421.2412734719361,245.36380932123737,885.727105315557,535.2274813375025,225.97142646047513,1413.140775395033,1051.5064434560582,386.20466479045774,513.0827758722538,841.0066285019639,597.3181311896467,552.7875943533003,208.96096068827464,661.2292491121482,724.1674193479623,57.25933269565025,355.430311745838,1195.8225176904486,-44.167661176069906,1122.7274667686356,-184.3904410474102,1655.892608945593,974.8570688398447,253.46716526511304,1190.0640228616062,184.43536378333405,345.4462466051856,511.4993046546926,823.3165057179876,1177.9625288408208,482.5019536872475,469.4277233206654,827.1645767765642,719.6062733129858,1019.713580894219,786.437028003958,1551.8078810662969,278.8206178786886,638.311918280902,783.5135052329229,437.58526613367343,792.1186374778142,1109.4224867735902,1044.7095822371973,-210.29763128656953,405.0530093906353,-160.5744864187243,612.1522985679843,314.0924903014811,851.891217525757,1399.6981286393975,602.6834835150654,598.9718309894441,534.5280382754156,507.0860553286518,754.9378374666138,623.3938658217992
668.8234098793125,259.45879794942294,430.5058608038996,121.97900929788248,744.9358484387496,607.3423344560941,-189.95792937682327,402.5888781657806,852.7058427342375,1069.9748208524402,216.41429281809138,944.0785788014548,593.9944484105442,538.6624040975404,625.9630678493346,1184.6951481356282,150.36041143369803,523.3829832281841,590.5700718682965,666.9745001260803,546.6853286488929,697.0406633000318,578.6335449126298,193.04132047980252,313.82198187547624,394.82452102501895,385.9820044418578,760.7886124965262,394.51251907079813,406.66064834940767,561.7452167627999,542.0086717789663,452.05606742890444,649.9746355582624,432.8697881539337,548.8954721653607,306.3929328492791,699.6901747477785,280.64708136385224,823.7678705053322,257.564595628642,389.6083168879224,865.0259382303416,437.494091698953,-24.205960712932153,746.5060219560734,288.0688314087923,56.301691342839376,574.187826097312,328.240458181297,362.76098608074903,361.98859861280096,760.6751247111796,486.3005938164262,45.84480692673275,-89.2379537587804,152.4066966478594,773.6650568536597,-97.1293367671953,1386.2353797379958,324.28854217722846,-164.45656609261613,346.8590485080003,705.8646088781564,596.6338060771345,609.6821875499083,291.05233328061223,1131.4736028418515,75.46106592444774,259.68868557852426,274.41169318501386,871.3298164368211,199.3085308587736,545.6554091554036,538.0305802468764,242.3155245138902,493.0116541161155,540.6728954929647,319.0320233425612,438.0411045254789,161.46125215629974,234.93505237084838,652.5208721448885,344.8738082618447,1021.7356932909928,247.70832903823268,296.6871713099972,599.5989625764887,435.77730146596065,1008.895258497434,351.80168863494447,263.54979043358026,823.098174064785,1194.6667785809586,476.7362136680778,1326.7021742127433,829.0874601221863,248.36052086679678,691.1359391077502,566.8342039778374
1783.0560913827007,1173.3775709633082,1408.8182195500608,1238.4439518930249,2269.05687023659,1534.5837396187094,1281.4159857192763,3004.321020486464,2488.5868608743235,2428.981683413733,1023.2538552379773,2140.381239874958,1222.0423404367266,1613.6375660920448,1391.259216687695,1574.976669283233,1334.2782563680526,1807.1832207926795,2308.3383303522496,-266.1550099848377,2508.4816840247013,861.4007269360897,1663.9218690231276,1763.880405702002,704.4172148999528,1432.7737646355981,1381.7539063609802,1491.7634495638538,1080.0383387240017,911.7229738633919,2721.8405095869875,2233.2069756270243,1795.2443003877158,1561.8444063813226,1630.875569923481,2405.580152287993,2693.848772634367,1950.8679953322144,895.0272341647695,2188.6285613656787,980.5002814714701,2483.3457385720894,3541.535755455855,1476.3387944095844,1554.2682913273509,2253.1863274310185,1393.6083542087686,905.2002954618046,2489.109780455406,1590.1179905303234,780.6057705058485,1764.5364853503238,2075.434145143357,1513.5556504344834,1566.7708409239358,851.4837540181463,2945.1492737013964,1320.7953672403196,494.88561675306124,2614.8696352616025,1747.3403546614882,1093.7198393109531,1668.1845731637563,1105.4808581132002,2159.7476447503354,2754.0581628985383,374.0460285500655,2821.92859656935,619.5028216763287,1095.4132260646384,1095.1745220410567,1579.8466882706846,1553.0808577821763,1191.8665902245118,1278.9063407495457,2121.1012099896934,3010.012780194115,1371.7744094736115,2135.9458813082306,2136.748477845039,848.1086548867754,1692.3580570405602,881.9587228130977,1627.3654735216392,893.243697692869,1994.6775569854478,1030.0354189692791,1055.9689508567446,897.024181341917,1632.6765885990344,1825.1283548608149,1018.2399725615229,2399.5214870306795,2334.110354407799,743.9353576129616,2432.4332868212173,944.1011601244508,1468.2158138734944,2874.121500135441,1295.702918573337
1212.6175425068272,1064.3845318931021,843.8230212695329,722.1727343414298,1349.6636800090866,1234.152581893233,1286.094305365544,1938.5466274802427,1017.8709793620839,2004.0761818344245,611.9919940755395,1070.2184971035554,2492.6534021228977,951.4484834603488,462.4001144610292,904.0870777913001,875.9291681082767,665.4332507388281,1190.6076114980783,1220.9614239315017,1305.931632149568,642.8651134536643,1089.1015786419073,899.342378551438,896.2903596454743,991.2228981454373,1278.4029752604613,1143.6856964638396,667.8947602065167,1110.851452733161,1481.145072993661,759.8024019492419,1116.2884841282157,911.5032664742354,1191.137737423833,1652.8383380330026,1227.5214752179218,2708.665278226524,1155.1454889059173,1481.080010815327,820.0097052182133,1280.4820852698533,1702.68849065301,1058.4999152116425,676.5062274974729,1930.056557417175,702.0687464256333,705.5223686544517,961.7491460408812,939.8028242916521,680.5243970773787,2690.3306632588524,1103.0918749413363,692.3600955865219,750.6455438321018,820.606062803254,1305.068934854383,1699.294301729928,-71.22270428033929,1043.4508473877206,444.8325886740761,1240.2866448192729,1122.247301722553,1374.1300840124607,1290.0817696948347,1002.7348577419099,261.9657341974783,931.6613964173914,307.87796579941227,381.9386122442535,507.04604540979693,778.5019063993747,897.1963652946704,962.70990266227,925.149118001552,1690.1380247771244,1250.6391136422033,879.7262720096546,1110.173662055554,1665.8627761200448,512.1131332329506,1247.9387468447087,1212.431529990721,1020.046172776321,1300.4320361523687,1004.5233533340272,635.4709197589846,637.7334764655056,491.60436448263886,1236.7431524361762,1265.2981892259413,784.5196248649717,1185.6430512908623,1710.9133555301119,802.3900593307106,1202.9138993314493,1493.2690559467417,841.5917833250439,1691.478159465681,688.982712104466
651.9636921960489,-609.0660565248568,712.8889315952007,-546.95211596164,1370.7906097606824,-86.84267340382556,-721.40178452432,839.4821836212036,943.39543011339,32.59718526328534,-420.93999708120487,665.7336614617565,-513.7954348905611,-241.5804175531228,894.4205387853484,-386.97213424724947,339.4390107099075,393.6022166691378,961.1499901700591,-766.5425877198503,260.0119227194934,67.18411302668648,417.81640608517614,-208.84387349975574,-620.5262088103785,-122.64810622016702,517.7962632387457,275.6472138576093,313.4347412339843,-316.2260995818603,10.812349844571719,1823.9289166546962,1043.2742257725024,380.03556378019374,551.4737083927781,601.8235214085385,835.726628243193,105.16364043090931,-464.1144311483527,560.0191414189841,-705.9740315198151,800.2435758064493,-76.58268611839166,673.9404389684903,232.28064104260898,-139.01987321596755,492.56647643166104,-315.8176659478193,1091.9050149051125,124.09093344157858,764.9050701196223,613.3171032574968,895.3839438348122,173.04051585177078,196.4408890954785,-742.5564214717702,287.2907245746162,52.67020921509422,261.41565576797746,1447.3206901467634,562.9285929424063,-255.69269291135106,112.77248393913467,-680.6555008489812,1372.2864532917074,1282.7699840103248,130.43759445995804,1206.5832258544608,-132.98921534054253,606.7792320259392,209.36179471491525,251.71979602982162,-633.2265399888172,699.6803610988864,-180.20013122112093,382.5879969924879,1148.2329540925832,-371.97777740613924,-254.7866342162889,104.19387697079055,137.5717022470672,164.97084290731766,338.7942606831772,399.7272478462278,-96.98071281624163,263.8880465960816,-508.9456620798142,424.81982652521737,255.2742420053851,826.9826410298916,-17.883171238113714,303.36390741346287,683.633724403949,469.36426827274727,164.84050077018497,981.3935306569632,-124.17002703670362,667.5561937878099,1685.3694113996778,563.3422031513602
1036.6858896595265,712.3567620431387,746.9882420350455,793.5801954692317,1308.758508176018,863.9400632451079,528.1345939861098,1540.2573417373515,664.038020662094,1507.9370178472336,527.2499317273896,-0.6318617621456594,681.550549332728,818.897209413939,146.95843173914014,886.7993549514903,522.3780758708301,360.7708551343783,1077.085233588256,89.5272681791602,693.1130134848136,769.125598972316,721.0697574640132,606.5025966229517,733.4146198221418,327.24159294417603,1505.5257379173086,649.1699451367364,498.84442829983743,223.206165894442,1068.8153534216253,112.766377507643,484.77474590900124,572.5013791850273,480.4821370338172,294.73112730152206,779.0475165421433,1896.0363226083846,1566.2985931686533,1027.4430794371071,1130.0933976014576,738.5087041320614,671.5353959884202,396.1069663282179,379.4179212830066,714.9952388687416,380.3323668682938,122.49952598425263,942.9116562335546,689.1867163577243,304.72907982152765,473.3348681326703,517.9014066698234,508.7357837619527,1261.1531999035094,-62.97337094116749,995.6362208492102,889.046184172119,18.718911718103662,1067.2873996481708,100.13501746911469,551.4847967663397,1171.6571832292886,854.8096825450148,1268.4267001145502,885.5377423580984,315.4905951898496,1050.3273630678661,-48.19494522476194,310.0525398086256,356.3600089933806,605.8334619972318,1138.4421643003086,544.1905082228012,743.4572834447456,1474.0924920312434,563.5893199765986,894.4781687361557,574.1131397567202,1435.1249502127687,852.2264906559471,519.6974093904835,420.79534874506885,566.8852273739632,466.14633479711523,865.9802612976147,355.8823507613152,557.7896316388521,534.0155099350394,33.26503397570505,830.8279235612238,582.7634215745642,1337.3084688006188,1269.20261442897,759.3171319626019,1232.4522072920506,398.3698015279914,611.2501897503805,978.7827802949907,618.1822921479861
579.8824562492216,904.7660317324139,942.1265757405664,951.3391591629231,778.078460223388,1315.088952179209,1436.6670653583612,1478.9204990943995,611.4191272958542,1421.5995940218343,560.4886277308352,1002.0509690583831,572.2058348396693,907.8164638335319,221.0106906273049,1379.222652207444,512.4216363751326,828.5211068507723,893.5528281683072,713.3002567601042,867.8168526362948,596.903830966032,1383.702366291332,724.1783923668037,726.5760934782542,962.5159197416658,352.7196252699394,926.784499658476,657.2702500613785,868.3740714801766,1072.1539766507133,302.0604595070899,675.7306104990201,926.8398692573047,646.2255745683715,947.4601725794059,1206.90179813979,1144.5243751003281,1148.6280460224148,969.8333000724919,1443.9104140471893,1517.6708582315662,1556.2629903039406,547.877894657024,514.5567564633833,1035.874270151132,829.0589481152746,286.37417888788184,1063.762330868037,981.436964360747,275.8297592831067,859.4524922844539,942.6149873738501,690.4529262456648,871.0523317189551,277.82379984850456,1334.4481934780372,806.6226860199539,139.3718946977812,885.2527619742767,966.3458615036161,696.8038462031366,1017.8121131084524,617.1462345120723,775.1487979254601,1135.233622550564,288.48640279310945,1067.3066794846081,317.5951378319714,258.153716704082,452.16071913290443,682.379974566789,1084.0415034672774,765.5089873894773,749.2756216620045,1433.350834326091,744.1717804167811,1478.9968429836429,868.3381528363418,1104.1348760064504,119.2147802338656,891.7444929418176,1485.7513644798132,959.5064807755962,1062.0258292902251,1089.5915886950304,1269.074489574638,372.88586447559294,368.1327172772175,1074.4351090574598,948.8789484826221,600.6745215634334,651.6485432578122,1499.0774628780762,446.09425759653897,863.9698613547307,1031.2573723220735,425.4684236017054,965.6888289612591,575.2675974222609
