0,1,2,3,4,5,6,7,8,9,10,11,12,13,14,15,16,17,18,19,20,21,22,23,24,25,26,27,28,29,30,31,32,33,34,35,36,37,38,39,40,41,42,43,44,45,46,47,48,49,50,51,52,53,54,55,56,57,58,59,60,61,62,63,64,65,66,67,68,69,70,71,72,73,74,75,76,77,78,79,80,81,82,83,84,85,86,87,88,89,90,91,92,93,94,95,96,97,98,99
-46.39763266566839,-24.732080217644,-47.51138046518968,-41.53184034316941,-54.460109060222265,-46.282959866001136,-68.44497732496414,-69.13775046681668,-75.13438687404711,-41.191980190856064,-56.05205528611714,-69.18511500369686,-82.02199043760993,-50.23036198070809,-56.291924106346414,-64.97094798190086,-61.6674200499617,-68.3735089736796,-76.17180476531432,-48.37088397003375,-65.39991627533902,-23.51758800339102,-48.8850863362631,-62.276554386466835,-39.667147097418564,-50.597194538363155,-51.279605031989206,-50.47666940736202,-34.96587273868724,-48.51875645971506,-70.90604815874615,-38.905340639798936,-54.97600731957448,-54.398309878844806,-58.69687119487184,-55.67508818378449,-68.16463014546973,-46.710514670445605,-64.09479589783857,-56.64170362675816,-69.24205669358241,-64.80190211638767,-58.949187948530515,-73.03947769543105,-61.99717718855325,-52.06721490002479,-48.16230383201844,-56.55557636481094,-52.2996036228759,-54.49548233794305,-37.75307508452688,-48.37270180303826,-53.23522783605465,-59.975511867142465,-72.09894556135477,-63.947369628065594,-68.59288900804695,-72.9120675307615,-61.37737120888233,-39.96452255504244,-65.11059837591863,-44.01510136612114,-52.56376514243448,-79.96528336920238,-43.00283229355947,-39.83576955929863,-53.7138570780769,-77.99963412084671,-39.80817727862457,-57.035498623750904,-53.070234769309984,-51.07586569002322,-64.24483684141678,-66.96526353782913,-40.05316024931484,-46.8417764095925,-53.73276824238034,-81.91789324899511,-46.37119353413059,-52.15597765207416,-34.73606614637178,-74.87224642360678,-55.49871819336615,-65.12201661698805,-57.193399331241125,-60.30968057525794,-67.14152571632724,-46.342527039405084,-42.16768850530399,-55.065072308845956,-62.27475847925231,-46.932295736933376,-49.61932944402914,-46.546091330402284,-57.763332568281186,-53.44322796299791,-63.399812045354174,-71.2854568360507,-61.69555372212189,-44.95083105993167
-22.334164742417503,-17.979382623324604,-24.9624858959984,-23.95551070058786,-33.50058898098331,-31.259350606207935,-30.270977501329348,-36.95253542725642,-46.36097810270415,-36.88516287002777,-37.40580069273778,-31.239853075062356,-46.37262518256538,-29.411300695193223,-38.2805028267996,-23.509783952535525,-30.6536615532425,-35.57030693218862,-30.06069970990854,-23.610168732114264,-30.468931455289187,-32.41653895903222,-24.948061089543035,-34.2608008592641,-35.87245997185547,-30.36201567155496,-33.604789167587874,-36.53814099599057,-26.537566706511814,-21.132427606366598,-28.572459246597123,-32.68027423954637,-43.53716008658648,-34.51387347474854,-23.285151806027603,-30.621990696689103,-49.86705398121966,-20.05744697990508,-27.927596298318424,-44.96503528897098,-33.11986787638089,-29.336494303069745,-34.29188042494957,-30.565702013355693,-38.74763690062038,-34.627248819904686,-25.320138957718754,-29.53724149067816,-34.86387087980646,-25.47099053072301,-19.116490489287926,-36.7211130773452,-32.31655229459153,-34.06963595688616,-38.61715625044865,-47.10710733265634,-29.48008357267531,-35.21310644270014,-52.5648613213356,-18.806761415861278,-29.913749881877347,-24.77457703373671,-35.818152237287244,-46.274463678099536,-21.09145139896253,-22.20968243361774,-32.385794556377405,-41.361378966316835,-22.112757081236097,-26.613107885958488,-27.69625926371466,-22.76835804900134,-36.59156441787,-34.852012975306884,-23.591497386383054,-38.869508685455635,-24.95544443245751,-37.454586131555025,-32.890432407832776,-35.75259960972233,-22.15934696734213,-38.17172248630388,-43.66067711593947,-42.48895433313008,-24.796919136950695,-34.31439793999917,-29.46388140161981,-26.607197895243722,-33.34638348693007,-19.65369313047647,-37.73956081710782,-28.929759304273464,-23.60619236625553,-27.8895370888634,-48.517761236428846,-26.603169248520285,-35.80355633696533,-36.223732938651295,-31.687152067540186,-24.327417900026656
-15.91173189200257,-14.920679349368912,-16.292874074489433,-14.511065193669825,-23.168931151320212,-18.994076339839033,-10.224029973225319,-16.551554371594424,-21.744182907176324,-22.204576488842566,-15.666071476149101,-16.86122906461057,-26.493321765141573,-14.227454263112614,-23.74518879476271,-10.081951558836364,-15.633002286572264,-21.136818064553836,-11.9473905467135,-13.108542296534427,-11.681660714323474,-22.532158911708322,-21.006453065310183,-16.331534465926335,-19.827277223180086,-19.60127910674176,-16.463353108292225,-25.849056499399683,-15.197826899367344,-8.582922230321671,-8.638653467387865,-22.025811361511543,-22.13949072466151,-21.841596747455725,-7.947349834379999,-24.164460143742478,-26.980845165305144,-10.496234606887903,-9.887790366312965,-21.685268729438732,-11.620122248798724,-10.432300080434036,-20.063685030280833,-12.863973876788862,-16.15728939843841,-15.234051890237502,-4.307493420790556,-10.390486323844243,-19.544099464706736,-16.008209171803884,-8.193701875105328,-26.83930650520569,-21.635140453506096,-21.096630050131044,-18.02765386007477,-18.418051305077817,-17.013921146813356,-14.699075671898362,-24.88308243257098,-15.796072159002582,-12.90010103382901,-14.993514107473754,-15.38663927629177,-26.572431499542102,-7.523969484053113,-5.940741891259743,-17.04624583846881,-16.637626397849694,-8.570032602622042,-12.272595794395322,-14.657534728117469,-6.3760940635451915,-15.292917524888923,-17.064410845182532,-17.050254379393632,-22.07929423296171,-24.136739496105726,-14.691398369124808,-18.976813204681466,-18.12986060758215,-11.890639959806151,-22.234183970653113,-24.738610275730288,-22.35363904558903,-13.039102637821689,-15.937998841504472,-14.633708888258237,-12.384850282448724,-21.52031754411024,-13.216561157216866,-18.586399874478943,-15.845505681669454,-7.312666828347722,-19.298583322248344,-28.254068904615277,-18.55175537843785,-19.969513992809496,-18.725488369055814,-13.801561693940815,-11.246052461147293
-31.872636683359868,-17.608204820583893,-25.319647214018506,-30.086739632828284,-38.86169096975198,-25.05501301120853,-23.062878790759747,-27.489667718055873,-36.09209043286108,-32.18587830041249,-24.548699548935314,-26.096713165668714,-28.72346825813589,-22.665190438916383,-37.60477202344822,-18.62891269739744,-25.910076685607258,-25.592699917653576,-26.999343283490493,-25.623575917569358,-23.787039499022796,-46.55155773247781,-27.936373651917858,-28.176476360169076,-36.7179981103736,-32.25672910225576,-34.76162700521788,-44.97878869567184,-30.794272573707257,-23.66916182042801,-28.225877902808826,-29.622108725716313,-35.1220808368653,-45.11223216331912,-25.04628567617341,-32.62609030715924,-40.85419735525972,-27.967347401854532,-31.296360840777027,-27.066074530266278,-33.94174636276243,-29.158952351825207,-35.51011107591518,-25.566658946648946,-21.575502400433972,-19.20551582726877,-20.002459964265174,-24.99865164173808,-25.212901470212156,-20.21061753085658,-22.94822784729557,-30.750154278148496,-24.11818361080988,-29.090357275846557,-34.107258496304546,-31.666809116510414,-33.3086411407912,-26.201580606727568,-47.45624705221086,-27.2014877230114,-21.608669069777115,-17.883449506379964,-29.81214850068958,-43.585091487574076,-24.676576534033938,-24.46368805441882,-30.687419906770206,-34.3572638259124,-23.11592076894103,-32.6749073799925,-22.7295768403734,-19.13779436884293,-30.048952894195136,-41.71611760150709,-30.57990261035252,-39.43580403863333,-37.175000270989045,-33.07937834993577,-32.82955101848596,-23.05646150822052,-22.829075843774454,-25.05959899386403,-40.880124989451964,-35.024074876010886,-29.00715892527756,-29.77266657100466,-25.42590213208476,-24.92208417637064,-22.644378437437958,-25.489011333533792,-34.22281056232425,-32.65860812844734,-31.37677028796062,-39.39564660727397,-41.147347283798574,-32.19479330142879,-32.2700883463336,-37.76726875619873,-25.050389511688326,-26.06719785500302
-22.969670778455956,-9.988238988294306,-35.868825506811945,-52.32425342091932,-19.069743056151825,0.2842278477695826,-30.511338495370453,18.360832094998994,28.526591487429084,-25.73563855441857,-30.556921406675958,4.9146352916769205,7.037508928882033,-22.157937732395112,-35.27935219338492,-23.23228658768988,-9.076419623531663,-12.585602161481532,-13.605200475220563,-57.50742727254007,-33.94521112310984,-15.726187995060274,-15.798946426040507,-29.40365549767252,-49.352233021378794,-30.311226929898353,-25.633755016995377,-20.433531271990113,-96.4732725014097,-49.20461027237308,-43.10751103738404,5.200383328091894,-18.641680794410178,-40.93949941779737,-24.4659323442373,-22.31737402402283,27.23747735681159,-37.97667793470798,-31.145397807517597,-35.93135884644318,-21.276248351554038,-9.994981559002891,2.868728639560813,-43.20177653608482,0.8764095980142599,-10.078190021620305,-69.19765230267981,11.927535927831528,-17.491089160603945,-33.905345729692186,-68.07881806477316,-5.76394632707101,-12.592989059791647,-3.963392220885473,-49.8837032713098,-28.633172411778446,5.693902226856941,-4.632704665234855,-22.516605208429265,-30.709234979391518,-0.8543930718536392,5.02360242777727,-14.975413827867925,12.207878062057546,-51.338666564092144,-81.60417011026904,-33.76676232979395,-29.445479507317362,-36.95346634054153,7.911278626602314,1.5598782450755948,2.5231597661933374,-12.47359723440933,-23.472315277569813,-7.399468408818436,-35.273979997931406,-14.354245883545259,-25.005385037511477,0.8400160485693414,-24.851948882489438,-15.247311555779703,-17.731032649985767,-14.665112493480462,-19.25526238026901,-30.362787002693413,-0.3642412593058819,0.5592265760616106,-46.86741406749311,-16.366966746792198,-22.35438645220896,-11.545757924768845,-78.85643926136892,-63.43958207542256,-28.999127488643516,-19.526264312042105,-24.996345373446097,-0.6957003069330515,1.3725159944843806,-12.140957666588516,-16.467823957227733
10.230490713658432,8.754875543432268,3.739013663236657,13.099297133234897,7.733270729572053,17.77619311358782,13.826962365624713,40.02437045227928,35.36662171685846,12.955191723428914,14.123593689990534,20.351823962853327,4.948781520952783,12.963588062994129,3.793232499294085,11.503006387257205,14.433955152254324,10.832842735973509,20.932012422731194,-3.347576464635241,16.919965237605147,0.16622781409916923,22.351665034557747,9.613932420788975,14.523385833203545,13.548466552617436,16.679476655146555,17.68263061660585,-26.402754206008215,-8.822727591561453,1.6717038517977907,5.762635371622003,-3.3563076384822335,8.93395622526704,13.877322096467845,14.307109036041327,38.39555225345353,8.990704631785045,21.600620048314493,10.664148117668477,20.884526863876186,19.38465610399791,14.785898333418572,3.5816298031632114,11.053688459415511,15.200664801735702,-12.072002680555487,22.031232964884698,-1.9958350498663207,-0.9591738683705755,-12.863759806527803,11.995135628621599,-0.8207575543272995,15.351397243122825,-3.4801923705708564,-7.026136209689875,24.61683705046688,15.809201863741425,-0.1856859300088654,16.4025038466063,19.13276391496198,16.751557931086897,-4.352434260552758,28.73494444645613,-9.35006616818635,-19.840108133584284,-1.4910743518835399,7.299026248086152,-2.902131093371197,20.7272393104133,15.74566448245442,22.275615743954187,14.771259294970148,10.365265454846607,4.933653851817887,16.44515152331187,25.663340579394646,15.371081649355983,25.494936913075502,0.9643079128236989,7.861828393503275,32.40623023569671,8.443620485450591,5.622298566802449,4.898197694594361,17.91271139759599,13.499616741361852,6.487321733941897,1.4488782446068602,20.25811580161272,23.41158355929936,14.600558674195616,2.831786725046057,9.461498284890048,7.039890698733887,11.177531593318626,17.9985953990803,20.682322903246998,15.941215284367939,10.612194164362627
-28.750352971987542,-70.55470974269302,-46.64442045176986,-148.45123753918259,-46.08479327094595,-28.32842581462946,-7.4082160000547725,116.13137944682632,86.78731319983733,-75.81278985482241,23.415414752874806,90.9427403899421,49.26516264405611,-6.349406211455788,3.0778627612154907,64.41255109715128,78.36798469429549,39.33415301012112,28.500493376164222,-130.2017879016437,-17.951894299796134,-198.17720256241392,89.73076114872472,-30.93317059324826,-154.69155638045913,-65.11411849237335,-60.325970107453315,-148.03497073939488,-162.0767188100405,-22.83484108169253,72.93785600624435,-33.51185121820401,-60.989509838966896,-123.59401846827208,15.626017576011769,48.17426811091771,-4.937869667184761,-49.50402008030271,53.69698918407006,-51.883312441142124,26.213877736183928,6.040488503760056,-13.766131336451275,55.53245347391495,147.04854714109618,-109.27727100379774,-0.7490574919481895,87.78186209242587,-111.39359950641916,13.575528765913104,-83.41027435017749,-88.81315602056286,-35.689301419988304,37.818022748639315,-86.31008992768281,1.4988866117465218,123.75451515211593,104.73313005449518,-30.431747116152426,-66.54313954912634,62.67678316902802,-9.270958403667558,-112.48484721947888,69.16454954899439,-87.36000369674635,-180.74540744173945,-87.38674953008946,55.3925028327844,-41.82905394307608,-4.4135102048643855,51.1863440316362,107.76512600262187,-27.1920090791035,7.252634928264744,-42.38099441672309,-102.01705884588932,-4.9276005642580785,2.470259546073697,-46.74276658429332,-49.66256811441121,-66.60056281399446,1.57940759698135,-10.422582692992854,-4.617602583075683,-13.618260041114379,43.74229537853152,58.24781691712634,-87.28967689208956,-78.87259152770737,69.5892246171527,12.215898502844329,-67.74622337910343,-94.0258621548907,-103.91128501492061,-60.42785697109502,-11.992098772598732,-32.09447009963509,104.94046461660577,89.67987040764476,9.248691604325801
-16.492502541630202,-11.248292286471495,-9.728939989883465,-14.41310482341647,-14.218764455477626,-11.301440788848629,-15.815715362174068,-17.005959767432458,-16.56066102995875,-9.574934981396098,-5.439334632721822,-15.838172572435997,-4.997370990209864,-11.677893895764175,-8.662159769256704,-14.623375932155534,-12.956958681654147,-10.398901646153698,-30.16403758741254,-16.145990592154437,-18.572093102220922,-17.681246617158227,-13.28777607259205,-16.475976900843186,-12.7503354688687,-19.448658861632385,-12.929966778320518,-13.546493553967656,-16.97385156195384,-6.5950980649305455,-16.729448682421214,-12.592472626598862,-6.369121995688342,-14.951058068395264,-18.532873382666377,-9.518910491909413,-10.513871107696637,-16.161545845712197,-17.824453681906757,-1.6659616635272463,-15.18520528336806,-14.123847890245463,-11.609874246441178,-16.420040254472962,-3.8242069838465347,-7.095823933107916,-15.310485727070207,-21.111249853259498,-8.650740717411008,-1.0435178780262813,-12.652426053371471,-12.476137794593843,-8.91285268104091,-11.249123909022579,-13.29941378329824,-6.29348470336164,-16.024916011145706,-14.58785976524257,-1.8001569099045487,-22.570927517137747,-14.536971259886013,-14.2411174880652,-9.317512120836367,-11.949180431900626,-14.759140942943114,-17.675781290568075,-11.979332823210228,-21.670540868275932,-12.209758752508248,-17.102202629685777,-14.553392158350476,-13.308517506536882,-13.385191076983443,-14.149994153194857,-12.45736493683345,-10.59920082461287,-22.11039543758326,-21.22192448424302,-21.6368787368164,-14.064529315016467,-11.390600746370767,-11.455318933211403,-12.07481072681045,-2.2233878973415684,-13.715285202770803,-13.493391003008027,-14.455534621475481,-15.147328991067246,-7.537648616560455,-16.407129101059123,-15.322156447558916,-17.921210640781474,-20.433178335595194,-20.18143847147961,-10.833392740414347,-16.39171720480574,-13.09464715777693,-12.95036628275213,-20.12124602617782,-17.669098064195605
10.536982924789944,27.21675307936684,36.519525417236885,21.906966366157935,29.69862042625467,18.504606768028783,20.110258193013895,1.597627003167795,5.1069459491331095,22.180091246976403,22.232786886343984,18.83178321560035,28.28472619255063,18.430156419612803,22.97371565579549,11.707422309129687,22.442332444655538,14.803040385986275,22.98477165615909,17.627679824925057,3.8800903158768403,19.093127959064955,22.882286038483198,9.179085485508448,21.22694768594369,24.58249327853086,20.289083594115883,22.182238052329584,38.90423458058224,29.843112228713945,13.78341829898839,28.601267002434273,40.55125218943408,29.769057852904155,21.569050091718147,34.94319190163385,10.687136423199604,16.611861472973683,13.86228276436722,33.27533820879004,19.958828898565425,20.079165055849913,26.23922035129099,21.71571771064764,24.399786351346613,24.130615172274588,10.164526296406752,-0.7644888699909305,31.33405736557493,33.66249010289452,18.773562874927837,30.430231161258465,20.27138785060167,30.194127605470197,34.9425135462417,40.25663569660069,8.179669160458392,13.178100367994535,34.83948568002997,19.28826665888451,13.124883412659905,8.799668759287302,14.588096378907132,11.051631887556129,8.345879492033225,28.794255770945487,30.01741211510215,9.582872583126964,21.045217785427567,1.4201358251787344,3.2197644332673527,-2.522166492228166,37.95213979609761,33.627602756821666,22.76383792315281,23.441858272492812,19.374106608957355,10.167513547841626,20.579424307611273,27.06207702877547,16.580441040597346,28.020248619641162,27.764651973359513,39.35854244621704,20.900135002064168,16.362429622445347,15.665319037330102,10.040207734274787,29.73263831818439,-2.878174484521162,27.645309714605354,11.35885662723481,12.867846112337215,9.024204740314511,26.138730137817646,14.218024358433365,13.41014298785627,24.678477766476245,10.859639308246539,6.755895648097343
92.24824912073197,114.05465512018758,98.94863448953254,101.52920461910679,91.60558742462888,110.18438279386622,108.61795520862835,64.62138222344846,66.9540272332679,105.438727562754,99.54626562893348,82.29857915327605,104.5259954765162,108.29068762598943,128.4982433592239,92.13467456070073,128.1783082556057,92.25192919498862,106.51658530133815,102.44010979322638,90.23943350677527,103.78233083243155,143.47926600878552,80.94176844081856,124.42474466143466,130.6673929756887,116.69685094322183,112.75391873539799,131.07917142964988,63.33866926798239,91.49275352263679,100.89013088464502,91.14418699458162,115.72252428827085,97.04574521348516,160.265392565343,87.23915538912901,136.8856658819997,99.19507648468085,124.6090508511094,109.3851427012193,67.15893674575628,57.10605295816363,107.71306788646648,61.66787388959545,73.81999432088783,70.12220772571554,93.06204834499317,102.07928678647907,108.16546610757123,92.73807301833851,167.02329295621084,97.45331928770743,107.20700862008003,88.36287624572307,74.04327980213638,94.46338000666853,122.72041839338654,98.20634298846042,152.8338179625422,81.75929805210063,84.35438735360465,83.45060911401696,92.76492207977697,99.68322964685682,81.6226697995051,89.92171848203648,87.8524179527668,137.7106622455833,91.83664776784555,75.88247096359247,78.59280648163835,112.11499433943685,116.73740311173772,76.2893282251572,98.05911543149637,147.74195562090827,137.98166376855121,106.00229676984598,75.66407985523071,103.20363805123533,118.59937182882464,112.82108343249804,77.15731389021595,99.83510976305955,75.57003687071638,107.9690098576171,121.03869973161602,104.05630409261103,104.20553416957492,75.6218438522792,130.16689580348017,107.89807019459822,98.6606671707659,152.79296904701116,85.72758459230401,81.6551560122721,106.4216900477882,67.0473588473941,104.78668530689842
498.14376085689145,556.2707126124907,600.5575020570179,471.19526239032916,768.4863846622737,535.9786492084512,566.7491776867777,549.0921235884225,510.38632357976513,783.9036226732939,760.6529472908389,602.5488160395128,572.5061941252807,687.5403904200805,592.9266291989381,499.35234554210655,682.8919256634473,578.017533240935,490.84447484530176,556.886605345063,602.0385787854532,631.2873104261597,576.161011468674,586.255627797489,538.1862261161724,579.9963213877073,617.9640624722742,536.3718087339826,730.2423255326546,539.2337846791845,530.3411859538624,548.8622356515498,892.9956019363489,724.8474644454685,586.1436483268579,747.1662953245071,649.3137778822936,503.71504869938883,562.0427634175153,640.014546312398,802.1827995271248,471.2669186983429,465.9440003529503,359.8234306207388,652.596608203225,734.6250145234202,613.9202531100253,779.5663715641379,618.4857385047446,638.735164609321,406.9581087645704,546.2168658751383,778.3489422355347,702.7878828894045,577.8235623697237,691.3246301147301,450.37361759327007,542.3623423633502,800.112908777459,491.1292129714876,518.1116182188458,579.9068453492182,667.118556474811,694.6389947530178,533.0101091938076,729.8749259553089,714.2174268211735,410.7097486235955,572.4110138449329,492.9007069781432,617.5907990283343,558.8636398320617,758.2964502488315,670.0795206890679,520.2763091740228,471.6520233704713,591.370445784456,471.1562239270705,525.810873751689,555.6807586238107,446.21307098907243,620.9302794683298,704.8452011419672,676.1113206266872,554.677060213997,450.2148163250017,544.9328229410453,472.4054483339697,725.6884237498457,637.0642295761462,651.0216610154309,514.8032615802723,544.9510026731225,454.307848503012,769.4867432846971,478.39184047175905,477.8476009381148,621.6395407501063,413.4872401046541,575.3401757318478
-4.055774483447804,12.0430565277882,-3.131900203856504,2.343328849231037,5.70860940385319,5.448537704974517,-3.8385882650289425,-10.413150814529764,-1.516183787506984,4.197281604845608,-4.723216100499578,9.506518020462755,31.764207229013785,3.4914370656702167,3.9428919419326927,-3.121448781241264,5.222968724830118,7.576074414194733,-26.35797391182655,16.631990510989834,-1.1626953064359693,15.403070748705431,-3.7759917569276027,-2.1258725626490356,0.4081593925028071,0.8013824281217989,-8.664563306701025,16.344346511949873,28.514641006152136,-7.772562160237751,0.05807914260968791,21.98719570674488,6.741113925548975,4.277917168415193,3.7852751254571135,5.889266419845703,14.276564005257741,5.704513064546492,-6.261778504996125,19.37998254537593,-0.6081505886637578,7.658781280402014,-7.654619763830348,-8.733377185502722,5.456475877125774,12.374693427222558,4.084831655644129,-7.804603864592549,17.49170723583696,10.979319469704855,20.60458364275827,36.746041248338514,11.018366081033237,4.241494228830959,2.1004166013284973,0.5726941763225002,5.50288938389152,0.8032602064856819,24.352226696916908,8.286945607322599,-8.623262504075742,12.035804627980077,13.103708136083316,0.35847234297327624,19.648822062728232,13.404058356265269,14.986122699349389,-14.392664506707174,25.3647141427831,7.289476746828635,10.198685830256858,-13.676127148057132,15.116202735885869,0.6988083245127096,2.227009397686007,-6.7329276101696625,-8.229066807110446,-2.854884581269065,16.14560389517998,-1.777388582598708,13.94068065456546,1.3438943420041654,7.577956043622967,11.08326734207097,-1.9387388988755354,3.6065728892943367,1.1660792884924318,11.528945223595112,20.089824008625975,7.036365948918935,-13.268934370864734,7.862397049890953,1.5480786632408143,8.47787079458013,15.874787150999866,-5.57858090691907,1.2147660753484146,8.849749658276929,-22.702315688775382,-3.948971703283317
505.6753849050179,533.6311932792782,577.035059836243,661.1940827071655,559.6540768074245,533.8799923114658,409.4307280919217,144.2214016974449,301.58068865368995,820.6745598667901,672.8889129028092,470.241250719121,462.07237219154706,893.5492913563862,630.3237757171206,687.4760122073884,518.3968669028739,467.4237083847744,399.48689362925603,703.2076909989845,632.1635073229016,703.070741660885,738.5836147188373,569.5532853816165,795.6216397181067,556.4232557486067,346.45351123794956,594.1709565200948,994.1264761335789,486.30669172283893,313.4013266758752,620.285658893047,524.3748618513365,1016.8639273178765,639.1084838975039,494.3581385114162,469.34970547791136,651.4254875644635,373.998636977296,792.378250901743,466.1839794784581,425.11375396638925,111.6960752406057,452.4312451958508,379.56980342890455,430.6592655359678,838.0547310287124,366.28172979133853,590.5017765535363,629.9392952176122,817.153778548905,676.9921113007321,803.6035358435045,547.7590584327514,415.1108068833096,396.81154013123347,318.7605828564338,388.8585382273907,396.4723603809527,628.8442585343355,368.6363046561817,634.1319062957365,469.4575269204822,394.40192407503116,825.1645830332184,956.4097274817414,518.2427028224027,212.76840332578112,920.4834458257102,591.7484897756898,588.352876692384,279.05308413737083,683.7696514980663,261.3878319609131,354.80008305396694,476.32235337598684,612.4644484993594,460.2362965509411,546.0665697983494,384.07968680686525,403.13090611430465,874.9075323103879,490.01404873232275,466.1372150709945,364.3183985390645,191.47922688524343,593.01986999747,1046.9835697262736,795.1378071022732,527.7796670022716,558.6200149689536,1015.9822636044717,624.3392756341038,529.5263130680783,652.9674718512822,583.024615542391,471.9156141575468,602.0467103294703,48.9611499061547,522.423147318393
7.371129204424494,19.895050372565674,-5.525392118311742,2.384801149998314,-3.2992044914435747,9.159441347320934,-8.661898089977065,0.31429312011740923,6.661060866520515,5.475882635667514,-5.9444835191187275,-3.7966533959297717,2.001018466966634,-2.914039177184045,4.066255294933106,-10.41484345549538,15.441818736918496,-3.390156367327457,-1.494380301360521,-11.631347071510518,-2.0568141840477234,27.576975659825177,11.529940550942404,-6.280672593620069,-2.5653331038824287,6.469618266552989,11.232184026007165,12.329244535839461,9.341534241401167,-10.83911970928246,-11.761742043638463,11.373942180203812,-6.4690920593266545,-0.1623005638738275,-2.443075685290317,2.8034491271719646,15.405748172198154,6.38853851260662,2.470945887003803,6.667990779694146,1.400930470930684,-9.873711973708494,8.299968833769862,-31.147873110376093,4.179476367662099,6.960018551992233,-6.7533273920542305,21.253252708672143,1.1251610184590095,-3.549077274541306,-6.833573522387123,22.916584743142796,4.074861401925614,0.06327685559927707,-13.54633632094374,-5.080553442882614,4.952627244356244,3.0285884654088515,19.72955283283147,21.132767656473387,-2.8747993951001263,8.80594648257987,-0.36814202215934183,1.6850319613677252,-2.8931552283319975,-13.557583457165963,-2.518054321771456,-6.656811184395952,12.021639153729065,4.330478638329373,12.564583572056945,4.104021931182118,2.9341441669725894,13.34796283160397,2.8147260730265424,6.346258441049526,18.09584401581952,-8.09484631782065,25.145360623880272,0.6455402284553807,6.27402979391405,-3.168619816673248,5.908412651073879,-7.785286026093037,-0.7559572117407511,9.111436052450767,-6.785556586374869,7.800862278728586,14.073520406677273,11.140517694996653,-11.707727443521362,0.1418972435753994,11.53982894432196,11.00877417766574,19.047697013367895,-6.481176558870789,10.548793509204462,-3.4492960804316715,4.924631436070195,9.783903321150937
-315.74007289549115,-216.6218044959241,-384.17513280155555,-347.9301447672005,-383.21040856345587,-256.8256736500269,-404.73647550247614,-368.42077895494816,-265.39199591609076,-378.4479037040113,-431.7148690733848,-428.91400733947984,-303.4741088322406,-375.10930220844034,-265.75394372224,-391.14882678079806,-180.88813507391683,-294.82123667035324,-340.57176384772845,-524.6675856465994,-417.73679239308706,-134.19484365294633,-234.80530615197273,-383.68285022804156,-354.112976223905,-269.46765274055275,-291.1597786925045,-254.14314906382992,-469.5301047290176,-434.3323752986733,-612.5935418454363,-104.9246277456975,-458.7045746828862,-370.872761229114,-478.03854623170963,-387.92281057049655,-279.89211615173565,-315.6434150138534,-376.7168638752126,-341.65528905692827,-482.27177220752264,-448.4407759052204,-348.13110342801036,-414.2960558645626,-295.1381214322827,-386.77322188806505,-478.4636639697908,-453.36938901943006,-336.03132070222813,-445.89579329684045,-384.4493700133287,-140.66085435002697,-458.7852510776755,-399.756795143977,-398.8533947901485,-367.0029326212723,-234.33605478233318,-326.63695776838034,-336.8654163168721,-245.56879713374192,-338.4652720181307,-297.22468202936244,-424.8006311934845,-308.5659865166073,-448.1414863536845,-608.3432050353165,-456.44440700197595,-423.3131649702764,-299.1300104366544,-267.88433259367264,-330.8757169015512,-339.64937960407127,-394.98285295198053,-361.42782097168134,-271.5368952932009,-185.51185368140378,-256.62098994843797,-337.27951796217684,-301.4569449299535,-464.43592651840066,-224.41588740723088,-437.40694063681855,-265.5075678933254,-345.5529743011309,-401.8179405992787,-350.03476777364057,-329.8365957262024,-314.28408376139186,-273.763559018372,-390.13291293329564,-365.3883540330962,-422.15765203413423,-451.9791973801553,-461.9638465371251,-298.82808355260823,-288.02915498083746,-279.38811323432503,-330.83359889160096,-378.9322974860596,-404.88442715181833
-42.666099407586415,-56.78568690466016,-43.94411441960521,-34.179275825508604,-76.0676982305358,-69.95873961545995,-52.01301887720036,-85.3953947420415,-78.51899673232573,-51.95279713085697,-49.540280928683444,-46.12185932003467,-46.27085151863025,-69.02059417491888,-41.24264724579718,-59.82823539002113,-61.993899902078596,-50.6529075346805,-107.2889545912069,-53.45666084412056,-59.25540570222401,-46.88891650316234,-69.68018974917648,-60.74231669301742,-63.46408772480709,-72.7271939004662,-65.75890564617194,-54.53670577686784,-68.12569936048038,-13.123172795335012,-46.364068767020335,-66.55219701234724,-75.13499381069535,-57.867328330144275,-53.83452066548659,-57.49188114002082,-83.81065227376564,-57.000948360807634,-73.78391011257264,-20.62746293594161,-67.46223919109646,-51.174796204522636,-47.77663819896528,-64.87016226540186,-49.767188286477975,-59.903284829633236,-45.888630024312356,-79.70746932258525,-44.458217081463566,-25.553141373377912,-15.450657031948056,-74.06482635702999,-30.641690215685976,-71.21224204718243,-60.62723476167978,-43.535110152687984,-61.67436614465234,-82.37542832085656,-35.169298675811966,-53.084860413017275,-63.230308012511095,-58.00940706298095,-51.443925018275046,-79.38836389261496,-40.4444425163261,-15.858118752028442,-40.944360828568556,-72.17952500023509,-64.30827839754502,-51.83378858418906,-48.869891389541074,-75.84094936157368,-54.194814489408394,-71.12876870304589,-61.48935524421561,-40.93372560398533,-76.0535776463891,-77.89061560690295,-62.376000673121325,-46.00647278434925,-28.534871244890443,-53.646825869249774,-77.53592369593287,-34.60736810050979,-46.321044412325016,-66.124506408074,-63.61552571760772,-23.2064215115374,-33.654056132066465,-56.16973680618112,-63.413405260265044,-61.66762933945744,-61.01641326693935,-38.23350013424282,-66.61470089956956,-41.17710770459753,-42.45434683300013,-47.14775364262459,-78.71774720912308,-56.57021037724463
-206.74070104794276,-234.28323050638272,-297.2584611826712,-185.1626127381622,-404.84928751795616,-192.01115905028558,-415.40325613718204,-289.0607604593421,-435.3042339282047,-205.61928703666817,-103.57929657277649,-459.3331873865342,-298.2453055751194,-228.99161295828492,-400.5503443901424,-235.37540624091125,-223.94434033497114,-313.67995154207625,-104.01124331805207,-116.15039962989992,-359.56666472433704,-20.87932614406169,-148.17147244088275,-129.05799029366838,-4.590454804855328,-311.63154475743085,-91.19647095118968,-105.30057611222935,129.43215426892394,-161.0166616713258,-190.54662943797393,51.14039142196428,172.74077855773714,159.46531766539724,-69.85528139095497,-158.97104220656726,-497.27888664953514,64.4902712653837,-218.10696309654577,-269.9233199706883,-288.59562644847375,-203.32229828345478,-154.20381268438672,-357.07455198622847,-244.30970866849674,-444.7336382498841,-131.83590173472626,-261.05290460611553,-146.6971803599157,-119.29225551594438,-320.5637245074692,115.84620596911994,-347.8772734231493,-349.86286396565475,45.53256674385107,-324.5010864254521,-450.40366057695945,-366.34350432509416,-11.860520667988407,-206.66828060476308,-156.32754085016782,-139.4046505875265,-208.22559786580163,-329.3131643738036,-125.88993914959768,-288.94996600802483,-280.29189882543943,-449.7044134895946,74.83570319217736,-376.35052454476454,-283.66502758567657,-347.6042900078645,-352.29780410841886,-18.105528693612246,-52.00891487968968,243.91716529934214,-143.5007627308476,-282.5389195850098,-177.25764448892593,-197.6740497889991,-457.3681998001667,-218.4360015809597,93.32289900024473,-227.01068283524128,-368.37753168585414,-170.76577799159358,-400.30149530705233,-204.7189593946337,-182.7196843132859,-152.83145058231023,-399.99769008615755,-348.73108213362144,-119.10008812349768,-195.22698769463167,186.2898224677008,-236.07793662826847,-155.34345198614034,-209.08306791878744,-451.69491744457747,-407.66746553068157
-31.295939285267156,-0.26736821118735205,-14.709902882478373,2.0680358886384695,-9.091388888449819,-19.20147182695877,-32.81146436848466,-4.576219204169841,-9.73002623012964,6.223277567218821,-14.29552717103924,2.9765637799459617,1.7362488116425563,-26.858973368800502,-25.488306844965553,-40.640280037947065,-21.45141863194411,-6.715491687117353,-27.236597057732347,-57.12762794350642,-24.973638909851143,21.99390249299396,-5.4817631346179825,-42.982610886172424,-38.68257648601604,-5.715547543095437,-12.875866672417933,-9.740539472932984,-74.16516435705314,-26.71522628285916,-63.70882420310972,21.768719358626264,-31.187379481160402,-25.394815825229728,-35.69705861788762,16.107049346468596,11.586502354382052,-14.606193349657936,0.44436692863046706,26.546540062633724,-1.4064460527914049,-44.68043033369979,26.59094431905182,-84.66690932916781,2.690489668731257,8.450800237982344,-82.74982202852767,37.90108350763469,31.587023687475014,-17.676373335548774,-41.78643453415346,29.765098401920156,44.129349893660624,2.5720448160809424,-48.3841574850466,-19.331554366918898,-10.792875654189933,-19.173074648680334,-20.00801814183029,31.686187655530844,-15.006411560077977,-1.687477289728067,3.578198181023016,8.581838484464656,-74.6109836362122,-26.072765981932353,-12.729448072030157,-21.085716547195865,-56.18763126343054,-3.263648732489258,-31.49581241187222,-15.509673295911988,-35.1171554544121,12.001417687337856,10.199317292881997,-18.483265210311206,16.696254587890632,-18.964694504984738,13.864323959963372,-21.25357656422823,5.933760050116917,-17.828648120265978,0.950707998605595,-20.135691603115692,-10.640502937111188,-13.232123549490192,-18.191370171020548,-5.55442292338186,-4.017153822426408,-33.9171964579172,-4.194633611496203,-50.11392268316538,-34.11765722981268,-7.7103498130669434,-3.0808716026869325,-9.548778634134626,11.502492008538644,-7.010366098906698,-13.427927637741417,15.266612739869068
208.18116068640293,214.67318309162496,217.80595817366475,238.52878520099344,295.29689845096027,220.58610248903972,192.10756190044006,278.37386266645296,274.74751302974187,272.7636555390516,268.4471616359621,198.9435783802614,235.45620931357294,196.84236702491054,139.71440281998122,164.93236156906957,196.41384693516565,174.3186195874659,203.38373576404481,256.1349615738772,218.314120222713,240.98616969022163,294.29504374588987,241.32603525679437,342.8947698656118,280.34624229393944,242.60618460784085,314.7059499037789,266.7449148785941,178.07310611251614,236.45196759346103,228.54273875559423,282.7911351401106,312.90751368960525,213.14667658745515,320.71600264513825,257.4627551326517,238.6645412257267,196.81012116167838,244.08142555967063,262.52851308428745,201.98996968607443,259.77340499285015,157.63112005876962,153.87483790514838,220.1446227906983,184.28677768523912,288.6815505046351,234.78795501973514,218.27403201053684,163.36348504098825,218.62159449952364,243.66858385647936,186.0741984763712,207.44881749395776,156.58174560064975,250.3692301086005,181.53733842213126,168.22009833092298,303.3003456636813,222.6210236499248,217.48541357268184,212.1514036585464,286.00632626117977,235.9348486446258,238.6428062340878,209.43256692514834,242.3008609422499,261.7212842874028,240.6446469096667,228.19792018239627,201.590518720763,272.8685830883747,211.27701930634373,200.11568606100232,309.2051460868474,333.9174337406672,187.91512573305047,336.32605083978206,186.4845837180459,147.49931646754237,290.9671467257996,193.4507383148977,198.03047088138916,237.49583370986412,213.46927087535835,253.11258698541596,199.10429110061915,159.71933954532622,231.59364806306397,226.6519472029125,233.18290086283912,272.61981768274745,264.74429367520463,382.7269410547288,227.81571080936308,182.66199165522434,237.6819835713467,210.84175042444028,220.46423339176496
82.63706181971803,73.9711809693308,97.34217220365966,100.87919130840991,82.25575344567271,76.21905267474362,122.30684484113293,76.80612834619889,67.57682051932906,107.72212469792473,90.52851825316716,96.09744443701915,99.95108257473078,90.78530625951953,87.86068969210365,96.04043534237816,83.25651461569602,78.4559827686238,152.7507565492497,114.43760254479179,105.57477527925315,77.36018845124441,89.65580057278905,78.98333348538056,103.65177157506488,129.2218210702312,117.0884281708051,85.37763878317037,144.57922746898106,80.53874350653464,102.05433415249135,104.66355862631119,93.43113228857491,101.48195707782482,103.92949554719425,112.82339800605564,78.97864062236452,123.83455978168048,124.93874579088002,94.48689675111255,103.15790971035861,110.57509926744372,85.7716949130855,119.90560171445956,73.43755536899423,100.8253463158105,91.72141563326763,89.06958182188959,109.56868173581559,79.5478714776611,94.59788211659385,131.94552137310527,112.99425454557829,89.24635288634973,130.89482578482645,95.78349894179594,65.42141750745843,94.63764090701697,103.7276194719812,115.1796847184937,83.03706903088725,84.50638373773964,101.50152754713609,80.92637422655937,96.02227545063754,129.11176777295205,92.0623424101829,111.14052740120596,111.1052009535314,86.7333650002245,71.80526498635786,74.36407910301773,86.48645423748556,99.11074413048466,75.84457338403433,91.75516828865354,103.91305424947905,125.656300504568,94.58114069479144,97.33786028480489,87.6917137528509,82.06168634962671,120.75195222591445,90.61474740353388,89.787443454323,71.17321685160876,81.43003734524211,93.65204684421634,87.58816751495287,97.26661514779236,105.20800015838581,128.68013260485904,85.27744247711712,87.13200920882169,71.00038409049566,91.87057339820802,71.3178752024044,95.37414618067737,90.02023940929125,92.2879527489198
13.173826283693945,37.08048996504855,20.855482737360223,22.942777634589692,31.91516174775506,22.803982006198876,13.99003698341026,25.91951856204288,45.90633651098739,50.04997412585666,24.88301454760007,9.783735330315459,28.723336255479953,33.77350471034825,24.1120784609137,8.836458773156094,43.17364224601219,26.875205736623123,44.13750883604652,20.06703882002862,14.98697951601265,29.508325832386586,49.319652413198384,25.849853005105157,29.252989648853667,50.22827984786041,47.65508249224492,33.19678040714314,36.47862529110066,16.029921141390606,8.359250428624748,45.57826471255204,20.5863974066279,16.080981493446632,29.28257618038048,46.72519272920433,36.300257824892824,23.323698370571098,26.287516537029198,44.7277727766909,29.24514745046851,14.996834891463475,43.422569107207195,-5.090887290416877,48.06386533049633,34.83199170665841,11.26150669941093,54.80846233664976,38.159458055366805,30.714129764525552,-3.1813175719498785,50.64126247063789,35.4102567500975,26.77442078001541,32.23551684037239,40.11254083631987,35.627750756088226,14.470397358345648,33.54256075454212,57.342012228294976,33.677214316531106,25.95836325384362,26.765133123805146,19.797267715761947,1.2793467220101904,17.991725141372733,2.513694613834376,28.53743301214244,26.8600747244321,26.800759778307036,42.02940365413794,30.893386356211302,33.80373054603945,39.294640519604634,22.43493947663549,25.528970872118574,53.59048181971469,10.389438948951497,46.6295736238998,28.167016301613366,31.799894025161638,21.986946839827855,29.047477130036466,18.99865593706184,15.12769311435938,30.790331501122814,26.157949476825898,11.24967940455857,29.978982588082978,19.581597174650582,29.441870399253002,26.569635353029565,21.908871104388762,14.241505074284001,50.23798796058797,16.043355568321374,19.133094123304154,22.914461356538602,39.17127901349281,32.083585893650294
38.60822683307229,48.51776950290834,29.757303890119328,37.01440873308624,36.203982754088294,41.36575653634078,54.75068683780422,62.08086168805662,44.680969545034564,64.91087466313306,31.52011137169695,60.26601685907732,38.717901823693815,44.92296006399463,46.4328539633159,66.74307484815,43.563534725610126,31.703788210597384,79.78111381753412,20.92163289641823,46.64010413408539,32.341700146994874,36.0617273036672,28.330632997961846,44.52371608582659,77.19226282759323,65.090174675171,36.130089554342554,64.44360235224099,31.10471750603788,39.62182349391397,55.877219836046116,28.763149537106553,29.66749677129026,43.467001702201856,50.34176322837797,44.30897753420894,36.93252503576711,65.94997704905249,45.515860350380294,49.662259631069176,58.85310301472881,63.82058149090063,55.96683138274363,52.91821051309637,60.52953101754743,49.849980183808626,60.16882030884156,63.08770190234295,15.397125778058884,29.674037579656098,79.48989642849784,41.82313483134546,58.168428710641194,56.045429082417236,68.51395839385829,30.24217015670939,53.21019251212047,45.841427687931066,52.374771310075914,62.51515115734044,39.790580239593815,49.638914106906114,60.00599208791954,33.13800561772904,43.91930414118623,33.592853881854275,56.37905097759617,52.63066180297293,47.00133769096937,42.82979803868229,42.49274176104515,34.32832855933019,32.38750994761146,38.315686891179766,51.87595396965254,47.94709368548352,46.80716778033549,64.70323125950372,53.552116084218646,33.47555398205061,41.4205763099212,72.02172699583168,38.13106329006402,40.96017931838722,48.46523390628231,35.13563405061951,30.956763333916978,51.4991786658832,54.76222836015859,52.54304290836332,72.04222646819277,41.69083699313431,21.9548103812829,33.347510548719384,41.50594008489608,35.77617065487417,29.703786907363817,74.90260032699742,32.470413169052044
3.341470143519421,-7.9184028486636,-2.4946677087585747,-6.652407826771869,-10.242392034767436,-2.354953785749166,8.039412961768345,22.882921157532227,41.423904464972644,5.668164475902039,15.27434111970292,-7.6438655843406655,13.567422503004273,-4.774574094665688,-6.568773426131532,23.204676019699175,11.245043282574,-5.769498996229985,2.4868166280216513,18.863675853022773,11.181018585544736,-13.403574759602261,15.816813774824155,16.852821223705636,19.888849775821686,-4.519321168396423,2.767760379033446,-5.192804836752742,19.7747599236077,-0.28645039251179394,13.032491908481886,37.31371384018438,-0.04528253738529551,16.423556387164144,45.634627877611926,9.43534964227683,4.067148245790631,19.054120333999357,9.160213433651798,9.0539578581451,13.551901290760139,102.10712801417277,-23.146328424576485,2.6915844255676364,37.99139019849526,30.300237103824095,50.813575637034354,12.120742209654248,0.1436412582100481,21.196565012295988,10.08537890070532,8.592590042873862,-18.37760071241003,-14.454089721045149,-21.183000028684717,9.143327366329553,27.768692641036314,-10.313353205721185,8.555400563655628,-0.23852593591210272,52.46042184334535,4.599918258133242,5.1060497050703315,-7.036129022146275,29.998296778956487,-5.631385915577993,-33.090284733012574,-3.5499929994139534,63.02150806816204,13.281220066382325,36.154065183125105,44.64929024240586,13.529041598165696,-37.422172626747866,-19.62746544542172,-0.12951942295209723,-21.274283487420956,-19.916746111910125,38.22322879145722,-4.094416570991174,-1.2864711628143102,-0.028299678963605055,-18.99320034189129,30.80079000849922,-18.064230538087205,-15.681160525043122,13.995828512687629,18.418430892987622,24.739955774409516,33.92204399403156,6.51646587183314,40.62648940363167,0.8462646383163701,-20.607670867834322,-22.684623732163963,-7.5298914480707255,3.9955556540937707,4.273392316138966,-0.4885951296464802,3.4331478241527194
-40.04515811032055,-31.01632322725989,-25.240192313472026,-42.05600228118625,-39.48082879451852,-45.572919973943904,-21.236121125834202,-0.44329801661691287,-30.904878550333912,-24.404730394917735,-14.76433016559542,-29.525220032682668,-42.04805709719026,-26.9393665128945,-57.16009095469397,-7.458194581962068,-40.0633867003359,-32.437942785424866,-21.408482951694772,-16.030860423482174,-22.88545227090949,-79.49071885451254,-80.69180104070273,-7.9186273634509154,-43.31021993278433,-29.70121036687149,-25.51672437992354,-49.668420676877886,-29.700771736630184,-3.927220191528718,-19.971465484568977,-46.449954267229224,-21.47648915265846,-67.04686807567374,-25.580163509670243,-66.00241295203152,-41.1948240814103,-43.364556941880394,-20.496269667856794,-25.760050942078056,-23.019317082181992,4.234353700003469,-22.442779921735806,-15.798890457293734,-5.208800576523906,-6.945974389748451,4.9780005851553515,-17.750155992407095,-14.759776272233365,-15.92568858725515,-25.32022291187232,-53.660277702875135,-30.121237807393797,-55.41210443074151,2.0934396700696527,-12.190990759962657,-40.71455842543309,-41.172197842705074,-9.74398103273383,-27.051578120145763,-10.542067169055903,-26.442029500498386,-3.196567227699639,-50.67403883387934,-9.693258107771893,-8.223034142374392,-37.26616521464233,-37.59132146168956,-29.043194057450023,-18.340496063673957,-6.7237185861063296,-5.61676331219681,-29.98769382672411,-51.032505582502296,-38.19493819590623,-29.231221880627373,-65.49237316517632,-39.306090776889505,-38.970105492959895,-26.610058665340926,-22.145035335677957,-41.08096451995174,-49.38600579827524,-16.34556981417394,-25.09920334811376,-16.632716192350525,-42.9018135553643,-37.391745911758306,-26.75467150853513,-19.854844105435003,-15.813638712393738,-20.085594785748146,-35.053457630551996,-51.69916356468749,-69.06643434080914,-40.59218987833885,-45.21502539433359,-49.595708417613814,-6.553556484513808,-49.38370704431935
-96.16746523561025,-83.90014525089116,-80.9455041843459,-74.6144969624761,-121.21748082861164,-66.95541606817727,-70.10230208967211,-17.904057079055416,-20.48480860520336,-134.17714827554332,-72.36159922244445,-64.35117780020681,-60.878876571584435,-126.11980473870877,-173.70442692525845,-67.570258321186,-95.12571920639814,-38.90014892708173,-66.47063975344678,-46.692700546472956,-67.96570868536848,-132.1373539797134,-120.44093770834758,-57.125704544179555,-64.84251600700269,-107.90154395326677,-91.90430995539083,-51.8438391845232,-131.08403403383636,-57.931770900409866,-56.30948287590975,-59.835170006290475,-120.05805731492974,-96.09705865456421,-70.61302308355069,-121.09990489846594,-72.11636896543173,-64.3305230239923,-61.92148708854017,-63.194158008278826,-96.94732030039512,-20.115463470930013,-42.256712318082386,-64.68639947974707,-67.96941997318994,-26.492171199630082,-87.08214368878443,-72.49556003162469,-22.66422840981541,-69.19144694255343,-66.15310497867581,-53.77038611656389,-57.43311795479686,-119.7486334648221,-82.61009680668755,-116.58956518787748,-58.09297387938092,-114.78421771753888,-155.1585097662627,-75.24746791159865,-15.854522335913636,-37.78819136086668,-23.942393527478483,-84.78945190266617,-59.45998275165714,-57.616452264714795,-110.37424939567302,-90.0348327464944,-74.61161888145237,-25.229046775332172,-37.94924956871896,-43.58067634304925,-79.25361079374693,-145.62605898470989,-84.08540674034599,-75.38613207190049,-114.60240154724617,-40.325370879597514,-36.75805684032008,-68.70263465502926,-74.99980549660151,-77.9463801061555,-91.17305296551163,-60.832432273364816,-100.97092048573768,-54.07345302449545,-55.39224302699756,-60.33938158881482,-85.98721733626962,-29.079343547922903,-57.13098865865084,-86.63275742764868,-104.75167151559175,-72.52624581160202,-125.70509708087695,-72.04114912314633,-53.05325247828973,-62.21374823383259,-50.433038814528814,-90.0797878278072
-34.28846795103202,-19.544156909987286,-18.05269949519538,-50.68320264448481,-26.24288719350704,-20.326678872317018,-47.27566388542508,29.30188765318479,10.298186170974747,-22.39873535241486,-41.57003349803991,-18.94968944201725,-18.444403460225963,-56.75393077491884,-54.22025600257548,-38.63452834831936,-46.17440781493471,-34.6641602317244,-38.669902278873415,-23.003704709624774,-57.87262060969655,-44.158802523370284,-29.233730050478915,-28.763908122350553,-23.521845117559888,-30.25256926595036,-42.381220398019046,-22.132020247249244,-90.19184671691217,-56.5006422990196,-64.39352862369896,0.948177208315085,-34.52123897956521,-58.1092294322504,-42.54885977066134,-35.5784076391866,34.20992664417951,-49.19468563813075,-57.4092623533455,-29.681304112405595,-33.291402244896915,10.80215195119388,-9.964995067031392,-41.88175309986016,-25.864133620544546,-36.216553822664046,-92.69615750310228,-20.337874825493984,-22.597310866723884,-29.19958239250119,-59.28251541674975,-16.2199657549382,-52.469768760957955,-31.43218851293958,-56.00074338738203,-54.444154455739856,-15.151459992720426,-51.05995295778377,-52.90795362463164,-19.63062032350403,-6.625199820580781,-15.6366619088704,-23.85732321394318,-9.364615307311368,-60.263764890052165,-64.81757073345223,-55.69431442579725,-54.26274635660181,-43.692647947654606,-5.824198518972862,-17.685341230621457,-6.773365312983781,-26.382299254501255,-41.065174976403775,-27.39607240680744,-24.330365993604026,-29.92866405409965,-47.9838817875031,12.584155769043152,-50.94608363550974,-39.03357328244317,-15.06305532342249,-34.34201448772953,-27.070077470078783,-47.89440448041294,-13.765226501926564,-25.825195412911846,-51.38601949311005,-17.64981019006671,-49.91547524948803,-11.769540949461522,-17.946693352428213,-77.18068549482697,-30.936048326114893,-38.033843291766445,-29.920354386144652,-15.579625873152235,-45.0058840269436,-17.333125099188024,-47.87024123190638
-73.17580112527259,-62.85505477962487,-83.37614417668695,-76.82166335832342,-68.03995205547442,-45.05283654450512,-84.364782680004,-23.747657993457278,-9.354003010472972,-83.18908889033156,-43.15675113635962,-33.87115660169016,-69.60500101933172,-96.00648912225658,-95.22179409237789,-82.81764358385234,-87.96848760636972,-51.32458100035411,-101.61505739976515,-58.38662689118979,-68.26767075854119,-73.07253649408715,-81.24933638680282,-42.01341034765462,-75.5780471531441,-72.3520359422227,-102.12542371595771,-61.84240266266716,-134.0510772076972,-71.00922428270529,-60.89686567879367,-63.39952618065706,-69.18748087033642,-87.05388665136314,-76.55508972722632,-90.65374996226693,-32.758094062539385,-80.44784726857651,-62.69010782466413,-93.05979977814803,-78.69913675971489,-44.91950302610482,-37.561605417163996,-70.01813686465178,-78.7775144373264,-94.34917419752642,-84.14723441678925,-46.354771357507545,-76.2090013752207,-79.93774315890796,-78.86276526389146,-75.59588582928694,-59.991577877944316,-85.2064281187108,-113.75353994675623,-116.85934585108147,-25.141786369002418,-74.25369421038455,-102.16525120672523,-81.79510845468855,-49.17626645635032,-36.280882748926956,-49.430236138538895,-50.139420825161,-48.99537219535879,-66.13364671049337,-68.2761375561964,-80.73784326025196,-87.35292520396982,-11.246085012886185,-30.088674645907073,-49.53894782644398,-52.10438223088835,-111.0265165730832,-36.91848893135943,-60.08692645559325,-47.0300665125837,-85.09999354399011,-45.77487174565354,-91.46429041817925,-45.370442070253354,-64.88971096063226,-87.08874053623504,-74.8049764296996,-66.21691859096671,-35.8464589148891,-56.071848249240816,-80.93963933095681,-93.20308429341028,-25.102932764771023,-71.56397251366741,-81.66298259745487,-90.59274369625746,-49.73490587385586,-60.98093259966206,-64.7059755549196,-59.25033326996255,-45.179463972036594,-54.95736156195347,-62.9012731962693
-334.2615619608238,-275.0041884102842,-294.39647308773255,-248.79558749511335,-249.70066955720455,-277.46750043594676,-282.32054971203814,-272.82122624476926,-314.323644047554,-318.41008047270003,-360.9474648036226,-224.6856278032815,-369.76712108967655,-380.5537005386432,-254.5945656288146,-333.15507835820137,-323.85314660657383,-314.7684034048802,-403.46837575780893,-242.10322793644775,-261.2324421494356,-325.0627966974378,-314.85816289207816,-327.2102663062733,-271.5378142311685,-329.9462996925853,-274.5352261374814,-289.5035849946261,-316.0289275510999,-236.73506537816777,-228.55371499905576,-315.6108560294979,-303.9978826825933,-347.5910657658952,-319.62093638288127,-285.491414918856,-282.1904560794498,-283.7307979290315,-274.0268508874063,-295.5336976665562,-310.80481506790255,-251.32785274805528,-177.58973955884954,-281.2922682239412,-250.75527940415597,-341.2622638209634,-298.599848658675,-308.715165246917,-317.2015587523636,-284.35179595011033,-218.87550911728465,-322.6558652473997,-304.1561370765839,-318.57987087812523,-344.7982266812132,-253.64653394436394,-295.2734583163916,-300.6846994661222,-291.77537795126364,-284.4786222135318,-315.1383950453979,-336.46287687072663,-235.3218667171711,-356.1834489237173,-324.78132391957,-282.6277267376746,-299.99112121056726,-252.48681758082552,-379.06656965561274,-321.2760232841141,-298.74219789133764,-282.4577938043113,-340.4107935389167,-278.0264358969291,-215.64781712671802,-331.71147341538307,-369.7050107104836,-339.04688560391435,-348.04752379086506,-293.1447365591211,-256.43504909379465,-388.8780794831795,-273.68759540257986,-245.41800625932854,-257.0479632490419,-247.94925241428174,-355.00059120702235,-353.68290798297136,-379.16910312804066,-312.21303842743424,-262.71327864468344,-309.4927582456272,-308.9234732607352,-277.08110709824086,-360.48521161063707,-253.28685771107942,-260.99291440335406,-329.24680318656397,-171.77329443860071,-277.6235029623611
-212.8412761442891,-258.5834144824425,-186.28173680054184,-352.82476735954936,-325.48022626824775,-179.47637367716462,-216.90664867208287,-324.62879036390945,-312.09713760152505,-159.25340548662552,-252.7943542805896,-263.15741599942214,-217.3031489088743,-212.44773317100083,-249.89653971965902,-197.21854084498227,-257.5025889419062,-218.7941125968567,-271.04563962129725,-360.1689039734616,-412.1715927871823,-255.65864724260805,-121.68261192117247,-280.7142221892525,-312.091012191235,-298.4014332346842,-250.18344669222353,-449.65032370809456,-387.75731422853625,-263.15519039592897,-349.6424964718172,-193.26215022514984,-235.56551964537428,-290.4112181621374,-294.7859907426945,-198.0972353492761,-249.22979634962186,-199.30244944720104,-349.9863884921404,-285.43892098436356,-276.7740475507275,-283.6893344863512,-352.12275855501525,-248.439717553265,-287.94792097429416,-349.26977878790564,-347.8703630920242,-380.3802687273799,-289.68285528976446,-258.1523677616922,-341.0076891702802,-183.96955521080775,-333.9206287099158,-124.10348307550174,-399.93697445966006,-238.42940582842283,-305.7121828112532,-245.3770153851097,-291.7994612839939,-318.3396032560255,-261.688685648698,-277.3708387582292,-349.89950476853727,-203.99089728074784,-349.26898222647645,-454.8812696626687,-208.1046023050954,-238.17441635851966,-271.06903704414145,-345.6303625251203,-333.5818924113585,-256.21772668130194,-341.01492495326335,-381.5043046685962,-219.72099201570754,-240.46620446614304,-201.0539199013558,-318.974951964006,-292.8986801912156,-323.16694841169476,-242.74538376845805,-258.54196184728124,-198.96162522183297,-211.92795626932315,-264.5223374752878,-340.59408129036086,-254.68802653082915,-278.08216466277935,-343.8070822937856,-358.4083592402769,-321.421009649768,-466.2924383559881,-372.8970193270705,-320.1646147234618,-259.287185683233,-196.35309189631337,-252.58328444178014,-276.3088183982579,-331.5985614068137,-247.87416432051256
-7.694176294623454,32.30903130856948,1.4833541639981318,-24.37763772654534,15.387395044077032,18.29515268818244,-10.019702739496367,1.0925637093908631,17.612664692902037,-7.94449060706752,-6.74013360683187,13.017240887186313,22.246511875298097,-6.79966178010628,18.916788214586585,-9.163531346766636,20.649483944075634,2.6016363242606637,-14.930815252118903,-31.917471216319072,-10.18381638455448,24.603044198905163,24.43253673140607,-21.387350816179737,0.7139132319812614,-10.781882724475341,-5.7451783263339165,3.0446090215864263,-17.44311739384856,-26.41706290491056,-34.30532936059951,23.742653409851933,2.603415299894586,-3.4455715968387346,-26.78132352754626,14.023059284406816,37.35259922773727,-11.048994329198788,-16.469278534792643,-15.657285194501409,-11.720514734538579,-23.505933139947082,3.7194767720160007,-18.641627820175533,8.973404135828433,-5.402902253021761,-28.769514381530108,1.9158774792491358,-5.861160245969595,-0.2963170804884053,-18.534488808211133,17.179842512539455,5.935840389484007,30.393201995745855,-38.101285004001994,-0.5476742175014637,9.390602761840322,18.162165596130613,2.341270869350532,-14.769518270222726,-9.717949708024939,0.4274287474953082,-7.804592118078744,12.990362414001398,-30.346968220420205,-55.55860608189116,4.02188367914502,-10.055996703886693,-11.690465276728728,3.0855271373445037,-0.9067361037729741,-6.33041562808173,16.706979330785558,0.3274881260651697,13.734744130808146,-10.432531117037605,9.961873883162971,-12.812999203526388,14.13266112370701,4.287313958882929,5.710460154497779,10.01395047500059,8.83168053938558,1.6192094843625084,-9.557631147086688,3.8821459797558293,16.952348165771056,-19.121053589083832,21.627392630244312,-22.164921049603468,-14.340003326160312,-34.73415929934815,-21.164732040831286,-14.314800676746183,36.56909083080838,-11.812095094966566,9.020399474164499,5.85205741299618,-2.522456562490933,3.8876151396923864
101.84497712314275,76.28372745069333,67.97878238936661,103.41249846392935,103.3431340531202,57.49820600108064,82.16212743685975,-7.602054264468277,0.9339291806556087,85.70103368630424,41.4132383219815,88.96138769406423,68.05211862866821,72.72098395368575,179.85060539193879,69.3902712759914,87.11023272311174,79.70105766429498,59.518126632066284,76.90174964999517,78.21720614463769,113.93579404559136,107.78949658936044,95.16117966625953,86.3977500037536,91.51195614638215,94.08934842944886,113.83103491944148,123.3378057644308,81.97396148178791,113.67845225504757,31.948215597627918,69.41663138991652,152.00184340707037,83.88705330964642,100.55779466626728,49.04080523195501,102.36392413631852,96.50456562426075,48.31938129533631,84.1939097004299,1.8926788506978485,53.189567070475064,86.10126201494086,36.118323453124525,10.349582044834976,99.18681252638564,54.48056233402484,29.14939130255334,52.10221198324875,103.80695833428254,62.39436596130409,44.53161726191268,88.76433787640708,98.56052157060569,107.48523059885711,97.5439640469574,94.11798904617268,126.29052914030565,67.55251753746198,20.926907326571627,25.706661801895052,50.73135761926314,93.78296131534894,95.98355664791563,69.18966700499331,106.05845510164227,106.70841483454103,45.665013526719505,49.25074201645738,51.50860247009013,38.59942872813093,95.68534261309084,147.42656231226755,98.4292726073129,94.1328413856608,94.40029439830593,91.84461700513462,28.149725153942804,53.75869331866174,94.50779144146256,38.50753098493473,94.46650044111756,76.33092971291022,120.64691399599086,64.60311709167166,41.82792482655814,69.19391676036548,40.796148020187324,85.42436638381685,40.56892893981502,91.97707843911614,126.07136481082777,116.16265125816459,126.02320556510999,91.13246618259001,76.20346647187706,123.67403251222443,61.555536159803985,91.26420103333606
-59.73803245447952,-19.84219767904443,-13.832733029778291,-99.86195638571789,-126.42995344540034,-41.875408406511795,7.158841264496859,-136.29472022109718,-155.29204448366062,-119.70002689861437,-78.07911150273983,-35.04520420604104,-82.97831637744187,-42.81678206763079,-10.622391071767117,-9.89751754483669,-1.0474212586303593,-56.420173249474594,-36.51025885151408,-103.40872820788711,-50.791893235073665,-98.1110582458262,-44.43799782266388,-97.44109740327272,-104.8829617713322,-107.4315264005628,-55.403006771294926,-176.71347722171834,-81.98223922984134,-42.42425205077115,-53.74586867198336,-150.3779738185769,-111.64760902689964,-88.36292572337946,-60.53150210367886,-107.3294820238912,-195.32546405482344,-11.758384236257042,-73.89434214020515,-74.1483536491711,-47.682218392789174,-137.29655509139363,-159.78131040240282,8.664230105853738,-41.9972983666265,-73.9367393936067,-4.028065743893168,-129.075556507481,-107.60832540313878,-28.79279011890413,-17.383445777929563,-93.99470556975199,-94.33416086462213,-4.91160553669838,-109.29714183825061,1.7266063568180214,-78.65272543699938,-11.43640504296303,-109.41400711992122,-101.65498322485003,-74.59100831023754,-98.41848027459547,-159.69739382718734,-97.10245889636366,-60.48365437235068,-115.61986198240737,-29.243957641559117,-37.81263503361905,-42.69021989426424,-129.35094999046248,-102.080253815671,-36.11858189842251,-87.26962662032379,-120.76432294049452,-111.42662542371785,-77.9218180644854,-75.92412782856375,-19.723661464121317,-97.864606659396,-39.56638972762806,-42.73921803657118,-96.47391796815631,-91.00953741923294,-64.78352721298636,-61.62425051752433,-101.47138113639802,-34.35635711117645,-45.058256672507916,-45.50415919449572,-104.4218883347621,-144.7176739556621,-127.83574963367357,-13.26072241778575,-78.71469258359281,-67.46269019762636,-72.76101124731596,-76.02772952815656,-75.67280238056722,-75.00225138424663,-63.62843355350052
67.14205440694488,41.926629078654045,74.85985058400864,71.03447518931407,40.33061087528883,47.978138017089954,54.75168255520105,-14.969688154275557,0.9168364168923738,74.37552848015234,68.04854512641434,43.97337185712689,70.28989097751406,99.6891188509689,107.4693730999638,69.2696586294257,68.40203902655463,51.79739311847708,34.81934216799743,28.425005797215654,55.020023474198204,55.75051567681132,103.07570209285903,85.18958806692837,35.81440646329296,45.58861959511345,24.837637607965508,47.412149519052846,70.15559045073358,54.47178362162639,61.71267211284819,-17.05907358684931,96.40687518336256,104.31475664038706,82.45289114445455,27.45278787621274,-2.5877330917543455,83.87586792323337,26.916908545286468,40.134628049044636,37.87171671552308,-8.115522928794471,-38.8183807358254,59.66487179684541,-17.052694577898894,-7.305740273715775,81.74677298309516,-4.291802633674758,15.921073088717826,100.65629279565941,56.09003375814581,12.12001090378975,36.7945730793422,85.6724436116322,69.6855967812787,34.72420711544951,23.601499786095832,69.18704498856327,46.704035035698496,17.05772011472768,-0.047889604769193864,8.998839409360183,-20.23585184691393,28.5111834568301,77.60934655325171,41.71765070333424,84.57934405132768,54.923943427223726,33.198913486478624,10.154688699742323,35.50337754050546,11.39258015328892,80.355721814623,54.20775992175374,54.22061225960552,26.915563341135186,74.51512583555962,62.5067456195921,-23.05622121948724,44.464343993856694,91.13402871084638,85.62784624077281,2.736416185547115,51.674684833049554,97.09526371381624,21.482064313315657,54.41864080130914,65.45252490449566,75.10222734444362,27.737815917023664,5.386243225976458,38.052110274920786,78.99641762226607,94.8877280071408,91.6818092062408,74.784847064442,38.53913574212888,85.13334294822036,1.9805632744805304,72.46171849839449
144.85373983504556,115.19671662582657,114.52912114370667,54.16463794456302,168.82715821509046,102.87923801077255,116.12285876415268,91.46576631698484,47.75595324693156,59.42813954905281,56.072100964648,81.31481226794398,54.615192554948784,116.29014485913382,132.04006936761252,88.98703320639235,142.03124045785862,124.96392069876678,116.67370013706203,69.96397416308045,95.58656837551877,119.09163194156027,92.6583516064174,121.67149714614503,85.65507973672054,71.44043119484627,100.18376069362048,90.5836374043961,116.15147156100727,87.719280177297,61.544744213994434,50.58608878032559,151.84669948552948,161.5231804157819,92.86916604925644,120.81729932032253,79.80692762059594,84.13814098943965,115.63856847711256,57.826397456171954,138.4695229591497,41.78311605585456,62.958645822987336,124.42072761663962,79.37301317945881,107.98557860024847,113.71929758129014,71.76762184135377,85.84848764257873,80.42877347713839,112.66657822950438,94.39576866656745,94.28146414087648,113.23884202110116,85.42593627744272,141.23303718560777,96.04421992939174,164.02873605825243,128.92372413614513,88.60562772271969,99.06976430943426,67.14188512243585,99.57021774671298,110.7008785339589,128.9008402431123,83.18033092573846,129.6912425757141,81.56815449957556,58.60310333650737,101.49612901348797,76.0194632338587,98.21140080307232,118.5075962078537,163.58854927970137,64.62753710081581,70.35524243766665,107.8360628498162,126.02440601022481,57.6301115594792,92.03293495746048,90.9005591447362,104.37483467904734,81.79320471838798,76.38812588727762,123.29808547192226,95.39411338117291,123.32632346820422,124.287228633949,92.30361735634835,133.52264380873703,105.65097332274871,53.843366512095436,180.0873477511553,110.27836896838211,134.69025166230617,73.74527095488372,95.883972552838,126.05373072736336,85.80155528736545,112.72974241668238
-62.26644186400841,-99.4330846186586,-92.18700898909566,-66.94094041883008,-92.99752584853485,-98.32417500858428,-71.20576638694496,-107.8045818953713,-134.454894141021,-110.8398440045076,-115.5079026290341,-76.14778899892546,-114.27811947962378,-115.8060667067529,-98.25676905406506,-101.82639784655866,-92.44721667001595,-74.0723697930217,-92.71715196637379,-69.64988204193986,-60.516518149168384,-98.75804653133653,-137.57205853621636,-79.11197524956616,-143.72682770701272,-116.38589266247033,-106.13819397678431,-130.60056559326787,-116.56555143364936,-63.91773550822108,-54.20819569393103,-128.84193562633413,-95.87798680010539,-144.04506337571308,-99.29601619629287,-136.19498107239414,-142.26917042707174,-92.79473060425791,-90.8164960809924,-131.20812388236038,-114.69265610015995,-112.49652636422068,-104.76381833055164,-67.2072195928603,-118.32123759355369,-110.33407476540567,-66.54875499991003,-102.65033936410022,-96.94847665815415,-114.20296647692088,-71.83529020638083,-128.62237116285854,-89.5088021203818,-113.80982108914782,-73.81476026938847,-80.49127675092274,-104.5244294516244,-97.43562894778407,-109.25837562478868,-101.03052049187383,-95.33653264479815,-106.3189813351793,-100.9188060222817,-123.5102336982266,-80.94144091189004,-58.972634038005104,-62.43811024650389,-69.69468557259962,-108.79553824891772,-109.04068428846062,-113.83081598827084,-91.85612900796573,-109.37743029673202,-94.67574313387485,-95.04610279788577,-123.67808325600232,-109.3410616929393,-83.78418520211787,-140.46701403320947,-74.8675846614125,-71.12296800524256,-116.35941537843645,-102.69893790604961,-89.89577830157248,-56.26698144230995,-102.38576152746897,-103.52271168725522,-128.43884585532277,-98.91761197622304,-91.87040282919041,-85.45441523130278,-123.49875436612437,-73.99519389492956,-86.99531981165195,-135.65039260537924,-67.5169049926775,-77.76425704232685,-88.26608243467518,-83.47088204930016,-89.13791693109594
-47.71521866237009,-53.800039774575495,-64.90932171745385,-58.67282548225823,-66.46815265357476,-60.31738167172372,-50.16121557675327,-66.12738104372482,-70.48919236469196,-65.40550620706514,-57.16951683540181,-61.1644766238516,-70.56145075909585,-54.78958269864263,-59.69672405700781,-50.104952838463745,-58.278856967627064,-56.27407133548217,-71.0016227102526,-66.2339146529556,-49.4549521402128,-53.66726334255651,-69.3356687784472,-60.347766102236974,-72.07136637794686,-71.16376029344453,-68.2863078021995,-74.85732258127932,-56.238932739819965,-41.9752739687934,-47.500656295752194,-64.7438824182752,-59.75972351500487,-60.06297538497277,-60.78513254381537,-72.07025717269123,-72.83270315494696,-54.61290436283301,-60.94588916783647,-62.15834173595306,-60.997906859382155,-59.854228947501895,-65.30194303715919,-55.8987918741533,-51.456916307930555,-64.65576132726181,-45.487151686161376,-69.0208195301342,-66.00869918322489,-55.995777056863666,-41.722160576079325,-67.27353318537753,-57.726707624433345,-56.959708643467074,-60.35950486400839,-49.038337351895635,-64.5027689510439,-59.17341890711191,-54.45286559056644,-70.58975865604067,-51.578233576849954,-53.10093922721155,-54.278390097144836,-65.83117622407818,-48.40225428196675,-42.650737749285824,-47.85773066834983,-57.30349773021868,-57.67132847933835,-63.064495302008254,-64.56958208010069,-57.401031424359616,-67.94058135256235,-67.3199572790418,-52.841983055385555,-61.28180239464737,-74.24603747588635,-68.55766818187458,-70.26214909333628,-55.212582242261405,-53.099075442481436,-65.32466585593355,-55.876528972684845,-53.62479156337799,-53.33348846189853,-65.48195416241744,-62.63148115726464,-50.642278479151535,-53.7811382637765,-55.31022412431133,-59.37310852692639,-71.78205763290417,-52.39389130344311,-63.74216833553195,-69.40685020657882,-50.031160584532195,-54.57390382299218,-64.91381339207045,-63.51890940540873,-51.509511761386825
-293.8079391644291,-320.1875538924769,-309.34897583548803,-265.0260084366587,-273.0703803097105,-300.6032441746417,-328.2607866777621,-292.25924556363117,-351.2230762424766,-380.06924577407494,-348.8439740512003,-296.6393794819661,-445.42448972998955,-343.978164016862,-350.31456924995354,-360.4874093314132,-305.39668836610883,-313.38340191870253,-386.15878547954594,-329.89251221763885,-293.6726798662477,-291.3224354134415,-343.4998099950762,-306.4408386894507,-393.446854418149,-398.0164201981216,-328.710088058569,-380.8226735663082,-326.2279761985887,-244.24385459123914,-272.13359688914557,-372.9353880110563,-293.82077333301527,-365.815162947079,-280.90768647456525,-376.40874744316613,-333.96367464948605,-359.0026012771724,-301.8443551529182,-455.9051553315173,-260.4370118814495,-314.7866059123858,-299.1705179012928,-315.9428685186496,-311.94855254619176,-361.41997174467684,-299.6191873311701,-310.9196251010385,-417.36098034538503,-301.5979973222897,-270.96842244348363,-428.2101557490553,-330.5511147962837,-318.6694984439054,-320.98978780956173,-352.49194217629685,-281.5801627423024,-314.7099862065981,-323.50256890199717,-356.78900823435066,-291.3003347032662,-311.3624724675854,-284.7443723615778,-343.74556438746384,-277.27561355161606,-299.75252491167663,-208.03860859523107,-304.9316591226998,-377.1661793436844,-326.56855666976674,-286.1011379891729,-272.9627172094067,-303.97111843131296,-267.9939220901931,-255.9041499301791,-385.71225956314714,-376.0559418123927,-341.9529764299516,-349.0411950221422,-366.0576567313323,-280.68967247551393,-400.9649600105758,-315.10868017832695,-357.8165922735142,-251.2576353548227,-276.1632419453112,-329.84834638396416,-363.8248178458585,-402.44585728003784,-276.0568337301601,-333.63505088128096,-409.92167029114347,-260.3130290260753,-233.76136491623126,-358.0343062243151,-317.82508773397535,-292.65268798036954,-292.007324655365,-293.1655997702826,-274.9968178025893
-8.04375837813373,0.9795440622593976,-10.491807656753256,-9.88417454790442,-1.5706970297686982,11.982794914685053,-23.90240188972754,-9.326876410702981,-4.45005868271954,8.164567977305289,-8.021173541630008,-2.5105106770551613,-19.86500285038243,-31.807445427318108,-3.012798819469282,-22.191747172611965,-15.840096050879328,-25.062308230384676,-10.03559470782981,-15.693564163220964,-4.04226247920496,24.326736100020337,-3.450203370845993,-14.27282679032194,-8.658395875105912,-23.786054684293912,10.3503215061135,-6.315992769481666,-11.539295334802109,-13.103945241588969,-14.174663141832896,9.481694032806423,-13.137858053003619,-13.6584972908506,-33.97436898955486,2.4154969169862732,4.917339235649103,-18.359486264524634,-7.144158878626599,-9.863652680043751,-2.1649954675705607,-31.56154309290525,-0.33221714133604374,-39.09880041710242,8.67999264339052,-22.559355549342012,-19.35639673606387,7.087892983308054,-16.522899928422262,-6.652790964312057,-18.500010198224736,-6.742839134803557,9.469459319857384,-9.9969949527841,-36.193576690176414,-24.54428159250401,-16.911812729653803,-4.715928875447219,0.27261589431618805,-5.967884011299055,-10.653185960265205,-2.323061051800918,-10.962568372570658,2.330213269253573,-21.38867255439983,-16.0622307547684,-14.238257888438648,-8.589860624693504,3.998508674705786,-6.1847575255337475,0.2911827047784452,1.7171094344399955,-16.212260381581068,-8.152285686330213,11.956899265279906,7.523022708769041,-4.652149325629886,-7.598005635103232,6.366138855640761,-13.941774819751318,-12.332171151812753,-16.780145934806036,14.78177001667691,-14.680169017571561,-11.526488643216062,-10.93366968581847,-18.409647442055565,-26.78119174933074,-4.372303025366872,7.287715522973917,-16.481862743694194,-5.76719659547854,-5.344869027049001,-5.0297840282560085,-10.317649905896118,-10.176532212015891,8.621980667717278,-16.623672381333396,-2.359907847884003,5.995686016201194
-350.69650326270437,-327.037003021519,-342.32678798659106,-255.59893944200638,-385.3938156908521,-314.14011503174186,-305.8000944365741,-388.4418035715468,-298.3934910826927,-373.9848880436608,-268.14518871109277,-322.7627447256567,-301.3956338274023,-272.01280620845387,-310.58141148348943,-240.9116392882656,-276.82816650243865,-329.1057653603003,-387.8923140580345,-345.70242364059635,-332.0260275677165,-329.81275723257846,-279.30096737994205,-341.80944312561905,-352.9167781949748,-302.17694754767945,-312.9037450013918,-376.1148946048505,-341.83779400955603,-259.1081061676664,-288.344459886342,-268.1081823584104,-399.40117490590893,-259.3527432681526,-311.5201923209458,-408.37523340202193,-332.96554201341246,-257.2558646672093,-275.733058548756,-373.2843583172269,-305.0537412949776,-261.8154891002409,-364.04308386232395,-339.1989791729527,-326.8764236115817,-436.9451569863213,-292.6405337025898,-350.7415520580693,-399.5574758505007,-274.71862693343024,-208.65264790225132,-308.65271765465235,-376.52254319622654,-253.78791134480605,-342.73407703448277,-352.6343264591062,-252.2073691937843,-362.5984546559627,-355.80664320292556,-372.3648274424402,-330.0158600114462,-337.91158987943174,-294.7428314289484,-335.3126417523562,-296.3001840769054,-308.5309792171027,-271.20357246243515,-290.9123221622148,-280.2718624482969,-300.7742816661601,-327.7894468013299,-322.82894697002274,-271.9506985991901,-349.8767465212121,-237.76274434919276,-364.02763596417464,-344.1727644078138,-358.3193328609247,-328.53979930215763,-406.6056293507257,-288.0915828391241,-345.32275307875,-273.40597962909214,-263.2534446529696,-278.04758152938007,-317.2422330951131,-281.18838764347436,-216.98771693857128,-372.05577437474506,-354.6964083643904,-393.4137997310221,-363.28890717940754,-317.5235651341772,-320.0915126913229,-313.4646978427654,-311.7564718735551,-259.0173039002751,-317.1259538263004,-284.4937826145844,-229.90471236398065
-33.827380164018315,-27.51306686547051,-36.61917737767876,-37.85549631000533,-28.069272440439914,-27.735035858818144,-38.480135382791865,-42.33061211750548,-28.388189389160914,-24.717105498877835,-19.781117430411147,-30.323577751302697,-24.44620399675892,-34.078036468286655,-36.98281502669784,-41.622061206167395,-26.993433981860804,-22.635824885859087,-48.95174872471929,-45.89948287279753,-35.51577695989773,-14.447047406308576,-29.825761222326154,-36.835499432852906,-38.59649896203383,-45.713427076542196,-34.80926986006981,-43.16322282586731,-19.83774228238657,-27.109509393391583,-36.66772106189869,-18.727580074251236,-25.95111588902774,-29.68288111318744,-28.829012278624226,-40.484863719377145,-36.29923424541848,-24.764015765010512,-38.50173402778763,-21.532398036977135,-26.503960967173423,-42.41522252933078,-33.60266194106678,-38.00052725203727,-6.021046142078209,-16.10910330535451,-30.29933094669158,-32.41434909110108,-17.93119329929804,-16.311794773513153,-28.65936727374349,-22.412581287355902,-20.351589582533748,-32.43823208404443,-35.68996438712605,-31.255097504946953,-33.06598522420332,-33.17783136336265,-2.483260427501087,-45.49473964478708,-24.093185955657635,-22.043401794056216,-23.820943316666327,-30.37276190207712,-22.801069557370788,-29.216726544005503,-28.486061027790697,-42.25301729131984,-21.04840860496125,-31.38457523592566,-16.013275401772493,-30.62699953624081,-32.41895403288683,-39.645206408022226,-31.539616602739358,-13.269949487188729,-42.57669079450058,-29.633936185767922,-23.97585978543538,-36.06603532395048,-29.586583454882923,-39.82012169986209,-12.461524691323943,-18.07853814618426,-43.775184944254505,-40.608163902088485,-31.109938767305014,-31.522392752701798,-27.132911189727405,-30.017141191909722,-49.55537586353896,-53.82559540266048,-37.08314199932881,-33.76930810368146,-14.305952839483052,-37.87561923499948,-30.589928821608108,-22.96791865823201,-46.39518210356931,-38.96760327121509
250.2607746896075,353.97521793066744,394.56469823186416,270.69247606712065,436.01816924358474,366.50822294010726,226.04302839149088,279.4385753682157,484.0939279641185,452.32080749849536,342.019778317995,315.6026384857906,484.4966193020357,450.5342776325662,407.6771284892372,335.00717443955915,554.2039152674498,311.38309416718334,360.5318604767618,391.73683890067196,255.39979904129038,487.35155001583,440.98915500826314,278.56115421621126,437.0369436194983,355.5657144345218,449.6715516714571,429.86259994507714,665.7079704998306,255.99768237227855,132.7305845122785,545.6716162959756,277.31609320701347,540.2792959019455,457.07268432463434,469.5024895002001,503.35981746373943,443.7967827845906,302.329878645648,414.4388758355486,483.1861246459325,333.50622264485725,382.6956989622816,162.9587855287275,548.7069243975283,430.25124668991833,206.28976970319135,551.7091556005089,351.22326678284145,524.3936678337576,366.1933300486598,472.7137240041948,420.7663025518715,323.8550283941442,352.07589352639013,328.36787982865735,340.79822008001076,419.13749227634804,565.4389980759506,358.56383241110007,294.6416171675164,375.36848736154184,452.19033621238924,475.4231338596566,176.90106065628729,228.39444430833498,284.84675297103234,238.07389175002174,607.4681560599076,400.25371740422014,482.7796557335584,383.1647264855824,531.8378310154602,293.8548498159918,371.7965934442326,295.8370861430342,410.18907954588576,388.54226986247625,502.0667462499837,193.4505086936895,244.56899022800312,453.47134179261127,348.31045471871744,437.5260031906903,244.8484642497509,382.3691299861967,462.1490278104205,419.5855867421486,437.73143471778656,269.3931118678526,297.7935255179531,488.28527716814943,449.6669060815616,297.793834165524,573.0828716227132,206.93616822185265,340.2298901068483,495.0398858137509,291.45257009461903,377.05974955549186
62.87562324590439,64.44796670769823,69.57665973482042,59.04522170773373,70.86857520720329,64.02062902092693,72.88542859039934,73.565487451685,75.35261464857662,75.37204055774716,67.5838947033714,75.68390246569983,86.88865345962705,70.40510378801692,68.99440673498131,65.09294223552651,81.80637525776055,74.57308171357862,102.06844259494599,62.33729678825861,63.514510257958044,61.41207418226699,75.55964227626455,70.51118732279713,71.29728021940407,96.69903980918225,77.8892705267594,72.26938443868934,79.21656586445633,50.05944012705208,63.30884698292096,67.18060153337504,73.02382703349201,66.46298114125793,73.49297764718034,77.19217725936086,75.55956234111697,82.54093796142847,73.63192666658956,81.76444272181833,73.64390844746927,71.38698091653887,68.93842047527542,80.68849592162289,64.17978870045617,75.74835491422921,62.02646409870246,79.10738784695005,81.25672254942351,56.80891484100109,54.673682929558524,98.71127919419537,68.05240722558977,77.41388771437218,73.6283783033227,78.09555976573408,68.42002611163639,76.9345395864141,66.7243539693546,79.74386611023698,72.39209403473946,62.90704292338262,63.29784631129703,72.62257139044259,64.93225827131195,66.86578767241508,58.559238079603524,75.07414342381662,70.30995342664967,71.37474560972899,71.44066253944317,65.41555573936425,70.65494838815702,73.15363827407619,51.425250555102586,69.63975312956842,90.85809113917956,90.38023889566296,74.23124987389413,75.6495911380904,65.38575763003688,76.66412127944447,75.52612036937845,69.7103331017487,60.68936795874955,67.53180673856458,71.8509888142824,64.47886595167111,65.8593893169077,65.32704669790785,71.4090950088357,79.0694878326834,63.305288123719095,64.56677468220977,86.75031498859408,61.23671404936901,58.551778592195745,72.26652042054967,79.0168003761515,65.16249033642124
171.3010939051516,168.2586561044385,256.104696965179,274.09988706108516,257.87726739083155,198.1696128331146,241.14172458957376,159.57287815671617,173.57351921183854,219.89437869989155,206.573753589189,211.60684774319904,312.48702471982506,277.5651302684907,287.9038944630961,327.3091619262444,257.5837577542137,289.393882279973,267.76817825673993,280.48317659495683,280.56069050471433,199.5987918144541,235.6691847712479,252.88064440777217,197.17953497960414,269.2764903652934,148.9419314255707,267.59473705524965,286.79707711056204,215.0315275742104,170.09846702279103,350.63115701030677,166.2983105159848,303.4947727140608,346.2542808340126,293.98079279601416,179.93614117524612,208.69946666040138,244.49014241342357,299.16355290102933,206.40226062351434,220.5526263553811,208.15133649560482,263.863234951176,215.84828358204607,313.39821508363235,269.3146292696477,183.91378150037733,349.2963252088067,271.4885428239991,264.18467935609857,328.87515378283047,345.434008991258,181.48622104593886,323.9226039478391,239.49596114338095,241.4258136118978,230.02615650327323,272.07538085384857,319.0819210260008,214.86630232314664,261.9044946483775,266.50926314019694,237.06828502448025,259.7670647162105,325.3076728726891,208.84058267569534,164.23139899468836,328.8823608572005,304.0059195789462,262.07497260689956,144.47052577567842,248.18228514477045,273.6774700728297,157.37055357623913,208.344085021674,228.20221224699065,275.78985608178,217.84461169711335,200.81131494338786,156.4581395496981,273.32806715695284,220.48390474505632,340.6377170532784,229.920588125537,170.45408661148662,287.9089495793829,317.8174389374122,273.6499538388834,221.95381625994779,262.2653761043813,203.5353679347537,244.08423790577004,115.02946433625259,219.21841288987977,213.92868746091926,215.34908085193484,252.33231602146975,90.48068846810713,150.52719193242345
-19.22244909169281,-19.025633939138242,-23.01022715373893,-21.32034816130659,-24.677685764392272,-26.00685535773471,-20.06790334132818,-20.8947454487506,-15.107042184418392,-16.766541345050168,-16.788837647724673,-21.41689909627386,-22.07397010123322,-21.809435802428553,-27.00350078154827,-21.732833901780644,-18.316950192084015,-18.152368525520885,-26.996352065506144,-24.48542369984165,-18.496385487962907,-18.452860333043212,-25.764959280853322,-21.608129530743152,-18.77740678054877,-26.56890550840781,-21.87865125933682,-35.00400083416392,-22.066853287784266,-15.945392097250583,-18.871310742562418,-22.420715679876313,-17.82883747023023,-22.208979151462138,-28.283631754126258,-28.845812271246984,-23.08233433909531,-23.698909492183574,-23.314387351446758,-14.405426052851466,-22.585224947886225,-23.370704593553114,-19.630000709573515,-19.92869131942187,-7.370948304961335,-17.28220279369765,-19.992680870410805,-19.28735585770048,-15.160858834676146,-16.679634351997894,-20.272337247963552,-28.41026202645876,-18.80539611891457,-25.434965582754764,-20.187248309928837,-16.30624668878981,-23.807510739401184,-27.41234652437897,-12.057922391277165,-29.91077486853771,-17.75992347444625,-16.228217435740383,-19.742543460564747,-20.072401594728216,-20.66762798421686,-15.727607328996976,-20.32812490876565,-22.0859544217884,-22.8734290910376,-21.403652064237427,-14.477006865584729,-16.738762304349446,-23.00833667724939,-31.423059084694746,-23.201244132683073,-17.02151371420906,-26.927991050471388,-25.843202460350575,-21.89540631489469,-24.97729923440333,-23.331513518008315,-22.108078671163202,-20.13400546067828,-17.625558292559354,-24.223404020333085,-20.59433506420871,-20.023770707104458,-23.47497295794525,-14.598005661609125,-21.22023078362934,-21.380426583852454,-23.45087908810141,-22.097799592014177,-23.8374904724719,-16.26959392872155,-19.594059529162113,-19.168341853491146,-18.22882597911375,-21.987381610091155,-22.37125407178925
98.00351370169227,83.3682457137913,183.25889488877863,367.998706830564,226.5996961663833,53.7377729543629,177.26341939778715,538.0797686364148,232.6545188530112,105.1999346753044,126.7129409400849,453.8159258113567,-93.77019181539333,-55.5756370897508,175.89341824446876,224.727702563226,348.08282226633446,426.23698918843377,281.87552141334845,373.08620615673243,288.04003771787734,-216.3989832839912,150.37341818820315,335.3571340464166,187.19629588725354,432.70124814542424,178.252896926283,215.686875369304,-46.17335748816856,266.27156416651286,356.6298640930805,-117.10654336308446,-298.69202803575445,-2.1016393680890455,-24.133232878490766,237.3293789751172,325.47567776560527,172.6834514678231,340.3255820785796,356.36936408929284,227.85333054810502,273.42871405285786,500.94274034976405,148.89949061591125,348.4562156910615,221.74676527874354,69.60907899051087,361.2025529418379,383.09852867758866,151.8187408637383,-64.41846904710984,-3.8182844661917725,274.1447128920344,110.8745059211637,205.39777350390136,402.95475887632557,486.98678621606757,-34.73286892627824,-72.8968860465982,554.9625741209677,219.4806147830809,148.26609892244812,297.6572956993526,329.92470148202483,101.57743838404208,510.09672720281384,98.36359141148897,236.62329775744107,164.0162789737218,383.99241888401536,317.4205241365991,383.1278178275341,115.10764059505729,525.6141837800463,29.143917273009205,265.4455470898245,247.78472426792092,338.8709332134903,372.8208342489223,99.3579046971506,-66.9778133337888,123.76581231305023,375.2983034224125,138.45488895058668,204.57509094789287,454.21731716072827,266.02173366820574,31.228911600570402,208.43773012975768,284.6606311077086,578.7773590304445,370.84002763697765,248.74505977010827,70.3165365043524,-49.34225844371827,157.20114725649955,406.17026942173845,242.50616129228644,241.47985683548262,217.937922214611
68.01341437229414,66.19571925878864,74.20781230366163,74.71091617675748,82.79106472303368,68.34304930985368,68.76707198636977,79.70431685550278,78.22313978259523,85.36217353873097,78.49662630335266,66.49951056596463,81.30826909032467,73.83223355158943,74.28989463099025,60.99064418526905,58.17878720322437,62.129421521988604,113.66856250434313,84.4174012804173,69.32000710654066,79.06470955607617,74.70358413694763,77.54175548648439,99.65288727945848,91.81633667318302,83.04991452487269,87.23253673557606,92.8210639929496,66.52030273061773,68.0794594475573,94.39101178180701,104.52727263030592,86.02840743686548,83.85791762092992,85.5036318809231,78.18579941622063,74.5741140680651,78.36106552548108,100.14423105641211,78.92605833619977,79.34965814641032,99.98577134909428,73.81789978195594,78.61936098397821,80.41331510332684,68.2412489253146,95.1339043672897,104.74282987001327,67.70846559520805,61.47046993395459,95.38445588842248,92.9040317302777,70.1103508604258,92.52674639467426,81.82523851195268,61.477594519466415,65.84683647203293,93.86906201075688,97.23645048366086,77.64836096965,79.12311015624441,80.22331226002775,75.19972571719694,64.97068776241517,91.55194658286248,69.61152206677367,86.12070613104008,76.60407170766867,75.93995826443178,80.37481763374586,66.63438218867769,77.68900862563699,94.74928664519891,67.31372470741019,85.35012448721712,107.08117318122297,82.49154329962415,93.17621123618028,93.52914198212133,63.669746255374996,77.16860448472997,72.30272210584673,78.97735104199506,77.23420140897522,79.99969431040576,75.72680938155423,65.8629838090265,71.3651313431702,72.96901759792854,94.26936809141215,93.21013425094364,72.8452524231336,72.15720461484754,90.45831995246844,78.26734010751251,67.2291184488787,75.27698440313043,85.67385633433237,73.34197810647441
225.57050516768234,181.47904074624407,248.19615273620767,186.12501701640466,241.95138159913256,215.5335213724954,232.83717617464166,249.37372172861316,240.52133742757815,272.36582599216985,228.00180219924462,246.77415594659024,302.6342993080471,219.70895603593854,259.2898684598255,258.03056740442133,256.9160840873405,229.55172338405401,460.0811345588701,281.041155132328,223.73654574242119,174.0295367951329,253.16978726739427,202.70749407794764,257.2238504841317,285.2251636433201,276.1823500119333,267.2289798962416,296.5544150480578,216.36859768387177,226.2457905303398,269.7852087325111,243.12535877876365,214.12115845550963,245.69058738831416,247.18206341965333,264.78660699248627,220.7657200062498,247.7665244014484,368.6103982699973,196.86551859442088,310.64507373346964,299.71507859680634,275.4704781571307,285.3875024389454,329.7085710492244,248.1660892715606,243.37492456171293,322.5099699126398,218.71058251872506,199.7355658036482,329.8829689816823,274.6806774880398,265.4309570700312,273.5545298275225,333.41530359001524,201.95140360092407,196.92447370873487,216.38021513060724,292.5188403862083,245.2083595652079,217.11815163838594,199.7180316362693,267.0273734401423,194.08938426170954,330.33718684755235,153.86001569865198,276.9610092022051,269.1606128957166,213.00861346210894,263.87708327185476,206.865162864429,255.2306862023965,277.0241854982277,178.06527774133363,205.97394340449245,259.70552303150686,267.0064324699894,265.6153630062136,302.3373137219275,167.41461603714336,221.01906765262373,260.66918097219633,247.4653494718547,171.25194514712416,247.02257356342963,239.38929770307064,240.829907016368,261.7730166245433,223.969660861783,317.3431450899013,326.279928970974,200.70842162443344,189.82267524698162,244.41970362029608,211.34865669125062,232.70886159791337,212.36455214380942,314.760328879208,215.5344193571125
-24.215893019075253,-5.355078931895286,-41.90185814647886,-7.24308779956422,-7.874680045278061,-18.13484940026786,23.41215017896132,60.324418045895804,34.791144697183,36.70012730752205,35.910993337401464,0.18416879649405848,33.969411528134295,12.669539029463014,-11.277241583470595,-22.413912663949343,-6.791335352587333,27.54418620269999,22.528173452594043,14.736577754050444,-3.8098706846453636,-7.48046886316803,-55.11078843210653,42.468894070069545,4.363396016839855,86.19256345613753,38.9401605432631,29.521365081542047,-7.033438119637786,14.164665631535815,21.85780165385591,44.56256177343209,45.81438151040155,-2.102091319425838,8.22574938769605,19.769419550931367,21.896728788298788,-20.815853970997626,49.477648050281815,33.15983933165547,21.218628117255538,25.542576474736396,83.36534917579995,-23.854825358532597,71.72508225433019,88.71012123015807,-33.69957659946929,93.82736417777919,46.029086218205336,-20.22365604843428,-28.841158743179097,65.099705674318,48.55076046848149,16.45248029660922,66.28732544490549,34.638723324156665,1.268166019610801,-35.10179008825568,42.040599364155824,36.091836188941656,42.845275676933035,39.47800718715774,75.50904811406093,34.57922382683932,-2.945628963847669,49.77213945083833,-0.3606388649762546,39.76769264235331,3.4570265051927414,25.476302403477337,15.824378732034637,28.678316923221626,17.632831236584217,17.88959118208506,38.56429227309334,78.60317241910035,4.899528229090069,3.6803831281246175,53.14158547039289,14.961762481616534,-29.296738422308074,-6.7405290715444535,41.87365319688997,23.870669992615774,9.660290601850074,36.916480397037816,31.04679246316051,-41.47888199435173,-12.375034517698069,9.616465408223657,-8.36411515649371,2.5823806876704793,-14.489339275855459,-33.91686396531624,48.74382083702187,4.743166619993428,14.797241304065643,-40.78065422132529,44.28892468706281,20.724349280706022
105.17451722347397,127.48795480584471,122.03086636052932,109.65932889930676,154.61042003189272,130.91079883805762,89.53843170775411,122.84502092171606,157.4352154036206,128.08399570295916,111.39342304176144,124.20306485904537,185.37672009427894,114.43121688836152,141.8656026318248,104.90930943531481,118.73003700927002,107.42847244841896,166.0323595571477,162.29480373564,99.73959279803601,139.51669341099688,141.8546114004868,121.36203902726987,171.0495145325747,169.92217696198875,153.47684295470788,208.41637497510052,189.75830742241948,99.71743776316626,93.29214686109356,189.1596009338093,145.62407599644928,137.7280143064097,130.07125397456156,167.7620853634984,165.53750647518018,148.22442278094567,136.2912970743252,150.53506463807886,130.28378256177004,137.11518810383654,172.51042156530784,111.92301858451712,131.00081904515375,157.15972809069044,119.02683028028783,152.027003033281,164.78822096753737,116.06387959308601,111.98320128269226,192.4402046700319,144.62300331781026,127.08583965034452,138.07229711655015,134.66691302133947,127.49083152018467,129.1999950547825,152.68398968451626,159.28166930057256,114.25363705582951,113.76048744858672,133.44007203731874,147.05623743443812,106.30351269311925,121.58380418383526,81.19373029526058,130.70469954733207,159.47793494551942,143.683492462093,133.5485370862621,110.94097883434158,142.02689940128474,142.5835777101171,127.14934749893483,132.33146373341083,169.80574012125055,155.71904461752138,154.58025210326733,135.55911744225304,111.55749129433156,128.73505479470555,126.28091236216078,139.36306314101964,115.68015678086135,142.00941245078286,127.95653625860002,129.93908083782375,125.19331732351034,125.61181651923268,150.5875304674882,178.62594065339235,111.1987543895112,117.8592322141417,167.77883378535523,109.41040588440053,121.70465425789337,145.055404201666,155.58164505208345,122.18802486800216
56.83669643898133,59.55332967992776,70.55102337756253,55.50366702783781,71.81099914338279,64.25530309198074,61.881340802482526,66.87231088664589,67.6518682542505,76.39256163705356,63.5350004534208,58.823164369917166,78.38338409466525,67.54706739803977,67.2005759125641,58.333732380576734,63.668262270005066,62.23679029764166,84.86747691455659,66.59955894937255,55.9044785662125,61.46868580404925,64.26942139201755,63.792921481105154,73.15366951018252,77.73354319236653,77.10658877679685,76.41034429250647,83.27726485983486,54.517615893535336,55.5376629044109,72.402992865998,80.62069366038696,67.80291498848726,71.22566953919393,72.00544028789211,70.15044368793217,63.646737737344964,69.47121063899388,72.34864097640822,66.78485054708153,70.21709702321307,67.02200863629606,60.42015368930753,63.86011266845877,80.96050367363603,65.8893139679877,71.30559256969899,75.5013600961737,56.777376939500265,52.04547127411842,84.07051666917955,73.9988750525081,66.08178960626768,70.85698767460174,79.77291013947153,56.1456305543478,65.24029823850582,71.17862618477749,72.6982742926864,62.7599768026527,58.98612103499965,66.52879692663124,69.61270880015222,58.716891368620004,66.90940665988464,58.49627616165264,70.64532353420037,68.64357977580202,62.828272431041874,62.85490932799125,56.791763174658534,70.68977429102348,71.45106122412439,55.21029557808189,61.471201158948865,73.9678385916245,68.3017137163501,75.0204599389755,79.74809852504346,61.19594682884241,69.32170672522042,65.7266710116368,68.71002633771894,57.089793489332884,64.81000027741267,65.16637446024001,61.29094741575179,64.38808286395574,59.66483840374384,69.50316288343042,77.75059818347131,59.6920233916612,54.8132859167842,74.85337976407507,54.977386929258294,56.39449095780017,55.17848777621937,69.5917327764584,57.66900845537618
105.30785855178529,103.5795021379565,121.90775663224761,103.98774447226299,114.98190949898448,112.7983342169098,115.42488297482761,127.34965634176187,129.06662510717152,135.605056880803,118.70752191385654,110.13739878700753,145.46451263414968,122.75102424219156,122.66919955159119,116.06742959861455,105.88540462280969,121.29815468639609,153.38570366454664,126.27880346959101,108.7093889280356,89.84447657502628,111.78752556718595,119.94233353830013,117.19376673027341,142.17638906480673,139.73625565382196,136.53922142806007,122.68586251479805,91.3759850529855,108.90009222692144,123.25398114417281,136.10994472570127,124.49021696815008,122.49420746702114,141.9117925493638,122.17639818155413,111.22473664358164,127.41256395981956,134.5407667830829,121.20566094771021,126.12723174007338,127.11875531853038,118.8547548143746,96.0697684931464,153.90378537415347,109.86060308854555,122.04043725619141,147.17236035596287,109.5787010179965,86.29054556462644,144.58899404510294,119.36484070017305,115.81549205193048,152.59667372423857,132.47458997399863,111.47243666503866,124.03585495577006,128.8572841885343,126.73338345251999,120.14581237672202,101.6874166050423,119.97596815560146,123.46719531330417,115.68133895668092,120.41782216852486,100.1787831905206,116.65344437382744,122.45840296535404,126.1143314968921,109.7511019762537,105.6433187212324,122.12108898290069,135.80585694265338,94.3591870830756,128.1415113875355,129.72491488882264,136.99710621854877,126.74093340518002,133.72930971751512,106.94733374976805,116.22784448095618,138.80879070187345,111.9400663193538,104.17140140965131,113.30047918711556,119.21742884374893,108.39543018400252,127.26905481750947,121.09855739863484,136.6072809862624,141.59109345299495,93.67015949557381,100.88362162488986,110.49422342554209,109.73780954425385,94.72122084319663,118.71317064031332,117.30137102520122,101.22958658474079
487.26947401583107,494.6368869496845,457.65129725346173,587.9765867067111,730.6309285756173,536.6577952566124,466.4945660939876,561.6341663335318,652.9021257324325,531.2750681613071,563.5795972413729,453.34925671459837,500.417061784583,530.4484695105358,510.8582280137632,435.31860168178395,508.6156145285136,461.27207593871464,470.1564021265852,527.7728955936292,505.8054774165241,760.3192031569915,465.7399398532086,570.5319509143602,720.1752285000655,641.3448190048489,554.2906560405561,801.2237427473821,805.9474357053515,502.4023252428059,422.2074194521984,705.5813125180423,689.4412343811102,699.3996862351718,557.619280873702,771.8392033195572,711.4723526694843,380.3252866190125,510.087451410661,513.183382587256,666.5479655813607,578.6216932335138,629.7941343305029,342.58174094197676,660.3493519556765,615.7822196797997,436.1295740298036,669.2560199212,692.1375892596226,576.5215037440256,338.8823044564787,589.1571624051112,595.0915864198683,419.34110839791805,588.0422454062339,458.3536031583055,556.0805117227364,432.9157311516843,823.3126443509957,774.8424541114399,566.0578381605208,479.9870149136092,672.5825471203202,621.8973266711271,475.61641984053307,569.42625089826,489.7249995763532,439.0504419612184,677.4174225249133,587.7944985421414,465.8264716806446,436.45506011215735,706.6643931875525,611.7343621618463,530.1341034103693,726.321282000857,648.419822985431,508.107372780384,710.5892597426433,509.1567077721856,416.7510915667507,769.5926345711896,435.29553135507143,669.3875451036647,548.2541886302085,627.1305560684591,553.7538789434094,505.43805352756715,581.7490740479756,630.5090123923679,612.2160820938292,609.7089556131344,526.879863364476,464.5226964596782,722.4712449981396,471.4525509087407,542.8348556243149,494.1198978208621,435.1392017648967,381.25463022820867
395.9378528696633,625.536555080501,477.1377807489143,312.82284139494453,471.4222018854704,626.1326891806026,284.25661786963536,635.9873744194921,542.6565915309432,706.9468524885617,400.9904326413211,388.3776718131297,600.8708137861172,433.6126850773157,367.9940474842689,345.3208149889068,448.32130062552847,431.65332393048016,380.48785617089504,361.4897846890877,296.8694530562118,573.2497606447475,311.36008065490927,425.3583073421837,599.8352580117895,422.0854598339488,779.8263180515552,563.251050076895,563.8467716031998,375.0163923687986,338.58386430261913,624.59439784961,772.1829068658342,350.5053728188041,269.69367463335595,508.880363989624,614.3002009315148,198.369615676909,387.0459965044976,716.5514784598957,403.2506749168078,321.6836232863541,495.07538943219674,257.8586363493488,627.8440117851553,855.2106987083176,454.2830429763134,471.90878431995094,849.6589874828536,416.4892960021968,267.5672471328423,547.2043987663702,592.3706705684409,437.3798099762577,493.62062258359515,592.444803555525,294.97672469362686,543.4432938610855,660.6986746797577,439.3741034268141,396.23093830168386,427.402737220818,599.3693204261509,623.6671715446113,506.11259110174626,474.4882508285667,471.1556525832413,368.6986464267546,576.858978542684,399.19094286044765,429.79018404247284,362.363826346328,587.6988183567546,427.5196762572799,350.3986906299333,618.385785160958,353.54525611274346,343.0131001201718,602.3920657942068,598.4840009172719,430.90774437256135,449.84686018952505,661.626096481171,464.5164901249118,311.87113352828334,557.5300765345715,442.0490150568511,382.9167155288221,780.918005013657,431.72320367566186,495.038067580427,524.3093057566547,358.9719090165499,412.4958034694662,714.7266963088235,248.45365270601184,402.55192496712533,367.8951922393282,387.17039899789717,399.9554874412349
367.77850348011384,410.4911668008897,485.9380372065699,437.8302873078562,578.565397607477,504.73395412656504,545.3764991529999,426.10539218946116,524.0955015864425,508.03200808372605,587.933976982362,368.68712930748194,590.946648864466,513.2964084711365,508.9607005759151,439.545968397622,488.6362251654622,488.9581910939999,496.8039827868377,501.0002258547041,456.4283903944211,439.30643663098186,417.91307441466313,479.30835119850803,542.7402960788538,593.6879149028872,516.2172310847914,585.4756351560063,705.828271482151,440.09689917804826,413.95449220605667,513.7707732778962,623.2127956745268,546.0101710962202,421.726946456866,611.8682652513378,529.011129982004,341.0934341045993,480.8219590797932,575.8682737650096,530.3881224081275,473.4120524095883,497.82754681138266,453.13392199715685,507.82315517185384,585.9239844028286,471.46380646301196,460.54989090417433,603.8702903804049,528.8032178734527,382.90390666799516,600.2834085523195,537.1961641229977,454.46783070331145,679.5330198332039,559.9769782113298,396.46718493143976,444.49173909743195,604.354068138472,619.9502346616298,507.3081319566651,409.6091464564377,599.9823595128943,476.0102679168465,449.18755942851686,551.3526502944961,465.72793565095236,480.75935762506595,526.8343327913859,423.3337589044159,365.334807397451,391.1148568796009,557.5603430296309,498.51740549269033,400.5047924204545,514.8536065983843,420.4148730103531,590.6238093360058,510.16674307467673,498.1307519126536,371.83674846259163,621.42114682982,479.8538624842249,509.87591471400196,481.62096745916824,510.03301475118417,466.6660673876088,508.06599154411646,496.0538530289248,452.29281585482096,532.344921894089,544.4095955708262,418.3897027208687,374.6194448868108,515.4714331259022,390.9530383979758,456.0820634156484,384.4848327466296,454.1348151515565,362.5559914728528
151.28924876970407,184.7627519677246,187.94107219952912,138.76241169296608,204.16130796069638,186.27072927449828,147.53135897434242,169.1199135589035,168.02419641450473,167.3419884570227,151.34130397384112,138.9379063130972,230.20912058599805,162.24662820964383,201.18375115160487,127.68138926041416,176.0046683602684,178.94629806431954,180.29653648201725,210.39112003625524,180.63340278307544,183.36210681906388,167.58019199580116,178.2576459010087,215.8282096815555,177.34300964671039,170.4422330592827,229.04511155437382,298.18210512219855,152.86789912925175,168.78436803821936,216.84660980913623,241.41736562323774,188.03563434315254,143.9291859239145,186.41518756016598,195.78796157263903,134.8363373534544,190.43321228723357,201.78501855826025,156.27132638853084,180.63738420167985,177.1634966779572,162.5066358338157,205.2513191690225,205.48830132946765,182.6341835595026,164.2107775159262,210.40639706365704,188.5108027028119,168.11153005330584,240.49525486395456,202.47359360381637,172.26187877762072,207.8507409654547,207.7088007211539,153.04460932967055,152.13633540957903,210.08888982669464,187.9126989263366,167.03276162943368,178.16519926007413,187.60561190459907,162.40828816374204,182.15807878963602,171.95430845156446,147.030581748034,161.59386180883067,222.27872849003907,159.94333046980077,166.20039971608696,125.54551186494622,184.75736000265258,192.2938042706478,128.78324970753357,166.13419312542703,164.2422714294727,181.80633730154645,176.80783301942247,198.05702048636584,159.85121814224408,185.88528058583555,145.808216394078,205.5092230243955,160.51914260366266,163.8093628771531,177.24316658709247,180.45552577162948,216.960714818683,183.98234816081705,184.7539310696847,233.14949978810023,146.7466435661966,163.53236178504804,211.4076551951662,130.88162459561224,156.5468548393831,157.93513570370885,123.26311489688467,155.39994039107475
8.739533705376322,10.241620503708443,-7.02999791597771,-0.8531470276556813,10.189502960181352,7.890752939721454,-15.552657970305171,0.6334315365994571,2.2915709151996806,3.455232696161876,-3.151844741717731,-7.537264879413057,20.575567568353105,-4.632674734106378,2.4230631204608137,-11.21907433900779,-7.30448381842659,-0.6645172736982708,-17.263370747916742,4.038197716886387,-10.988874461431106,14.861849091751168,-15.232302443357103,-2.328852657806099,22.430741362080393,-10.160035966822601,7.610013107673175,15.95329340124448,38.07301558464611,0.9372404920969504,4.151053771407624,19.713549735041077,22.190444938755654,-2.376669249498787,-17.95365698239577,5.416664897038481,13.83479299080331,-21.532567818928786,-3.2967602540081837,0.0023931084687515993,-14.006805038137664,-15.249303917368803,-4.071371957794133,-9.177127725554687,7.447480059768564,24.489040048440213,3.6124469962189294,-4.912681006406304,17.464286303742515,-4.944381614509855,12.62196303904116,14.107426256402935,9.630849680941372,-2.0573301264699224,5.745612925399212,-0.11231915535220217,-5.642573653056853,-8.430662127387487,16.126718496966195,10.251794207755198,-5.2007000917524575,8.4679804750036,19.256727492763424,5.308412057485689,9.521985040080223,3.61564588207422,-4.0447533074603506,5.354892867838842,10.909346241841321,4.793731994032016,-2.1446628148189304,-2.365358337280913,5.993450317035986,-5.111894369899958,6.0511645682017905,-3.601610659027828,-12.56883898400405,-10.002437468836916,14.463527643186485,10.013747560479443,-1.044123996066445,0.6204155684661654,-0.10020656410599224,-3.2064582087520273,-1.1771375329223874,9.888422981126634,-3.450873204682988,5.302890587230618,10.632982179547938,2.756795410313006,-6.231695467058645,7.241522506034472,-5.950938631681503,1.9449355972942326,22.19204181911845,-7.42870743974435,7.544001618640046,9.242036803967098,-2.763719290927301,-2.5815508853034417
62.595888021094396,69.80749479450799,85.48575676225298,53.25973126919198,124.12322942114533,83.00698003961172,68.82519739835557,80.78248772900443,81.2420118714852,69.30523977804319,95.47762320166514,42.41078609895604,101.45654690608785,77.53987316737418,88.38807719365391,42.72373233577809,88.84453044802747,84.86440582218529,52.05012796380183,90.36969721694511,74.31639574235797,92.13657309459153,62.30086632838688,89.46342972670615,85.05185786732308,69.90602349568232,119.80243947814232,128.20371187003073,149.9208472672842,71.83099377965817,93.84809969400905,94.22425657799596,134.3061752394998,81.89179167874347,70.36838086626908,91.87187704297449,73.37141603821146,36.120649513731024,109.91124326220607,105.21040022811344,85.0737192884174,72.11332164914987,75.28517157767915,62.74496072613426,98.9785738676127,138.7274562830949,119.99786056579273,63.147431286937554,91.58728915193873,86.55220178939054,82.24068749366491,102.18279040944309,92.99806473456333,96.26606707383114,94.81617951571755,123.90546846838195,46.35850577953941,81.56856456161046,116.48337577829287,68.67155169509456,51.14494869961522,67.52819885518981,87.75311595650396,56.227790992235974,115.58386914727376,81.80694660601506,91.89228907884771,69.094411745271,96.71487695161287,39.47409978236725,67.21826626698915,64.5767664449946,117.92431416054727,81.01471444747186,64.16206842040995,72.99961898697437,50.336792536820994,90.86703207312908,69.47944743904868,116.0074873767473,64.15227958370305,68.65111939840288,89.28872900755509,96.56875695358205,67.81983988410934,95.41604794851857,83.55743587059725,82.5369587297954,94.47161413252155,111.03130983181167,68.10928466022477,80.83251786625283,93.51818516721129,98.81642013414246,119.88121707248538,37.056123508613965,79.56640978914783,47.37064418480455,74.96217169211012,88.88637147207507
275.33072661881,160.73555608862475,247.40402042061191,257.96677997072334,228.5578855162643,191.7714960245277,363.30027938837026,258.50654651910503,196.9058637469347,304.05087309379593,248.59602961072693,247.94144440691767,295.86165348320975,283.3664174497714,331.3518614360865,321.3792009289166,263.43240924328336,306.6669662201556,385.0270996382683,252.75751407920822,270.6025746570367,179.24814476463806,235.95382503384016,311.3382939770568,298.45853562322674,325.4019766794324,229.4772495406939,276.34433350887105,415.04227234312754,259.4079484163441,300.910883585631,171.82788485652628,320.2968741477205,276.4717014783994,328.36497296849797,307.9149494573813,304.42855909642975,251.07961576597737,327.9053645191268,167.1500829513998,339.6479228906061,334.4331714198571,185.95130994020528,368.93541040468693,170.9466186506818,228.69063417552206,320.79317780710096,184.9572290644224,301.2388724256673,174.74148720302156,230.464924546249,316.6376573103761,168.93956179389525,326.91685697007443,466.0021563581472,245.68236913339385,298.0037829714557,254.82117499215326,190.47898381433737,373.62504771473385,343.0402083708095,214.95542502191788,300.16091602412695,265.03474348859373,292.62581527903654,314.12651034082256,242.3171908359567,286.54840513056064,247.78348931723082,305.47605660829595,160.08294318263512,280.9855037647312,239.51863039373305,346.11576983805827,239.12680247195624,224.89331788994807,243.1647602699329,318.5841271967641,235.74577998514843,235.22771809018957,231.16199390695562,312.0338748167052,290.788743487675,266.38146253840523,252.30473655570037,266.4338666341046,227.7905247087459,360.35329980843943,196.61413648983995,223.2240294543711,327.1535103775196,341.01650297680897,217.63473622939821,282.45743482093286,216.5488171621155,277.9376652003443,253.86828517924636,278.79210246700427,205.8876553275934,233.1237602643732
-50.890479255923076,-89.9812465158421,-112.84880670536505,-88.82340056586044,-39.58903412460537,-82.42828093237394,-72.05744687504134,-104.72017657985552,-75.84149933239961,-113.98896723154316,-94.33591936673933,-108.0672927875948,-43.98015591585567,-90.24596491231034,-124.45107231103395,-142.1871845562724,-81.14726850567519,-83.88906455152467,-84.18535204628552,-82.21088876893295,-61.22188405605321,-48.86327376097811,-68.55766895566781,-120.44054678969601,-102.66092404870916,-101.4912205940505,-44.86030814811431,-63.55830289277073,-24.457696765159064,-46.26072499651258,-60.81087677802171,-15.940598045959204,-58.82002001747068,-71.80235677524712,-100.71665286667444,-98.37447429758302,-109.2665115181135,-61.751838722545514,-36.17500649120178,-125.08652045232796,-94.60392271578928,-117.53025927326638,-75.08361601320945,-77.22305781124757,-58.012315619363996,-29.066432414746604,-91.51927545671589,-67.7450799513146,-122.52978587023973,-75.97035928963669,-44.04732891147319,-118.65349633774517,-68.40806906476479,-116.32836967487899,-92.80011353524611,-60.548735646158356,-80.67362460073637,-48.560243338738886,-25.279832912108827,-93.1701142661017,-113.79259930199616,-108.22242029875146,-93.78992655310626,-117.71824018259399,-69.04078667663563,-95.187520820325,-97.37719152749766,-75.7178674082809,-8.745469866056062,-85.9297911726577,-88.25571203195162,-60.86676972688882,-75.57125694791995,-67.89310891665065,-53.997318855682515,-107.66288533902832,-81.52652102179907,-60.0102370671513,-109.7299569338509,-71.46876796191077,-83.72958765348471,-121.87872904625962,-45.03175735173897,-24.485467918303527,-82.92935812150199,-98.75012497078313,-72.58135803646996,-78.72583674097676,-110.54656563920578,-68.28702717709294,-73.30946827894913,-157.84585354444772,-76.88118914011608,-93.94202869725807,-42.12021784726533,-103.62540629592448,-55.92809899168655,-65.1679878928702,-54.58040643450908,-93.80687431084478
-67.72087438679694,-91.94530522773387,-93.95613456047887,-100.94149294649718,-109.40867862776776,-89.96464659790732,-73.9819102652595,-76.8369939081447,-79.70998875177783,-111.14137712659387,-87.0930639637311,-83.61434450410789,-92.89737461867965,-109.51601985625356,-92.91242947195748,-82.37311107957002,-72.44663900254767,-87.422207815396,-96.68709084162667,-105.13585974669601,-83.19147028946745,-91.91608925117724,-106.03761940845543,-87.11188451320912,-108.07304140822835,-108.48326821989087,-87.85442057281927,-126.58322155289218,-93.37578859213319,-81.75361115386741,-55.51170078829065,-102.23585324216444,-100.18184022783969,-123.57095954419303,-91.83943786674165,-136.27795632953843,-95.3690904561679,-86.98373819228225,-80.39751578180294,-116.08542822524414,-101.65710661782012,-80.75725838929844,-109.26560816759515,-60.88296030788955,-82.52333015462177,-99.3633507540923,-76.7553336296039,-107.44832600974544,-124.65082361640413,-112.36947526064267,-71.7057201437743,-98.13181712307565,-117.21428305256488,-75.61930739808314,-88.17790204727132,-91.52732288651872,-84.07741978631061,-90.43719625626005,-95.05709048013422,-116.19683900876473,-78.44807384293115,-76.99504155830292,-94.42832752277728,-95.88376843873917,-86.11949629299407,-81.31057491461782,-79.89375936606588,-56.78075172810207,-121.21440466499291,-107.49861279848368,-93.9660899432423,-78.68228302181791,-91.40080214081085,-91.19113027373105,-83.38806478305172,-111.0730882320216,-108.69759826263943,-88.32383972501108,-92.537516624137,-80.504588822864,-80.58213661771603,-107.2115018343064,-89.89770284401364,-105.93802961994486,-91.14723816379575,-83.16411048072153,-101.21883199322316,-96.4731285329582,-112.42552651942097,-80.25961015849319,-112.92275849395163,-104.79348438450073,-79.74607307086944,-78.76648922899825,-97.63243384342664,-91.38102182555316,-80.34373411767832,-103.30008752430578,-62.64429165655137,-78.85742953182964
-154.6362394526067,-35.84244054409697,-274.32642956365413,-100.19871648852043,-282.04347413673185,-46.700287269943146,-183.29968712161727,-258.0254659369485,-484.17720046001983,-242.660243117463,-393.7423880999925,-507.71750922246486,-223.14276036122865,-309.6594089883264,-437.2841960315917,-532.8571937926192,-366.5066822234399,-543.5051083066513,-309.03508598828023,-251.05668790533758,-301.51980185436804,61.09188747956426,-442.8315956696708,-461.87758689268406,-212.41814166148856,-221.98321072673778,-35.91769093847661,-306.4793025137471,-39.611436909424775,-239.26910942799407,-121.40435799110053,-166.62213738642404,-97.33056091257983,-334.3099015511398,-508.4150897966415,-140.2777910135289,-90.6034588115937,-521.8138032130182,-239.0121684360122,-365.3334998051544,-337.10553703188015,-381.515538972717,-463.49629761855766,-277.8539048650555,-437.87312029931053,-176.56790928790195,-455.8569861531854,-428.17605122366575,-594.6326247265146,-271.59568283482156,-206.67946288741973,-307.47807616143785,-578.9161759151157,-242.04441254527444,-340.0999652350285,-370.52633037181045,-283.48158276440546,-352.0107023294714,-397.06085362515046,-516.6765283297063,-333.5082971718322,-519.7118220849713,-176.78009044371322,-244.2061633778597,-110.29705661275693,-399.3153336181263,-129.19081666510021,-94.50266681793148,-169.4803764768659,-583.8157249010695,-551.0912233052471,-439.45172473366176,-324.1013334964148,-276.35261413381926,-107.31562626356731,-313.8208620772002,-611.0340800801285,-409.78194147987216,-320.77180101023566,-163.30577435968323,-178.95302299411352,-246.27200265605225,-135.5810401680925,-271.766153616211,-122.73118318434693,-224.2017863779683,-476.90536760211256,-410.28801866971173,-435.392026398367,-439.9670301625549,-310.45361206408114,-313.7951874625522,-424.8301151331971,-181.41799142826363,-569.8073908092115,-338.2084198269621,-251.50895027303721,-639.0765068661573,-278.62272236034914,-451.88278846655794
48.387503007228936,68.40792649267314,99.46428728495022,51.631365814496554,55.08396533075375,82.17324528347446,75.4171924752928,43.134884639112094,48.26261860066058,61.62364178414271,53.6255835870406,30.24713802792004,16.168233479061165,81.17589295826924,30.926442056760063,57.482800155326125,55.68191955684722,30.536516715950842,84.2245101972758,54.40695385410033,40.70814334892462,38.223521113861004,73.44103062992414,67.09765388252924,61.12655213182108,19.973889127537863,36.891514857232096,42.00662693295535,53.147081496367946,36.17331751509042,24.33259111418201,24.16697826911517,105.4226276000345,54.21133348764144,66.94743140284659,48.12613645748525,12.236940396182002,23.023876373005777,45.4645864818372,13.191628594603454,80.91613064215225,45.75370569745589,17.930111016535506,61.43306897751579,-0.9274959413713151,21.276829263812132,68.86072062265528,30.646231662490493,58.75468476008125,41.05594384636319,51.45239996043854,29.88652729009903,54.48773370799012,67.47298497599229,41.57109476170092,17.064241011236497,42.59595721690455,64.02461271611273,57.20396163454315,48.83618259879609,52.648982998303644,42.341950127877546,46.73489676534591,42.57315213391964,44.300277001298916,70.5347652847919,81.57704488561504,38.221613045219144,27.199376908366478,34.88500314488257,34.16637466880051,31.053340624873947,56.70385642013626,47.20227792254946,29.21185484700087,27.385556832231153,49.355258450025545,53.5070483173901,34.842390261855385,76.2709085920799,53.934741398745096,95.55491767258104,41.96594520602375,45.02443397150223,27.097349364124504,41.48449044935562,69.33944197776239,59.60119328704791,37.33364428639373,10.423777422415636,70.81811382065975,38.60510552315807,46.83762588588396,61.692034003066524,23.169391588056932,52.5672495694,41.63683066014673,22.8086663576727,41.321418429072104,50.876517615678885
-5.845658915878369,-43.797799673805116,-43.395232734708664,12.496345727261145,-62.452650987348505,-69.84790055129295,19.8785965808005,-104.40836224566243,-114.19751540150757,-144.9219535735447,-79.44102147722077,-30.827515946665134,-3.06541408548978,-19.530276077999645,-91.11448247698446,37.328632715898685,-58.03525846732109,3.6965467440889235,-20.496535550322513,-20.925357676390114,87.85253743959342,-68.35030650845795,-78.55649767211148,17.904711940644816,-89.4517063708953,-48.86509596550941,-162.5337345124377,-73.85033913081244,-69.25948329313468,-31.506508963404922,12.694037587203502,-98.11721075170142,-93.52312258633212,25.181188270220197,-0.04097773907632056,-95.73216644345695,-67.9518969158292,-24.637635105911787,-18.458670728909933,-96.74919491374439,-90.98068881978622,-21.18849611157226,-143.629127537468,22.85076881389575,-85.73645509497904,-16.48206598358508,-18.716554499210158,-129.88149003912238,-126.79384504733127,7.161594004544351,48.33224765616479,-126.32034483611409,-138.96923085184937,-92.26413055256565,-33.612275852093774,-66.29170167374906,-5.596876377257234,3.6615053200105168,-139.0594489386321,-151.57362034613163,-104.41701756791298,-81.8904501346167,-78.08323931172903,-90.51264103556055,9.109618075361347,20.714975590217804,17.461013687857665,-44.057485004958004,-64.39600183453408,-57.006479546266554,-81.51763391088768,-120.07449022813456,-1.3102904541421363,-36.98816615327265,-25.710420189382514,-126.38894686159131,-134.74009987619493,-12.50236267919233,-167.01894542147357,-98.29680147973987,18.497030823906353,47.53200656014763,-176.3227033584739,-47.910838747733024,56.59186908974304,-156.16334868317543,-10.631320879371314,-15.847270899401028,-70.69784089478458,9.703611295447503,-40.32503094604607,-73.4879073294727,34.48718844303675,-81.75778491310649,-173.4665310129249,-7.116993286611037,-66.82515781019889,-40.24844766396012,-118.89624343521272,-87.17887205772232
-563.2280580406598,-441.29880234901634,-367.6717604578447,-376.0139222743181,-597.3955793787104,-347.52695586498027,-439.0404241275636,-594.9676402205497,-566.2477201604178,-720.3328927304477,-640.9582920040908,-498.05853058383633,-531.25379311255,-637.7189281134491,-529.9505564781844,-561.831349070851,-596.7662418551508,-636.4302161469211,-481.6145655842183,-429.2802054128715,-560.0585792327296,-702.1261025045776,-503.83487019873513,-677.1405761227155,-506.1197254661833,-598.4528513665149,-469.7906535831297,-610.777446106466,-625.7612388707289,-489.17648023139037,-331.46954043756966,-633.9468303570254,-492.21767732422285,-683.6907038266796,-614.7049068296413,-478.8678281558159,-812.3695532554549,-439.7148269675776,-694.015328466616,-584.0378863009162,-626.598347057507,-647.5261912241364,-445.2413338778675,-391.56558238737654,-679.621015457856,-660.7685275331614,-698.8795303775597,-655.2773665517745,-443.5291561535177,-438.66344381389536,-368.3707451752244,-643.5816047369366,-467.465811393045,-653.9982787736261,-584.264492944119,-595.4580016453272,-652.4979557874508,-520.4310378684797,-672.5580678202058,-417.09466049819616,-488.02264024382043,-463.7678402950664,-522.1152109196216,-575.5794694593269,-521.3487618561326,-480.7602435508874,-590.4702522305528,-404.3224861641211,-558.1024015405176,-596.7707513752514,-646.8087386409395,-373.620217657962,-747.3899017466638,-823.206573114993,-516.1626923036201,-586.752192118587,-573.0835513398875,-433.4589639078324,-575.1317948601609,-460.3486284478554,-478.3565936133204,-522.2736461235096,-571.954408962785,-691.8097282728332,-461.05321550546387,-461.7499033276361,-590.959330720487,-571.0008932090592,-464.80902619024096,-600.3789290044213,-460.031467466301,-582.1660059569931,-621.9595660158393,-361.7297087669546,-809.1254190029781,-403.13278225936995,-486.64504742482524,-517.3771942475208,-391.84457555946244,-499.72294112498906
-136.08238297027822,-176.76926368960966,-176.77964757088296,-164.03992639287597,-144.40041893986532,-171.51939774293348,-114.6904068026938,-150.42078229883202,-156.17548274722517,-233.73146576159058,-230.94684771442184,-103.69331714529356,-186.68336352034444,-117.29569383312885,-167.29321070366726,-61.622037960145654,-141.1853742403206,-104.73194433999006,-131.80922629919854,-175.18669511234447,-111.66209398299726,-214.11022445210187,-125.4409940436827,-127.81385013773192,-237.32889317626564,-128.88757611901613,-263.24018659892306,-166.56821212499977,-294.32736234537595,-155.69329817501014,-168.19812267245212,-175.7728992880604,-272.78407561695553,-135.50107534236906,-93.93551002580702,-259.86834820250067,-203.16754938461702,-125.34602955645647,-110.79901522861475,-170.50176453525697,-165.22679602194242,-124.70409130893975,-174.17296164776778,-89.7166727621611,-144.06970277998738,-173.22257714490036,-141.47800268897345,-195.33291728927915,-193.58056710489657,-194.02785028863167,-89.75989071922648,-209.14212599990512,-224.58097014803178,-107.17332748149832,-230.72018374044643,-182.25057544905323,-74.62545819751942,-98.0104691604357,-316.17836695614875,-176.8162215554589,-176.94829112904486,-137.28875102226056,-231.895837715809,-160.13181556005244,-144.4178591268303,-181.5442959582992,-133.99127729850716,-173.88140707750256,-173.70483806458665,-121.61750164831484,-121.52831516515761,-159.23276067758692,-171.90821200352497,-187.80617343516965,-121.90690848836428,-202.272061715552,-155.27355681108446,-154.53609995700725,-233.63070681391588,-208.99970099809778,-114.75832725982102,-163.7016450134911,-190.7784474818781,-135.3805761019112,-139.71359729158098,-188.06356030453384,-92.97325394863897,-104.96493549906607,-194.00546519397668,-189.6988647080218,-158.5507550851957,-241.83124656699965,-108.73156431803713,-135.05515213142016,-218.18631727937162,-124.65603532072562,-104.91892290885421,-183.97313572787846,-133.4357563310803,-131.74461639675437
22.507565550509792,13.831168530558012,31.12480582985228,23.303889639175374,6.006287663097591,26.92412320450929,18.75739173570555,16.18173990888622,18.545382362333292,14.674965814703611,18.06707635277002,24.419459017731956,23.619249538174984,24.444370782421725,31.868927861829093,31.107833397474987,8.392473697667185,18.76105252660811,23.997931724489234,25.32658666458856,24.250962249164942,-2.519647748035163,28.52347749009215,23.71112514216262,9.743550242987379,17.005702759283793,15.945302721983001,31.63633824094871,-13.117518900000327,5.1126634259408865,18.04829301117724,-2.1652909638549427,21.516957639978422,19.033325539876984,37.14002900233718,37.05711495888619,20.11657324765249,14.194761561838241,12.94377575277073,7.367412775991452,29.07829001398389,24.18594607413639,10.938415247296195,23.868630565919588,-14.075181330510516,-8.00416194304042,24.897133963658888,4.989860255125155,9.605111220541191,23.154163101334746,21.677940894564788,9.06501973515416,13.771474310064272,19.486905115611275,17.555953432766156,11.010611004220605,23.305133823335805,33.81180168542307,0.9330627117170606,19.235023670316846,23.949618362061337,14.219351477813928,12.252930388262024,22.86021593377217,23.362297695141173,1.4587070017001265,24.755698012977525,25.19423956950935,0.30440846492874946,21.093741849928062,17.414886376320855,27.0065544225154,12.583348839148734,17.22782268476463,23.68240426354144,15.531996188239932,18.347202416943972,29.50403803160629,12.952868090406502,23.87399224289488,31.258824748391525,32.849392459132076,6.022827265241735,11.493368613307439,38.20573814527493,21.364487591893162,18.921454615750072,12.999348158804077,21.262405951431877,34.52963325551064,32.45484913964249,24.43717056284442,18.38460389856339,34.73901628561226,-9.333255460264843,38.456007425670805,11.102940945264843,29.765286185458567,19.10256577540209,26.170093646940074
-403.03478749506917,-579.401545073486,-518.9111331689386,-513.9159866740704,-618.6387662986104,-474.2189359662909,-480.01952434602794,-574.3115436152427,-681.0523638939723,-694.3532469006125,-658.6992279281392,-414.25475160615287,-552.4452327221529,-550.1824945221258,-539.8582983005889,-443.6457437222135,-538.6793933005982,-414.1906808552847,-371.67210038852375,-573.6852873897842,-497.8618681255414,-599.5414674909571,-479.4281542502465,-456.97104744536415,-811.1571883593106,-612.9466422075263,-657.4120843606726,-716.3044718500921,-708.4486679117575,-471.3022918414473,-448.24266771841457,-630.0946337450445,-612.3454218173946,-657.9591455767488,-316.6186098070939,-754.9629099037188,-874.627433263613,-401.1703730546485,-588.3841079753558,-677.5933226009258,-659.0140596069128,-524.8258638534741,-559.1799822989393,-317.9760466411542,-637.5090407833803,-654.711443193405,-571.6651261569475,-632.93788591068,-619.4321966645139,-596.4516027551499,-375.2549446984027,-472.6080812140135,-610.6238210600441,-447.18703014798024,-604.9653834522352,-481.3023591936747,-511.3572536819226,-455.2120061670332,-786.0552160347013,-655.0824011024612,-454.3291105654645,-510.8001304736451,-800.6474716479357,-653.5818417781644,-550.1077784698967,-556.9736312093769,-510.4561643229658,-494.7381815480954,-671.3947609683343,-639.7835237663326,-598.3506481927167,-518.507181953908,-522.3883758627393,-572.0246435265249,-429.1955543842501,-730.4932432830751,-444.8696634772451,-436.51771783086383,-762.4955849599553,-534.8418016310004,-446.13853628622536,-560.8210168898114,-609.8672251578291,-565.8094259255779,-407.94027569700347,-666.4198532602724,-469.43395509107916,-521.0699474541362,-645.5990415841098,-626.2371955101087,-607.2378950720724,-738.3210904820611,-562.8072849079425,-537.1119763276577,-629.9912232621014,-442.8909741560077,-424.01118236562195,-473.4131935926356,-393.67647259152534,-480.4946627755611
-253.23628143105205,-238.42259839510032,-270.228223739878,-277.9220376579701,-322.28564518253086,-265.3576147604287,-257.85429742533324,-241.65086261692463,-249.1173762444991,-285.761033275433,-271.90575110487407,-236.26711807628362,-318.77712672344745,-267.43640581998085,-273.4174304796799,-227.1177513585555,-269.2361134819933,-270.2979708345197,-258.0705028065576,-275.79906443398954,-248.4096718100023,-275.9135297084117,-256.7261948794733,-303.43391318485925,-324.2524892484556,-301.3528414205362,-296.35855163761,-337.59098724657554,-333.1361889952836,-245.68447749314305,-245.56955311871772,-302.1084661055961,-316.43203686737,-309.7419483680287,-256.46860196297416,-328.8393916125737,-246.20504551431017,-254.35741538583557,-279.6747931802423,-277.48838047395566,-258.5255432688403,-235.4603557500097,-284.621629126006,-211.80192203901413,-244.06875949418284,-331.07877389007734,-266.1141255235411,-293.3929633964618,-351.48846366221295,-270.2973291320124,-234.08876407954313,-299.41507345712574,-330.50687077568443,-215.00116060911145,-285.0729703705885,-294.4066720879769,-258.97654741281536,-275.6050640802585,-276.8621500259994,-324.5117851185144,-215.41394290878114,-243.03681757997455,-275.2149184184216,-273.34169993537955,-307.5152985972717,-296.5787605742922,-258.4628219554654,-224.37579901354292,-309.9063195182444,-301.0033603945536,-241.86481213605774,-230.26507603506198,-307.7208128357466,-274.81655931781563,-234.90133974453886,-307.8675934690542,-298.4930125548724,-289.89233319777173,-282.36796904145655,-281.36662968152046,-229.37405813955516,-288.8544023675288,-269.25375662149474,-290.2186245323747,-259.19742193544806,-261.45061185296663,-292.5105512901578,-297.4608697940918,-300.95334007440914,-262.93132154262645,-283.6979592093491,-280.3187421169003,-253.3773337367548,-240.41817450607766,-345.3260750625077,-257.34113592003285,-252.29317689331555,-287.2026329415845,-207.11469841875225,-244.42053714513833
-296.7492686543427,-315.7967997052792,-363.57122105960565,-317.80597018512753,-393.723438757468,-295.65131093393404,-259.69846744029735,-264.7241881635831,-336.380479178372,-345.04087009816567,-304.3772212243222,-292.78569916995644,-392.4524960282519,-322.37858734842644,-368.0261594182857,-265.2070285078132,-323.35754900182343,-337.6931912647484,-358.8766579871712,-397.95777257147137,-294.6859654480474,-404.06629723498725,-300.85671622536336,-286.64750509531723,-384.04436519412815,-411.41999824345095,-334.9130098446683,-451.1873142130671,-454.4118000174529,-298.2705489950848,-255.92320031238418,-384.7296125837366,-423.88912608991507,-377.16717283814137,-254.9563135796304,-448.56525840345444,-353.1127555625654,-278.92448558740017,-338.44160767852526,-351.84959743558807,-345.7589630094189,-297.72521968915527,-397.19014397678285,-244.95347939905545,-356.2038543006751,-441.55747608074347,-311.4080083568914,-358.1747589185705,-436.7912748233938,-355.0549607263598,-301.2991000274967,-452.46001881485927,-433.43758000172005,-293.5803789090679,-429.2542249270108,-381.1316360536811,-264.65076926109566,-301.4401912681708,-431.1610801604105,-422.32298823258424,-314.5135713959924,-313.1889709433575,-356.962453786704,-371.3562223579483,-322.09507703159676,-396.92445812960244,-323.4700711084911,-334.6901018522188,-389.9025228718055,-342.4869680709399,-300.20122250503096,-246.5174979193464,-393.2153181279785,-407.75670261381316,-315.3548922983414,-359.68275706114264,-325.37377593502424,-351.2897531532373,-387.4306766639219,-426.8762058326974,-301.17399938149157,-350.74260137262434,-362.0585910799914,-342.7114842509579,-334.0970497735227,-362.16584121046924,-352.47453505528756,-325.67940986973736,-444.5473707048198,-315.93297492465524,-379.1284623494838,-411.1701746785421,-259.5342986410637,-291.9796551286169,-345.0540987951785,-286.5088038816441,-290.54359456484866,-300.739503367465,-275.97731514617743,-332.8976132517014
-619.9260101650048,-675.6424779414075,-743.5760007094582,-725.5246710261968,-1030.969408426576,-735.2950833128681,-697.5006393838539,-761.8268236733971,-842.1712618301602,-885.4599745336808,-739.7634016527421,-623.8819464678143,-730.8546473278207,-827.850959205749,-812.1151691279848,-727.8425028545006,-657.6431067599797,-645.5284374843799,-650.780539979058,-910.4401085475562,-804.0596953226537,-750.2172645444728,-739.3166862847341,-876.9953076266385,-1089.7632348014097,-920.1726296975571,-910.8173461377718,-1081.8137085262956,-1115.684582186456,-641.1808947899036,-702.3200263986711,-795.2849339892854,-797.2390969125713,-856.7803902143983,-704.2675423803657,-784.4839343117868,-691.789259386006,-658.6972268911315,-826.2475643023633,-883.5627252458622,-902.8970740613087,-694.2130527998972,-791.358047051337,-644.1623204625878,-880.0724703025506,-817.5652384217519,-937.0066912846346,-714.1696287223585,-1036.5972907253815,-853.7497108654964,-758.0239364303173,-775.5251198784543,-937.0993293882001,-618.657690652095,-930.3171378850435,-741.6246440032845,-707.0310253114972,-667.2127980314929,-890.6618648537415,-1135.21670333925,-630.0463117922312,-802.100645204831,-1050.341844327303,-750.605862603955,-893.7487042317707,-828.2804522120615,-636.2677081951216,-589.8624372186829,-972.7231320174972,-856.2040475172014,-744.9554088624873,-795.2795731029396,-809.5147619764198,-635.045729439739,-626.0266239346581,-1111.1657072292624,-711.3871713429055,-795.9227439025562,-905.926646138499,-708.156149331479,-584.6662514875168,-753.8042779877536,-681.9253809399883,-800.5653663531191,-627.8344080691267,-814.9040128115295,-799.3889196671479,-956.3624158940996,-814.947603845772,-793.7200266075383,-749.5452006182628,-1079.713585730254,-811.0911310223642,-807.1126317055525,-1049.9966320207961,-690.8825007464202,-697.003270242646,-747.4071802196244,-591.8312596614031,-722.5500595070249
-338.90478066933724,-341.4161673265947,-450.1787357408531,-503.50515233875205,-519.225923109249,-402.89133827117104,-482.84063110978377,-496.69403961119275,-561.2572186943894,-482.35653788328784,-566.3486966253236,-412.0179806076582,-525.4506464786015,-432.9741141831072,-518.838088618451,-442.0183100163441,-376.91787882115307,-430.6136516040228,-441.5934827860382,-553.365740909276,-472.736987566167,-391.9377695403901,-455.0237982235736,-493.1114525243288,-554.0224187491546,-589.5674750123458,-502.115208673074,-575.1001093861105,-679.8301434742356,-480.5742200159869,-488.88297272984437,-466.02784987918557,-524.4941321401399,-615.6750991053274,-451.01985324686564,-627.387396296145,-488.28425489016473,-360.37003124073925,-512.323574271257,-491.3006544004021,-471.24173034371694,-571.8632353726404,-516.5061953622544,-453.31385997100784,-432.6583909112831,-524.3208120110693,-514.3835216148153,-513.5492163080236,-541.7930333555461,-523.4696874082525,-393.1957858853528,-513.6773138119901,-524.1930856323486,-380.6784497392167,-550.5270383710478,-479.3753511415447,-442.2336495115202,-370.54301737838944,-419.0373601271882,-554.6415405895729,-522.3805443559861,-386.23584434770873,-517.5041190890279,-466.99555944724415,-473.5105510684875,-579.6074779081603,-381.86326357901396,-476.4276555771167,-544.3085870376523,-478.5810746808559,-457.9011257438418,-446.50726573795384,-517.1722374373114,-445.9281843921775,-407.5275644457654,-477.7929480646512,-394.16191228752155,-530.8082586462777,-526.6587840935655,-471.8623089259732,-312.40009799625665,-576.9452227836653,-465.7088224728764,-457.860760495742,-433.8891850765056,-459.4843751273453,-497.536041722507,-462.4824825825112,-543.578539528798,-504.0801892116257,-467.515744066694,-593.1884263807801,-433.54087222553545,-442.2134093594744,-461.93536297826375,-387.2167830895923,-482.93970608333694,-363.61708270460633,-482.0308207594222,-398.02305213607036
-270.584786842836,-263.9384258112714,-232.15852314444697,-171.99776557518604,-314.4240389585111,-271.5527697892667,-231.86707378211273,-263.6121110228336,-298.00080295692624,-373.20057029853535,-313.83423701565505,-258.5845207324013,-309.86859949428464,-261.24225666229785,-279.7244275629538,-247.84263749634155,-249.84791850414612,-345.46983071137697,-370.95012363863077,-360.9191176183042,-201.18323949678904,-201.177611468105,-288.5654353299514,-379.1419656541257,-300.8023671130102,-261.17963269441026,-333.2301583293687,-294.0720982837613,-419.438463590777,-218.71818234794378,-292.8986244513926,-392.79203949334044,-417.0681090065644,-248.79492738295036,-347.73883940882206,-277.0344103672302,-233.40888480897948,-238.9696157313718,-345.5348788317775,-312.02124267685184,-348.88262290525864,-313.77756674099516,-254.8751561723119,-366.20478536238323,-360.1128408584088,-318.0797719751283,-329.547658816882,-321.49609238615005,-416.52053897901635,-274.3557667252768,-258.14203890475505,-391.21062120686526,-333.5400546153933,-251.3446431193394,-389.51628705354955,-338.30103176925104,-288.4434336764436,-231.38916345019584,-351.1329368336408,-409.0226443047796,-331.6101313815863,-320.29967888654494,-367.7784460115153,-296.4146611366866,-343.27622834165925,-346.64290157264844,-193.7514178488022,-252.47600374272463,-370.86454352825155,-290.60712449801997,-407.88978934525375,-329.54270539375614,-278.05612020066485,-225.78434217024667,-211.9209292871077,-318.3220328651878,-259.664369182132,-304.9662091317349,-380.1433562076422,-331.128022039233,-246.38529432540528,-268.8684129551761,-239.93709170073507,-340.4138380486331,-229.79032945804255,-278.984238873709,-305.2854898533179,-258.03440981224554,-221.42051318595878,-355.26219837621244,-296.6397412701492,-323.1762866580225,-234.51268253981544,-256.3758869290745,-313.66385030712837,-198.77116312599756,-216.32207792421588,-226.9879277630578,-310.84486877530753,-186.9430842907574
-968.5839956524242,-790.5640901961266,-893.4777679736228,-906.2244212305799,-1331.1355726744332,-1047.1440602481969,-781.2548913885086,-1194.421768928682,-1140.3573079524813,-1120.9374218199412,-1383.3026232736634,-773.0289505363284,-1168.480392188998,-1105.2260624429252,-1232.4138115182325,-815.5683515131703,-882.4510067012955,-811.6913229401586,-740.0405777765114,-1018.6306835425014,-863.1491012105519,-1113.1014613196303,-787.5375525190706,-1019.8373801524767,-1233.4570288554546,-791.2799610661134,-1278.5739277301288,-1277.0050855539619,-1232.2053014180833,-961.2349640020173,-929.0371091539002,-1257.2060131583946,-1614.2364461728714,-1229.7201875954809,-954.2927234344611,-1138.1089899425635,-1325.5601520409987,-657.680437220912,-1001.464747483566,-1067.3249771279939,-990.2603251207458,-1240.3292247012266,-1205.640839965139,-588.0506446256627,-1015.4897610792746,-1163.523309849219,-986.5851936728719,-1096.820255162919,-1310.9534535622254,-1101.8839507357984,-716.85820430988,-1022.8307144886581,-1088.9650211686985,-1049.4314528069622,-1054.8818461901562,-1051.5468965547373,-817.4175508776477,-768.0528061680279,-1526.8705376926061,-842.8928448757655,-867.2403115430874,-885.1311393079303,-1326.6395083036005,-961.9557162719856,-1085.7817393783826,-993.3450399809774,-848.2145263269709,-736.9789654283172,-936.3099450934842,-983.1140330193517,-854.9270567477013,-817.0311991472176,-1436.8063391069925,-1331.8785754195198,-905.1202513933556,-1026.4504928354686,-1085.680626201187,-666.9336226579949,-1036.0584906630104,-1136.5903908442588,-885.602521926578,-1151.4462732128463,-898.8674747171775,-1126.376415307041,-916.8682285628863,-1122.788727351339,-1084.355515385237,-844.7554171569564,-1038.9770088525695,-1039.8262777602117,-1036.1839981787311,-1137.0154561356164,-830.1025037768302,-857.4316639726928,-1448.8286957609735,-917.2929163101543,-1019.3453827235351,-1059.2212242706998,-753.552408662261,-1021.4167320905357
-354.7588971213267,-375.8556923536578,-384.3791423985088,-344.38139342760337,-519.3715676226014,-421.3703007757153,-369.43054403206503,-479.29133626725303,-433.85557298782885,-505.7345934607628,-427.93060257867995,-383.73119459779014,-409.7125809715938,-406.3367832523446,-455.461974612559,-349.2584280082211,-390.4091111982367,-341.1720568227317,-413.212217989688,-422.87859389446726,-451.81249475815827,-350.0865121546572,-405.9455339430032,-422.6885772998896,-446.39736374739874,-425.83143992472145,-493.64440718511366,-467.18895491799617,-509.5874559174755,-309.70042654789387,-377.34728335729136,-482.91768811921884,-551.4591920363866,-404.24726939632933,-484.5932406887973,-487.6805538977833,-509.07738691129026,-330.4576644824167,-442.73483281911865,-475.6222881226071,-526.10881217437,-505.02422803795685,-435.4151958985419,-348.50799715747803,-435.6528534153371,-549.9648162118315,-428.4988260880894,-444.4198927181173,-439.5835573755531,-396.54830850334656,-270.88963067835516,-432.5465030206484,-459.0850291983664,-459.389484177835,-401.26904969459093,-474.9222124871307,-382.7474705660003,-367.1996530512725,-590.8479684711477,-425.46340670071567,-412.38800929456727,-329.4267124450414,-499.71848189769275,-452.03978765457487,-352.2259621459806,-427.9864846560993,-329.5618747107195,-330.0322695385895,-467.16512380352873,-374.7497669582214,-398.80613965209994,-387.3307674895961,-457.66165819841245,-524.9995801139736,-339.4487183714409,-400.785628602108,-397.7121853019083,-404.77740087475263,-441.9113182442444,-432.56528845615475,-262.59353393359345,-369.4292818974545,-509.36337310480195,-482.01691352059515,-331.54922471923436,-370.4409457974813,-381.66561916982903,-349.34559951818,-389.45416140049645,-422.87118926346227,-509.0208442441527,-484.9212018538788,-304.75155775474417,-298.6325011327994,-437.14060682845684,-338.0699172740839,-358.1016420012681,-367.8948235348287,-423.21325218394213,-363.3182926988185
-337.9513102623428,-366.3690273237082,-323.49139448228397,-352.9089815090059,-418.02171743128605,-390.48877661973137,-317.3325954097644,-408.1468441238399,-403.22489477139095,-374.01230822966534,-395.29704195445595,-248.8572493784467,-479.16477634231546,-435.89975998772564,-357.39487747251667,-336.53669119902173,-342.87123233946517,-256.7856022996329,-372.51226644441186,-381.88895468024356,-316.42723848783027,-418.09776931698985,-300.36996113821294,-304.60220387401654,-464.4640086048376,-439.20817243616597,-367.93843546330044,-525.0968156123635,-485.16206628034433,-331.6968432808719,-348.3736365273643,-462.37250039949015,-599.1416525715053,-437.60877771268855,-308.4772798963266,-439.8263689870507,-486.88776316381797,-299.4551670564416,-443.91505510566446,-320.6785277163936,-424.39322063685177,-551.0101070752804,-517.6834048397618,-254.88611566195777,-381.62538572206006,-588.9809238032439,-421.647529402171,-402.4711035864692,-514.8065865672222,-413.7150383349345,-335.36498807536765,-421.95064050397076,-359.4105542218731,-406.7743901305233,-415.46338041468465,-352.7058328140092,-336.80848447901616,-336.2867777418898,-557.0751847565776,-356.72040463427345,-357.9324777618564,-315.45186289620744,-525.3143501423841,-435.1978477333665,-406.88128684592584,-439.52864144500586,-333.3049479228786,-274.5034208321729,-510.6074215889021,-393.1536276597849,-256.4525836432469,-303.6479862565672,-419.42803679882115,-495.33000793260084,-337.3838482348733,-314.7068728410894,-309.237537004764,-304.4400705465744,-386.8568449772624,-438.8185922930167,-353.1591818594118,-377.86875279727786,-351.41561751219507,-422.8233795964072,-298.4767739989061,-406.80651209714415,-351.46554995860686,-364.960569930163,-404.4723938560112,-351.5436598241834,-408.6904082034705,-438.0246550724243,-292.43585013420494,-285.24888068785805,-357.14664644331674,-283.8847871894929,-339.2997825571718,-327.053979754014,-249.08714615608702,-368.10166487362864
-221.49487177712874,-330.3070633635765,-387.4897547231638,-229.559275538042,-566.4340385238838,-473.57693032799915,-310.9108239313025,-298.41689195519086,-330.9234239770065,-271.81720904528066,-274.2749806002599,-128.51073285609175,-416.38964419936184,-356.999153786063,-383.3636727171311,-131.19552575660202,-368.35729355078166,-205.44084770215332,-176.75318543466545,-309.86182390342447,-241.787850523789,-286.6616636451471,-524.2273154734348,-289.0765328941085,-342.5305271846376,-277.68891021096607,-314.58390852983933,-369.68816639409937,-407.1584533849762,-154.29099224414261,-179.40945590910346,-509.31680534472326,-343.62992035428124,-271.01353388093384,-241.52727811223838,-441.38901521573376,-475.63822766297415,-140.68413447748296,-295.1787482732076,-231.59002909144266,-474.7699777911692,-283.72202105127707,-195.78849142183796,-200.11652578422928,-366.19034547144713,-261.09363859761805,-238.68535039091725,-284.8374937120151,-202.10939106699354,-455.148358589039,-271.054394294158,-353.5229788746552,-247.5168493568432,-460.0087877629768,-203.59344692559426,-254.5747545348045,-364.41375170997145,-372.25015939094544,-342.9233776535288,-391.789877001384,-321.41101688297607,-246.15619442040096,-236.8629702260209,-272.5782926894423,-448.0611851367874,-245.39782075198002,-226.38440658802264,-108.34085525684534,-404.29410858633025,-344.42089158727447,-335.8353312075135,-359.12834186978483,-439.80105792040285,-236.36658834155594,-225.1516076671637,-278.7633865682009,-174.55815928936104,-249.46225240282695,-325.69016365473993,-134.97108889314046,-224.28370161507112,-245.8323361132705,-332.77806476564825,-314.5651761144026,-206.94920741778057,-208.19296221086296,-306.30475260993296,-399.3391250371584,-389.8623548801682,-291.3869191168854,-424.9698330247614,-335.9767586887656,-211.21362895123468,-285.87388638593677,-287.94481806028864,-258.02185574302393,-234.98016033241134,-337.67580123662304,-129.48563419038436,-413.9311579232883
-359.26077508167214,-402.978501627371,-263.10266182240315,-292.9370819900415,-572.6269328652585,-351.10381810927765,-367.34097847886704,-412.09127860500223,-391.3027289658747,-338.87390449266286,-429.7978928379752,-403.9257751365699,-503.1107305780444,-498.33097041169935,-187.60033330895737,-373.852611780862,-484.48789295519236,-325.0950010220061,-261.0539485564578,-373.2518756856535,-438.44653863877807,-422.9516602882569,-123.38393340957501,-341.97491772313657,-389.7090724766247,-395.54463935229217,-316.63735895939715,-481.5332088541877,-455.77809607539086,-207.500257738053,-299.3439956924933,-570.3530047079796,-796.6435353065609,-293.13277852746893,-178.0719517959951,-389.25443858807034,-563.4071499058952,-116.03714609350084,-354.1841049801747,-264.5510146898314,-409.6745220914176,-347.1278043415953,-419.9576041111536,-286.3592161742535,-471.9152060361427,-609.680807562522,-147.80127716067676,-480.865024332244,-588.9409984025533,-336.44930302916686,-262.0202441693062,-347.0658446875899,-516.4100886087831,-336.2015758029884,-500.8656929847055,-211.27305688120384,-362.0123497930961,-334.8591874920868,-500.3226901274889,-417.1818271654873,-353.26462955752487,-420.5988123289301,-688.0052516590902,-503.0786652813348,-451.4926352838752,-424.1700505306845,-333.1116127694959,-130.0059460697526,-566.1136946403138,-397.49829882076256,-265.8527674169375,-253.1629772927897,-479.0893657852402,-449.9653399763479,-294.271256634154,-347.2241453330232,-243.98102441643303,-315.2964256119174,-360.48121960035206,-355.8361720249654,-192.27331805393723,-715.6881124942107,-443.16570316107516,-625.258936463409,-225.91903487393932,-454.78510713347606,-449.1869718335513,-311.64221386548166,-441.3238116255193,-192.21393543582442,-487.84028709264635,-307.61395907842166,-160.22913840117457,-305.0712526653511,-433.9525641206726,-267.0299198069757,-389.1628203575623,-314.04403653583813,-193.2010045947458,-209.3104334245631
-260.7744874085614,-97.60933369116046,-127.57061642254082,-139.82097219511562,-140.4765554801211,-108.39722975745316,-468.16817216899307,-181.8725779829935,-255.10862768847545,-132.84121684626967,8.698317840628397,-193.16898847041034,-469.4363260978201,-215.62271870145364,-367.15949937203914,-99.72319099732806,-521.3032814392313,-410.49994126736254,-216.5207841792129,-216.3114248264797,-333.38487370074745,-307.4303832842796,-392.909284589518,-115.54456643541266,-279.3647592263365,-331.24262765507876,-89.39895540287222,-142.44154856877324,-364.5947234674677,-291.9846395746605,-215.9062875901695,-395.2458490831717,23.990681765940128,-279.36902189399086,-253.61691761717904,-620.5667565064907,-252.87930231806246,-570.6557857728096,-465.59622841354184,-258.15954233539765,-190.91112536997855,-266.0164685336284,-168.76029664379234,-341.8128154800723,-420.9254274114288,-316.8741762505002,-280.68216583414375,-302.7968273283799,-76.79044078964536,-594.1240112933933,-339.4781519521639,-481.75045570616027,-152.8665871849523,-180.36993291129065,-153.29605927095903,-246.7018647329513,-369.2812481248422,-326.63164984570267,-327.792622180802,-341.0229309489757,-226.8748218226002,-180.1756710461337,-34.46581743252717,-325.3973320333217,-351.71964213438577,-149.51634597394175,9.498773430605493,-348.92696649120774,-606.9936536244413,-379.75005573147314,-344.78011322137166,-370.8489503286843,-314.86337537855513,-195.80113979679334,53.965660789282154,-31.87905433398703,-216.08533984868234,-422.7533951372381,-101.28280634867643,99.41012355357118,-411.676137232036,-143.51315777923728,267.3375155562111,-237.22918291024948,-366.620159856723,-212.94198997001533,-414.5879792875779,-635.6019934507997,-221.3984177381211,-402.57706972014057,-177.12444702671021,-407.6077218806989,-377.6531060621369,-191.38517283174124,-322.1234169199235,-185.6410637632245,129.25896183764996,-336.49216820302473,-139.55771528957513,-269.60799188319197
-586.211046190547,-562.15453478202,-532.9447060401892,-315.3609963771956,-885.7824452937609,-384.9794419307362,-551.2178307492123,-496.35748216018,-524.6604097264747,-379.44677202550474,-421.92077556264076,-559.3409379177659,-404.3234630552222,-391.83533312802433,-403.87055651414454,-612.7281890402671,-577.8003827917297,-225.42018644122655,-573.0170215706611,-221.66530078948625,-518.8386481430805,-534.8374072772358,-456.9961484123886,-395.03324001180397,-285.7176272802798,-715.7362007798401,-316.94312485422876,-624.7511878087274,-510.7516435115554,-292.9681179452822,-281.8785279130222,-315.5914940153278,-745.1520958850148,-375.7870982494097,-411.486048631297,-532.1699597597024,-493.4693315849524,-150.83506625757846,-258.9187108018595,-253.21964725774708,-643.1520517823262,-203.08749665245682,-273.86669529226026,-593.7686387837588,-440.46611887456396,-233.54035509172775,-359.35847522202033,-588.0225313344955,-334.33531561683753,-196.55975737858392,-247.88486431257732,-115.48916253575783,-538.3674158507839,-238.45750516037648,-764.641804722225,-339.8139740222494,-425.19638712056457,-556.1954384484849,-365.17590991351517,-861.820588380449,-617.0981358805761,-383.0323567226988,-401.4896745154597,-565.4609240272454,-475.85864560236735,-527.342779421034,-416.7880470501448,-300.4956043587414,-634.1192324343818,-515.8692133460171,-413.5729279247718,-713.2942728665347,-388.9197762285329,-319.4007043464303,-299.72657318157184,-745.0218412659287,-231.40252241091807,-662.9158920380253,-652.2857508920969,-452.9248508840958,-262.62563211656914,-574.6774497841722,-543.0215101036924,-409.53534421771775,-418.33581661466553,-652.6417821969094,-703.7428354756789,-169.08120794737675,-613.2581960899932,-162.48659515154097,-603.5042054116684,-168.25942495750482,-262.11852859184074,-335.9477395204453,-246.65245140795523,-406.93533948902495,-273.7891792827641,-200.50305246047745,-440.33999709019224,-190.77562492612384
-72.77882421473447,-139.35021352778705,-111.75243769036312,-30.06070028025828,-101.0341227089622,-179.42654510744805,-63.89162256928108,-89.83950442456707,-109.17954619142192,-132.37169784407206,-137.14713893708324,-114.69103851414151,-127.21295727617769,-152.5112844172091,-196.54511468015917,-78.14004730731487,-103.92948579755266,-115.14706882408541,-51.34205382651659,-63.46790986405764,-62.79695788443061,-119.6771633217362,-118.66044841823495,-77.98332215892904,-86.46883521493555,-23.698705326938846,-112.43409907217674,-131.20707702082433,-104.51892143747597,-58.039004727153596,-35.29290823754644,-128.3549687127881,-118.22476706770061,-138.25648196223403,-63.145515065778206,-91.57806514009847,-145.68876415170675,-70.05096450084599,-85.28807418901644,-132.041058269757,-100.20861656814758,-147.9391754272149,-101.96123400611435,-56.619500183675136,-118.81625614185562,-165.91228504164803,-101.98618767856557,-98.76180288927364,-119.12943228409013,-152.92590951607568,-109.14451122389411,-163.844156415764,-108.55673587666033,-178.78761558897494,0.4270866043542976,-132.7100422345086,-44.98981858055163,-119.97925665136084,-89.98403786570141,-48.01235538083078,-85.63026185371334,-97.17583665043047,-91.13385627653881,-103.39573772008637,-121.03259248782787,-36.295584555855676,-86.0659410529304,-30.858864251027125,-108.41470265927221,-109.630732543046,-114.49358966794003,-105.20569948062295,-127.2068818766946,-68.42783873057907,-97.71883637486242,-74.58673374426452,-129.1030593658251,-34.025445402293165,-105.8132819901548,-62.37527818154803,-102.68338998970202,-138.74182597482923,-52.20468519793748,-98.61173804136203,-106.393659918146,-64.19994124432317,-117.04905774328373,-134.63018022105854,-193.1974685534934,-102.60237424995552,-83.31521919772496,-87.43571342996572,-83.70948839475766,-85.09299907195151,-155.64776848557386,-97.1301674028322,-127.24190338742378,-56.55525509596532,-75.71147968421667,-142.33100561517466
-299.03034520172844,-218.38104957653982,-162.32215210914944,-180.54750116521691,-408.9867048527114,-176.96727150521053,-208.7755291655954,-212.8702544536282,-143.64672401905227,-248.28183865086703,-71.58403552813604,-220.13459967791854,-260.62471509467383,-73.85138999017089,-360.7470904491116,-96.07885137862131,-144.4104842350778,-176.13709113984203,-183.65864709288118,-174.10669669363995,-283.1796369452579,-336.33306996219915,-169.22507453939858,-222.74369290100321,-235.07975139612134,-169.93056303669044,-171.4330826183617,-260.6214523742655,-246.21128759921618,-229.02253889714422,-237.4571431083148,-264.6590976936483,-427.0773198549334,-311.4900491179825,-237.55216829106126,-372.51884571196075,-189.7715426828874,-150.35174560426765,-282.0278075233591,-185.38027815216063,-181.96737438255042,-122.40449906823615,-213.0424116999231,-166.99214914128186,-201.74954128228958,-108.75836518881373,-300.96950985839607,-288.09384365626664,-144.57968541751458,-119.78834531001642,-229.0435863374528,-175.77105121221788,-248.01493595809143,-185.78088451722468,-189.1531852145465,-264.8065263427796,-252.02249681618096,-188.27663953037558,-261.46979167976457,-260.03132539921495,-159.7286212722446,-198.13319615000879,-207.07993564724597,-182.19653069537907,-213.35987452233326,-178.2718685901322,-225.472894298474,-253.6323464165145,-229.60736106781061,-195.6803591541946,-156.62170272659066,-177.15852987049513,-210.32307036851049,-405.9418509235989,-205.71936067656998,-239.71842666208875,-256.150997196847,-168.93950771235828,-204.0270684586072,-266.4038740147417,-186.18754340431508,-177.16522106653213,-82.87633369021364,-229.12465330837335,-304.5588770071849,-262.16839170047376,-244.21526704619166,-132.67734711176902,-177.53798723432652,-296.240249254115,-148.80872232946956,-163.4905861050502,-243.11076872196824,-202.2963305965355,-313.58736250638367,-215.7606375521772,-238.56863868554692,-239.39662488940664,-196.9312990321954,-234.80187417819786
-7.190671567111565,-78.49907754892394,-55.61537554447281,-50.41282992054105,-24.430824720565294,-40.942705470504876,11.991015735242593,-59.22561627154993,-103.3997020367118,-88.94268006024697,-83.22761977769278,-115.33965410942935,-36.488449578454386,-31.143096098228618,-96.18009326312843,-99.82668505958648,-7.517957461368925,-57.66274766492847,-12.943010456398897,-5.37797614277128,-32.21176341343003,12.713622124679661,-56.75008398089692,-53.5366771024996,-50.840933261294886,-52.67625026800361,-40.591929818441045,-57.00448022118593,-108.23764881336041,-2.562467270416012,-92.11110174551348,-64.64983720241217,-44.0452165512472,12.88169505174827,-4.609073013536138,-23.06203201888577,-90.71940225846608,3.356025502760596,-70.08521676579268,-30.91738424417689,-83.15099187098423,-41.573421871016365,7.792552969337057,-29.915926682983596,-46.583656849799084,6.668996889968842,-174.2848821409535,-86.50917614477375,-51.89018811301957,-29.111092979005093,-48.51662944736003,-31.245542817823832,-53.45059535661152,-119.65162931582617,35.832552826367106,-117.22440789448201,-29.53836095397973,-26.93547254985127,61.35718667626965,-13.117447451932485,0.19894425519800446,-29.917588613210107,-24.167342815385346,-75.47090742857364,-57.83186691543041,-97.66545527682582,-49.47131723809493,-89.30410559842916,-10.379929807028436,-80.83172591824258,-79.53803488626954,-93.53512911421258,-125.61684833839215,-25.57791285615757,-116.19164403330754,-30.37775434268264,-15.938796044889154,-48.868544248228,-88.10598663994833,-83.14644671883667,-76.76215232679841,11.697174707687545,-110.50141377418525,-12.588632644254998,-56.671675010214045,-106.49565633454293,-53.57204252731004,-6.0854361743140615,-65.79481135327032,-85.78650432945392,-28.658737255171474,-97.14306959588104,-44.820715646916426,-35.62209815418444,-61.1721291362033,-43.19352572426447,-76.47643569623024,8.198653841148145,-79.91054806527555,-97.50679841493027
5.197157515275425,6.289470926576619,24.41331649430308,61.96407830436379,-2.1573768870672474,3.026750557799335,36.73301601694623,65.66077725823385,91.10974194228737,56.49813359551151,70.40658859111963,6.093013920169601,21.195909048635148,56.47675945813156,0.4184098893592642,45.69818505217197,39.91461310580547,79.8603272713111,23.98859193445146,-24.796214371513628,51.2192279408411,21.24334320470796,15.651754823864678,18.131049805169198,15.494992529321978,94.49947700095606,34.944246758480304,28.129882676285686,16.0033191606116,-8.875626897752166,20.561844474974915,11.842562770815134,3.231458981791263,13.338519507847261,24.191941661790235,105.82850055636285,63.974156822989,-1.868082695692827,8.517953267574878,28.864692455797634,59.60790748925226,36.66808192125543,-3.225550477134385,35.00794291577953,12.445969452761718,66.49624746699372,-34.108055898648715,41.984783051705925,29.434224391608407,25.83224827719457,-57.27918830501419,10.582444783946741,18.719801883959043,-19.54526004074925,88.8839624960984,14.877872358020314,40.867121278247616,47.10138133699587,49.58834525158445,8.002483771571042,76.24534339553739,20.903328266732437,52.21628376218882,60.97860900457163,6.49967177174302,7.719342777755053,22.150970795151096,17.33192291945403,13.836199708406383,43.41301095045206,26.51098884574922,20.72660857619084,21.947223938067147,57.497174631999044,-1.8846656272621758,61.83622642789525,6.966704593796943,40.25499860099632,13.14080659575687,14.117077417944705,51.82400032216901,84.37972622130953,68.71122946315252,6.3278876192268605,23.771929595427693,34.11359848853406,18.228438607249164,23.167475420702715,35.78821388615631,40.501603353172044,65.42903590458117,17.37928181816891,-17.242749239090635,18.341896086704676,-7.1309575992133105,3.6890174832486577,-8.490524973981984,12.005917268633768,-3.9499672974381568,-28.85089931819872
31.388327507610843,-4.910708811116072,45.701180520187165,16.807955457404006,29.118054193265937,32.08121320368534,47.79634333668329,31.294650538042276,-4.291550299848311,23.56499382685204,37.78003420163674,1.7300533117124335,-18.873844528480436,47.282559079988694,27.5756931585214,38.89010078011356,43.29012081054171,33.12842001166538,61.873127643907885,21.160886139959644,8.985745580337493,-4.8065010525109715,30.5773985424873,64.73966349359158,-5.581676990571955,6.985596993024766,50.08382931072465,5.699606888316453,7.225651962560712,28.887872065109033,13.13587143701522,-20.855077418409326,58.0897679234176,34.35731582506497,71.49894633638559,26.423855088710027,-14.113020414298017,39.89536191635775,1.4454729490728258,35.008903427495156,65.57961683503319,47.89271008646281,-1.8093403402971011,28.45673847469256,-4.770984666028727,32.93785144154494,34.882128965093536,7.406622267738393,22.999734426798966,29.719341230019438,3.28421701246096,0.44863435861404655,11.122858335191847,12.94613216417451,75.00303249333625,34.75337662263331,13.199995911239702,19.113210024676675,51.93594388814716,38.16083377591305,31.996456818074765,22.298451347835027,0.22380043724267443,20.744425832044254,46.996190385720425,-2.6148150860888917,22.388870845572182,-3.94962578935274,31.924921714282934,-15.27325161496676,6.914998155766687,18.231493288219554,34.88456830309832,11.484510193683235,-7.095655689541312,33.85617237589679,35.366828309890806,40.36827786005434,1.0757387339813798,21.035173743901037,29.216798506117,16.26505090117375,7.110953588694505,40.983921537734794,24.71692437498833,-17.284842392543528,20.219934199587076,53.42388598334743,3.4780466036239175,-2.7448177339298083,50.63198138845262,3.6822661869570714,24.49354197029861,13.062863589062687,-3.7933780378763835,14.438104872737648,-2.0168409429107292,44.48795414210084,12.911673716990267,18.22935423883403
-171.16378136705094,-261.2981855222064,-298.8472044620429,-111.52331460320659,-79.84411467435733,-100.42088141498658,-31.504918792089292,97.43944098087837,-29.292387508109485,-234.91513916796845,-96.42332321896033,-110.57615948149693,-208.3594491192889,-179.1953200346956,-89.62243692422616,-123.19798545796702,-125.97453526792644,-47.093596984545925,-102.0385606229068,-115.42743325691008,-85.56842156177935,-21.302282402094622,-241.67167472367055,-170.00776618564794,-51.299001518395706,-133.42111639951955,-155.22484367698553,-103.52759748057805,-117.65359931458157,-165.54802163070153,8.766715500803103,-54.0682834879772,-193.7420812768009,-90.52438216489865,-109.96332208466372,51.907570143068234,38.0708783107974,-69.82316299132036,-191.89743786798917,-224.3574155479321,-99.98399757552234,28.917603250793174,-90.20236597911128,-195.37121927434958,67.31173575649382,-149.22243387477582,-373.5387681932644,45.38706938782201,-179.06657016385122,-200.73110230084518,-297.707382946325,-18.84588079214161,-156.28014200185848,-146.94222908250072,-91.67575125738635,-207.59987037243397,-123.43572705212512,-197.61106280576428,20.399078257909125,-136.23050573581875,83.4283154974993,14.905642356169475,78.9907300234551,-55.68422335078984,-242.44652902194184,-259.32011534005306,-117.4390695976144,-77.51064196700206,-246.5362106609454,-67.32415139986357,-178.25772479811155,-88.95499763665569,-179.6719846306594,1.0048776773548895,27.87772428221273,-74.34755245681168,-30.041281903181158,-58.359630710002776,34.62496223833821,-131.60374135416785,-229.239598029543,-3.1885193935918217,-207.05489567358194,-127.12894845279948,-92.46639753743162,-33.3796384908753,-262.80318394408164,-263.835369374553,-138.65445501269193,-5.5637221791277085,-49.95397697551423,-175.38712930070162,-190.60011298604772,-113.85087606845373,-11.724313550714683,-113.52051260974541,-83.83375829692572,-31.59890942598684,-161.09422172294478,-84.30377678421172
-54.72905234606452,-134.6719484020557,-83.2282229540935,-126.99498145185996,-162.55309739735588,-93.28702576708567,-80.4736215881129,-30.297964260686445,-87.69732900461761,-128.56630915860686,-131.34910735554047,-87.49678061058178,-217.1666325815328,-106.18726673448475,-114.60192679276727,-86.99052709229576,-140.9573879477241,-157.41730870035954,-108.2660623845573,-156.8074076939186,-143.58838208979392,-134.2683299631863,-125.48283735001262,-141.8098291687874,-77.09149332979099,-153.9486308451133,-93.1515149049441,-195.69412838489953,-222.05431669167857,-114.93048554563157,-77.81359964059911,-157.71275811447896,-119.05669060067557,-194.1225126818471,-134.48793685529307,-141.35556318804387,-105.68361964911479,-145.96477542007938,-101.89625604005651,-128.90457880371892,-65.33479792340002,-69.80593080769613,-147.91260058457976,-35.87713458619279,-138.40217356159155,-165.5166235590592,-127.41107221278519,-139.22483298742162,-134.45135226076056,-126.39593154363658,-99.62163651413896,-179.08061098204706,-160.56497958527447,-26.255781447852275,-227.48731242775375,-176.98378112686268,-121.7740330794498,-136.91710436113888,-170.9923656770623,-142.9281354140123,-71.28985867784667,-56.367337611001865,-124.29425484481419,-61.5455653940635,-99.72026893113063,-192.36576713143165,-105.60927009069215,-82.75817991828454,-147.30427679780527,-146.35139702667976,-118.53557285530965,-33.648167650151656,-138.37673804305425,-218.721165674041,-143.6695825392848,-125.39574014644032,-104.64966596904812,-124.16947241110576,-83.25199688471668,-175.74988300702765,-134.31018142018902,-121.37759378324834,-115.44144753089918,-127.82588365071263,-140.71083925863783,-97.31091900960016,-118.19434530745364,-140.5930262670985,-195.16398034701876,-114.55884898279783,-149.30495916260813,-50.031544153444926,-117.97098404515484,-74.15136250926386,-163.47864325665276,-70.68563767972681,-94.11503741760055,-144.84762909387499,-52.76276466895332,-83.27768090810602
26.780603809605303,32.063930248316844,12.978039302328638,32.333037545019835,-2.4705003504451675,52.90973523825864,17.698039652058544,26.68288008810406,66.8566644843768,60.4457458104413,39.43383165213447,70.10062337918426,74.8740601113491,28.397459733627574,91.43782614229002,55.57240872616647,35.05969758105998,59.23385446000959,31.98594603604916,9.968552859950153,24.45621541702819,40.03288594951498,47.60907617132993,39.62292458917752,31.450592273760527,27.627949302933132,29.106486939970413,25.43058798111034,35.75369934759032,-39.94829289829454,42.871208059118175,78.1979608157298,37.71881913749433,56.55195304260016,1.6265782459786888,45.76926627718796,88.11322036381877,55.372505088330364,23.772661161218345,14.424884251801618,23.323241940053002,13.363358107998339,11.39528868509763,29.90386959255664,24.674066373616263,16.38999114727106,-19.826768742971655,49.49412858405086,32.20675369174022,21.932589631692732,6.891877574896931,75.53239923042192,5.236766719706629,54.04253582244212,62.605419358485356,3.9734358046964973,36.83533785519373,35.20458675838174,50.75829273777551,17.40378669202327,26.10383643082675,54.52627675979734,61.65937756409379,52.66744183980516,34.488987043904174,-23.82422692435735,19.720484130102292,7.661475723396353,48.81794198918185,67.82842232523772,23.324925496746257,36.14036209552784,46.80004260703726,69.11486225502856,78.49482691696039,82.00539917572068,63.76450235939745,64.51396168359994,52.976063741355034,-2.228849498201482,3.775827085939154,34.69260751705938,90.51509983721712,49.255683678409966,32.429694781000904,44.78614992580447,40.55584475047819,34.64721916708716,41.90344416298504,36.52177903852183,30.96000878532728,10.463901753041535,-2.7053838621532824,29.380248432674453,68.98811717109662,33.40794741732736,47.56432085323965,103.98360712789659,-6.848257791473672,75.15749091663842
71.76434132622629,16.100479761732977,31.1501535556796,34.80357556269408,79.51035941993615,20.55943069600085,8.289000025897314,8.540385715719655,21.94351844789489,-68.53487873476907,-4.900285511388877,56.342340281175645,25.131661606589073,27.798071592840493,80.33052542447543,36.9069725404625,70.48766467151094,48.155721131525794,56.399623755602434,57.28481399701552,53.19599918498159,-55.90115819075463,80.84593673262606,47.149118461586895,16.493585985529002,10.434104352437163,34.020212334879766,-14.541391655637543,32.76254024804137,51.97686458349403,82.45413943981059,17.739455097516757,-16.410987207242005,52.85630527865098,108.55865135794403,-1.0367051168727741,-48.352633023732466,82.34207453275371,110.63368662778811,-25.26939410291469,47.14830812430683,80.76356398799729,36.35126361114435,58.86621810707752,31.030738348907192,9.905022666169252,103.58726157495941,56.66783987614117,24.370323186347136,-2.1442972963476294,67.28592154290696,68.34190986864054,44.61673559671148,59.06960613079485,-13.84748852577335,71.93691797143575,78.04872140322549,70.24060966556765,-33.53380770007655,54.64668499845774,41.75201689345575,-0.824491039199712,48.023261092413044,-6.33194378836895,37.8400690399182,36.27277186713167,40.346423318144154,61.713691121830394,44.62398023065632,75.9237953241697,24.400809984175165,80.38671304978021,9.507530298195185,57.87412312794894,5.384354999446727,-31.795321822021208,90.73734853374405,50.60725800474689,11.366574490414461,53.697939943898916,-61.1744821347562,34.148189371914846,-17.52369892656569,25.81681448947018,27.379884929417027,61.319822861584896,89.11671048196361,59.143815191372255,-9.796876941280372,127.10383523841335,-1.203585334917791,25.915049058202488,82.53503175976755,51.58313033118455,59.41487733441659,25.061384054314512,51.485800841092804,36.91839061114826,75.14799144718043,82.50106170898219
54.507127273832694,63.49625343763979,39.3451664549829,50.2423419408532,21.223179801857217,44.43085059870608,19.330547785293515,16.194397063186507,98.89114819234027,53.20494878377067,50.71745617113882,50.3055453060425,92.36143922802809,61.18716708561998,96.47688395287712,68.9358772285017,69.90278705853052,50.88921451539813,48.98872452444726,62.97073662095749,31.51512187413257,24.194490488244146,34.09067115263557,53.663149714062364,52.36374853880744,69.1778072898231,50.31961277385773,73.76056802379568,31.167511376349385,36.033174540157894,18.86802309622745,71.02149733727933,47.49068049739283,67.61963447573774,-8.566401496784007,58.69735680934149,114.29136057621379,43.040535085437895,82.42936927244493,46.88446952732285,45.87602576240007,24.72007716087882,58.02929897681371,41.64281196835667,14.571132627803307,23.47729190188193,31.561540254222617,5.91405766181754,98.24605666443892,77.19738996327155,29.962542910606594,84.04673927421469,44.84983124918227,84.6241502706567,82.77756399630286,29.49443299793003,79.01712565265329,54.98289374503225,43.55098018959074,22.810451613818007,24.251703599413744,34.29487145943479,65.4893359954127,104.48342546201235,60.52341237225751,32.53348935786626,21.62461440331282,42.81603940922344,47.120508600545314,116.91271491963893,31.01079346344675,34.94885326357814,48.99689963052806,24.15775077614404,60.20766484916843,37.081065331641014,59.16649383287533,75.7277991045887,66.95860861219971,7.8878363762644375,38.38758177089228,29.432529404085688,94.12778698294673,41.89291436526031,34.427300602399846,72.6267374748611,90.68574079629511,49.04003424625568,53.64046172727562,18.671687144756287,36.94053155820306,110.92773466148454,53.47823834459748,45.43937130885897,59.09272159091135,69.96113686850308,57.63498241234463,89.3567897837569,28.798073057556497,81.08943772020105
161.7022716304455,153.23121847910014,147.98981791936077,153.61739022699575,142.03814570806298,134.32080781536442,120.45728628237349,88.99236320393724,137.24710274053422,136.55629508128692,137.9892588913392,139.05701653260485,152.09303420006074,158.4994374841497,163.99287937211122,113.88011636616325,141.65748371642616,89.69133941527032,127.60731584587515,150.76380453971058,142.30098002274207,205.9510366102029,193.46211213166697,83.30798852516565,144.07117663188814,136.1695343885619,127.39291831661735,172.7846945262011,203.6789962880691,108.9683214297919,158.0835333009169,159.3976633055914,147.55009898289217,158.2498671585704,196.6476790021535,153.64015859541732,149.01135908445573,177.77832127493056,177.87109360507367,125.89923061395513,161.22137828759065,212.90851951685622,152.89932453353984,127.20855437375351,115.27583247883508,106.24355314401616,213.03950098941567,161.00297639119503,113.83043361758507,150.73557694879477,165.63083553209935,133.5566628525343,125.30105877570271,161.34499478275805,112.23889516709593,108.39549719381826,149.97912620980415,144.0622205460496,165.82507293855707,156.32069451477645,118.91340114364071,112.0154761416542,149.9641263859074,96.55202482902405,178.51165943372862,167.21807649134018,173.0755957797752,122.63160261558451,180.7057704745672,129.72942859045853,150.93402449827946,116.88525022672395,142.08332939951305,293.55601908640443,72.93123820487911,148.69063504868825,122.93465762499713,140.6195463742737,135.27206853423124,150.2138984731031,115.12827190610057,125.80607962709706,160.51620410750633,131.30287259268212,103.02336143568567,180.9331511061176,99.4962777277737,173.49920460728856,167.47680089256093,194.0436009892432,150.77365185595423,180.5717303901626,152.28921502909446,162.1088595244841,135.02527014194527,125.95561076594574,117.39154484574445,155.84791546756406,132.14852541767644,159.88510428557305
250.27401240331514,268.8703826216004,285.3880823786631,320.36160333722717,341.3112636043566,269.2992318960279,156.82924823118722,246.11167326088602,425.1693865040347,374.31309568872734,304.2469726708818,157.01142613240475,291.82734158239805,368.6781440616462,354.2323800681115,193.74970287282585,299.52851587773023,244.9480440765228,248.27558309796729,225.6236495729921,183.8971031039802,442.96434536123166,320.9309122731983,235.14230750317947,312.5241259743111,329.3190902261652,340.2235875951814,472.352104985094,324.87714854017753,248.01786158385448,192.82458520878527,346.21414721898185,379.75583727734175,410.632008018207,300.45500395807454,374.07099917301053,368.1959581929508,262.77268792767387,298.33908224672365,280.3566895200492,308.4695921305286,326.00316107417126,322.3404530553847,165.06047472969703,231.09067576158188,326.7054655698953,225.7711097464925,323.4016577997562,305.38361735988934,283.82271682173837,218.95938273371357,352.6184001340258,351.77331907107015,277.4472983368685,313.1604863968255,317.58064036152183,289.5199314676134,246.59760278645217,426.2267580807429,296.51633546178476,240.56394623033106,268.06988322849526,289.21458275141146,341.28898433404726,371.3619238844085,342.5301204663349,251.98956716886968,249.16619082447332,266.5419034558337,364.37985057126474,256.89191480879015,164.69106866968582,308.2227275480209,513.1077029614896,268.6469611731998,326.7427139496336,351.9866286498217,249.7216640463932,303.62449398097766,330.26228599279455,279.94710695598854,188.20534773977568,279.3307309378643,249.588690657194,303.1904158348886,337.24327768696065,295.94446201486915,317.0955023372392,322.48176817392874,278.80625932048656,353.5672956718484,246.13709324829114,217.8063489623365,282.08690586749134,360.006365659886,191.38075617677563,206.60187899256084,342.49906651450044,192.97750187507552,304.3160207855526
221.32430942944,138.14384904732788,273.6762284861912,208.70219092688595,307.00740696502453,199.1516209637683,339.6538990303149,255.38410069104475,287.7719296147445,298.1752349901904,430.86368812982033,287.47985866373716,262.18488802360525,309.9766533632078,246.16702693869365,250.23432943408895,234.859796266304,216.13927300243284,388.48974699359024,282.76207295361826,349.4880824581833,349.52230865599694,351.85197736772653,267.0440676261732,242.25694987381362,367.0097968700548,293.64012344293565,291.52703454929264,312.2100861939712,333.35982582407877,294.3313718177401,330.4759980545643,385.7365678625044,311.0427505764896,349.3369147863522,346.6715157765375,339.28519864448805,279.548394724593,346.5874531585632,310.3399616947174,391.99125321836095,303.76476749630547,363.9161766214568,259.74079068656107,483.05840400475483,263.6032312283876,237.2362808966496,494.16437158482756,304.92897396273327,245.80288805196466,221.91227972401526,295.5843631628642,377.3964960550539,301.52701051912624,304.27790824573174,178.68152402202654,242.8015312544267,276.1959510847653,277.13998781552755,438.7027703115043,316.7900376562922,391.40218642204724,275.49270763774103,332.07170814325747,223.73820637370247,404.6940702285387,276.98490464878074,286.19531315416907,261.60318293129313,195.04632894674555,361.42595994146797,284.0023484937102,371.9796827981583,384.3880553414239,292.4022906116763,452.96139594924824,318.45651566994906,384.07416091023777,321.04118318547955,301.62491905596596,190.05414499391995,324.4168898630349,279.2887199953875,240.35629924933863,272.9051120513776,282.55438298022636,300.782509944936,295.31823016892906,332.39092360285554,237.17097217591885,304.42008475664494,326.61539390057885,186.32184768781613,298.12773968591665,353.4386838279855,256.1052957570141,252.6180697256191,249.3258176432573,239.14263201721212,319.24373700171554
467.9062027363954,436.8257682945076,613.1202911937917,607.8201876939333,554.7855029039223,481.9443433411108,672.5744616253326,448.0182143022971,470.1809546976604,578.3706663491818,578.4074167508039,371.08911446851613,485.60716078216944,628.9161694401049,488.34845724257974,611.3872267971188,564.769452714041,426.1588839826675,621.9008070827269,764.1306399508239,638.7736362069312,564.1466136554146,541.4805700600109,463.122700906347,688.0312444514041,692.7833835924865,411.93554992137996,722.895873680888,700.0691378510918,521.3249435578564,516.9972216619663,550.3081147466193,485.7894969970181,708.5657752029983,570.287120650821,616.716522035298,510.4098087847985,537.1303909889809,487.83283469700143,671.5032160600475,574.5216588755155,536.4093868321819,565.938919711688,445.18789465717623,546.3854672610731,634.5952790112926,634.6397634845738,506.46911712093726,519.3634634501144,664.2298593416583,637.7822812840553,446.0348127910997,752.2383354920122,421.7550472915424,821.2635085930008,407.6253073096646,488.65540737954785,462.63352828681036,694.2978443684838,882.0991740618587,433.155572186631,616.1729056764846,608.4462938388665,482.71587736105,631.7323321358346,924.2566515998295,622.4487146328328,412.131473249732,797.8824918617651,607.6025931918674,473.79898140869835,393.62790572178636,527.5207773719269,525.8499763535364,384.9676926580619,689.0100737771878,451.0369936246488,512.8279166607134,574.7487736202754,541.2794886212884,336.7907251111953,533.3663873129633,621.8197118619729,558.9985562382444,356.30542330626463,444.0837366261546,363.11743039012043,778.3665962445216,624.2732605412476,480.47410099504754,817.6102466107332,883.678882549409,553.6241333603325,518.3350854501307,433.3585270537291,552.0675822204697,410.96589986980166,539.373795032005,326.6900823747909,431.65018664451964
187.44935212527798,149.27585604465577,174.12610487775476,312.40172413596673,317.5311401445505,174.9519916285933,155.93424435954856,54.93622814399331,124.89118619067793,226.40021326220125,304.13846201686385,126.36943452108358,258.3079517414954,296.33559298696065,326.4810877849241,193.7955924864771,161.71241846734247,39.94639874372977,210.86562691321936,320.3009168077822,234.3390345631438,418.61138961324957,369.0010200409574,77.34105447421477,150.42886919392055,270.47834979073565,222.55021546694272,450.05275803192734,377.67400968207744,217.35628329706634,201.7566363700006,439.0911358251639,268.3774394097834,209.14167288234898,255.31670797650503,372.904916616558,180.13701926923915,279.371271744254,177.0318728587615,237.13253287955916,324.62300665555193,259.33154580360656,223.93223276399783,157.18665387636304,225.4339297964731,-29.85541067867814,158.69523374273217,241.80428099695033,205.3888871456339,325.47997106384787,339.5630112447862,347.48409559918446,415.75703366566086,306.1917529071908,241.20930192290328,159.5627797090484,144.62335191073927,152.1068225951326,196.30961818451397,523.3942916045837,161.10573171297798,299.79468945098176,119.77164848031067,246.10508256348194,403.71684482113045,464.2132934605381,141.8983551195701,124.09918666799867,214.71276968058015,186.7991765473468,144.31954426422112,91.06957949762922,295.4530689533791,302.6110706311984,292.9274849158871,323.1915128363775,287.443048244401,261.99327260041866,269.67347677276587,179.1295003104158,190.27395070049153,59.437063645952215,250.64321531935636,251.63213284718069,243.16884274304346,197.81485558523394,130.85983548437125,404.002687813679,316.93816905843,53.786601074161844,260.445263670851,292.6505824574744,89.52224920439728,258.9908681744617,298.9587429025084,267.68755599894547,238.93669447107948,182.00081015793867,92.08187830577283,339.150457305707
107.08843059229001,60.48837665433088,51.7991516815576,60.99976887686936,128.82529786932332,118.6088258572405,108.43539686822297,135.59973090764296,153.84286574744843,73.10857596393555,43.81678956362712,93.13082592905886,129.8969157036497,91.45296690713647,142.65331785867807,73.06584392152332,119.71149115017624,71.75304782782338,99.30870078205537,113.10243009494691,57.46303727299313,122.37644179265989,93.73609316667293,86.48323781220451,139.29177888100074,144.33188986445217,112.44048436118413,146.97229568566763,93.44854846495505,31.676852878907432,68.57505863511518,206.10820934979557,109.66819923168282,88.71429811111364,77.90792877310952,108.57857168646952,142.89848628323375,61.88982314083795,132.64944228007136,148.55968391130804,129.14418279454296,126.72452124592704,172.87044507221094,66.0853224824879,163.51314858656286,153.5898515188281,22.757659233649147,191.51904052015954,116.7489838172666,57.938158664578765,56.68255745721431,160.62320311739384,129.86857744496263,113.51969983910826,60.15407176389206,31.534240223054265,114.61179880240363,83.11310948299396,169.37458417565864,153.12910994122427,47.365488037217204,161.85363372453952,106.11698881329691,165.02053076759103,88.64486297293935,30.65554925925391,63.005325367821584,50.27765265320054,193.2161637073118,168.83507607176165,164.15891522311762,123.33036233098062,153.01568324086247,62.33570147682167,87.24703004715266,175.40912973063317,102.57184680624452,144.3038254124848,149.1377322452154,89.90711881764324,77.31097303799343,66.39950291910694,95.56606241295732,143.82150633165563,32.48700090428827,138.02146631277765,155.15873205727183,72.28391076847028,90.74310400203684,98.78932632425433,88.84120987887844,162.0251372625693,71.67971760982626,90.48702376874768,134.18097853162104,70.73695015623473,109.98492371254815,94.10333819957688,82.10858035155842,112.90486927507611
88.15425431075583,60.16406326675402,80.02679416657496,101.15028025927319,140.14630703310817,58.442206966350675,53.78611209395906,66.10579926989509,81.80067580952866,58.13262421443922,130.0675576974982,65.48243109469581,125.25204073422282,142.20275834548465,122.380918615831,140.67589563124181,129.7381550314529,37.32345927539128,106.62744425721274,166.24572126057797,111.12756771974767,20.76227153029613,163.66152520599573,62.9816711686775,106.56325229957145,92.88150602219066,50.12959335714004,173.12699103707126,106.1422132975074,70.30410923332163,101.81916954586964,112.62896690096696,32.85359369321995,107.91770629989848,173.062952796177,17.82125609891599,53.75288065792447,172.49416010789707,146.3180836706322,44.204836369089065,41.49424926805204,168.16367718876828,108.87458077352053,90.28475476834407,70.56931263849664,85.30596276811438,113.50300563042629,42.914245871405136,87.75880407983493,134.58071825310702,99.60776631035537,125.17568908618281,121.88129836570516,82.36410063400061,100.34239208212675,36.54643672537859,166.61629350674625,104.6645394235413,63.95632403575015,127.96470613780428,88.80712984235254,109.27079664860405,98.44325241216856,91.00605224074862,111.49736732806268,121.31621426627848,0.5557830382227611,62.711874440253474,124.64534245164391,167.1343250189995,76.57774445995769,133.25080825954058,115.29745403218539,118.39080249293377,102.22486996876019,-53.28770509066734,142.8702155459514,97.85525475078448,48.00340127610776,53.823683665309524,36.17763612267219,127.7915307588757,45.23818571248569,108.5044599342042,49.16852148905469,117.96814483310646,114.28291232164435,170.22236291159243,32.23717918032771,55.421862896121894,53.30574816141771,170.62473805543286,87.44747221236128,88.01628885800574,107.90472949772239,96.51295164539465,127.16233793187061,136.10359248136598,67.52312062273245,139.14833564539077
147.80703770592137,141.99276466711453,138.9538594147415,200.52878359154602,193.50894990701767,159.01579972149875,152.3013653005697,94.62750249893217,148.4759298573514,144.3354520305214,124.02144070103232,133.47822850964724,193.38775453293556,144.19041575439,199.4076687151286,135.05731282546205,132.42375985709353,146.14973662852117,150.998931872739,185.116325183561,176.9416852975418,188.03179847731468,129.37006340492522,189.54971599214315,175.50090939895907,205.55765281352075,153.4165849067201,249.18886359775976,169.07144744746898,140.34505398116534,118.36625824144403,181.4100959468614,188.7501029100925,200.66910037033523,144.64726950344402,243.5489392059442,117.26807335998701,135.22952224364133,173.8473398060155,153.20805818885307,177.87224337860252,150.075137933225,212.18975593233318,107.0149212862469,131.69121519959987,187.22276019922023,182.99601942520133,171.7376393924312,228.3327511676064,161.07533294322735,159.98532013917352,178.72977344079212,210.4799344846512,113.88169952244318,195.38368917366662,179.03340690544545,150.88191084562135,147.20771909688483,238.44499389932255,220.77434229086205,112.49720616116333,128.80248738381334,194.93809999086338,129.83260660225056,149.9720892473418,166.5992341060153,150.13650535320974,103.57437677093682,187.23172699102574,182.89954429279592,114.40974656025887,111.18073940423746,186.2828427334435,151.691152651284,163.43896142609387,194.64572645782434,145.5534373458206,188.69568603685914,153.61549226397295,181.50626606585638,158.380381636175,162.572550191743,126.87350240097128,177.42335146097187,160.4264289770543,169.599467168596,192.47348178404633,156.84907627745883,188.37974512754295,159.09515927415356,170.68889502089687,191.53759133272396,130.7498811100816,125.91775454888358,149.53698049757733,193.08345481478773,153.56941212875464,152.15444796520936,110.87601839270562,159.8721462526645
10.899969211333168,24.407244929810076,25.34737591068038,21.541250567038198,19.81558624358127,17.69268565513902,8.690136192639866,2.944252202766353,6.6602188418589305,36.10424734350085,33.31640540101951,12.42541835298808,33.07283160674246,40.269071980021145,32.22785587390502,27.53915082318181,15.325764976324114,24.179509263810473,9.19172223149803,18.855463842229906,16.516947138241434,17.306541238016607,30.665894360934285,27.261404522955555,27.104825377961376,15.656584959285281,11.258986428782853,29.280297203544784,25.659498947435523,22.164902851844424,4.479535471490687,25.702456307687164,36.17540772526006,42.97845566684259,29.22790729644734,28.04785614708203,18.956842422487373,22.17785091599726,13.167943414506823,24.378835370851654,19.207830255951084,23.9686960741742,14.524344965840825,12.124122847017285,17.540185655369143,14.711607928856893,42.00955437355273,16.529152336603133,32.95193909393388,33.82796556080973,24.620894325504707,26.03399633390273,29.439286290570656,19.870957720602707,18.82831824068066,38.220539494589204,13.517760125108843,26.22760216876986,30.028179796335014,6.547469088755447,14.324614612495033,9.20793493559112,25.750212373898147,21.01453481870732,40.346843290024395,22.404336044094062,18.65802270114918,6.286473153033181,27.136633488853228,26.934733050105756,21.849353557173696,11.29441648474515,13.063477230264755,23.272716069242975,24.96829525350338,18.823288232139998,17.248734453468096,0.22170807313765717,12.299075019406992,24.367229577633275,30.631895560316117,22.51918603932519,14.311414132191052,31.8004469935171,26.853405927534975,12.874237261505401,24.76818078762543,35.54640160847231,34.10759651320359,9.753144246493008,28.84065044522785,18.357637508971894,19.026926042354138,20.201588610625887,25.400043417513878,19.57303276027594,11.281170258877221,18.08279471023443,-0.9339068575073914,18.767795024475465
185.99357642758585,378.6011636766229,257.06892981048577,259.4778112615104,285.2134863219037,299.9757479992612,251.8957382242436,253.7573726420484,370.23161169014776,383.3746597973556,338.1821026702117,193.43761001805387,397.41766495699153,306.13048395082564,285.02123885387203,244.09403090739738,265.62062494904075,285.29349645158675,298.2834485538293,249.37972701217862,219.4444217815139,254.80046991848545,281.7546188178415,282.4131977084245,312.5612537378399,386.62997864194136,391.50042126261576,350.96765139582675,372.68663316786825,215.7604198183067,200.569317086272,302.6866037755941,415.5943998090463,377.8730717225162,239.92898607681366,382.0655865714348,252.44215705495887,263.58054525459715,288.3829291424368,271.8584631710912,289.6964497121279,280.58182689048556,309.28180159364257,181.85386826877772,243.09986638563396,443.0900343617312,356.0161034981615,349.1271833080924,443.20895263793636,286.70260071002264,208.3655034118327,335.35105314559735,440.0962195812836,285.02628846594166,353.16735871559416,380.8783722724536,237.25572339710465,247.76952011265624,412.9835533811363,269.3261771783041,315.5772931852752,241.86235967528282,399.4780950686446,264.54161309598226,276.9754485148447,297.7218524576605,252.4496477707207,200.73987783666993,376.1372659647014,291.7447775329772,192.89219277050464,280.84505730084084,287.5987832189865,247.036026239131,264.57815517942134,295.83778829683274,255.72144151320654,338.54309564948056,336.9114250757955,402.28951109000565,248.33175518617927,371.19854806204336,317.1863428229578,260.32510134503724,232.60969976364203,288.7045895226035,336.5220713528596,331.392185717382,381.78863443431925,322.9812082444321,205.4168472901786,289.8671237884997,186.58635256891523,239.67861920898488,329.7547639722412,218.5822371273933,272.280632382346,227.96603431357846,279.27743935874497,257.5378640462185
-106.49930356119485,-104.68819847880424,-170.36936162297638,-119.84096837363951,-14.044329269364296,-117.53866168359333,-122.60181657532891,-112.15689616988168,-84.9106291303742,-155.62632653722733,-152.69136816993415,-34.376351413346036,61.162393546997976,23.62538772067883,-224.99651148052345,-52.3115573186642,-55.432574494954366,-77.15841585683657,-171.21558338449543,-61.428922249933045,-47.2826338012139,-238.80929090065055,-39.677635296150335,-77.79547966544,-139.91523186335064,-47.763133073885875,-190.28045189736193,-93.04369071032663,-226.6219149667813,-98.57333704188241,-160.23127818515496,-71.16863306908753,-119.26741474275961,-79.33196993641918,-56.711890661451356,-132.69723983210082,-106.70265694910425,14.53458114130976,-72.63502154113961,-8.489302963212177,-131.8570821403874,-131.3564831517306,-97.90684773395063,-112.85922382208071,-17.093300166858224,-61.71943807149289,-111.07543295079591,-144.47030060293653,-31.137916886156273,-59.40966801752474,-11.066314888331862,-60.630663383030566,-47.41996996392968,-10.98560757352832,-222.06695423917012,-67.81751597472588,-69.66376283108825,-33.23472494054805,-195.39072781081202,-145.92067614647112,-175.3508052254957,-100.43868013870879,-200.640471909127,-115.35242867839445,-141.11070170582397,-58.478260772597075,-148.6710763400909,-178.09464622633362,-240.08689966876855,-121.73795121720347,-7.5542750124006455,-125.48669420363356,-123.91383684366114,-236.04754316129555,-113.90727904211616,-217.37051851712147,-134.12809818867385,-189.44155860505205,-227.34992637875996,-174.47315157974577,-137.71107279905223,-138.2466795057213,-64.07186304839941,-74.88618365186177,-108.00427449501478,-261.8317620490157,-2.4947927133370906,-107.93326043242851,-86.39776150426371,-222.3087046367391,-31.745343093742427,-148.0704587587985,-124.42663002751856,-139.89389274910346,-55.42129951892863,-10.013196330568606,-140.35738765291586,-7.619471529019002,-101.71097627074421,-71.86917647129243
37.54432765021585,-3.378434366294895,-112.62349371810151,-16.585931009270723,-157.3899912576047,-152.44222683532251,148.29602535433688,-22.75626146602747,-4.53375342218055,131.45352707761606,6.203266865477577,-35.920123222544014,175.2045809933058,-98.15405843893159,-58.77158559433361,0.6388221830093733,-70.71257280792746,-6.681626103371136,-134.83772356177184,47.45018590629723,80.26532133594301,117.82479674656815,-128.40286700741862,-167.90190159127258,137.4282696841773,-90.48735241518334,-56.96253933754872,78.49288335947847,140.48054294328196,-6.684771512231723,-31.82556820392558,261.62494956447927,-53.821617432150546,-120.41096827570155,-184.50540630688968,341.1427712678351,112.49436092998948,-121.24439773078319,5.784364316854364,110.92491141223144,-116.87859761470511,267.3369413157755,299.8602315234276,48.70795891982452,23.20300933460644,114.91594736751208,-2.9337138782578323,93.46980060095996,256.25951130074054,135.8508057865486,120.58879869948655,127.17477761549691,27.753190912962307,-9.4820200111731,17.3088525241372,20.395053952454425,-41.02652299076517,23.568235775496426,21.56564162282785,-87.03851148922178,98.19470399071693,107.64703591936421,152.5704426048927,-44.43662775717628,125.82547069572823,15.728802481758276,-21.073911198790523,-118.4225114165581,259.7503856253124,37.64112046703979,-85.77831870370457,-31.656931730417046,-100.7006198694517,70.95905146064581,-88.82525253900626,66.48689140567889,-234.19603398737303,-124.55708533494047,44.29697968589788,46.41632260362702,83.36078098165137,-0.5605643955959589,146.32823813253765,125.93502051902114,-134.9678670491018,88.24024351307672,-104.76703787473609,140.20127212426436,218.86901349465074,28.883303283683553,82.22482018756051,129.57617104480042,-110.71136260556659,58.551810366996165,-101.99236137052507,175.65779895218282,16.559521369605566,-81.68340435488095,-115.3786356686886,3.576810456070155
10.748822686872028,98.70751890825852,74.57710005777683,6.914682507399853,53.21498908090914,44.0782698392979,-13.802211788899605,4.684925056334014,-25.470394039820906,87.4179715703353,102.65154771550662,21.74954871388683,59.77234594143274,74.52549705578352,48.75026907044489,38.21205966278485,33.59779369422769,60.31275660849213,23.122574907012254,40.76300101873236,-11.123000619668742,90.52894606273216,74.03039565401822,75.49537317091038,8.18109634198653,39.34213393945685,74.92665599494532,55.92621501255134,120.34842900669966,66.97503214636268,-26.38731839835193,104.54013890330121,121.7957089110959,99.2053375493927,18.05151097119066,94.5425484597434,60.67888340441905,76.1055774040436,-4.620970257485037,72.55437365247661,20.75577248635779,18.14146909187699,-12.235072098454472,-28.01215328672351,38.21407645531187,18.605818123163488,66.7016036074438,36.580977455546815,36.946887420380946,83.69094145338485,18.365861745315165,68.2437938850636,72.36496146182128,40.24720662000047,56.158168893881594,95.05834922129905,-18.14085870460401,40.57704510196285,64.00159786291712,62.77795573283073,-6.482070853152284,17.92551617259688,-8.234107238593788,-2.2049867231682634,119.26891069292205,1.9709436935754823,22.501319618870735,-43.50515847796098,95.78108602886458,13.434772043400947,61.09840899541734,-11.202393194678443,29.077300554670565,22.1334588257982,64.56963659913703,85.02936348510866,73.87319167438406,-61.707864863440214,50.71929972915431,77.12265225537416,66.47358680449685,44.06336601607639,87.2453493550314,43.2396360086924,34.72864861806399,-41.362820171731855,23.7875325469096,48.84135809252548,125.496887656474,30.3339461594814,34.575534714522774,-5.4927979212988145,3.6428539537269473,7.668326771852501,99.24656119368927,26.41445850981685,-15.712018328612285,16.503523087310228,-38.349597148001116,-1.6891553003707085
-163.20819905406776,-394.9485113628707,-325.5958605628408,-333.26211999735096,-127.12548667673437,-303.91009319792875,-237.95687087575143,-68.65880004158427,-218.42401846976844,-319.7420632740394,-297.8546007372919,22.968332161710546,-283.4589081010085,-366.24592452141053,-304.6792521845405,-217.61400706235582,-224.49383301304337,-358.2671010972423,-355.9953727678259,-250.43708459045413,-197.59924524096243,-323.89077517715856,-260.17515853256447,-351.97012183166066,-332.3381747155142,-379.1362419378218,-453.5114115175221,-421.6718994826427,-558.2604206566974,-186.3286358327602,-188.450598793891,-298.60711126067497,-390.08968807274437,-493.8233258296045,-339.485183459206,-415.66118484454154,-169.8453145007131,-198.2539236271596,-408.1605043797935,-201.5064588720422,-341.953906239325,-100.07928253182375,-158.99819172138476,-128.8273740193467,-86.19776148221968,-359.4914749764615,-328.7117042698535,-152.9936091914105,-431.80281383353844,-213.45095488497455,-62.373124438471834,-360.5050666072996,-259.5971357047376,-181.29317246663842,-438.69303438202263,-282.9827435985532,-220.5722594922792,-212.60905870898554,-433.2616692941179,-244.61747850303175,-248.73485373166056,-262.5863774251069,-458.3780759250004,-268.82251641973204,-259.6598749680608,-289.76114572702363,-326.86071445224314,-159.83500429916361,-240.96430825468636,-233.55517959873697,-90.90979899505456,-159.7917358184613,-138.72868618403837,-309.02927558859295,-346.57144128108894,-355.75653264085304,-310.15510874771456,-310.961017073081,-203.7859211888904,-410.96209856080077,-238.51394916604562,-345.10188382090405,-415.8304498738589,-312.223867267477,-286.30277429550415,-281.1040640689141,-221.79269625094278,-352.0863166302114,-297.6913640514234,-377.43002173524604,-228.52723682385587,-290.5326896214469,-180.6592740881823,-183.36091001589062,-284.67494160531055,-206.23770547413844,-240.23152089521443,-265.0384306693438,-45.446421603752285,-187.75130239061957
-18.7240539160064,-12.134536129461676,-33.945504308392394,-41.280113104423414,-36.64989501845319,-30.61516180449624,-25.483186225953435,-19.37350296458823,-23.875336266007082,-32.563556227026915,-50.71647161623509,-13.45844870771371,-21.820264040773957,-31.88573732528735,-41.65310607825936,-32.10930080528603,-18.149186200906282,-46.48030628982141,-38.22162074163798,-25.333512314868234,-16.073827512603774,-26.139505728428297,-23.39455997443614,-52.611861119015025,-24.902197826356357,-23.35757150491423,-33.96094635554623,-29.822954382089687,-50.626519329789865,-34.097909755814115,-27.814167577036834,-24.23654812399107,-52.328232253644586,-64.21567576494411,-38.53964419413789,-38.09622291503341,-24.72348104491547,-33.30174023210821,-17.04087541366824,-12.631991077760071,-35.326476431737326,-23.74824956634534,-15.864067124473596,-16.610409777699658,-6.6054925132360545,-30.192465652255642,-44.72033679184527,-25.924112324879452,-51.06941292740076,-38.48694892476707,-26.742199566338524,-37.3959504169929,-38.930815649651734,-12.10685953615265,-45.154210932585286,-38.40107633825999,-9.162195828479145,-19.038928383152868,-65.40093337302983,-11.517765166570035,-26.225191350778978,-0.8142708956978005,-54.984472491146335,-20.384675399391124,-51.34910371043803,-44.31979938674301,-42.10351356605494,-20.588703932416347,-40.657194591206206,-44.272207124836115,-11.4828377539411,-15.001310408416778,-32.07911179086014,-25.54659845277941,-33.812929007381584,-32.35726050401741,-26.643844192473075,-32.837693659120816,-22.510178438601397,-46.58524771175402,-27.413648767501503,-28.629317655204776,-36.88243341806874,-32.688525359029434,-31.626370339293963,-12.14800040763781,-38.793370887219226,-39.58715530126962,-34.24563375614326,-32.89043291461902,-27.668638637433045,-9.312832719224776,-29.11798229226409,-18.36389951399082,-29.946815624093013,-19.77931517064445,-23.365900906939807,-23.0901059987286,-14.023435080342042,-18.593253143503322
86.78203021107271,47.815020458717925,23.031707204567322,16.048687479730475,35.60738018312046,24.205184671214905,13.98228950635599,30.66849952228401,56.10886734705553,5.112389818599016,60.20340286909739,15.80165592994899,32.71056036657762,29.59354713705244,47.75218034688194,-15.197824694870343,47.79622677393554,-3.8529377736596238,22.653592550234002,59.73353699986924,11.781186176679192,21.46298747530687,76.3455185215337,-32.67250420203903,65.07187935756431,69.6521558486755,-16.586615833804554,53.42441184852971,7.101716207903318,24.271196031357377,48.10235862712803,53.49563254841696,-6.19947256670036,-6.961082017748745,26.109910252422193,17.546560153416586,32.519843791451116,67.27045638867624,54.85596941340079,80.5103712161642,27.740484226658754,35.25018839822708,62.703966646213246,66.47207731137696,43.72380234853597,-20.507460559785375,-0.11841046160744635,36.25851558763861,0.14036452646598968,78.79274932988739,36.78558076162513,33.86942106636678,-5.570670148737531,75.81873960690886,-37.71667408683278,-10.986372692705427,54.80275435684471,22.887116500904582,10.927215138891475,72.83165203818085,14.457249460046752,54.32903995528487,-26.939032192793672,28.55857196393734,62.157205496515026,79.85911017344189,-2.742922611840697,36.53172044029297,67.45810026386968,65.02498096662404,106.50917033436619,83.51146576717161,62.003809610445344,49.034855715790826,-31.98364966506638,33.00268238356168,58.89426211759688,47.71175107095706,43.699693566347214,4.7178772265203,63.90274740025329,9.049226307860746,-52.6518241975838,-10.571154377159578,40.858568976748636,81.16631675341532,74.01203721333792,6.959256842245027,16.882452547092115,39.95092023755934,3.552003185762982,127.94165739220672,40.20691349037016,39.711033801206746,30.338587783408872,34.01072647291352,-4.883436867257238,16.162599253482917,34.69583954681219,56.16981567323646
86.40829647306336,237.07107780192925,229.52428652458548,119.14054404417772,301.8917874813716,250.33504756392142,199.6735793629169,192.09386355859186,153.2531098442903,275.03428737701705,183.88351181846846,291.269723676457,165.64143796072284,274.77270247024325,224.0319369157198,251.19623143438935,248.27802754272435,147.4083746214174,242.37993795362985,313.1921376241919,319.8098937199476,146.87311566174486,368.52091364419823,167.50474529401387,237.87706258480142,113.80796237847113,101.56222498617406,321.5870205035864,91.15728605870979,162.4749986958555,70.57282139610875,264.6036000548303,203.34632701190046,159.0235262670449,390.0905644954555,102.27604467243361,180.81810073355402,184.47142794741833,148.70287001088894,186.51329240739764,128.42265708599462,88.97778003019823,182.94853055382512,169.49404794978832,369.0919144770798,349.27885377193275,265.3811575483181,277.4619905124553,153.45463306398128,157.07799812770142,141.73698120616206,113.55322148547279,481.95728072061996,127.63057379642666,136.7000461991989,135.04006953905125,248.85767673925588,286.7951838402211,205.2056936651708,241.775185764838,143.38570480875612,326.2535739834578,81.01919560841546,141.88239740614696,-26.415120199705793,234.54208512017348,82.87322900970882,202.96925648630423,282.9164062103774,190.64302544020782,397.01707983203505,204.35754571638103,358.65575929392116,239.43763930504304,211.96986748719945,-11.138289669916086,226.95248700470995,224.99362670925538,100.68542989593348,316.80018439842644,240.37164308870297,304.34118921515693,-1.0283171944794345,231.17056437952778,125.90687209797527,198.1838503404082,260.3662279539545,158.71963333209422,273.3877702245424,176.35347327746092,229.29205779449717,237.94225546100026,148.4713516703916,87.63035379317023,163.63167785183714,98.4528708725864,131.61088684802118,284.63821027542923,140.80747142969727,218.3711758456863
-519.3961964115766,-551.6247887219747,-582.563443536605,-595.7252844001769,-651.0838488791918,-715.7976989492648,-572.4730203145263,-510.5677564908547,-594.0161529468221,-547.8699055111852,-797.5974843976389,-280.9884323460262,-560.9609215067031,-627.9681789832156,-724.8921312019042,-520.3031522223779,-517.9831419572286,-596.8883842201794,-649.1930401430759,-512.6221015355218,-520.1911238857953,-744.962192277544,-588.4853724310975,-738.9361033481692,-744.4758951438466,-556.6896307137839,-617.7501437040642,-863.4482488799086,-829.9908782602756,-382.9231230156538,-490.47990295360125,-1028.2058833109488,-871.8131172009595,-682.720327713397,-512.7118469953342,-725.3413658801073,-627.5917328868591,-351.8657428701423,-551.6611677594005,-498.2278894111279,-539.1513368880678,-536.5894246594033,-486.1284722121998,-438.7863406763785,-556.6674309036322,-743.469149160769,-501.1594825104063,-585.6682682471303,-722.4891097593718,-593.471935030489,-329.76833118282565,-704.3068229600857,-819.9695462012925,-443.1950658491757,-718.6798929754956,-557.225747001712,-313.2227357925833,-434.64973435527617,-891.8592631477756,-680.1169850690757,-701.425300275522,-766.4848187351191,-1033.6597032365212,-574.9708801283001,-763.5164288740792,-587.2830039554188,-472.8711321088209,-380.4941617286791,-748.7912600049847,-437.04060489180375,-507.99930905741996,-397.50959615269,-383.4256991163065,-512.2513688812143,-581.1369987763263,-844.4165582959613,-585.0071400948827,-583.044033505073,-550.6580628646423,-859.6119087266256,-300.0472203382737,-1105.5091124643584,-716.8013280820564,-672.0663127076365,-369.3749072620404,-363.3814925326342,-534.7075142694869,-640.3764592796849,-775.0617623228823,-795.1373242377799,-759.1673846505106,-409.9097963188729,-295.2262456684743,-390.4141443723098,-425.1341000566196,-500.00605327481486,-539.9151665477003,-348.1833983845743,-154.93156329063956,-405.1196024372671
-70.6557709980251,103.11368380809678,142.29381934277282,-75.56635206191345,199.32708258604868,73.31314504119443,92.34472878613539,-76.77158249695846,-207.95515523883697,74.79636238375967,121.87031771625601,129.855116480075,-59.29777895954056,132.70868874220247,211.16242955087915,67.27322943918374,171.94084027896952,-29.002343107118534,-31.278356765585748,67.72770007300419,54.03525641140836,-23.416162098943182,73.31944883441874,66.80349524311902,-56.15696294333118,68.45831944146975,-46.05274573407752,182.1489968630047,268.8529611584038,190.13967400894322,-54.32030342889788,-110.58630536003082,76.41134205694173,-16.039047015259023,73.97638772600415,68.29421673739712,86.35184381619655,11.256367193714096,-9.241518934185555,-59.59137999773788,85.41707553463824,-0.4515040487817728,-6.234836930417315,-44.88930364938346,105.22504348552962,52.16318641121552,291.63567876667645,32.89468881945419,-181.01234483038934,123.0313466901376,-5.0731089771780065,-186.83838664593506,-42.22946422735822,8.535639588861846,66.51742086127787,107.2716775561538,86.90604565633319,110.35494522921994,35.316507140777425,-77.56783120815166,33.65899663482489,-52.73521153595013,-87.27546152460106,-76.6263142565787,-3.033894486455791,53.468571366253066,170.08944644909556,-66.71882497891741,156.7473139244645,-36.782832753462145,117.07373187478075,54.300063880374815,102.83757264967333,102.46488791877013,124.75313502397162,-79.72632616759027,-110.84705874364457,-45.368513034206714,-109.58657409343402,7.878024081606421,114.13210518285824,-79.96594527238476,86.39738027559159,82.19478158663941,65.34783339814899,-13.352944311244991,-127.60480952653657,-110.3765834638042,128.58367797693637,29.64523963171343,-5.334732733436316,69.98853939359067,70.71417097546956,-124.87414162882766,-87.89865053512767,-25.92284602944643,-78.44580968615092,58.127853337646805,-17.28282930235481,-4.981359664356224
-31.31440538133808,-15.507635855246242,-10.776650083575161,-9.267802599884481,-4.458130923720369,-25.97823942879922,-41.57236935891885,-45.343524769213865,-57.71312276878117,-23.924067578177514,-16.00114027869582,-5.342051935842133,-19.78823298959539,-11.961864473687081,-11.05965429398642,-23.656183650647268,-34.18689097291678,-13.300493949070654,-45.518334997397766,-3.2520815154890133,-14.865989066666076,-19.635517733369372,-26.68297486243619,-13.329228513324951,-31.539570964010935,-52.86254117737792,-15.017879109055501,-8.89908210815296,-4.612800031659648,16.57790938708211,-12.39484287761935,-40.51846080440301,-3.102344559416204,6.782649265759039,-14.016851112669658,-23.216546441304757,-33.37379433832385,-4.945333880876089,-42.20731529248669,-32.6317573116158,-27.856419046280724,-24.65666274751194,-31.318288653429338,-27.386806019912644,-36.31179380279026,-58.88805169361347,10.467928182730477,-39.15695655091595,-26.519753583484672,-8.380282339042267,4.28292268247941,-38.354776973875474,7.651581808627253,-36.47739436236329,-13.39919691297319,5.194220987223433,-32.21245439818534,-16.264019145375613,-19.39118672294864,-41.1605894381094,-51.69162672793847,-38.62376016523967,-12.417994149560098,-47.894405197881184,3.5647401667965717,-2.1367760906384414,-11.640025835029943,-29.225951555129058,-46.89490347655406,-33.48926156041486,-32.514865027959445,-50.04890406353655,-7.452641552800164,-1.2602963150255762,-0.11997833895705946,-65.04171417067116,-22.972334245479317,-49.768916230075334,-38.99701721025331,-15.162162098837818,11.434570748644202,-26.716770831908327,-35.87165464093031,-22.31166160397131,-12.557036440939749,-32.51299048355215,-21.016032661197723,-10.734019392800901,-28.5039913359621,-33.98853005923245,-28.80848269593496,-34.35033445602946,-3.9584361144969806,-11.696034794453864,19.890646555588155,-14.80212089416708,-22.897664040604923,-9.73805369722429,-28.558277876319305,-12.240111121678808
-107.08196688154578,-64.75666548496056,-89.81127173156925,-94.96733901313468,-93.98017081647427,-78.88935043549036,-117.46389958512079,-101.66041437737779,-124.12719880553455,-84.93625288808215,-82.57253914944422,-77.72165830395893,-109.62312272672503,-103.65818209533288,-78.50070146766967,-91.66192761386617,-85.42894508316519,-87.1317835825266,-105.66228338671486,-101.14420462606682,-113.84571765923316,-80.0980095237703,-104.39218180018068,-72.63488933198573,-116.80704341372345,-120.89190408150756,-73.19072167579726,-120.84404782470237,-79.74517844243826,-56.83895478830202,-95.96269191025664,-102.6052231819238,-90.6545275586613,-91.33969996450536,-115.25697453676926,-107.02865532854561,-102.91811976177269,-104.49395651905834,-113.65112776433993,-104.61199113925016,-104.04486391306405,-112.33436401574583,-93.86870746851227,-105.91439401774052,-89.15684208761105,-108.21183764362524,-64.45123290889445,-67.82899702079568,-104.60125008824063,-82.79852584625934,-89.2434584315156,-121.64410597125979,-91.376308152948,-122.35435213704925,-89.70222245007561,-57.01207912861427,-87.13077050531649,-98.74830804750935,-88.92144776736623,-123.13432693737685,-107.19533010353551,-119.06741888022702,-72.3054756914724,-106.81006955366895,-98.88749934790295,-95.52749489123833,-87.29191194518795,-86.92251459762412,-90.0720721169196,-84.63321151452652,-79.46449514581299,-79.40590275662133,-88.64432519469995,-93.9844020996625,-44.47335016113885,-97.23425915803443,-94.97744153422505,-121.18049323360948,-107.23989317291003,-96.04550376799662,-61.44077338752203,-127.05294673998873,-94.29033483069946,-106.83753285884119,-65.08272572714277,-91.0911706445498,-96.2994531212447,-122.74505091638787,-90.54772270877727,-85.84955350740289,-125.97395001361552,-147.59106445662374,-76.86229045959762,-107.08115877240787,-87.73216426626064,-109.94250432787464,-84.34227748771258,-95.48611634560785,-70.05505392312119,-103.38867066651783
-36.64452390264652,-60.47904049133716,-20.91206178773402,-47.12460244563283,-30.073532481134304,-44.58889664170044,-22.791252526465673,-54.0375608773555,-67.54853653890066,-42.2519879933933,-14.864871861271174,-30.365398375692642,-60.643326633337246,-69.40130095872684,-29.822698729247882,-41.42644998224061,-56.43151223353932,-21.71329609955157,-53.02266069302057,-35.400258362476904,-22.279899367234194,-44.753538274816826,-46.970694180880585,-20.821753719240473,-64.8759924824949,-79.93678370799621,-29.266141401717157,-66.90856778110015,-67.55344135994989,-3.6557010956776947,-15.28027293761118,-79.85282339707868,-21.708229596377926,-51.17999279525103,-68.19434356758391,-73.07290660143951,-49.00443648711688,-55.16002539412863,-57.771384449563506,-39.980268648723374,-58.20444538533796,-50.2718893511199,-65.9325621782015,-23.316029489254838,-57.99557675248775,-57.86750981220703,-5.5910544927529955,-64.96606161275746,-60.13172875299887,-22.44704359763212,-19.80147132305083,-91.82483643823285,-60.75008405946776,-68.4328574452789,-41.17594955967055,-24.40358674174043,-41.58545472683724,-56.60058531942041,-73.57291437991877,-59.748825258352284,-65.5978661517468,-62.8765858849586,-44.90527730509196,-59.521981709774884,-20.970405961053064,-42.438122144033265,-31.0717234686769,-18.881070184926234,-67.62428314622233,-79.23027726236806,-47.7971359213869,-43.75701985477105,-44.64494795536625,-43.38389932096097,-33.345306631307366,-22.572510887633598,-68.90771551915968,-44.36197203418438,-56.044188739597224,-33.74207125505489,-6.854334877760516,-55.41064495046774,-46.49124055311807,-27.045669698481944,-28.558495330666652,-62.242835715389774,-47.47797258889661,-41.47342840936616,-60.09269316406856,-42.686263547243556,-54.800076167592756,-64.84817005267651,-32.907459767147486,-34.54467894945381,-51.809287525448894,-34.10378755056293,-26.751660423178063,-70.64694402248247,-29.120955677846748,-69.56148984273408
-74.10239063815833,-87.105883782966,-54.961543792927614,-41.15682030060955,-71.20759182739464,-76.06257424089729,-77.35018718310333,-63.97118657847542,-89.28299842484151,-123.30309206126726,-125.77937927562107,-56.44799171390532,-98.66935817104854,-121.22826137519968,-67.30996989559306,-85.89379388112376,-97.81826409459406,-54.58355352604461,-92.9161852877534,-59.69692477324363,-67.9126132320423,-64.61519214550545,-116.18027708409866,-38.675407868754924,-85.20169417388706,-94.99713631365273,-87.80644707512919,-71.65917609420471,-90.78337342981726,-58.365042923254755,-35.74286580553062,-99.27009997471696,-92.82888657617316,-98.91922716319395,-92.79428249031336,-93.61834869643442,-91.7001033272639,-103.90893731327165,-83.57763582574214,-109.53189325361572,-85.29555583326272,-60.19305089325785,-80.84143504372305,-51.925094944823904,-136.0700000183936,-114.35209097399071,-42.149598907384856,-117.6493591249708,-108.50260761528128,-87.24860437298247,-44.051185153552616,-116.97010186937182,-102.69832676455044,-118.81411812578042,-78.87201024207785,-70.17972428301557,-56.2095963327888,-90.90613155482352,-108.06861794491928,-101.14754924014886,-80.7789065114881,-128.53437661125102,-60.931041668303465,-70.93279197228479,-18.815058232017876,-53.70920514347859,-56.157801384050984,-27.483012692019344,-126.53564603562351,-59.18017679674376,-69.40980330744567,-87.59532342514557,-84.52538246498953,-116.10843320186727,-56.97910964074443,-75.16066148163914,-113.62361159707615,-81.54817785305512,-90.92583796069981,-109.63980154960328,-42.72048230669705,-112.74487957881709,-111.40018120963593,-84.77741513357846,-47.42515079999393,-58.248562929493566,-85.44326643654209,-104.65523258510709,-111.97213240884555,-39.81548940415899,-74.87719232676614,-91.86832130471286,-39.836403323286596,-41.635354422100406,-145.50273899583337,-47.249144579335464,-73.52199390704438,-112.65971611500599,-56.3956279484327,-101.89044274755275
-88.39447782508502,-51.020143716244924,-99.60992251242699,-159.6520917922925,-111.74503158154216,-82.39236083905605,-105.94424461552282,-53.29115571670798,-27.22296911238802,-23.407025986048936,-25.943522327563663,-100.82942972521724,-70.66666650072295,-150.43853772689863,-85.51704767017223,-154.78622664674816,-121.78137551589646,-23.76183294662992,-119.22692119228734,-171.1950158137414,-139.80159780729306,-10.990049809102855,-118.62423858532077,-82.3595488276877,-100.0952949496985,-196.1860281527824,-44.03395282915871,-181.64117117119767,-152.648095673946,-126.54192348952797,-112.04841474398337,-28.373022799041106,8.740532191316667,-121.8707585185777,-180.6566929363468,-120.64528443048597,-67.84096818913231,-183.0382695017556,-121.80701202086107,-44.272108396731696,-129.39175109042898,-108.38632703180218,-62.03785330862126,-90.32892211586417,-56.45908626502322,-59.173440264803325,-139.2607480155073,-51.534542588634274,-14.434665028639333,-115.43216748260785,-141.67683561854417,-40.80351437694591,-92.60652538433183,-85.85191615063675,-108.56199400751571,-62.632835159543944,-132.41424066375876,-178.13837473030452,-35.66038742117696,-105.49198305890594,-63.35627500403984,-27.671508680598276,-4.662711497113599,-70.82579134239816,-102.74926375976138,-180.26350490909348,-148.30241426003286,-104.09023289628853,-97.31302540142873,-117.62251507362816,-49.50070337195448,-49.78525364430681,-115.06234079179397,-61.86499130154752,-75.97532802069689,25.943135825182523,-85.95842068641375,-113.92622677394488,-15.943251921786716,-28.62772207344139,-31.095738435030782,-51.956770690845715,-67.92386965063925,-49.4925094111331,-99.42441125005816,-64.56151100383495,-40.98928182621864,-128.3311207637765,-50.55872698348698,-77.40347165456042,-124.04201316177553,-265.35586326334504,-165.9790873183995,-84.39825027295981,-58.575086976451516,-129.92464359875723,-26.78172720266886,-154.83608141114516,-76.91980308593186,-128.1634706190858
26.027214175597543,197.10999417390548,47.99810489314558,129.8968455139191,201.05964121556295,232.64095462373396,159.39084627062505,286.8940142270671,138.99800484074595,205.6688047293251,194.28063040959623,64.42889070832317,-24.342116008533626,184.36637771810481,143.39288698361,176.96835396492068,123.88812394802473,130.75184444097135,172.60470719640065,-14.326953337413945,63.599524261870144,87.12608292374841,-16.63968055369641,286.90728527223695,235.47937203932312,158.4858902590834,240.19311835246276,127.38139624672941,307.6387884649156,114.34711100239033,145.85654085821562,128.0390202779662,136.66007671047512,229.11676162111073,126.78610895371719,22.020494830764687,129.47257573282695,-84.41410780964223,204.96498233999307,205.46321086329837,249.64878156767625,20.97863442104413,113.8238338825401,96.59127140285473,242.139490101226,353.8185976298919,222.71534863373623,175.55358572039856,262.2383003286402,52.5799397172909,-106.14289454428419,184.12377775555797,146.02101571287085,244.06477808596338,83.84368770505746,232.8729519140406,92.80221318493015,27.687385133025074,195.0599720510412,24.194931841043907,231.2202670354329,96.31667876281925,388.73016299114437,336.02734321502095,101.06867426201406,267.3755981513727,209.80266728131883,152.97099607627175,107.78282762363844,155.71453789593568,97.51503400636484,117.31397308827077,122.74393389759071,2.0502898722303686,93.26840728742783,305.61121994531305,64.43023462304419,218.14253993259874,171.02141965957952,233.32919314913562,-30.373603500353994,233.9886727642577,165.1444855256218,88.33288251156817,76.26672554314784,178.51265187857754,140.18492130133862,146.40260313982483,108.25981997372008,192.9264088595028,49.55501360323112,106.17944612087052,196.53859260207693,33.689771596644846,248.53347744319626,21.409454488094344,162.6496504865721,14.253479362900384,114.19700601749065,7.325417071827197
476.3216835292052,251.0754645811731,617.5479733407556,623.1232470680455,495.65334895636266,327.97316202104827,604.6998092575993,628.9326429127751,601.8911354134555,415.74409114871736,379.31625845193355,441.3777620456718,534.7050987503953,410.3814728210752,416.0962519857766,429.44921617654245,315.2800369941467,464.46469329661693,474.29050835620853,479.0603261324391,573.8066064667216,277.45640665973264,294.88360937252753,531.1228943112588,594.8653440774551,404.0460274133711,447.07043353803,467.5640371046958,487.35548122643223,393.16867080154253,661.7351094292338,176.87169161293932,606.3042453804874,560.8029880265964,576.3975188593605,563.741713061582,463.8317818011897,481.9147591946657,473.1548765495222,289.31817224402033,472.95549967722445,594.0926296502073,469.9042768599023,434.5672993295323,321.75691002671977,734.1315508979962,418.65586637124767,362.9608801054062,627.5662114299039,628.7113557239936,569.0134604919157,388.65276408904884,550.2907347269132,389.1112602104793,799.5500517053491,426.4712090169834,276.3906513511475,278.8497727504705,576.9737869172756,618.2766439280443,653.0903171899294,492.0019669618489,725.1866741390103,313.7346180101101,385.34821310398326,632.7432556056791,377.90428079754207,555.016240478043,363.2310564134195,477.72568207369,118.51180221307388,533.2346985506708,370.90780779191357,527.4950932056756,258.0570889911795,382.8746641400059,497.01355220160787,507.36333683967433,351.4885178462125,626.4240830630878,288.377073068757,705.6988138326627,270.3054190175589,612.8641520863235,473.73357954758166,366.83324017977463,552.4339745567047,578.652354215796,579.9741126031278,570.6709882968587,726.2631439816339,617.0377072276347,406.8097026488052,466.5430435846071,435.87011409987116,608.126538163598,494.96731934798095,467.1244774545059,497.6087646553789,405.29209698278976
32.224687352929536,84.3660954216479,20.07602129127621,39.690283151934345,55.837951144404144,70.7102510136877,0.12352154935356742,114.44820966970813,124.02439356375862,87.25105489163583,29.022025770989718,58.04965757714893,71.78475424250821,81.00598056328533,33.18297672360843,66.46575501415785,17.35979852936504,16.20023525180274,31.846594491911752,-5.200622405728262,24.151401200717174,5.753727036760963,28.481309653814453,27.131441118045373,89.44382420844381,105.00439414947984,74.15253085609588,96.85258811191406,67.04554297747691,-21.975420217708617,11.741829643701966,104.97266191068445,32.4932113915259,61.35549352636043,-6.732709805714678,28.580462992007938,118.66373068915742,-29.423139708903978,81.44653332400442,72.89706757742242,95.83311599563336,6.678101912744459,45.58315173192271,33.808734464962576,84.06109927297193,60.27078358190229,-4.750918100913933,42.66380757474401,75.90016997603261,7.213456600873018,1.780835460089603,68.97449352223879,28.374643316009283,137.98331978252608,26.882529309937013,26.28478693184806,51.20276695961076,49.77567006838603,44.73088176714007,33.747015573530284,87.02047867831963,86.4843837949061,43.67611024835543,151.49637679081232,-1.4055522023021538,2.1491710941018143,63.82821932889227,16.950239080629544,19.495671796819046,94.23187699169266,87.71279972088412,62.247888287697386,42.570545563076735,-16.564933439199486,34.69210617932408,76.63650831789222,47.6326057853959,50.785535845075316,119.64099652977067,17.712147154475012,-6.7226992883947085,52.22308748860734,110.60238119841955,42.33734526947817,40.813472647551485,81.44381548016585,36.825621903118964,13.488936829612493,94.02835222339556,90.79974275605035,66.59822994453977,86.0503572495988,29.741240868530777,43.71942832360034,60.81458361403545,39.59015342080413,53.91654664236765,87.73825187977397,60.41057992306018,40.39527573790077
109.31313794336974,124.98120729366647,75.32226475115904,66.61227031312053,52.69409862943922,131.86821530511185,127.75742033207335,128.7237317711349,141.20874348886977,156.86166130813947,116.86307084220589,47.71101829274517,86.80434410014,133.79789439161678,69.96851290692622,93.1983496298396,109.42769277686975,94.75514680791873,112.81458067957121,4.105016549722588,48.65622917906121,117.7162229206246,79.81103705059746,118.90717431717155,143.68447148681742,116.66031510451977,140.4656471912171,51.35133381538573,123.63115431303359,15.535778255909253,59.89418177404561,119.29526407528672,182.1130657734742,104.33983585751714,102.40697816958797,121.08781500199238,109.19342881635612,80.32462904214671,132.91521376346662,120.05402143363904,135.73858992160126,71.27835948962078,91.79231645171588,59.357294234718786,131.58952016172705,214.44387331107248,72.05224954858906,142.3464386092777,155.60691735694138,58.378146411952066,24.181774615564372,165.74919222445894,124.15269974707,172.69660367788703,99.27539180290145,111.58547928500066,-1.6883583767907788,77.96612596993187,211.94239762035633,91.99064981247079,147.2833694366425,137.1274673582099,159.77171208864763,116.63614623169559,81.96290582129038,71.0682991720702,100.50756755658371,64.23952971952023,147.31972285600497,74.9470342600741,38.906241683667794,123.90458636509584,95.77576010043354,68.21359085453646,70.40921214396182,169.70262334392842,115.9647983271404,122.81541899975075,132.79670810104687,163.23476553459093,25.705921464885773,169.31250745501367,168.85236758575874,132.00298248955556,28.11129349576252,100.96005970198695,114.87739601702037,109.33615016291745,91.21817191953672,106.83418491802904,94.85493298356621,72.99934241246272,50.293153793207985,55.43266425810078,156.3970545996996,61.8633172167441,109.77003055682742,76.99535987150915,72.78928680002998,139.65796386839344
247.0474951423849,222.19770895804186,225.34214081400685,335.9751044941608,387.63445425910544,301.9568534590421,237.34486625376053,376.5613340337044,471.7783686802164,365.66303727873884,286.82356779987254,230.2785318214834,241.7880617119153,286.66089730765503,287.61162079020755,272.8666485991867,215.8213292848079,280.9435864957223,245.17036355441223,323.7782148586498,309.4122261838418,257.2196939910002,225.06217579043513,354.21072643602946,416.2574769008671,271.61045728650856,330.85407917044597,382.54875606707185,369.9625064615189,247.272355776828,336.5684192455871,300.00407384502427,246.07363467375637,321.0412665344257,317.79201435462943,420.42727288480467,450.5122284240064,217.68984117026469,314.7776979996484,285.7792148073243,358.9330881572348,332.462264211839,253.25850487248164,237.94464361887043,252.39369653946514,290.5262115803282,346.3550130035844,302.4302544768085,276.71929510453583,246.06821280606206,204.15265230601128,255.43286593811698,229.979881520376,213.03560408564846,311.13051298137566,277.25092854622056,322.9809096772795,210.65745022460098,349.50234098490597,309.48634812472477,303.4561461027918,305.6644985375003,365.82108944745795,306.1374205977277,238.14834416301255,308.31428056238934,254.1725405102881,315.60047630655635,264.2158897570054,368.35963218387883,273.2151855020518,263.01314145127793,290.17350673887785,324.7795936143776,216.65712721306485,315.53936926336183,265.18600367933516,262.2828581834707,352.6349162715255,299.9544141945465,135.45388172156564,360.858826916334,255.27990493609389,259.4678228938552,287.4236782677359,293.61375102408846,221.2877711881702,276.09324294233323,271.1680551771844,410.05254108650774,424.7083962646185,396.8695102327425,323.45290415413655,242.7100642303093,295.7008136410496,289.794559770247,262.830632532195,351.2098313043414,266.28010587173856,224.59763108009878
206.05497711594825,124.9055772856461,131.5750451753373,164.0845000073062,18.965882310131217,175.86460895969762,265.31057696454974,148.65309790810792,141.90406758026523,175.2167092043175,197.1762919501064,94.8126991214784,146.31160634885146,145.32074877440468,23.15602639899885,153.00440982416478,149.32504734360512,175.5733261934623,253.396785192323,156.03506049228568,302.59336160605903,87.92440811377286,117.63468998596184,218.61987461351197,76.25455793438762,294.4734282380176,92.29725843942053,52.10386681270173,172.74230101978083,57.424987139548776,169.32862387682837,98.55590036357735,347.14023002493667,172.50883685598563,171.14414423411722,276.8724130137985,-2.7978351194013094,78.85583094459608,291.5579424701514,72.98351373846734,181.97190234712588,86.87294063970273,103.20994311014488,149.3050749100305,11.941052581254306,221.20648538490138,173.43629808059305,167.75064384663978,187.89798899813704,132.91902193539815,140.66254867911866,116.80798122396713,133.92953329686304,144.4385250048522,233.81931705009274,114.89869549466634,151.92839723029869,197.612815909758,65.49687568580796,93.05230814834823,107.51368994639986,103.83000214526726,67.95079610660474,113.46880358541569,136.1062619175084,109.97463107255882,240.49996110402142,110.07413316269275,241.6449276195445,89.56348946565214,30.26181166705013,114.65050425883076,244.6151088630204,172.31959316404217,154.39111629026758,215.05111464079226,164.72483043937066,233.91117336521134,84.62066569132826,184.36830563328922,158.29323744271196,266.4680868351426,315.9297038184436,161.19715954950627,133.92232841438235,172.3705779165521,225.7583333097729,188.64920869828805,95.63079763485771,166.61463034472607,146.7085703366882,124.66711256024398,143.50349841550232,84.439618120281,78.61208929374459,138.98246267078827,160.7680786235377,51.92357278530582,106.72187277768192,119.67853951689987
147.5748318941128,139.22512925507448,90.22747363526355,102.49029714136107,65.59917908156626,93.89258229569427,24.88382114852253,122.37939113572578,181.2254998106624,138.38207089098847,108.98221705742613,53.96293571990686,137.35764099226898,38.77765231633653,54.459549622411025,57.916998122970355,58.96082002664038,114.25686957718712,71.08213733651198,80.04940038409995,32.91990534348366,130.8723419855757,119.69755162420628,100.57858911470917,175.12312874497437,98.68698136581584,126.3791770960462,123.74241896407499,130.81630279952196,52.28013607430041,68.82289899257681,164.2429611217571,74.96635205809851,93.8719021475551,24.931537371032576,117.71179899209476,263.12279428519764,53.26153481712761,107.97359267858266,128.24096231621596,65.12077917866775,123.91261274062653,118.66672034552909,55.32207804894624,85.94788841490033,157.13518693866845,60.0551939913474,101.4832160862819,117.98460393370189,99.1209827348676,32.639239708156325,172.91658257920184,77.78068744254222,83.21209133666936,60.20884927169263,71.1757920015869,111.4325194729351,33.968635500028746,95.6874458944586,91.7882136036481,118.93675999332487,106.58095171143637,129.69759918782694,167.66325121172275,136.70333375762152,77.12148357719676,24.491771638738292,98.38104340976007,131.56306178415701,151.49092823849196,124.11630650679784,121.33206722925857,88.53428556715097,67.77731079724862,44.9795306550036,170.22910324808615,102.04436811687766,55.53146969718506,195.64261930304824,113.85218548278007,17.534738169413007,112.73660672638758,143.0345925348729,94.94252807978877,54.90255708432617,109.62719332658557,92.86061127470204,116.18964128707687,132.65182251703436,170.83551261915713,72.94932431054944,157.77277805304388,51.238002670979995,98.90498949466769,116.90916344446251,47.228299272433425,121.43070757184115,88.70743878605438,57.82066788076649,96.84125729917871
194.8865168367383,229.7319036251156,229.82974840712728,209.87524993182808,306.50739519789255,258.47747087057627,178.6654800280441,302.4152141135794,311.8958800754316,328.6863091366699,251.73360746318573,193.29807784516086,141.9782985390408,250.24947516389284,175.42722279863997,149.49777153599237,222.5595979990019,220.69672799007378,226.91092870962348,194.25212525975036,232.4208342623695,339.5757567193355,242.3560819924131,216.26196795558695,193.4472928379536,211.54151418311264,272.5375618780911,201.16794838133634,282.37283154615994,145.98792295140026,188.317527457721,258.10752421911764,262.80501923811056,166.4754131170263,301.17829043587824,315.8242693993917,241.69479166657294,192.77700053948948,209.0240140732717,320.7469942844612,241.54950593954908,196.23358772586363,263.1886559423548,159.6584042883017,230.00160130701408,388.4339823509566,147.55920595966725,358.24734940174244,272.15109947475986,189.1523578703224,92.60485590424702,249.37272235291854,353.0672001680768,220.7729922996884,223.42334433751748,224.1849740362013,184.0876828551378,205.1833929543048,246.57506112516046,265.8808200013173,239.21279970692302,227.17576243370866,238.17097573991276,153.0470155696734,151.8173457412243,293.4529004688488,165.48733173967523,200.26245909696232,244.151055178223,161.72923163839732,201.03612445352786,242.81323758631424,291.56354902312773,293.0062517565348,131.72547251791295,251.98241084873104,300.66611674840084,225.72239879054123,233.34696498879174,327.34532953432034,139.09911518542242,296.00980357382826,197.71959510641966,123.19411394416413,214.67821543226648,249.30658891493758,290.884411885883,192.11437254565433,201.83493839354387,235.0923270329914,242.075199580333,199.6731970436628,210.9856363869181,211.3242261176237,316.9564593932194,129.52340187098525,216.64403222490975,213.38120778805265,242.56283459480716,232.41639675335784
269.0374988001185,301.3211965859052,483.86458474937155,572.1101028465749,579.2352212664188,412.45193410239,379.5555751592747,327.0001255236441,270.92414799935347,395.2422703552602,325.0572263577529,287.5367455852202,306.3800378260657,230.71816922146448,533.0095592526212,213.30377316085486,308.5734735908753,254.99273912458878,504.53877669809185,521.4546460077648,452.4878915948592,381.68559834192007,376.1805416029257,423.4946976215885,401.1821765614307,779.3306362804622,341.58102205811446,627.1896985380433,428.85968196794846,439.6348985347002,319.99862697493666,235.52266281279387,319.9665237101365,488.15690966028825,356.74757583353255,608.615382077766,393.16748133929076,196.04607724482887,411.8004500521712,379.71694641474187,591.5694841527801,234.5542305920482,570.6285820577864,191.51997303510336,359.3075147870021,293.4549499746181,335.9164585358328,490.6756555130271,451.05456351568347,416.64877116596864,333.55108255712656,260.5914059384768,345.45841021329517,209.63887996775975,537.7069801839465,414.60529654330855,393.57565874737367,377.2524968772839,524.0392222419356,866.7149102505729,298.4731616035708,277.94437607452363,302.6011214692047,444.6543894431551,312.1596163156781,639.0399495927778,474.1064810381903,353.8860607044013,507.70422545832986,437.8542437627351,268.0798505280666,410.4862509427549,375.2323699980596,613.9649593447714,365.05305543109614,659.6840235603834,411.88151157573265,420.571216140631,498.59301830501016,231.2273739423487,304.0357840300449,376.239122253747,357.92927385203325,341.87976861796943,598.9201130866534,435.49366822641804,215.63139719885248,429.07239005007654,540.8038683070755,184.96494418822377,627.0263547312879,527.9785585140432,372.4202739700816,342.03980051185454,126.36299226346569,361.07552549693537,478.34351936806496,316.43097126283794,319.12656560523453,361.66771248615316
266.4963840654725,412.4272326879335,286.55818492273875,209.94669028339777,40.85608362376663,130.67587844199875,299.00304073999916,537.081326028692,395.84721302267195,414.9114310985152,340.3242421523445,345.30254011304044,227.4763143467053,422.9150502871169,-34.786955980222366,539.2239144344825,257.11182107642804,304.91072731770396,337.73947764714615,164.52112544879589,315.3814389796339,128.12794583043774,209.2163353202827,213.60442596960314,506.69991442916427,361.85904112336175,149.19091842605707,485.47421910488504,282.41600082025917,203.36337570812597,86.71495427275038,403.5815677858762,334.44469530562077,402.3119843620189,341.1077201466672,72.39117156830163,448.62647726559555,132.15222160835143,495.15891239091553,375.6628608026084,117.91262030732358,454.1240924990494,293.8159129450816,336.88243337534004,338.3376796608607,529.7083154888982,376.3835174143645,88.40091494673406,352.18070640703917,78.9946236161518,226.3449590813253,350.1770958714342,289.58529019890227,314.29937307142677,206.329863325166,85.97929057976017,478.1802107532539,231.88315167808508,12.221426344073508,273.232042581184,371.8917981985552,501.6175735664512,444.456086124323,341.5419882673272,351.46219961740894,244.05118379879397,256.05098791267204,239.37824738115847,193.59298924364174,467.8982582708403,565.4747825552233,161.30577663201245,341.207175603363,287.36932622766176,198.64478279889732,83.74759050669674,366.7513158047617,167.7160834078308,274.91067673528903,398.1919905082273,229.88535350214173,392.9881441695264,188.61504893217747,64.57567928601011,206.09770073962932,421.8706294229014,373.90102654938926,359.30437967270007,337.592887473766,760.9046174471827,157.12443707827174,498.33691864419313,277.5852729830037,387.5242622704741,156.05752950686488,68.25657270404618,94.87683226689681,374.61428991819275,174.24842844143842,18.88082596731606
21.198707824225526,-169.8177935334133,-109.32788963644536,40.434113600747686,136.5263812725699,144.60806901345566,219.57809777975973,49.44016080134785,26.0893894447179,-225.3167769744736,-411.07294226812286,-142.95362517276806,-23.744471926105962,-306.25614836467815,26.56834103498155,-370.09747982434055,-9.221630000385153,-365.97880078775296,95.08186418570492,205.03192830932952,55.029890031378734,421.4093174006429,-146.63335901839574,-364.6748792599732,-159.26343975373962,88.39213601012717,61.50272411223323,177.91056013678266,-129.47081130449715,-188.88689613354092,162.69768481691528,-123.08301979044604,-278.73340852840033,-328.3306727540233,-118.03316745504704,251.928576500232,-72.78321509488042,-269.17659404644996,-206.7833412396864,162.35500237464012,89.32269798925736,-8.092552704557376,369.36712265985574,-21.92722390792789,-25.645755048341897,-228.38270917302617,-561.1648425821676,-140.47045471251747,-107.89525112592467,-124.20660049394188,33.31751086223712,104.3219171354265,-48.163422295671424,-93.1013249185239,21.868362466486857,-165.2649245865711,-76.47141527247969,-36.14946399272198,72.3784006170568,502.59698575786973,22.254245226104523,-58.322913414959565,-101.1661727460773,-130.321385248624,-381.38707886677327,135.3456893928438,95.33688290631358,100.0015482437483,-151.6618382961919,-295.59932913492486,-463.53701444335286,-123.16017442997664,-206.0129891106481,113.80075217260949,-116.40462945959841,238.7030597549761,-138.7145332600688,136.3797150866548,-36.08349695742269,46.24855480650337,-129.46588132631857,-80.00649772106664,17.47283831439818,-11.043555991470717,67.69944787229197,-58.597650489070375,-221.99247163980482,-134.49551671117314,149.68349358126633,-483.82435231705495,356.4932192649321,29.870754169032573,-243.3291822150202,145.39683503551743,-115.75098857531346,266.01362823373296,222.70801500264594,-295.9348755595044,333.3073121397357,-109.70338763128296
-565.9321473597112,-498.5915193331437,-761.9749314008416,-554.1612152076079,-807.1900610999095,-881.2111150308458,-422.1338073425295,-371.2249354167591,-517.8345463831421,-650.7382374034705,-907.8781692903268,-201.56900109526057,-423.2918181473568,-315.54637237378364,-886.6952538641187,-89.51430819568087,-433.30574020802715,-662.528410384685,-455.67076206333024,-502.0266271146564,-422.8964256733466,-1300.2453683155848,-763.272775849233,-434.6834940009247,-180.9867652009539,-358.85684848099163,-534.8990813803699,-585.7043171027995,-706.5453344141126,-373.7273008377861,-337.1538436880993,-402.40993193905257,-596.9066409341845,-776.3227638120086,-563.0143787130917,-1039.3069339517672,-607.263948790168,-361.7326092724828,-82.20320508377247,-593.28720483731,-338.5112217426793,-483.85509980102256,-882.01988931601,-303.49720273325124,113.78873512903873,-748.1200653040521,-31.67413706965743,-600.0081036096062,-593.7640492560388,-731.5077479299811,-217.05760203061192,-770.2536544909849,-1106.0098197387947,-356.8570324849557,-541.3339081076516,-188.33406546508633,-225.9432658596458,-402.6701160706735,-874.7823259883501,-1159.3442124753394,-509.27788746604324,-439.02762533989136,-1101.3031517410577,-306.0546327566762,-670.8431571873746,-544.5130835801795,-212.01788232612276,-333.166168365648,-1221.453241412079,-422.5145066039813,-252.34522376450593,-659.2642134018843,-849.7774907636211,-606.9504874811644,-409.2740977700756,-878.9541612823617,-789.1498036112395,-667.3618076756171,-948.9386523431416,-717.641169911808,-324.2879158539691,-925.9111883797085,-594.7552050701765,-571.8913704931706,-231.50578329191504,-535.1803967988526,-907.5066683726634,-708.4219538321329,-579.718811499785,-251.36802800611363,-369.38888319126033,-455.20331178771573,-75.19041748263017,-892.6584376119845,-708.5934765239135,-356.2993071045622,-918.1581709729169,-65.1833703499126,-333.60057491122,-574.180910322934
670.4671140818635,287.8917345950301,462.4853130430201,399.1395910343505,461.94806089799727,755.5613439498935,954.953131289874,208.8579720000203,469.7671115729907,221.67743470207867,447.85353589647565,640.9291825904701,520.4101546304773,906.3983892172536,1122.719857040512,489.4356088054442,843.3722487299386,951.5741163941804,861.059261980781,729.4110320072041,611.7860602875775,215.719878425094,973.2689463620553,717.7154348359944,-32.04816214088655,641.45799287867,316.0237751331598,729.2322867886932,290.65477525988524,351.207380480541,538.2722505313915,182.36746820743005,526.2679687714323,1221.35373615284,713.1682223203496,914.6442619293709,216.53356807142623,1023.9090573620067,387.84137054700375,522.5296507616413,324.4431834626215,717.748584546278,390.3129532632774,249.94771684772917,140.34882847405353,332.6761890757521,572.9087507254497,587.920397497426,571.4305064786582,591.9312292472422,818.9241879004171,617.2355501818496,1160.429367384842,357.96573318251666,912.0483689072375,354.45374946159325,828.2145905959424,304.44849834610164,1098.0817912223245,1262.4614665645463,414.53796914622603,450.784432910561,1018.3393026861219,-7.549006891735981,404.62008241550507,340.6459224432144,788.3219226264068,478.62128707906163,797.3540858603718,912.0681669205704,181.39596516932724,509.2917149647929,957.3118111879287,126.18402293904664,461.122627782613,27.44152687907939,977.0104682342413,1168.5749325989493,779.4535652341165,595.7022399525372,812.8444959136541,408.6182431667121,373.01736590412196,565.7787475119928,250.19319762127492,391.9012539012771,796.8608523604121,1142.5188212156504,287.74055263385304,552.2908275784104,903.8093933985913,555.4467122427005,771.9292953380194,889.8665788221413,726.6052682470067,938.3295851893398,617.1998071516585,931.1378718082454,860.74901687019,828.9621310334148
-781.4144686341301,-1344.1541676065456,-1432.942574822222,-1137.4271955078846,-974.5858506159798,-1259.4625359594434,-1110.061035173797,-673.3557466153192,-705.0567368292419,-912.761661036545,-1209.6741788690872,-894.2365006290534,-1032.6053026633529,-2021.8282012582163,-1052.179698581266,-805.8654485829583,-1260.1184773920468,-1152.0459969450728,-1110.1594944185722,-994.6211904085407,-158.44073703371464,-600.8070571167434,-1187.3345244142188,-1063.355126427571,-849.4979244253824,-1194.09424930428,-1005.0366303193879,-882.4548239010828,-1007.8425127208392,-925.5279901874446,-695.6785860515315,-962.5268694487206,-1297.250403697156,-1321.5378525864764,-1041.9446472672132,-785.7755817904091,-698.9304696007448,-1191.340186204553,-1130.5263101103603,-899.7693751707559,-1412.6189356404284,-1145.6411904752028,-1228.0676195309288,-309.01166654751336,-822.8909964238798,-1309.6441840141792,-1048.986832560415,-1116.1322888101502,-1580.4105591063128,-1283.2037469806655,-638.5651922281269,-1137.7698383081242,-1747.0097075412802,-1342.0370817277048,-1393.3551553254308,-1031.190698250678,-778.9243752217934,-342.5560170377056,-1687.3823290933215,-1280.4734445285326,-888.8836155252146,-1029.3490358791746,-1515.2053889795109,-746.461172388184,-1172.486684867785,-1289.3937865531066,-1275.3287930205602,-286.6582126446952,-1186.3004715812854,-1004.104124316978,-602.1732227903491,-859.7698562022955,-1194.72199010328,-729.9219071796682,-582.2797790769154,-604.3256027365102,-1581.3192856380515,-989.7223845245384,-804.8607192069063,-995.1225377363897,-905.5882608558427,-1042.9951058413005,-1115.3609406231508,-1017.0582189070501,-521.7523451899541,-796.4413944609456,-1154.2454345524438,-1035.964951999369,-1142.995864917284,-879.602331637894,-978.3224252589581,-947.988621445415,-859.8102326715772,-963.6972215749192,-905.2651548185167,-1051.737039705151,-801.6747348435152,-1156.072085867244,-490.1300699295194,-1675.473426942672
-379.57143695096556,354.85123000809335,124.48662710507136,580.8033661851146,-35.396633130272,184.21066813072838,-123.84367633866565,72.15225142765927,441.7563200959013,571.4273698831327,231.85363330199638,375.90614713344667,392.20871326506375,614.4452881776292,-36.2461938948819,331.51136450904283,426.10278123502746,216.39742907671118,174.17470431029912,534.7526795763237,-248.8561219581259,-113.46544283772646,626.5443573608126,176.36809577038125,247.8901857613561,703.3261759842195,-287.5997245975344,61.59258839003422,-83.22516676753281,212.66498194058056,349.71061977573277,483.1958218667353,32.820398157917786,-167.31849127682432,6.482727304906165,352.2153021870131,127.28283487898298,51.112252327233904,361.00924301775603,-184.57715220215732,258.5874759679702,-48.64841730338747,403.49029948933673,-122.51445091832728,398.14907879512475,81.96657042280877,616.3034394598285,768.036864147833,255.5082576336647,356.9639204756399,-220.08897202838847,-271.50409852559915,518.3031596470449,235.29397390351357,544.7189619491672,-429.80188064560696,504.0599196148319,242.41830576585897,484.321558405613,388.93367018142857,33.00585649586573,252.8039271357003,107.3637480413141,346.0560033887877,144.09142735582975,186.28992032286203,436.21266893857745,112.27162955728001,409.81703269283594,500.02943531571196,693.5782628461607,425.77258887812803,134.5784855331125,7.071528664236864,407.43689045531244,-419.9534048805279,426.53878526269654,-187.95284396708846,173.5930343582631,-285.0535062226291,73.2256780289061,-78.69386246701146,405.586786838721,-157.50782780644403,165.9224985238455,521.0594259092602,-27.308680008831423,-50.76314474790239,122.58504062784101,178.97206187126127,-77.62522943299759,463.21016557959973,-77.4287522145219,115.86040205129268,-96.41686493073779,136.6039037974291,-322.3106004343843,649.5463230718289,179.88414942290527,842.1160870085315
-111.7660605882747,-485.616782036225,-481.4505624019633,-389.3119883246843,-232.12533367986347,-518.8327196021311,-1343.9705251562584,-871.7851415123821,-1410.900364079818,-1155.0363794935656,-672.2276952897416,-1202.4706211151395,-534.0094662102374,-1308.4270789743932,-396.5491234086811,-753.8442315524825,-734.797874705833,-940.0558001814552,-717.744040387529,-631.4125875793137,-762.7108392787263,-774.371996946145,-585.2249091653825,-697.7669550420549,-1068.9091656124888,-1119.6190252419096,-681.9569004917129,-385.1765054218253,-116.73212774523861,-354.67709987838253,-702.8008208068618,-796.1905635791151,-249.27379398014006,-273.2082148152663,-138.52110195599286,-1074.3103380463767,-1109.8721605525998,-130.2629424576838,-822.9988958850416,-792.4096642160875,-1295.534414602536,-284.3313356913702,-845.100248250726,-497.0434542426633,-1799.4974306253876,-401.44227557747894,-777.1846937225389,-1298.9924572757502,-433.5296218162634,-105.11984659811343,-29.456019482858014,-258.1163876225585,-635.2938589297742,-772.6891078735927,-754.5052482669537,-501.6451522859874,-576.1974892583074,-403.5764889239975,-1960.9827722191028,-398.420983249359,-1072.2290848680545,-1152.0310964863295,-776.9561508052473,-1368.5161098383317,-323.83148998557164,-446.8812964030173,-1168.5160715388183,-714.1794877056805,-467.72054748593285,-1033.407859887999,-1165.5976482025305,-834.3581758444368,-410.9794928346248,117.7779125009649,-729.5532277218175,-1276.1746677634744,-962.8213889777886,-691.1025895197603,-711.5367526318025,-112.52039527708766,-467.3410825393551,-578.5468509157616,-1214.509863010787,-616.0721959446491,-600.8118550809626,-836.3787765658536,64.5167060431098,-330.13973995562026,-920.7575196818665,-942.8958002957,-988.9117577772885,-1352.0572436639497,-165.27990178572742,-667.4325730940566,-401.14784538409975,-1041.1942394662476,-213.66174829976617,-1859.4954290831893,-665.4377713262884,-1166.0806142025724
291.780730659904,662.8643925048888,788.2500482692848,639.5203832358255,807.5213551805411,990.3068274399835,1064.971076869033,457.70996679079747,944.1000040479621,1074.5660862117236,1322.8022171025077,305.1336978292499,608.9222334845829,355.27360949676506,752.584970789835,679.1128509801905,760.8543185347221,1139.3167668733183,606.6531842106061,1026.1338645218084,1376.1282744182777,1078.6532495921288,1198.9686810603582,1012.0128492897597,620.3540152870106,909.1884591532728,609.0446087751334,1008.6563219446572,529.8870637372369,786.2536939740991,471.5684249847222,875.5747531649846,528.2252554999691,546.5058300280567,436.81851317475474,1344.5950368482775,1596.0412596452063,784.6295527031241,335.1183496808434,759.1235146528909,589.5891207641831,575.0943722307109,1298.1359952601397,362.64197062270955,781.7288799797024,806.8027283565007,499.13578235911604,1503.1917826529955,867.2662245548682,758.6463460738612,-128.88937426827565,685.7337382581003,751.6612371669784,188.86055528421738,1028.2760621626853,816.4327319934426,864.7461559309007,757.2101309005535,1101.6861366770377,649.2292522664316,930.5160174763284,873.5876759824342,599.1428786306669,921.9536622740259,924.2574986623896,866.3136070573399,200.24795781388218,215.6305089489333,1796.159155374153,1104.6882511076276,814.407472169638,1279.0742893865731,915.4713219555758,499.26687500246385,925.298217006479,1380.9409070353552,824.8787324526943,766.7203867478684,639.007199794531,145.86679051262308,245.77604902115175,964.6654469513551,1033.6900467263672,839.7095694661941,686.1803085339865,545.577565228434,478.1276090893576,995.43850789178,1074.5076649763537,1104.6636775514175,788.1179076128255,735.7550114974732,392.7636132256386,268.38933681916217,609.3719798239861,723.035489407599,1011.919069897299,1019.0499946554156,-66.90629032416332,711.7133715842245
-290.0702708139107,-152.97800863542892,-242.78685910196504,-245.6438208135957,155.02931960988892,-736.9678805835771,-583.5076459194278,-236.3175214691887,-290.2583809035747,-56.37766909082676,-83.3108150636749,-230.3635592147822,-354.17011898287393,-24.08394042912011,-689.6308553188318,-220.9560221905846,-529.889468081321,-593.8315336326694,-360.6169557788904,-127.92028111800009,-503.71607755581306,-110.41795692659566,24.535189929004655,-758.3098943116603,-158.95998968885124,-428.4834423297574,-796.5703192174232,-651.5323717533345,-359.71590387324954,91.31779084492582,-111.23777171644052,-85.08971738373138,-173.48547461115027,-319.4119665935993,-480.99353875714564,-546.096203865473,-633.7754493137318,-638.8222270771727,-376.49157243113785,2.5595917370538577,-401.4033640794311,-407.75194214987056,-256.64343067494116,5.290717054768157,-206.39372307559378,-202.5411019601057,-49.475462626766735,-314.7661851314908,-225.90366817833737,-252.8309030839028,373.4528915442276,-300.0770550264253,-124.60856261315054,142.62575488791566,-704.3661627563652,-408.0232672024965,-404.6456173064988,-664.8412157404568,-817.2004623760008,-270.327541227524,-683.8448220183657,-85.23502931144675,-385.0239367206826,-445.24068495879385,-317.961604850207,-249.36486443714838,5.406446953430757,-162.23602062386294,-223.76495245022429,-670.8141336045312,-53.534904552936496,-434.1021308553105,-247.90492373753276,-13.384385548450583,-408.5500107233633,-433.46170210254746,-336.398594520354,-848.3987448997406,-140.67657666210036,109.20444957408262,-211.03832446817083,-221.93759486143108,-338.0722811025975,-234.76442114621423,-346.0740031524226,-295.25418830325236,-126.33434678132829,-309.07730803549975,-466.30122668784634,-924.9071204316259,-409.2181905790347,-404.8089304802539,-493.04868425400286,-119.94598563340783,-236.9215043856759,-411.15778027130284,-337.79270772027803,-668.4348582980639,96.24702031413592,-316.1234636562205
-298.5480979742537,80.47668069963862,-840.7609783933606,-317.0151924139521,-414.93082901607863,184.89452191190864,44.01072457743885,-49.704885661829465,-500.0029393747175,-276.1109366410308,-639.7644347639011,54.67391596763016,-241.30471304616626,87.49489564629334,-8.230843554207075,-297.0226003281049,149.87366583725276,-531.2495839131326,-48.02087066277212,-276.565167016833,-158.28378722545034,335.6907648847178,-789.6214981176026,-465.57893100794826,-321.10991500838963,-263.54113979890286,-35.479406557617224,45.2901787636633,316.05145256891745,-667.9323908540114,-320.80555845790207,-295.6345676031119,-386.72614656872577,-323.82413513529076,-91.12833726611845,90.03746840440569,-80.33881631552647,-36.435525462475624,-471.95725744534144,147.154164085882,556.6547558182043,46.30344058701786,453.1727735302252,-495.61006431720244,378.6389079081882,-216.8657159582641,-458.2584509435771,-260.8132574045794,254.88437520732424,-204.9015413285157,-226.9046173325045,101.90981255590394,42.07963129705331,67.81326623743422,-29.007891561676598,135.2693106382708,2.8844984498453994,336.49319793862304,637.2785614922765,189.73220941992523,280.8790753461956,55.56232322866951,332.6388491866302,214.21310697410607,-295.66426385062044,-111.62636905400073,-140.15106700824077,-343.326303115776,141.5182439848106,-18.711960986937346,-601.2807136007459,-313.9668151855501,-682.970258612801,40.98211864050417,-303.95164656976726,197.95013708671584,-203.1617262216714,203.01103573920162,-8.576577502531967,-180.6443683219988,55.38358195147901,-453.6009968315713,-27.802158557046408,54.45915133686864,-158.04549936927893,-36.41109566123543,-815.4320471077748,-27.4362549820397,233.28233651965365,-363.2419605293961,603.7950811484211,-225.54000611962473,-123.69108730150764,-37.395863765263705,-252.5557675952263,-54.12162241463299,-260.4814157052513,278.2202212849269,-327.2642804239761,42.076064220312716
-30.442846263514294,-442.51533374433956,-252.0461796450139,158.6944493682066,-116.34211861435597,-135.28579351057942,152.08428966515143,-204.67708041924558,-15.001088082020274,-272.5895008116788,208.4980845600579,-166.6277107418039,-201.77950286217495,-227.83277715102315,-622.9477823915777,-549.1773205046325,-59.4133591040479,228.275495251126,-315.07671499043965,-331.7310460825888,-44.830855385031995,-335.9342018570696,64.19559905801736,-85.47944271220999,-3.292959835377791,-378.46535118018505,-334.9639461141047,-407.14101797484506,-253.94727546776403,-98.01159261511208,251.34437191292912,-580.1499293188563,-180.20513722898454,-124.0706000445077,31.155906150952184,-690.796078286783,-202.51863958502776,-150.4284370358006,-20.125787622932542,-180.9899148861933,-374.6722485607598,-404.352158506697,-176.786812326628,-164.33557761725845,-392.40730872694684,111.85194527630267,-119.96732038470306,179.55671695284025,-465.5251549122414,-222.49535272734673,-111.2387985369994,-287.73416865060153,-607.2062107491805,-397.88799628803827,-60.09753043717424,-456.14166806928296,-69.61725860108581,-556.415884382028,-244.61257973704832,-862.2911911581178,-208.05202040582114,-245.0797367333899,-440.8561002167622,-408.4622775811158,19.234429457202268,-58.68410359892083,171.05108034970772,-92.12147997302903,-396.7482633668825,-164.93218610093396,201.35488025481482,-61.72195193725066,-97.25387381099466,-252.88181709081368,-316.71306299898026,-504.3100934618702,-326.0833186642761,-269.9684476922345,-695.3853925819678,9.863781920335924,-297.27907255400123,118.50048008742993,-71.11243341188766,38.360760030217364,-32.021438186453295,-101.2637227758215,-216.10606615598525,-483.35476141304935,-561.625930075478,422.2559638682369,-275.3710876920352,-367.3020973502666,-103.12682739576933,80.61663985823975,121.46825941488525,68.61107846861962,64.4771622363126,113.91001073847283,-63.71305023321683,-407.7180944627187
0.24600693363612197,-105.3603183700641,-0.4346574110542593,-379.7566435660497,-358.9681304038003,-156.26987345993632,-182.93580061111354,7.70492512529079,39.91738037132488,-46.70931825837586,19.771659583690987,-169.8221507640201,-217.78930444765768,515.9774371984518,118.95766865614137,322.52725812836627,121.71194976233924,109.455169169597,54.93862327842706,-258.2566080667111,-152.65563795632764,-262.4635561435878,-174.10216817752914,60.69997096944866,-189.26247600278478,-16.47747136442279,32.260110948392345,-613.3461091978304,-159.54954027584736,-137.2684974123944,-275.98618699159266,-187.82433028261397,-415.8624200469226,40.615932868548235,133.53675853823066,-578.8574149863525,-462.3183055503056,57.198131000204526,64.38808578014198,132.59586915444356,-6.115315230185901,-85.57499461910271,-217.9967414134803,56.721755973437354,123.77345056320084,-365.12021010688164,154.1995185380187,-279.0627080073962,-152.61107575770484,-91.89812459696324,-172.7230955403868,-214.69730616212223,-309.25999102359293,56.37810431676661,-86.55713729871425,123.35867325983793,53.90340451950165,15.267518464341054,118.24660440775195,-204.27174854194305,-113.40808212573285,20.302655330719453,-278.14939236796874,-25.1534149142696,-274.4920187899188,-375.1572780941709,-57.64598281511293,15.020246556321133,-74.6410719648842,-128.93839964673504,99.87439651801401,-264.1130997165222,-139.34112594164725,-298.14160300825506,-115.80300037411662,21.860723211881336,405.9032335131746,-110.32806188111628,-230.25235677145156,-362.7754497843561,-64.31839438486018,229.9876275186058,-291.72757991937516,-560.1083809897923,-73.93210494237657,-200.88258793697395,-0.4102109581819005,-373.160356958681,242.256587303172,342.5864528680766,-302.6967527825401,65.15678783596587,419.61442106447214,-369.94139704291496,-44.69988081415028,95.04242505432822,-351.68423635457384,83.75240802216602,-189.05042151246548,5.41123760160467
-237.31020718074996,-45.71324693506443,-368.4287543493892,264.9700830115408,-103.94064465980242,-268.1494413623628,-27.359305677978572,176.26695193770755,408.8336870936756,-39.554663293223875,-34.450451301853676,-26.381714897947102,142.67156929018608,-617.4325054829447,-117.32508246264072,-297.09772212677876,-61.19531926814871,-128.5781449919436,-233.27324178416117,27.97665065092978,217.80514658662634,-131.44407824848452,-173.54500810459515,-9.918753715584486,359.92394893460516,490.09258599557984,146.32733223278103,701.0050816278805,-143.90175543651236,-159.72242277753688,165.17077312338066,-283.0462171944176,-386.7226258390027,-16.841414653741943,-447.3793706509769,238.9665633926616,566.9391976408455,-414.3388084591957,204.11267704467096,105.74057343479733,146.80369930394542,-51.71680127066151,56.95223353349353,-205.72285930368056,200.56958613185984,-94.83580508351274,165.6859064537257,-49.157744755686295,-157.2758951628993,-403.89625779538164,-279.7337319246821,-334.5095640389159,-139.77210607031012,-351.0326226751873,-123.61524959483137,-35.22048425265797,208.4126287912528,-5.420955862090998,-85.62682041937454,-73.77419748072425,67.1377739056965,50.80055685793253,39.690046208988285,463.91929367477564,-260.0581269567547,-24.443247767086643,48.50747540764723,343.9745644772098,-1161.498868052283,197.36518348664342,311.89021154123503,250.83645052586263,-235.80683573612265,-290.7829728338644,31.015942542308757,238.60360046432837,-638.9939003621175,-108.37044470785827,462.59638640908616,-238.98236803818273,151.16480199697207,-323.57348560113337,162.47140729889378,139.98385223376252,19.196441754082315,475.6740063341204,-418.3804373515381,23.257290725993055,-24.144574777828346,-172.34992638024352,241.83796009813878,655.1828276456647,-308.1741071986889,266.8301501489678,56.604123960723506,89.59887017870864,45.01150057642268,-25.712145578245902,291.10156656803724,-81.43519044803816
-450.2985891048175,-931.0503859472345,-99.01778876041178,-520.4508877592313,-177.17303690566553,-904.938110499375,-156.86670519242995,-479.2130357806384,-673.3349985244481,-669.9254020587907,-99.7581288506991,-493.28957448288844,-515.3471526441326,-44.516136335076304,-464.20179973342994,-147.4517172222205,-677.2651525997798,-394.0018047867731,-286.5468552417328,-654.2982057931387,-375.77107530613375,-824.4491646828012,-326.3816447233778,-57.256899051951564,-783.5781654299635,-591.9025895956989,-707.4864889678112,-812.7499564665708,-1031.6787302592843,-96.391711517544,-624.5777905904356,-981.6520563617336,67.83880208397592,-84.69945239015159,98.91065345712532,-670.5498145253197,-947.2274134069993,40.01933642071497,-620.642672458692,-431.9600775291492,-402.92164850919954,-346.07651876547413,-860.0977422049451,-33.67383832132108,-614.336167730045,-841.646368973106,-453.3593841530809,-573.2400915470565,-496.0577055631899,-84.4492870271029,-287.3563227058231,-742.1291745366566,-205.0112062391153,-362.2874406721518,46.47374402701584,-399.62885451623583,-757.3331154671924,-540.6475965312759,-405.7954603377153,-615.1400399516847,-513.1211215613348,-617.4909263768131,-990.5478387652996,-921.3837551533267,-472.7185387676274,-336.2431239423492,-241.4089306591634,-528.6951326268897,-307.39989236745384,-814.158652530506,-617.2276241882661,-714.0240465774,-276.95002082580527,-485.23822029652354,-324.9883088469978,-363.2423538878114,-146.89766614066525,142.64382773969217,-797.8002884526632,-348.5096371030145,-140.711193313224,140.676459937337,-684.284011143973,-593.5762179956007,-538.211248099176,-811.191054075956,8.995946691359551,-343.6914837611324,-668.2033264347225,-524.2902883569274,-373.65562535827513,-1021.2716421358441,-29.261104127290142,-468.02779191293234,-791.2693008144769,-127.76958354772194,-458.7855212745415,-450.7087826117912,-504.7414788258381,-709.5024918225903
-386.4529956124476,-1057.6701520476618,-1165.7773898716096,-670.9168161593873,-1285.5304778961383,-741.8124018370414,-910.1172522732145,-340.3910603955698,-327.01730603342753,-651.7758410946153,-1069.862579383578,174.38655005954368,-230.19008129413808,-1473.3761782836596,-603.7484733261812,-754.3580216835217,-1173.4159243133295,-668.9910999068907,-875.704024536877,-492.2677142211163,-546.4731209365781,-769.8147332715895,-574.2409642587421,-749.0177958887149,-699.8879863984632,-533.9588244401525,-514.0637158588154,-604.7307520111112,-1013.5822576796637,-1004.7654905160992,-134.78041945293657,362.667523168898,-1314.3706256099044,-1518.3588761188205,-825.3678515945892,-1413.4060622297995,-885.650755497542,-648.4658330822474,-125.03306609473196,-418.67112796367854,-1364.7129048370823,-520.7657366752626,-427.1556165629519,-186.0513621976854,-860.0129898783929,-1387.7765141945408,-766.976123689563,-246.9629119878734,-969.9770765416365,-1173.0825888169352,-644.1585524345672,-486.9619366739219,-1039.0752561422885,-767.8684826287235,-1873.0292670173747,-1264.3456396171853,-164.0588109776125,-366.02493759650804,-1366.9393220379343,-616.5847847213231,-1364.314762952091,-891.362302992791,-1137.8261075947412,-137.15762031568292,-556.5281352049022,-1008.4873922108009,-1040.9661947108984,-27.307872850647087,-759.5433064482415,-572.7391013896498,268.4197347576243,-413.6884707702231,-1136.661723545945,-872.733696606053,-391.3391178505279,-778.9214981408575,-612.7991113324464,-618.4109007432131,-615.4198548071645,-918.380579630495,-371.30759625721055,-1724.9996157284957,-571.6325909716583,-759.6716485596479,-343.0229681616059,-59.80171108896339,-572.2996001901416,-1396.8206595845127,-879.161541090206,-156.73400538832578,-1933.4610797647792,-32.93675344269157,-1021.9016926208601,-277.6975049626511,-423.0672174926885,-458.5473815866423,-717.6756203805134,-699.0537508541064,50.39952616380721,-817.759813896439
-113.91796905455814,924.4708858925939,1190.0901675367202,476.1355061463398,741.4300202448375,742.0239387929056,194.2625175177851,390.2366229822344,687.6664845446203,817.4626041716958,649.3851422722389,-246.41286299874568,396.4876366516691,338.0422001071879,574.9910147066071,684.6385494285003,835.8758384062999,423.0944643431485,14.735087925742425,231.0363104414335,62.05813897876194,462.20919518038073,600.2511746470635,399.21181919664025,453.8482118209069,530.6376133094899,674.5596301937651,546.2642122622883,832.3220097687869,488.2716944518409,-181.0288699950452,-1.2432014969658418,370.8003832122408,496.82197036101456,131.41860454904813,1403.8609515343373,671.011678758471,460.1222195864528,-227.46302790541134,221.47227361709187,449.1468200686007,458.9655580177229,479.9536887753992,117.9203704469123,429.4486194391309,861.8645626358286,48.0566326015657,-221.5429764154583,530.2142403579476,1033.5587519784906,-71.62549243588418,257.06000346206474,520.2728493613029,445.1821427675163,729.3078234289577,1302.2270296328288,95.80004187183478,311.321174360266,740.6379570074465,599.4550702451533,748.0023670299544,152.3173359195911,273.44207132833014,224.07943994145626,252.73098220351838,275.13720193527865,40.66425549063082,-305.23435147671444,779.9517935280427,51.2553336941469,-354.63742588656015,680.0786071651515,402.65994239781037,547.0167155263222,232.5992248012584,405.56801571805244,217.1957731412543,-138.71875114042058,87.3623419921193,262.63461293950564,134.8835817463004,565.8586981986516,621.3212361031187,599.0569707955809,264.8761140246295,-116.19549587210913,400.2346709853856,817.6656326754679,709.0582790057143,-241.99183106938085,754.333536547324,-85.6081649208736,23.896370818580642,-98.74808523662016,392.6983015391699,-71.4431515531976,500.20884251086665,208.77001504059487,-214.65350318759025,176.04273546600677
-1132.5975547859068,-855.4435810679277,-1329.9363159096551,-996.9658367781651,-795.3221094116668,-851.3617976951189,-1544.4948582633087,-1715.8690370214836,-1607.4811339238447,-963.4031957773881,-1108.0439768192548,-1105.4300722285684,-504.97261610269715,-1666.146731536111,-1056.1138268504615,-1518.6920290790665,-1912.780187701516,-1529.3411787107723,-1690.1249265019633,-783.7648195541051,-1043.1074271413647,-544.0082791816634,-896.3360196243025,-1525.7100131615273,-1048.60565381296,-1736.770602753125,-1594.4630246707407,-986.2829951905206,-909.9240464212976,-1008.1013684819184,-781.906335040167,-418.87479966577837,-753.1303439809199,-1064.5820220781372,-1197.8024674796332,-1362.2426600164513,-556.5574612902683,-1051.8032420466275,-1556.9911250243163,-845.5090636962613,-1950.9597834242384,-1171.7427330073237,-1159.7861889438761,-1389.4054505085533,-1667.693622025155,-1819.8574254989562,-967.43946552872,-1429.4122142943568,-1030.6058856081436,-663.445966680698,-508.42328309804674,-471.79100483276403,-951.5664747052463,-976.7575927084797,-1571.9777698165979,-1520.6214901891267,-1446.0176344186123,-1544.0289125035151,-1666.2853692039284,-1768.4655830010458,-1492.1777585746647,-1044.5659990572253,-972.5073246079344,-1672.5817065509461,-790.5229800649421,-1089.4385336536586,-1066.8820183676355,-1351.2522188657579,-1005.2873753641766,-1020.9222051106282,-1085.9414296799578,-1632.2534273948402,-1560.402668247698,-1034.046817549532,-776.8863161101995,-1470.4919320423462,-1555.8894154182694,-1438.7782561657873,-1032.8155384379688,-882.4442789605991,-546.3672358250916,-1647.615282798414,-1257.381568384306,-518.5682369073114,-844.5252364661759,-1410.0948024985644,-1604.7933222820868,-1238.751829036843,-944.5323469540722,-1180.0407328293638,-1164.8701467617911,-1447.3010732776156,-1351.6027268953487,-830.1243398961558,-1180.1986639482639,-990.1274301504974,-896.7081503086781,-1111.832870970509,-1201.5944501845427,-1369.5383401350791
814.6826242112849,224.52809181537287,1117.0617950378992,137.32965545749204,315.25743798939374,297.66849210263206,957.9295929222841,1311.6463989414863,353.34593559109805,895.3768752807821,330.71106624733966,438.4961109638219,15.820427239996791,461.7308102080956,293.12355897445195,836.0978234552928,1182.781355619597,435.09907359037294,610.2391109626517,606.0648967087271,479.11587306257877,-160.45368753369175,434.4988563333006,829.2489690144057,359.0923757256531,887.2066217315781,1229.302231666826,53.597099423113484,685.2438580969906,205.49324850405804,98.63726555025173,325.007833388549,416.8394214263445,-112.60056354082982,345.4728600479579,642.8121093494126,404.4133827321734,272.79697328867445,691.3108890431184,630.665035728909,1112.409441174036,830.5332172185422,414.15731649741895,763.1044635684422,695.1386455762965,1014.4589053596552,26.75329967929672,737.4431908643134,652.4440609749378,168.74095368455323,39.66145608764163,451.8820049959056,333.8463932123432,207.38018079076545,496.55328693075865,549.0283629075217,855.7826339667723,718.1293753702545,457.1541220086376,1108.9628575242323,891.7497548998424,402.6018358143065,367.8689812252175,1169.6071461870117,209.22687381031696,498.07019354880737,395.0932942630696,475.6535268480682,560.6358400716027,-20.208984314570404,32.251082894390585,1031.835661436162,691.7471263482813,531.7312858236254,93.04379388565621,804.1591901240994,754.6656137456239,405.15389852565374,829.9651850468452,78.81252768056873,-155.08092667406012,138.04982987674663,1160.1481069517836,132.1516284704926,387.6755513997157,581.7700581529708,936.7994178188486,523.0253447762851,311.7962715106615,16.749137105683136,241.62567618461333,850.6559479388404,236.75215764037742,464.68860721377916,1097.4306334275698,231.34105640016605,243.88150324581886,74.6899101415656,708.7635852602049,753.8154950999215
-696.0906094417406,60.50981830400654,-887.8614097892195,-417.52557406710565,-331.59147717646647,-265.5317477127449,-882.587134864454,-989.5364724178045,-895.2742115649338,-1114.010885595694,-522.9697457271111,-379.3406804959315,-609.7109061340302,-342.4552021063104,-281.07056754222907,-738.6052587385084,-560.1386810829144,-745.7035281719313,-667.5510463392895,-698.5416795295102,-910.2454784616983,2.158618157914093,-598.922237422845,-897.6759594680419,-755.2204390501375,-893.9315776871597,-1061.3834230648763,-740.0852532350629,-27.732696407165594,-177.1357740442128,-128.47661842493548,-442.4085798350228,-366.8151807289722,-520.6930380563103,-604.6124025343697,-148.85262903329354,-638.3064983572523,-467.45073678458994,-834.9753527343074,-736.8295892394141,-639.4516985874948,-525.9783909261465,-173.72030992223142,-820.0124937518018,-193.9906224920882,-821.7445415103189,-229.4202163126997,-492.52069536532713,-792.0865443994419,53.38107239574981,-188.02912581584255,-377.5644862975885,-600.0044080873733,-316.6968878629511,-619.1537200854576,-314.01592018129986,-584.6154952894352,-574.7016380335933,-206.63060988621712,-501.0431253695324,-708.9063982737115,-593.7613282416033,-262.6431211700497,-1321.822101730509,-302.0194296518619,-350.19557027243104,-533.5266415260546,-965.3388949084397,36.27724521022458,-386.2003553010043,-570.9757868929834,-1005.1880151054287,-435.2590643222519,-204.6651232957263,-358.10030927830763,-770.1484201763387,-436.672237906805,-984.4281701002715,-998.9622962352274,-384.74571107600656,-20.436903003249185,-250.6604725549004,-1277.7837702067227,-658.3707624395005,-436.93307467714584,-685.1028950753646,-776.6021497847088,-481.3808213793394,-402.6742652947889,-282.13257172082115,-411.12892503446193,-842.2396728200602,-355.93340347653015,-707.4670739903967,-778.5171275914886,-839.5778748667984,-599.2671645804622,-508.5180309481526,-896.7413320125813,-575.7276507778964
307.2549564715775,-459.1281098181554,-143.10252646019487,271.1625718745535,157.75470299696127,-554.728497304887,483.2735954693579,-340.5812152306437,-195.59136255847366,58.613792237061205,93.83561929803167,-346.4463017088441,-111.18138422687444,71.72215752274944,-265.82661794034163,-331.78983415691425,306.87218156386626,114.46544510694085,-107.15907196926533,190.28702814437662,304.22711920055855,229.38817863940605,-285.0858950016775,-103.89501316001241,137.26944668177399,760.8968744170344,55.461812272687425,286.49093093547987,77.65604450489336,-368.70616084562744,-501.6203563685055,-252.63035312782188,-250.5859165298683,201.70030971595403,42.225443226651045,-88.27919032505572,181.8929880344099,-124.10376201316824,355.0667174913493,41.07606576372541,351.59133188693045,-121.96867038995485,-69.23151550043286,-198.33577295530517,-62.810588009565485,354.985272883021,-584.747500145776,450.4482456738963,236.27989396107736,-212.68016173475337,77.0766253328438,-162.62716298052936,-143.3413767751957,-439.1087101265543,230.11953526078278,-506.87719001335427,87.46794352231977,-250.33618948961063,187.49355048396473,-60.318484440452146,-74.5854110729187,42.35033158056634,87.46486537666381,295.2716914001617,-157.41178966855435,-51.758809135408185,416.6373495794048,232.52771028660638,-736.9035464459477,-214.16200193618593,-144.28297259511533,71.9277231329779,220.65730853729966,-221.95269217138582,76.31809186452666,102.176437151348,-196.255879763456,167.21485409019385,785.3185240124199,-475.3996223143321,-166.41731503335953,-232.22971484973155,322.07630365503485,167.46696690906086,335.91217070225935,321.94128016813755,-79.0452850981583,-417.35014556370123,-332.8582345246168,-489.83381888733743,-14.037288762067757,338.1455665929409,350.6330870113543,519.8437264260401,462.059705931661,468.1499491879668,226.80269603782227,199.05457303500356,119.55132751454867,455.9012969291625
-138.8080301684949,37.79570084709359,156.07826147034436,-579.4184494134532,-676.3834467094525,-304.44302423727873,-63.339726710901,604.7974824189704,153.1827243602468,-260.623830066941,3.597106439035474,311.63826310295536,-367.14532871871506,188.53984203218218,-197.27876850201937,648.4870747814247,232.25351334514525,-157.4469875967202,59.95241283587243,-643.3862910693705,-240.71399941453163,-941.7351645033195,-55.31638705439722,-36.96765117853497,-101.04850423865395,-522.3948460390803,-231.55101347245667,-835.8472561888341,-426.0057354477327,112.35354253910461,72.50471193242647,-689.2910766489902,-237.91514909287713,-669.7379234959867,-130.3784424012649,-217.99719318801803,-319.54461202989523,-316.2714079524141,153.71079498673367,120.6680656859272,237.35586282594033,296.4062029470671,-355.50820237602846,636.8865108125483,382.5686008708197,-364.95729864655175,1107.3143479335752,-602.0068923288694,-576.7883681494682,-467.219881164935,-157.15152323604832,-605.6694008931004,-252.36523112000168,786.6335973488406,-830.5489928560839,523.8477986380035,-131.9640788070947,248.75790073068742,-721.2320429409295,-406.01014069548216,280.5264534594574,184.75525740469377,-585.412999940093,82.4162961843242,-270.08634129657725,99.14049554990972,-85.07013788672,61.05744622696089,-407.0413694306543,-315.76462567113566,-20.873105735761904,430.56397958869377,-45.33963374271136,-360.2729708392716,-767.4101348865555,-404.31583739709583,-177.10495235906797,-454.02020980759056,-702.7244781889975,196.2008726868232,-201.7238862582671,426.7071877697711,-652.4578976743271,-593.2168991582248,-568.7767829669592,-121.30447559016878,252.33109368465162,387.41588919798284,-66.37630313380515,-32.49571756614296,-67.65795107252782,158.39129661105324,-26.936412583643914,-759.115875380753,-256.75250386644166,-281.0007139028268,-631.0446336604895,-235.9526522794149,63.20760927497456,123.18334283623159
444.65204197184204,298.67760660037425,-392.38109925993444,237.54014137020167,120.54418939667292,184.37425822044082,-34.94067396564479,-772.107035994201,-586.0667081943405,-738.0463459029235,-629.3209583128732,-173.70222807319675,-182.08539180973668,-484.2178909064588,65.83313614553084,-1378.8891380720886,101.56779891204889,-144.54640539891636,-135.51143789570736,275.5701829148094,187.75528759584353,636.5266478119675,-596.415173902531,-101.9898136653376,-426.95500472046905,313.27666809957424,315.68057697715375,689.42041679917,574.4197568475804,67.0530437287478,-55.350244750286265,-271.892107747598,-184.92903375386567,80.37320700245115,280.73274899110595,121.94123311564506,-150.109720434573,387.5969624748896,-57.882543081167235,-310.0248970724095,318.578944867508,-386.10851816709066,199.1617398242098,-603.4568360240025,-5.730416242839794,218.5334642140951,-879.6970904222479,702.6016428189305,-346.27188632544244,56.418611078644965,-14.830449245171133,165.20449944630786,-397.1539909158285,-881.1658101149437,457.4700949526205,-149.42776565550568,136.88043458231985,294.0503215796569,611.5962431464934,-111.34030984738719,-37.290394677946125,-293.6031000200396,310.84355880037424,-621.8995793674069,330.5771596220203,-626.2340275323389,227.27755862716643,51.53731163390691,493.1864153851393,-106.05478688226356,86.78279283534354,-325.57212715510605,285.2755063207454,144.12018588008036,174.45299745927676,152.84698387491656,182.22242317217263,171.17223270180128,131.33301330834723,-349.19940348755887,349.09105890682844,-386.6958824769961,-226.10386773853418,219.27492265274344,513.5665384488864,520.2709931447981,-526.4337026955792,-836.63036911984,160.97675258324531,695.2146273375519,-347.69890666186194,-16.305309260858877,553.5992489690178,527.3704155730056,87.74090875356812,116.78043013539354,-72.86019525877005,76.15418404042572,-53.790372118580855,287.58798887960387
-322.66371119940294,-321.1897504724587,-3.225887621879008,-708.7833774911145,722.0641624653415,-161.4603980008598,-163.7866676737416,35.04451898000082,-177.80012059274318,-50.801147807638465,15.634626103193964,501.1802519359998,-327.1099240286768,497.98354334959083,-269.34139754348945,591.7871738609163,155.32663340317163,-323.39303498037845,-275.33821872323807,-358.16305636508514,100.90382381011794,-544.9753608762385,189.19528686330776,-584.6709426492008,-651.8502845661139,-448.46245263674274,-506.2920566293248,-408.6573613101011,-489.6867272206116,-542.0479098238878,-570.0684296146478,-54.305196100111935,90.40048845901624,158.62415024148908,-285.82396720702553,-653.2410037865363,-252.53400335257908,-383.1011028512642,-202.0878163010521,-180.36593978884613,-164.2290110450441,-133.89831904991541,-426.7295926025006,343.4271343052995,164.52723647125518,182.581862474002,338.73681147562564,-253.01578523935802,-398.77275906659963,-301.7029399193357,336.19500931425944,-637.7204694256827,34.517353717769566,251.57010457152015,-659.9970635294588,6.455553407633336,-72.9620406679887,228.2925527784094,-910.671723467934,160.18524318736152,-409.52325415830956,-138.9126693843841,-612.130348161445,9.055563233397212,-366.05480470245317,-198.30954954543665,-172.12978291427842,-463.3676913377116,141.35606560985207,-241.6283173792061,-89.20029458206619,245.96601077480335,-282.0016790775025,-197.02132424910465,-223.16416632011325,-323.2417847793571,-300.6995530884044,-153.3011469422126,-41.249886145329405,-388.80202691617717,-332.40001800883687,-398.5462549034093,-212.09577970318153,-416.9839800181078,-260.9106415001485,-417.6200357722755,597.8010980903703,266.48372162906986,28.66203614770571,-516.967276474441,200.74008072328002,-721.358244080781,-278.4383761398801,-516.9389618279272,-455.45724950750343,-419.3238913030402,-258.3887872349765,-355.6425491614952,65.08063795905709,-422.4208974961246
-550.4954448912698,-385.0220487328879,-404.17129038593157,-652.2526467932153,-962.0832907545474,-548.3051623621425,-187.2790492530097,-406.27740978567795,-352.61203038844155,-526.1643831841301,-1120.0525252959412,-390.05885242857363,-648.7961705357549,-802.8857366875322,-457.302355008971,-512.8267538507533,-858.7555535758999,-623.120110244185,-338.3218720838457,75.36715746437966,-653.5275942454294,-596.4737727028732,5.399854725021687,-747.1263958160794,-104.44302288471192,-996.0788204697873,-680.2982394324383,-183.45806799946638,-1110.1375268615316,-499.3365263474092,-423.16744487109474,-856.9774302235786,-1242.620841283551,-887.7152300225891,-256.7900144033641,-696.1629398798693,-744.8569028731113,-253.37771740963942,-778.1209228266024,-307.61174114299536,-462.3094797602391,-283.7425120730219,-153.96093423118026,-143.99846182990615,-562.6212838763907,-1210.0585765388278,-525.6425015557273,-1076.6347579158225,-547.0442091739349,-552.5324603837644,-428.4493466305244,-984.7674652509854,-416.54810621479453,-433.5218664199199,-733.4773414800163,-478.01805952071743,-530.9584645437288,-731.6598153095398,-300.2522100429256,-860.1001080288116,-109.8604333900934,-136.67204486586564,-961.5469734987779,-406.2196037834505,-491.0676515384419,-646.188803697795,-553.2192410507427,-85.8970944359329,-624.5132170172932,-578.8235820666052,-159.15064012295795,-354.48057405524395,-1050.2022801242092,-971.5755405698209,-511.27823412261097,-969.1611403114407,-619.268281098462,-161.3508241539906,-713.5956178190334,77.57073735945822,-213.8618489128116,-744.04901204125,-608.0617683001514,133.63711167939988,-824.2227477472412,-205.94126290272084,-756.1809853746687,-689.3561387970902,-340.85055659510533,-721.9133061539613,-106.17975477543467,-161.52286882178808,-678.3878421211607,-126.3849534155963,-893.300261729427,73.52197193827853,-453.2081418749846,-176.27349149012585,-435.1231473770023,-204.65509673435093
-265.00255346899695,-231.77355614250664,-368.844977917014,-167.3542631004333,-135.7776086653287,-457.4575915794592,-728.9799223548407,-608.7190088684072,-762.6791594587966,-277.4487738753659,353.47871864201005,-9.056325416959025,-50.307496377698406,-527.2125814576395,-238.40633026957445,-764.6203220268615,-569.7565140572606,-603.4523919853128,-931.130254781944,-850.6090377363537,-409.88950984818433,-119.487768913282,-1261.7372041101326,-109.05561014180233,-945.9090201496994,331.02423551919287,-211.83744349149805,-637.7778526515301,192.0393295958806,-356.2748090095404,-56.378416981378955,-255.56493398874275,307.12907042329095,-309.7566254086588,-406.2406540887426,-471.34662934549135,-104.88950681974627,-596.4139633993132,-261.47868126459235,-565.2565092020941,-41.631990748359165,-488.5206481414141,-707.2136651016609,-389.9610273569435,-486.152028272402,-463.8561139441834,-249.97213467446394,254.9217788018554,-552.9373803527113,-500.06199606747657,-307.36772342229426,-149.0173619452255,-485.8199257694564,-410.5513727799763,-182.00328444858715,-608.9375484708728,-218.73230189900858,-194.83743087743514,-417.6181592793623,-340.9156347410677,-975.2995331238747,-606.8955374792627,185.5607168145181,-306.4793359630402,-70.98175570034032,-291.18630063765676,35.3776360562814,-474.82895298985875,-488.0745410753052,-332.78006132978146,-176.59315680662698,-561.1870920012254,-46.92391584525627,30.106465256411596,-185.27659722478674,-36.81064225841302,-212.7124846668424,-780.8073633407843,-73.16659373862862,-1062.6169862246147,132.6467335134461,-665.0493032365598,-267.00633415825126,-497.30058932703986,164.65160741283435,-32.5329074811005,-755.8338798459486,-731.2971613590946,-905.3844347792561,35.79219976016044,-1042.2159428328566,-693.9709325905509,20.25764152783913,-178.85792368957823,295.591527988312,-951.3055184242975,-779.4730670194867,-816.9380775544442,-44.32364905332096,-932.0904635650328
-473.80908428890945,-223.24179137328096,397.4739154505998,-36.40629038487616,433.0339668790307,-209.15837272028722,286.5210671033447,92.16461124961909,292.4305673028014,-478.14765632478066,-332.9050507889988,417.2441539501205,91.29251313827142,-123.94045963154076,147.11650065078535,75.70508664055698,474.57255831130294,267.5653237631525,213.51468748048563,1160.5276084019135,-112.77685763912788,-219.7816461657293,598.2181063789582,-18.218025742468527,682.7513897469934,-768.805114156415,194.0638923608691,70.68640262032761,-228.77498508767943,172.031835035883,84.95138819867047,-42.38276959993012,-784.0942570752499,96.28920495559782,245.54051742857885,319.8830034123664,321.56184220238634,938.0988613217054,-405.7542545192969,-221.43044506605702,-288.23625655877055,650.0143518220806,549.7565270625855,240.16451319485762,145.6273299064396,-152.59844369580097,-244.98475280962867,-674.9255952228398,-6.807691190297823,983.9675759230262,-108.05412641460228,223.39923638294752,-37.048963342949165,-438.94623911621505,-153.56361211409325,220.4169079318582,96.60456106376377,-865.5925734558854,-457.41914799592,114.66651792924439,384.156745745043,-216.68344968404799,437.5388557865356,-442.8159598739553,-483.2355622892829,-149.72668479129987,-767.9112693163769,35.43314159183147,-160.02584908274343,344.7865448557922,83.04161385712523,21.42695489442648,204.38376229830803,-84.3707564519202,-523.2825259142585,-476.56837609806695,-433.353904544619,340.7593865444846,-183.42645639290964,161.96385735557186,-239.85153548367165,-339.69130194811885,140.68116324491982,591.8131134924903,-850.8283222744974,-879.1511557212943,565.566666364359,-241.94577389446806,182.79495086397122,-775.8987082836891,936.3953792703592,-22.235742894309762,-520.3545786611542,-337.86721968885104,-196.97018896572723,105.8155532044083,-36.47664119057609,607.5195819230718,127.17932357578965,-230.8368889401429
-1221.4217712714733,-1382.795803346987,-1180.2196568928157,-1261.820444235598,-1524.922340379865,-1720.2998765049097,-1608.4189317414744,-1626.958093495477,-1768.1791134409907,-418.47555835738467,-1145.7943043969958,-1050.1412044501187,-1157.1520210366398,-984.70209738015,-1585.055496125856,-816.4685637265093,-2069.981674651358,-1880.0336893726837,-1769.4133314196265,-1682.4699391469314,-1372.0357362681634,-1375.2209057581008,-1518.2884050405908,-1532.9951675938923,-1473.4416317655755,-1042.7736615334086,-1612.956576958875,-2109.3093941318643,-1130.4349910980716,-1219.6330824107845,-1225.7768462559072,-1102.2673391939954,-1160.1298529609921,-1592.4053439181234,-1394.3838142827117,-1789.2360154145317,-1430.5783459433678,-1647.3336891627694,-1108.4081186349933,-1389.8521017213368,-899.6612376977486,-1016.8479410203637,-2148.993873165944,-677.7960192387853,-1584.1657819010507,-1303.5235829486521,-634.5561208048533,-1169.0190773464712,-1855.4701551007076,-2106.470669342226,-492.7657634009018,-1572.917573871101,-1757.42450268922,-605.1382200635092,-1743.071948199231,-1219.3383891049266,-1319.051655017741,-1154.121418205413,-2233.438234954203,-1771.758999934248,-1854.2322971986862,-1361.9110416143428,-1618.1295873348638,-731.34084517864,-1164.4326254990895,-1354.3085724005462,-885.0611769052945,-1127.0114945936302,-1085.4221288137962,-1463.5094197412902,-970.2310022149628,-1298.9332989749216,-1514.06998005478,-1464.7006070506047,-1011.2189236137536,-1752.75443533683,-1355.5026757918793,-2376.8821630555094,-1433.8536055510192,-1931.0952739052402,-1054.1418007987418,-943.7362579756477,-1541.3037187268085,-1131.1282094122864,-1223.796944171356,-1485.7878146721646,-1334.5701840442725,-1379.5539578313367,-2353.5687339825386,-1572.068923823578,-1958.8983820145388,-1579.8909638798918,-862.3718609327334,-1398.868060579691,-1061.0051776925732,-1634.700022523723,-1291.2350544051574,-2558.2972965132954,-1485.8665109737915,-1643.3100171673523
75.20318180825342,99.99577817915754,66.60937602193233,64.31716248247159,49.12640784623999,75.74261747554998,45.049148724483175,60.0606385659831,21.975705914084003,71.9763238062502,102.35200459087073,-3.4603598040056065,83.30585460841871,57.13501646619547,63.369574482711776,41.20769630228986,84.01283061015377,57.40780929831665,50.34583063088753,27.46113278674171,36.47076880811104,101.60433154158834,50.89877368730282,58.5284075331317,102.65950032371204,72.26197321527358,85.89016651585531,71.01071177348199,152.48468896275267,62.626194254369615,6.496587054038743,65.99513244306452,92.77715018249913,140.962197678239,77.7789267063744,106.09593369496547,66.3794142240137,74.31958992441194,72.32192659480513,50.44875307637427,63.98421393905917,21.65059111070442,45.7448219418328,12.85324505624406,52.2650110625984,129.7515738761236,75.99321124398928,46.406620023309706,141.29742324589057,101.90448861125043,17.587400769678364,140.3301631879765,118.22991398511489,33.93513483445831,69.53723813956421,39.26069579945629,8.65702945187876,85.36804475887398,143.11091332746915,63.67967021572978,53.508462975271655,46.445537748050505,136.00517923493743,29.139061535765176,79.21714920956911,86.34103169014217,51.35983484373159,-26.68449976819872,89.26144214026414,61.5190421677183,12.436596664803444,32.032601379935464,99.89425085641483,98.26586259351912,55.56324665688524,76.9401937093376,67.28012625194101,56.611913932597545,43.36061090167377,87.37733336684137,45.97500122506053,91.13445394859502,132.0502560597271,43.332543188582044,32.59834037571796,36.93791747591242,59.38388359377272,106.19832954098632,81.02325394331235,54.05863647457108,36.50689244854477,93.31157258357612,43.7145278376727,33.98086133839856,131.94164405559144,23.346354530651162,48.17964945880534,83.07122790862641,-3.4527631320034624,80.43149872942404
-105.63308987484984,-197.81154102409658,-132.89764280522215,-58.52661892000486,-118.10269731669719,-70.30914953622994,-78.17031997299323,-134.66640968068853,-78.32197126579831,-116.15585555982453,-115.2347176502788,4.984731042923607,-106.3820831049082,-57.76570050132337,-58.126149360582474,-40.89817920848968,-89.7524968068001,-41.95019302784208,-73.61278474659004,-41.05094699180998,-79.4467637340579,-163.35057890193258,-116.34649284078368,-26.56121909877091,-120.09918233246243,-147.67309122359916,-94.63065070224441,-122.17134371370794,-163.09885156495454,-83.12801053602526,-1.949141409932846,-125.18910880526316,-98.69557684067419,-192.27374137586364,-52.802662634085564,-154.06021734072183,-104.6349438793506,-93.48131476250369,-110.09453906090222,-124.39355078107242,-118.62401976622299,-18.662889361809096,-106.68941552762075,-63.22870002754827,-107.33718598184484,-141.12323930190502,-78.48705236887523,-59.45211617105673,-125.91967737314127,-74.67049872755489,-50.75769403260665,-159.13988311746914,-91.23863322736213,-45.662079721753024,-90.96810609353712,-95.81548394723691,-22.74607884924568,-94.96110383703659,-171.4838020370859,-114.48148139472025,-108.39400638985765,-105.00879433483415,-145.79216641360898,-71.66363643888471,-25.75837515630146,-121.96073980898583,-117.94145170055513,-28.75635419663787,-145.273325751177,-53.619042943399045,-44.56974862455473,-76.71410329265765,-124.93503731946929,-134.13804577569823,-81.9792868625568,-157.21005097084745,-107.04933283186301,-75.73177304532203,-106.04061720209033,-111.69161626341716,-92.13495008808682,-105.87397311721104,-174.0323309604343,-62.332499679898646,-60.16292508073802,-67.1440930401729,-61.09313024179598,-132.26929761440738,-149.91745250876147,-39.02077311632326,-92.24193642846454,-96.66330079575751,-69.10985723431222,-10.093220335898994,-128.52210377255847,-33.42664138307159,-16.840527541644107,-84.58480178519297,-64.97477378341677,-56.539420330723615
62.94533027674145,59.90056081917876,60.561061162629144,64.17919952097094,30.44459813074369,20.429855363118545,61.17389362172101,155.06940307619593,117.14900513883157,46.38763791095679,59.0618957102898,49.66148089229649,68.96496394734947,-22.27872481821273,53.819416237537055,46.885085357383566,12.681267915755008,90.61817458192263,61.19856768752768,64.39426422500456,108.30563580526602,84.97527926462278,55.79903456935202,116.17374792750987,47.324567888522026,72.57855039279029,34.725807423675924,60.50096373578206,0.5799895669104221,59.404577702420035,117.0432119998914,85.35139499536506,47.7197302287648,90.1669030948889,-69.46397659482635,64.04897926299488,98.76990669573834,15.380067687281842,77.73588155315984,84.49519609114272,5.497498177437468,18.02877619616758,59.4368946671457,63.81317210643644,61.424339698461885,-19.82154296089231,58.937859450877966,63.936011927543554,32.88126155932729,-7.392265216969793,61.6797701819571,58.56761507038525,59.303660369005,-7.1379651895338565,52.63155867502695,43.62751727356793,92.00812937043904,29.46103743191986,47.53514640070716,111.24114776688948,38.58536543368923,82.64339908158708,95.58685451067034,103.61072641582665,84.53325401870207,73.25037713330933,66.96151996651506,182.7871408162969,36.93312765851844,125.43336575837081,84.92872127268511,87.79666046147702,46.95729941375264,64.65347333008337,101.1780646353637,143.97195578671196,77.3164436772184,80.52601763136882,91.07048514088014,86.05041107661371,67.52607542107238,52.12252189915912,122.85813363997312,17.400161333148258,87.81033325316423,77.29919326639238,78.16685027872757,82.72578665552768,116.35007005408758,109.1605698618655,50.827430495975264,94.18951418814056,55.58090786105326,69.70436109063364,28.87324859897655,76.66827375193374,86.51136837967519,42.466396045419735,70.74291502255006,55.14770772340753
-35.77564477380032,-81.02955900293335,-59.42963107366595,-19.657041207005506,-9.331388954634876,-34.479534537468304,59.1833005116725,44.03724406488532,15.314060500144048,-59.91015501453522,-19.99723916023306,71.06723290934593,-41.72565623109506,-14.052615561717493,-12.12159674904041,16.762814518268453,-12.827346603484317,15.413464971771306,32.15452328798586,-7.815973124623188,16.70680830588853,-53.03528955185202,-98.06762160847882,16.792817744384994,-64.76067867233266,3.269194800906594,-47.398468468263914,-44.80286233820088,-72.53769714833,-30.601658785516932,28.040042790845312,-44.1887840713364,-9.960055074070123,-47.29698829142093,-5.214132175600573,-88.69581886125675,24.09044822379387,-19.216496512619,-0.6066795632279522,-47.00381305937903,9.903750639876222,43.40995648275331,58.38004389180558,-22.406572357931914,28.390634819781884,-26.610276903046223,-53.80055727638617,69.26559368059436,-11.368775355053124,-77.92946541836756,-19.3238776296663,-49.8406907846068,-44.70843807725636,22.716269432839116,-9.991026683452617,4.787737863311685,10.464946227448921,-6.190451305338935,-26.889293543871766,-57.13280122628218,39.44094713211975,-19.31506536584161,-4.246625200940791,44.713186624336664,-10.353475062541518,14.517367990170706,58.47873889932777,57.258574769845175,-56.74062470376849,9.038422020806117,6.54802746573935,29.902039482875978,-28.226381686846622,-33.7305344034283,26.9315928321106,-13.313165908951062,-45.997060990474196,45.49983958146605,27.119170933966082,16.442309488445126,-25.376722009492234,-46.15226873533069,33.593359329709436,13.55014011149071,-16.26507768248025,34.97323719386072,-5.254322462904609,-80.3140613073835,1.9689325124564916,-27.594461128289055,22.53068749856365,-53.44374286471318,6.130956203704261,-6.677209642910321,-71.09819186548185,26.221451636972397,49.44252014020655,-27.331345473221877,37.58908962382085,1.937446522783164
463.03744505382406,502.88747954107646,140.30510648565686,193.67706782518098,-18.035296772700562,378.3621209909204,-357.68378870283226,143.7456654658554,959.8115727559862,1115.8280457883463,761.8826567564321,-354.7459645568824,490.9215894593249,1289.0521685297467,344.70126099107534,78.35608993164055,2.8664755245802858,388.2467672815469,184.19012848439272,-221.65298731169364,-161.80375944709485,-232.40493558925425,550.6459421398157,404.65570796182476,1085.574521112658,-31.419969942687864,917.0773417953409,116.05007132178956,211.64949247641314,465.87953502093086,423.8781584410858,231.58803458941827,457.10327009801597,876.7972632061518,477.72638426636604,449.4201210481707,-40.26862527864922,295.86976336665424,584.537046152619,1166.647001249188,295.8803643741432,136.85739225892618,154.3174814652544,511.7267220674333,384.1449336499865,348.98470212758554,786.2300909055974,-326.8866433257225,678.0478531616188,739.5776964886815,2.019549995007288,429.4609937528276,525.2898811153249,497.0837636170518,-41.071454482431996,517.7485597398289,89.43679616525151,36.62448599076004,1405.8911276982617,-112.28671967549461,469.52619128321305,659.6595088954209,690.0069494859117,154.955376371473,373.63058086334394,198.26679426269774,-175.8227557435103,472.25398370698406,59.946185942474266,762.0760608034375,869.9948687105651,342.0773866610605,83.14574767752563,-28.748846823139537,-149.48904457096026,213.74791428387917,921.4228706490554,8.211922385255674,371.1063873224549,566.3867613355017,258.8544432675904,1176.0327181350867,-387.4025656952988,230.83798415857672,386.83988895083706,264.53950552938227,401.8918582384413,663.9433835540568,458.829340135715,1069.6248433317405,294.26050894717906,950.270664604443,332.88270881810877,555.1687364552055,672.3670175251423,353.8377084867258,-41.59296379908897,1171.5468555467814,263.6742252063746,564.8612384169479
177.52808830410112,206.96686410267515,290.2985914003268,196.08696996347342,237.5718647994036,255.96901307686477,287.6945706670292,323.1347962739431,80.91039122446698,130.23308747974514,175.07674302236614,187.68039792316938,166.5885724554641,213.8036569692772,170.61616488681145,216.85087933721152,232.67535091338,149.0632460204497,292.0342767262213,236.96511614624166,196.61208651193292,244.13792525822367,198.10355232243313,191.13274284789466,228.04205304186007,353.3468382668532,137.43029969622282,258.63228772039264,279.3605395344041,130.9621605126791,111.37764640679964,251.2429379705529,176.66670766871894,255.282158752185,448.4136341132351,182.4483175165599,157.2943528503844,262.4999413566415,210.3721241771891,209.45089939990456,245.00281637994343,143.31936059965855,250.68736532437111,102.99158400647255,281.0718912567923,372.5592457842542,89.64206366753338,191.65079101261912,325.74755924360926,196.43749094985304,140.02910217892764,436.8568259284256,313.77150063216385,182.38776110519424,237.1895304242997,179.45683673562482,53.68233779003285,263.66313885879333,236.0732110248581,281.7004276498777,289.5175276673639,188.69106386077866,208.65765636727556,134.77913666069605,168.79409690331156,393.12251208372794,277.47098799496155,121.01325962107585,261.29060675937734,130.53268304435025,20.647441485705976,106.31900010581579,229.73875979511303,192.7048517056244,155.0743782241091,254.92589053745064,184.61651925353343,295.0363922197129,182.74889505535592,308.49261861011905,131.43640196611096,232.0028223789468,361.6133841098439,231.5726534897568,143.86384921677163,99.9344670526149,204.69509624059714,221.8860753424902,224.4739578447016,64.56627772353316,290.41501855381927,185.4290169591208,179.54039981509789,71.9028581394707,221.84018682006118,173.83603538474918,144.09685379729103,135.00825727277393,106.57890000069249,170.7597900803535
143.45673186029256,206.40951289664096,24.692275222660108,177.94355496838557,-104.64034042558333,-5.983466017030071,4.120189428921128,-151.5997932789045,59.60060872743588,285.9380866674491,-65.77867690743449,86.27644801401796,92.90659502340587,43.41803175192471,-29.978565025773232,-131.95855717595597,-58.02717610209247,36.67901830269384,26.83250304834722,-33.084078787080784,-58.11335454041924,219.31531071741813,-25.177861075442102,-159.26272716114855,409.4072972597777,-30.21558335854088,264.5407814981996,-6.999502795714511,91.4576643523538,-10.663623965306755,32.95814359526673,50.844792683231475,-23.6807037198985,144.69796969294325,155.0285246156093,48.67920991889664,-2.1488632794866596,125.75407472704019,145.51174910732735,-22.941221404299103,5.219398564178678,-2.2470770574892716,114.05682544950804,213.3994254107808,102.02048870919151,257.616006835757,20.61275068685942,-78.36073116754548,231.66117392400594,53.42128376356425,-79.32753850152129,59.04494727616539,223.45271480864903,45.73946239465789,83.55104027124524,61.4872173153896,-101.52012394992116,-99.65584577354733,249.45771969673854,-141.23200421201216,70.44336824061776,138.4326997751408,280.2807476776668,186.3143610302946,-151.04549014669595,-88.72923802211136,-37.340580230952284,26.101827335289478,66.93743544962791,67.73055417620083,97.4537538187559,-19.467081071949366,-78.19043319268802,-51.98712357946086,-90.51371225635252,58.446925977750624,12.882221506919024,33.83017516037757,28.88719538861617,83.21880495691813,29.8848284672184,229.36932491858275,24.751408922273637,173.57448994472637,5.6803604917044686,30.695515585393036,14.815621997349915,-43.140653725638465,41.78784295642572,23.00280782093454,0.27378874025833144,197.57482761228027,-78.50581746901946,134.36921139392152,175.54469348117186,-97.65656981223505,-47.209249855199126,191.2427220215907,-0.1100727102202713,-99.58906988907908
-153.21087038468872,-782.5298001895999,53.05947572694783,-719.4112220401514,-26.16972111031552,-527.3653898318775,-98.34136226854665,780.8651333177028,9.29975915577831,-954.3104569231725,-234.67003822895694,-430.1287253392679,-345.8169188823815,-337.8470189794641,-321.19056716159037,182.83155047326318,-53.80819886311076,-764.0639966898055,-70.35985391461132,-232.56553734228598,-711.4119669424897,-1094.4553941845847,-254.1675024544919,-11.297147680127363,-397.87121038275444,18.40721013872582,-391.9656511661132,145.56149029594766,-130.49658971280724,225.44944383133904,-400.2982113057094,-121.75891843199958,-406.39386958645974,-631.2530036195752,139.7334706246251,416.2480785636956,46.94115063787249,34.37215477074945,-234.78764649446717,-401.1613973864903,235.17284702268952,810.5948071493367,-24.57811907113242,-300.6196680851586,-319.7250292447606,-698.4830135357884,-73.1928741924338,-363.1130455122941,-151.9418431616093,-155.5943027069779,290.7365299007052,-146.43149356963835,-443.7068687877185,-237.98248737771073,-689.8078021936286,-69.7082832205452,-103.12799598279017,192.92333510742785,-252.61884060428804,96.01529729667276,221.75042461562933,-211.21747984816145,50.25108549766637,-704.1092406539133,-32.47443703786068,-288.5729567064728,-337.8851309565792,-136.66710535257482,-389.0126846363685,229.75789056341048,-519.9745960789376,244.5905048676864,144.55301246663686,-442.9289864071522,-399.2991811398642,-364.5273119323021,34.7725729874188,-112.8685435535576,-117.2329505809911,-183.1315905938582,-45.16749163328234,-220.2185562006728,-640.2870029691569,-251.17890696682116,-657.1639376217171,91.77193024743704,-93.34343637276318,259.4015613562535,-522.1529776989098,-170.54297382060838,84.01787694177828,-357.3238086146832,45.99451407462871,-279.930937690244,-470.77615918933685,-86.91268130221616,-469.1068349863777,-281.65017475192894,291.89147571753756,-37.44116722425771
379.9840739513767,884.0436062155247,355.7863811278999,683.9156443504523,852.9611403627016,832.1552945750605,113.85527680573547,482.00881867054943,1337.9959925870314,1464.0512525699364,721.1280420921192,859.5707041485202,614.682974285203,492.13016084329377,527.6287839206391,290.9326637722543,520.5359592557108,925.4505455837651,440.1093659915429,914.2234426206371,532.5538022631746,994.3920843419054,1214.710626963717,738.6657982884777,567.6816438206902,905.9188563151232,1017.3968348354525,286.3627859800331,216.44033064159822,189.11627139124187,642.4972802175278,1166.0272914468385,837.9274389455112,593.925177661046,-72.57959413096302,570.9748717547567,908.369935246233,174.7489325331767,669.8103244286265,1246.2486470471406,349.75751275791276,-4.095083962331666,843.4454702804813,818.3551273481004,1065.4318467046392,942.9862172443634,630.0759071972726,1115.4399067505387,470.88703585929244,375.4691097379247,493.45909287564695,604.7007976315642,393.55941561102895,850.3358496772903,632.5971484404207,869.5896755167781,1286.846506810002,131.48178343994982,-133.54688952162147,990.7011777025616,287.279504943119,799.3775559989348,-65.16256732907097,1002.1072016663799,114.81460356015518,345.69408318337116,507.4809140083848,921.2007862239159,594.2833164428043,230.66941465790995,965.5410463116755,719.9998545290252,836.323587227584,747.9090024538643,639.5770274010889,1652.5386268110562,916.5592825817981,-94.68035235021362,880.0381795174017,719.0870715314144,201.81462088101148,-107.34393378389905,976.7625176931817,855.6280169962757,1338.38104332494,637.0162278196216,717.5445957393838,300.5535897175958,444.49658790160333,495.21690249577705,946.140603190198,578.8595813119185,83.05713954534536,460.87504182496326,1312.367576876894,371.2012397813174,532.0642507556528,765.4320405492159,1207.2481515260638,642.258095087594
20.802894040648127,-154.7852458717361,17.348193851923156,-178.22421642724416,-154.711919195266,-235.01410950276474,-146.13665346217402,-231.884925413358,-286.0925418501263,-343.0803648210118,-123.76528277523406,-372.7400113329323,-12.273365697325705,-291.78512367254564,-119.27593578306056,-180.29252739800185,-107.26980372152168,-225.5062855925516,-183.73386017605657,-121.49284835432712,-31.954532584164365,161.52956527965702,-217.61380154397924,-135.14000017305017,-119.01615979874012,-304.0663934647647,-182.80249143896017,-52.781959303042676,220.86037643209968,-9.719656404285233,-300.6752029339229,-29.29111998351886,-60.73630107516052,-90.78117425365144,-138.1501499476902,158.31149426914067,13.857466986859615,-219.7033904303433,-276.83755810799545,-326.3320173646005,-187.9249570785292,-16.672158732279197,-332.7087326189235,-240.74369376809386,-262.8744835040972,-376.4883206660846,-184.87159561960272,-363.48901062111156,-331.1766866401065,36.9448044234066,-36.89100150478582,-25.637762335857317,11.348742985551091,-290.43892011111444,-88.3049357372992,-291.1928013923868,-313.77043658252614,-162.2698297249059,35.161214643197276,-109.6559451376404,-127.62433144698711,-65.62189978562893,-186.95638575419733,-222.1653280643403,125.99059685254531,-224.80128746941918,-197.08455759124234,-433.77044368330274,89.8174236686316,-176.6157257748932,-326.11051035763717,-289.1052110446519,-32.53695097903585,-149.12732816473007,-142.28698668104423,-225.02520319891678,-137.88882281348137,-286.41658941416284,-122.28906390434744,-357.53973883021376,-171.6041385705242,52.6895414911529,-139.2445084487737,-36.451335679127446,-341.29253300858744,-241.77444797687676,-228.50637278296603,188.01964788650508,-121.86548019531511,-108.84385652953905,-194.7761654491985,-122.13830116242998,-101.06112607364764,-143.26867459420998,-174.6665329313637,-158.40848313333186,-60.22549609644189,-234.17374409727253,-385.08743853403644,-48.48074689270224
-74.30777077544167,97.82874042648031,-88.30213851916504,32.11148492963465,-38.298133154499325,129.5703326735323,-25.246620012352185,51.487644692791925,47.83164732535014,42.16636206886792,-17.194241222947685,-9.116722849601826,-32.72229645757369,-22.081860543829958,-21.6420654431687,-25.15675533048997,39.893333338617865,17.802318564362743,-18.6343216073698,17.465858958868566,-72.154034307387,-22.7082219269163,90.29709665527457,51.11683562101461,-57.32017049836055,118.05793282507676,102.24891969010936,80.11568843858882,-55.73563944825224,-39.42138357085028,-7.931977893346194,36.06490692407548,-117.25128920382748,-126.96110717923617,-96.58776188971153,47.636600977430554,-32.14545643093026,-113.70724907552919,51.86196217789343,75.63620082249949,2.219810358525631,-102.19202209426804,56.14556775793202,41.36354441068043,-2.8151090486583934,87.06773726334401,-43.104864345595935,100.20289475451662,25.30401581145349,-37.81923478527622,-53.57816253086943,-21.28904851739623,-157.95900580132889,39.63711680030819,17.281281921325295,15.106380523484567,103.13983553996296,70.90460469941453,-136.23524299086813,43.67428601487442,-26.41835123907917,-36.33086179159922,-8.305971304161966,19.636668055199063,-25.367990925755443,-114.65787080798009,-19.77922983053874,-35.912385096922975,32.42011276160694,-77.6529662936691,43.27554809165066,-20.2351590494827,74.11110865018023,25.365619800682815,18.035825375727633,137.47720418242884,22.731536704736733,30.558249571004097,-33.56140643641918,25.357136108958127,37.79950359470343,-65.798736722498,114.50551755166806,-132.0341579039431,73.31371651191303,70.99883407430332,42.89796859744823,-83.96082887342487,-24.437426693861713,-27.512468164551713,-106.29186254650607,59.60649662195063,-48.97170996942063,45.50787804980452,43.61851390749411,-42.72289859605863,-20.63526393909649,-27.904043785014466,40.869711197198725,-6.082021361461418
694.6077131000986,272.0507391017792,217.80495216821316,-13.5772827401983,-152.98898036727746,-400.31486461577583,358.62603314350287,344.41616916165526,144.36170564508117,-61.53592636172089,310.91161063324773,-15.549946303684283,273.98771682332597,112.41329674440699,-95.9586406484813,641.3083341423446,145.94122082562268,187.90442120091603,137.36296802949238,-105.39098970081027,801.2302226556488,169.9385048457019,-16.444668501403996,41.51902069952042,246.53752739243058,-65.47018873485406,-169.38751953608013,18.962942643393802,317.0717387196685,43.19085815619065,-162.72266166691594,196.1661641698312,338.48384164581995,375.1784676072622,39.1420268174715,10.273242170670043,521.5575916964916,198.40193915896583,298.06026759334213,-20.68457962237484,-171.41695793064483,455.0251137660447,-184.65910597498663,161.88750171402594,53.558758948716616,602.4792839834375,599.5304196266387,-271.9108039279261,68.07670914031453,-5.342509890481889,541.4683143785928,148.75464325694261,338.67075107162424,145.14821053331283,-49.43404301306022,20.836525427466732,83.38821058342758,308.96548295193156,67.30981584913702,18.31404965575464,288.417426193429,528.6700106887615,-115.84427788647064,85.72183879235527,305.6289136276272,238.91591163442973,41.64287727155651,-43.99915821856217,-1.2898434864063724,300.2360262542676,139.0435341293585,490.8390887310301,126.12949936293361,-190.46377007234997,-220.26868919239342,-318.1468083071942,-152.67210351665818,-216.1905744712971,133.88078093033963,333.4039597934462,179.46273202138053,283.2687587002251,118.95179976387703,296.8594272959294,-220.9605943250516,-105.53400664166769,199.9611578138078,716.1668767670403,318.4707442789596,564.4858694602481,169.74711712039294,124.39105664573206,262.1285841283535,-71.28191987950092,-228.3145201565166,305.9949849623322,267.3494255728532,113.73178291054893,-190.30870846472115,189.06793103260514
-46.02061835035583,-9.085715549994957,7.421990846748883,14.705491118592148,5.732958476890443,5.860007249129003,1.1598975899841586,34.35668736661991,34.21743815089897,3.2231008551309057,-17.251976296647527,31.31850514881146,-3.1562825012053177,-0.4249626943770881,6.794817813700919,-27.211781199537302,-18.85319809652045,2.5110383724383207,54.24875049240808,42.08025335298975,-2.878904890063085,-34.845638333366466,-10.909338030575878,14.270532967002676,-27.637405363373777,-0.009947556857242615,18.204171185337536,-16.491218663117927,-89.46022518368652,40.05373693095723,63.65813069855545,-33.46598030052375,21.10187281932416,-26.032773906260182,-11.839417629316253,-8.84445410471746,12.284099949711766,-26.35971670541248,-5.54341165310104,0.5491607461063777,20.881446596953232,-6.223768878953387,77.48033740387488,9.364711982152432,48.64068973292285,-73.25638261442852,-95.83269706643581,29.533742333301568,-20.25898352431411,10.925177630279958,-43.92444718396444,-34.90067220153139,-0.809568846840525,-9.238327800448333,40.570348191924694,4.794014635809992,40.31007198437048,5.86597144546509,-23.952320744012045,-23.0914477475471,39.62285460042197,-11.248648163836094,45.871116110903294,53.82690359824404,-24.44093514071508,-8.07957037425682,38.08505486163225,130.36693803062502,-83.44511471511457,9.824722974986848,35.80082573740352,-16.68200354623026,-16.75668179800782,31.095064654142462,43.64417212462724,23.543534337592234,23.295279495753444,37.10709733412877,13.31125794455941,10.761105006051615,18.0637696796408,5.355681947528377,-16.734573839121406,-33.403732964346304,47.96467419103112,51.559139431749244,-14.617359155578999,-86.69351083027745,10.667179222122872,-8.090375347927667,23.186352187923916,-13.940909989578453,4.594290472309312,41.758671148393766,-39.982016692227816,8.478627818639374,8.217599307942818,14.917685315986658,55.70248780850347,-12.294186041392873
124.32911741100409,86.25362638699622,97.58494562599647,168.10502855541506,183.95815482737953,89.9110846497346,108.41306030899666,221.69422492214866,191.00594510048708,80.43417781112954,151.5619663837327,173.2506708061584,131.39672487558443,92.44061256603781,133.4676868800971,125.49938534856139,144.88904182003577,180.2061035815979,80.29086162929293,204.33333757746186,143.6985362854996,19.497499961917804,90.78234017530109,135.41146123146487,199.69417799470094,204.6246289741466,46.62402311967757,163.77683114308553,125.60885735858548,80.70771132279992,166.65599138329847,106.93348308726414,14.130270774290857,183.4285748687322,135.2614299711729,103.84727640010927,159.44955354432383,139.37959653702924,133.85404535659274,148.89427514155415,107.98559775056471,161.3170511658595,247.2043160864606,105.30942492952765,153.1658070647305,126.80797084234213,156.59235072835344,131.03594289145585,189.82894851523062,76.68069262330759,115.79353006914744,110.3025161908322,137.63784757163742,94.52664779040624,93.57221255707863,190.9127678941351,246.3629962918305,97.72976920956222,133.73546891242276,150.1103222724554,141.22753547766547,177.11248843842205,101.18331473771737,179.8898209451992,117.63522387942741,173.32421587080484,158.0662514700448,205.3862607328581,97.10628187714933,271.46888650790146,182.9850081489425,192.60229118788928,138.24970254419065,122.28490713663123,36.44720536535307,114.50824395414371,113.80511826574208,90.1906142037853,184.91754998117054,158.46307686683787,71.55835477031684,121.15828815322942,115.58300691425606,153.601877964273,116.72804019249594,172.43976386817113,116.54515101533424,116.98088667969348,182.7405518681347,143.63113195028336,261.8459715525136,225.11719539520482,152.70969237919795,139.58960038497895,127.08326659551825,215.57829422940932,135.85342127332558,224.54399321749656,150.97129090131608,127.1519798816366
-86.19845910839675,119.87705133123202,136.71139079696968,-98.38923219246202,-23.22099497412929,31.731214835221742,-59.37404777021937,128.14030756914607,70.25794914412205,-24.467169885431737,9.472111411394568,49.07908660254311,-155.6398885332804,-5.26207638004022,-45.097379038308766,-140.80583308522515,-43.90267025615876,-191.62847844394182,108.43677349306229,-224.06433276909,-87.47086524545219,47.70505887206848,-5.331754853502368,-246.84797942171076,4.420390150455835,-3.0397803824054845,118.4555530201538,-193.87847867719788,53.830834040938264,62.08247496089947,177.97130155420018,-95.31846179174788,46.784159995901874,-141.29986501434811,83.46207891573985,208.7458428462071,-60.824594385562726,-4.081500079634473,40.38935864511438,-162.42657292906938,158.2918005169663,-74.59842102435847,99.6293522560255,12.23347620005863,59.34992965853263,-6.949731568870804,-202.63198712667145,115.16969525564005,-184.33758256946098,-19.47017716552997,-176.09771319224592,9.98181481606093,-121.71868467163974,57.90312542372109,-21.170406711581123,-60.655352085698155,-279.98810942130814,175.44125247189837,208.39403718608975,59.19258944338343,222.61194637139843,-21.27601661457138,278.01506214442406,-59.30758086798239,-306.6134462782421,-95.20771667305425,-20.321550555041316,99.0479986499428,-119.04066941634903,-109.40497690530604,1.674496544645894,32.41121182969113,-31.64003652395139,91.35646020147884,104.35279357374309,-173.96869976741525,68.54825576211192,7.713131341637491,86.0383956744866,148.31263946069984,-19.874255752584602,-0.5864336175299686,139.57168527346428,-229.7200625658276,-61.985794077849064,-4.329249457076292,-160.30703038194451,-268.29207647140254,-139.80618497795803,-6.854834252137562,-105.04232067863279,-88.30929578346061,-129.83173641411986,-93.51212404985388,-70.67385001049213,-287.84162659206373,-181.1410179529436,-31.53973083869709,109.14844754047556,-69.517131719981
9.21223052712942,-8.356709443308388,-19.854301837937697,-20.15828251378188,-15.578178978854886,-9.283971462698997,0.015533109539465573,-31.9041869047529,-58.55749235270143,5.252283341476204,-0.3149028047551134,-55.45454087268625,-11.070931403321477,24.979045173072716,-30.467676811460727,1.9033208684932037,-7.692813224640244,-32.43672197718212,-25.83469530131344,-58.3576693683289,-52.88793258443809,8.951486381872826,-32.09318616561399,-49.505756160854894,38.48363368031606,-39.21671341522359,-11.423797691810243,-20.667994341060744,42.53628587492848,-21.685663420686307,-59.82590806204295,18.8116873302373,16.19003058784635,1.6966036853333362,16.809676347491806,-27.990182890182023,-51.13358373797794,-16.93318442520069,-18.17969026423559,10.532056081825072,4.584576480723269,-16.08281623338638,-66.6529562100923,-20.360459164877028,-25.5737971701339,46.35329534457518,17.291323510291367,-46.4485423521472,37.35591092818681,-12.566604308461667,1.9011434235944378,15.281299389181854,-21.444137536432212,8.484225474703539,-14.859770019166062,-12.5014055172217,-81.61645934846244,-26.95326635688159,39.41335036980644,-38.28481826779721,-27.00093839580805,-12.342216740526279,-20.775575038665202,-44.76546387801978,-18.56053317659268,3.1446251904290645,-6.545382852488966,-91.73360700900595,9.676706541360343,-60.159584541816834,-65.13942761780099,-42.7835991615311,-19.75185309503847,-7.527877988354174,-31.53292120153997,-23.30697619375926,-37.69258309487561,-25.94467323984533,-13.407191133689523,16.924801531113115,-27.054487482894434,23.46810407893976,3.962340207138555,-7.969709010053086,-59.14187611553475,-40.40135510577991,-24.858755904399306,17.106517377244796,-21.343393102920324,-59.8593384731095,-36.38538945384306,-13.09993131390495,-5.3597131282458355,-31.926848574469293,17.973609880597262,-11.037709179244208,-14.341327151155467,-46.38056106521429,-50.72108741722533,-16.48128491016674
60.01267088984962,133.57730896023165,192.62867261661276,99.25200583349852,116.02838888856685,177.20358803008554,-53.939924151446796,-190.41422642618255,18.091083680870888,11.777525058560787,-8.234488988848184,-18.55033934321969,132.71376438207764,8.326608386113694,136.7430406791835,-37.28704079789828,91.04098101631148,98.49262279324206,79.62167452303426,65.86800600908374,-15.857343102324402,66.98817028102692,260.4528458447365,51.46887324630195,-110.42629716273476,210.89527549471396,152.53168094315936,119.37650125048785,195.75760538072882,20.432549570424055,52.48674758525855,112.46476095327365,-42.225098797020955,-9.371611356953672,242.27674650515843,323.31617515149037,-53.460692937572134,78.10686216551382,-17.146318380912486,0.02037622433163044,71.49401378060344,-90.88731562912571,-28.835911903559122,-5.324614650862403,-71.00653386667514,72.59814736044117,-35.07064194621028,88.99178317833085,69.03471209517954,171.85561154505808,-60.10998543611164,77.93366555130329,264.95043239884734,43.51800566291571,162.60756046601801,55.85164601003354,58.41721040758088,242.45257725969205,82.54557028839668,239.3100811078718,-59.635581866973936,8.259866138147611,48.77604468600077,-60.53460137966384,-52.502934288117785,34.445583890660664,-8.508666993406269,-54.88851208813461,246.99896132568014,-45.66155906322442,2.3050580043229307,10.303502063804732,-27.087793872036094,52.38803856106917,55.085296437657775,46.368078680709516,111.12287713836245,113.20111167535764,-72.67843062094076,61.96456458632668,65.55014797660797,73.71877716619872,103.87743711596659,52.59916907947254,115.25413355851778,-62.346187548242014,153.15228109344065,54.59952345654193,84.09165677620011,109.13495300354833,42.014272467519206,-12.179156952076987,-62.69134380566735,-34.914391286144074,101.84915248343512,-123.20108820412415,-2.6463069445362097,88.44486271590264,4.297556840829057,25.937092270648705
-11.160514780328096,26.61713185194179,74.53108263070129,15.357082988742405,120.89200700966461,-6.780550001380034,19.129367875623963,248.45349928351428,249.85010024667332,-60.47089094480146,-11.20849467280792,125.25997703720631,-38.229989756044915,-79.17955014581425,34.71235875775808,13.676445547588536,81.14797029303004,88.46455284532229,54.909492337852214,178.23474782219017,46.569376488765144,94.98284598602766,-63.970142871752564,-55.44989431108765,172.0771184867955,136.96682609214875,-91.2129427202366,40.27905290709344,17.7429005432297,60.31892130451009,112.37803787693117,46.73548956875374,-10.353828351099246,78.15971317876522,-129.01306630707282,257.3058155139854,281.2321025171032,-5.77650423540006,13.161010029534246,-67.1702621197642,49.790159288783215,152.80112688788265,164.69219157640117,41.629990160495126,144.73257596491123,-92.82961916141018,-4.217680340461819,72.73177974510253,-64.70657148841845,-90.2951450085062,32.18864425393059,143.97597393763996,-180.84537589935576,-112.82447711442401,46.94756410554124,22.115143204085363,168.51132175814672,22.79466416995817,28.887492870276343,151.80900611771725,200.97295818379166,105.64689401442102,218.22541591352663,168.2341545952095,3.297285447092518,-110.03610559777225,35.92927994120978,230.2615925416905,-7.279702131941844,338.21313108951443,96.23075347701183,123.13649402021024,98.41522643612011,32.60916203926134,-12.221704635978611,4.841139721515107,43.04780537598772,-52.23240738773759,310.9022633569398,-112.86305348431331,-1.8091540156546848,40.21844536060308,93.39455345649759,-93.69729522736155,-23.093454226066108,145.7308742137085,-69.03585349834523,-55.476072749913925,78.92942816756116,51.21933144413331,149.64691513113667,207.24644104667334,82.4893341094956,51.58799527720327,-33.419749622603796,32.914590488313266,-5.397533050222092,90.67889311089631,133.19212974418843,-63.25983582309745
-40.57185378616748,-16.93988512832221,53.775138072279454,40.27839983147567,-16.074069319017376,9.284812982720565,39.85342131053666,108.74273274927667,120.95806346703866,-57.14869565475929,-28.160499468643422,16.108941006848376,54.569681002034336,-62.39516080954473,-9.770146088032483,29.100375434582272,14.087817302190764,36.96230076342034,88.90118842329893,35.49229059684722,41.03685087469349,-63.44948555116581,121.49761355303308,15.503420412428142,-31.560427335624315,54.460866565521215,42.658425154504705,-25.5185796096901,-126.29881504215854,75.56157208359564,69.93719468373304,65.3374931671429,-19.822127557147365,-59.88555668293207,77.3644305434885,46.76598359889968,-91.5818453113054,33.29331570810297,74.9415118606159,-17.149633267231458,12.024925824509475,14.142362785214159,74.57298853116752,78.81076791333373,-6.730132041510083,-111.29058060613944,-108.42717266547473,-6.638389814481577,-50.59848909276932,20.634448199429592,-16.167661044285484,-74.81143383195499,-40.83368861716296,-7.10208876319794,36.011827553416005,42.30770087178499,94.13868237870531,156.23634960860085,-86.97798103701504,-17.017881322209544,63.63983742680277,-35.11067480395928,-119.3163419342099,52.23525625015792,-10.05902710324485,-23.04614948860804,61.696821322217176,136.2778635928769,-12.489550843379435,2.964833241684586,130.7297574502662,80.50640981322802,-16.372661171682214,54.81751420571553,-51.30365928426984,101.02584226647105,14.282045718622774,65.17624679410908,-74.62475024441802,21.92199399542371,34.95972462378259,-29.534033620833597,40.78071555753925,8.739195279966651,41.1966740228433,40.35168158949787,75.26394428192422,-64.0334467140481,-6.311556577595303,43.69030787666542,46.28595954627411,-125.70000294982401,-35.529171487573386,14.466108103310168,-109.04716050137647,55.23353624282714,-4.880831165071454,26.67558204729832,102.5330964156289,-69.86803686125968
-569.9396825386245,-551.6320077200653,-855.2952390393056,-793.9243646871398,-782.5131702334569,-839.1210822261069,-1056.0334435231173,-663.4592616018956,-829.1794339425168,-1014.6686699758484,-1451.0097720139997,-732.616210679289,-765.7505079248687,-748.1782353628993,-511.20348235242204,-298.8943298870019,-687.5576883503268,-1071.7715317134669,-1163.645357813148,-865.6897928760324,-826.8873898289423,-555.6591278955929,-773.6489721839675,-577.519681607757,-614.7561785902535,-576.246588152415,-714.1064470962901,-579.8760810642765,-954.9929112470232,-1042.8347531295708,-919.6063057862219,-1470.7266066963755,-1456.654116079287,-975.5487977952532,-963.2847895995768,-1233.016639764016,-202.7459325856194,-782.858865732378,-681.8634806003713,-1294.9736249456853,-1341.0905118016158,-838.7942645450336,-1583.2425744987966,-973.1399524715482,-868.6205854851447,-783.9098786951641,-508.7475242508532,-1178.0505146459534,-1492.7335322765464,-922.4721529313928,-97.859878072353,-792.0598722943704,-1078.0120591914924,-524.4709961051433,-1362.3819593038095,-738.1091353117396,-867.837866254203,-826.0366664326494,-1342.6739651326477,-983.8883212703149,-1311.2225794329356,-840.2766457527233,-1734.1707434880943,-1071.2969569882187,-724.1743873835599,-1459.3564195154283,-1095.7130857578422,-607.3434413144864,-1010.5831764894045,-808.3383582942345,-1521.5644699142897,-1045.3553909239583,-965.7140765046278,-1559.360378356885,-395.22805856599683,-1274.6962316354598,-793.8078731446205,-1485.6552383240494,-552.94752724268,-651.7909258553792,-426.89149421654173,-493.96504940645025,-1313.9082952502959,-570.5189101177128,-649.681397985907,-1163.025837503748,-789.290934433853,-344.04969544459766,-1022.9039971386095,-970.3954237733273,-1341.602066878262,-385.7636634015698,-441.19637306909885,-821.5213569016289,75.31742622644333,-918.0787408070026,-541.9229700393313,-1010.4456381934547,-982.0918928557636,-530.0792587669908
22.26820126848352,115.0948208326831,243.46352798367147,119.14871682475388,114.7586571894664,215.71841373511538,-10.039011054815203,129.87926133945626,173.6476882933089,154.2213608643767,277.66587796332567,104.43421690244793,176.82906996561124,119.28418260733528,69.35416295019603,141.6839249263805,155.16054213150824,211.40348273074056,63.67770267507677,96.58937478028454,149.62053326563662,90.31006115285395,173.2557451370261,206.52235062236443,37.93278036281628,61.90879262216105,113.12478442633687,116.18990276620877,202.03611186802502,113.94142525021871,21.251188157957912,271.83008105734694,184.55704569924956,47.94144855071547,243.86094102768755,164.5584092615063,80.7385101200754,-4.91765849490041,56.58984101977506,84.58511017159965,100.7150618783943,53.6712090561519,74.4481116391689,103.61335116146981,142.0269273253471,216.8394972976824,212.9181824595204,161.0298814236663,203.89940538798672,155.60376779851637,-44.64021152610673,66.65983185973376,222.83810714553965,-10.959044633431143,141.35727667473478,102.5603761000547,123.81100759624306,361.3252121028243,188.79376448722417,-59.120318295913,90.03579217633727,77.23111165240877,192.0682962364141,91.1102477729168,165.8356649871836,103.93078612186278,106.27836423197336,-104.55338970295048,169.12522573971017,83.41220102706691,325.086574684522,91.09914978095544,237.93012984916214,161.79121440366904,55.30444215044868,83.69032904715064,103.21728213791296,81.53128952947766,-25.979953766067375,-15.010723920626965,49.3964559092013,207.94677657012284,239.1248569642782,-10.33033315837806,57.83568085364532,101.19513089134823,117.57544751392436,52.6393791464401,239.90670690881805,192.5043622768201,62.628653465976825,69.0755498607678,73.61455116834063,99.0507193326645,45.593407274827776,10.77352721898934,36.855731036673674,153.18513399264256,-19.64690997527397,91.63632601317443
-703.586949968592,-377.8731350830658,-662.9443010444685,-538.3157026677183,-1839.264064620031,-958.1090410643885,-321.6463753388076,-695.1577934779453,-1477.3032287674018,-677.4259460663782,-1159.6677671513264,-1028.3318637729956,-1097.4413660249152,-691.8490270664171,-1254.8579297118313,-593.6904816700818,-540.8026561734405,-1094.8440675400134,-544.1479830785225,-836.638432319034,-1316.910218615577,-1107.8543059801923,-830.4298055340237,-1403.12894086854,-374.07720061270726,-537.2791242780834,-424.39485525175184,-910.696464528018,-633.7383485372425,-523.0934062041025,-757.183020072146,-1162.5620658707103,-1410.6693784298745,-733.0778417723582,-634.3113714474259,-888.535029235862,-1669.4217073345774,-374.35535591052786,-414.20548031807147,-954.084031316665,-475.1670725963359,-561.0018548395195,-1062.349212496503,-625.3458287055139,-895.9006821391823,-397.3007400842102,-1019.4907378012415,-1405.1211076288564,-1044.0986376379249,-870.1684912155179,-265.59137211832274,-389.047438562333,-1372.4615000497658,-453.7638177085739,-1082.5224116059987,-606.2984115628763,-1015.0580155163049,-734.6835829082797,-850.6114180895074,-672.4384682238124,-247.69146166219818,-854.1635582438715,-585.3156257053239,-976.746391946439,-823.9356211673362,-654.9425344178634,-729.5769633839723,-314.0432987030149,-870.0267348268638,-1170.7775962428893,-1380.9825208645877,-806.8726375470955,-1432.7832902365922,-602.3045722744756,-990.9314627237603,-914.5980293449072,-1164.5686879878792,-919.8439463425779,-597.7178585187102,-674.911967783553,-440.4944083090321,-1000.4849576656918,-862.1546498320844,-841.1100929177599,-974.4424782220214,-1052.9475033837473,-1032.1213637977073,-155.84336296429984,-1307.3881168773644,-1508.7289548610684,-1252.9487043699942,-788.0794725205704,-587.9921051040003,-702.4080712338559,-911.9919400865149,-1015.2704880564481,-877.7140664120515,-975.0258852449381,-810.027502372608,-463.21059636561404
-42.64461807705776,-70.71942533409911,4.54306253819755,-194.72092788652478,360.90889077833424,206.99257924318474,62.9999821031709,241.0976982874416,367.7457544877558,15.282584985958012,281.689568205747,88.79329811018815,-10.893371726780822,130.2309213706077,109.98584211443337,-13.338912066943536,56.70121322402642,195.89491480065854,41.27186148744395,36.66850324592751,199.55197261801163,120.77344295422951,7.0038670145002415,268.83862225524877,-144.43415330794065,-22.13635748990915,-180.8425015893719,-150.15417718916274,-33.939384347247504,-23.58084775776741,196.95071517185872,89.71547748246381,325.51947859885274,-29.78732319130385,34.675370130934525,22.995952999043116,353.20543834354856,-37.09664139791108,-147.79956433158256,21.02393765435912,174.06430616857898,69.53595677322355,-106.13444766278036,16.335289509436798,313.0586743635851,-135.81000408689835,10.303907120386736,321.51489895046035,-133.47788020571141,-30.12908300855233,-157.42990105722365,-160.02590572353571,55.72133910399292,92.51264103261217,-5.376613797010655,-27.249175477802396,63.456148276672245,34.692723847956806,189.27755885219753,-233.18298734841355,161.91633324498974,258.32759539722076,32.699511402462456,107.25025375296048,141.7465725616323,134.10936970810843,298.96414946765753,13.971153642298203,190.73136433613422,93.36501475430211,247.56058519981724,171.89057702875823,179.91173410882533,26.160691479170286,207.49424498812584,67.14049857640958,145.61628679290385,97.69720368501449,47.261055807532514,103.02908118678425,-81.78812076616356,218.11888918529823,112.7148883155057,-26.42860090420749,-13.051139994279263,-12.58097129340703,-95.72032218309438,-306.1706181590557,167.2653300812421,198.92375176574592,240.83984353728118,-35.216352398409065,134.9225863615508,30.781344199432603,-12.626873796849347,68.31634405478609,130.56381224729128,18.00614441726236,84.44979005575652,18.92482604632856
162.38393611662536,406.65022095135294,520.6337558651803,358.27484482017553,410.60156892025725,257.3984956767984,172.5620683276016,365.64436839314305,48.44953459382884,298.35745026694923,314.09709907353226,342.08122586738534,139.43541578424916,236.18101649366162,223.86590189339114,235.13542821803085,310.29234490453365,155.0253499527209,254.23640799493197,724.2782634172293,204.2677258139686,-62.29028752797465,411.2683711598837,79.30377031287604,588.6990100175628,99.1345477667295,402.6666352400722,481.25213586837083,585.2754060906785,585.2495933743783,566.7770186719546,345.1650493665934,296.6848536034185,351.73458100675356,205.90576801350198,466.0286723722928,229.82936722430955,168.33029441558898,447.70642781116925,222.9297621255511,401.3285826293191,289.43662974327515,495.8697911212681,382.03414954685695,425.76196047531636,347.4891669714295,273.5698587951397,340.5615116597545,442.8042333466771,452.5205146444863,222.23562497631812,178.29591700188257,409.38027865050464,396.27964920195745,381.0038922666699,409.85408826548917,203.63487074762432,430.62145175595487,177.83517469356434,296.68374656522263,364.946959151277,458.5006072367662,614.1097493922706,504.66782851740055,107.31424075665379,416.82383718686145,243.12551225085804,314.08696231371033,182.97652149977736,333.9872280164559,483.15531187474994,461.5960743806399,145.07588770727853,420.17610122622136,124.41019767419125,-84.12205378184353,202.66762045176844,63.18873886063403,294.54271287099846,305.0971058527,105.26350886367533,252.7550608805072,250.31797934241447,336.4692140568372,296.4084958641196,272.3027458871115,266.84434106903836,349.2712765089935,372.3087056980616,198.42982578618154,430.375630303542,407.0854074373798,219.80596218835925,298.831034086636,325.2681020388927,97.85203716600871,174.3467649657745,505.33206533197955,197.44458220712937,289.5483231667765
-293.6802712360491,-475.15511236937743,-435.1387244602479,-498.8138564120604,-614.6675074177416,-506.9515549768802,-509.5424421975574,-439.87853390340155,-419.9877323643672,-302.6316164080604,-435.09759611892656,-727.083766304269,-242.4576858807901,-519.6456845335185,-489.3585166787231,-453.5118720943643,-540.5593522620275,-473.4146319798637,-330.58028434708046,-600.3226213535428,-868.6835388498706,-210.47785030158175,-530.5918719459004,-619.2704311222984,-385.7516535416335,-434.559020670569,-541.3070169606207,-447.85793228686833,-501.6558469104233,-405.36192029918186,-659.5288292450687,-321.41680387946633,-293.7727196565232,-436.23437612202133,-421.4320677431443,-375.3314808157938,-407.6604867968879,-465.08278434956776,-595.5869333942774,-292.89231041549266,-284.3004316467464,-252.54231967039084,-615.9934128783682,-516.745959129248,-388.82450602113363,-358.39717306064955,-447.1620868534396,-684.1045157408321,-451.7466820712106,-670.1648468767102,-238.13808385759296,-345.1945436694499,-572.726825969955,-233.22318345536456,-540.3550686563758,-493.5255994609556,-621.9110743399859,-693.5774041321329,-301.70160888002556,-429.76966443277627,-201.5519195214943,-352.5139962952851,-626.9459940089764,-408.4685273525264,-493.5288881048595,-410.6478975825116,-146.4058697356681,-386.3549648961462,-671.6732322897919,-697.1207857511087,-459.68977100574483,-520.1762928344989,-601.4497423389919,-346.2388943338443,-285.2762793350958,-293.2842307325026,-482.0555556135141,-463.7612665488158,-173.19245254565368,-323.29088350405254,-456.4165842947247,-522.2528976073827,-401.3750439126259,-757.2252259723493,-568.7392608045116,-370.41375757612474,-768.0997642696329,-675.6999607269338,-425.8914224447765,-419.31577841392266,-448.7092238809793,-333.94782090461496,-415.03732146794164,-338.40637512357586,-669.8106082882932,-331.2598503992073,-318.89472349012044,-704.3863284631467,-219.15142069356594,-266.89506629603886
-39.98001553964872,29.30438357200115,-61.61095700155513,17.780918780571884,95.89461138203751,49.03409351471422,-38.18967820896837,-238.44863891972432,-207.82081315985712,-108.89015476123248,-104.1532450345237,-40.82077955612618,-143.92598990122934,23.19758797192961,33.40544370488876,-121.94987588231909,-14.806537397766734,-160.7036439099385,-104.07265814011335,-73.00249545725539,-34.48254505281112,33.254602494520235,-45.88377514732706,-136.0892381569627,14.285481497510757,-113.67227508762572,3.204083332860186,53.693983906930924,192.0585838908105,9.506448397169187,-4.6724011573830815,-90.29121558188437,-42.85095385436998,40.254893307535454,33.97350497638638,-63.659257602923354,-235.96789066790862,-42.7014799915264,23.18520705804087,-76.50769916242011,-48.207868942332034,-89.2442831808564,-49.30690040931178,-42.33893867388601,-57.44099798689002,-32.62131814353126,38.76655676255817,-72.8298561063844,-83.05290828065088,-7.6068755107810935,-44.28371617693116,-106.24725870588533,-55.275793614750214,-22.29792360408062,-36.92776881100855,4.18298640164535,-150.60174869672323,61.63191103778094,12.548730544387713,-43.16862497982797,-95.02997406711368,-67.90050950260085,-72.82756711218599,-169.23258607221513,5.64415400324332,-19.076736824445465,-29.727386538535747,-242.27629647796954,94.1188964993969,-167.91688558727952,-103.10391615727306,-89.8259421707441,-6.063573626736133,2.8951287319117496,-48.15524698190507,-222.07080259592578,-84.68057332463056,-126.91275902065932,-141.1927573303958,-63.812702459755386,-59.53088443716724,-43.23372979992401,-54.46566712422376,47.42191581389013,-38.56642325344053,-83.06764713600413,-12.014538602697835,-100.59664669163249,-108.91034299843314,-145.582102576865,-122.29742433261444,-40.15939818401443,-8.056823886441583,-72.62770033182281,50.347609636881636,-29.88784818900282,-82.7517006034624,-45.33915681733274,-167.4589835275693,5.854416471235768
-10.6946583156155,-115.96296718015795,50.69647445360104,-25.65703850257306,84.85103648375078,-375.9489510710888,-460.59566103753303,-912.0846139904864,-214.8730925854619,-561.0908527499688,-169.9392654892941,-522.6699528901921,1142.4231102271494,-165.91473839690926,72.01266557041677,177.8697897497198,49.81701716093039,328.01187023057776,-76.10575155152941,-230.44280133067724,-230.90333235810795,465.71917038370015,58.50549329702879,-180.89295783587093,-488.0992884916229,246.9800798560495,-997.3428480598714,236.98293348838504,-425.6905623530669,-560.9529174231254,-924.6710143906533,609.1821915920569,-52.67763464872466,37.34559035752511,-495.71341919780264,-264.256242088798,91.57600695386132,-405.22856771003893,-556.5215179061921,-559.9550227937995,-407.4809665492936,-748.3609489933642,-520.8466377287515,-489.9765733407827,-398.03580604519385,197.60046629493726,-116.0740928712002,-369.3136935866763,163.83267626689647,-360.71568917300846,256.3222203838217,259.2183342997995,138.78108564502614,-266.2569428302426,414.12717100594466,-356.4007929829074,-103.82689379612312,-577.710051630624,-58.275831289829384,174.87186281779464,-1003.1653790064654,-127.34908105524825,-216.83946635228034,-113.43542213256679,-214.55554660950932,-204.8511463234031,-192.5523006814356,-690.368272083417,-174.1389621436811,-168.52236273598803,-247.55869051666843,-758.0756252509406,128.69160030189533,-123.16510895742023,459.3774394663607,-12.019717690296769,-341.0930081103091,317.4228515164183,-125.93896797890967,-201.7680417444758,-64.16180615379153,-166.26910165373403,181.17695404202416,-64.36871029265976,-387.8670065655798,-474.76113346438945,371.27233738816415,-34.84835697835055,210.6567925664692,-541.2793957824089,-292.0321371364288,-794.0160147464325,-365.6357989488253,-1064.8556107510315,-280.90225810682387,-327.1828510101186,237.27470118884017,-455.12181735265966,-654.9857529773495,-437.24320818349213
-6.449835803847019,104.05363790932908,217.3049471844789,-1.0428787761414497,-10.28001613132999,146.38657591948925,16.45681254347155,101.24785558484712,199.7664147521681,79.51882868997438,20.86703966396583,110.18468218344047,-101.87677119824984,58.186486364764995,58.85171051410317,-13.266048802023773,47.57952431083396,27.02084812071851,129.0239310737537,-23.148393243133096,-52.78801967053986,7.507408902669641,199.55859032454384,51.36869531267669,23.646625816157034,56.62100542700136,138.6896269901032,-6.1000281773334795,25.358252685533717,176.21647616034443,52.03898688688605,-57.25350083928739,41.41395914417351,21.205296962961093,131.33611373231085,78.78027117465395,-122.6080145214908,143.1142812523022,30.63263547480667,-35.481626669252435,32.91084087243105,90.89601417824576,53.04459927330829,86.21298585351309,122.09904085010027,-35.327141124583214,-12.593131517471384,45.71357902303434,-94.05557135252306,0.2395382820632099,-26.02096086378327,-83.4800709775892,-69.14028762758747,64.16506941201692,-3.493195030952422,157.15659552206918,62.328391943389825,159.7602562939644,-89.0626318984208,38.68940234666319,218.06250591288622,-1.5657569356098056,-0.6438125966836554,-17.49399829686014,-38.34627937512661,-54.03037698279405,37.95271810745442,233.11517310499852,-40.23677150939589,71.71172337841504,164.14316677599962,193.92112157989376,108.31513643725597,74.5822867201614,18.10217601166987,-22.04590062578069,177.24095585234448,21.598117080118833,117.62185854596547,47.29738973850944,134.05010464057585,103.42416986876484,-120.20628492351571,-79.94659777574964,79.606499704299,166.8216683974846,49.52523210548461,-125.75086580369165,98.09799340609653,44.324589208961676,7.31473488637556,33.28329898235214,12.524651103341826,125.3728845899478,25.35850477592129,47.08303229636126,-30.354263980515125,90.22241736823514,255.67058113108976,112.64083952020705
-98.64218930061662,260.5970828156597,16.62444268945363,55.94836475757807,-4.654373466374339,100.62395674929385,-21.411930411525685,-111.96800949576776,85.06327011393822,29.534206508795563,33.69180171074761,20.17771841460758,146.04309570701076,29.51380160300098,134.320756071412,169.24273305921977,61.11092113338682,27.25594611886263,50.046104773365904,55.75446229600573,-30.266188636074624,74.81681802836961,87.61491820865406,-92.76909565690652,40.41360866239303,32.19803652061071,-64.62817492102597,32.4125118573938,-46.327963196115,10.308304089855813,34.91369713742815,72.16755021344932,-15.637911318230646,29.328097748274594,-166.13117798339053,-43.27317828511415,184.8493541767022,18.46225880711726,57.31413637780353,54.04379960467623,-40.57293371749298,-21.979233188732845,169.09386606951952,3.956461384113161,77.36545557550191,31.19284832303783,71.79306836080588,-42.94379777660944,-0.6063640199143481,86.61610628157723,6.791672844953944,35.263917148394306,28.062466654367963,110.33927398880283,75.61938839771018,71.16010162226047,73.77075733234034,16.87705789198351,83.46715725991695,-40.209281035938425,-39.52696173301361,102.79637060601867,-22.300906304260945,145.05819543958168,63.43914914127382,23.399786358846708,-15.084637129016254,-104.64669250347617,89.39108343219856,96.71620251870448,15.67702065957054,40.28419828517115,-45.46495250670819,7.4735055789195215,102.70993116600866,15.923148158735266,-80.04727128114763,40.00400869229423,-55.620671399897624,27.659322207362948,86.19932520421274,-36.78467916655252,78.05307365308497,54.8820864580385,-25.631920956878243,-40.75962177833242,-64.41396250924146,-7.063475955666449,124.89674356341492,2.4288009582302057,-6.009521152217747,37.953208338375354,58.868622193647006,-164.79225575733528,-155.99024425137574,-7.239507351094876,81.23991892466096,43.75760519357545,-116.49689779977848,-47.760643605657506
-628.4777871796463,-491.03944558409256,-886.2725908868875,-994.9666846759969,-544.8647414250017,-463.8260117470368,-542.8103881522724,-513.5631907716679,-745.380720361102,-789.7234915912361,-636.2605224217224,5.301100908118128,-754.4381478132963,-215.93638318376756,-430.6674260307068,-484.1880169653463,-411.20084835261025,-693.3305985130829,-553.4659785612855,-951.6949705213526,-281.2351581711628,-413.28126025177414,-589.6654653008624,-385.8407368019987,-1054.2303152371082,-497.62514900926044,-155.704024336156,-926.1031816198669,-341.3271601336523,-482.0202017953804,-363.31584489998164,-403.1814751457318,-176.17227646200115,-877.3077612845469,-279.54449519761664,-609.1249174419763,-671.1021084734241,-412.8655108756716,-576.9315113744492,-995.4608685607783,-587.862485533585,-843.9789582043724,-1213.5526138739335,-531.0846427142445,-399.74488524728594,-1046.0738545467213,-646.7813429585844,-205.24426526689618,-1123.1826873072469,-917.7229690360592,-597.9427518598185,-357.8110193292583,-425.6739601973614,-442.79565879658253,-727.3029733209273,-465.5110896538394,-418.03900926970937,-140.83449055732314,-790.8479175827676,-649.2648365384943,-747.1002518449696,-493.5377587819385,-538.7018273456096,-680.9352125978502,-514.2517920076549,-1056.5308934971915,-633.7935607656467,-215.26272932987672,-275.32397930698465,-909.646566211287,-489.17036209819247,-748.1700253151545,-383.41961504468134,-661.0986559521958,-258.002001231019,-559.0249743411425,110.49007536664281,-584.657711421425,-660.7913869096543,-616.7150406114245,-132.42593374497758,-515.6098524081714,-639.1814703191468,-473.4770921034726,-266.395622698104,-777.5847222884483,-450.8116792124701,-719.030709877223,-897.3517622694396,-249.14110268097593,-971.8243160657221,-1086.889210287927,-541.3609639614076,-492.94615798894927,-196.02549189853653,-768.1051512659031,-935.236459325825,-615.1223165730701,-387.0840037234748,-617.5906990995853
68.29761532651334,131.65616021465155,230.59289299281556,95.55452340451114,85.01047147257484,176.6894045668753,97.96353692678665,-99.79401661065708,-33.57025968890619,114.38702567796261,158.77628885981946,-214.3737460950028,-33.210830532523566,19.98778414441529,49.835660221047426,55.30921822399632,-8.841489881942108,118.73698016499571,207.71900138431397,105.52804788482686,60.92472431670797,120.12059515446934,181.72521083101725,49.15321472940101,274.13314348032816,-101.60369491675314,45.69930745865957,14.148833678439262,242.6615518885153,91.60200137622508,-25.7166951333072,73.28447180376538,126.58697416573024,216.68806287648428,199.41406557552438,172.2278665417963,-22.67434828853151,28.35750608057464,19.278696870945197,-14.899385724418135,78.27903752179617,49.921618469728415,-85.19166859184202,63.731239689298164,-14.315654101998245,361.07688521226305,268.01129105515344,-13.085926239071563,247.2146143116847,272.25090804005026,-16.599710936067392,62.211622955391526,201.89333225507718,-105.89147760704458,125.49095050767264,-4.967503136940842,-173.13090966463434,-39.136123347779346,215.95973616098271,126.85074429867919,169.01385344552187,-8.946558448694137,310.30452123313177,-119.72960035538125,113.71065999574928,81.75285888598184,-85.11074174274914,-160.2399701186784,310.31818821368665,131.86790862753196,-34.7002655611339,109.36157344183839,70.18008056406643,53.726921151262005,-5.283385440284787,56.4132512313862,-89.06534283727268,144.392760763708,54.552749358367876,238.88800168273292,-1.695710074531521,254.84566540922006,-17.074823956022232,116.57283808774486,-85.9755105871488,-45.44135139675239,70.23653288423232,168.0425580017576,71.88313141356662,95.70903864997562,87.44632976943,107.81585479961096,24.550246318847,-64.96383546157801,-59.797524470146136,-49.21669556423287,74.01119619201373,-31.880809329386853,-129.52025255263803,-48.00963129913999
-341.7965809208041,-355.06783369353815,-437.8089327618155,-182.2507285840278,-475.0285471935386,-471.631381752411,-474.14065775526126,-199.60358673344305,-724.3554959729884,-90.54292978013116,-375.1598256289634,-8.741997004625652,-97.30297588828502,-276.9736732309952,-326.1916499644097,-148.941204996479,-383.232699818104,-538.1466632762449,-823.8770722399147,-504.54535935521614,-310.13962082035755,-644.4151461668865,-678.068194399855,-119.56560698229465,-491.81864885559406,-469.9992484797254,-123.29417560955673,-356.7707930851497,-293.06350950440634,-442.37856555675256,-443.2230623807908,-155.7401235904066,-253.85492422814838,-726.2474419628048,-317.0223759769908,-602.547839453673,-395.8259158523646,-406.11596358397395,-303.55373373662087,-174.42276756996193,-231.76347156990934,-444.19460522289336,-631.7919817634324,-402.872830858149,-587.207759328638,-320.9114861047729,-344.90977762056946,-370.0543067376486,-338.1491990037179,-442.4519541653668,-164.7197977822182,-208.3610508784579,-324.29512025476487,-12.96395295840865,-471.8151069900541,-275.7779933237827,-386.5407338347824,-329.2893454679154,-243.7616305533788,-597.4295720325929,-655.500572948325,-475.61206533885144,-562.2619290195422,-193.34357351407704,-313.1441020096218,-340.49378291777316,-215.61046898086653,-566.4607509664734,-710.4858033414282,-601.2819288725033,-426.0105776806767,-448.07367935901647,-356.74683357337676,-210.775278115031,-105.73067662278983,-459.8815163327312,-221.13546954335473,-629.796675306901,-516.8823632051303,-468.01863380771437,-460.2744042004817,-500.6053537224653,-51.95519337075801,-279.03666359709837,-201.97324779020906,-351.59250634089557,-530.4968183047491,-332.7271025748328,-399.60542638536674,-346.81658214717953,-710.1182443603603,-343.629543955597,-344.74610092527337,-242.88512533320863,-87.63619913646856,-189.46378585646323,-232.03536736763542,-291.66537404990083,-514.5319632908175,-240.55594233022148
129.41177434710633,112.23243188228265,585.3272877851015,263.76054054359906,526.0667348004388,-3.97948119497004,98.07607809374629,45.82412988857311,-117.3491638235349,-125.56648662914957,477.5306418761864,-395.6609701949589,-74.55593031007224,-35.100742961302196,461.99640185272335,-11.204189852326927,208.047912973462,411.24812524037213,619.9576637353225,227.86940990221416,27.71063442866162,159.19005087978994,502.3687469849786,342.7662879041719,302.77928422281525,37.88909182997327,-149.22454454577513,213.99520659302502,152.22555698616253,614.6197743516477,185.49607904347246,242.4524857790222,462.90341085016024,620.054035056008,189.80377056596234,252.63687668923086,116.32981818770025,-54.98256635232136,295.4618998079098,43.99943069920466,358.4135098014813,398.61021972090003,416.6191266637519,445.225640665335,276.1786815109464,51.740822038707435,292.4374293734509,274.6071645905148,326.64384173531585,644.2576114903896,-11.693440270581542,-18.768914751024095,369.85343767131707,70.1664543856138,412.774889835853,416.5625568805343,200.37284271674505,-25.804050243389383,69.51289547606493,211.3303680519274,415.6967757756856,261.6082147947096,552.2629285949724,244.2390720700274,612.7117566233186,457.6237106744762,264.3458774144923,26.451898982105984,292.87644163797023,222.13750823270504,339.915327704124,102.51886454819484,382.2150073134661,545.0424254269691,241.2434926193265,549.0858972325716,52.38314468021849,498.6172094167957,-2.329550239261418,439.61467441746044,187.7023325305876,201.1857592418483,-292.9931249565691,344.96861344030697,101.15830420961619,401.4606301364485,641.301757473163,272.5150278442874,-49.206765605076995,266.50391088683426,390.1200443512882,6.6667868478417605,65.95734842363349,187.99915758547007,-80.2604498251192,-161.2341302349756,290.07066727701397,-99.18304305889266,-231.0846645442187,23.07315105466236
161.11979451523092,-301.7273163531129,-424.8383222338271,-465.4446406821803,-638.060781518236,-171.0717798637108,-240.71422786425526,-252.58253515603417,-281.1524192796323,141.90840731927887,-581.4114986223453,-328.6938828246218,-211.06866504313749,-174.52611361680547,-389.4177667604589,-168.40370871937387,-228.9955066556291,-194.7151317043462,-133.4390276127023,-169.35340487971982,-105.42500781532712,-112.95569036868392,-236.17305957001074,-536.3101927103131,-32.606795606635146,60.83493512191238,-69.86087924095283,-423.2053173487808,-201.75248131000998,-715.3884629425331,-231.5454741778619,-215.74343837351995,-390.995236726961,-430.9977166903417,-181.60846713739795,-26.047891698806556,-312.9160210522215,-47.73369115892274,-146.32979688411535,-342.4798154164298,-314.59151900981664,-812.8880204323382,-744.7084117534313,-167.50609818919153,-250.9687128518976,118.5182806371859,-271.6412061836788,-168.62591659942473,-379.6129094120449,-292.8716747634424,-208.28996003941324,8.251240646877624,-295.0941122010863,-9.145730651239917,-412.9749003474329,-487.3416993068847,-751.0052990796836,-32.96782353944153,42.61624091424513,38.11602370894998,-183.04190319874263,-63.101036315685825,-192.41134903575866,161.80858376197426,-613.5568681488274,-490.33751565687425,-319.40969686915776,-162.47592624817796,128.82383919372154,-121.0615082274452,-159.07078170815026,175.26064769485706,-809.513217957989,-357.3034379516016,-199.6740332241303,-360.6878474100442,-403.08891829840604,-167.47544968480614,29.80371995211608,-420.3431994874342,-535.9804255973299,-138.8608891519605,147.1877788113771,-353.11080669567843,-349.4720071373737,-451.12703943088144,-345.78720993044845,-27.04679139507619,-146.30804959284586,134.87952558593494,-580.7612598189274,108.1517313507091,-284.3600789318024,-385.9246835738113,71.52047046106411,-337.4447686270549,-239.6564052547856,-373.918187866303,-260.36477834859863,-551.9637867868
-259.41066403257076,242.5510036513699,486.2390767271487,673.3809702574085,841.4995146836893,362.85274565623644,158.42095794544375,8.086564522722796,414.53229437424346,247.38819154827814,397.57098624969456,165.54131491614055,552.6476144535219,469.80639863813445,826.9895688974643,258.4976218010235,647.3930911193703,269.2357021726857,375.00452457526933,356.72614360711424,-16.33140667935684,451.83199987782683,486.1724367058336,619.9836275281051,428.6208048168596,158.20028650255006,360.4724188594052,918.1323193545787,355.85289068003425,456.07279075568925,245.0372140039908,217.1565918324942,616.7276852603534,1074.0424336535964,417.0546172624178,-108.91527815723214,260.0945564626921,143.57957166647157,267.0194046334541,446.55370675909364,634.2576060163573,571.55545528516,666.4119626783171,-34.42404275101807,706.7238230541568,317.8410595918393,735.7346462670268,313.26501338800676,671.5839506783435,426.4922093416343,408.6600128736876,151.97700153475787,503.76003382180454,425.51220218688104,470.8980973646883,443.33517027985846,466.3112533387789,85.20183550332138,454.17184637972315,163.71573692888765,301.9973100668117,248.44281195911339,234.46482305219575,174.91949720845258,618.2653779323108,851.7009674835067,565.7524265781219,-76.69855023793613,-51.06919874792171,462.3020924396302,607.8909328624692,13.819337785458725,951.058779466588,514.6542620463148,607.0423193081087,191.21291502491115,246.29346845636704,400.7678369523372,139.69422915809977,427.7175814917227,323.2669525140168,294.24981583516296,44.720348583201954,639.6514968299607,273.47845729490166,325.2570101210431,592.6051997136376,477.15973278101745,657.560481471992,-252.2859366043434,761.4016997083797,280.0907696828449,435.43504546326284,642.8498805953684,482.7528146588345,199.59742407865977,759.6328708370529,499.3419026377676,187.50597277313534,814.8386748436998
430.55973631132053,225.03751007158465,198.45520519704084,211.33470066370612,349.65450875210087,710.6157202955056,442.4487088784628,16.572708778783408,122.53000513200472,488.02364123681906,249.90613190140363,-181.81403377648766,5.89867252202823,273.90438245974656,220.87110514507415,254.22169471193175,287.1476371645669,134.89234734870362,546.4831632609573,43.4979608845837,330.91194979429383,625.4882691840342,280.58526189041027,73.82239062313543,365.77989616162927,264.7344658135857,347.9323363843518,204.93407780350233,419.18358519856,27.478018992890412,237.86775310693054,111.73641911096755,296.3074242084895,398.6668443844985,184.00416926445337,115.31207447635387,46.38642184004684,200.16810674568828,396.81291209235445,224.26687210820012,280.6271651759218,-106.30274335110549,-81.30698691735888,349.71223634689755,293.7039407660904,370.85872399420583,194.94687601050228,292.76437307212717,156.5999292802879,179.1191706201246,100.94859142758666,280.42504776850757,80.86127135903605,176.89501162853972,347.8792230843118,-6.319008841113614,-102.02653397628815,236.29688210957448,475.3092334895693,293.93380538972855,311.161421458908,523.9106149773977,487.0999598392461,568.7470989245165,199.0522424967681,-30.366221401871762,317.3032358112749,54.92914213255854,598.2179520669562,94.09661797320483,16.448280650277503,375.52085728003584,-30.173738089103363,24.160356154288607,212.92319652956758,446.402228576701,133.5019192028623,556.8848701310585,203.33316423073583,-74.77253820711594,-34.69960879245517,543.397955369656,366.1380420792472,456.56082420305495,277.1394712169712,-19.955042308416868,210.8932128619777,408.8023047332253,142.689239352435,229.93700217198096,114.12266916408949,237.55656426906955,239.70594231695685,-27.98767611011862,103.74883882742887,293.8574494448249,255.85508172672456,174.71408307576033,-50.26580766851208,185.36114519569102
-400.171232413837,191.46431301397593,-226.5919166689446,86.70532972140803,-156.68071716900644,194.7906703838733,-234.00351785899173,-361.37377526750294,-181.09823810045717,-118.41369740669289,-198.38936018915854,46.80985548271945,184.24409277951546,350.79609268640075,67.22173939034171,179.07289038500693,157.76059789697678,96.48356490339887,-57.20649691068426,-343.73280358085987,-405.4786138860069,-398.26848681783196,300.6366289601318,-73.49387322113307,-216.36157709941173,195.37048380906663,-108.81190297142884,151.4166021974315,70.46373283599515,-248.84085498946266,-103.21166740257577,-397.77659589860633,-60.55976482332733,79.44901333713418,104.58840973167311,-221.76134895098298,-315.46385426322956,419.77298979958334,-93.05605270322103,-302.30186178477396,-166.34985104096214,-93.05547959901172,-44.2693077069888,-305.33836604144665,-146.27268367654554,363.0917105714225,18.138945634932075,-307.929591840015,22.326438358329302,-244.9528346310919,-16.596312112611326,-11.057774552232496,-58.847588035037,312.19011916095775,148.87628325409017,-65.89763003536052,-40.27646323906105,190.32605444582032,-122.62770883228512,-102.95770739368686,65.81684098706839,-230.56831406951605,-265.15275869000027,-266.0267797080983,97.81120465461738,173.90658785595053,-163.8341499757613,-529.1021204161301,-20.020913869866007,-23.880331595202776,-449.6809586507486,-81.92972703833178,-58.79208363177217,133.06762138047313,19.683559215088337,-478.01441940668593,-147.30046365530336,109.68600447693812,-349.66366443634604,-64.53313435181778,-19.660819716425248,-218.04226176724072,-65.36549472974615,-210.98439951717626,-76.6734378902925,-331.55862042718775,-147.95388549384435,26.850809465198992,36.72767589605298,-239.5106364223955,-83.57180114527459,-249.52991618376643,-18.097035246471126,-80.79253303159875,-91.42347353940649,-279.69699949284626,-58.92928702481149,28.762654759606075,-90.66315131813728,249.0189074953867
251.40001923419032,315.9540016605708,246.49734781932344,99.0514170883169,235.04226832937744,407.920131088264,169.90675125207926,62.92882819837321,253.5985917495696,535.0964534139761,61.478767990856575,286.9584417720208,188.0041114401505,329.6871014456509,175.34449118147,204.49926544123124,136.20979285226724,277.00438772728955,206.24909196513235,230.82397920430708,172.38904436209125,545.4416130436447,152.7326653496033,211.60753446009335,216.08678993907375,321.7116217131925,279.44086905903606,195.47225661227893,510.4841228628686,58.06638122830408,153.2106321648045,591.2214430803876,279.4010847911525,263.01640646174695,312.4788759625682,438.39809486054554,228.0113409623608,173.38349927443525,247.29441475506135,352.1708443710286,365.96832192603614,136.3919009225366,45.28230537527211,265.7012135056092,161.20945173280634,335.6639304406908,-35.719885388220135,459.81266375996313,314.1831629998549,214.41619510777946,78.35058316128222,573.4680928166101,269.998903283106,228.31582069855352,149.42537093199792,-180.3770586531646,77.66541629825247,44.13487411801201,121.50942984576318,369.7611098812533,225.09507532204924,435.9075056622165,581.5458238223257,367.45290300065227,331.50770956192156,139.91715652630108,208.45599093210853,195.61581206349317,586.3930823273284,185.449343611343,472.225663878123,52.38759507681072,208.27741683426083,79.31252835769494,193.12696518086244,397.77980750215147,319.013627340073,374.42503464776337,291.7793195803006,-24.763697269133026,302.70417997231067,309.81498718440696,352.2060173176608,373.0795014629669,179.03836011899833,16.386267007783488,288.4837431745608,151.5596642894906,254.45590164245448,438.40864194884836,115.80577403881303,286.44128591365615,138.626150072303,142.36220721188747,256.15945216356084,184.53335312911145,-124.56504879258559,142.10175723583404,73.60573348612265,156.29471240118087
-42.871582122593246,154.58738836694366,-344.9544620195251,-2.43922384809248,-445.11163564087457,-41.1614431647455,-508.13840437652584,-358.23298474909336,-539.077513440779,-435.49167166035073,-261.7343445835297,-238.0630871904233,-410.6903582604508,-18.84793383637078,-233.58082585248306,-473.54310636935963,-562.2127144531885,-530.8417078926234,-352.6977141699866,-479.1507348853796,-159.00742132485615,-224.27752970056963,-39.00872864698102,-448.0512271820706,-156.26327537883554,-766.7295746159116,45.882757915477065,-226.55570715519016,138.96339465890415,-495.7763801963898,-122.15893734205069,-239.61977101859378,135.79730160077995,-113.9124021837134,-265.16593690297447,-909.9673208594776,-284.3355381249088,141.3003721372124,-202.21956153379057,-228.54583146967892,-326.2944241451621,-191.46838676298316,-522.294628203652,-65.7156000723574,-540.8953384712106,-78.59602249164337,3.0201010769122107,-722.4567094965892,-302.5339749194268,-356.82637690211413,12.306465832938677,-315.2447091336823,158.75630998844736,21.023802642046512,-416.15247971044903,-260.12385265974115,-222.9797642490966,-387.9737386522259,-231.7049094615913,-755.138927475207,-220.8668839172105,-315.9579182006836,-434.259987540892,-146.4152396384954,305.34799145318937,63.84023474033544,-292.216193037403,-237.18703011502453,-402.3697555501607,-627.6491457354529,-601.5885209914077,-325.8990994963946,-211.51462158989128,-443.24510899166086,-201.78830443876683,-573.1104791482254,-217.4179777072601,-148.09689564118278,-382.268956235153,166.71038101010666,-152.14765771524048,-703.5649946174553,-158.5289614768642,-301.17323747352015,-201.32865342202453,-68.38126576919412,-468.1566854205544,-316.19152710141225,-178.71031080146238,-179.34522531550599,-435.690170124028,-364.5776289352973,-43.79640800282894,143.26874461018645,-449.072610813769,-160.89549943869514,-511.63654702681765,-218.18150838727146,-258.1567619687859,274.9249457618172
38.80231045609416,-49.760621211117346,105.68975567480022,-276.12517320101335,-250.9317766169726,-48.937749881067845,48.661793475260545,-491.2668865948557,-445.585318064774,245.9877405525408,-226.44199763292602,-155.7566722161799,-5.928334743495067,371.7873625658863,-215.59299412233455,340.3248672118682,-320.70920165735356,318.6875661122444,210.9520940265807,86.99150444139649,-9.752378566668703,-374.6510736827097,-8.354210456796196,118.82855885668477,-214.25099116587086,120.65205094754452,-360.165846392479,-81.04509366819254,100.19490600234603,-104.40956314821106,-450.8512974391834,458.55490750816705,228.3984075758765,67.11446620942323,-198.5261637183612,79.65197594312403,-382.95242008266825,121.84888815550727,182.80706673736063,-134.60273980367342,-407.44395340589193,-60.46329929520884,-372.5908175225253,160.3857436010879,-345.5239590025733,897.5659382702845,-20.88089314173243,-486.81424757200983,-46.94767403625209,423.21419981130515,71.29573939992228,28.11332788299029,-59.92789103846374,-24.32825213825898,13.90639245080131,-350.333040085882,-30.26301617100792,-53.78044241483701,-700.0685895429953,-6.701909496419849,-156.45701806704622,-189.16360150264012,67.83173131516752,-193.709055648595,222.8030908883889,-264.2621084922811,-184.96664050895163,-343.26239797241163,743.2389181075869,100.56525100387361,-316.8883272655483,-279.29901169593205,-182.56430634507007,-10.826901458531728,133.4571546919704,-95.28980262708731,-110.10851865161807,-248.81422000434222,-527.8188036771439,-250.1774853812176,-22.1259017160027,-204.88922292521994,-65.66496845737935,272.2703900570927,-145.18206474431867,-485.38701918336574,54.57706144316878,320.2431978139335,-307.3570473814129,97.51820993210573,-514.6080958042479,-40.69477045720805,-228.65044613460057,-572.2662268377003,-253.6324442045235,-304.88863895633176,-238.94400189331483,-229.47530020134946,-502.33108647964764,-370.89565344319595
-38.932641910213164,-200.90203136241013,-115.28641008702263,-335.01358475179,-204.1762901072717,-310.8664348553042,-553.4330510037896,-138.71928521518606,-441.3212401694243,-305.7759955557108,-36.54436392779486,-225.766910505686,-505.30211276471465,-281.52715078543963,-195.5099202269952,-575.8643962947318,-425.22680648673355,-340.4796179264333,-629.3290424734752,-463.2778863507354,-235.39652432806233,-250.9298668302304,-237.46025499746855,-5.902154629926962,88.36067324664819,-711.8629961243238,-115.47870673830299,-621.307766541886,-245.6492173895335,-253.66484157240595,-413.80494535356956,-261.6847669703188,42.40504773771404,-418.0640150339573,-134.0995027306807,-629.8594750291675,-225.4319251069609,-173.3677616098349,-364.8000252265066,-8.215548567447355,-321.9312650509786,-229.32091890285056,-317.46763657329547,-235.84046883597884,-244.9088135098999,-474.86027545847656,-215.96633715442468,-162.33414069501086,14.157642274366383,-370.5311270516981,-242.53086755788254,-206.99167028696354,107.57150503653409,-288.5908036378207,-478.83320153799497,113.41804856322615,-617.552125978032,-775.6269743521045,218.57700719620772,-418.33256190203883,-441.5691122991723,-217.31745185690204,-236.88912202968152,-536.0511797949464,-141.18494961129812,-46.897257896987604,-411.5516231041914,-257.3972936953484,-636.9211384286199,-786.8607307587811,-229.47668356633815,-295.41338169423904,-60.3004224552103,-391.17953612601866,-443.4657950068236,-249.68769010704116,-6.154070159285804,-468.4586077746183,5.448511884067959,168.59064612084936,-286.1996393305235,-50.888133817849976,-522.9480572955517,-270.59164844054965,-247.18697361368615,-253.2257989975602,-121.82644833576191,-509.04950623258594,-237.80422540065626,-140.9586268934391,-271.46481503006225,-403.94106371190264,-195.4007564087197,-89.19470298775501,25.593836727159893,-155.50320262231196,-215.65434315337313,-331.7805909728398,-241.2071215235157,-77.83703140886757
414.28221415877806,-165.40324111655016,-75.7030057612875,46.01985529369587,-379.51339500675095,105.29585864762542,124.35927664236185,-506.69619120078767,-487.1984675824183,12.842252965836098,-53.327757892587336,-423.73668435627064,202.39535003585695,130.65625183731547,104.17132710560129,-98.7545575820439,-114.84645718601647,180.2906491232092,269.3498077775953,113.48521558335852,140.25768511399679,-208.35640895210685,-92.77428931436246,184.40887073272043,-227.88195172524095,-318.22911217230234,25.16161590122944,-66.41269410536806,-129.3718566307222,-78.32762326813946,-93.7925940455248,181.7070301386656,-123.98377204923067,-47.47278320347648,-199.8375655336252,107.36621109092606,-342.3936402062893,-88.68094187258536,52.16358290386945,-48.951178401293944,-90.64808670481557,-369.98920079721233,-393.4932036764747,153.84859272241164,-269.74467171418047,37.00026058801035,89.42758856068794,-328.9086273247587,-56.91779709456477,431.072324149235,-31.516455159072816,-55.368725936752156,172.35969337106565,-98.53078709292701,-37.841803820139646,-363.23712336923904,-210.0460460917138,416.68827797989246,82.6574322193518,12.11187480575783,-172.0866643021249,-183.86708191574454,78.13437033146802,-48.81672273215504,172.42289960632777,-173.54127289892645,-40.353717968999,-215.57722666225453,59.36812063990603,146.2192310286158,-22.808255897319,17.25268556300636,-283.43883510320364,-98.14802139891887,3.998206110229514,-17.240303543366032,2.218741153057589,249.2832978014318,-531.6881262577904,-186.08075809540045,15.887122710088066,-82.05997697676267,-31.607880955130344,-59.67496333576989,-165.75634707467452,-46.44261589679147,75.33851673236624,324.15745942624824,-26.9243829033934,211.68886868542768,-375.5056673561681,124.35867161195056,-107.77420981920487,-160.44956136566486,-81.31479608585362,161.44835607915536,-38.06164639736759,-30.39366450606529,-575.4479897667438,-103.6327412502023
139.73131841255798,103.33516468251165,28.366972722639726,73.20336466718652,96.62648659361355,166.7360336311385,231.00066506432185,85.50851763888947,35.21963638349623,116.6061952361486,164.09320791173104,236.32497792199644,-153.28078139987392,33.58125623035756,172.62018886107802,-17.47473414213318,234.18038338569698,76.11681406628549,92.15959847840044,159.52690637948845,203.11943991412738,270.68671751832795,243.99337946777734,129.0920168298544,203.7688329398253,-46.29602565431308,18.44637006846059,-41.74015739482567,254.7274290010249,154.67000388310228,321.7604770893338,-190.0432010332261,161.51173297424975,163.83151079769925,168.59285637966508,246.42700498237838,82.79220982381207,175.40286593332817,-81.64142273159176,99.71959120462175,221.33812555225333,63.45498675414112,236.44058944573476,114.94216860723722,175.99332414515268,-31.13505012494697,274.314924530994,298.1695501930413,0.6238821014343345,41.078658575314684,218.64580979464114,49.58673195724312,63.51758235450736,166.04410972313946,42.41319146363802,72.21267650155383,126.42212870337461,0.40027873153240956,147.20205728711036,206.55696161967387,302.50560271422546,297.50491617536125,111.16683293474344,-81.28997447112006,187.94900739021335,120.40659144341895,229.35701257141872,347.50947208356763,331.60161309403213,-2.601667362066353,234.40019421903017,145.49274553531154,270.4906943576817,171.68895374712815,84.12176717664998,241.2368837254346,144.98052946145097,225.73271453266045,313.20614118134574,423.74330269243063,37.22437163167785,168.83353694989648,71.33337645046095,227.2854426647462,119.17496501292565,117.95788819577402,85.75378511646299,222.26628783637702,134.90006497356083,203.28601408652042,238.94732774542078,227.16004041204548,144.8364148953217,292.63788551173445,273.0955396331103,142.41942066375202,163.30845985169157,312.984854504181,273.6962688941173,351.411696666685
319.1864422055113,195.7573899374109,391.9896647251122,129.05772808980709,582.2880848371681,-15.683946138109583,66.42972989475784,542.8146671924846,115.66140120479608,147.0975694246258,221.57794704506878,-343.78966034314817,235.12230334420153,-227.7893478374283,-59.30797842192893,190.4116314964308,316.9094976175602,-43.94664689951816,89.67875896865121,293.5615451707933,37.2016210722485,-124.86418907028647,-313.6531232928416,445.8832615003767,331.26411526167226,227.81875141687138,125.31218351242413,201.4436841731683,93.6897002816944,465.29745994077945,179.04106118455618,-32.465251864378516,217.72799216753066,214.70146061655925,122.00473582638307,-35.30366903945912,500.49002962124285,-93.39683135754518,155.61286193271863,-84.07773132134251,162.46461965108006,218.0891040026764,141.63218837388402,-1.0352915309847652,-154.76928391132583,-66.20277311007392,149.00087214616423,-40.80153086878159,281.5359417538337,264.1614194199978,-76.90695892634525,25.205896587312218,-150.9129121856232,43.0350644922944,437.5526384738312,102.95560953644906,93.85491841483764,111.6385503214048,-11.49363148349865,-97.04001172953404,235.30215357094607,22.025586648250886,269.7143059810206,308.3319582095546,131.1455534529692,220.08654959897638,295.0743949145074,-174.3134379319587,-98.40451207445923,337.932391713727,-137.18933036669264,272.6704930656798,213.61970978749127,171.33535352470022,-32.83400825286187,220.72208591730754,-70.68248913662792,-195.94891195502026,-110.06767234891116,-83.49549678621723,-70.02052298053457,354.7062115675794,38.16889450295373,275.4202024573833,267.97484581530665,316.76910258327683,117.61572713223933,227.47213313793554,101.38546319830036,-39.63481185565488,438.9740583807121,280.66895071472834,162.70781136980204,66.93281260401967,54.972064519783395,71.93964981486768,307.77046064695674,137.7830422197096,128.61984838118823,-181.93957073619086
-333.46574176399906,-414.07249044018,-482.2284090169111,-292.28973651560295,-732.8110096784078,-133.65772206512793,-166.4179337149675,-941.0697762557342,-633.4733468106899,-211.80535213764648,-481.824843083346,63.40874827081868,-46.28464323587971,259.9361201810635,65.28674665225032,32.15926678054283,-170.17179079244062,77.11754027598849,-259.125595671915,-1002.5641567736635,-328.7415999178807,-179.0998162031898,-99.2172276588573,-184.02942286754174,-936.8806876235883,51.87687539298936,-479.8080494065242,-540.0624366087129,-375.83772232984154,-893.5777849226002,-439.77578300911415,-283.62383696382625,-388.7866669023492,-478.45532442491293,31.30651009535216,-636.5327811216742,-1125.010698897657,-131.0776942808364,-271.80753614729093,-140.50598412389456,-111.77350943760081,-731.2970733538125,-623.3821120766803,-217.82211463551974,-283.3272976016143,-218.15346787309122,50.77928104634488,-27.44932821158978,-248.76791086575906,-761.7848777639706,-59.358109346389746,110.92640281929192,-133.35222071007422,227.3075653618041,-275.61126499330004,-349.2621398982985,-441.3499528128426,-125.56950838639071,-109.6014763088912,189.989405251277,-639.9396406789234,-335.84405791429066,-467.7398985687206,-374.08257097732616,-94.99925283180488,-283.03539949882577,-189.365151512559,-519.8592325807078,-174.80698877596177,-516.7261178869118,-278.88661093442084,-642.3605260340665,-416.0399192575642,-374.7648999818618,197.6079063475272,-286.2679760101566,-61.73875872591523,488.40086912031876,-230.77808823359547,-333.41590572750937,-186.84305455031264,-326.17032621594575,-16.5406762485518,-358.51771820231795,-368.1258763803225,-598.5312614969804,-247.94216416682755,36.96774788200457,-154.3619575455626,-174.6494311351221,-696.5553231264826,-477.36371762433674,-192.35169008030294,-331.8032713323624,-147.8233332540716,-184.0507127792411,-211.89650132684176,-377.20264305805847,-581.0043892088923,266.65681563979086
-130.7124351290295,-200.49426779532178,-131.64356814753108,-157.25727377673263,59.32769999698027,-100.36314406944167,-62.5381224072542,-110.08212383151285,-191.16194163786653,-176.02504538572543,-64.28023237435718,-300.0286114360366,-296.6057396343076,-191.26653833496275,-162.93711539426104,-113.05588373010404,-238.79672427958462,-166.68020400325702,-59.78347209383871,-88.83232233101937,-72.44373355101804,-253.30457735117716,-145.90864077389602,-87.17204214560196,-139.5750066267242,-294.901789944301,-39.08892068371381,-90.38969980568532,-205.890146936333,-38.37185386097533,-163.59159758480826,-368.2421585509445,-116.08562952255278,-31.514348096691496,-174.81179522318618,-223.03682411431166,-52.01154803821523,-31.877635292837116,-188.46962577623447,-124.52963147117828,-119.69073121331671,-43.98681513748849,-242.4116184543565,-145.1912134201498,-164.17798419945447,-42.407936832840036,-24.497561993174852,-172.2072793850603,-101.61216690332033,83.11950382375943,-103.52156695872723,-253.70181253295792,-301.2993548468557,-187.31825239661626,4.390203325872497,-115.69338287646744,-255.27280915789603,-313.8371440193788,-182.3134922131295,-251.85863502789667,-152.40957761145057,-293.73144127381664,-199.49888906192544,-270.5661999241278,-91.99721578692362,-160.52203596325958,-160.4843765299629,-256.77556438003165,7.289274775661092,-265.1631583468812,-309.1391000635139,-197.16698911567005,-171.21966105820917,-116.80974504821809,-160.13134535508652,-93.61034818458765,-208.89791596341422,-78.0047920270724,-301.338308678755,-180.01174206530735,-160.91857157120833,-180.6029607461458,-342.6600073903164,-35.85189503547112,-18.408181183115104,-243.02257124331922,-112.5403725395116,40.42568546970168,-198.05245884816682,-140.07541781947418,-54.00816014594863,-238.08319356501855,-81.45369879049964,-148.1484995797843,-139.09852865514776,-205.1846695396291,-155.09318312062572,-162.78922278874856,-136.65042783310105,-187.3694690766502
-313.64434559309717,-585.8080328999287,-533.1020717504538,-418.63806774228044,-586.1607484350061,-495.20629843713255,-244.11345998503978,-333.6450967533383,-312.00678771553316,-339.7813955242406,-508.03601706615405,-174.8771984315645,-206.26827996716577,-260.1519193891326,-402.7990907792178,-366.6782505679141,-322.30882466489476,-315.1726494708012,-563.9392841469968,-796.9207338877254,-509.17125040679014,-227.6646004998219,-577.1091119260727,-368.7932728303961,-593.1499499022611,11.025912003838709,-385.4067289021604,-368.78415886015375,-456.872716719399,-536.6254637372332,-490.4791007536878,-239.5517275050369,-474.043949650235,-493.31929303692726,-480.96206566080383,-521.5122923120398,-118.84701153252963,-338.9760394141486,-90.78375051275361,-211.1239285989311,-274.8011575429044,-472.6837382421028,-387.40019367720333,-318.72404169528613,-232.85339919009795,-338.39520347273594,-630.2996039668337,-306.06250490135994,-593.5737595039033,-478.67384215235415,-252.71197870765153,-233.14049315009515,-522.0316380013548,-187.26499897266183,-571.1488225949369,-383.92460101669815,-362.9367748109069,-311.17186450131715,-460.65116058252033,-445.25402633344544,-494.29305112347816,-662.6104025343457,-494.7014536329454,-33.77128363634245,-189.00066205918063,-153.45424437413382,-343.0986927821441,-258.4246795413201,-583.9508769881465,-350.2579597383657,-447.38988484447964,-519.1363582863299,-445.65916766000294,-649.8796667382455,-110.90559957193312,-335.8107778596538,-409.2286752691868,-117.80561443547411,-425.96856738225574,-870.0661682165917,-115.66311755103138,-734.4211832469672,-118.11499480506018,-492.55973014943527,-247.4835013973338,-403.0184984967878,-358.4661750341645,-349.9319727514863,-636.4365226503276,-221.83201667351284,-517.9408319242073,-340.48207430583994,-206.07277555776028,-553.3373955690748,-340.1043508090983,-463.41893638910005,-601.3820397306251,-447.4684018592671,-286.58837525149903,-324.8418075793202
599.0673043799532,76.00714978089435,301.62039333903067,476.0853030153059,549.3238072555814,296.9903175615866,419.242751727922,160.23278473547143,514.6564757022679,848.0150473027152,364.1508184130184,580.4718917192233,604.9646111554621,578.2066948547322,444.17216705143073,124.14173667988808,510.51444142172085,597.4290601373175,326.4344124374862,981.654083270877,863.968003396468,540.4940930251595,701.7721395371331,643.5725411639601,271.5539331302618,877.0320951792509,657.3147144772644,434.42442265551387,447.06635730351786,58.46971360697196,511.10619111523044,436.9108221916341,153.18889608472787,430.59937241760554,518.446311475489,248.58056635373347,249.68168621468985,1017.1516764462909,627.6141679416456,496.033545990599,413.58161501240204,402.5776265603604,200.03829970667374,435.5284854853531,392.25322014582184,676.3785858210907,-56.273128566062276,975.8974720543165,400.8728733688354,512.9002509381454,557.6892408791026,495.2947728339311,381.4725250584201,322.9986271747967,246.6862158375055,119.21539208466969,626.2394411328362,374.17789978956245,289.3828209965752,814.4455010123465,57.54200648849788,278.15032518207505,-13.836565504818928,84.36624675469254,772.4149661797626,637.0138727522601,402.48806689474577,582.0917976284255,670.1065991424263,309.8890009010849,557.0377750724774,316.95712256795497,675.1107731883787,849.5613573596765,323.5103536798589,681.8907967476566,877.8806155000999,425.31801070307307,275.44294784210103,258.90831483651226,431.1041297618807,396.1493152810134,347.78325074820987,612.3540387432063,766.307063361144,283.2478539903477,1037.396670937304,614.5321859808739,369.6223749115492,447.7857857795392,214.87625362645434,390.5202999395727,199.21271376299163,592.0389481629164,1205.5712831750734,405.1655233982925,507.60874115284594,366.72753650962215,335.8643517607775,776.8795701177341
721.1606492681715,1065.9452988110413,1226.9380886303682,665.7064494838007,825.0236206022046,660.7540353140527,683.6429205359856,817.2786083477649,679.9946485702907,942.9774669678322,583.4934937393904,741.16222182856,791.2352420240908,1162.3844218215922,718.0485782460539,644.234132294297,704.0257204882071,598.8975667737664,840.953256766629,921.6134405179238,525.1039141582763,1003.85561690633,823.1686576203266,616.0110435048623,1186.0375742775825,643.7082580163509,973.6434683884017,1244.1797819286458,1138.5746280521848,824.6320705303486,164.26163664239638,674.6141132524899,1587.708257120995,1192.0681003575955,627.940483931841,855.6455211075651,949.3183541637437,1038.040164494568,958.4568840131332,645.6098273249177,807.2157997937443,990.431899582979,1430.481140267092,425.36302148184535,855.2947550801391,1026.5169715849609,931.5509796055248,449.08991266744545,1152.1526884566106,1146.6063773522103,751.4911536778269,786.1667494475015,1288.5978485159067,818.3201671296878,1035.136231929492,1028.5221406785088,777.4219814553352,365.7224617552761,834.1807289537427,597.6876755967389,962.011937559383,705.6753251978937,896.3434682730018,1126.4565743557503,869.2627244342417,1144.2383144570663,931.1363202727903,777.5824395691201,363.0026708338938,915.3425452303184,641.1299455198605,749.039614616056,938.1443414353294,803.1687524734807,845.766928816334,556.7255664566844,1011.7196439849187,695.203698800673,790.6863979982015,1002.2949543625183,910.1391328273686,259.2389948428118,592.8037463655995,703.6213734513435,781.1335105680263,1186.7750926099138,643.3569502140435,727.3719984604535,830.5454300884522,855.3341661713604,948.5505677783955,1136.777252417933,817.7592988953136,935.0607602561075,652.6951950293029,897.4454363378725,533.794927501717,1169.8397189331354,857.0914481892447,1016.517319421918
-194.91504717688287,-146.7262167646361,-185.71978429564274,-119.96012441063311,-164.6421299049755,-313.3115720105647,-178.34287631428634,-419.8024085608112,-176.66540825404675,-207.86404941809468,-388.06091219121606,-17.55401585641534,-173.64556516513866,-58.53355579497442,-66.81323608406998,-388.5390737727002,-20.185493662065927,-438.4981939415838,-330.4073057864079,181.6173868906102,52.54489656645566,-145.39016797661168,-199.48493503274454,-245.84268419554147,-300.5350626647401,-243.53249715038947,-93.09830539535427,-189.03317387521804,-178.87348736325185,-158.38650840048336,24.794474558119127,-435.13637971216286,-667.8349615864813,-292.611188458234,-381.20353531941595,-529.4278573986153,-199.27996671111464,-233.52761253387519,-221.8626471023316,-262.5195275350216,-107.13303512957829,-282.35177226794804,-7.781938956673444,-120.93756264983142,-427.33618525693964,-355.3917660359895,-315.7138022742221,-317.03388159170976,-346.5658298441185,-254.85541174298373,264.05527488544107,-330.27933303051555,-209.06269785361212,-418.0534264146543,-214.8213209970479,-196.10553639566731,-51.79879801166019,50.55366236264823,-8.886936101228706,-264.38185428323084,-211.9097026369822,-223.642329158402,-75.71013919967038,-567.7099376920775,-66.08949235621658,131.85437854162276,127.67913033037726,147.15807388759714,-289.06521536757054,-20.111395430857367,107.36207523362593,-280.2095629963215,114.03895925136997,156.4826519988789,-280.31593840948875,-318.5755385069852,-432.8711073493828,-396.9682920130569,14.936049266527581,-277.4388571887352,53.81465122996759,-710.532227148596,219.60656155377845,-192.16724275874486,-91.89153603153073,-34.912524599953805,-258.4662348573109,-330.65189781690833,-128.49433653227152,-471.1052868110233,-152.03682788609612,-216.48413056500513,-232.80964235432782,69.22538957685539,-311.3715460650075,2.9001013713417896,-285.73430484232915,-20.210035037149733,204.66125315864662,182.50034752991021
1916.405175035272,1814.1517237363453,1454.9281126727726,1379.0860586688386,1339.8005005797422,1664.2685397023251,1463.2465996380554,1152.1402662104676,1228.7318765419382,915.5508398394616,1607.4624556570166,1588.4157310276128,1378.1198065289764,1175.7613402045197,1146.8906896173485,938.8469113485016,1557.2286392112396,1203.874921801513,1787.5214755306763,1436.8113550926507,1480.6009452407693,2324.1080636806914,1232.4191674302272,1262.684644417975,1708.6782633628086,1272.6975973000742,1501.1857134954764,1743.4009043489489,2228.6225201193897,1082.5719667954854,1047.3856730354978,2204.584405066539,2209.72959301074,1583.9098234149903,1134.5738596775843,2211.7280981180174,1556.0606405739422,1296.0180458746088,1351.9769549151983,1154.9445220882399,1399.9473722777352,1203.1210365023146,1971.2492978126627,977.8861928856209,1710.273773210837,1858.2566024389873,1001.001709941407,1546.4892755133935,1674.3213365609631,1960.042382093973,929.0140612454902,1981.459331175824,2124.686575768867,730.5501831465093,1272.9174527793568,1088.0187926898316,1617.8870467272607,1214.6543953266669,2100.444143785707,1940.0162173972672,1631.715439404858,1282.7010160308582,2039.303163077135,1581.4277374252686,1603.6060125652075,1287.798712248826,1073.4206600202208,1702.6675520860272,2111.365189464859,1568.950568665371,1132.6035569909286,1226.0314187076951,1164.5700077525235,1445.9958227123745,1331.407333774118,1902.9736187738167,2166.9166693699044,1560.864334706287,2033.4907601604682,1591.913425437073,1109.0956810572127,2247.123775597721,856.4285148860256,1360.7376514989246,1352.0407024314459,1576.1333776086797,1371.5036155393082,1724.459588904007,1453.6676721710646,1914.1773255472901,1359.9056360056752,1682.9658754720863,1612.615692790516,1258.9403413258149,1747.6446079017096,1515.479220666656,1563.9172250871939,1707.9122157368597,724.5586720229517,833.1317673382523
67.82351588464425,-117.69809921307596,0.44361113693229387,-83.55889046884312,-40.26957553814904,55.35150362653106,7.157071363754232,2.70043992038263,-64.64312437530657,77.69565897360741,297.22480011945856,-6.077490838561827,253.7023477756863,30.992952601269096,197.95719565936832,132.2068803613259,170.7418555479456,-15.971761539747595,-27.161559413453745,-46.810865287037345,34.96342476063561,-400.5875836391401,169.19875229457742,292.6665762922044,-201.62630924348082,-98.5942460356116,67.51423313489987,-9.14981493935543,-142.8181816444813,229.66756870748648,11.28429856636186,-239.42304550100337,188.1765810879902,-44.28340556828139,208.6751839747198,-581.4608041573708,-160.7110809594463,201.92342759284247,-70.74856967872724,89.38131732584559,-263.83884636216686,122.42702346898002,82.99266654105256,-188.60812763470193,-259.2227449178227,-192.55385279479452,221.77772625047538,-16.67185638124411,-125.95461762944798,-49.34763087740176,115.62573446333417,-180.89948590532697,35.384741639079145,136.27033255367152,75.88014901164412,130.053581207909,57.815965509895975,231.05367700576255,13.724328094292666,-279.3643797780084,-172.51598192794881,-24.65162157766956,-285.123768969727,-275.02012222228217,-95.0952411097398,-101.17075026749637,-5.286753451541773,4.350300711995351,-244.35825305273968,-150.79904290287843,-4.0309534812640235,158.39581496995743,268.23557219907633,192.49203802757543,-5.634723574016877,-114.01079228175817,22.587255322711005,-107.39633154576491,-304.5920717822908,384.695257621215,96.5836100171847,-243.01149005834924,-64.85984187854491,146.54636602259382,-23.499164887904467,145.8315310960294,-10.455287240157219,-29.16106493261709,-146.13246561677892,-119.97678968515854,-437.7202948123583,-152.2308227927887,35.56822883617932,186.0649793216581,277.79341961774077,59.478381401041354,302.3168602298408,19.478844591854223,368.5415953627992,340.8049102170101
15.911669270336825,142.05911247027512,-75.64460244314125,248.10843710773352,231.55324515363935,101.38181619316052,67.96758768758124,37.19307308471498,2.298224843482702,-401.55517004394835,-61.96096097665149,197.3891047901395,-65.70901932393625,95.26068352937739,90.65269907066069,1.2477666687101505,151.4414619195791,-134.73267075056472,66.1693579553605,416.7196572838837,52.440184102382695,331.33982352804287,-162.8245103712419,-242.97241407382165,141.91237723205887,55.684921663957425,-39.580342654402195,319.6814583430175,57.60065426631096,172.78933322450072,131.51962682950648,186.07879709143478,-300.52801745490285,-10.903384353260165,-63.11319355120379,150.23043265415274,54.82259345221649,31.84759667615568,81.54628220210394,14.332202186833442,156.67735859317034,41.577900633472524,330.73484175409214,-88.52444791465535,138.041274442546,-202.036695820718,65.7387158395498,-46.992253592406676,109.8423328841828,125.57164587983989,266.83744885596764,246.41335907983648,-32.78612741661291,-67.76857441962467,74.31158331681912,-46.05613551762933,284.3937641722102,-14.710243141128666,154.67339396101139,385.0172358044804,-155.39455363803808,102.18168040442978,203.75598938442783,50.04241007972068,-19.198611770516372,109.74621036425663,188.88068326945748,63.15479492489486,-13.536222096782478,241.4573750755583,-29.735615508876123,-242.0760475004583,193.90431747129247,5.861241485151,-23.559033873047714,-22.661028891083287,83.15001502449641,74.550638235123,192.60479139181663,-16.634670881368088,162.19585491615493,23.612697326673317,-164.65579561992593,1.8465988100315152,136.33672359371718,334.1088986481786,-41.731063049651475,289.1108849601463,61.05873466345571,-212.48311019318402,257.50595113399817,156.00576749019675,212.4141944086094,107.02647505815067,14.159843602708824,185.07074002664737,38.08472699541207,300.2277322640703,91.28732963201536,-11.683902905250488
557.6831067536214,76.53556533103412,415.82266816428836,109.86846841607186,139.6091736404583,-17.51635915543077,599.1741516839063,287.5710980284253,178.73246009173693,259.2607238758457,392.1650699423739,-33.87040478065177,197.58072776262037,105.2397286253622,-2.2676294943841198,141.67950129366835,236.66898027416832,506.9553032753086,322.8752564681977,124.84565220919589,202.99232041034554,161.43641395331983,371.2604062330501,400.88868708290113,186.77455132262926,683.6225326598139,205.38911647774694,-30.34397044419823,130.53988284590284,232.9143696728462,271.5119297214066,65.89889139792767,497.2441539722073,315.94284454396893,378.22496774560443,569.6704034578842,432.2028921051108,271.5765504909844,132.9890514701057,506.83237033475103,269.0406216311848,364.82722274524116,42.79465882469767,323.49115353245924,121.52143128920558,228.56538396593254,13.221303729717778,151.8310268701482,117.96630566633152,-14.117534586746336,122.38878464838776,510.64031534222016,-52.068148286642796,230.42201263277576,303.06357979148396,67.59343224369921,393.0104129569563,-13.348438338597772,79.11396998220884,432.78887637457814,259.6208789525008,233.01237515444723,64.11870139754461,85.24954948298807,149.9987722426497,29.709206843536812,323.84804461041045,578.3061325366145,402.7808307615529,-18.93830283662385,159.19535606520242,119.30199242631177,73.29816902938305,54.46288934388897,97.65409913669306,825.7531280057635,420.388904806865,311.69571080887613,209.12207548070265,357.1892182742393,46.41881973411954,780.3139651806022,458.85006568841806,248.88866061737272,96.09984440822596,-184.14650806986828,172.75403049009824,337.5092919993978,139.08641477764533,400.595221783287,461.5218323274932,357.33562516595623,100.06076933792893,285.8723923130796,292.93230924190897,343.48024040995733,208.23962363900782,196.08401457375578,249.10456680683095,-106.49856715247364
-1509.6666687818788,-878.8632491139246,-1263.091534396988,-630.3937420841888,-638.8737008110893,-424.7824974662661,-504.696453205801,-208.25548659674615,-43.370483593955655,-981.1294624066554,-1011.5740269252556,-38.738484055857676,-867.969499683586,-450.0156245438681,-661.0319625534898,152.5775009554315,-900.0736609417387,-784.1862152564463,-377.58880945019774,-285.0792345302117,-457.8696067269543,-1060.5990502401232,-740.3376016319152,-892.9210504360793,-1022.6765266261707,-832.1885704465758,-1349.485155151118,-453.4808634637135,-1690.528391826638,-759.0307393551195,-255.41807656382264,-346.204305017734,-1136.0775203011483,-1266.8583566704176,-415.0358573417278,-736.7784428516416,-997.2595741677698,-511.8733735480026,-749.4585046609569,-816.8297762159767,-1063.310547424776,-288.13267514156433,6.941533330943389,-480.29538008640316,-214.41366986840745,-1098.5061818679242,-645.0380882891754,-197.18201060089143,-741.3382738491281,-626.5015482026097,-297.7649154659615,-1063.5500223484933,-772.9591039802049,-265.89827757919284,-822.531176250824,-671.6984860624087,-603.1461796881844,-105.54580186778682,-674.1950305236596,-506.20241253011466,-504.19476731145534,-520.3472597507302,-912.7089058677706,-712.4208629302957,-909.0726115162781,-686.0797197642975,-1178.9037417066786,-1270.4241603446158,-279.95117098415926,71.04760176647954,-826.7033451541363,-315.01716348157936,-660.3540092672696,-890.6145918517212,-392.79492121669193,-1644.0486425627892,-757.5635071959981,-570.8521720794051,-917.3488390501623,-824.9072436386436,-739.9544734469636,-1109.543421661105,-976.8630905218059,-592.4534263021203,-770.8192649288854,-527.1226310446456,-481.90603166896267,-445.96210390875507,-533.5861458127061,-1397.9583152300413,-302.13544178718365,-1026.0019125813446,-702.0033760050377,-831.9706145968116,-1089.3192359797392,-616.3524035515154,-235.4449141270178,-263.80405880055105,-362.9916242479627,-269.82712853644665
295.5847833737214,-195.52927990179316,26.239561540973202,162.97693694860442,-44.532783443388126,-43.221713206400445,228.7543434643232,110.21980918977165,18.213301610388072,225.89827381878493,334.6660827176468,-111.13162971661428,157.9045814990024,-153.1526132519157,-125.39809282577262,-110.56867972046433,32.500680765635806,173.58821738925482,-201.61060486354506,-46.71889265171424,82.3041735085033,69.97575022002785,-186.61090649559674,150.96682320363152,185.56940785817903,248.59014096134885,93.74906066362239,174.43594275972237,-209.1953193106208,-16.127798731283864,-147.77423229164168,6.658920148397791,-150.47361847447058,66.91338595594792,-32.641267613085674,58.769038346604965,186.29709477321788,-341.8521966901863,49.054890803080966,529.2441722101056,-66.36743585112006,-103.11075469109586,23.847873637602575,18.004646959404543,-167.23500844461168,208.2196763441941,56.6067419622293,-61.755065316546506,140.65335744521582,-229.6808128571695,-71.12035782510738,-142.26028740066457,268.4208295952914,-12.261337631611154,19.228407504560998,100.02765200131105,18.632643326184674,-77.56706484829604,-112.13215947247619,-183.36437216973314,-245.37292704851038,78.91762765559147,-306.43228211383627,271.7937606034407,-132.54358830807027,237.85037304745387,361.4836795620092,400.4031402767983,-311.83718841697873,-265.4281006106721,109.19950212115361,-189.3077921144051,143.31999158307482,-283.7406559050539,28.41542044461138,503.42598536329916,-164.5879500750861,273.9892080888727,-57.099997157932705,333.2010019707507,28.461853513620085,108.20666836354793,291.8283845697017,64.41682384013316,82.52567112892578,51.90924699289527,195.1112172447736,-156.40958883250454,50.38750138314251,90.14123530433436,154.45733194228035,347.179952532766,36.27989983958322,-9.99641756197461,174.48250127034404,413.3320018223033,95.69108376911981,120.65441534775216,50.88926153724834,-75.28594584504224
-194.5994010584825,-18.55656817008473,-53.38192626996959,-398.84650693206646,77.56646849446803,-47.98888865264649,21.516515567172895,536.8236004666873,550.7379208496067,224.0300022954753,-274.40145021063813,329.0463111176037,-100.30310859070221,-126.0005661495079,-275.74747513018866,39.873894912764236,-465.18487772984764,114.70358833498736,163.61221165385686,444.40807159167025,100.65851461731349,-91.84542691195297,93.3315054860878,-189.69481560153906,51.81261501584256,-366.45425244400195,-99.78457974692763,-154.51140767153936,-601.76466708126,-131.40684333806735,409.00572575175994,157.36334679954712,-349.5371553206016,93.30208102498463,-251.3617117274294,83.45939426086213,770.2349325538082,95.27584830233748,-339.1728075389702,335.8602528240218,-100.85335772371761,361.9099776739801,129.31606342696816,360.796364611906,417.1773898924865,-235.3168279201754,-287.26837919801704,-13.385262823146885,141.0407847102706,-1.330514743953318,77.65774180082099,-41.84330640992779,-271.2508490916898,76.82183804778815,-353.49918933704816,-34.614468096528114,228.1907030651649,-208.07743193372943,-482.47575165278795,232.07838860886366,521.0051495789528,423.76553094791313,427.55806397333424,222.67042477890175,31.306280790186545,199.68602635521594,-83.04799088618093,146.71311835362712,174.45979068976922,616.8929292771292,386.4778380376924,476.2385743773755,-332.47178377972403,80.73470501658319,-312.0181073032619,-3.6556540879445376,-190.07461959453946,-271.31752715464074,367.6064616727346,-392.4727747833681,-213.83228279228388,-126.44802280401483,434.85866224987285,-123.927721078893,-284.34234305173067,-22.90919152121655,-340.9281565599685,-3.512996129462943,296.0867551640607,29.2025924844287,941.3845665338048,-54.89820097340697,-222.62177440759257,245.14609107238715,-532.58204210861,-44.42639844691339,86.22027736501241,-37.438158071569575,423.5281095480521,-337.55452441530554
143.84504410110551,236.26001434750575,543.5665608918337,649.0666039240559,286.0224946358322,382.28677399806355,351.5157704336651,135.76244417502653,585.7215377133632,418.9156696301137,178.10339738565585,-30.68759850210258,826.310369449119,-146.49214412113193,134.5041793569162,-49.329563872987606,206.1912227073891,282.85264279323195,579.5611914513933,470.5569747971885,154.8176599266159,223.65452232879906,294.07612556868,162.25008179026383,668.6860551186568,526.4519501750418,346.09069661354334,551.6852264578953,335.67116485909554,327.77879951953383,377.59929289736743,384.53179657755925,446.7699484881906,195.08457147370498,235.2326267890578,622.5233252397968,-334.1009122760491,-308.54105205481613,480.8151533894834,-124.6377905545176,40.099599598333064,193.5566508250966,985.1959914583554,46.654532147605266,-208.56012939638651,451.20297694915047,-47.0235154232425,607.1937835197268,990.1163121157258,545.9001948491913,166.85699859828418,42.51521534540142,603.1849647171401,-110.09949769788727,927.2068551379128,489.8676583442693,238.38171596728617,138.94315539328312,419.3125469323437,443.2528333909504,268.98376892312535,70.37573600724276,394.53440680116574,53.88171994943538,-155.34374449007865,553.4432653392336,197.91978611270102,641.5497018395287,-184.0665817960816,404.62920438257464,76.70809321712491,137.6496653017205,233.30527685822284,774.939680189209,384.537243444968,142.49915315936835,154.6364570463534,576.3576966422964,484.01454088319946,879.299442513532,436.8431309260348,489.2848222630813,-49.33722099394193,327.9012495372923,613.858963805205,509.95655073171554,542.5457918516693,-191.73494937176474,286.2910062809695,284.10498429506333,307.32715308231525,186.12060408127553,88.06010668940488,142.0709646469792,76.01130936844137,573.8270395209802,502.08635832657643,434.00882363574436,610.764043472017,74.14625693837785
-65.12521856892377,-202.33254667547703,-407.9016517956136,-320.94476211374865,-295.7148781144088,-300.915421477281,-97.06013660081217,260.3488255597416,595.9048948430664,547.5365716407546,475.01355388345803,71.76783263122381,197.99273092733452,71.06941853420096,60.050878195424346,29.612087952248505,24.484647576295846,80.37323861412155,-98.71322934442873,81.57140402433416,478.66461227059153,-60.22687650092037,154.07454434428794,107.66547266742928,-279.13411149627075,-2.6664771153239295,417.4093199558981,-334.40788362925383,-137.7798159638618,30.904725319233137,50.04145633972587,-199.0021335101863,-485.9712057496519,-14.197044835831983,-332.60383846993227,-88.48252539347227,465.3189078959663,225.0023837918469,-122.14190863392895,364.5986382817365,-210.4452725734498,-41.615735287327375,-74.46316949851291,396.30857168056156,278.014223605818,-447.6044321900242,-28.833223238673394,157.36969830455507,-495.9316969285068,-151.57622557059312,-564.0285016921799,-129.25445490482764,189.5102035410573,-240.54608705881546,-480.44451042058887,22.433335042922977,63.94211927580975,349.28549609506854,134.13432507018146,-246.74788101712795,35.117324091550266,148.11911281038698,-59.50443773617686,239.83878657814265,-112.1402924470066,-144.6200606457196,-514.4207533688202,508.30744654481487,50.1323904586126,264.9904581467673,457.95311387085883,384.87299421505463,-463.0231821055462,-208.46292519721445,-317.0889053558919,160.63762237147014,215.1244292339883,-182.92278675252092,53.77366319653584,-564.7964421050799,21.19546882852231,-91.93872560931798,623.4919882845812,-675.5765758090664,-324.759559578805,-113.16902661856925,-185.34314693539162,-281.06097929530847,183.03315596952416,202.79076558682226,-69.2251808017798,218.535692262692,-27.31375586639353,50.0306809535268,181.98183631474228,-67.89538138677148,-112.75101248877506,-156.27573632449105,106.02244937242622,136.76636822420056
464.75872191061114,-37.11391942247666,420.9198648262404,8.253578611200624,256.6017333949377,40.94902137980123,362.1083647502465,651.1083442078797,480.4915379511741,154.27345525930815,161.6851573266417,894.3263162144217,93.3121121201048,365.2994469444666,-176.72457176809237,575.675183861052,174.02537831857975,240.3175823277911,244.13990198875544,-193.77736616808042,-90.07433331987176,-362.4394495962521,-77.70674326243098,463.58783144069815,338.78850226031085,831.9496146537911,86.60143913762204,-146.32601223234755,-332.59977033740114,-84.4233560740553,-212.96973195229583,-52.66955049911242,552.5258816682046,23.394080010970267,709.4772909966753,-334.335360466751,432.984152789097,185.40684938433085,379.54843738764816,-8.419486865485094,542.3581820027146,689.0462297224412,359.67835148887866,143.54296042135786,301.8554766549825,266.6466781569615,309.07746288205306,318.46211458693443,387.14443498349135,-519.4352316423534,319.71364511582965,135.1549171692187,-224.6207910797223,277.7380961992357,430.3569733797893,953.2285131887107,625.003349376278,391.9144632795229,208.10361486284157,294.989400711883,574.9187463096778,181.2248445369267,37.53800742185042,700.7512998941785,48.09026272433878,-13.218142440805813,522.5504580578213,824.429835854202,-382.99184023351387,285.03367684614614,168.27442906550712,422.5248175091116,472.15059485942044,41.188066152280676,13.39437798564716,257.3207591047546,340.4472942184344,-42.95618055110527,905.6388546029812,580.8489980472623,285.0299762839515,50.38496413248621,229.82139782073415,684.2900318398366,440.9248077446129,666.1290971947817,406.95288246789573,137.30328769897417,-548.2213048965921,-198.42063710314412,645.129375800372,95.41737364777858,255.18780651260386,418.6048706883093,250.57116722962522,427.94229640431746,147.29932561724397,280.1356110516683,659.6812830258216,80.81328530883295
-318.56321774211693,-278.17818466234013,-590.5984918641126,-430.76830513617926,-225.276554340482,-480.7799358514191,-775.7899098276665,-769.0281154113937,-604.3007885137191,-863.7222234886574,-486.4785687275996,-947.3254776509912,-80.12257940544754,-1338.9853519018957,76.15291377348409,-880.52565723417,-746.7252141092466,-42.87071645913162,-506.1407750101204,-373.4093781583618,-658.2332466134208,326.10872088479124,-758.7352098554837,-386.8925283158067,-865.8112608173776,-1295.927701697305,-101.18446843521355,-418.46914684432346,-201.8876750116828,296.63456266638707,-129.97906934419186,262.59733621727395,-349.3455297582819,-385.65016015085234,-676.7239395601737,-25.164521511668813,-698.3721448287266,-478.1823006391769,-593.296789981378,-770.5404188366722,-1175.118201541603,-818.0318920673454,-611.7621518594675,-430.1817160372384,-635.6475203033675,-862.4396874258518,-494.3959459374792,-274.3233228231234,-450.40851475800133,-115.7417254624369,-31.236241144647522,85.28866273819902,128.6253588963366,-1044.8128839610176,-192.7984521934157,-415.8621890174843,-936.2137365330433,-799.526022183435,-40.71094755364887,-563.6982840467874,-1197.4054355693079,-561.5617411192409,-363.0542646450235,-1554.600484662631,-452.69729363235354,-487.61035645484196,-965.9414726921285,-380.01433257020125,-478.6254867526009,-538.1843181677228,-577.5795672241687,-1038.0313230547727,-270.53903362339025,-357.83101955297633,-180.45544825882828,-236.0838275947376,-182.6422900488062,-345.1362815155235,-1052.0074122986612,101.24871609523008,87.72670251957611,-107.56266400784178,-973.3971196534272,-761.4357448581648,-239.5855502682074,-671.7224180346592,-160.91894512983473,-369.19535824597267,-216.99093425774853,345.038321592338,-1157.6714938255243,-738.2813558479838,-531.7344734398587,-590.9457390272217,55.74065898387237,-751.9336579330654,-287.6482729850669,-905.3451216651047,-294.29805596875826,-671.643951523116
-83.47465292919964,-113.63354093816383,-147.4642669978908,20.339648494355163,-166.4221968156085,-81.83583121365939,77.97157969371608,-38.9733584090965,-23.70920501229885,193.1546930818092,178.0535541795986,278.7184656827821,-187.04931986740704,485.294888695458,18.496423689164637,762.7284022874967,227.8930455996472,65.59022402090518,90.17274966706893,-276.75458557512366,27.386162775041836,-301.81247679209685,135.22887821462317,183.30013715422874,-98.28778909985078,438.41256448926873,-19.32552628998135,45.26803238663727,27.424405958927803,-140.54493450959544,-182.04533521710482,-295.0060047443145,-210.41497670149766,-5.229058921112019,336.6290060527663,-48.42415237995369,92.21915127959907,217.94622347225882,98.43355018098175,1.6084079185307802,414.04235946519543,140.57247643595144,-303.70672042991373,-53.71681449077728,76.97530943414387,19.3505447776979,345.7796080455115,19.178248146230047,-381.018135582372,-152.39255128155116,-328.6695107504484,-54.702590888184254,-357.77564362050435,409.5368819971204,39.88019581995644,109.4357168914744,320.9068179046498,33.77426264760438,-57.466469771041396,72.69053251285959,41.44420913431596,-234.00180302562595,-456.01993243690623,511.87358316228756,175.21513352955537,-270.262725855088,-35.58350925817243,-34.20981318184059,-30.410355093487592,-122.50900988170183,95.95953906593908,189.61555334868484,-99.95574391966521,-364.64888498094217,141.41011081727464,58.514343847093336,272.692141864064,53.24992219685471,48.368440296692526,-258.0381771854927,-229.63586507388214,-127.25689715525915,60.890539134089096,75.20193998501357,93.35656834877247,96.14250895611029,-67.33875583815887,4.08588632363177,-217.3648681842669,-83.78903608792638,-177.75527461627277,233.66503007525634,124.32542066128133,-32.74783295795522,-56.899048585250135,122.50863816726593,53.63711321858959,-15.675093144468162,-164.1559204363658,134.51574862083982
204.4679996627747,-36.972907008975334,223.50242868869756,188.4744507527808,191.6130250919909,-68.28673238558883,-76.62060483572624,181.4904434367314,331.39012996140985,-349.26599404966043,-3.7022270422148917,203.29282414980565,737.0698992197792,-274.0303974648699,428.5831241329033,-132.16503994894055,183.03723651562743,161.14487293923412,208.05070037255155,325.97207293400203,154.377371286821,181.4633525118431,-188.83473217976808,206.67951119343215,20.414558616681298,405.3327840723419,209.06753338137636,520.1058087549001,-244.36376307279255,164.9408172707583,116.68520961306228,597.0940930228542,545.0636312963917,265.8204273129319,515.5092041786235,87.29468735803256,224.81708407759308,-11.7988305979952,265.9986567371774,85.94351901297716,84.60300091446915,399.9250845485837,269.15444445307503,61.709823168579845,360.82794645468886,208.23906054984198,316.96768450962793,191.61603647364635,361.4799481918888,74.12857236543199,473.57448376808065,704.9681474651734,249.66144464226502,-329.46790146159503,444.73749012237755,340.0025964167533,251.48325251431285,391.3721664351217,81.56445676564611,354.7416702578914,-335.59495379478716,119.56916151692113,600.8983489202984,-145.10509034858993,-170.85689289871303,-258.37013427279607,63.60584891813512,201.64849487043674,230.19320585159588,172.30669881749125,205.25118320897215,-98.07767309540363,392.207600836359,153.79609921064184,421.0776199452042,381.77313772930256,-18.09879232257878,303.47883944368124,133.0794432170734,107.33039525130685,369.96701253680914,189.15349383224793,-129.28456573302293,111.96395680652903,417.6782576766637,174.2832885495203,661.2728692624319,244.787261570899,293.01407564530797,291.0097532804202,166.4673349982045,-93.85050561975142,211.21428194109495,104.4905984454963,405.0936783571571,-117.98383347296824,17.252410468632544,266.3990778885923,278.35077613664146,-202.11306342638247
-848.893941980993,-611.7106111212063,-476.19694519421586,-170.24218301416698,-714.734660148527,-760.8002549913278,-457.394604845743,-252.41934353967747,-491.4803343931944,-522.5859635315005,-485.7616641912967,-356.4340131928886,-813.5513629571474,-746.2157724975877,-674.962917262274,-347.4599414897183,-979.4692309056504,-645.5781685749239,-314.9362083589672,-295.6129136982764,-598.4534105316169,-47.37479599571641,-511.43640690218564,-824.732157067229,-210.95991096012642,-990.5493065147429,-691.5417420792126,-317.11703578590226,-393.1253804273959,-264.59733933607725,-70.58325501880786,-704.1036930472183,-728.9870088071283,-769.8506941872993,-486.3736215906137,-557.7540799319657,-314.1777024920297,-489.9139917342333,-496.9604734079111,-700.3720087622102,-849.5958677842419,-581.8477270289061,-502.0766315103959,-230.61299247411296,-770.6458748324796,-670.4286876100376,-197.67055866877465,-672.1801586375265,-1108.6234279210212,-899.4838228801799,-541.9230107049194,-910.3654280007835,-343.2718064485505,-552.3133958200187,-612.5339550077465,-898.537143621738,-720.2933869598933,-717.2350090717173,-593.2059553044556,-649.3771640758654,-889.0088562654682,-381.13000653357784,-412.3117855109167,-225.82491655071738,-506.28468184157083,-446.6149980162125,-651.7535116177769,-300.4744677725882,-841.8164735882331,-390.4989510350071,-345.1238868890342,-355.69234331310247,-900.8328244930351,-434.973044620825,-155.80557230461145,-749.8749562985807,-820.8686367003181,-509.88358533902493,-846.3826029035746,-282.7272400618762,-598.3939389644088,-454.8998604859963,-719.778400742364,-850.8967414977807,-638.543952700148,-433.08648836758505,-1277.2782524306908,-442.83471127529907,-878.9731726608891,-714.7738079155373,-448.3327590322827,-198.4474039784491,-520.7461880267365,-93.70386847064124,-707.8072518740092,-497.41809130301834,-303.3752315446268,-643.1320357049658,-659.9186433609418,-626.0428444379575
-282.8612956541905,317.2149437683994,206.8541724013858,127.15410146257119,754.2438958327456,596.4880387887299,38.28583603410745,-351.35224911154546,391.16968932947026,473.67750759260855,473.94301908662766,441.00198690843325,811.4381519968742,686.9580446752584,447.7611741770918,428.88562411066187,643.036404971173,537.268588487332,308.7760779117919,122.48576992184977,768.5568585822307,-669.6382691254024,346.4262217036075,839.215006168245,-390.5449830188145,942.5179399669554,448.9318166406378,512.1900362700185,-113.32019246266529,141.31612730103225,-89.94627001470741,286.05059194291624,742.3147191551188,305.8875706229097,-53.698209151359976,511.20427294425946,288.85976634021966,-439.3736471719837,328.6463407216752,717.3238608514725,488.3358114700738,-122.45047841029779,384.7941311749856,-70.44660868185667,863.3691242531897,728.0632576757683,402.17111775436314,672.697821791114,798.0343725730669,550.172370653197,-57.34950853096667,70.56673335067023,1096.324943131007,598.6972897130471,402.9267651396622,1095.8733032222917,792.8738053824512,638.4750651960019,-187.56619817490972,438.8068203056459,259.53007774960696,261.97097701737863,247.11344441998162,693.9206691855331,177.33909362574454,554.6272948816454,680.9916348583058,48.20610246355281,272.3746716435319,239.90427687076732,431.2368666476435,278.68303672415846,614.4342741691732,213.9534749352538,627.9036718996826,272.1131338256558,-50.745131709299166,202.32264038884986,393.8583893295794,-92.31424801834942,9.513963387382143,642.4503157196264,718.3764912805465,726.4681447434725,473.1100189716899,274.04380282909796,276.37328405652613,418.43783421547636,918.686966094499,552.6492042102491,518.6998812168383,-164.82206476228805,226.75023719880733,-316.68131374044356,19.35857160514958,349.61324513502313,861.8754730649371,282.7490078047039,141.28657157187962,224.8258596301635
385.27736288300514,-343.84468803050976,292.1493648883019,279.4933310589125,-368.9471815821943,-210.76574218420592,274.17315583645893,776.3101883758363,9.307733036158174,-163.71710017102487,-294.6192498056751,-329.20961584588,-2.0164346604091707,-871.7754110737889,-288.7930288053114,-142.4270876191299,-23.9821431706192,-151.2099875214272,-155.41693037192243,535.3329696840135,-54.893672985461684,161.31460785527466,-66.28788968317127,-63.262866428410625,587.2219517177613,-613.0613323572338,130.89363360870985,127.87311700717092,-264.51415426664227,64.17545114617347,369.1309762489841,58.978114158749925,-514.7019267171378,380.3740314522997,-128.54867332032643,-243.9680025653821,286.33443131844376,363.4025987819848,13.484974711497104,707.2961018883875,-160.01340742497953,246.9414505663726,-158.16001055304943,43.08980057588605,-748.1088249066422,-396.7381551396557,-180.85047360313624,-184.72331355373865,67.24339984128666,-96.83260043116312,305.4652971399063,-4.368396045972184,-426.7359441385164,-654.5022042047857,-15.834379666575215,-769.2526693487785,-80.16988083520978,-513.550060140819,299.2958355972965,-151.65403773716366,-381.210033990292,-13.797715890248103,-107.82624188346337,-329.16000073551163,205.63932437365105,82.36693239435434,-181.77250333018495,-42.06019800390037,77.66096676598511,252.58108802677117,92.42402047194992,-9.741178848366667,181.06581912813613,46.15093512834304,-403.7585646082553,-0.889453508457348,-84.35483964290857,244.7207501809479,10.897812394899377,-190.63543965976973,-138.43691115917866,-526.0503150508358,86.6207560250752,-459.7140134149648,-291.1208526452085,-3.67138001414809,101.78687459127816,334.79023554690536,-305.4958895925195,14.462256007233695,-394.0955747828984,310.17491706113844,46.18736803820567,548.1119289129111,146.59015725363903,-149.79256987278012,63.11028784724232,310.773479479311,140.17003859121797,-70.29850782957122
-324.3812348335182,-439.5617516281632,-283.435081939792,-199.45444541877714,36.884464740712446,9.243721550243109,-168.22305774374436,-21.430077716017475,-104.802418849895,57.12076904783164,37.39339584192391,23.547227509902747,-630.0094391782485,-153.83720880891144,-432.90408610871947,-169.52979431987148,-373.19872390303885,-350.73191763095423,-299.84090142630384,-525.2658222509812,93.37854161987562,-412.6929886025974,-220.53196831024326,-300.24191579118656,-165.46249251727403,-104.61677592641765,-594.6601155134049,-367.83208386419994,-130.13297809031963,-73.85342622910844,-119.32824020214362,-589.1835941918193,-213.33777159421962,-614.9411524969227,-392.6632938213239,-341.12761084769795,-326.2303228496898,-591.1588473134134,-39.962373538229535,-154.60754631369073,-359.6587367855079,-226.21034730748536,316.9201001407579,144.9109765073601,-71.09691810993338,-258.6544124320955,-274.0094423232758,-75.98705868019361,-134.54720428530965,-190.13730878277116,-417.07624771303347,-817.1760897020965,-129.49340482802447,76.96797671092213,-344.14821479067217,-154.3203499346631,-214.55258504009743,268.48004244149394,-805.1527664931075,-538.7984752567196,110.18083740860547,-151.8230518791255,-76.50919007129544,-34.86978530360218,-278.9625888351652,87.53895081101689,80.92108527835452,35.73467076803427,-321.0780787941081,-114.77347426991228,-222.45244238465614,-304.3404100624899,-93.5293437423944,57.187453514850446,-221.3100126115674,-358.2612995159936,-557.447623071732,-238.29027284102685,-221.92772182700753,-85.50717972274194,-348.2447568599756,41.35734674565189,68.13542981725901,-139.35447861802012,-200.48319115069876,204.92152898050134,-255.57109749322706,-494.9451746881778,-590.7104730727656,-270.182554305317,53.53986642676719,-348.7797377599664,-93.71684095038285,-228.4798277482448,-246.6196262594034,-29.25888700960027,-194.3007957539475,-75.4758249207126,-84.13497236738965,-319.6206670297227
410.1796856052143,487.01066522250153,391.6755153305651,518.1728295096253,468.7095367009462,535.9283112793886,832.1183087690247,67.718631271649,-4.691769165163595,534.1394377086865,368.59427420810664,-251.99639220556338,582.1153477901966,574.411678516711,336.00354147495744,252.12296776079936,768.6835370738764,508.6421074776963,127.55758670281618,632.7785131774149,308.4355162713752,31.020869294653757,391.73566566101124,437.2660370100823,337.3172571382017,610.5278241669879,305.15291437577235,368.132676199557,320.4967679587978,286.9078349883195,61.24782715178846,372.51337822796086,135.46544886150798,436.3896048735561,363.3261992049829,868.3126398924996,182.8348881337978,717.7906241090399,39.1464776069475,667.4652662175995,495.95907258392964,350.6224230456928,532.2345728196901,286.47128420985575,-1.8843525027164538,474.78190983711454,-205.462555481527,164.72845445095007,997.1433825909656,586.7994179008198,423.78917448507593,875.2757789933567,233.156695370699,304.0220043823064,946.0104751963272,506.0899471124259,355.4484394622971,187.03962937811627,896.0729184157748,817.4511870731849,601.1382647217499,494.8646955128495,317.1724263404024,-28.247813824634967,594.5078990550206,689.6784911241043,329.03890907717175,-48.056965396776526,412.00373638462685,331.4818163857067,-311.9292713804945,173.69706381394627,293.7551310530898,760.2833448412821,-111.27724020638182,436.00503283492475,434.8394671470646,437.07353947498945,281.1446943744493,226.08179688425147,414.86663095129416,282.14004292394185,440.5944318022556,495.91907154306296,359.65981613772453,229.75955758612244,173.4032168658361,704.6788580650704,434.0383932758247,119.06541634636498,634.2349379557226,228.9268888490619,274.0992936659903,228.39915311676518,464.6885764134431,323.6830554573606,171.43124312008914,507.5411796722927,-49.0059475309158,376.1478252909813
337.5478305313997,-233.75676855699663,297.0562956591001,-270.4549721607716,397.5860744972914,-617.6423910180074,-109.74278596328864,256.67008009696787,236.06525517804678,-331.56782338234785,-215.9132912666954,922.3283860866559,-212.0362604661854,-311.15023142098516,-348.2179198910746,64.3056747158873,-246.07215099907486,-193.43015322983098,75.37101576407566,121.38160054141032,495.37618205406415,130.35558471362634,-217.53214517165515,-172.61721993744743,131.61540023998492,-175.67417553263053,-144.21375043735304,23.7579037958965,-177.24562014639716,-70.29509416828513,313.17911954404866,200.47591203763878,106.59552456391069,-432.1088406278814,-234.06393622756477,-272.46176192687835,265.62251274693944,-524.5416967943428,268.01337725109283,-898.7413850246844,-105.11855563496913,-368.38313961712197,116.67039120821406,224.8665203955938,270.3193444099934,-868.8946389184387,-13.433514873157835,220.55739390961125,-365.06769915867744,-263.5580663300122,278.2116528102814,-200.87158976233772,-57.31723286280918,-116.51793073828526,-56.806801715895226,-308.0022488988789,-122.52390061785724,-54.61192515225799,-210.06322955487778,56.196747622725304,-537.8330331438824,99.07692947057993,103.28442728230885,262.85055017394353,-215.78322874612104,-73.9250993153724,-36.704830319416494,233.15683581156998,-622.5747978020114,237.5878388942156,323.21129177872024,-57.5545223890119,147.2683343232866,-184.73008620523325,179.42782239703646,57.320786585977686,-379.5283402122346,141.94713865472184,176.72487962493776,26.509905789911727,151.8682846494147,-237.83272591264097,-108.17297253726677,-9.278881099226826,215.92803408633293,444.5589329868147,1070.4702049405885,-559.9324643228588,-427.0722130218201,-162.97779104286428,237.28328736152682,-95.12733374761389,-326.8307380449104,13.554267082096308,-228.36921461630575,170.3224916282414,-31.572410780693094,-14.006566390776374,162.6689891763569,-185.7713703962141
-724.3049224306028,-610.2540250355997,-986.8350469307962,-1328.1950630304261,-1081.9292550593336,-595.7645754677594,-966.0346658362026,-1043.8511300321716,-1003.5008259240963,-436.70305736136436,-821.7074913159319,-1450.0581737194461,-890.9932617842682,-621.9290577720907,-963.465823816239,-790.1314517640078,-923.1398180788563,-572.1120329827628,-896.0895302661522,-1478.9724771515282,-1497.2990722983886,-876.7563608935743,-15.661286479240324,-1211.5142661398224,-716.0001109412076,-1323.05180249018,-722.6028740818581,-1801.2659439535548,-965.0773442151896,-787.7336119485155,-1079.165484489253,-833.4960204121276,-1082.3062249446705,-653.3149739613982,-572.3380387925795,-833.3814850010842,-1692.9446068469615,-24.886504505581748,-1325.0400511352989,-1114.7407919676125,-1026.1086122474292,-847.9566328315929,-1901.763731752037,-812.085667081271,-1242.4299011165779,-831.7170157191895,-755.4477904293628,-1239.168294629174,-951.4478660057317,-926.5237720493049,-932.9328794760311,-614.2996530176245,-680.3342769664869,-579.087221427761,-1237.597294529136,-482.01724022911134,-1377.726529758269,-884.0545365626514,-720.0907294519591,-713.3378993865388,-378.36751601437754,-771.9837868135952,-1307.1884884847482,-938.0444890117067,-1071.88637813432,-1646.135174596684,-1481.3066199047048,-1055.5467224671772,-690.3801814086231,-1002.9630842653102,-1172.9911810637536,-365.6254037455527,-1500.679889735777,-1456.3086105999262,-1481.6299229396432,-1153.756718284088,-509.51176738896106,-833.8346634913852,-701.6876052170775,-669.6454242887995,-945.2854155011346,-573.8886337245555,-1138.2916279522813,-921.3390868149298,-1120.5434256267974,-1960.1167423370377,-971.0511801906409,-329.9495408889796,-772.5344466063157,-556.7705898156154,-1426.5533158403437,-769.4781797347239,-1055.9868879660175,-1086.8660595882607,-475.659795667771,-1214.3499708714721,-672.4285591470565,-842.6284023181956,-922.3449527834749,-1027.762597064145
-2.059352790496287,1182.4326586905584,301.27021985333766,448.37083876954074,230.7796107515791,499.832321054199,-33.204126399424254,-166.5078696617457,250.08017234176197,143.13552143079954,90.27431183081724,261.0071257379605,762.8013122420933,170.02792563771354,795.7793708997281,-68.75313337759088,163.88025318668232,115.21898244546159,293.6157185767951,9.000411545914337,124.77537675457388,570.2918199912843,7.03974082022155,437.98923828812764,-478.96100999003863,891.6189215781693,444.1475798933258,699.7394238233345,799.2177069916797,150.62214963989777,221.22669145224407,451.00025052634345,474.4401988858803,259.6763815543103,255.76508330217396,996.6637733095262,348.5628575021202,-390.90724634839535,105.62722718855808,-166.4722832593842,421.30484450023397,-101.84816881457921,241.14901446679124,-192.63605484085159,338.672719999294,370.2188183608334,439.17139987343506,401.7645016126803,-44.191600754654665,180.40735495142465,-32.63607022872862,483.0679690844303,563.4564718188781,109.63932611585439,438.4858415032778,569.2222477929851,403.1527818067076,547.6071244942918,385.680101173306,657.4812155373735,346.581688607839,28.40079009870684,739.7174201833416,132.23784908151416,262.83838612527353,290.47071137010215,427.3944516685098,472.29558339310347,286.4007291858767,187.68426488931811,258.5891869729718,245.2755717651703,282.5891946470381,143.49755793382283,880.7172131786492,407.8446881023734,230.01156510885568,54.741817598834096,368.5423867189315,434.3680086239891,588.7685714913235,413.615012759596,166.56757687311685,-65.9745534480685,499.6858101569898,532.7947128462895,143.23802625811894,16.076225492510336,941.6894924715662,389.99029774345325,-90.49650143311491,205.38666157712214,76.44694413183123,136.68022311842623,-24.2682024775452,216.79939745828204,47.449149455684726,-384.0910449669355,174.97857001316046,336.86459344886856
-259.26880275654577,-509.95721513678853,-342.03340362184093,-422.84482872296763,-189.37403189152917,-1012.0475653249798,-934.548270940288,-72.68677055466229,-101.15713101396551,-578.7456540658221,-237.33804086550822,141.55886872268977,-713.8148962535214,-190.06533836474165,-506.5522864768669,-138.32121289694996,-414.58748800355585,-500.40516364844154,-138.848948713396,-716.617425038118,-453.6834858560985,-394.0897924743669,87.68990954402143,-529.3235128453898,1.3093658296658621,-495.1253811175505,-401.24340522255744,-355.266163395694,-520.1715971104869,-44.57719228726709,-624.3631376013533,-52.94111575507163,38.89491815083431,-552.3268365275957,-195.29684458146383,-523.2083641649825,-338.0029835914352,-336.95783921838273,-163.1015261671584,-400.39881609343144,-113.33915783899404,-314.93821765092764,-261.93025468238767,-146.7308997351131,489.5257904665995,-356.5658189692504,-144.53223437474702,-483.0823804618317,-608.6265042270545,-456.463726731586,-526.99661351416,-831.4546250318082,-394.32123533910226,-298.42379789737294,-1012.6377940123792,-521.7755542039204,-98.11903274629357,-438.0735038323866,-434.26390096696036,-175.0860555395809,-142.06347147388607,-578.0809943454417,-642.5459187220239,348.5632247261847,-629.216619614176,-1003.6724817851426,-649.3996107619495,86.01035493601576,-745.2908141935529,-475.9446868207894,244.1552566723367,-285.70460370632367,-682.3234860117516,-454.97767796939735,-261.32249784516335,-51.21994388256654,-20.456435277936485,-843.9514597672712,199.8618167253154,-242.27101895943395,-646.7956353739547,-410.9085825333259,-537.8119191035456,-141.24736962541684,-461.99699522296817,-389.63753638599957,-184.69381893432075,-885.7620165199686,-533.7088832090901,-544.5249056784738,-201.95467089629636,-226.36416753617485,-380.0896011898864,-504.9821404457401,-248.09278315537907,-349.4463735274142,-466.8859694561672,-383.41930689519376,-79.6372343962166,-740.5478336405852
257.2481425981375,743.7697940362638,676.21058223687,135.93621982279862,370.46543953913823,555.0426602595373,388.6023621149844,357.8501085905588,237.5526549937352,115.33336541443221,476.14217124193914,9.345095656062728,207.47388516873804,500.56108277368327,671.1607315451122,266.6546275497859,462.9752435474989,324.8829869173571,571.5754941361492,626.0150341918398,724.0526919856966,381.9815943996948,258.6146692880346,257.2920165392742,278.77686635566556,142.27057309878074,195.146085726834,349.45982825483924,455.28182654297296,382.7617744924531,55.20321133940947,318.3741172628507,477.88776535419527,1403.2283289404927,321.4306828881003,364.68713108279394,210.99553478797276,395.89610317656394,393.2020503701933,618.2756403693128,345.1555853675258,923.0856054019426,811.3279393998824,55.48721197360207,328.63701389237485,1137.8052052680027,404.2887682391697,286.6394358986034,650.4869971883288,553.2671191902855,528.3546819161012,276.6359585508092,607.2535502946356,-97.42582767474555,296.0027555062749,644.7132542314398,459.43521045914457,-37.2219505141436,493.28309407701084,293.6762324807935,567.5177111308578,355.27393946255194,872.4970867583294,-193.66646057171775,187.8518542667311,668.1068310042488,255.01765481093628,123.51983943410556,1084.6003349425246,620.2085187739477,127.90841961847205,444.3461066021407,525.8071096981342,512.3281780344583,303.1743085185511,198.43699990695467,549.6741128170411,147.26971535598256,501.15748421691364,441.5577744879722,243.69821697095824,511.5301335652347,111.77091524891696,142.16001182087027,167.56743855634608,-99.90871005902206,856.646549672529,631.4534891736394,938.9894652725243,154.35504733212977,748.4143415149773,29.276333996579314,487.442110204339,-88.49072828130717,-15.182261114469105,303.96304167723684,512.2283288772559,382.1419622758417,314.4467290385367,299.1876785897327
67.8473142982511,-487.57104486604146,-175.70029469942395,-199.070244702569,241.55408608472678,250.02391486912103,-36.8626999735938,638.6591462564754,99.2875243764075,31.75246378045838,-327.12763300954805,418.6413159897411,-38.10637902619398,-404.5294305391512,365.43284426713194,-31.295930733881317,-118.59971313770981,162.20388457093208,43.98205751510238,357.8273090040711,212.42621574466293,48.60957935232904,180.7666112375885,71.18184573633238,323.9080140268518,-47.99938195495668,165.40228670004095,457.8668130260223,-27.130118850875654,-71.91727074701659,237.93155200404453,79.5119399904291,83.33980280904106,-347.72987538389197,302.06890511094707,446.53680584170735,236.64073596625883,258.9998772373836,60.98530071264553,507.80166857749646,59.85854377478501,499.1292948003766,529.7441640934162,307.88788701522907,490.0551329936255,-7.447191197207144,-35.95811541336827,124.123780566055,158.76532824343084,276.4323749421663,118.76713336530948,105.66959650531837,-221.2350018781503,-131.6421250850395,-138.70586408864057,163.4701354859253,82.35839882404899,392.3648674140495,-158.4932686538579,108.81415972053225,162.54936078806375,129.48290133820393,-196.76281857647834,268.03525917776017,64.05818654132013,-552.4593394247277,-47.12884301552283,255.19100309785895,135.46352255450566,-290.3920480493821,395.0133108817646,-25.91636223899938,38.48737329760356,205.73351659405648,29.521833633734413,92.99950282738578,2.942171523882683,-10.870581275154079,-30.792974115116095,163.73051931009337,104.75564991360638,-152.31817601898285,45.71185528924876,247.996987115546,237.1756970032239,214.48328043636687,-175.2003921447824,-175.93753966781298,199.01936784709292,329.6039892871238,201.46178556434265,378.83216327365517,-19.37658176923723,444.47044078409385,181.52227413756847,166.39473723672705,-69.03240163791646,55.160683670992,528.7516356025415,-186.27900705474147
-145.63581060470247,-72.27873936729507,75.80663686674872,545.1809751387511,-90.93883213286543,-188.56244021040968,316.1921730327125,-142.00812870026363,-140.8224209611532,113.74093998560268,112.27183083257322,-116.39670180000219,152.17602389145523,384.11119184095685,131.83908301836553,90.77489910684899,631.9622497176833,23.945607267631896,-192.46232558470953,109.37563691500056,154.80966747331294,-144.3982747096277,-538.9774759185566,367.8038343252189,-114.06348602633035,376.8459844417307,49.253906083530715,198.98378767836923,113.6541430384209,260.03286422692037,-140.23847523917973,-44.447185138625564,-427.28353578792985,-92.11039517173363,-405.8475186239644,-309.77655847010845,-274.96794454793076,-432.2392744205582,258.4580603289804,233.06786118274673,273.8012184660144,-400.3544437937129,-76.37445163639825,-249.32906296011942,-31.979264917835362,-6.769309796177127,189.58006269725786,294.5396613175224,88.18233733551442,-358.53495357325414,90.07234811841685,-359.8478604873382,351.10050873665625,39.24055622920912,320.22949684569113,-58.84189578651269,288.31415940606,-153.76709090591515,246.71675005626986,-89.31579539271101,-496.5154854907668,-241.5434689782469,242.96229014406137,-159.411939231097,-288.78747476801874,924.5367671545989,426.2949433076624,-141.94434058502873,-202.37373691632519,450.68810029514333,-283.90827738862146,-61.42482619925941,179.9919193462888,-106.93416186182714,74.72093546742427,-39.68040554783344,-208.17271345278414,227.53671131950546,-337.81162848099075,-273.54604841894127,-188.15618930332158,-10.940984432618782,77.78371922659882,-65.26913256186828,-124.5436408110698,229.33633105089984,-51.86328373445905,-99.1857746754491,-55.14188821267204,-185.43052255810153,-132.90961725190405,65.18282503511922,587.6997415689405,-462.57448744854787,223.5941203061161,217.73508337665209,-51.81619086021195,315.15582749594586,-9.536497624192732,586.2028491331204
-303.09511662731717,-809.1259311577284,-370.4731317703508,-843.2654602729882,-376.14810480964036,-343.73250298825894,-445.1393347359196,-377.5068592316458,-610.2539868989402,-243.32101664977407,-490.4384052459425,-633.8044989661886,-864.8132848434801,-632.4580835790896,-621.3432956857931,-289.2169977459841,-767.1484410070958,-386.2414620305111,-398.8388442094978,-221.16186970591247,-278.082500995072,-434.82042425116435,-30.999769545264126,-659.4734226498455,-259.9032413075907,-1128.837066684808,-438.12515436271303,-416.4050789780916,-571.619018701035,-296.76746693569055,-443.3764468965969,-519.3754138999606,-520.5957402290268,-493.57612511819787,-231.86264071614846,-744.4245697392412,-418.80356078312155,14.600832404455193,-612.7387526965223,-202.45645974347804,-978.7536826945179,-217.46075659413077,-383.1271303052976,-54.23591444992521,-641.894560900132,-575.107015343125,-478.55784030340067,-669.5262814225866,-318.72585727022096,-225.82831419061057,-185.78229212139493,-502.941008476606,-615.3047038176701,-492.9166655011582,-620.2476576978501,-439.3556817979998,-786.0124217653436,-348.46057906475215,-667.5420516658055,-621.7319440029545,-535.0769509830825,-213.38479769797416,-845.1408804629137,-492.2878296896268,-89.96800720122425,-781.7818303495561,-695.3574556832278,-791.5730947775425,-87.4950033456487,-777.2185351874085,-322.3705148585386,-380.09803089703564,-291.46980400130303,-209.46544901928232,-589.7796357192319,-678.4677889576071,-561.7958747874262,-432.374688718818,-681.2427148394843,-703.26124967566,-387.00589658458085,-714.4378783254446,-184.74520246390978,-314.77111546557705,-512.1544048087076,-478.0122437592154,-456.7243380105381,-215.73484592988748,-653.3313852395526,-459.902131743154,-237.86483112094805,-543.8412521015857,-546.8868982884015,-110.81026576547526,-357.515434984408,-408.6389054117209,-315.7584938201191,-323.0482922576714,-276.46882516864275,-425.0737338193521
413.6114355755165,9.663351857821775,67.9979752973587,724.7552953554004,-180.89454789761783,82.4545971538461,526.6489276237235,505.78445060158737,606.1478374504153,205.14049844244883,579.8407296271753,-167.5706238998368,673.8527873791576,-138.17594788529277,76.26464346308235,903.2120782428408,332.2842170345574,-88.80151680726824,-66.88878895297624,83.21948612351918,210.1659778176567,-63.422631322024785,-465.640385004201,600.079877121617,475.88014707676865,737.3280097104969,89.09983733822332,254.46824568421025,319.6482207067688,-55.8304143936284,668.8806207150504,253.66286193608497,-70.99200697969009,229.94833776877334,-10.090840188675703,311.00583042336723,165.23084068635427,-717.3133459199013,373.91065074321585,-13.206892874208627,505.41282926234516,231.80802369166014,-302.41819170736534,34.3246980646715,-598.3380446944557,-102.26612314828252,622.0527839606426,-8.939185824787316,218.54029240566106,63.15729551535698,131.8279035183241,-119.40740291512012,-156.7760462620544,353.02834406196786,542.6935284314523,-272.39097557274334,245.82483624047268,267.3585401450041,222.05207398468247,-295.6071943530616,199.7767323187387,97.67344075098697,192.34205705854535,510.7019291653913,90.5346464232221,663.3963783511333,756.5794351778173,394.7418104821655,-403.56232761960547,647.4372988561694,-151.33502684124545,0.04885416436127455,-69.83103689827175,-488.70364711227995,284.4995354881976,449.485632551618,-162.86763076120752,436.0300965808891,291.1068931003253,547.4075428119024,66.42205044820506,770.9510270510771,259.53051163926864,166.44085452466817,162.722100746588,612.279280995086,7.961514392088701,250.96577746629023,96.35234719213626,631.8950217722128,-237.17610447487658,586.3404340957906,372.2429254573528,90.35640052113202,-1.0865616131313311,430.6111303144291,315.42472224432277,303.6384294878483,54.84880666160027,29.386104175081655
352.56104331412286,362.7588310211904,335.4202997346872,211.1278278063374,123.35080963201835,281.84618262422885,103.27528741810359,178.7835666652795,210.95779223677906,201.99278772471462,201.36184240860518,322.44229423814477,12.009069927368843,278.16868365076124,139.3866552940946,-42.73061739412992,208.1083809002951,150.2035029685488,62.40151607874503,156.92392345005257,223.03378915495625,221.20846016095297,346.6835703445415,143.0207687640745,111.54093303264298,68.00891597119595,361.770545323031,343.31166567776484,104.92812127252253,184.56273588915855,275.8979506660687,60.28430424534073,135.7612770329524,262.9223491948655,266.1293922780805,63.798906352767204,278.52223169689233,399.86185196046915,8.311209295801785,383.63417718647344,93.10199445414287,85.44689089785463,433.84081790320755,193.4725485415833,110.73729898800784,353.8983974583136,-140.5067160387276,253.7293434800165,105.02828453035116,441.1497810343274,111.32190282985223,175.48983877009277,121.28669467865507,310.8532973375387,158.7122387894207,146.76404384806415,291.88689515104835,193.5070084831213,211.83967109395576,131.2810208292,270.7226916860314,185.6847678808996,254.49176895814998,133.77137802397036,308.65230225520776,112.19613760522527,147.25911781536507,220.376860213676,456.15983087936405,100.47402132036493,220.36772212783592,275.5549878690584,453.57152571652404,270.9974102192243,12.092456337467818,162.1949028849755,512.9311921856898,266.25197907073397,342.61651876410576,88.87971546494428,211.497972124576,53.19539654136485,165.86744659385414,163.39690985313885,205.6735470633016,312.7899563269473,382.8059594674803,56.76381697963666,135.21763414797348,217.58555167010638,195.17572602702288,184.20865530541167,309.71413407374234,436.2693702339157,410.8991485564805,256.81005170532427,183.7753787976274,287.9437559527066,457.1605375882843,446.6450410228452
-291.88608585384935,-193.1067497527077,-34.73954607631995,28.78766799952519,-399.0368740227843,-338.7370919848917,-57.996312714850525,-517.1107435658785,-158.52343492714633,-29.872128539203686,90.54188901020603,29.076062613796022,347.6998882225085,110.1575695728632,-307.3173935822954,168.8337639030231,-21.692376683473146,-147.98651492948056,-17.739004765987897,-132.2844161504914,-463.2700958194234,-108.92912706638411,192.36490890025138,-362.550840397543,-384.8610190299062,41.640566583804386,-251.08246896762338,-402.7533889574434,-274.4607531857733,-89.28720170536155,-299.8369345457387,-45.68894649979426,133.44265379438582,-135.51232668637084,-302.43009896575217,-142.6245578412787,-44.78913094603835,-302.61949184004044,22.976481382328604,-439.5043012051303,138.88508068634178,-120.9340354177452,-419.8372899491268,-299.68091313130833,-282.5571431908312,-307.3339608682916,-25.416695782417573,-16.463648584023833,-107.13807509055796,-395.0355419894788,170.57767879061797,54.22753123958351,-181.11358394306097,337.85865351309576,-109.59148058137778,-338.51067792050577,-27.436866742141632,-144.0647769707854,-296.9246749977259,-337.97007767566873,-411.5996621342773,-41.78738574044389,-483.66053930403774,170.77228259541653,-187.60667247518805,98.40246653829175,269.17609482182905,-278.51749026176157,-126.7253335369361,-214.27838677573473,-152.09895562034797,-122.92949066481906,-273.9317582697867,-38.33450993543809,30.82738858139851,-124.00686904577312,-244.03460214825358,-203.69565684049695,-263.588796535009,-32.3742470439263,25.220513108088355,5.5605782534022055,151.33848585955477,120.11344172816204,-263.05567567340034,-308.77938302087983,-7.596647978590457,332.70536707148057,12.64994598730812,-493.86280021867304,-321.4546742993641,-242.21797180424912,-303.885500419774,-313.20302706305324,-476.020696862264,-287.0758041856645,309.4605850087741,-281.0290106099673,-610.3801838793454,-49.66917082116323
-92.05040769840984,118.2864902024905,-355.6173463781071,826.2520241196911,493.85121875041136,234.75323625266353,499.64012917571966,130.1604039171393,498.74383112745954,-801.8645437367168,-283.7697388782286,-779.4446458072703,10.281168138120483,-49.245567752903476,-366.5171779013621,-1188.1980987153843,30.966551235144927,258.4663047814213,29.840966474589585,537.6687542934434,41.76754610513058,666.5415917845597,-340.1529651595105,-10.347352802982767,721.2390606191141,481.7923825710239,286.7656075582519,692.3448317113545,993.63501117735,346.2301773535505,500.95555638632095,443.1387654276312,-512.8641656911609,623.7452779466674,461.26337262577186,1136.1662576260435,153.65637769310558,406.0684916877606,173.2955915276244,152.26033094266126,471.18431931894986,538.0253897406145,994.5434251250521,-152.07802696429562,-4.582552512189965,856.5623020475855,-325.2177466116294,49.54004298519732,506.93552946211724,893.1801329990009,-180.81539485393984,144.65786833582814,-549.2998436359419,-938.2140611044733,521.3886780403249,291.4151413542307,306.27623971667543,47.15950984804411,596.7946448882624,-80.28789716505747,748.6413608792466,-248.15812810323584,844.8874098651033,-483.44838258600885,330.3800499231586,400.80481697112015,-48.34164357709222,282.34052196121013,38.553674882394525,477.210085559614,74.43682472314435,214.4371305820038,75.3970506069266,46.72123008222275,-604.1282713018288,349.3078228829997,-381.7615671605443,337.8984942475871,279.59419221643714,139.98892419115728,118.56646553795674,-113.74052456932256,-30.09795518942124,462.9935565849093,375.78628754731403,319.67964150480907,-288.70427778626856,-102.4948272252346,-86.48389801719178,4.113193456038429,629.675437107255,-25.836565321710328,537.8836728582717,541.8254623932545,296.81112530663563,290.09655169046306,78.21895087434552,284.6654503102543,394.44583330892164,-51.816226328430176
-238.98190757128765,-341.1195473470821,-430.20721681253536,-476.03350663673046,-514.167416086813,-467.9157475154662,-524.0299619864923,-585.5372679575412,-626.299072159107,-472.20849665797545,-354.72858297985425,-22.932508246195653,-68.11995279768118,-139.66361881224776,-284.44300495487494,42.31851018668699,-260.58080936810774,-186.05760034421343,-547.2808595344443,-778.8942927932068,-257.1118146852817,-707.7743985213216,-434.86968205213503,156.44661595606885,-781.1789937451729,-334.02500661686184,-453.99265549946415,-717.1620452658847,-420.66857636447594,-403.85914778845734,-498.4897650718479,-367.3766131185028,-149.9102870711432,-521.9931026606854,-519.3420657101063,-719.7982714545826,-666.0204227517333,-509.5408185941134,-276.58848747611273,-317.8510760763232,-618.3491603774344,-715.5705971733,-1089.955644544875,-255.41941861284593,-264.87794081075515,-484.5892861924076,148.4802076662121,-618.5959257511631,-542.4562745806251,-776.676015568344,-200.6421958606605,-232.01848160019213,-74.22628495457099,-143.29974248252958,-498.663005516929,-316.405657442114,-339.85524183078945,-344.59335862224106,-583.7446197287051,-322.5381846930693,-1005.9374385275914,-409.9457308013147,-547.4035383061657,-505.55529869328615,-292.93975676018863,-321.83358011965936,-368.20727083235084,-443.2829399875286,-334.8986130605672,-699.8795203837149,-433.16579796268604,-898.761099007087,-459.3942288377623,-466.31639124540095,-119.65377864721957,-510.3383079761872,-263.7379676229212,-482.40046535538767,-729.0788090975237,-237.4052849419194,-332.2600907759191,-112.48644619284723,-307.1533177409282,-362.87344673973655,-566.6097616658267,-965.7232784328488,-194.34530061917337,-119.66203821358705,-427.09223100988453,-298.42528354670566,-751.3638857070476,-482.0482159347281,-303.9018792693641,-929.8368445179575,-327.7466694820358,-317.3420700693128,-346.59781187206005,-664.4097540492304,-703.1337817611159,-372.47136194660794
-265.67510631754607,87.73080132778183,-4.0239144655598835,18.1302290521669,-72.04008993369327,250.6667850661076,416.45858253915765,458.4229441964659,51.4662077480683,607.2785376504136,194.3052800256301,330.5547787559423,-396.9793901163223,259.97348123973666,267.7197132259684,-154.39902924490795,84.54552040514044,276.61346182851855,549.2887249052598,278.64851594432105,24.610738840495415,272.33596123216734,229.2884630530727,-96.04582057910665,190.20336239210866,111.73651160615772,316.6355261603605,-253.55313052771794,141.67966508198046,14.009546778347293,69.59170297237816,-463.10791198899017,282.4063704039978,209.67618009236693,88.17562320409259,264.52109304864325,226.85850706534424,597.5514473513003,269.60433001306285,0.12880112688228088,570.8155319316412,438.17812226626484,420.2210925377502,-39.976054199214545,376.163313662881,420.2600018931651,294.3873150276534,634.8710035501389,567.6927769113587,127.28193682576251,-193.55050966791555,126.58382134315075,398.3331999082056,225.00809528864286,60.31169115120101,273.1536418828805,-258.0363001185629,-75.22637369198114,388.76256375214933,72.19360814976314,900.0814067774072,73.31621856593196,333.51875056958954,420.1016202788761,164.03030934244165,319.45306039899697,235.53386805777077,413.16115227936467,388.9467093166054,170.8636000714522,72.0584223516152,596.2622821162798,-307.81397474947426,2.0152786365021655,102.83583780427772,168.57011179645693,279.34982952906046,119.75403472580268,375.0852106002672,161.33250442800698,6.230267824073634,-59.6192354190653,333.45207037965355,-112.01918100244832,292.597599735497,199.17685530495592,57.307448981913076,-65.4631490001459,302.3158975180828,155.46364238079343,181.9245861082909,225.98123361011392,-137.8827495113292,224.52458506366924,68.25135087325486,49.4740977308967,97.6989100602128,-155.90724688495345,335.7736283614488,364.1774551086428
-54.73478822348443,-17.013978907089395,-263.6152570585265,-150.63400620948266,351.8238713238429,59.793343342547125,-72.05711226031835,197.42654885033056,144.21462328093915,-161.0381216685717,-88.71371223921476,104.38638347697889,243.68521977038537,255.69377233400834,193.36274850819018,-23.02480395903636,-23.711682030380388,-38.479662047291164,-62.07585166096288,-89.46890238283126,20.263633300886987,-137.22674815633994,-351.29382984009857,231.10112695617678,-21.83056922682579,186.77124200413738,106.9074475879575,-79.35763691734607,223.92719960382738,-117.10971573148235,128.34670423792917,0.9603271158437501,74.22238264921083,-100.60989735215199,-162.0439445846759,132.886693305939,74.46677832631163,-210.22293929465687,324.62378712301364,169.66438036696255,370.6632488959882,-92.51346213520772,-98.46933529928604,-49.71848556041612,434.8877000777528,-231.93424173392108,134.52382781131874,-40.96419279417876,-255.4863541080322,-106.4366567322032,120.64725759500652,251.44812471075704,114.87584815506901,86.91207288021805,87.03127220243867,220.8854788068223,-53.7255570783215,47.307253743284356,193.9989337285118,398.04943982559683,39.05736113308178,12.506774089162201,338.2444006995609,11.141312440014964,-187.4738944145024,-60.5702717251006,131.601580053485,253.2570992726994,-521.2200265701736,-24.228069480829046,-76.31110640809717,-161.07101807797275,-125.06844713238364,-130.7922230488275,220.45056417336525,-38.03670729289389,39.20512485652564,34.90995769953837,-260.4924138366971,-12.8266538397716,3.576274101176823,98.13844067290283,-53.95519430566104,-31.030066633663825,165.95966196768003,-108.03632958960176,-200.77325461780447,-107.44112815342258,-163.64585908356443,137.84077302329854,157.31633701701506,21.37013036280643,82.35168776795163,-99.72982844397522,109.88657508862744,136.85884809802468,-128.06096863273004,49.916329808903164,221.5969037659801,177.06279323149954
266.8309048904804,491.5982384422873,489.21516637973457,250.4011427956236,-167.89542631891337,500.1536936066028,242.0286609156631,125.66882041018079,164.34756059864335,402.9190857042858,202.22727975327004,496.7062474405154,324.14037285904067,52.417521813902596,601.2228198902039,622.4157496827169,185.1641118309912,377.43127323195483,396.3473197493098,400.76495317978447,347.928415257334,334.3990568195182,484.3587978977557,165.7792410778085,335.26364658811156,-120.94851802014767,383.23527037758976,480.81375728112425,-80.7049209878207,292.46236715818196,328.7324307549941,304.80511612939836,295.0654306327521,380.95084831741855,292.6618741416671,66.21731501989542,168.2855715376469,709.6696192939977,177.56676912104012,64.60065543129312,15.421414986906026,271.48651474618765,275.0097683751222,512.9876696879726,119.62000619717459,161.6997958155942,128.29496458159386,359.30644531534267,392.71027751560285,178.72828981835153,380.5259948528356,327.94110225610524,279.66630480634205,435.29913803749633,286.77721230216576,309.57182251141927,254.42081704937954,232.7921704584666,183.28630082873005,-112.63370550365899,417.7576484662769,540.8355005944435,188.59630046721895,507.9194616407655,516.8044609161772,48.97685457647043,156.53430791989882,135.4522026403215,603.0729195603657,309.9083691137093,390.61319940996736,431.161546394057,362.7498203817116,481.98682844806075,444.5310817355939,384.43184298714397,454.35449665611566,628.9535814247907,191.7510714478567,57.01977491524233,315.8823886523973,191.6745182946265,249.54567089588258,43.42117675986016,394.5678555826632,518.4185120955661,391.8970526600488,242.4662841606634,632.3638195057606,631.7855831694662,174.2320093320244,207.66837047640075,130.92131459871277,449.4804687153349,-78.15636053279779,244.7025898696246,428.69870339806846,676.4752235090336,175.6715269195502,535.9676502090186
-256.36830035372975,-616.063981696269,-754.8149923522788,-697.037533189421,403.32712324684513,-631.8207951353589,-449.7737283324514,139.22146152852116,-278.43200924533573,-194.913663958258,-658.0881151624999,-524.2262060994049,-964.0188110371798,-231.48071619136755,-504.4887037077156,-615.2370624531737,-528.1579466990901,-971.1492880833329,-485.5469684597529,-897.75557650804,92.69025860847265,-207.91127690514122,-517.1823948839591,-777.9580135441903,-67.50074793124095,-52.86021570269562,-392.9192564740439,-621.2215683300342,125.18565313251432,-597.6883009673367,-116.5838677452395,-556.9553734924543,-488.14926781457126,-386.18254798185603,-140.8090295849129,-143.6324015809759,-396.1897500392535,-439.001730533669,-95.38318184437216,-950.3574512120422,-50.439113756840406,-316.0602626322558,-622.8496038164003,-368.85915470365273,-346.9447542403628,-543.5216474848174,-121.16998569670059,-287.52146707156476,-1072.1728260692093,-335.6616323881137,-597.626833793561,-742.2991876299769,-216.15999660097262,-688.7164979016326,-184.88274821625996,-752.0014875684885,-793.9084679976345,-36.91439337055704,-65.20476428918987,188.73525816990855,68.91457854182309,-472.1779167185016,-151.3226746590946,-596.5646629094349,-298.4310311477127,-810.5634373173792,-281.28865371205865,-54.22126455753675,-599.5844386324355,-251.75013228607978,-270.25178032312147,-220.94881050918545,-500.29903834518194,-679.9108795360353,-321.6068740050524,-843.2275644996282,-361.058744374712,-528.0242361590297,6.217659043832337,-272.84628678859167,-463.9583423368498,-573.907950458606,-547.2200766321146,-297.3002083810693,-228.9498800485482,-130.9964257470513,-635.875279949843,-873.7838113162629,-1011.0451580886078,97.26182259251868,-297.4084771288886,-220.0869706412246,-483.800197553498,-56.311245623192335,-15.140331863023604,-235.02529037563627,-1193.7325724917455,-280.578945958362,201.77687900428987,-482.4276591145951
356.0922727762611,183.85608939455773,257.5463866676149,242.88998996960737,-127.4565208520045,164.89652564879026,-128.39834118341005,-545.3881246159159,-260.1300886573846,256.95550321357183,359.6270061255875,-6.353973523083372,581.2550467160088,-30.399658771996503,309.98217973101697,385.8184407795867,-7.814736371746085,101.5923177703108,-190.94423416333993,-13.861173678763068,-99.42261436896429,-192.68998267019543,58.997525305664134,465.24429011789795,-390.48604004868287,42.12315498546942,-234.3848235751472,505.3108698866036,-158.3225944145918,165.60910242967574,-291.8376261063336,376.94889655698495,77.55761325855896,-45.87445610751609,3.0273420257923536,-318.24056728300553,81.42527886864819,-317.78197926046926,-462.75345552106626,676.0434039902767,-674.7254432925134,-250.06412095988472,137.1746422196504,-85.50908161924474,6.431789664219107,182.97942833480812,-193.25223863811894,-314.48156615116307,513.1473426483508,165.96741285719185,258.2222033640936,406.9117500327367,222.19893346617283,57.69801566824835,142.33027439990246,303.08840000517137,198.6410540578649,-195.98764574058995,175.8901911953932,234.28811402510124,-384.3067954758499,59.126139892839454,-546.9686885464786,-43.96927393248931,219.04799303104488,451.4936857738657,-179.5699920552266,-354.96636347215383,153.0763000317495,19.386872674674404,-208.9440280304861,-439.7768737422777,340.1701128736144,173.70912341560438,376.044051891868,456.0743815700169,-5.5169804918771685,-174.30709180487216,-50.66348744212869,-200.5982866351331,-23.92985689784705,68.33399002303263,-127.54698026182811,-22.357403490790432,293.447708673733,4.831678584557537,-142.5649500735734,438.8048449605055,517.9344569762414,-232.15741577337832,-93.18900638706431,-63.835166541160454,74.91679885784936,-177.5402078806184,200.59767254584904,-54.48844781413496,336.59089006582576,13.001333004533329,-350.55251857609517,-71.2501018329067
-318.3265881599248,-700.4080958244547,-584.4719554521546,-508.3279128099019,-126.30070424411889,-875.685498981261,-389.9098324891765,32.55232124192967,-70.12472617797923,-614.6194903847211,-537.1900535377487,-670.2895705228847,-843.7179328441512,-820.8337486453573,-760.5123193456453,-698.7720976229308,-218.9165637275505,-647.3035085395622,-347.46668369892876,-187.86454186170656,72.67683935891436,-17.909390881697753,-202.2666113007949,-743.2934492932479,137.83077330625125,-472.4988819170712,-248.55416744084292,-583.9635321523697,-471.7211870713779,-277.4542005076076,42.04967485781399,-361.68975119383225,-612.4198810576428,-587.1574583507357,-239.85662200071917,-381.9845354184569,-660.388279115556,-273.493192001106,-152.5666589290757,-593.4072308953707,-262.5456740572276,22.314567609825215,-106.01155885881256,-4.337613998081662,-357.2450931676299,-502.94836480452614,-286.3652090727501,-147.87267180918312,-455.3756826611639,-36.55164084897906,-542.5817301415453,-1172.7360394150326,-706.7204726054954,-1051.7863802399663,-555.09718081274,-781.5302179229742,-193.78599620885655,0.3072956151787649,-427.4464116961399,-138.3816566922407,-152.33159446640138,-487.6009679714791,-184.22921453581648,-504.363328552369,-394.6959285141577,-724.6767638377031,-685.091869813262,-81.04218179774652,-454.38999939495034,-187.01883239842184,33.78509831559847,185.9008157523912,-546.9837525473988,-162.30356522955557,-972.5099810599829,-335.84499658550124,-658.8661599903256,-293.740696124408,159.0565480051594,-280.20591881750823,-394.24801137266905,-656.3771200066335,-431.7455438244234,-128.47493580616938,-572.4231645337901,17.23284752377037,-202.26132359414035,-402.7571831849187,-622.3844021637822,-283.69688603719817,-350.5349132461596,-155.9443470189614,-281.53999861501273,230.6390301497121,-233.96938906580192,-477.99513202678,-484.604586684105,-582.9628307479393,202.31663261830442,-712.3440212266036
99.99981015891649,173.08683723639842,287.6948958371645,278.10918562353095,-109.46130869167423,45.76248574517075,-89.5328343351056,-193.15842554023646,-233.5379641671944,-25.024193927509113,225.70438373041546,-47.63361155773847,165.8246560887757,62.34758780502497,-154.17982879760132,122.64965623305051,127.98886315974342,192.051444247208,-80.23853765264691,87.58960300138816,-192.93447151190549,-174.20670207356784,5.678252576151077,231.1655321679333,-52.45655610086148,56.68457525198069,-340.4003117989566,244.11340716363213,37.48347835909852,149.51551067371992,-184.30341118078803,47.172723709814385,-12.368384654797508,149.6503293463524,205.96485809682028,44.31879568669183,222.42514739735435,0.10262468807255337,-341.9825172277664,233.5991380456079,-214.68888330840755,-18.40754776971329,13.257878373856684,-193.81767936274085,-198.00243081623918,324.33552119838737,-75.18035259174495,-209.0651508303237,195.29223883138437,181.7621723224697,53.96229193018836,72.10323329423406,-180.86861195007214,53.63402792083269,258.94687473056115,137.13634240020136,290.1947020437665,-97.25785029367873,-213.701185219629,-223.56317608718285,-136.20946727630178,-6.714130489931014,-165.16665719770657,-67.6400824281988,146.5546139133534,312.7446841709267,97.32144874406666,-350.36143505964014,-78.10261278207872,128.66980626770984,0.4550855769827266,-157.10276458640368,309.11094805516876,94.89191450322996,-13.704712799865188,62.505376351534636,-28.073656735366786,-203.33916790510278,-75.83953512059342,-28.972744743913097,13.58511527671755,295.4429693976623,-192.40999263188786,31.881426069622773,2.832941087155606,-95.46107085733647,97.43450190853564,340.27751746888987,43.1301869344782,-173.6792097769539,113.22358733085665,-31.13189395755038,151.23797634854373,-149.09769688178622,73.90902677287815,-53.41554113052475,104.73341025178009,324.6518718691535,-550.6430625179471,-221.55120613834865
-11.935812993804625,253.96841541858996,180.58422993625692,441.71504452124174,513.8675550502113,134.2053103399573,-8.799473845367395,303.3203784586406,553.2131917271815,10.629515617098802,-156.39967426906063,292.17779618683,-119.5914503124571,-2.8108466697057546,169.52056991161265,-452.1000685456507,351.80934819011566,-119.34022379715049,27.86767028061293,328.6868318940449,-263.55465317797393,689.8858198371171,242.30107208114097,-465.6968300718717,315.0302957285639,482.49303050948333,477.61132556759316,50.433729972701066,331.48763988857945,108.39272963922377,267.87773056771437,82.93180301582564,92.42208521163303,-407.2548346001666,-186.11620332829386,643.3713772859325,270.29346791406283,5.944434476085731,-15.693653964783396,-85.17161312492829,351.47484901452833,259.37468188672983,815.2674829736242,172.6243962277973,-71.86545189658246,145.4233329647988,-419.31289853484685,613.9283104357411,159.88910881686323,133.42649049852395,-165.57843650456624,163.81127440143396,386.6688123412065,4.052085417928246,41.004106648475904,-119.33645782759658,63.593760007397215,-27.3706901702185,474.5575413895005,480.76989756980953,58.88758845115526,-115.1061131904604,431.65286932240525,303.5930454450297,-266.5727308096938,84.40398364414239,300.39809623879364,528.2834831859944,272.3491590285061,-52.489522480625006,110.6669818558348,20.24631464228746,578.0250534120449,239.13980902376946,-77.0489196530897,-91.90291569681038,181.28262706722526,-117.6761107999835,802.7838177003648,316.0234002032548,272.58271230344656,54.72676378761051,327.1908359245134,10.543841445325143,13.627425566176507,602.1225751194361,65.69421034125155,-385.06530125063773,216.3346027871665,-466.95369820791444,87.29018977390707,575.92586172765,130.9932776290742,449.79030329802987,258.1359334147037,-81.83774573092275,-50.18521106599997,-291.9933838089077,740.353156285287,81.02270311680024
-706.1785507876443,-419.0296699052939,-481.73773680658417,-790.0333759479092,-1145.2044382109314,-312.95413260504967,-102.36019179924374,-185.56874851304474,-918.1047394422876,-1069.4745906085307,-703.8789214334424,-453.8604639208126,-610.0392813858787,-691.7211817384266,-625.3676921634483,-138.49623399624826,-578.6522002794853,-267.00249794705496,-272.5439860590078,-458.12896607014153,-617.8378163688575,-1510.9699693321515,-717.2789455341486,-138.91254034568183,-615.3947871116991,-451.6070132177392,-854.3364700062159,-557.6906043058257,-999.0738191682625,-513.3902932718546,-541.5717330028472,-693.8255345044147,-918.4019125399241,-543.3178007877938,69.80622986514958,-1373.7541596310602,-884.6936189465233,427.8152825395258,-100.61703744641234,-683.672834577782,-411.88583733603116,3.0906278465963015,-831.2875829054096,-583.2919159754626,-674.029624128331,-388.4405241752412,86.77090913136381,-737.5759440175789,-473.1547959528173,-731.552508158085,-371.72858729187067,-616.2635322783082,-1976.6997768561077,57.30215306237335,-741.0675898056758,-46.797863435570896,-368.89639021253447,-142.2164576317028,-1457.826136230488,-1200.2866169745525,-295.9647186537425,-775.661132432381,-574.495906607168,-716.2252473436258,-342.8282772925041,-463.5041450822746,-511.0706101748485,-837.4111989136698,-464.193407431791,-259.73295525491955,-551.7457475685401,84.78041953273286,-1111.6052533093841,-736.6651838215407,-734.8942058504399,-979.7762667574428,-865.45691191108,-175.86789875906805,-1091.9939229467398,-646.3368282348425,-508.1113881056249,-829.2325034739605,-641.8728758197909,-798.9960007315506,-698.4777165079811,-829.7975128000147,-446.59633351109613,-620.1782206304358,-688.3812182507488,-134.37525030847885,-662.4350676170455,-737.281693549173,-110.8322583827313,-996.9797625250376,-1464.2181430166813,-398.54220837833554,-428.9043710579983,-660.1161820471913,-730.4896252940348,-344.6000194264699
-266.64612099018086,-106.03392292590357,-141.5123909796593,-54.98806191731606,245.95468727979133,78.11718819796741,-21.2225267209237,46.048100731574316,361.5932665108134,54.98909135922671,78.22775043766116,-6.1940639407048,10.876255985097226,167.29182150206032,51.19811029297942,-122.50997695844853,-342.8720848171178,-71.22162534589916,134.46596127170812,143.9453758011212,2.5198046105688703,421.48034585368134,-107.03703613468282,-225.2118053102122,148.29087679913962,-218.34078587623196,169.8827440901629,-126.21951358820198,-25.57192343608281,27.940270970981672,96.72026124103651,199.5426871976993,325.43414628546446,111.85272135832018,-476.88233994235463,288.1308821545101,-29.720327756431775,-188.43431011754063,199.34180193723762,-51.01640798934211,14.193201184332999,-13.592709410478994,181.3349167855055,-42.271134943842036,197.392007639737,-83.8639087039546,89.63594808984459,342.04621654888075,130.42757183096057,254.83769357934082,-73.83965445867793,-0.5201038591165997,292.35237556027147,-59.180646209491876,54.598339717013125,-2.87478509067945,-452.81313840794485,-152.25919177350025,242.08494020551927,28.575879903737942,-97.7635509352742,109.87870880735365,272.6767759170458,19.17966333601876,-261.03802650470703,-167.20232324181214,-18.665381963963608,8.476691753972473,51.37233586074378,-168.94089601598702,-83.1855694752438,-165.915907568314,-238.69378035593402,-79.58478198445742,267.4844235266021,-186.59790935281546,60.2946954551729,-187.97662171052755,-8.378539825367234,224.59749845727782,131.40760657891622,131.76895253173547,113.73970164269909,54.77917210024238,67.80530757326893,-133.41813084916691,16.914460882550774,-330.32814193424787,52.58180513636256,-28.674037526832578,118.14382871650447,-20.053035455319325,-221.71057452156163,-229.49871945959396,-237.97107552097995,158.18298370851514,68.37720546621362,-174.46529494594728,34.04873567370095,5.776535109178758
326.48276862284496,-152.74238317038453,294.2538681936722,-123.52746540744154,-593.7974637877052,10.192626753768394,518.0432342399284,500.29060714976504,-13.268688953797293,61.90440666989628,-150.18749511894364,138.5927536575712,21.411173222551955,-354.8956604417076,-8.873168700137748,447.58331000558417,-101.37210694640342,611.7676396196777,200.45576527926758,-137.15240192857206,276.53852204565413,-370.31955755174846,179.79472107606625,557.5962530950856,-144.1049516479185,-124.05882924289348,-202.22131166400612,-572.4598651149032,-461.39469609443256,-29.054789106109247,148.4002146346205,43.43885256306251,-164.1755752636118,-434.35193799379715,212.99687774748176,-269.1180719058557,-39.944037873763534,-215.8682157224127,-212.5281288046201,242.51736895187722,342.50970411361044,-280.0993425421699,-674.5933139649055,908.0570520071332,86.37447106276488,-281.35674607684723,313.5589580313888,-401.9578110115029,-237.6462342799639,-545.7015258922786,129.74838393694168,-424.84318660772766,-5.376678945972879,286.37636776586584,-28.664308154702447,-198.90815579082238,450.86954593877164,163.60864126197123,-90.16021850869855,-580.2074553469525,240.9318769383122,412.52226060383845,-163.23217881095874,331.1554905641387,178.89676698115724,-85.96521038175672,115.25070796015285,355.51311980411623,89.6563902981527,-39.093272044135915,561.3976801884227,126.73380560504702,-62.08400012525656,-356.80131225797027,-214.81525329796975,373.64532751109033,-168.0885531016739,861.2307077087015,-454.8021083833314,211.58761905525756,-161.51190163135237,-40.850879752857175,370.573559920726,105.28666198228552,-348.8821315755199,-3.701965206117752,37.14574939522469,-111.0398133299609,-155.74252489413203,270.55159872495915,9.293466060515017,44.16813844332256,185.3549044007091,73.5437772171269,-259.3146204936653,-12.385782672792129,-126.25912783919976,-17.634542663835063,151.23995657722662,83.54392300735113
534.8384349303963,288.3852455850956,430.15372722942345,184.75858113609544,615.891013212584,846.5861037516753,458.36276417916685,4.440858618912601,606.2293282123991,836.9961070402398,583.50695430546,189.52006620465812,663.1762989025618,637.8165439186599,533.9187803500616,192.8234103821772,626.5392478039724,531.0979855206037,744.4826675295072,471.59372596311516,518.7962773627851,689.6789311564812,901.9847363814196,202.39867927895284,474.7029009069002,271.6978913865601,972.5538738808233,545.4987151231416,650.825117137142,332.3381808659719,389.7717897324544,462.63015283824046,536.2190544128945,748.0267784262413,286.39054925516626,372.72927459445077,307.29554279822713,640.9588154607601,891.151338187106,347.35416459046075,521.2768338239915,386.8491145772879,568.5856300973829,373.32018963717945,651.8741797152966,465.10074937030464,368.29296843300483,490.87728823483786,365.4004845103848,545.0018298191402,365.2042969353786,798.3921983849019,598.2587323330928,317.31489656270304,520.1425889619059,792.6576669452002,127.93459944505354,822.8713998005755,550.6980670718305,757.6637928328986,454.01011893474515,511.3878510017264,531.4037522324268,409.37233030338973,410.2133750919212,281.3285764915711,391.21969498678146,651.041630072135,568.5064966059632,245.05090511596768,318.13125756958647,408.8967331343692,250.281965979477,449.38979992818355,420.96119476536154,585.577058303948,490.3517785167475,569.3692797840939,301.9969739094161,419.01411329484864,437.9482842420418,467.64386323809987,555.5950296312684,647.2855591457134,535.0876023410369,153.66583332416104,554.2445374404451,432.18851633283407,436.6888810887668,495.8398235352603,522.5967204390739,332.4888302944723,177.68252587328126,176.85184195145962,648.7684613917518,487.82797067336605,476.82403043255545,529.8335593877259,440.3780087003616,587.2107602308726
259.2878655174891,169.91628740789815,243.59991467489647,47.33448986423369,135.09094637969986,106.47691502618363,381.0079197574823,456.3363791139105,232.25273203909484,55.68963457325629,198.52962783011776,187.21572429192554,-36.35263991725902,214.20311326321388,191.97854012551173,142.12055364110756,207.72133000291947,-26.144609019942312,300.40513696272546,258.4371744165268,344.6713734818453,203.42376476858388,195.4791798724299,230.14850884287208,234.86736433430383,243.0565299950701,83.67231271010768,-6.997323965211965,67.3751498921922,174.4024662650563,499.24864336682907,65.25966722080311,39.150944689905394,336.38205212192287,296.916731324276,188.72130473359263,349.62536823304066,-205.18498510857714,1.3544747651831257,205.28347837913793,259.700904222343,7.942038302321195,-128.12591983010813,278.94335117545353,213.1147474703785,-321.17854600717214,159.23918169610485,-44.83781575941137,-403.91873707191155,-212.107337119607,211.53526009156678,-76.9696419779132,116.98116460732965,163.87783481412973,229.9764452588075,-99.10050290480231,421.1335401986858,51.69412390723711,352.2388312086375,426.7561722965146,480.86937510425577,501.379205280444,207.83788216280766,363.66021868362964,216.11092175940567,42.220794235001144,323.09850624782433,591.5373887864216,-23.166206880545733,302.8037044560649,275.7766265262927,221.94260317753822,256.0928917941156,210.3092351220387,106.39320166525462,351.2992171149787,231.96655906629337,309.51160125749107,453.45089120350696,263.4851191456677,70.90093064462538,253.3199713727401,129.65114172112462,72.46484339204979,229.32948697393718,318.41332813069266,45.892424121787954,402.03254584020056,32.18842710878928,62.645073982872276,602.0648890624041,271.0021197832366,226.64687810418707,792.5711447001989,40.46587208748204,151.20193033844114,81.44125481529466,243.35989124679793,428.8716505690672,166.2798631592647
932.7951633548712,493.7029511223481,352.607232690764,472.77833852274773,420.33481707434953,328.2729422627837,49.66303955777758,-90.89239413974475,407.3800490275569,1397.852080574023,853.7479414824279,110.98687133476894,687.2318109384046,732.0809125886516,698.0214851337381,559.1071056184292,909.7226319382497,820.2583184517408,329.4579425826179,145.43639037270526,825.283725656025,1225.0511344945835,711.7181876758259,555.5020232494635,427.99272530608044,367.6998709526678,493.5161909821313,848.9507477180114,1158.1546167257347,300.2927410229921,76.3335672318277,333.8836285621734,554.552018596935,671.4517001103425,504.872509129428,964.4304000152704,647.5016715251642,422.75846734355,347.77155163849045,590.0521702935935,329.03709330145284,276.08276461968364,603.8336067311241,462.4927571948204,665.6626009890429,887.4702220600343,158.6024536574909,679.8381921186971,645.234720547366,954.4824322283628,526.3257136439728,954.3360813711807,1047.0865280641087,209.88859958102606,515.2633220995203,438.7027374142402,485.02466897378224,405.7523342306645,933.1126661858387,1090.1577730306917,836.5503341258309,848.2736577035238,524.0042839244586,649.5573259066584,626.0004457001738,569.2314942715926,35.74506029615813,446.1332916650373,888.5548400718042,325.89182563339216,230.77180418594804,411.9568948613168,639.9495528187723,628.6937398231715,430.0090954765698,1010.5931919270085,877.7213662000976,394.0510058114032,472.6875321002064,227.3095332655343,470.7740853656539,1230.0165360446474,-186.37019362761694,851.1003492288287,740.5887334501155,396.5908773983365,731.5941547180462,1152.5378430497221,582.8831138126097,1009.6829182593129,447.77588866355114,798.5288782048063,387.4648270025701,388.2570081044027,1271.6597211562498,635.6180624496671,515.1170792813358,649.64624612864,92.73950341524423,509.38974394737346
-332.7824596943008,-451.73838873551136,-347.92897773862506,-235.8677703871755,-115.74348137894837,-491.684129414158,-39.40930693225405,-680.289320306735,-983.4823319728146,-422.98696370062453,-642.5038945425216,-222.13696547852138,-185.2616216009712,-279.9722342953532,-550.970960414728,-402.6363448096807,-357.58787856738195,-238.5807380727072,-610.1820390261354,-284.60390376111656,-211.84370017938332,-1032.0591764028763,-310.72857574426246,-113.41524180586372,-699.4387223262248,-126.34487108518674,-372.4255467731704,-410.29554709865465,-292.0583619088703,-483.76911997938464,-340.1829062260792,26.519749361411748,-738.1338174837218,-245.26663097644013,-342.4424042422805,-506.83773685634924,-547.2502884680521,-430.7097297862906,-412.80246935044835,-145.24675653196508,-772.2640530452825,-663.4984726103087,-973.7260435259653,-478.39229482138677,-763.621107063255,-270.7659775696241,-460.84322975030284,-695.0423830353558,-457.8478146023517,-566.925388086966,-244.75857973960575,-381.16679357549015,-223.59243490578086,-581.7719486769136,-311.572055369778,-382.32618809936116,-66.58490857665007,-538.0827554727067,-944.3963310918133,-244.31677039807565,-707.9136021941493,-734.8083271575634,-875.7903012658629,-871.1542911648368,-374.72207744545767,-88.4363589887477,-499.78855535241263,-586.1161913349569,-500.06701328948157,-381.3676330015246,-605.8343481457008,-744.6321702420393,-238.31616284633031,-617.8408349737344,-419.1663172019962,-457.6691697989438,-687.4524508112494,-412.55277081995683,-582.6170973582144,-625.2865896842954,-600.7412585560456,-691.5530398321779,112.30904912755238,-500.88151915742,-530.3437202609383,-807.9153747096609,-376.69827882951347,-248.74370489798275,-518.3402565795119,-634.6264505484356,-523.3059408385323,-661.2760848931385,-437.4771908235667,-320.39207543810494,-410.9066188015881,-371.6229671292994,-389.38034943707515,-449.96597513884177,-492.6755201975617,-718.0892582206106
-568.2632913093693,-208.20443339234322,-94.36759358100551,66.36094291443094,-478.98471153525844,-526.0084708515209,-747.8588792636488,-147.343729976776,-271.5375822672374,-353.2600600682338,88.25958263396988,-207.59092104593142,-213.33361235474112,-80.13029254855219,-45.619204372445665,-21.475692229582577,-181.81922564256183,-448.5277080263839,-198.04383673582134,-354.8849105797975,-839.2576829063715,-183.14196750349078,-745.2257200325583,-357.3546117820785,-150.77750006176154,-111.33572295196387,-130.52220561439051,-29.692665127582607,-262.47788927035685,-90.16114060620849,-507.0727423407448,-730.4084830624563,131.2123700193001,-149.16801809431286,-93.88953492092165,-128.16164135258012,-268.46227200528733,17.87824934254781,144.30669096830954,-479.616117050967,191.978747128838,178.97801063892524,-47.22099800270411,-636.6610755506899,-330.62218239837483,111.89959179869737,-99.42095774402753,-101.85506674192929,207.7174891928757,123.10411944170342,-40.66624033107536,-161.40509397255215,-331.92918991567535,-52.37197847976643,46.82960725575726,9.354761387610944,-534.0150098960954,-514.5693895250196,91.28023320219405,-497.3436010298278,-199.5399264851008,-507.96261618465303,-218.78899366071602,-64.74404470399514,-345.3485674769886,-200.31558425469296,-39.674856447039026,-504.099894276453,-279.64730731285084,-195.0217194704646,-529.600207694556,-303.959608826655,51.944300137069064,-16.76429769418255,13.55810798477605,-428.03917743419106,-50.463335287303444,-383.5852593200433,-283.16350672924176,-215.6136464418996,258.3281915195408,97.8460710209534,-733.5948525000498,-450.25879800843626,22.206189837925052,-135.49255003439993,-72.7722460871739,-175.84542470300354,-86.29813355185219,-46.65558085358115,-383.338804428963,-128.46290170226777,-99.66484538569846,-509.4819851331895,-386.08842043091715,-347.8448366271109,-527.944353896474,-234.88732287042524,-522.895302024827,-61.94361773678096
-172.02435438635655,-89.91837968884734,-244.6356268738024,63.95492392465062,-1.8604091041870612,-217.4596371397707,7.622259234462517,71.37812386909218,-34.01148391049864,-227.89631245635732,-252.18801620873242,76.05660411722863,-30.52767828955305,-218.02770799525126,-226.42658412795254,-103.42814152386373,8.254608273089913,-57.30748363088969,-168.27292368363166,21.889173311266532,-101.22439118279186,-166.80257650221483,-10.962962172199445,-63.83164964575268,-41.9345725110621,-84.68016798769226,-317.43627365639264,-63.04903102319178,-129.71261421335507,-86.9293128806537,109.00527985252123,112.58359518330408,-142.6624503671785,-242.51141759208585,-56.54868633893577,48.7473089091693,-44.39451293894879,94.99843254684762,-161.05975798379507,-65.35408662696311,-206.05913156618246,10.162942401235615,152.0477916982235,-63.14887513397246,-34.36724826445509,-73.9798484697968,-242.22787142920527,154.80134634573068,63.9145411072576,-99.84094510206296,-85.06021776511712,-52.2674405574407,-227.44319574912572,-93.34716218334937,-213.5491746258299,-61.409195919481164,148.54846512262142,-55.922929348885994,-227.6623245742955,-121.35156348785411,-43.726283789050115,-84.72416636209742,-118.61456543972459,-208.13719383963618,-138.04587123226185,44.166798288574604,-191.42394711900383,-173.90614919966453,-119.48282465286017,35.20153330753732,33.9267448811875,-31.380567765527438,14.213251757226105,132.07493107539693,-70.68862077110391,-198.00561767595352,-32.79761872327483,-179.4434529745603,-92.54303824056498,-30.801603585948435,-171.53174139592744,-111.63487863758257,-50.39572352116822,-78.68377401590794,-142.05385473173632,79.832459285826,-123.11248168732222,-208.6293099215682,-45.245386979215176,-96.1464915054991,50.766322295513255,-139.95228981018283,-60.63678325512172,38.10635975742158,-41.78178183372865,-76.6701543537273,-16.14915532180087,-9.119447446728598,-6.510795452867468,-209.49535350509427
-32.49601303132364,368.4910786393081,225.98241775725836,-64.5429387123164,299.70818300841734,180.99598190786386,119.49117595931915,31.657178406411184,-5.27499648181267,55.659146482133366,92.71615225297657,41.55591859878778,278.2826286360576,405.7467947170467,133.71052397326267,272.0903801319153,246.87180324430022,-48.467582095156374,-91.08086583835747,349.78423874253644,-54.18685287887607,-92.06723292142527,-12.777499996108524,148.78992567927833,-109.78767139073672,310.8342950913825,363.2037690301748,365.42386692740297,295.85023917725994,462.6976668187812,-332.4251615378906,4.801791948880416,284.17717319355927,344.5445534468168,58.49347877989418,425.9111467220369,198.7837914173108,371.2878500485669,161.9078978511196,-94.1435522260232,584.0592974660436,182.1106885937843,3.3954375010035887,-170.64387696414286,-123.42258917597655,508.96397783691737,254.91941297867822,18.990638742019982,371.8579795959746,317.6449839235816,265.43203214811916,442.3818315887483,370.15450333957926,481.0367300571008,205.18581820236992,170.2897107624133,-121.11556760801827,454.6576906346507,220.7915810291923,6.224832548463117,24.134015707068986,-114.94742990183161,447.4921766920504,70.96051996835968,181.40403637398984,69.48651043294086,592.3336760254637,-247.03849105177127,276.7410736260452,194.1676105063202,89.62500520350477,43.130239661948195,366.5818714229491,-92.63576058002637,260.2988997896022,-236.7753569654895,21.18211989032309,59.29705720531838,195.85796258491487,-70.92457949701165,294.8891027187729,-184.08576303514232,399.9322635873111,41.56886030600706,8.73019424108658,-83.00937685412885,203.66361886568416,446.9729680229612,274.28173534608396,-149.07075925068304,-389.3664025800388,107.88157421686894,203.57182661830504,-72.7829892273552,352.4758475152151,-92.48892773131092,-86.84393790431164,321.1116233691189,83.8333438938579,244.39407063025635
-622.4130182490437,-1087.7142051792955,-890.2760678570866,-651.7634027523279,-1332.321495338364,-977.9043033333547,-1061.9856763370183,-720.1107482340836,-633.1146435501515,-1573.2290616927799,-754.4643102928638,-639.4404814220605,-1348.1024118006244,-1272.5941496858698,-468.38543201323125,-832.8295594279306,-957.8010160633697,-876.8652780273438,-816.9893829599706,-967.9738022502002,-874.5552359043713,-923.8328874270408,-898.3593927744632,-781.6850953344749,-580.661840825791,-1268.0660929147532,-936.6689976321318,-1391.3355351418593,-1362.4857901813696,-663.5062031999662,-176.84637806639157,-1181.5631207722874,-1074.0313983799267,-1362.9698311598775,-643.8037289800703,-1256.8873977027304,-1157.1661291160658,-745.5202362126239,-796.1215408280807,-912.8045197274241,-1352.1414307940292,-675.5232372698235,-662.8541497833323,-298.50367734523167,-847.9675788424832,-1774.1897686362167,-504.8206644247924,-1067.5054274301008,-1051.9260759678807,-644.2763851290027,-805.3349938189077,-1391.4642474230934,-1202.4752694121787,-763.5666804815187,-1136.8336263466922,-668.3903512543981,-898.124566646559,-926.1714760086055,-1044.458049964322,-1232.0415832772549,-1022.2159994887903,-969.9979301601529,-1118.6007705767358,-1014.5563346379057,-759.9444518450952,-749.3852311071523,-1094.5306351171564,-475.77327921683207,-1015.5308759795845,-723.9676278001547,-785.9792295974502,-299.2646612201801,-995.2355619893812,-603.4135969788488,-973.7279640489825,-978.9515857790858,-794.0433036678642,-858.8197952318958,-1213.0983641699218,-717.6171045927999,-792.8287020904208,-622.5773156116411,-1255.8869123812574,-895.7949420308357,-535.7460020796207,-363.87918353619773,-740.3328595394782,-1026.180475277526,-1291.1777314032254,-745.4912640225012,-834.994034715843,-761.1316132482388,-663.6115777942375,-779.1335415754942,-983.5178282870646,-691.679168880596,-459.4284489719527,-851.8090528596952,-370.49611236423107,-508.34166284425896
-73.93419078458788,122.87570398712089,-87.88501318758878,-81.53302914433169,216.94573526692895,208.85726969330616,223.85477194532257,125.70347830784225,82.09735042385563,149.31361213474435,160.5280356359572,70.02852234792446,161.22993937202133,204.34804250013926,11.052674367246249,287.38875702482244,137.32108769484213,98.5973709965363,-8.487780657929747,67.07232132784705,287.350840824,181.04983086343256,-110.96388685568886,450.74741254494404,-61.1532542685503,82.496191953626,19.76982431437659,206.63182224918378,19.066524134340224,88.17057590995378,-195.47551468738206,199.35682848216283,203.2210164337162,155.04156172201635,-14.151891276337336,17.61758480989288,126.46775283720774,-134.78458619442216,43.550494790023215,192.90843596480485,170.50630047587555,-57.70372609756199,50.39483563846501,17.670313704356413,214.20464543756916,334.8686940538329,261.8192902033795,153.8166438041209,-10.126089623329733,-190.8343975539233,77.29336507563367,42.727759533338904,411.1112159700686,187.664968894586,182.2521953546159,201.39205288820472,-0.8385624863214272,287.4007325667224,262.78965011008313,-41.911842827515606,28.704196486978624,221.4213175470583,281.0448279760393,152.36620885652815,174.55782661540218,4.979429251800255,339.19482797642553,-91.24225353188677,174.98750330212152,123.71287469499804,202.3617157831569,-68.59858916897812,148.50791666358643,-176.61892272857574,451.10872619472286,220.76045174759005,-65.42816756068339,144.09911674629836,94.97084188794477,242.10638512417412,-50.079775330547385,-10.009079534544588,338.31422113594095,308.93266773404537,-38.15411430675817,-79.0449744958661,205.31556436237827,113.22314667236154,183.63234219246146,32.895125149799746,-11.746905181461125,44.81608663204506,74.35193445043727,-108.095834223968,156.16984267132688,84.42634528415662,211.25244455168115,108.98892901883247,-121.70289474868696,170.6202285221344
191.3048458931126,-367.61874659989695,-18.32757531312875,-0.6646727644014483,-352.1736542603903,-73.26744904509806,-217.39344198841815,-177.83277503471407,-29.936822428494697,-712.888834183346,-313.38383295867715,-216.03570127674638,-378.15015932667467,14.651945332156899,84.05195416037503,-253.5845781217152,-259.69805778634407,-72.30951292252004,187.70762869895754,-207.43478831770165,-311.5361146379005,-151.30950354541946,-53.32900933708405,-285.7617692105258,109.8470354206848,-227.26536906182935,70.19355025202258,-240.9052738218543,-164.4013787207472,-61.64624419433441,336.21803723177044,-220.83453517285898,-489.0970572871156,-244.83071461161316,113.56230383947978,-456.4612960945943,-639.1914455743508,-1.8448095376055047,36.29771439659388,-124.62227517332875,-77.44638072040019,-114.67705714327667,-252.8170601680461,75.69897115617574,-24.210304560060116,-939.916776729162,125.27507081128711,-309.86073926645054,-191.96044827475853,169.59904276573397,-226.17441743890242,-446.74987729366705,-331.336773171247,-232.90985864892357,-304.3260535620999,-432.9710748108905,-42.49218405590775,-224.90898639785146,-33.48422292228858,197.31371872171167,-120.02259698123916,-219.7780522026768,-238.10180925607648,-276.4981184998975,73.78098957756897,-179.36577847221773,-260.5753150592463,87.97212697261968,-254.28786107189248,-144.8492548877719,-140.47638334579165,82.99578365347755,-560.8726497684232,-199.097993351519,-478.286907005637,-301.52593619191447,91.32269893638014,-38.92829036751009,-307.10478264318925,-250.15548343688107,-87.5029124943169,-204.7853006785139,-575.8635689301168,-378.26399674204066,-51.53736881272139,170.17765029257595,-157.07350984402038,-313.59253170377633,-289.5871004862715,24.825291641436195,-150.67893318842758,34.57483105883149,149.36305204639785,65.67908674168986,-104.73804240106395,184.44732932595903,45.68576397905347,-88.50988256652549,149.7705546622523,120.52486480611931
438.8472714725005,375.6909522052226,573.1053589555642,124.51740700982249,296.2893806913368,1259.7497498937735,961.3116053409251,265.8633425701067,443.74821205687647,1199.6226568425977,369.1059372711076,255.03021404806677,500.18725922243186,171.51485004482288,345.65907246032185,247.53516027116945,727.6156240476613,923.2561248101788,899.4896662302168,261.2783190420318,360.6927391064509,488.3050891329839,530.529403878418,290.64004601291646,216.19591279669748,448.3339884351454,1236.971547457508,329.7910235682945,584.1364465197702,224.6780580906217,329.72023597450027,294.5147053235522,592.044636301783,272.82111672464254,174.2268133307466,597.1258966719612,525.8311814635966,235.08844312960372,334.76873397111973,233.15303148479435,369.79707254321954,231.12512777914304,261.9478269383216,518.3261183898563,272.41525969975515,589.7091643930405,75.62481137521388,261.2987840379024,180.8148437489998,294.85012632408626,50.926213250495096,716.8627505534372,334.2408281900967,233.20424218313087,1260.1644685928227,621.7298517775531,151.40413041994992,1066.2017737086496,581.209362730557,271.9480548689175,432.53525949789037,341.76286473232653,381.8519404029741,490.1841357549183,300.32429516431637,39.445993824992904,415.8610706405283,811.5968736792403,362.04346109951564,77.06849039641547,222.30008057098155,165.95809180800006,343.54573938487795,347.5130247429017,474.1285564666937,607.4069216571181,191.64937650061742,1224.9709443075153,389.6002204350113,677.6602301952718,594.6258580509758,329.05681680203793,1506.2954404264337,527.7030382101783,332.4967507069397,231.27033090195732,35.82352732404835,356.6543404597799,380.5920534187893,406.0149310888404,522.0176449681319,348.4198877126922,96.93038252748657,396.08887304135783,226.69995162383591,182.70822879191005,397.0693504051341,429.65204995545486,601.9936664588345,115.17204582173336
-102.82585180337945,-84.45933231764059,-24.14397166786442,-233.95489377537402,-274.557777473766,-287.30856153802335,-145.42209203649037,148.49697694480315,108.03851168945178,-70.59102641652778,11.692709359002096,58.22912065829097,-258.33963405368826,295.24911646265133,-229.17772642277924,89.71043218630702,-75.44933136237385,-158.12725397355916,167.21106914274517,-146.2095932798473,-28.04796553762231,-61.52600688842452,303.7875461829287,-300.8110780885561,50.84409418717871,-105.25975777526742,-147.7058988556661,-279.8719826367355,-162.15826150310218,-273.4752475434027,63.42652827753684,45.74337294951155,-141.41762871225683,-75.37836030359507,-199.4289354525008,-395.77528487148066,97.44055933956984,-101.6458383819694,60.2135363235657,306.42346132954975,15.622438697830114,-11.452434890717637,-283.0184612296805,-30.383843003356912,158.7418207968511,-189.51658299068782,-55.201206724371964,93.4953380745795,-308.82500309226526,-272.84096005038145,6.02430788418699,-103.05091198555776,-169.0505640276202,111.16953158297251,-371.66466265220276,-137.88212119735567,170.72230265670322,-453.4871558777977,-396.48378436070305,439.4341421884755,65.39165324643187,193.03784982039818,-224.1198936052873,99.72702719324346,-88.90506666905404,-11.72197121185754,-102.1127774239092,99.91306689125082,-114.35364069856972,-14.470551672699692,126.26950508367047,47.114199779259444,-118.9663807081378,12.279446302461176,-218.32917925822449,69.9162925534465,-8.906934424839399,-88.26534519988947,83.10745104779495,-148.6334810152425,-117.50861606317575,-113.23246196699192,-17.263612667788077,-425.799637518928,-139.88295409119505,-182.52129173994626,-48.8153233285451,69.67439251825134,21.71517274596238,120.65954234079409,67.60820719417075,43.058231702148525,-225.93672420411897,-168.82389066453246,-208.55129408140445,-83.75210433621619,-251.21672502527167,-84.21187461875499,-45.19918237163723,-44.522444691315606
318.31273008532344,330.5218525099927,76.08224124864007,307.95028628121986,611.2472150025509,338.46356240638085,-71.47597933929995,75.72610784035228,-48.84854567425302,103.42775322004621,-209.27605967583676,124.54204087622946,-2.639971337596802,-13.07453295680084,86.2509952674612,-123.78226938716833,421.8367212519346,199.35709869690675,219.13613424258116,291.27036717097843,240.71200210970437,518.0438459004545,-109.81688510894296,-44.213108644586974,190.67400935542966,184.98453126910576,216.94208025043162,416.27463785402296,871.527519387878,-213.18834674908322,402.3235287149967,-31.124600594786482,541.3560712896602,82.66485881046758,204.8742323051422,160.48228765037527,292.96367033866386,76.41232731415612,21.50476238240635,-394.67411924767623,302.99629081418226,182.26882665519514,434.96333655417544,-219.7449540850147,191.41984342557657,321.5231514409916,-71.4663587832359,481.09771602613114,193.4160460054259,139.09987797028896,96.75607478218092,-23.07744472792233,79.78401766030208,-334.5736750142739,674.7763619998923,31.78500614827448,196.0793805895785,373.1878450460231,440.6097708621666,232.55485941736524,212.06321512789273,-0.8803579678809491,290.8336494312323,313.23189536016247,550.5993985120525,134.23841524016234,309.20935531477073,254.84667253590572,32.00033693148218,-111.15298074514209,-12.260334304823104,-132.47673483258671,186.80912033547028,378.95050389008213,471.1085727279055,-43.940797599755015,102.70265753967463,10.977274419824596,394.0503916035775,207.7469059012436,41.536248359891765,70.96304898011967,94.52330196438861,322.2666290077185,489.248789876701,395.34908126258625,-241.5021484826734,-308.576014418131,58.23833951667708,309.5369249049683,486.10340259096756,223.51428710382044,384.7777654828144,527.6392884587807,315.88257135671165,19.23236943380902,27.92759136401516,64.8579088847406,154.62284961588387,86.3423774569189
-202.78618058736822,-351.62515632033995,-125.97723223967269,-377.00064974220675,-462.946442402849,-398.52282234162965,-1.9996520585420063,-573.2590100453817,-438.0456599271387,348.53842186663053,82.98423925204047,-733.0740598662784,-394.44687126223704,18.68591118663129,-349.2928110211743,-126.3198644425285,-434.75039758824005,-131.8940873314693,-144.23186137606763,-38.16424908389441,-302.55010262961196,-543.9858884377164,-89.37629504036143,-93.70914397900394,-448.7773470137524,-792.9331383734631,-177.85043673838487,-493.9993249974706,-342.4996377026675,-160.14519997566472,-719.5016742377117,-130.1892843517974,-551.3606132402548,-126.7674230420442,-207.5383597777198,-490.9227114392326,-711.6249721359532,-375.974893490449,-257.6268218991324,316.888286682365,-282.54100894340525,-366.0319671238518,-774.0006123955332,82.23695610639831,-427.15689643877664,-60.5445883606112,-123.80819181788796,-827.1799397242373,117.58333526088619,-152.15448425983917,-122.64499850432503,-235.87660115342598,-199.55445971052126,-500.90028828953047,-506.0983126044288,-223.22937732060046,-321.51885391260623,-537.9512089928702,-219.03275609598296,-535.7731090784978,-136.9720069852292,-323.4931884879701,-465.3688257902101,-615.0978115678691,-396.01574626115007,23.287241929601674,-476.77464628610505,-403.6960818019983,-202.52300473893342,-258.32796681967375,-236.2850974973392,-318.1489668993957,-299.51451742108355,-577.3052277029881,-617.2411870976024,-355.100005032345,-327.16976569836584,-218.82710136181228,-532.9898396444636,-306.5633900065535,-287.28997563964225,-213.10053100805268,-82.77646245315812,-432.5602887451202,-558.4029981565183,-714.5898121770828,-249.49531572429026,-55.64886734110842,-162.26310946171782,-353.9303391223337,-190.4448609952414,-303.9124029166698,-307.657546665158,-497.5599454887841,-767.324449039537,22.859107073761813,-533.5021703108863,-380.15233264410597,-323.9368470586694,-269.8323207405937
-1366.0729467656056,-621.863121784788,-1048.5333788075786,-944.6064311297614,-737.2072428339391,-1055.7040956549695,-1313.2552615085053,-694.2791593428276,-983.9048762486028,-1091.4031470607802,-1159.6699156878196,-659.3756888471099,-639.3479202237143,-1077.9683541734157,-899.626685018071,-677.2398226354327,-830.4861198528295,-1075.6359530468699,-1278.3134120234035,-777.8664114026329,-1528.647681437363,-1660.4107654534123,-1246.050831668952,-578.9760636783653,-849.3957146503869,-287.96345831022927,-1502.7761095725043,-823.5302681144942,-1245.6625161005097,-583.6768604631098,-1110.0890506997473,-1512.865816153449,-1422.6756305125093,-971.3765274414218,-834.7695322628176,-1034.4237265897104,-734.251323858288,-726.7299531226596,-1042.2720848057804,-1399.4469601593867,-1032.0391252055294,-1192.431063879817,-473.6600083414704,-1254.674566252768,-725.489991613154,-1616.912742757335,-699.631920369132,-584.8417175566516,-1440.8021934291376,-1237.8663253664245,-1017.0006536899124,-1551.310782180488,-1571.994744280256,-1032.5342022469856,-792.7032074094466,-622.3543794066608,-699.5737942821157,-985.3235226460959,-1149.7131717543637,-1350.4031909793011,-914.6913120037879,-1140.8399755560167,-890.6484358334222,-686.1272027508803,-1380.3243932533155,-1067.563420292374,-931.4293494919436,-777.5300944350973,-1467.68184783435,-652.201141225203,-965.2682549244857,-732.6340111314762,-973.5356365479292,-721.9438245975294,-394.3997488611628,-1318.2172853933894,-976.7610072261085,-1596.3981997598148,-1417.4541975041582,-1706.3612678064972,-859.8598452952673,-1369.3107029390956,-1773.8714136631695,-1192.7719816792796,-203.27811345609277,-485.47904788441525,-946.1451875858274,-1571.2182283489667,-1669.4423641908645,-1487.4986072153383,-1233.6264289782318,-769.1101781962576,-696.6854679536457,-1209.298581333208,-773.574244120875,-1174.5480699672835,-1230.7761104773056,-556.3651215261563,-675.8748077621685,-525.1254909880063
260.3639369113624,146.84542757941315,830.506740236908,311.7698795031362,166.56019502085456,298.7400819060062,-80.21720670191846,-104.45280618884699,-106.123447122904,260.9954306341078,526.0500578941642,8.054788133163635,479.70806735869405,189.11758166498785,497.54256920599386,153.591541514969,240.91575788443666,11.718761482102174,62.86844851893223,134.60216398367186,102.15726148423612,101.53828276252314,777.0932787523922,187.77505773206067,-3.819988468903102,-90.09080681440695,398.9316994790745,212.77170766718072,245.9421138050291,276.31866627054615,-34.15741658797937,138.67909987809773,544.3641448444055,500.56811228643795,309.5070890599929,87.98146834513331,-226.7029780562655,244.30893126290292,134.54971078046484,179.9204371639637,64.32520703192928,169.12948085973017,-30.54177905968394,70.1349550474675,-59.46501759692966,484.10420893810294,224.62260501697486,31.47018633709863,336.7604775387183,571.8801571632923,359.07286450512123,267.4179630074414,470.3812782780839,145.0949391323017,-8.002561139516901,260.8072724482289,-62.81862480549035,368.2977686666311,76.77863138246553,2.0080043795326907,-197.80707412137,89.1986648935521,60.575809547601466,-203.67962402753307,122.021642698088,213.68471060519744,88.10539617968436,-94.86709629549756,431.44741652136986,-39.16513389643058,246.07420455615159,163.3055412240689,541.7698361389838,215.42807495290438,220.9903047287295,-49.154102737998016,358.1461861892101,118.44826606189714,19.49211049192093,288.59768540391633,217.60016409692204,141.6152207717581,-247.39321094880577,49.23055581074047,98.79300462448292,-37.33518328847944,591.6246016268557,250.99281378917675,315.650915809916,308.1413714725055,-442.2762188708088,-124.07994499197363,164.407671512013,-6.03458939457363,375.80276193020524,-12.121709875540445,50.64492774969004,174.0801615831153,29.739960368408422,199.6749103289019
-302.49420478876704,-166.09823718228645,-552.9126131043524,-75.63796215470627,23.847923105949068,-300.68551116300097,-253.91107531890063,-153.02968821986443,-93.5858352430591,-547.4359107542789,-384.6375137841714,-72.66109595652344,-161.79843587608286,-612.4699142500775,-276.03850158533703,-674.3076120194357,-363.43408824324194,-109.55329532424003,-1059.3743487926695,11.032119327025008,-110.50998031649145,-49.46011516565909,-507.19188338341377,-370.42922106616226,77.18606552722873,102.0240824453091,-591.6417484776199,-344.4217388838937,-253.2842415454635,-283.9073558491416,153.51577192188483,-222.74710216650436,-807.7172903354042,-470.69821762685166,-617.4713780772402,154.65708458754736,74.18387534936204,-172.9484587292153,-250.06142849291606,-314.23131277139305,-367.1559139541354,-190.4676346560781,-536.3611459971896,-105.24630177412018,-344.9215671252889,-520.9269230119191,-489.01055852226324,-148.76858750358642,-800.3808768157774,-602.4665960389666,-145.399127499561,-286.6439902250171,-742.5399386878828,-200.40635039458832,-553.4516749741531,-323.07054101037886,128.5575975112311,-651.0221061265064,-506.9181371522243,-347.40720725143746,-314.08970341596313,-266.62615746743717,10.651967368908657,-103.29121242195883,-44.249041447644494,-207.59143607803918,-182.5501495092712,108.77313646383863,9.619902461206518,46.81157040497414,-94.16112377063897,-60.69866907473063,-620.5668735825227,-121.62832769394109,-438.3242142447755,-411.67018008233623,-447.55935985369007,-637.5356496121499,33.26685640253384,-420.1150179726755,-297.03263503203294,-275.50638184488406,-316.95057549406505,42.26296987745302,-115.39772783770674,-58.53639216555857,-420.10636320957076,-279.7122779710333,-528.3166586047729,-374.1956299684318,-249.85732708841553,-79.80190977006534,-47.115510484186714,117.69710572295963,-231.6600044326058,-294.234268735393,-58.2302697596704,-529.5526557205968,-127.77478227899991,-270.5009855531533
471.4356826249171,607.6451128674383,761.7174631272792,558.7315461443126,717.9182151351121,420.3713011112965,645.8017503667971,408.7279374855654,259.03531616157636,653.2923082662738,1162.0148193865398,489.52688989678956,1115.8980984610164,951.1670757342657,856.1145101461354,627.0951364128001,776.2009934377247,511.6592392606351,616.3043612660233,425.0259928903547,757.7985789805159,728.6265156427615,469.76151165880736,1101.817997141034,47.88503293280245,931.9015627472207,645.7053453342636,728.211615107487,531.042919884561,1449.5792559546271,531.0562257365519,850.5037909646335,929.9486908723146,831.5832920620907,573.9219383644275,994.5923815267402,1023.5395282741249,477.8810845658939,442.63481409176467,660.0320421848635,841.7222192051627,367.13299669795583,672.1640289273481,390.43428654104656,977.3253422432435,389.14900083597405,332.03111019772894,820.1705511374232,493.87975826873276,1002.3526733561333,543.072412174396,1297.3626639886747,977.4750217512457,1241.921698521966,1317.3860512452313,662.1397880268044,591.7372020458727,1327.6222814960622,842.7223679438857,576.1955945307129,564.066034831489,549.2956842019128,722.0846904789921,623.8102273492735,877.7320889066513,866.1446342280117,1131.9616295174196,369.96115330576396,715.368341631353,786.9325450791466,610.8316178221036,440.7216010886094,964.0597985253366,958.3893070268491,883.4946391325853,738.5168855753102,785.9969552083014,491.10922152287543,315.25556325916443,393.217247292016,1095.0264054562394,569.1013693164048,881.9572901952284,285.5757402857609,965.5239107988328,839.9188745790402,894.1924568003592,916.3187814338046,1010.5593932241886,395.88715682857276,503.0915033615154,168.61369785922724,485.1311344183492,963.7886595356026,930.6981072120712,557.4486105463028,768.3785968522914,601.615815810785,205.52230383004465,1072.3960392241331
-272.97315206140667,-568.9901832632153,-916.7748311767573,-665.6481267280441,-709.7547985511135,-372.26253795728104,-479.8170077980293,-737.4662755835308,-847.9874080424137,-664.88897834896,-1022.684087507861,-122.381830848195,-821.4543351231595,-684.8102237481747,-664.2681581197741,-566.0931884774126,-765.118964324892,-344.7540840367143,-728.0724703056114,-250.0976708842564,-411.22529020097176,-334.18749038499374,-185.03721896966718,-1090.449957789815,-7.0407568717598625,-1255.623355208856,-900.2734102826212,-679.8313108152006,-743.6789835104773,-1059.0017250848061,-180.54747800984129,-504.68513693179625,-687.0038547677484,-740.6185804648962,-415.973982199717,-751.9922818802596,-1117.0502240892513,-183.0485373601548,-596.8358070609645,-278.86804834443853,-992.8440026293706,-289.4005554243913,-670.5108702648342,-103.67105015317503,-448.23419940946474,-629.7459339259924,-469.5999219389109,-656.5685542469272,-664.1025867335825,-661.9868114975734,-160.31006446116916,-834.4510101732552,-857.6273302331277,-446.2750794532593,-987.8066928580603,-474.0557726183398,-652.5317471853655,-1178.7421917304923,-883.8960038324607,-236.44041607753968,-495.7078454858001,-260.2873082187102,-888.4147383900143,-851.8178952875395,-640.0548914645499,-643.2103406117664,-722.1093656978973,-703.595111296872,86.56998054186661,-1120.246542090405,-481.38374425765295,-313.523777527739,-1101.2262571781641,-460.14609240326314,-1011.5886205023162,-924.9676411884477,-951.2331211359575,-527.0810089031543,-573.0996939931065,-193.22380881760077,-997.1537910609588,-435.59180553531286,-848.0287701142352,191.9351461866489,-903.1399411178085,-1273.2165951515258,-493.49915255636415,-693.149899519386,-614.3736963484379,-452.59813180659495,-279.16458096282014,-435.1118526125483,-630.0842330892262,-796.0571054231964,-580.0383818403478,-46.88701382122272,-285.606739578191,-258.9127128462276,-441.61020160024634,-711.9757878457384
457.7459918586831,420.7209490641851,919.5438786720987,713.7982742684508,626.8880289434564,672.3305487765185,585.1540257926829,437.3768665977257,497.2430369214963,342.85984727019576,625.2064970631263,373.10067803607075,870.2276738513305,727.0544426919259,632.1558456043981,351.9696091625023,911.0147884345841,681.9514307094609,719.7465525119642,255.35813110798998,432.23938152698116,839.6901598666964,275.0855285650817,575.7534327016259,164.5085575350309,995.2634331407759,1048.6251604252634,751.2415775783626,640.6655985531742,555.9629084122093,521.0972193561971,723.9522383891475,718.7106523315458,508.7366369534052,246.54390103333984,499.020712904341,763.248244866472,106.42782506741072,923.3282265477668,317.983797699091,636.3895445857611,266.1478850649232,383.3614527177186,157.22881346493187,463.2862436842287,867.1546882227755,373.1107855838064,436.636509620961,400.5615052886217,812.0715964994853,234.30153309390906,942.475728589099,646.3852363353197,478.5936600692493,1255.7559036655741,517.3316423243882,538.3397894594123,897.9597716763255,617.8960782613452,631.3968788039737,280.46209062019926,266.24485778293337,872.2825338119667,864.0369649993388,893.6764535229042,463.7007233621585,857.6289621115066,452.50971439760195,354.6608988671575,820.7283587453421,303.48252919702526,99.41841947686383,533.4208690416368,583.2807562589461,741.1009388126363,784.1128241626254,525.1692056782657,698.8812323838918,340.8635305662364,497.59626440019855,745.8526817486198,462.5115262120765,995.5421474720586,346.67635663999556,694.4563260215995,878.4429557643081,539.3502481115033,671.8952094837081,686.1978476312421,653.7674900873915,275.531729256913,190.88262429807511,480.8425050022399,783.2696640064228,445.1443045383201,143.901110262678,669.1345561691566,68.36733973772763,-3.306456094342382,255.63964268900952
-283.7195280085409,-276.2576999212366,-629.4071738581991,-447.39058867560846,-489.3577830489444,-778.4443412182072,-659.6730335666765,-397.6410191480829,-352.3553673807117,-635.47201609678,-580.7376317132109,-294.13825455929407,-638.011366261068,-519.430666933715,-677.5550510713537,-495.48962895240226,-719.9016073197591,-720.3151529925559,-525.7222314844348,-495.71964391993487,-648.0424044278166,-347.1340339359708,-419.59462012381823,-627.7612453034101,-297.2437838681034,-848.4580361175251,-448.7075110975144,-660.4050007415142,-566.4017668371473,-429.72374599013017,-361.15613546954893,-423.5117820528184,-523.2253191055581,-648.5908520748584,-465.94775826203704,-526.7966625800916,-406.35214876586747,-610.3879421402652,-617.7109809718072,-597.6587887759262,-324.377443013046,-374.2053488868841,-508.07800535134527,-364.3743020612488,-375.00602795765445,-702.7768622949359,-633.2525522034646,-336.7828336078802,-632.6377807701335,-524.1369610187517,-253.15393457755357,-703.0703070881341,-589.4634660910364,-294.84758113319725,-718.4907593299417,-641.3725371691272,-483.5751713927182,-793.9072791712199,-244.1927570502896,-336.8375088197056,-500.3738020586945,-319.3500485845855,-592.9820117311282,-600.1607413241378,-495.00783456971226,-585.730738559658,-371.19654766644163,-348.05203428623065,-584.3550524015928,-664.249370875951,-340.7910606762208,-485.6803972907063,-302.84489700446375,-289.10728126350637,-442.1752848089352,-609.6799182461184,-476.220986865588,-417.6984016482998,-180.05212430459414,-298.6931367687613,-386.8158442608258,-239.87948552453537,-669.5494200141173,-404.41799713675516,-640.5111964652649,-442.2809462933089,-327.66053339735925,-628.2918417620006,-824.9260866531944,-457.05631046929733,-431.77846068791104,-394.3167152273806,-497.3539607035899,-305.3011389180477,-280.0719350719096,-448.0248866261163,-293.42639204755886,-245.8382021594054,-235.41303818446767,-529.9201627514261
-198.97458713706615,-28.323916215431396,100.04941340526787,-138.98676574164048,-323.63921922803127,429.8778758683243,152.2482712389474,-263.61770353707783,-126.93741738508295,293.4262203459591,56.27926224849217,-449.79356238182953,-315.2152517702615,143.26773363771767,332.7353676715304,322.82382430560574,-55.089071063551245,83.92824828790546,569.4637403026659,33.9720229023208,142.09086985525383,120.53153119530198,194.42090320619783,-263.70105007641985,125.34217832414564,-535.6639444767501,-7.561135944724739,392.5518503866811,214.4184128214523,256.7294500377808,-431.5371222587546,304.30712402609635,193.39044234904392,503.4098686258452,259.31810653949196,600.2299500533713,-117.99930644374506,-119.28130946062565,-44.27953279737536,283.7001878101598,-392.33328925047783,89.68945534125135,502.60161787645256,-60.568883940669096,244.7963284875985,286.44800149308134,40.2233261599468,-369.2555705269801,363.0897972875647,314.92938615063264,-52.214431646417985,423.316665070471,195.18030571947523,-730.226813581558,-166.0167267722274,22.572297521315026,-189.16024095896123,443.6333244006704,458.7471120910297,98.27532429752347,448.1702542874422,101.37133438817148,277.55633141017165,-126.1332107540735,-186.10111016366338,-421.0635023566843,-458.0070959450301,-342.7663969393018,272.76464760269397,495.5046602092523,-27.82143990161429,-123.63900529918742,141.28195930207056,-76.6133440011706,170.32933379754573,58.56048943109377,167.21228683493132,-146.67237615140175,-341.8096700762456,-141.2862446023036,47.13717357414591,289.85194288017027,-219.64194953143,-182.1046155243259,-37.78059515366341,-245.3427132554445,-20.441120021796532,241.34195133499938,336.99470307409166,283.1791496933301,120.00181140203799,44.05119185713872,-148.12372166226342,-518.0727854577696,-328.39827976126116,-218.20178100785034,-23.774964723618446,278.7449970770724,-536.0578950768573,-481.322630541318
47.345728316624,730.371664257774,580.4873766930542,228.62441756814226,196.135298290732,191.0283987441663,56.97934197637887,621.2434845412193,512.5341244894083,390.9889806814099,365.838513031839,-141.62957326661072,207.23822703082482,483.4605462870403,75.03790860241313,559.6866829530462,630.9574984994787,380.55684649752817,582.3944814374915,138.08377375299227,285.2942352758946,-288.89395570557605,507.10682436553714,461.3850990651542,145.66188281801092,419.93043285887666,691.5410833890803,239.3877174747028,692.0119099685566,335.6973698969634,135.0722805708369,-107.90317614732375,465.2795872910976,243.00463382965359,354.42488142303506,-286.9944632492647,34.89508971549325,81.60245633279645,719.073348108678,-202.15730313815882,604.3942910075498,359.4816578497058,323.25453547137755,165.84931657286643,198.38126001465233,842.2985858965893,600.843987892943,760.6180092766723,477.58168086635305,37.92183869074421,-409.2794257357891,-359.1678702744437,402.52799091807503,101.54923443002217,575.6215052018573,714.6870019872745,167.5287129489678,672.8657397249768,342.8883771975848,-25.708137820319862,415.9921576565131,82.1397789143614,382.28287815340116,357.3499133806271,97.09197275469353,356.99666909413907,236.5466557967935,80.20916502955149,218.62874967368415,257.6729006590638,321.32398904231246,739.5158629324263,412.0955283806558,657.3689651706587,330.1623666546879,-103.2256387825951,125.82368430854248,116.7445720176789,-118.85147718980552,492.97808608295867,16.043798616183995,341.18356845058616,540.155925070262,-123.75386840275243,163.56975435239448,557.8362768376007,423.6790658625373,-15.069080243670331,397.031481512942,426.17968408390664,80.17009268134593,-16.95144958466999,148.86116718481898,-53.47156406833664,97.67796705728266,-311.6073840725208,183.6712579856441,-238.2286660709375,362.550369769586,171.33102652451743
-517.503133934673,-705.892714566253,-724.9735133803061,-464.3002913292418,-504.96162048584574,67.71530531478065,-431.68391631598473,-1163.3282289320032,-546.2629336526758,-642.1588355290713,-505.8588492603079,-963.603623414711,-127.64811221181871,-600.8537225764693,-389.31435194340594,-790.544098234152,-513.0604043347571,-321.8451477304287,-870.767678955573,-735.4385645066922,-827.1370905576296,-419.9212722489272,-482.6272792802748,-508.9765643309303,-658.3971865224986,-427.73110048517566,-649.3586321870536,-604.4008486567567,-280.90312688778334,-469.7770510343963,-392.33250015729647,-458.2961483618188,-588.9985547538798,-907.1750597973594,-907.1231876217842,-86.07149403648036,-935.8604710143067,-889.9794567068308,-749.841001187614,-547.3643106330765,-676.7994982577002,-1113.7743621623536,-845.1313455271103,-890.1480049682169,-579.0373360579163,-823.3345134550088,-744.1882699379701,-729.3764343130232,-673.8385459733862,-366.5054820687078,-293.2460963584846,-487.87951768322586,-740.2207037583823,-586.9976513461322,-722.2514634807904,-503.7508668184395,-523.8366410409036,-547.416311959996,-95.02570085183974,-620.4858110832805,-1089.918151637916,-823.0746171796972,-694.9245013627133,-1017.5259128618756,-448.0328514115548,-664.7933416710198,-324.04327062790685,-527.7193242258478,-582.6792941031463,-811.9324132621766,-723.7055728597734,-862.9149627285326,-735.9563889072323,-781.9768796820478,-148.4857775676992,-797.9349152874698,-802.1282250036954,-661.1889445241885,-609.45944578883,-660.4588425644865,-531.3344083798892,-628.3101996735526,-373.31863338375183,-505.40345913452484,-355.74373578270144,-1049.2854160567513,-882.2827029968422,-606.4746066187449,-837.1860580996661,-561.7496376209868,-916.2250369484711,-736.8056834369625,-464.25510823105634,-655.5982785537346,-233.04722431000636,-326.43650072920155,-96.31968169493564,-366.7629007398668,-671.8851245512058,-204.32428761747215
-257.17258639941855,-221.23245964481788,-297.09435397098116,-529.1207335286716,-218.33035879174176,-186.99805585557112,-110.52274198233503,796.4763479018027,443.09566926035257,-173.0417555139334,41.37419095874055,5.652155022100074,-678.4391244935216,-106.50790608779992,-69.36981216435782,217.7800145395766,141.635037278962,-168.61222738996267,47.94575688397301,-409.0219294794181,631.2742874616886,-189.30259831138093,-166.73496385754868,59.62202522653866,-63.95422657812185,26.2810697377807,-22.742722769932378,-423.3234891279503,-161.28116057072245,-335.3771161238117,159.2509713606492,-354.6465018934344,-174.53859417758608,-174.94753679874253,18.698079659722953,-240.23097832267618,-334.60844402504114,-172.38562827701546,437.7306426262801,-320.25470688263135,33.79066429834261,136.96967231672434,-245.85865379518643,441.62194462743497,377.5820047071381,-127.88065229793106,236.14848234437775,282.19132699421186,-831.3317833523494,-780.0341721186701,-423.9228500587695,-679.7154655001265,-353.74298445853265,-188.55968556326184,-632.0966728475104,26.519974293468426,-277.49118264983497,787.5244601995363,-194.30505095821627,-56.218673753809426,630.1229046268376,-75.28700481778111,-115.59261629324361,195.17140620065052,-262.71484670985654,-479.3824916416685,-294.06270198964194,508.65628768489046,49.538686935586526,-62.311492237132896,-7.4110327230203685,492.7861630646512,-76.8667633488424,-97.03732748824073,-21.404304206970956,-191.7550827461515,95.16330905950093,-154.7479838041842,327.9015641362618,-6.517666895599067,-577.6651639191406,53.098484123728376,-133.16362984335544,-396.93345593455365,-100.9630410077669,232.69469526015953,-77.38663760679245,-525.0455162769159,-149.7195746097509,404.845798986357,-87.04957404858315,181.3425692611685,140.41779119024446,-308.2777105941398,-93.1768943390862,-195.3819278988499,-304.7524977793787,-670.0462812630608,674.1634478474278,69.41049454590876
383.27303088184925,606.996036556114,722.2146867213128,263.6932836645358,432.8649862696471,954.0641489359695,489.83472296809373,158.65037238004413,196.56937991768953,1043.2889949863797,397.12496312824885,290.3945090984514,959.8534822444107,282.44288269660376,556.1090676263444,270.9961561944791,703.1384676448262,519.1919693451134,458.41486139958215,480.87243934130794,-93.24108024824486,695.1735423150981,880.275764813875,471.7830856678049,278.10993789442483,391.5487230445834,897.6329299667815,404.4488644322151,449.04850791993005,424.60489494883944,251.25847196542907,591.083178690039,478.9616923394611,439.57073508696345,391.81495674869143,441.92191463518924,283.2112297479124,605.7696233710991,278.14043610901456,628.4200135624893,377.2647488256549,338.98062064155374,448.3021535261864,282.07980212385826,323.0579105732101,217.6451227840619,327.2005110855797,474.22879757392775,513.0172056047901,560.0497910207912,489.280227531986,670.1228779212128,733.8610711782256,715.5413156525533,679.8882498731759,1162.0141092925705,321.52143615865157,147.69167703796978,564.8502122791907,651.0054516021144,229.46066568173325,373.4965952103225,146.53059586617493,407.02843578127704,592.9073466241954,597.4416115271506,386.17244542993956,295.62320318505414,850.671905078126,264.707937603247,306.2011582770645,567.1493016220064,417.11041073539144,405.987667805905,406.05828471578474,630.4094137508962,531.1444978106086,478.11086847476946,268.70461361729565,436.48802445267734,554.4379253481815,86.86463259707445,515.4667063920164,811.561475044876,712.3551340211853,267.8240864881678,483.52755422495073,713.9036711571296,526.0742331408993,182.8879883063082,519.721497070136,271.1877132391533,112.57634020309243,427.3696705365863,447.59466714870723,445.25382565701227,525.2497355533482,363.6608902458186,587.1700345844181,839.3099314559878
367.95559334488206,381.44817133635104,-60.58308412494366,744.7678842075159,585.0547945701439,392.11842907038545,271.0729236176588,399.6727346072355,602.9542924763975,219.87843990633903,755.6023469011654,831.0824558612666,460.91987159391323,577.8705846771427,224.69608555279692,-37.454138341988866,624.7934859940202,366.7700833480423,-174.1219518331762,166.6672627108351,900.4153383112653,291.81749131166924,27.952715769968332,36.80528485431709,671.1654753569809,467.25110151995386,513.154622649588,234.79276677383996,918.2435191549619,487.8065917552519,470.74211345425687,495.20694826766595,234.43476056623484,527.6469168656419,21.75648867684891,634.2135154944776,1170.497277382177,597.9643559754269,236.11409663787228,566.1579377038378,-31.202968051502896,333.4583881105183,967.2076713538511,-101.4584288699804,949.6530017482606,778.3662068584719,-158.00988711510814,751.9936114309893,578.8512570621115,605.6120280862298,-177.98183252921203,985.3666251451724,423.0203949841248,-129.588209580893,586.589768672863,715.1553775859632,679.0197585252805,420.54350484966125,1072.1067852615415,39.48547198326527,351.78124491548704,410.00619021918936,707.454137663323,254.43975395299867,-22.614934849247483,427.3817050388924,299.0048186741955,152.84262503309867,502.51741432401093,357.71018721357916,219.3598023212976,-20.197398509339354,162.71717349779922,578.766229738024,76.17274092920206,72.15707340869166,614.6494036829279,-131.76296420123302,1155.3566186442786,188.54889046762844,177.61931113250316,526.125628111724,615.8416354270739,-201.58114668057158,292.5382449197786,552.8385134742501,-14.18890523724023,270.759139705227,811.4137185399453,523.8253105062963,298.8163525358187,207.3323722786066,483.28967524290533,242.38668305945666,855.7543578710224,335.8985588139076,200.78888172095097,771.0872052044093,60.821271252408366,-59.96954301840839
-1012.9547754587319,-1562.3829498672978,-1004.7586989839525,-2061.4830493201616,-1174.1373681358832,-1369.8597594326004,-552.8115778928761,-1114.3966133992183,-925.7338979496809,-1243.2556027150067,-1181.358082274498,-1028.9222873419558,-1030.9223216410685,-877.9759847082435,-1137.603848904407,-552.6070938381077,-984.9036916343357,-737.8853357209513,-463.01513734315074,-745.2598243218027,-1661.499289469863,-1226.8139293964366,-1099.0942757866087,-866.9086964845546,-1190.8657340733728,-1066.4215455859344,-974.2589260525624,-1559.2711197214041,-1303.542759807424,-917.8384507904924,-868.6698806670586,-961.5276768656604,-480.7185343832947,-1258.2133226053734,-601.3918583758469,-1288.3687557880698,-1503.0885952394553,-825.7242981643273,-581.5820563740868,-932.6487141087176,-505.14946669529627,-893.3672167822299,-1554.5376649464527,-308.45133849378504,-1009.76239160503,-1487.6774291032825,-629.0840670106462,-1066.148484047382,-1249.9811711054717,-1221.3821358910675,-235.51781034125057,-1104.3653004161033,-1297.4506911090216,-659.990167600135,-909.9815190909194,-873.271187779366,-1193.0909334600915,-865.8781958786052,-1056.274960185859,-1130.782894917491,-999.7715069422302,-1079.419893942932,-1436.018488659346,-1006.5828003776476,-380.9053087607738,-1077.8154794550846,-835.5774087780603,-602.4387537126518,-1305.5506090213012,-895.5905067070914,-858.5928274922649,-901.5768640164254,-1265.6167779878726,-1317.4551553210079,-860.6216778827888,-887.5122185102338,-1273.8526383153555,-704.9852037395774,-1233.5176084064647,-933.8402510511488,-634.9856688864238,-1357.2962433245302,-978.3598331106624,-439.76991298556425,-784.3824294375294,-951.3034035961875,-1013.3230139600403,-824.2147436173871,-1767.9940565867735,-917.4910379940656,-604.6698981049283,-1076.4752373574984,-1005.9008571617695,-779.9651673762604,-1394.5660732584358,-1043.5529616957258,-1596.45089885612,-1222.0748448711165,-480.07663154405776,-934.8008096396459
460.54343397559876,464.6497893917905,383.4097413698703,825.362735783484,445.26237136374357,379.0993798870259,33.889288940734055,-36.861316343591795,109.69890812152923,232.10221566518916,298.03481156692953,14.722635079286626,351.906332570951,194.0143302476805,69.14005026149059,-213.4435012242702,43.83752535769492,245.23663498545727,123.9505342271861,403.2798811546004,-152.36288003581635,782.22801546762,151.58169427734092,-37.80397833311928,463.9114992292109,-50.67192787863759,519.3556254814047,417.7074935277852,452.0782260094037,377.19299995470783,288.82633395934096,665.054543198809,337.65135775304475,515.4402185771103,-104.40270806369718,319.87760912166146,574.0803664812072,500.39697532601616,-304.75561925209365,431.5320479287057,-196.40263503254417,249.82550474045496,662.2621432825019,-269.96501786708654,-57.82935006297178,1199.2875727174544,-355.17919139700024,353.3833845094158,1116.874601941039,921.5731941911573,55.42820303437695,739.8377476308369,556.4544235836597,-114.57042332587041,809.623050835618,179.0085213578392,40.11044711906997,-473.68592202384684,682.6040059550583,741.7774071990535,-213.78116242916087,245.12626502980382,997.9348694278503,1.304078609482007,208.38625927999533,342.19603419775876,43.315753643030035,-217.29721411068712,668.1682521765146,418.57323253334505,56.09201894415912,8.207916336576789,163.34525586218473,501.5242683405336,130.51221780149604,340.9838387204583,480.0925451990426,109.24150864463593,494.1375595702593,114.0575424122407,205.02239829632597,415.86431588658866,457.07759492069016,25.381859140014097,126.06147913559154,-117.20705140248828,162.79971689093227,420.07721255176153,1010.6378542659191,374.88676888706505,203.67510215341883,119.00518319373084,75.51125018355957,196.6486455197968,443.56248171241305,27.30884588294947,453.4391251311505,460.42431523653755,-294.7594358856554,-346.79614489123054
-564.9960254470383,-293.08905774398164,-665.9336500897167,-397.18315643632974,-81.41574109602607,-1125.8906840250818,-310.4129239861591,-299.0306186880848,-70.12074414319333,-360.86398965153853,-440.6019677918157,-151.92853437377366,-645.0716197651562,-322.0298359681819,-512.9418486330691,-105.03498838303655,-832.2252877840614,-489.61532236949495,-398.9734941172381,-286.3021486235264,7.604112773943893,-217.73116225695148,-980.2071863607986,-517.5041114582059,-294.36004924039526,-347.9467012993335,-710.033752347,-252.27702104481384,-303.2536740982467,-322.54574613873376,-557.2813191268701,-232.25492035396235,-338.20211420937295,-133.5257864696693,-425.36977355835364,9.611578707039477,-17.762340157980177,-897.6540028990592,-105.32356135958209,-216.9742806842887,9.46138301889451,-233.07438768389287,-59.87713207876226,97.70339772382461,75.50020722816718,-189.92463124984468,-62.177063221785474,-149.90174970725295,-222.3353621945179,-568.351172102748,14.035160086614724,-779.8997700875209,3.2295766472433134,-340.7795962656532,-402.4332457099486,-172.0205839353681,-360.86332097390937,-335.0812661394468,-74.83662392557785,-761.4070119720567,-190.20731694953565,-94.40303593254416,-261.0034477852708,-76.66236302806873,-497.36590946124704,-261.09495797327463,-78.79982878309137,-293.2512996848957,-659.7984583450001,-308.6664991580966,-198.65004637888117,-513.8914750690507,-272.3976351238649,-667.351414871969,-167.40238738111796,-262.55469529651543,-757.4685117045411,-245.05664192116777,-202.64284823492534,-93.37195084149695,-298.81891909052564,-313.0399633785815,-663.0965569162984,-142.80684246317458,-196.08066902072557,-68.25328834683623,-241.24465660321246,-360.0427950726633,-500.6807551983027,-471.3280690379357,144.8498884301092,-296.4107866179995,-268.79296473659497,-106.00062968427618,-556.5861823854386,-278.51434844604984,-429.44841286107965,-328.4583732599206,-11.367668081580906,-458.5181648064665
415.4298233977842,157.0397368127468,904.9910853783881,527.887944526228,93.04205278175377,352.830414542163,576.1150389971781,151.77938701606766,30.473611506170965,606.1876402535325,371.50086067238186,110.4198424100971,732.6955934183823,377.9399967079826,373.1405485644141,673.684724752351,720.4326637095296,649.4299575450406,555.1465583139944,441.69680021414456,258.37143343766047,-199.84013756773555,756.8353005070179,752.6615890963154,121.3405803088367,1014.4800568760977,191.63129455355562,264.72247389908233,424.59263845949476,520.8440074758962,356.87590596169696,305.91408596516885,152.22061468479836,102.65788565612922,486.3374791961281,499.1320839216356,332.89917448037227,203.23247871526743,206.6463588700249,124.92026662563784,252.8083702207253,307.2826416516186,19.379208468164094,288.72497021492154,-232.10712238501236,350.75933393475555,183.47884929047265,125.63983620299258,495.44268869121424,451.047837702805,287.1378727247511,1035.4414046452684,163.4060418453545,239.20472502018274,1333.865208058971,95.3456850719673,546.7437910578042,494.7305148856045,-334.86308005082174,696.1085619459086,266.1123295255945,355.8752615986742,444.8897955642948,123.70215818101111,375.08850218065015,468.0233920233524,293.72116172492275,249.60616355611106,144.81111775744787,367.27252595823313,204.90786660606094,187.46138588209251,521.5169976355191,314.2892601367573,315.7819892660346,455.9691676856649,441.3136173271865,494.1590304337731,-145.53081772824845,18.60221426031319,289.10063762190146,625.4523109500478,805.1301871514144,220.58011532801288,255.89522644452657,40.95354142782684,421.59305105879065,657.9883628164642,203.80372355890785,117.34691359176313,158.1160273490612,409.8029817249248,396.2840140170411,210.27987638018828,475.1666292500403,341.997716262946,340.76830985806635,368.98480476242383,-82.9382304663853,336.8603691710643
-1117.9176933763943,-128.22883825969015,-631.2105764563088,-12.223270626651027,-399.38927855463976,-412.3469975237517,-510.28080212507945,-52.48647831888257,155.78757150600765,-387.1912805304102,-373.0942083269755,-374.61725852264635,-794.4744662465895,-686.6372325634828,-410.00876777855257,-352.10933434385936,-649.445329572506,-557.9148752428858,-265.90031731331254,-410.6910001361773,-194.47523438350368,-45.72911063380126,-241.84853007564914,-573.4629452350342,-347.8244324802633,-37.53349196091283,-469.47203802346206,-244.2054156394122,-1037.7268596995866,-570.4288614958867,21.963442992206414,-615.5024655676233,-955.5245752844609,-179.0928963498786,-435.8206410765483,-70.0901096461127,-484.26767135216625,-251.79121792349645,-236.12913408986716,-697.7047377838032,-267.7342699812563,-275.66221050704934,-17.05675877524833,-97.47018803550253,-362.30263734720756,-864.1791029286218,-311.55103492754284,183.94430440327073,-532.1658194480914,-778.1147245706338,-408.96981287839054,-758.6040621423546,-368.62950004422083,-423.624102287599,-613.9325626851635,-416.93651274817364,-447.97513082047027,-347.8971369100323,-592.8760146577183,-209.54715823333822,-201.34349055494744,-362.8346204651604,239.67944960637513,-284.67338942322203,-597.6715248481898,-566.056310019956,-486.5594294377395,103.7124902650347,-568.8419054689352,-48.858936303252236,-169.60346510462344,27.39204157510717,-445.93430885547673,-351.1775894576367,44.06097479658249,-52.267715599397555,-283.24595468345274,160.64766623187845,-78.6916601209869,-375.0842048106442,-180.46043065833965,-112.51858850359443,-541.8461532937682,-819.5773173393997,-36.408857566498256,96.35582243014319,-141.8576962685056,-384.98521448066504,-338.6533043272754,-73.33200249011666,-333.95856785755274,-245.5192911503712,-558.0063664581522,-21.02570007704022,-658.3361388672585,-626.0815774400536,-369.77660701703155,-320.45475568407824,226.20123907644026,-331.65057168445094
1317.1948338114603,1003.6628995657477,933.8491411473157,657.8775127441803,1129.7502312231395,1088.8479051935883,1151.1063207556904,1047.1871634123108,529.7299213869035,1078.8214838912156,876.7932460581487,1098.767266644445,1109.500656279693,891.3260286957686,1162.248317713028,796.062951757632,1153.1078053169424,927.226232218716,698.2052750406233,864.4231398687124,1489.034180270723,599.0896720713067,755.5290021496277,1362.268515565552,767.5684557693845,871.7001374391107,821.7197884961105,1080.9595797493232,1338.103075737101,781.5257272906168,414.6420523245746,977.1628654578639,1024.4002104379515,909.500515908214,1034.51849712937,1063.2132479314016,866.5101362409248,480.0921521999626,780.932914748623,946.8460701213717,1179.764336079162,728.4559777358297,1122.8723659877103,574.7269544852106,1023.6965568720125,1142.3137440270673,968.9856315726361,684.6518159928343,939.3781269734307,969.8632780952278,718.0201499209007,1068.5091278477548,1169.9001295072853,910.3642955427914,854.0407281844496,755.2752581636126,1044.5244339078836,921.3621390939877,887.0759532187187,897.1915433061913,1481.4719854392158,893.5737480758844,612.3103744200737,1177.4906311214704,683.1984033835203,1067.9898031557937,1063.0897283629151,587.6354096867597,1128.7136306765947,462.2113907013069,636.8412661323438,628.8767380814425,1235.915674711807,379.0270275316398,737.6489983251827,1053.233918760286,1114.3137540131665,645.7209047900923,1033.5592946947581,876.0138908492703,300.9712037626487,921.5805919595808,905.9388695993272,1274.270500377349,616.2607546147651,631.3509587813488,1332.0274052558743,653.9998135378997,696.0743518491877,522.7027295311431,815.6594376736333,915.2014183712985,1056.215400084993,477.7677448744006,1251.624489888884,1803.868913366736,1137.727967758615,743.1943216124489,676.8343208921933,1149.3014111632667
-945.7558647167142,-1218.4045743963861,-1050.610056574668,-611.0601593763423,-1072.3305428028168,-907.3777569045137,-592.2729196458118,-861.5669413118527,-462.151014458846,-825.7783146023568,-779.9644907461003,-1258.8845008217313,-1021.5547757742418,-1370.5055438564766,-752.6124286729556,-853.5814382936376,-1512.9655433349005,-1094.2817954859458,-541.9305859687029,-947.6272364490576,-752.8360934968407,-737.3958468451339,-507.9798400765763,-996.3541477217085,-666.7535533135084,-877.1584469922107,-1361.7884342903765,-858.8065896265681,-1685.8193727296268,-845.8570421270337,-544.6746770613177,-1230.4982462464593,-1259.8553597692207,-1118.225010237845,-853.8497527440132,-1253.8332070528863,-1076.0767462056326,-544.9432943467858,-680.2576286642267,-563.1595566971451,-1142.8101237972548,-960.3191386570313,-901.7169777650579,-229.63692538694156,-878.3651425686418,-1509.0043212695364,-566.8739449599432,-1355.0076011378399,-790.004555420349,-950.1215135082924,-501.69631873169857,-1207.0969175140497,-1008.9435266836032,-932.9383404860729,-1153.583337841346,-1307.6888774584147,-950.5668663907696,-1112.1291802722426,-1493.1995413851375,-502.5068061004166,-882.919456424711,-551.9311230519905,-875.2402450762555,-1101.1131976757542,-844.0030217695645,-761.2560061826962,-1148.7148078712173,-777.9428432079009,-1050.0752221270377,-604.511300778304,-794.0399925307836,-392.5041712481008,-1145.1039194419689,-945.8847551884979,-1106.8659318692928,-620.7956883084393,-961.4259122591268,-609.3850547025174,-765.2348029519658,-831.4952003351351,-470.5327373953599,-948.753845194257,-1142.3715691746295,-812.5482801810549,-1091.697771935937,-745.8191796397272,-1052.1497453265024,-672.240065738405,-996.2656745832934,-859.964022012604,-859.4179898738513,-713.7143813180367,-734.1749688365682,-677.4494197241816,-993.127469942626,-673.3473396314673,-650.8121139413146,-1054.6613991280033,-394.3219308753442,-746.3530037383445
512.7455818551832,68.31015403000644,496.0690708500542,134.16161691289906,411.2234303889076,347.40539500878947,123.44438624360825,472.83899904166907,170.16658978548736,481.3298987859323,289.05835552695925,513.4293737952827,199.50720882610818,301.422527331835,244.18364898957302,267.00974360919577,616.9397954448586,407.7481886332673,188.20013715202955,211.2984104715205,167.4755966590739,-199.78279522489998,-67.45296681981897,391.12367174528276,264.8624969696927,104.15367127771066,527.1089339269571,260.58618120560425,490.4149977410994,165.17810768483102,129.02594019602776,247.62240012034445,78.041497899354,287.0652965374566,342.33798414374417,-80.91356539559852,454.74702767298925,359.2709736867395,356.96985799393445,204.84935365280975,178.74180703409374,416.986523165204,231.58429988454847,376.85825574824213,133.98303720708634,164.37088697308442,441.7581122722163,129.05919599334916,170.93550170000705,146.2654023969877,-31.975509103504322,-243.47151334937584,371.1123995466223,159.55667183939872,-23.686510501654684,158.25365368691294,367.94213574945087,534.7488036361682,-0.7149300698979958,-71.92326214372494,326.44317372824014,215.8930140704982,315.56283358060597,604.0657061044963,393.6018546968258,85.61289672588016,217.74035460037828,217.4307196257763,165.69173356026556,505.1445150813305,452.81360788668934,371.35706532185026,356.7697083613151,-106.28584154095208,-56.02891595220388,94.91723656734857,258.08569097586553,-41.030991340376985,371.85686864269064,71.33328667637561,-153.71919312311417,93.91005859970025,541.1155826106016,334.1675562030767,73.82118664777322,514.3653831478016,248.27418565079327,-23.46851671919589,60.63608165257711,234.2742162054969,194.0458308756985,397.8431474682225,290.8884803861107,292.1071871690768,374.07716950745976,238.33900200711147,135.1672055464098,475.8515658099064,320.8317780628407,195.69653444434854
242.42807612400472,317.3963117167907,438.43432788091644,424.32073828923313,185.46121045882205,124.47478394544265,548.3246208882144,527.0970729294158,705.128842947207,417.42307971337345,372.0684079355606,552.8425284227045,748.4792524878116,397.19997512936663,181.29054408812823,346.4061347249396,209.63440010144114,273.7706465417196,454.51581819138124,467.27490845126977,224.98744573743048,456.347454470866,358.41138690077514,162.88625161902104,677.8479576529636,616.6471852701976,456.01696151188753,568.8384306479834,123.11746700524182,417.27099396103375,391.9034692034204,540.4942980938504,704.4280674686669,536.7465111038796,301.42377245160685,404.6105444916262,623.1502646954654,684.6198376664858,450.3121667314921,586.6805183056653,197.82819249991422,640.3742572321542,734.1519569325557,359.95070347289254,519.1490370542668,531.6387293441028,109.40245183719448,227.31638542685923,707.3453904530699,443.54732360693566,319.0034448125095,871.7980359184436,582.4373468865864,352.2319499943401,579.6989139328645,537.9125249620491,284.62379144037385,-13.443219270822555,299.051537812909,416.5414406566798,357.9960367172241,565.759500597344,404.3931726242788,460.39129807111624,177.69989956540888,710.2550457867086,360.0829714205896,423.3784213670798,254.75946689863702,464.7435232918743,409.0384133308834,229.09928695101146,219.46841893278332,626.2629036121982,234.86212853369955,589.3100178360675,338.6138348841824,273.2863722075104,395.8213318390753,575.25638458548,391.47677233423025,207.40762285698466,730.741214369804,411.12904151773773,164.05203870815123,341.31181987044255,321.1879302384817,312.2130718647421,618.4385019085883,96.30351359249885,692.2354017498049,374.8246697461278,-3.2494048248939995,422.17911776802134,324.1944909077191,508.0328952054795,257.4953174907598,312.6436606956803,376.5146360885142,201.87595205169612
266.5695405936936,-53.42534338670246,-30.271169559129255,20.667441465788183,206.70861650973404,224.80912758061817,194.67468599094124,228.7374963722924,297.5359331314389,18.18348645150939,72.82842565562608,253.78523158320667,194.13485912896883,11.598187238510384,177.64604965995318,-38.41441344698761,175.96986827310448,6.927575986165698,172.14096983935107,78.01413954304618,306.5257343897918,161.64903611073893,162.68202650466415,91.98614227822733,54.69384240871963,115.36472597085302,115.20658542263168,178.34907365921785,2.6512378204504037,-162.74241022981766,60.38253082379919,357.19710313396575,13.912583055600278,-2.0536119969185282,79.32458939900998,-24.161927592127896,241.4748440702781,131.86716073390733,77.39695847297668,399.58934904593775,268.79141972407655,203.46541473777833,-279.1755676530097,86.0898951501768,169.22895772563632,80.23899287700095,137.46846823425292,21.348648091132016,17.995515504708823,82.2420059931099,120.45218527280451,123.02627276273996,7.030684398644348,157.46870366037282,-229.82925616324553,37.20604707060596,444.2108904990508,148.76209952237923,6.522955085846372,166.57120628561896,90.50176762292418,101.56874351874205,-213.224933809477,385.13768674303253,78.31929366243297,56.84291121872669,32.555107735408626,253.47237305927658,200.46587125997124,104.65308178072702,171.7852677311886,239.90456229660003,79.86896764010372,-75.95919204941782,-113.75005206695793,248.98639293783043,193.1289911941213,271.21640954476516,675.3093582937402,121.93550227355347,169.47955526578585,173.96429511344516,206.56144973754408,160.54197002058436,-126.03250276728653,116.1419033855703,9.679459016360035,172.34242968163818,488.0545927773777,127.29484987165522,103.0408179611934,200.04346983780678,267.5033265655442,65.81104889096167,61.342232556681445,149.26453348292662,216.87296415358776,-7.856834578200857,247.87323783824567,23.944203101820545
255.47183864407228,490.22779451618874,456.5767142815164,591.7407134376185,266.1188548989614,81.3954030177813,283.9620213578581,380.34094578632136,211.93825515065436,435.74063853808946,226.41550552941416,659.7681927841112,223.2287049758388,425.4378832214957,260.2525061429827,373.32734354032976,280.83069390555886,473.3745734623588,55.10310766982505,116.63037858760575,376.7894246871576,298.50379530859163,48.61592411947859,435.95790808401966,439.62082320582914,447.24200206215755,59.6104235967223,398.45335399244817,382.0670082569495,437.77448917100855,219.69035189557752,-150.30170053661993,246.4156920608746,485.6504195980734,185.6037443524663,390.21017863153094,242.7175470548111,262.7303749647634,179.5643543646212,284.74798361874633,137.73045189126876,345.68036627018887,587.2816308528413,163.50814868551277,115.35589447368446,549.1110499094367,365.4520085805359,215.4015127218125,510.8343229605308,368.06054260816654,493.47254597916594,168.2465786269965,394.76126796497067,315.83299774905026,479.5005612738082,341.86117495473724,330.2982355125273,137.85685351065106,454.6127975538791,238.33490250201882,249.54819929059587,300.3394254782848,570.9313801890194,152.2333992959612,180.3938894211669,559.4963747983403,389.4261390810404,260.6628963162508,-146.20207665198632,487.98155711151503,251.07384705133953,106.23747390777184,450.29999281119177,294.8094885186035,249.41576226056895,322.1306945212704,315.12077238560363,288.99524432982815,269.82270519823976,281.7678367417329,380.2759311634228,435.3939289049185,235.98675586171402,432.82427618775654,192.70339861775864,394.03799863080195,251.1182442047059,230.95363577367462,352.85377649012264,136.6980084337906,348.60870179471334,429.46321812966136,429.37766107525675,449.4130104228888,404.5738839976236,633.3044877862037,351.54070692605393,404.0254154670418,148.8107305701242,400.62913465888704
-481.9722229176152,-560.5271152876593,-365.15468953956815,190.6796537163055,-92.02686113745261,67.9019182658193,99.93139017067159,-81.59876412445438,180.763550525361,-116.92082579701686,-118.75948506560715,-467.0321321001263,341.344063891595,-291.5550708131176,-20.540561684996902,69.02661679589377,-500.0641357574042,-259.3530897479297,319.6713243104269,172.27194017361546,19.88513401598138,196.02244240009074,338.73665651230584,-64.01446070404457,-37.69336490424298,4.916992841223187,96.77948070077738,585.948108353015,-562.2567101899897,-283.9631159227085,87.88095687749033,392.42999368612476,243.43251400696798,357.29482827254645,-117.20299623433668,-230.34747830711896,-62.88960339237205,-95.28240540226095,-1.005239090757494,513.4762091389007,206.77482725667113,206.29914521274785,-141.0514191658905,-110.64200628292717,-160.06063950720056,-128.41647768845198,-25.16047319642695,-15.349474941067461,451.2306298804185,-56.019160714680204,253.97357257321437,135.05423660263136,107.38389396901607,135.4560416607422,-345.7077807494269,-337.6541053057194,89.19830502706095,-179.71160262606332,-414.0257673704592,224.61470141726852,-456.05651776520017,-109.64129688491889,-532.7967488483088,127.28137740272862,-27.36372358215203,383.62853568829274,-254.7553612683007,57.15161498451817,-215.64152444301493,-220.62588629848105,93.25972142018354,-140.4212563560514,-352.10835317213235,-51.77289362752409,284.6006610017144,417.7251534802912,-172.95920849386104,469.7893636173687,44.96951369332708,169.27354869368895,14.167942260585734,-161.43334571649163,26.295116818338215,124.67953820843287,33.696486899831136,-388.1736922436973,202.7812148827864,412.41012732510376,408.8027964340244,-12.685510263623954,122.63801196261713,-22.34114221621669,-302.5931723102716,131.27012431575196,-269.8738819515237,91.33113837195428,436.95688332193555,-391.84541343250044,-9.954296680255835,-32.38108974891647
151.61983591133225,113.46422958634793,61.22966970077971,13.660708326747327,132.21703485438076,-82.73232790015409,45.44330029707709,261.9867064140974,313.32811699976355,346.51564449232205,102.90194949180655,224.91977344536943,155.44787765033985,39.867638603173326,-58.74206865207391,112.0672286325976,124.45494786391487,-22.1905874145338,-132.004196211286,-127.10468771948483,263.0798497394929,59.30751104898026,-110.07489788917255,88.67726850167931,180.78585848244884,430.64599998726493,-544.247333467909,-126.8419313023194,176.08400272507004,38.66531977700107,-0.3839993966763309,51.69316293575959,-112.71380414742005,-14.914056752297004,141.50132421165176,202.68724407482728,227.64310644402028,106.87379590635899,184.93576719882049,-176.57539915523145,80.74388411191272,84.5154692222719,167.30572278453374,225.15821500410652,213.33001374618362,-119.24792594058498,271.7119266184078,270.5171773337852,36.750071579794444,64.85257319853376,97.93830027202242,145.1276896130023,-15.092175052072738,232.1007604571802,-167.07350314470963,176.42463270531772,14.280278482218536,168.622238888062,-22.02708191658914,-25.891372512903864,197.61498712670294,205.9193067447093,245.00931539047292,71.62201440674978,-95.64745058873454,64.91783254421306,31.750211824557105,406.73799220587676,-127.46416417794143,132.75203939101905,276.88403207974613,241.10769143341915,35.31483219418215,-107.42644361149335,19.63366184019754,30.46546086687139,81.21941746212411,16.93063236470362,344.69603110654174,-8.330645868648679,137.04681399868832,411.51916717161254,-13.045551009889817,-57.59158764364984,58.360898213237185,217.6417829470729,80.42892345980948,-120.89711566610981,178.56781337511885,132.76390858399114,136.71524891491137,83.45119462719593,230.7472703446963,101.10176989143922,76.497808277443,359.98800451925393,-73.56631642412297,62.108173802605116,147.74063822190357,73.61319328429785
17.132359657066907,131.59074773499614,333.790827377024,255.46982571961485,70.61606014703665,164.66682451878222,347.6190297905918,248.97793855160077,128.81580359736893,174.44514372134867,170.94433756041016,121.17651198506304,-169.86482017098427,163.95127913789227,198.299515568582,154.19060983427661,-3.100363339981544,213.8354336589777,412.91250396602095,95.49827046819382,129.71442104628892,-37.06504511721545,85.45405468459066,315.2190561155623,72.28763632152796,621.0100241604063,252.86912296631897,312.22175346348206,20.679856115491,163.4054976496378,172.49611379743828,-371.8534206107863,157.64848798054706,109.23235825707764,276.8769162648811,-49.01788748314754,72.50948762839641,325.15215312779446,237.22221265230732,206.01633350847973,252.3922952858016,323.3011787457612,392.6626587275802,207.72791960051737,-37.35748542550882,371.6291266033668,258.12928411588666,147.81025584446803,123.38454819534932,-82.271127738585,81.98778908568349,13.757055054958558,89.57819486907253,301.7789248965449,359.2009407962003,151.85846334701833,244.4344159012842,112.45478664467538,-171.0084944000023,182.06470180704392,323.2309650996067,175.89740335305243,116.41024007111055,293.18817998011093,152.88604132321615,238.90498485487186,280.7259753169841,310.0294906134129,-149.2345500245119,121.76104173649188,-156.89561326838376,199.92686575913558,247.0971390841316,88.6868309971065,215.4515223873306,367.0979636839667,211.96045054326655,402.71878404934944,90.13142055197447,140.69234891727126,244.1267348753618,137.06172999977056,76.66084998635941,94.91827256488882,265.7304873631862,342.1460209404284,-44.93332753474026,196.3475491875399,44.08162146183212,25.54852879054612,170.51950919087722,336.36183694816225,288.03294750566477,258.5126080463196,60.818058272434854,85.46402018712746,129.16298879773598,166.86559501796697,313.3431054296775,347.36650594179565
9.639748862307822,-54.70460916929227,61.44841449205892,154.62334862523963,143.640553122616,108.00552888862968,66.01961177229414,176.19729357652648,131.37778100803655,-44.1988751739966,133.99980066221602,236.01772056848847,122.44971335104701,245.20053925146993,-96.2162191271929,47.11635705258226,74.93738228792215,-58.68589069969973,149.3166679161736,574.6928887818045,143.46862758966444,-8.639576986210761,311.02528474103457,-43.32141850611425,361.08590818684337,-68.25312718032333,11.102925212774565,570.6461512704832,155.99478772894292,77.95400484734873,17.037776047098973,389.7167980569882,-210.56309232676043,524.3156659819557,515.753949972467,305.2680218839129,359.5357681672403,620.1136264349972,94.93420763361993,376.2262995159038,227.0946533236188,438.19571821095576,632.5509323930543,93.93086085259105,349.34312887670785,225.4773646916384,164.24042677542064,107.18605075629829,250.18698467936838,448.61688767837074,224.14288328902433,413.9956487306207,142.38001603758755,152.93317508199115,-317.7574290571269,-156.86584097821122,66.46593212660666,161.1891816263569,-170.2185925436367,-68.68406720322183,534.2288244340742,310.25232746011267,415.75502965400676,86.30624054859285,89.85606853741008,268.6432346994652,-68.19055777510218,-123.01722715328664,34.93344005866241,374.00297037681213,382.5903627413617,289.3070595286566,-62.79051731537548,-270.80945719327605,-289.3257958134731,22.63278575651971,10.888141938908227,127.9153449004789,-259.39748858211607,-89.73104928587709,-49.49468271754092,-64.8124844763529,-102.26130080891626,82.74234860532049,-151.63265188997144,-52.83000494147835,232.53446800243375,258.34125066213517,49.80894851702529,247.18103837406733,413.12702065802716,205.73374927804852,58.06593713900914,95.85238353629423,46.810903213881815,512.9287078641602,-262.5749286843594,631.5090441659258,21.576809802330008,100.84667588449007
80.00786683249484,141.62356773216317,193.98593331006958,25.55776644645655,88.16616530606849,82.28260278774549,-196.8290918525067,153.52341819282753,17.24102479803394,9.412747316931698,-140.64930834772713,228.76809261305155,-26.60246877282638,-108.26727759632092,207.47807798674054,29.76096355223896,-346.21795421845997,-177.4915805397576,106.95887964972773,-164.12548734799643,-302.89110906153576,-25.061549756418206,-304.4236543711224,31.827958391634365,70.5493687841905,77.17217540368975,29.00313382213879,-11.700833863221906,229.28454798879156,68.50625053535843,79.84800638444868,-277.4101958623329,394.3904029048562,139.52800904931252,236.27315332632546,46.80623282336888,9.705969012629453,-124.16091568490096,17.66193617919134,-205.9664826449606,-55.84162766519299,88.23436015102821,393.8557395728162,152.31317751084572,-209.62440935349593,-65.69308050459543,115.39357652724966,-158.23098596559822,45.77289890105604,-69.30257516483077,-32.18184869435392,-74.47791755056532,-81.68765275275997,184.6743926502008,8.16547306523637,-64.39530506654663,-146.59083801470183,-154.16442491543543,-256.75622139967567,-199.04647135281053,186.917455959128,32.858959236493575,-51.005679125855735,359.74169274339766,-106.44326061920586,-251.57771372325104,80.12109176952609,181.99837017582223,-169.49098086676614,-228.08245114193997,-255.8517727032071,-150.7837271733889,120.47937471276794,143.04165482540535,262.7991156784023,184.95794060760588,101.51204958542786,-87.99012919450912,71.2717440409063,259.8954625773598,4.088793328964201,228.06808805730478,-85.77861104947253,57.47852057573954,290.99312400575946,159.87052059215,21.220117692402948,-185.6903447434367,-213.09792239324463,-258.59497019300153,-68.21456671008893,157.1905236025762,59.66649208615874,66.06037156789749,134.07163444219725,18.05823595497815,135.40680108863177,-104.93040176934893,196.956496443675,-76.00117253227073
103.1401787111649,-227.79801582172695,-99.82323110119893,-192.02749878014188,-201.58199813600112,-347.1450295886221,3.6322093021662947,-54.82490364598448,-245.04855694251097,-377.6760316993313,-227.4825305893585,193.08483183084695,-61.30517527712168,-67.2337946609693,-158.3241023416465,-225.09500586626535,-111.2597357804932,-206.99777033756,-207.62310243309238,-83.68442550143013,-113.62613530758071,-308.0608435819058,104.69313126540285,-163.8937782428281,-148.09489800671372,-188.21680481148954,-383.2577295783719,-151.88456989150947,-395.5647408635672,-293.54194912023723,-87.3799051428877,-209.08839530504437,-555.491610145455,-321.36834323153727,-43.98534548537517,-524.0117072284888,81.00728434800969,185.84006331629632,-81.6101819866099,125.48315337620825,-120.45397889176083,-279.92694921757993,-268.6689813612521,-12.082682453791282,-166.7865376150604,-362.6370690147612,56.548071158262,-503.5491325066531,-377.87340067438305,-447.84921405761946,16.22145718074924,-397.8892854889929,52.29381653108796,-64.38468995006514,-430.42975153167754,-566.6127898453564,186.22630816199108,-240.38828238761653,-564.0920820940887,-100.84367821061403,-209.0985927284324,106.9532682893021,-199.76118970267825,7.944821641294319,-79.16433935680726,52.80220724629226,-163.17575858559735,36.35098755093662,-563.9158683652463,-71.07154792268007,80.53079603892537,-47.0657372629987,-347.0841610345455,-443.75853922940223,-446.45535861846326,-58.940308141348645,77.61696384935756,-85.70742383314352,-324.5797487619572,-211.34069314848244,17.890234825778922,-437.5788587020957,-259.3098677304809,-118.23745765893824,-354.27797769034817,-73.69230238069333,-200.20198424071165,69.6426804741471,-377.9428695160541,-165.96701474046313,-4.8121097788540785,6.126908136877973,-31.375189237504287,2.3013899195672924,-285.5148518326366,-39.12235183400909,-533.8852386738696,172.9847870937181,-124.39325332902582,120.28180586907611
13.82784634864181,53.52017350873616,358.6215171716695,180.16126367916576,228.99396843725424,229.1952481981618,-198.82868541468173,178.5641850900439,348.2404489825034,252.73871910984488,340.29990997747905,229.38561104331575,26.483533734492458,193.5059196704793,542.2000705830957,106.59703840298567,166.65775490308278,353.10961116374045,131.17088105213588,26.724324998025686,-24.373569029176732,128.82261413593184,37.47711908394385,300.6050423029148,66.19227147376995,268.0829259726218,449.6750866573277,98.02485556909005,288.2213558516247,199.27883408875678,250.83132260582994,170.55569877548723,531.052159687243,233.37340772665243,57.42703720283218,412.7514732234845,-62.03310210740447,72.23148931310858,29.249956239786684,407.81409214193076,93.67553095755834,25.570510644354997,80.09129474461162,142.88691903899536,-129.64570354661785,50.53217460535701,146.75524740954418,231.55980862108987,387.55900368036725,307.0499552412002,-108.1032277399863,304.9798356708401,334.7663487372353,3.054090024879502,481.4765787880538,323.86622096253365,31.664195627090887,-191.60185375139824,197.4239143380441,411.44238806590766,-36.41429375556663,120.19928552426624,163.64703510800692,119.80839912131455,-43.480251773173535,135.96512958064065,54.03376949303438,195.51164573488444,304.2541251600716,-121.52240790033173,41.42603734882353,-241.26802706211873,375.6484203315846,377.6225797473824,145.10831996197484,518.4849199285079,379.1518661176439,418.9798757939141,412.2351539289758,418.43042852865545,370.08476155785945,288.27340933439274,393.0328442428495,41.103108087678926,55.635425730854614,174.98241569813018,189.51150358048733,-30.556479754378856,296.47341059713284,177.4392176233896,67.71740244460688,153.72905083999407,49.266911861326555,91.0756874644991,251.75460120411344,90.49186501549401,-43.101495066989166,-88.75118697489613,134.68026452913375,-80.0590115800913
485.23418881962897,245.62571811594918,506.25084928399696,164.54027940145863,555.9911576941942,304.2576046381795,395.3391711154162,-117.88950955108658,-198.49542495362573,442.26185927641,149.9962934378063,266.82145861325955,721.7476896173924,458.0378753351689,498.61162906418514,300.54435769279854,615.4872708199193,330.9842961527521,381.85352651505156,253.85091825753318,17.31168291105168,403.06677490221983,408.92913705858416,200.9694856487657,218.96751684611192,149.6625678067819,290.30952295031614,245.93202238572076,608.2357845550727,406.5612276325435,-66.46671885189082,544.1034461821863,577.36554586052,543.0829190650495,436.21505400337225,323.5500315743059,263.2784338748662,389.62637987592746,1.9034503488583217,268.97364425376566,454.7710204942022,89.92540176189218,70.86105326811486,161.92421659992985,247.86264914032867,487.98511492734514,66.08741938733918,62.436527541833534,686.6495835987869,557.8396420632413,329.1946046474746,425.7910338865148,458.27158621559136,331.58434691677314,288.6893725589692,262.9218132545757,382.5450901016568,289.35580164915405,483.25841274886506,325.6524835800698,167.59393957897453,194.51425578511777,338.76723267829004,342.0449701419479,79.36559895229048,684.1803791782015,317.8657415265626,1.2385347614956985,434.11945843989344,370.0009445456979,176.1755643324966,136.65079017580925,219.85124896707995,672.3017996290225,124.93052890322032,399.1954262374697,331.2960152072487,393.5736016262168,162.24226854369655,276.4773249885501,278.9493047353547,444.9288468401805,222.29359819813797,738.7951622486617,135.26842606032756,-53.299638916111824,409.21075883571115,517.6966359913674,365.2065274210576,-271.1163057545035,470.62006275439455,5.325568839629254,137.91413279390903,48.438130097074925,390.9793640079902,1.7175655821876437,367.38695808007225,259.425451514995,-71.92814873275445,-44.11522722115484
145.8688545553767,173.8423968272719,-22.965420876517943,473.1346725640922,150.83317622448794,-123.670507001974,-75.13185764506983,576.0075989399509,596.1446052888482,239.253067776528,86.03353123860917,567.3262022316658,19.004714183669424,-257.75819809738505,231.9795366271767,110.80148675172367,288.0779644604791,16.392000259461536,-278.2092510758931,341.9638029339472,520.1835066070223,55.60131087383659,-76.98619552913777,291.0694886641499,155.3774183568595,316.6299420927059,180.3997258310256,353.69678989387126,319.6139076596917,-345.97132886279746,502.20672524516755,-59.14831204280084,-84.5224428455221,-199.17186242018755,-19.46407032074654,313.88800252700185,616.5314497011225,-140.0185220210868,27.92783543309856,-122.47923709634175,253.5077594881438,356.0967231516878,-158.84236127353148,358.90035514987704,-148.38371948808114,-320.0785365640931,263.81918037421076,99.9226949320065,-171.75107924089627,-180.72762066230572,-4.968663550416922,-73.82181149047214,-35.3334999497087,-124.19234687445174,285.9833448181502,-127.00865669862893,564.888048683895,245.96772690458985,-109.4985001285128,182.43710914386864,69.13873885253304,459.1468379961467,63.23672602628949,257.7435778545529,522.7632795507425,-35.020194881973694,31.39831072596794,232.95738104968987,-287.6598802693283,267.913504564053,630.588383831678,340.1150901949547,409.3250253365079,41.77283370889995,83.82486505518197,133.71339578777082,42.8388379093495,146.866401598324,735.6687067264294,-45.773959179974035,229.87804273931553,-204.2197145200737,402.69847015843254,-190.92950573163984,29.64369302950802,617.807903182939,68.55349840606338,-81.72993180511465,255.503865993025,288.93189720301257,118.93745759104264,451.40814704925805,154.70677391253778,862.4622215220935,301.41531551308725,-20.309552194533047,-196.62303132337516,124.36802903104135,217.65691862038474,199.60665010960042
21.91552400315732,-22.287306531299798,45.687580650620475,-219.0759903394881,-167.8286135644981,-85.56334911255055,-107.61114042185399,-215.53331457579023,-89.15622286179554,310.46018157806276,-122.90480127659816,-29.309049847652403,-26.362580005148686,152.98652473159547,90.93989837675869,241.8363174679568,-46.567480389512404,66.03086574401071,160.56138325334604,-177.71333379377452,155.97212014750738,93.29484386249085,16.108947961092287,-16.517356408363515,55.11414184833126,-387.75467968359493,-161.68157116635754,-63.31022753541391,-525.6882245900424,214.4803858433888,-278.6199509142156,130.02138312448872,-50.81203359281435,215.22156084196686,2.7297874260453066,-374.1560859788346,-91.52722794474872,129.52985877474345,85.15447434154449,-68.96698146577116,-570.2953793301294,-175.08052738708685,-93.47713651233623,192.04002832779426,102.95123978515156,-55.08327223486748,176.3103241812138,48.86168935950935,131.8634748926574,24.682016021520134,105.7745892264485,-127.1397504448632,-91.36779355255304,-35.414315203610236,21.23770351511093,-73.5449851852224,136.72652290462582,216.53235140338091,-127.8686285130991,-182.45801035816794,-40.758909513220296,59.39210367302038,-43.665017817024804,-19.591870433394128,-148.3838011856832,-189.6720870931559,-261.6332944034882,-407.32387636834005,150.1814221530503,368.768016851012,100.12784055913299,21.781787487515306,82.87150701562135,139.30772972662047,-115.09166060475432,-204.74380954021058,-17.931633444329243,-15.534255213118081,-299.7705717182951,-166.42236146206722,124.92354700680703,94.0776688900208,-51.89784812338019,16.644115113216806,-215.29352613684506,135.28650126362365,87.21673857298455,67.09395236351766,53.8246425249181,50.59799215816992,-132.56652782452147,6.057583135109102,6.911210249012766,-201.0291456505273,-69.82653284074021,-165.10805036194915,61.25734684431412,206.23017497035502,-109.01792058091448,-180.0216554106123
60.66157480873149,222.21329306007274,385.7145868308298,349.33504362614286,428.6835288376933,293.7102083781926,350.3208129478653,582.9490166592674,-74.81216564095566,406.25059282941265,496.69422663897467,-151.4708967972528,-181.51269362455494,97.21769483956338,-61.832614467465206,310.3795180522492,439.2087372263737,164.49479292194601,124.49719076326213,299.9735136646465,297.83320756660027,-557.2963751155365,175.88775684192353,436.72807554390806,92.78483797802507,467.2854326388898,310.51077755885314,511.85231976894676,604.6569299264787,164.34774192096052,338.6424855475053,-119.87477585200055,-223.45546423825593,14.893227103428472,121.797623507856,384.8520640300415,739.6363941759398,263.0053085429349,51.80169087699059,246.06341037493596,608.7323149324606,469.33152546401533,15.316473117086861,60.951039332959624,-36.52052940545704,834.9027489976836,214.0656200668721,88.35535977461497,142.93621101992596,478.8661021988885,-174.15383385298657,-42.38690595838637,41.32303062092254,88.77839198709279,516.6065341906552,58.84877197915299,476.16125866461226,259.2656522746103,-110.46666607171899,690.4421156436806,594.6883987786614,166.32203846330827,445.9662709375935,183.78672365335962,688.0163612547692,465.71483263873534,-93.06225876664173,-9.755340540353465,84.17954021473504,333.79196115045005,63.21030322883055,887.6829414411699,165.22928954233572,90.75960285844731,23.49166729914498,39.154755704153025,-201.87850804295144,159.12708358547144,548.1746098144896,-330.0624079139604,-266.5772380219336,-342.4490302928314,458.7761845121507,53.02374658363912,253.33413626423703,237.83685568775445,-305.37340704689865,231.84765733780108,143.3918080366091,403.06818659714486,214.9971389348143,316.7665002025825,393.26206029374305,137.95137853059376,189.18341775247782,-127.09396685957218,82.32397535639693,458.5580173372475,172.7699267053379,281.91309567671635
-203.63574368580936,-232.6493113593709,-814.8781119307225,-245.80253120463203,-290.21058856483046,-479.35649102749466,-427.8135434999606,-226.1133175828457,-101.52557031255775,-567.7118892010815,-414.83795246278277,-68.99928548796885,-604.7472279957532,-201.07163600595524,-556.6940462972129,-441.23820283351466,-771.2825207828264,-642.1830484762161,-635.4546228791759,-220.83072350536602,-246.0307636726553,-132.79340972919852,-378.6379839768361,-492.69506520618506,-13.694118526928385,-663.663701226212,-410.6952138684203,-384.76288984304614,-222.99483972440916,-269.1791733001415,-97.00540058885552,-338.39603749606835,-303.14413289792554,-243.80032597085068,-211.33734107259312,-149.2272120063515,-151.9345928689052,-248.00430297038972,-412.41389713827164,-484.55018124992347,-349.753989925602,-153.99627007748168,-247.5759239731843,-254.72027864602296,-124.25905865259688,-547.5096353981954,-387.13445102243253,-382.12167742199307,-554.8032338041799,-224.4282667728786,-72.71084279739584,-327.9645439634626,-538.7486488235041,-192.08885268580642,-587.5407124973641,-475.5801079241656,-207.10158883865154,-567.2536819028484,-308.6157788682241,-519.7017212445064,-311.94342062480746,-246.77128461142476,-162.89670254736612,-561.782725958033,-421.8546483462076,-415.7914175831001,-331.8524539570002,-222.0661857860442,-502.5088640959244,-379.20032886331876,-321.6295506052356,-320.0355539481299,-249.38161324730058,-464.3099301460208,-258.7842843642767,-706.9909587012611,-239.82359200971106,-374.27310927028594,-317.0276675115529,-209.6512672706975,-130.3022674101184,-255.06889602920677,-801.3034818535917,-457.3441909768714,-385.3284149034491,-324.48547467173796,-241.58163626200042,-343.6919874427207,-496.7710836949892,-340.37737412802693,-293.6024745302051,-236.25669464806955,-183.72737490397006,76.1002313443144,-18.53002027354128,-255.44046735756365,-314.82909766996227,-18.85971357602237,-107.27385990810532,-259.5032685769231
-183.52860777746267,560.6123027966067,812.760993687468,-13.470695714214946,227.09506386167388,402.2318954189148,194.4309386613906,517.5452336708461,455.54959901834656,839.0698716680107,402.1313586539682,69.37556063489637,-217.32983946654295,341.7643409601593,153.19539697583815,349.4951810890457,520.0907059515572,245.48525997839545,786.8546406431738,260.208357048397,-171.73285067970613,505.9463736725489,129.20650901107498,-80.37132227286004,363.23398512746735,126.60367164614944,422.41656436732626,429.8992734019681,694.4127998105522,388.23775381992454,-203.50261419621953,237.5318781130882,424.9855708679726,145.59064105467465,376.89447673097237,121.48409281094536,623.9448043151397,-45.87767112602689,686.8967048925495,73.82739442346178,972.2185945704151,589.4507759869186,1031.188825918587,-80.79210852097881,915.9381485071798,696.3691068054773,598.0709985499994,658.2116115245226,37.9128547714882,133.00819041124993,-372.4240069630282,-66.77215761115598,304.1173735334479,-6.69161142761005,381.0885712608673,557.3661234523831,179.75925994738833,282.4251538559584,707.5365369927962,42.58060772399732,967.4170017585272,440.5040837274441,892.4720797541805,817.6998402166103,104.26499893307142,77.28864394567023,474.25232865712326,392.95647051394184,426.96204207340486,467.1156977088629,430.91853571599404,693.6702620764523,259.7417208376049,3.6637761650427603,349.988449803317,353.8168781687603,203.01668857127567,-339.30877567862336,377.6209550899255,111.71103509453579,-1.0582893521293388,366.060472591037,-11.230578872930353,432.2849624122412,274.0858203552096,993.6004730596013,4.376271549619013,-314.47772268308523,190.2840649485549,290.3643184144475,469.1063100845636,161.70491141143538,407.82072969100983,-137.21723574183744,-150.54173142600615,9.989157107288161,103.51115972183747,81.6641935124064,232.60723104187238,250.83360062414795
-421.355653024964,-183.67979092552042,-8.198428985409375,-261.964775457077,-913.4606172091494,-120.13181489619755,-421.9381944309951,-473.17384342409935,-278.7807350498101,-651.66407348326,28.51789603243778,-71.23597656869735,-4.372566526492986,-154.37723958505143,-129.94239255448952,-475.7215454356089,-311.6019261854484,-75.96215150291275,-235.5837651361223,-395.04531015360885,-871.4628141077617,-501.58151350566715,23.468366831710394,-118.28101429929103,-602.599131322071,73.29688098667933,-63.32428308984129,-403.72446841642306,-774.6407131489044,-279.06958327092764,-244.61648916639342,-417.2830413212863,18.148508253993707,-358.59711317577234,-356.69474068631064,-584.255258802814,-528.3507891448463,-240.19379148694549,-460.0385172605827,150.04443565870338,-572.4940459892399,-673.6067822541157,-729.9961668903478,-295.4329776439031,-222.7603942784751,-323.4665203755545,-373.4407383906404,-545.4560061693974,-687.9856900133436,-345.28179529779493,-187.81604972417384,-152.09894860560468,-18.83026704801685,-39.37136683556962,-453.17455890252074,-92.2805522024443,-358.6415887715498,-446.8640726800636,-246.1418053849481,-250.0126763360315,-1174.590252570774,-529.4971145385877,-759.8352832032803,-232.9930304395093,-557.1690920955486,-277.71779598111334,-225.72888847100157,-155.27949065407353,-521.3537405541039,-786.1677127731845,-342.55501922976754,-444.16776149048707,-558.7052611935466,-532.0936902114582,-72.63225832769473,-222.77979347589473,29.96076639886645,-286.64195756784375,-415.7463124506231,-469.66325019659604,-46.36170090333592,-367.96898514628793,-357.6879797453455,-650.6123581706671,-34.47212221030435,-846.4665140947744,-579.1843749991348,-173.967667240111,-207.2353080740438,-375.7258463549851,-421.32443273716785,-415.0425546609986,-255.40037830322683,-237.0458171789785,-284.03252319200766,-104.03002998774362,-304.68346859621664,-417.173616941435,-141.8427957303353,2.893990010493941
-547.795443589653,-100.75765164405823,-522.3173739403012,-596.1551718979712,-439.48238749524234,-319.4836055082318,-204.23487792155612,-332.76824328126804,-398.3898295562344,-667.6845469483388,-721.7624743693002,-422.9218258914391,-438.4273970225805,-480.3938083301694,-480.2449670287644,-525.7677142457121,-383.3005603004014,-555.1256515847583,-293.17016376820936,-297.6819650391551,-532.5743996032987,81.00614471927231,-300.0503901343991,-771.7202757530396,-225.87575108763696,-565.5716812241546,-399.9909305887155,-481.3107234260864,-635.6216603515134,-336.97036760241326,-215.705185246133,-123.20918071922532,-514.8910993556229,-292.90139430359073,-433.66572061600664,-126.54679519794935,-358.427704695575,-210.5200143326836,-303.0318650690313,-457.1093323068159,-322.9735904395127,-300.2439244082036,-281.48543645062813,-519.3214694852484,-214.958006572603,-369.3117828855164,-569.4087477605793,-50.56770560605275,-527.9032307837302,-369.80415835447275,-281.51203703860335,-173.3200715308905,-414.0915469208973,-349.88014177370803,-608.3546946898659,-306.7587046343209,-725.0022256062828,-470.36975159833526,-309.8053666066686,-589.49300193794,-218.48218647298273,-263.3330362781465,-287.6570728628161,-421.08827785463774,-426.22140533670114,-497.58811277909405,-253.1246139777438,-390.3834522480317,0.6145845048000972,-415.45645335208934,-360.03029488481576,-431.1880352039897,-393.2810318266455,-226.47910158251577,-214.81776455745535,-350.0123412904501,-475.7699039930599,-208.20910180512362,-336.1436094640414,-90.5136991692997,-258.53607304227296,-394.53436414577374,-195.3627898877421,-155.53610663538404,-345.61658007602654,-478.58659179040876,-271.0161360160628,-322.91278395559937,-331.6880078913454,-424.3479866361403,-346.0880250017302,-490.0946820956171,-538.4310117706756,-509.5547030812912,-476.04072278283644,-679.1317130632112,-443.67924295235156,-517.6060228681322,-305.60865076797666,-375.30046369173243
516.7526657144483,14.016409025950347,380.0324032374806,447.77583243634007,377.18929311187156,299.86814822448764,81.59533130925217,-421.9766670837774,-63.34157235808489,-233.39299557361792,239.04398180840352,-290.95015277131057,770.7930187045366,216.33190657758837,517.1661685139557,403.9088000810157,313.4680856458356,650.8076275055986,8.539725516054762,426.552581726116,249.4190695423873,349.3468913885335,269.36400031296415,506.7729050495368,219.54905578027012,135.86259865780536,39.22985285374444,310.47853572819923,449.2835647069808,111.44452292264073,-106.6544489227042,660.4226116003591,180.2370727836606,197.07564923016957,430.06364519068177,239.61042348039527,-461.7672171969713,11.2636372602091,220.82686210764197,-21.808198324320923,-281.4304083862832,-18.525972108186096,-274.41128343986287,130.03797145368327,-71.83052821509365,-231.9639480196365,478.4337691500238,-659.1500624039273,348.82333346157907,53.933576701998746,568.8190056646505,500.76680949102945,281.11107260964985,55.67309345693588,173.64162281205353,396.0563243729584,109.70529167013154,483.17162806266225,232.99251670500186,619.4720728364579,-388.0925982442426,114.19152283016045,27.44123382711585,-192.8708777508671,227.01872305736674,27.414080475456398,346.14544692536055,-80.70546232616366,332.06707956715775,5.365786888093103,-182.79835326226748,-392.1748726808199,144.65924754166937,67.00609042086795,-52.87688435909838,154.26806512807204,230.44437363599883,-87.31438123804783,-396.2335561581882,304.62834544895367,21.28240322800902,614.8063475475435,75.46160353865994,464.82214760994697,32.27760626973962,-348.3684346529275,426.85201233621996,385.515504719435,108.09513623160652,214.69981227085782,261.7801028971398,106.05806967420001,142.24376634192066,-176.67201404598987,355.55059946070156,586.0309818846224,373.45763047268736,104.79718905639182,-375.3120502858462,221.73289291238368
-139.8924706750172,-420.60579712466364,-562.9313953343101,-139.86904182713928,-510.5812392606548,-436.9621248938379,-8.831332709140048,-165.8979259085905,-184.7345726538766,-219.85749614746598,-336.34986246313747,-218.52746981404673,-477.5848946691154,-495.5214018344275,-343.3446429984408,-83.7448066975381,-371.0215664898492,-104.84234425892268,-230.3235633497911,-403.1641631788515,-27.718540437426892,-236.07061904067183,-438.9007726859599,-215.1258987248728,-293.6581794970694,-98.36218085758561,-565.7587174569846,-383.324527873921,-789.2024540783135,-659.3157548756135,-393.38107988623034,-574.2313640002523,-566.4737411696628,-297.3256893722179,-360.4901681234286,-216.4421128681695,-306.796936500428,-813.315656658451,-315.5817608503161,-468.0050770035863,-208.07598054948514,-417.4576325680197,-591.2363164032481,-114.23551761604594,-535.1914319717937,-255.21392777232674,-419.0325700320114,-216.87752540445683,-252.43540196445312,-542.1044690793768,-321.490028537339,-504.17231586227956,-583.622479229313,-454.77207808423395,-381.0343345237835,-657.8131052349112,-198.5797824949407,-382.99768090845004,-425.58765882131854,-297.383556669817,-162.05149144604255,-380.4785344140991,-518.3970454576767,63.798484440773755,-191.78953783648734,-558.7028120802702,-38.270757748469755,-65.30204496137985,-389.35194170766846,-235.00495176732355,-165.197494423132,-387.63366013780836,-361.4276337877467,-165.26344488055034,-116.82979469464382,93.88142083143354,-528.0353009013626,63.52745363875122,55.02864472460873,-273.28188135331953,-152.8930864437042,-214.4813389855369,64.14552496282681,-297.53567807929164,-202.41795434352525,-95.13887359447936,-193.54486206747907,-143.42061486283464,-448.2862495575233,-290.7574226334752,-246.35932883741188,-192.18361530453384,-400.6163792060852,-152.45488099747024,-619.034106996121,-183.07031381222322,-130.69085486306636,-389.3476974008262,-298.2181894390688,-538.0098248262076
872.4190025712811,-47.0063762734104,124.45098747983802,27.213672766709497,369.7665581868623,314.6046431852017,144.87261472548315,-524.7828997409687,-591.5637163436011,346.9607646413283,-292.4834099069138,93.02721140535418,481.98782745824906,237.1207370526901,277.0923509117232,13.132023959509915,323.93586285396174,399.23688534116343,-237.46997862034772,200.393758993452,311.1064509288134,301.9395371233914,285.73738442113597,438.14776915745955,33.35718207850323,-198.22783348370996,375.94333594344545,134.31521866945133,325.09651227112846,438.56448167580834,90.42474775416684,282.9171224227806,-117.19028286041963,18.200213817253772,317.18793392811585,184.62154743648347,-61.01758093633853,792.1466757125315,74.29062304535354,26.36125285978487,-47.83579592344093,-94.59606982895389,-405.2659225175167,5.03765400136158,-87.80183024221247,26.339157851985657,-146.35165845352395,167.61441488470825,277.1400733194814,578.1108464879181,331.62357113957296,291.32042525785187,486.1752167423574,190.55241198399597,548.204745334013,19.265061464866513,-202.33651079776988,675.4284559717238,216.12083941659947,472.72575975493527,-116.71600276769497,-105.800926817041,156.18818484644328,-218.3555179648445,492.32483117295584,138.42761366127542,107.89570333866773,-116.21584028583723,942.1685816585458,83.34865528847872,180.2340487003764,152.6664327503097,22.664482582581854,376.70084681386345,-137.86160697521575,-62.62984275454908,-24.78713176875447,419.07633380113,-533.2246881467921,52.602970416897065,105.59727513262314,156.422136231472,442.21772442705765,921.3522848080593,271.65721663013426,-256.09645123027474,335.32781085545236,145.63401325939307,81.0690188913617,574.0735744812828,-47.18055057193394,273.95413086858696,31.996079569994478,281.52799793436554,601.8621167840491,239.34174483055472,313.03060522022923,421.11038534104387,-129.7374993642819,334.84324112454857
274.52992230709725,239.72395085314187,267.02256533947906,329.22197379698105,253.31511640690704,130.80068543404718,46.84678578371738,208.47997066655046,353.4002721965328,251.31659893386794,419.52995091769617,82.4738902414071,122.00389187904791,416.19835822460124,256.48709035195026,468.39954911756143,236.26443258564484,176.23334868329925,273.428911299965,354.47573299295414,205.17411514633505,77.62360535083647,105.44471602329304,104.54606063410932,322.1966015473263,-49.929958499658255,415.8619869532156,322.81652965334786,603.2770416454255,310.8742424936412,231.97075610162673,434.8546922786375,442.3059295369571,498.51572372830964,187.401629663275,424.31520091227986,64.37153650556901,56.9760420629287,315.5788887867944,169.78512307173446,227.9978741293482,342.47842897886574,310.1727661025773,270.78118785242975,-16.830471098566427,303.5220198438326,162.55207280252563,132.0081184253301,509.9981028456404,224.16665763131763,309.50706186245577,371.0235754536143,93.09804515474907,242.58441760145064,342.44928696365366,261.9133069460012,191.71718144620806,330.7741972305942,404.24880095465295,91.75817980030388,161.6186235313473,257.4326176007813,307.73847138357246,10.972605386306222,547.987880467639,432.73430015037457,151.86016483506972,26.63646836911151,230.4572014158754,451.07838016500455,313.70496175222814,160.44488218831978,669.8841895337943,632.1021126800936,258.96752512121077,-94.01653554575647,324.0494191947109,5.332810289995288,339.8658023610485,454.92140258987115,203.48765757769834,229.42059861219144,216.5799588424909,-86.37750325944636,116.41495431929532,223.0160095485675,562.12329693126,280.0674836982448,368.7185166280854,373.12357416367684,233.3687290780788,267.57262661819465,169.2964500015516,82.64096927466164,222.35556699323328,46.144068819819694,231.5477670349111,421.347071987857,120.84189847816525,144.40859344061693
2.5932721130732705,45.39742533417222,-147.7913165462446,-169.9913635770873,56.3580651640041,-173.54933242418687,-44.08131872613876,77.81836616754144,-105.10281585212124,-44.49852406667509,-107.96245199548594,146.61371541525722,-74.83804040905991,118.60450901180329,-12.252700435087124,0.09708855569224312,-84.5719357795638,-282.32562515233406,-31.253534120326474,-166.88251457246264,-120.11446007621348,-42.610454306039635,-110.82288580291873,51.78654865760709,-121.97924841943446,16.963621175535234,-180.7797810099418,-225.1842919474482,-24.340651583690445,177.58284116849495,4.425089260269175,-273.96229174472865,-48.91195502440492,-32.79958239057597,108.75133351577087,-142.92982045394126,77.24981390499615,93.32803618549775,-193.75260771208266,-57.17205119328523,110.93126958014398,-31.52925284726449,6.168709766144883,-229.1728478580367,107.85028037025982,-25.90786956928742,23.850320846502783,145.51439233412685,-224.43768997587344,34.70040898584058,-98.9816491055621,-383.30283002885716,23.85893996269442,61.24412125990146,10.285362523243867,61.9973934215457,157.98953512851259,-128.1427124116002,-16.03817033192445,-94.50608496819788,173.88405734037218,-187.38248739458513,111.96151449685314,-48.45828041401935,-3.266204022233649,127.41105572272899,98.11771682986654,369.96097449398206,-81.58018863795317,91.88479573130296,70.92632200008298,130.98768376546474,-121.69050364579974,-120.22656708069009,96.2306974054293,-102.44073634092562,38.829107584635445,-176.61616572246186,-130.82382474116062,-63.166524492059935,-73.83183724000392,-173.06236964659706,-278.24757666680586,-95.69272506607516,23.09674416990439,4.596298593404429,-120.35621703376155,-123.00443030086055,-180.95663902018862,-40.33709040605087,-4.873605528168864,-117.11511147197373,87.68402647161236,105.6468828603535,-76.26884149532647,90.03689022350417,-73.07548559430491,-53.33264900372233,231.38381178976786,185.83497301820898
