0,1,2,3,4,5,6,7,8,9,10,11,12,13,14,15,16,17,18,19,20,21,22,23,24,25,26,27,28,29,30,31,32,33,34,35,36,37,38,39,40,41,42,43,44,45,46,47,48,49,50,51,52,53,54,55,56,57,58,59,60,61,62,63,64,65,66,67,68,69,70,71,72,73,74,75,76,77,78,79,80,81,82,83,84,85,86,87,88,89,90,91,92,93,94,95,96,97,98,99
28.09091419975576,-8.69464875924751,3.706606465683311,24.895572759078107,24.47190618247249,-3.2519649570595437,-21.223222073972316,21.640125536582648,31.2935976604206,-3.1883453502574084,-0.7768844977881765,4.8434578002582835,16.769932353763632,13.438161643153734,18.992175103732944,-10.161360028820862,-17.373822663863034,-2.45911472485953,26.2589514485179,12.676119168091189,7.4329386263179975,23.94830467953656,6.228539339660495,26.48510554118721,-4.043883658785259,-14.093026969345072,-10.677174382137569,-5.2978207456092425,16.891139274248285,22.48210869145934,-15.471757259506136,10.09099923756017,7.388696729258395,-4.335331847836849,5.431221826106577,19.566670652734867,-24.114971560101125,-27.245217235116908,7.271574907203369,-8.576084336192702,21.491943211127513,6.077230452301334,1.800953680977289,13.631592126908394,1.4917145175197535,4.565921484995968,-14.782096926593987,-3.304671383954043,7.177498770538608,19.1316472997091,-22.219826161674785,-1.0953522716509572,23.910679439023188,35.28932566128259,10.50581262812189,4.015139552097335,3.5541871313254054,3.100484697830419,-3.1465304921947284,21.921655440175574,-5.794248765225889,-1.8515640618943825,2.89549229901837,-10.467025278516418,11.560472375244709,23.423473796359904,7.760804859695107,-0.17783193173536493,-4.611694080110265,-1.455854931097388,3.866872002702805,3.08468864657722,15.676014377429981,8.217109398856497,0.48344898165035954,-20.11363622676814,11.679762217307323,2.6423552483494364,10.291245877706421,4.44578150801466,-3.4298218334612436,16.009266156830638,-6.010330806220105,24.4854822270049,18.61682412736162,33.76735876384279,29.929423843954012,-12.86284865938026,-17.41806798824965,5.9385127497985515,-4.9332192716798895,8.745076465936688,16.674112427819953,23.068367883202825,22.194034464119976,9.08640670466995,23.94696698217193,17.91322810350606,31.150645922217638,0.40030997786164807
-9.585288655788084,-6.521313655227201,-7.741987775896573,-4.8150370257423045,6.621773510575395,-15.859346865938882,-10.84415318374333,8.91539374762901,-1.8269497933337815,-12.108747040558711,5.5387598667998255,0.24434251558051476,-10.018782272731453,-6.375530511008003,-0.8726083715608929,-8.20948562652015,-12.661954195834994,-14.059711959051738,7.294786843409371,-1.017596419067988,-13.204309126581684,-9.05717364257644,-32.143822491607395,-17.380687526151107,-0.91622145086519,-9.460616819629223,-14.524559456207022,-2.658564072052151,-3.9525110719310566,8.547088302524644,-24.184255196430897,1.1430550513754683,-7.353087548896721,-4.450539427106089,-5.381615603447876,-13.269418409099604,-8.753772894398173,-9.739680626654362,-4.94885638252379,-4.7490176001757,3.168980619318343,0.0019018405443992222,-11.465083446016253,-2.2040881116743987,-11.48847885026647,-7.099366244326861,-12.032791513852212,-2.439717524436233,-6.101700029275682,-12.614256636595707,-10.51087055930175,-19.58585152511353,-15.304931845191904,-8.689131565041732,-7.27668091338944,5.977628259774928,-2.8739488429462625,2.9948974637721237,-5.4515937186357055,0.0980641516178183,-5.006905351646425,-5.842694502544288,-10.995952627267075,-14.923435208787987,0.34046073193026205,0.5788965627876563,-0.7334865208150089,1.967572843231095,-8.295451566591144,-4.7454925637207115,2.6186049777325024,-8.960793518245863,-3.9009401664821,-2.548694314075884,-3.407619680982984,-6.154016715479874,-3.650808160378569,-0.12931725511224346,3.1694708898472896,-10.689213647319528,-22.354602041463526,6.355314155542135,-4.518598904944159,12.38839221356541,-3.7989741556764525,8.24190282971852,-29.935783186433834,-0.28567977857960686,-2.100966380343927,-33.225992105820765,-3.3828697842790487,-30.200532592844112,4.718652632642729,2.070279233918793,14.736094182969254,6.266744252767095,-14.268959786897113,-8.697379420979482,2.182124815625198,-10.566357408725317
-0.16898916378383677,-1.4491819482894075,2.885455259033813,-0.2821370242613416,10.045645112342832,1.2163346253791203,-16.760857507287877,4.556987162271223,9.988045420458317,11.18823386591128,-0.03526753236093089,5.535572783660153,4.345945231979295,-5.108708124052677,15.957187476414543,2.0634752458086405,-6.115389654287125,0.2987073868521703,17.54251638565363,5.629404061110074,-15.479059863733152,-6.027333698514657,0.9730424989114198,-0.36540026878206433,-5.343987592292691,7.14665068774006,-0.10590451950953357,4.276505494776909,8.051373512977346,8.614559606454645,-10.440099563082839,6.48940895542216,8.646589794221,-0.5627559483680641,-3.262587198775076,5.914092467499407,5.478769828497183,-3.875941515012882,1.2977554939462979,-11.23463692584682,5.1698094961741425,-9.143925776481144,1.5173837533665315,15.262291474167318,-13.009504915606195,1.8910397214116397,1.3179343631882234,-2.456578540704462,7.625615924277396,2.8765470306838288,-8.25207170081877,-6.714287613123224,8.7868770262402,11.09345723953051,5.739305502000876,5.1601343196535865,7.1766985958618905,2.4037609295828397,6.953685762798709,8.179571022100207,-2.1078841036964224,5.618001113521596,3.994209554050335,6.315562503672012,0.22624435394430378,18.472795354645992,5.207513153650024,7.5108283423946975,-9.796623005208046,0.9526937297913327,10.702580605950484,3.438846070543147,3.657166744862226,-3.8131456324734403,5.041630462853035,-1.549449153927621,-0.689713119160908,7.274154335959728,-5.552976517698107,7.43368724774211,1.9771458336380074,11.505250249555166,3.5938276115520265,8.435177148314365,-0.4485615429645744,10.839100244883783,3.4863639746105832,-11.764388047406133,-0.08740138471979272,9.168162389738512,1.755113765344023,-1.1812194976500066,4.475025713372076,2.299922373665562,8.544616636910483,17.94356187061089,17.18892949808477,-1.4416045636815769,7.879703192907468,0.11760336895143053
9.59447353747883,4.097150002216516,11.192955295957011,12.15710835602158,24.678606741846178,3.2929558341040903,-25.831368342437656,15.355212765560076,17.04898899455767,16.23379995079944,-4.921170434787341,12.024704389561126,6.504255069749602,-0.8801005556035328,12.155915978011459,4.565010548365635,-3.6271792351369894,2.007659253142913,17.831810882557942,2.236532244404554,-23.37488685325021,5.928249196397674,18.86465952800978,-6.639875953324758,0.1335201374075823,-1.4299482458946546,7.0596110782966015,7.693790995931116,-1.8806916190492011,12.054468215610086,-2.505381023159148,13.271071101695737,10.533928096222585,5.462853727626655,-16.534760384441263,5.393113002181591,-0.38031268361522375,0.2219417577980911,20.194735715166505,-13.48938518053486,6.887871186974791,-6.775000168234011,10.494098637641256,21.744403836406697,-23.848971349686828,5.814726976019593,-7.7358380661776085,-6.048400430646317,11.540970735894302,15.363429265088824,-15.617309648222024,-3.68923092491275,4.986575616681451,18.747131726704847,10.455300491411256,6.012811107979432,14.403791268039802,-1.3528268033651702,9.493693830472838,3.9026500148711065,-4.739074825840721,-9.199049489311355,3.7967925183706726,23.824483971182445,13.31303691287471,10.096407009839245,3.0220452629033994,14.664575712802245,-10.597360704346977,2.023385892378704,2.7859337938357536,7.940016427420006,6.676457777497322,11.136190986874247,8.915684191135297,-16.34741663866558,-0.9199313183481993,16.16479144483133,-24.287594832246818,11.471068458952143,0.622827449859206,9.959988378161183,19.424777235734613,11.930774785838247,7.998319609716235,14.777206339729677,8.878298367738399,-14.515594981159202,-14.496882430510329,10.489144284793056,10.751070572458229,2.1004259497161617,16.106722141567722,2.9319462228485005,13.798881961168318,25.34383273800785,9.693252569535526,9.58588460486344,12.93066315605564,1.2523785706083699
-48.64882810539823,-25.613809624405977,-36.88206699921262,-24.346976646917497,-47.77782334927359,-52.310011672928546,-31.734146170601587,-57.77862784364953,-97.92940607977776,-63.902077029222745,4.073482675207166,-64.60071644427977,-67.62415043905682,-101.34583420494522,-73.44385646168098,-3.2869638392541303,-27.267680547498276,-43.75145058416936,-75.8616092188697,-56.51548203747143,-43.499481531864255,-24.226385680730488,-105.2725087125279,-76.44280931234128,-14.730436444665896,-42.87505611092633,-40.016008131284174,-40.969093024031615,-64.64916536494974,-17.159701537443564,-29.408142448959595,-48.53120999378667,-64.78495708908002,-24.398094596201044,-58.08190704025816,-44.659386051981464,-53.95871459486943,-23.150889073118456,-20.7547622295449,6.461259818614842,-46.10459997436173,-14.593525366413727,-52.912761486925845,-40.948982149479995,-40.74775273482995,-38.600196939184364,-77.31128500423262,-25.733991708260344,-50.83503984260146,-83.37316725611693,-48.98077193082462,-57.96459027492664,-94.24624506388867,-109.53060961476106,-45.29981698970613,-18.581676472323462,-50.571377621192724,0.10574736844375059,-34.806459421368864,-41.143428309012975,-26.947265246066888,-50.673589538808095,-54.90435983162835,-51.96726257797826,-67.3623443060334,-152.53183331040515,-38.268222786233075,-38.28272102628474,-28.192367366955878,-64.27427671171726,-33.06320186990888,-25.1805708139334,-42.54286890756648,-39.289132477834684,-73.04255450712763,-99.272455815938,-67.5777955278541,-11.054335641123323,-60.30961995669101,-57.61460740499735,-37.20240194397884,-3.5520021015995744,-62.645286102685894,-67.82138694891765,-57.3238880526152,-66.13724542605668,-80.30601248159283,32.72530078707167,-40.54490299322864,-118.05806081037966,-6.258706220469037,-160.85156342693153,-17.03843447699556,-68.57505389389813,2.4433387950797023,-23.342908013280578,-93.10928746655644,-35.963717047465636,-49.34304978398263,-75.13194234826794
-91.22041990630399,-27.35144921430186,-74.84472906303837,-69.57090136079863,-72.12851807911396,-76.17109493205297,-21.532011368332277,-107.51528820724938,-111.32367231087379,-93.80157763806896,8.684146990652783,-69.33687544527585,-94.45405055647673,-102.01571987205583,-63.59507325679688,-18.250046616644205,-33.95281433058822,-50.86619896215233,-100.4513883763515,-49.604087063925846,-33.62571088951115,-65.47573841778299,-147.63449393996578,-90.9779333972239,-50.608437711760764,-45.288036711074334,-58.23048039894832,-53.74653286545276,-67.08670739513545,-37.95419933766467,-52.372534072807355,-55.76515634513403,-100.40229008631303,-31.505241167643703,-52.34079508731478,-75.45140432683559,-79.04614209904499,-36.82124810127489,-78.72300400322013,5.972540051542521,-41.38848764721865,-13.37856815603895,-68.90295542548773,-86.57376868507835,-39.66458813862195,-75.88725181195215,-66.67495550676931,-9.55026737422272,-89.33922752394906,-111.32902027738231,-33.001064073185894,-61.98722601628036,-109.90331344698727,-134.08552752578942,-61.8352420017062,-10.953464554847178,-49.53552389636341,1.0899527503274182,-46.43933399433713,-45.55309540449909,-28.470866361646177,-50.99407194266611,-65.61388847560416,-73.9555197975476,-103.7088539865602,-144.06992881545204,-53.2970411187169,-49.4820845783549,-14.407922159760782,-45.02364160444715,-47.14128319947913,-55.53086565092837,-59.1997493516976,-34.53121493216161,-56.042205618470206,-74.41318111245542,-55.91693571032784,-37.71749477400164,-33.72275565904891,-104.24608934365241,-81.02182720154264,-42.46769235142723,-75.96409969087446,-77.82523638785649,-71.6437765045725,-86.79322536951737,-152.1311198222659,43.38898582337319,-39.769639357821944,-131.0742209709329,-39.38115721105398,-179.4011807063139,-53.72208816836789,-59.109498494699395,-8.660329387545735,-66.52541155541572,-139.4496296179956,-70.91057797932844,-93.15068430666261,-82.5419510154488
93.91359989310735,30.79358706446614,204.1894944241365,106.61347902598696,240.72298945568699,-41.678642421396944,-238.34143453712448,132.56966725196702,-9.878798203131119,112.9280460165183,-141.75545139751875,18.5614438637106,22.34275941296777,80.75347536643133,-146.207465978539,46.295571621102646,-36.032021674131165,-59.94499930726127,-2.755538722757142,-26.425112581751694,-234.517136733904,-37.39532374272372,54.26312148826973,-132.6544574048256,147.70361602351613,14.774624416813163,-2.0334308195050834,166.17262602651832,-38.803808284284614,65.24008747944912,-85.12007929416461,-10.22056269649306,32.276028599121794,47.78590026476873,-120.90526495484399,100.2440052427203,130.95059147368812,-16.784979911680942,208.52163443514073,-54.129739542576324,-75.32991543653625,-98.6224036145924,6.816382282674281,151.2323071276272,-134.01971671372715,92.91318944478616,-130.63958904716065,-119.92075062417408,135.5178482557696,16.718750002010974,-91.25705567556088,-116.11360346462459,27.236809099701727,1.338783501312231,-19.905710132316937,-77.19661146810363,3.8223870051473616,16.712105424984312,-35.74919672125365,-57.41009527057498,-51.499925189999786,61.32188227998976,-23.0041041304491,69.3789187337097,395.86068380549625,24.736471775609978,58.60467737299501,67.61969071649193,-142.91203414860422,-127.63953766817461,-53.30597567866926,110.13970833000597,65.33401708457463,16.797961019009993,6.110183954595836,-207.41778965430282,-91.63870182884992,99.68815718506335,-288.1347825546294,170.12806243299107,97.88918717667558,128.25341391943314,5.267457017112079,83.48026053798904,-151.50244394971176,-64.87891860444147,-23.495982290655668,-61.6805439508243,20.80246949277476,156.18495254277124,120.04043400356655,-68.11533704850754,65.85729362999469,-142.83787664945027,66.4591217477382,232.6427987591786,-11.484341110769494,-0.7816073589519615,27.739834508937914,-19.0511739892691
20.085281283301835,8.564715454940375,12.627708981148936,9.871953298672814,12.961313762685457,8.632791467158336,-9.942496829408519,13.502305498339952,15.384985185946462,11.818049167343307,-12.491391023427632,9.843157758266145,13.681978389089922,15.200085970670239,-3.6669069332689643,1.0937809255288056,6.092489892401565,8.340828891491478,12.564082953946944,-3.6469626144079164,-5.456715915311655,7.213976630875067,33.24812429582355,6.2701789353934,7.1299555302553905,0.1412242010330398,8.586359668556078,2.308393074276405,3.1957510548123778,-3.2799130176513414,7.6668853096127405,11.668384721117635,18.88270481211463,-1.1923389734567897,-1.5373404508653896,12.826197659302467,7.123616629845579,1.0950990419979922,18.504448148418504,-19.368665139520452,-5.1281482897497455,-1.5444723137522622,10.972415032700715,8.798580614719091,-1.444410902574331,9.953828844026946,2.323877591983113,-3.0128853256892283,12.5838361701305,17.970344503942428,-2.159091236589294,13.021693967452443,21.267446767446852,27.82256724272048,13.179889031964901,-6.8239495088463125,7.212223490066268,-11.885296533963984,-1.3686320795409082,1.2159767127261059,1.7161740273809967,-4.535742910022268,3.780050284996057,9.594136684305788,13.945033176119843,17.788702771334567,-2.1568578017337625,13.50387971013972,-6.358680292998296,7.563154787918176,-3.372769434159284,6.6740278225722145,7.939039420192404,6.292056733586152,11.26243186937816,-3.320818869347933,-0.10695160406781322,3.3049463145297637,-10.584720771599438,22.465650664685803,11.522133380233495,0.48221249881385614,19.06017445441862,6.248188539202291,12.011618657072077,9.428753820963266,27.407201209014865,-18.034046046467147,-0.4001850627656384,19.473399567738063,6.668218504127398,25.545710437631133,2.9623263927689862,2.5544110081774574,-8.953478943377,10.44221804909826,19.1402707075836,13.743507197131779,18.37893512104721,12.438009354183249
11.996675562141693,-10.174396559761815,3.7961164672114434,-8.029887558992614,-5.275155697391245,8.864995887412777,27.543482738803647,10.656587354211494,1.0533849022605755,-11.185293591207408,-9.495285589072475,4.729766052413271,22.021056565878038,31.962109534283123,-5.746397771883762,-0.3356523826282394,20.210189895540378,11.412536308854833,-5.412725645404838,3.8426992196753007,7.054535116861327,-8.306614138791375,16.404217997553097,12.803316537229916,0.1796758034675379,2.4084227873053545,9.380594508913525,-15.283879736515887,4.5180279021107035,-10.816365256224014,1.9053141894636898,-2.0675602624979468,23.12583664657694,-7.056508241804252,-0.5796580309940988,-0.14146738131016656,9.666669238479464,8.996957035331217,18.59848222423826,-13.860583790700664,-14.526578668977441,0.6108455416301606,1.082745257793757,-16.225402062232092,18.113898708691476,-0.09909719270713603,-1.2412290575647686,10.41678326539264,12.651876275328638,4.326238451588858,26.542093267532316,13.653088640391669,10.568301520250564,-10.260409150552123,3.0354568808629714,-10.302918963142439,5.602994646039486,-6.905973871213444,12.741250496143437,-23.52216445052038,5.546592416624987,10.603036624452415,-9.306841975376267,-3.7984455390828007,22.611452899854495,12.992375289235063,7.522521546394896,14.37422158773279,6.384119436775426,7.824942196343924,-0.44202958540334064,2.036733547250553,2.507501773226521,10.045404046679291,4.125943201760069,19.352239609403746,3.6857024650044794,-5.773472954697913,9.066762572768297,17.09360634722469,19.592248974382578,-7.078812673319607,16.352108774030736,3.5037762336238734,7.651190203706832,0.3539568775688401,30.654603726174585,-5.102613001627654,24.691596014554598,25.606624456950183,-8.341060035810958,-4.063330973853996,-5.883922416560763,-4.973470521909365,-7.290852249063907,-1.5264909814184187,22.041924537602394,17.47250217455436,9.487326016384134,23.34276767335399
-56.066890269417335,-13.483544428728235,-43.155591412275946,-39.8196965803262,-11.80208317283064,-55.000865015791994,41.84693428088601,-26.738218036061625,-59.83168745566604,-78.58821295987646,25.565034738923842,-24.22110397934919,-33.881563286002965,-22.956845149597616,-27.015112360272695,6.657536592733483,-0.3551747393300904,-16.989474784655272,-63.10755273616481,-6.528700660826415,24.089779508847958,-49.06670381516262,-152.6666343930817,-46.705006153887126,-0.09026492343001974,-20.90158203527655,-16.1275222901562,-27.26549743249181,-25.161734277599926,24.606009478971842,-36.054790384668536,-41.19567627079759,-66.90788612891241,19.533393666765004,-22.12653761432595,-72.99762694618401,-15.55619359734737,16.35450674851498,-43.33461096323297,84.79276254874627,8.543857324683064,10.795327601167928,-26.640612609711493,-60.55187239172144,14.338829200649053,-47.92788736144231,-40.200782524568034,19.389342166932845,-38.8945545087164,-82.32923902551819,28.298512959832145,-16.014733566635062,-101.36205314387841,-114.31893808062064,-20.293199799899853,5.38069764229931,-15.340268740856846,46.04773276533095,-1.3868867850722075,-36.17276558771939,-15.450562510781452,10.484469674571061,-26.46749975055476,-49.234919329425985,-21.772272251081368,-85.62698949007135,7.438770668677364,14.537619837547606,15.223969840236597,-11.03370245355978,-8.9597233192769,-16.701017437381857,-19.95238117451395,15.70570830173061,-26.95756365100808,-35.61895490782444,13.362834779705414,-3.5663149257718176,7.25915642053382,-59.55414049465278,-50.11187723774721,20.739651139328323,-35.03536124210459,-18.8043560056508,-52.81050423821551,-16.98197191710818,-154.28427401845212,100.02349484812758,29.11360403596097,-82.3488193115978,-9.842163467500919,-124.91688341849841,7.503158150270737,-35.15091946502081,54.80619147345161,-33.97256697491905,-90.63614853859968,-25.229284580796907,-52.813260484693714,-28.30535047098354
180.86308135020306,144.43158716661208,82.46542786725622,15.66051133250058,108.7192492435638,159.97216437501152,219.9565911220657,260.2615740513788,31.5165948250109,36.936024377842216,116.55291588518065,293.00919993001867,69.99954723196916,284.9171187165828,150.76653878535336,248.3194710471843,291.32475388760963,249.52378621881573,62.88161147061236,68.83203484763064,90.53706402128287,154.08712443792308,171.88691446853122,90.63326128876008,323.6557665039435,97.25596382352238,351.0458775963247,30.305394685752308,127.50715423600114,91.75366196305451,200.81885419760317,249.63803847135824,281.0298912876035,200.38679253309326,117.38406459745657,43.30303903112716,438.09476056444936,304.876152657681,280.5088901988434,220.34630946835165,100.84797821103574,81.04349419337137,187.43196775192885,162.2630846599828,70.3912699201393,47.56668855951428,241.2106932684653,163.21337181907117,159.28541262959823,171.58596082283722,220.56883942204283,178.47485917714158,42.92341086423149,4.723770528527796,194.97565661103752,93.73528801771803,204.1224262740253,146.3880176283843,340.5900540149619,-13.523853854717904,168.16928228116487,138.54952353910053,170.40068338469277,268.36291814242844,34.88003054489348,143.62704702648017,-25.365394252521806,321.4141927942394,96.59741485813,253.70236661211135,172.2018754765335,122.99001589862098,113.19234966922565,144.95301642999192,135.67244278798722,236.33578848109394,133.76566494652104,278.2321094974191,115.23639270400842,164.47924432847145,194.79656472691926,355.1243354637559,333.3901935112667,-53.855822667374966,305.3570115030096,233.44177533062913,171.07279986585456,191.1389061828483,58.435712296273934,70.02263133230451,208.4781044394142,58.801909590130556,160.3199533356752,-19.255072237339867,30.673842033822094,119.58061179622885,66.0452751358312,244.02759111782467,101.56423806309958,260.3984471077838
45.945440026647994,1.9479012267273186,15.115381832685262,14.398313008089557,28.760742653765075,17.528445713687425,24.77378424987788,34.62498085640029,22.957446158074415,3.3530299845078178,2.5822660992303073,11.477163088626702,30.442301266298465,32.28468859527955,13.874686682498083,-1.7306028288290163,15.080184185278277,15.371485075551012,26.737064915138,3.2713351546797607,10.058290333618539,12.596550026404463,40.79450324955575,15.979105977832557,5.041696381082841,18.01282914001717,13.099159376026618,-6.543908518253968,17.065788073193943,12.060925532812151,27.850257134056502,8.180868340559073,62.72168780801364,4.175186415087563,17.28261125433675,18.396405226182647,28.395653256184374,29.174825258041082,24.97355492684301,-10.949347388887885,-0.2718378139600993,2.60097923071569,21.38139505302347,19.622966195036007,18.764375758697838,19.167932678085872,20.347914453062412,0.8673021336076813,13.97543743273755,24.693732771416542,27.97579509229234,33.29354545329674,19.442479417398523,53.681833107694594,14.561483699362494,1.3566822633217113,9.03418740158102,-0.9661847854970929,27.4119158027424,-8.84829726955749,6.0680093991139215,16.651853679149614,9.592421315213588,23.92340712902577,39.37123445478424,34.97873508073805,25.413040774231696,34.500271269073586,4.482949508252846,17.412299275727232,13.972336898016101,10.450097458712818,12.887827410594696,7.724393640760379,6.2809530339761475,34.741401649838195,3.9375146242308863,10.279755043998707,10.599820582476083,49.41587709191426,18.098239742458173,0.22320830339375897,41.50313577479446,14.837372646893005,17.953001967871085,23.934001478311956,60.155889814671056,-17.634035604944586,27.678837050310317,24.108803063062282,26.649272238257335,51.77699459519576,13.04770190601314,11.032325995420376,-9.389874740101062,37.339646115292496,61.58651223434527,32.777138290408544,39.72079292303308,40.48490548778577
-348.3120646879005,-136.48029015668632,-601.5628464140128,-542.3756953598762,-299.28884324389765,-183.11715843020272,340.06194174353976,-157.7250711898527,-421.4966768190378,-611.8600399893996,304.34171101751434,-210.74945277507962,-167.40333260274497,-502.76731794634236,119.37804639449276,-199.86954624830068,-43.62700511185313,-41.70957224250814,-213.14674857769492,111.33556581259424,225.21549183026346,-253.62249870309714,-641.3859135530871,-367.657520634249,-595.5579035172731,-344.6101803363639,-58.859549836748265,-466.29009334245114,-205.0731994144165,-226.4456388075574,22.07898016253006,-141.37523869581577,-238.13479473025814,-253.6501753569235,-86.53694059938319,-483.25505620235043,-74.09274694565819,31.73533736771746,-446.2693747118192,54.844138495804344,-40.40254844120128,-32.94575877516436,-94.54550503534922,-329.29891586524246,-242.83082770869558,-326.38015339783243,7.553807802659122,168.24906289433838,-420.32184766192233,-514.1476587675675,24.017157421252303,-76.57539627658345,-485.3473887022002,-536.3584476687754,10.488356581764503,106.76757820133402,-150.28752994397115,105.10329521827605,193.8834936850946,-243.84936742464197,-82.30913904271885,-159.6956202905262,-299.26853541532347,-61.96004233283409,-570.091436015528,-536.9683300067015,-107.86813980442683,68.96335034031615,224.61634549997817,176.44302008993645,-111.73423967848575,-385.94691326772704,-443.06614432513373,-47.58986084643244,-346.73272389756954,129.140442006046,-90.6363365027216,-173.28868186724443,196.089701317602,-365.9451055758281,-393.6551825619644,-253.13767340590567,-242.87260576624763,-273.79072793880476,66.94805313346991,-181.66479623308513,-500.3281662235654,112.75309157879391,-75.0855650385678,-621.3549179313075,-266.72355059814373,-618.005656057341,-288.63092318308236,-231.17239412739596,-32.79801429310957,-392.32713008385605,-369.23410739225864,-102.99775376373316,-466.7306231806128,-210.5781281564142
0.19595029078499937,1.6562014067281718,9.476003691973595,18.109432765797216,11.796901096526037,-6.713140645196148,-12.875638946874007,1.2800865930200696,-10.989596946783099,-10.293563595506539,7.207581070586733,-16.412079277115325,-24.940328829022434,-1.0373333002272198,-2.6622432882711826,7.3182608013275345,-16.790996593887098,-8.966168831095255,3.0949374678019432,-7.781468717884726,12.641046843145956,12.846015289870822,-29.900133170584116,-9.607533583849028,4.060614005539171,-13.957606362023737,-4.092735550165648,2.5767782126395478,6.146257182377858,20.126081006788308,-2.1791139173791665,-7.9251515409877955,-10.385903866404274,11.553132364031196,-11.925705078671339,-6.708200587946692,-22.090472285846218,-9.442647768473968,0.7755459013560906,26.02421117176463,18.529472064011166,-5.076139303173364,-13.811293289695247,2.0934227823544442,-13.833897788909676,3.6800255881662336,-15.291095946207575,-10.879187812981765,-2.1104166310157413,-3.0167572220943772,-19.961475678406412,-22.24261775732796,-17.052121908878213,-11.216404149608548,7.001399771783756,0.5118912731384482,-10.578148974805144,16.39087335766863,-17.59240914010143,9.155071828531215,-6.5713240067885765,-5.749341628813237,1.7717656973586393,-19.954319521502985,-0.023920774965774515,-20.098389454005385,10.673266847618745,7.80173053195383,-1.402168677983594,-9.396530007691593,-6.780215082231029,-0.5894839242728441,10.019220795029781,3.1799775531879977,-12.143763135946884,-33.099026041783524,-1.9642903147582553,20.986929731885073,-17.128194390932435,-9.321918549566323,-3.7623442856417806,23.62671515104392,-15.514549676339977,-3.52102394184362,-8.109517000280459,-2.5344274465259344,-22.18267540143738,21.920314384636896,-19.856453944198854,-23.544691654527668,12.412420577831188,-25.77780517323708,24.580658544570884,1.0513893896710385,19.67836124477041,3.787962514173669,-35.56111346681143,6.91660567546277,3.875061025544984,-17.537651158902477
147.96140074014122,-76.29359798997778,-0.7589729259367026,111.36683302042726,63.983432373362334,-54.296663872516525,-148.5128993860492,50.9136827308966,-120.18706591264664,-34.344133990340545,-145.18334409163415,-247.24972824977561,8.243070182294105,-125.20087974961046,-176.57313794530015,-224.75937836358696,-263.00899591554514,-239.62299188678242,-100.72181794789951,-227.2120703699973,-51.81789305862689,74.62790022771009,-86.53467084460037,-11.91195232979662,-96.36939732353672,-205.20263602372566,-281.29326952111023,-32.886485822432185,4.444096009736747,-15.325048668158036,-103.5565814475662,-179.1457906165374,-181.86528976049433,-184.42651154954885,-85.50198918134245,157.8038697318283,-266.64739152719045,-278.83327325892293,22.764741219440285,-183.81922148280674,-55.18245240312199,-69.84207921273364,-328.65201950560197,-46.3800761481224,8.833381229691017,-92.78497606746751,-328.894389722117,-170.7004263058614,-71.72701587237128,-11.35427832983665,-248.28027367488716,-189.43700308597425,1.3754600133076273,73.47275391017078,-165.3119720244392,-103.41886587695323,-247.3490117178828,-34.143911768143894,-304.06050910061595,-8.934311337940937,-257.9679917157162,-142.62171281311976,-144.49210949901664,-407.7126287318057,150.96739537621426,-121.068118254881,20.3033701697908,-206.75231404016003,-153.6919432268809,-221.86251220654864,-176.12677987426207,-91.80103675942972,-36.829463380031946,-74.9200925991885,-235.19860817490226,-310.1408854536261,-151.14911369440975,-116.03152485401326,-152.0935501231232,-104.68363464663018,-123.49731382462093,-26.563103554209363,-325.94449990599514,72.28631042314235,-239.93485275828277,-142.70931275374096,113.06126361191271,-87.21455258183113,-70.91214006785361,-154.60708338785366,-148.7593327176995,-89.38946945149515,8.31590183826994,-34.69956336097953,26.68446358789589,-72.42546376224824,-181.9198196790665,9.615008780192017,20.98811754788336,-178.14298098171167
69.66689989759354,50.95812353446331,48.50910315208124,30.971766158342845,42.68032885261665,75.53097324855017,42.416019873225416,56.0841112581022,61.07221412987777,45.650510798497194,-4.257023837524888,34.661907618012656,38.975818090289266,55.54042442604922,22.785165362216247,4.317471785466861,25.82894083073697,45.00367760802417,97.93855128975844,22.998294900663772,23.320839288864764,11.993983947040284,128.3620712268875,33.46393093654204,35.82019341515617,14.187541374220555,45.493605315097106,46.03988348006063,36.33171633451477,-17.52735959375923,53.81397425980622,51.16900822222962,90.90316906919169,-1.773315948328393,44.59103577901827,5.705247695285539,54.66300292178118,51.39047039465006,37.05684827556925,-45.62937072771598,9.687807748700704,1.228227268654875,76.53033600236448,38.04621417133085,4.996697431752843,64.81507066494923,66.88426203949903,6.44351004668408,51.01162866773587,57.97459518836727,23.10646360419727,57.292189985131394,88.54380480575581,98.14049557080492,58.903980870921174,2.5292516714013797,34.83003109434193,-23.61147502815655,14.693720350156251,28.251772293595238,36.16454319824589,18.60542909331153,28.828182652907174,46.64969779535253,65.32767718767943,99.66525385449901,30.749228806667503,76.08775512463758,16.92455434263748,60.07020644743945,1.636314966008981,-20.49113988306208,46.98558969541639,45.78207595290538,57.1097631658071,79.31985702675728,25.411586412484716,12.781179818693946,29.978477151845556,85.85027943062781,29.72779036093476,-8.812231293342052,71.91198615322004,58.004427418804255,60.36066432017797,45.92874298182516,78.7475671201975,-59.23136908499195,24.752544004871098,64.47207656719232,16.35954737806252,88.45735581830657,23.434198403816943,42.630886394581594,-33.166408717212946,18.672397601399105,104.70015422933095,41.56064013103385,88.16480674309359,71.56540215866599
310.4242787398827,196.83437959278947,497.65235975832104,454.22440062528847,76.61425940865234,556.3241769536496,178.9468192221476,271.4598693598792,220.2527683871426,190.26969491270734,76.71607088132508,404.17140435199326,28.263055713347075,164.36870932533924,110.6609595477939,85.4396305647114,114.27531065988666,166.64447374230897,392.4204414047996,-155.31451099269765,400.3347847931155,561.0057146455151,635.2533202813047,678.329173891295,61.46436347297535,-14.082163554934267,52.566747692838206,211.16795679087218,166.09543618158338,-32.414441686222595,84.23042981037031,213.20317031104958,111.5922634875787,-18.309983561439385,345.92326461991803,137.52263515194096,391.59977708723187,-213.41187226938905,380.90017059529464,-64.66151204587915,310.86206944720925,215.36432105113843,-37.73605175547816,350.5266579331966,439.04190441911425,338.8737349362916,387.79587241400424,198.54454627178427,158.35543643577265,67.08203163198633,273.246438051079,221.23890792890205,750.8004967488373,728.8250544608629,102.61672724699396,110.25937834348184,105.05176669340436,-34.61678627228739,-85.27667077727102,365.19625056835537,48.02883874512303,145.92245615961744,438.21423455773936,-49.83304578470381,0.11709505578644128,415.8940777050315,126.0409469007321,248.55892846919926,185.69447958090436,382.11010552315105,-12.066940866188666,-22.63173147808958,460.41307714733404,108.11480910794799,247.66986593888515,432.5255519664013,276.05357553849245,-174.68950167487623,644.81042494195,176.7963637606843,326.55125848357176,241.2989203501228,-188.55384985057518,382.5313388537956,497.5861430348283,424.0165016168784,549.3023715349575,-93.07054375075587,296.2776185618547,120.15290718979728,75.9686397670442,208.41763229780938,64.50106534703549,311.564374410979,16.414358741970634,91.19201450090338,485.082069749932,158.20570739225917,203.8092779868158,55.984065189859265
-28.556538345908596,-20.69861364356329,-40.846166876685096,-29.373037452629408,-45.42785596166932,-40.37381614149361,-21.069310238708816,-64.0030740231045,-62.54795785250876,-82.28720802105794,21.80104142008316,-72.30293164839347,-48.44948519103388,-81.37380202505852,-52.919143359946965,26.53915387378673,-13.755211042477958,-16.867061708933573,-99.4234995088872,20.20972310601314,22.1835261257276,-46.199144267058806,-101.85055514520417,-28.206311223789978,23.209844597513744,-52.80793772170204,-13.207599575755255,-10.571437652691703,-16.894371034630435,21.352575731507464,-58.54774942691936,-7.4645808625255015,-63.59248229364368,15.706507944848111,-14.511307054608286,-39.46777478627318,-64.32808172143166,-14.246634398752315,-34.37016593789601,104.69985360448472,3.3992721580568817,36.680593703623806,-32.628312191292245,-43.299734797739,7.523635174246558,-51.9502126798695,-65.60549102559641,-12.25296187065992,-48.62225782790974,-51.90043431620978,-4.662778910511335,-14.562358565567632,-93.06491752516717,-133.58940594773213,-3.4552333759632954,-42.471887876147754,-27.23245701904668,42.50589143192211,-8.74352531568552,-0.9798188644761283,-10.055461745728453,-11.178284433656406,-26.079043611191494,-38.81802807068768,-78.98657937201342,-128.21527775905173,-27.88513720474677,-10.83682640609823,-3.1156417072635705,-50.03010133034588,-14.222511814932966,-5.171443586219844,-25.410808247319437,16.88417988021525,-41.57824494261534,-89.26266529554249,-3.2493713405995606,35.19500982735115,-29.61425444366711,-91.13801221955316,-34.52553017958521,51.744478774927146,-45.43938434987203,-50.19830475890541,-40.70820854168693,-63.197499037647376,-116.74999411531886,108.85559543560225,-25.978123817888857,-72.68309137555738,-4.165845351867751,-131.1584790113511,6.381347334385252,-16.735893028384115,30.527717071527825,-49.80997257740666,-110.94898265989764,-37.14796256994916,-27.403756137157863,-55.32364380726527
-247.03622242056002,-77.70835834630816,-162.4885917789772,-150.06675600917202,-232.5361093020739,-109.19802444043493,132.851566864496,-219.11445070016956,-219.6654489021535,-221.10567758204056,179.40886338336716,-111.4231756654735,-185.94122559400236,-145.71506279153874,-77.62638983494955,-14.704492443191095,49.1020920116062,-67.4416939014285,-180.75389231929967,-86.23858515511314,69.50954904751767,-62.93496797279483,-351.9684804263901,-123.73725556810828,-2.52494988261567,12.069420184406491,-40.09402960577908,-122.71357880865693,-61.67871565442443,-43.94434231028679,-65.23950254051337,-128.3239626297112,-189.82400016636086,-40.82266573264112,63.97591798935143,-206.54653078225067,-107.7164646604334,7.296413334599188,-153.2892214621353,129.46036353422045,-16.166410983875668,70.1187117181999,-157.26946260481776,-162.9291765363051,111.92708694699539,-152.47411257095973,25.275327667895095,55.320879341687785,-251.48241328843318,-275.4935701051453,130.53599111183982,-101.94832923043407,-244.79289712744176,-266.0935838868139,-133.75633142515574,19.23360776453646,-138.38086214142797,87.68030022256852,-9.9323627422054,-94.81039695785552,1.7828036315039122,28.245509221775603,-69.60732197906435,-214.30966685093586,-264.212340391478,-241.1858005155316,-68.46952522616482,-99.2119127135042,80.88460264316251,-32.04887937742144,20.35599604289511,-155.84299176907163,-108.80787743246387,-39.21301489712259,-96.51321220431058,113.5559625065609,-44.29995308670788,-151.03111635965863,184.67472885386255,-213.50158840311073,-136.69003451028752,-42.90052486100693,-194.97780402398465,-139.73458197114638,-88.48105872267607,-83.02496743739698,-426.66550572690625,214.07563920290914,59.966180828038915,-288.2956929052171,-66.67774115233796,-390.48478941087205,-105.34668728549528,-71.65935999860889,27.921271619693616,-223.87028791321183,-268.56382509752694,-170.70845642233837,-188.53871684314566,-126.39215840905673
-31.795389796427894,-22.52616785868882,-31.258999649274266,-27.778779497489833,-26.816440822353467,-38.70908208099782,-3.6348150426136314,-36.72733730085368,5.436406844649198,-30.103937181508527,24.991308227722502,-0.36755723369336607,-8.820573848989257,-22.794856392281112,22.555756231079055,-10.307577409380226,-7.586414277515792,-17.48195021955985,-16.95690334966345,14.744061871078223,5.753899682063768,-21.415863179938498,-85.22510921556537,-11.6581796788724,-26.060895568684625,6.238564822468504,-22.698466397208026,-12.612503730982574,-23.763130908471133,-5.615902284175991,-56.04455238824085,-1.8850123487104584,-35.49346054853163,-0.5188073894855287,-10.007323689451521,-18.48879833358463,-44.11283720057128,5.255211116576788,-44.93739576922744,47.02481920050915,14.021653827172397,6.349655627893536,-12.858737614975855,-9.846618117489761,16.23994267846633,-33.02051002121567,9.554414272635746,24.349978969728856,-29.847189465637147,-37.4744641348926,14.428964870480064,-3.66954321378033,-41.84806823920477,-67.76990213831716,-29.0305522877532,13.196507908071133,19.232982150412766,32.042864812010734,12.403825864918016,-1.59900934763287,2.3097689645594244,27.962854187951475,-13.000893087572122,-9.137690740453362,-35.379947036962974,-9.41588612856828,-7.012866648338182,-25.12756267567049,8.716137806839404,-6.089255930718451,19.338389005035317,-6.188271222867513,-17.12878537008789,3.000738775626578,-4.589994383237835,2.8341467720048112,34.39646033890769,8.134541790700398,34.30694717170777,-57.49718247253341,-27.28196773030792,-16.07556222082335,-26.362329591471912,-15.268419991340549,-13.841798021378935,-8.69216240269856,-81.04834528621367,36.83496337553156,0.5475338544794163,-16.576043854192978,-5.639471919853971,-67.2295911650982,-20.72720849941649,-3.8936917411819048,18.731597303739868,-36.55577644741188,-20.00424288631871,-46.04251720564581,-20.036780004294798,-9.602249787923965
-39.87741803035553,-13.419079624646603,-13.943552127002853,0.9504954732243436,-26.384221674663326,-25.46108963859933,-56.7261456781229,-35.63806454144246,-26.724953428859276,-32.715454663491634,-4.281474411490305,-37.211837057724274,-61.48340500746576,-53.180391766500634,-11.831146455641326,-7.735776163633717,-22.518339818837045,-32.54061482652808,-38.73929703428099,-34.23747425281753,-22.490362110982907,-0.08514051850701261,-59.341702279022215,-51.61380553100462,-13.005581810726175,-36.718479549549556,-16.067052352695008,-11.93904028791398,-10.08523488767232,-8.854320514759129,-44.86894717887196,-24.809137057951066,-57.02153822700595,-2.427712205736958,-30.313468358509386,-13.99351044771732,-77.27493479412993,-47.933569651293226,-16.34119531362756,-4.726346223792256,9.6357899262121,-9.344152197816836,-33.870682353669096,-22.61178406378842,-43.90115085233413,-22.032325905493636,-29.35392771935162,-27.71411329262576,-44.67412523513175,-11.574983826090964,-39.073647505376876,-51.6231928883978,-42.50847184642459,-56.43296364985288,-14.602245267135986,-23.8406293010874,-23.009324085109462,-0.00376471700791467,-41.700049377797114,-7.231204174911927,-27.438110279747363,-11.618095891989892,-7.864325312914494,-48.21886864360468,-48.46380644229338,-45.913752436508986,-39.9393927196453,-37.23174229869578,-30.909053913946675,-31.99655760715937,-13.464741659487125,-4.494437351211259,-14.59710167967036,-8.172965678596286,-16.230556691319137,-62.84198136971099,-14.301247421285417,-17.651154592624014,-29.392574558771145,-45.96802927904071,-48.56582738966867,-3.385644562739295,-71.08893424410553,-41.87619339113349,-24.32059778362786,-9.515486249346717,-58.401818135726735,8.741400921552753,-55.03595932915812,-33.644188927079,-25.5508576824078,-64.51122444207815,2.412801124622438,-5.435416045737864,10.669158163858672,-44.88677726308807,-71.08527353863524,-47.40624739501577,-22.840291660593387,-43.420166532070446
19.77203393889675,-16.450445687508303,30.416326623493692,17.520717787634023,38.65116559769938,-33.817909021945034,-57.11602149963392,-1.9032221552739317,22.971845074949158,3.170270704392934,-0.8243510027735819,-7.820435542082956,21.99813183333492,-2.5702157816275806,15.47191729870962,-10.542941672357358,-17.87104134534845,-27.820110167371933,30.394809942416824,10.875033500612192,-37.497100416849705,8.584272946868218,-24.998738466339407,1.2237823947569457,-0.2628489894079974,12.987134222571497,-33.33174569994386,21.92556093441713,6.587750376538849,23.119690178277825,-32.70452189202976,-4.609601946007604,-1.4787573292323026,12.800900732757695,-12.752953187385872,35.22432650200616,-54.464501372348025,-4.945483758845204,-8.556815059796152,15.50203524875906,18.006752037193912,-2.6632833931879434,-21.21060267009513,52.35030746196975,6.678869906787541,-19.073005457662628,-22.109787104159906,-7.6370258800012705,-0.22933078369925217,-6.407365472525253,-30.88677241193351,-18.881162951239727,2.3153865624149983,-5.959402722839138,-20.453717277592336,-4.513568303155529,14.111244636826548,30.030225639722033,-13.00108359562844,18.832928750882846,-20.80330506535525,14.435659647409025,8.127861761175318,-1.340792112895651,29.39634310809706,4.110426766628018,8.193939366108248,-17.9960736219911,-7.940734873672492,-25.53507574318837,14.341994680334075,10.530121233610863,9.691593379994002,10.17264466566913,-10.396918238268478,-44.54206853317506,19.476607089648283,17.852486541708554,-8.116881026809681,1.6396572633946405,-14.77844086753197,-1.0918752509205634,-28.24643649054537,12.868352541507251,-17.81774310318808,6.433038561440333,-8.90420799287064,11.351412820728482,-19.392351025505523,23.208531345972034,34.93197704177279,-35.35089091849457,2.1034380075953205,9.034331664161625,34.62151111441135,1.240507284916047,-8.73462767216651,14.997744277093373,7.774741839253445,-10.911246666481018
-1.9002396172496927,14.451935449804893,21.473675128650825,54.21691170774051,13.797028238547133,13.037800069816871,-46.65432341489799,-26.891391802299058,30.822272181382004,38.21492668085356,5.1134064658269995,29.30250643580453,-3.8602134770582373,-33.393479150998736,57.02816326791733,-24.462582928680764,-18.833564654292537,-22.790056281061798,31.530450781629867,-12.228024528611938,-82.56142725617619,-2.8221426352230776,34.273405150688276,-45.397863739628,-28.907980949423305,9.795865891756565,-27.756918473535915,17.37570036542219,-16.474044555956542,-23.095839477435728,-17.643688095932735,-7.697994661039069,26.435738647884662,-8.013925647241654,-15.009299380903368,27.68375549367962,-59.43808562217296,9.796825603726091,3.170906603720304,-56.99499441982962,8.266145547038377,-33.01654491855877,24.92658345370346,47.14032889175977,-52.161661297045164,1.5625814707806356,28.488665125902326,-13.942717592382994,-19.933829625507663,25.403511183248668,-13.95344049358088,-22.519695014900815,15.985598282893513,61.39356173700578,21.509685186299365,10.178000939328692,30.91956488510616,-0.40762152194010515,12.264152384376677,5.263215537753478,-22.837703780129953,25.53940819632194,8.119886704863811,25.69006949312648,-37.138115455420994,17.65452353772918,-25.144040775452194,-0.5317111638237728,-30.723211492346127,6.270534388869496,26.232820577873113,-21.08277929927889,2.2525438171903907,-5.813682878903591,24.491434969044974,21.139075818580057,0.10505102505704007,-13.572928540218205,-17.985126844570292,12.401478540066059,-19.804070652127677,-70.90070341998349,-19.222076166469897,-24.719427111798005,-2.9451102158350695,42.11761649081583,-0.36560627825458974,-68.02775335974809,-32.71564741448679,33.68638564435637,6.3310765830152045,-14.983339418312665,28.608088798221942,23.785481170295167,-10.781355394459014,-16.0634244753869,59.783914907565425,-29.81864285611176,14.60003434026693,16.517487859135638
-13.487945511925059,-10.021339573388152,-3.5426465990386715,-22.825438269584673,-7.115353289473518,-7.260586646952731,-45.4237715723378,-44.55858222989888,11.038924420175691,24.790404341255343,-24.844913627159265,4.11783343035599,-6.728712244693608,-61.411474547559656,23.590803184585823,-14.078304786693392,-9.781297627587481,-11.4233812429184,23.90968442233095,-5.517254273903298,-68.29063325906279,-37.205507150839296,55.596940803700285,-32.10788419870764,-43.597771657567044,15.715439582606821,-12.980136339056575,3.3814693372246425,-14.10337219754423,-40.99781907977845,-36.708095585352744,20.152917060487752,8.162268368318568,-31.02542473247625,-25.777462744101143,12.95050802410865,-49.13736319085239,-7.540139804451495,-17.621374832065577,-72.9401791305882,-19.34503875441289,-28.04330838278743,2.5134642888285916,2.5942482149046953,-49.73144856311054,-10.064112524660393,4.524931236756308,-3.119779241668325,-13.710899086710553,13.593232366016347,-34.21347798257674,0.040155871848152974,7.6713131459888855,26.140516598520087,-2.007846581916107,9.799454534480299,21.656974254175637,-26.086479991274757,14.436810841614454,5.002120511522999,-7.916744894089605,-28.138991193355963,-20.78242679082539,17.50994827072092,-57.49782287633522,15.086973586969215,-34.0452811375498,6.701081452545335,-26.74402586374113,1.2226190493128055,9.05381692303243,-20.28510857961491,-19.42675383125701,-13.536884226770866,23.606168105427816,-13.601600769639745,-13.212366145765165,-2.52333451080465,-26.29729471620002,6.999405508040663,-35.2824469163303,-45.83655515417296,2.973866063031004,-13.334914030074032,14.397569578051154,-3.67786903790514,26.56075469248999,-74.7857055745106,-35.83412655284602,36.5238590354269,-12.383419276749766,-4.192286782226037,-40.002135433474706,19.385866870683053,-28.81722689786393,-4.386809477591055,41.305268986785336,-26.80266484151012,2.011323680539661,-1.8684809527192274
-157.68305510735487,-107.37194293482669,-82.8809051943155,-112.13067623423568,-137.58126482439107,-68.12300432643923,-31.119239113379034,-242.159314270535,-180.8919770005387,-63.03546094692715,-9.481193257452398,-126.60672666213897,-70.35532309984704,-198.21034544749136,-98.27646211972899,-46.08529568293249,-82.17453642998717,-109.82214948029534,-82.40392400589006,-62.389093389800195,-88.26151301989418,-189.09257419535513,-70.09671103713028,-92.75484609693414,-152.47246095529522,-49.74585461271751,-169.331315412927,-116.95199093897693,-71.71648259448861,-87.2854368347314,-96.62493640052107,-115.98961428461152,-91.49001983154484,-96.33829900253221,-39.93065608533941,-82.02300562090767,-141.03047161205748,-32.40186780179466,-90.06976451247847,-84.82613584547725,-125.63840751584048,-60.36889826258304,-154.9325026685392,-100.20220838040964,-49.6215710446207,-98.38129186245675,-59.16632580743401,-29.937709413446914,-110.7219470033214,-68.81775401163097,-40.036513810220846,-105.14320446417723,-114.29495642459908,-110.24702713278597,-105.35811284385302,-37.31759242425277,-112.60093527948256,-38.451556896545945,-86.08970000310674,-47.845554253137664,-81.91511647565186,-73.80063116382647,-147.37099834750612,-136.62063169182437,-186.65417145699845,-140.16756908700611,-50.116722727673235,-105.25994851399783,-56.963192861384826,-103.58384290102212,-2.189465807017562,-64.20449446298939,-124.21706341731787,-181.75037922187894,-113.97621183647567,-25.53938129832928,-96.44396604497678,-67.10450262616875,-37.032385568085175,-118.17986343482225,-99.55664551780684,-110.60568753916199,-165.55292571751446,-97.6917027622594,-115.83613897961365,-134.618448693459,-52.260093665043954,-36.07724330512532,-14.884826913311745,-155.4940944116034,-76.6332590107948,-150.4180641515847,-88.05985673913308,-30.845833878321134,-66.66719234724624,-68.01192912402455,-55.23567218290338,-120.89632022671593,-82.39990243370097,-98.78898467614354
-108.70905974957286,-47.77592908209752,-92.0326799487354,-93.96329719454224,-128.7205362642611,-108.67573075684912,-7.533291835596281,-151.48511637144782,-157.28872834401906,-143.51489988228192,14.533888085113436,-82.37466665434624,-86.97707683945633,-141.72994202713224,-115.40755424557473,-33.899976779820435,-34.01662195382279,-74.80751893642628,-109.14493802720571,-73.89521040851965,-41.166920593939885,-97.13081079443982,-184.21064803185422,-110.28735876884372,-39.78618804107197,-53.09301237810349,-82.90439361544246,-74.19971369910758,-90.33144257105405,-84.1024146024896,-63.219124624805154,-71.92037450690876,-126.07160370128746,-59.524815567800424,-48.32990313921487,-102.58823851731891,-134.1749876686944,-31.653570297280975,-97.8587084668668,-10.752227298376432,-89.31346818225533,16.850198039301944,-82.55456928893499,-108.35552910266985,-27.682561276839593,-90.78790431267807,-98.04849815576739,0.6555502354843253,-112.4918891624791,-133.0590411166996,-22.572900768979732,-61.73839682202702,-142.50185191664758,-160.25984927357413,-84.32753374406276,-7.791515440504936,-71.17093389793125,-1.2049985765690094,-24.331019636795098,-59.83016338803918,-33.710335457026474,-78.39966895714043,-111.6405041359548,-105.83343666859811,-168.89488429352804,-197.5681436670632,-98.60531450787893,-64.97288005480763,-14.959911294829517,-61.46765561315635,-58.00354445084551,-87.06970717691873,-96.34654619304092,-43.10462181162282,-68.74009266889371,-79.52481618080374,-82.11093204136282,-46.00855275527546,-28.91281889256268,-133.4754914368975,-121.0706220484979,-75.66522472538945,-89.40479316572848,-94.7011326506849,-95.26478420114113,-111.37229573957669,-154.4409465114151,46.213169250902844,-47.88718663251299,-198.6261757320024,-47.887720006499315,-274.26485415262636,-81.5225284942455,-48.53305756968631,-21.678557550225946,-106.89904642225098,-166.9274646867314,-67.24129051864601,-103.22396310166711,-102.85135697707247
-136.47288431449348,-42.46561826891314,-95.99074165753863,-93.9147181282219,-119.57392772928489,-59.508919547092326,25.07019423420415,-151.73242404105835,-163.5734276597334,-74.79195425826939,30.192010979793352,-96.38909441094114,-136.02836809592247,-104.8510237651399,-112.9288013819611,-17.307827527914082,-3.942255909162125,-48.046818919360675,-135.2962010612335,-34.22826143005254,-27.957881352622866,-104.88809987491733,-128.61339683478366,-116.00770428455176,-31.368922504503065,-60.30006897574323,-79.98326945237896,-92.80378229157172,-65.42669955242386,-115.33243726769136,-33.23067758313715,-35.23088001694476,-118.57349030936193,-44.21197434927555,-16.438011702545747,-141.61151843496404,-106.32657218392629,-11.864389861302662,-79.62369467935702,-9.321280283585569,-98.06111164342258,33.45611252733137,-72.56475418235486,-103.44121578805085,-33.03516048498197,-65.18184076020013,-30.78230579015884,17.0264953838417,-132.97904660327004,-126.12042811777701,2.7790823373701614,-70.3581390856494,-134.76588470337995,-153.4176477495442,-63.990061833165356,1.7791366157663673,-58.35866659790925,-17.51447045145702,-16.359545977943053,-61.666519507471165,3.8752625756131795,-92.56303451639961,-116.6294482045209,-66.55489511359296,-128.1130240778664,-172.6320743599531,-91.0349371152472,-29.250388774408066,-2.6754497210119097,-21.921001341729745,-21.305357794301983,-95.22062911588306,-84.3620774576614,-39.23299272594531,-35.679233723729354,5.4106625357788865,-81.75824596340038,-78.32785512077986,25.62113699450721,-132.78548320911784,-143.98860916572593,-73.94829593026834,-72.84170639501497,-112.30573936346043,-25.011371674660772,-120.48307319288159,-154.37791898444706,29.857638860374436,-27.049653011745033,-232.51057585693658,-70.81959951294556,-134.7469154453858,-77.37669756232803,-36.95618384346883,-51.378645582697175,-88.52444322383144,-157.46324568076392,-84.67453407781834,-92.77561851996599,-79.06534380649093
38.14012187351889,-54.6668681440847,42.20772871860303,-23.045972188604615,-25.74457861082829,-27.29252916205682,-190.73303609415424,34.46267318058275,26.869967023631972,8.486821582738274,-109.55081578698068,-21.444981524228524,65.43043375095544,-0.35083271578657876,-39.380483974302194,-57.96127530570254,-81.57724992881028,-27.1150926412698,35.03517038800181,-18.184447924854297,-101.10166696489932,-33.02213712527464,85.93494843409583,18.8624462902453,-29.809105436005513,-6.139183888047406,-44.558727024798074,27.666947171720572,-42.667525206045106,-1.2158976649430242,-138.50173384176085,67.53378807605458,5.7552779770847815,-81.55794847899203,-24.65081985406944,92.98744845911197,-41.20141029857838,-157.05299092207616,-4.653998780725677,-141.04995131408373,-43.195113875672824,-9.897347495488244,-11.66190317842855,13.54162591267777,-55.70018832885455,-18.778448246735586,-93.22968607052078,-57.780876986815926,-22.594813518644745,-3.9982582082547573,-86.43421403560696,21.215578779128165,144.68556899324392,105.940038377499,35.73290838852834,-91.04256584856786,-1.2459332027477612,-111.27065031828124,-44.40514895173121,13.380934363138152,-44.74513832400423,-8.939357262618865,-28.214806056328467,-36.888671079476026,26.29395055470535,72.84243609185668,-56.10955057524831,-43.67754719628756,-49.01197314777099,-64.53760147641675,-41.319007109357614,30.213229672450005,-34.275361337943586,-29.650223921219595,17.36607706583552,-139.7865402370956,-70.0110133872106,-34.124779375413155,-102.75126807880366,55.80378851499359,39.65394292511037,-24.43597393378874,19.729351665819717,38.48491243036867,7.242343151499535,-5.532011991805876,132.76961652011443,-181.20940255650618,-83.08353718040429,96.16635954982387,-37.75413433883588,-3.4542519720819076,-120.20301622105522,-17.243857442308702,-76.79568171111356,42.155508692372734,131.5558284517902,-6.5484656329334605,-2.538659386237655,-30.928154923735352
302.33130350089925,279.5518875249934,102.37464704728475,280.60804960907035,118.78610497456398,133.26099264285767,79.89769837323823,281.4173781402387,171.2034927287646,2.464682591866313,51.047880068461964,235.45556927635272,195.83483894332818,221.94347810346542,-23.757902920969862,49.80283244440916,100.27871646064744,93.40959170604852,55.37533914272533,13.477354756945953,189.61102111969555,252.30633472443702,101.20585948551792,78.18277329491619,298.8500351437834,-42.2485421678242,191.43121123952358,206.3328589570112,19.679289175178457,-11.106140326580066,228.41735142836734,174.1628297777355,-6.496250223178232,168.4372842273431,68.27810059202174,24.869491104021684,204.28066589757702,27.824409217550098,127.45298744897498,112.44635446543728,81.1921577639293,176.157683407754,211.49107464652894,238.01665195261575,93.40128760246873,202.52044568035384,28.295760240294236,55.068688675327614,59.46334416622719,76.54760636627802,52.08212437194643,66.44400327802933,226.4012125722413,189.50285030651912,169.60798987115862,35.707467082592785,140.91910515678828,39.75753710291418,50.25481404755267,104.05008267261927,94.63668683331983,-40.94878487790246,131.07423525709666,180.52013916550155,287.02750157894803,74.49969474929664,-46.39349962851389,54.4851408536219,116.72115757664837,189.18659135180715,-31.489014803641865,43.44265092833806,161.8800638695854,185.18842252938933,110.99372476299598,-56.28374827384988,62.427095116659494,66.25896681817296,55.30473965506752,41.82035525988786,51.62622082956042,65.97649249670546,222.70928637274935,142.7026024357344,142.86491129936832,132.76820816171852,-22.441715729666523,82.87129718474623,-45.57383582184048,53.757135053416874,164.13617864785184,227.93636843609215,117.76385461169478,-1.5848130409211365,46.46520017179764,10.747362785035063,-6.619233150351682,267.1559251758681,139.8024152020463,62.94738438379432
11.790082358808972,6.232314941298483,2.677048235286268,38.9749949440069,-7.277701522760855,4.928859353054605,29.507883715696924,13.993953816692645,-24.124531340276725,-4.899864320136561,15.447415374372678,15.868936548555364,-4.581585259481493,46.65167360961468,-30.93966118588351,32.556437165366766,28.319205203694438,22.683483498134027,-24.28177004831878,23.697646631710935,43.70947623773352,41.96796979444487,-19.132530268339913,7.71365461964322,43.43056994099692,-8.86896270001323,33.428646190885566,-14.608592349585514,14.439663130337149,24.882765744526683,62.0909953501956,-0.45890443102181355,-0.29204693740247156,28.135129843791848,-5.510109457505342,2.3576730777776653,5.784974046515226,17.675475543460657,29.06474222653908,62.487697686541985,5.556973145521945,38.3223479664971,22.311017177394433,8.610172732957928,18.00632952855928,11.412298192261286,-20.896884301353925,12.183333511515645,16.05901780513731,20.1522525181916,32.73153258446735,20.002013800588482,-15.893313392497943,-33.203849702762156,28.874495211339855,2.4949605201628926,8.3735168413627,13.575767085164637,19.71909624241293,-6.066549887430047,14.698480937480443,-1.0438331633427345,1.206655362897815,21.37249655649115,20.36493932049006,-50.885955605841986,-0.3693225834639667,15.094452390791309,47.2105198298013,-3.558107868866073,-20.37984723596851,17.557949364876087,13.139655786671698,26.58551899007151,-1.6261430028534418,-45.93060577339468,-1.931802068446801,21.374770905628967,-9.108869309000859,11.183247266927731,21.575368290829452,34.58353960362898,31.246622130529985,-18.176144717375838,11.817042737766418,6.379989400244037,-8.017022272062798,77.66910251815834,-2.9410958088762804,-3.709020501998051,25.28310522650573,2.4164471691524816,26.98763282191118,-10.733366411534409,25.204679405445212,13.089796718712305,-36.64776068673141,42.534261122782794,-7.986586164548537,-0.5242675607966868
9.055744789351877,38.73923697094927,31.53921676878232,8.212842231793806,64.36782644458216,74.42520218747474,95.17298744288131,116.01664977184589,54.42591137082057,28.382456836388094,50.573645487844935,66.0894261312262,56.84727330757938,154.21812087425843,116.68551461795872,18.15263850146559,59.939904934552814,68.35692060088125,71.4697045651716,76.00335715645144,99.21280663238231,46.984770650638715,30.282000003652357,89.76127662769316,70.07641298231894,51.362466842108056,71.01138505915449,63.427703496510574,41.49440707645349,45.179712340707674,69.55526636738365,69.38343882782135,74.66908836587837,69.85034469329331,92.31419677239978,71.26664918482561,58.42046229346485,57.145102047801295,18.733542856211248,87.53608284060525,78.87574438551647,63.678851716764406,68.01639803556003,59.28040620995204,104.1744891048813,39.68589700889307,103.83396445266744,56.73305058702062,43.55223327810549,1.2631847713799216,99.18980646847497,68.70798589706877,87.77533448971346,48.023897743611954,63.98248881931028,31.58143186044727,33.97877583997801,23.928528667454604,44.53484666930667,43.53534190688845,69.8697076056138,89.00714703071165,100.8682890734751,27.26286038497836,119.44386535333958,122.00364143088339,73.38677303482191,40.723319441172556,49.23236834297292,95.98519551709082,57.89943156239227,32.21043969840874,67.25909907149122,55.38409943395911,38.72747473135703,120.43357648994781,79.04105335532863,17.150604505577768,72.43503482091543,94.5372970543936,93.51157862004578,57.37732466981423,46.556698121068386,63.73743709470175,62.21301526076359,72.37626909432724,24.768281552308736,57.3291542910154,88.60149889385785,99.6733434793842,69.11267453168321,148.4643047860627,23.445933030671444,38.51509990824237,9.410638286105693,26.754318296288325,94.91278444636052,81.33535607224287,39.28604683716268,71.6974747557387
221.61019340636602,164.76588716475004,110.560835845797,199.50308226526204,164.4889543996328,207.3039708969214,59.527461231989506,272.9464736500102,237.73822860605475,198.0550208382134,-13.91299605335344,237.3349764722289,207.91027980286978,203.16137660827098,165.20202170173044,115.7611884101753,114.16556060639522,183.4212456946029,165.90741176772238,146.1269469036082,119.46129126041757,201.54459307448977,270.671347526533,192.05367930265322,104.60457775670051,79.48818775674691,217.6012697745929,161.91513980902,108.91623010604616,61.42964227925945,194.72262412960157,203.38827950232454,209.65856198317374,111.63433116318018,11.326664159690393,157.53863624142113,297.838524455895,76.16564251527916,128.59816590026702,41.03615757733265,121.0820639643774,50.77343182139056,256.54844249815903,194.28695917139243,20.164045151121318,183.42854521046465,99.13319307191558,42.146463968025486,198.24467600755113,201.1575011014411,66.04735919722259,175.28038307961012,239.65437895269335,192.71016769002338,234.38302332332424,61.09951587400673,216.01013662618325,5.010104736123644,175.8912766287474,107.66113071344003,64.65206732739033,56.953214426960585,215.59525529536353,302.21755276794323,169.43220107203254,196.83790002266576,90.82450056732415,176.1032710248346,73.93083874231765,176.00335749773942,22.79692131285481,93.46715928156664,189.60414570362695,183.47807689879696,218.56466854321303,46.527312887540376,111.85211512284289,116.327579418873,-0.4841793090380423,215.42848462826683,201.95917263788894,112.85540924888346,278.99196111534525,151.03472034302845,217.40857057174577,200.85082203412634,191.5145142629628,-22.308791094031026,70.7586630200654,380.9070535544262,144.91313734268132,350.75558438483046,145.83449324944374,59.667385232203785,53.434467820444,128.31131029312684,239.68213088174906,180.2974028099911,124.05988476883114,179.4734436423346
-1.053996997067678,125.33500190659615,5.2734698062674585,22.55903606464553,23.816345979318356,155.75082338186718,264.1414226622902,83.56770074400448,47.38924136021449,59.02727113937616,111.3416256953811,137.49355291371413,52.8000253808862,150.484205554242,119.86727786687217,113.22518864752303,153.0473229850031,133.18311826772108,82.04599273364924,101.94268226971053,223.37740730691843,63.557537362094784,72.04264980673096,140.32487752406615,68.84792500953336,72.80234072456784,197.66493428969224,37.63753005596568,64.21328456221812,42.96063413388046,192.60461483688948,119.83755820383396,98.70986653741589,107.74005741965165,106.64830879545514,-40.440016666924244,160.3098288977899,172.02888942440117,49.696159235648615,167.8399250962812,111.09908710628014,124.8279115071425,214.57340037154586,35.79785122522184,120.73695186831849,101.20814096644261,149.23367856876948,147.7887210743909,100.54027240508125,68.97222486514679,184.46882664889458,157.16052342592346,55.35697781398509,22.56703821217945,150.08242820995858,149.33968479104215,109.31633590825146,45.81380741324164,188.20736778543332,48.56973387847126,163.3450780629921,72.91319016510153,118.76017984475966,148.3429786595932,21.86314457924871,59.010227581119,73.41299753413102,110.61914401997011,140.10793837516232,190.68346577732174,52.65536897517404,37.65524036875483,56.5321955995056,139.44251170684385,119.86537881032751,217.80599472495973,115.29146589261757,86.94574407979434,123.74373741238901,79.32845912773831,122.47896585652343,65.39573392853892,161.10134871415852,54.57273487597079,131.21228762932893,101.94727853526575,59.54487025446857,133.5807215400349,133.30554298555296,40.42090275090973,62.58263533370925,95.69162988181719,91.66412690574818,86.82620223591242,42.55932287531519,42.931227702724904,109.68134800246166,154.97714372734117,23.757857263238392,98.92026722647763
18.4759662162618,51.73904059305575,24.737465921070363,33.745921628573285,79.01043086362726,65.2201054700094,151.20740794845452,101.08441630839108,32.628565089345095,56.01361315166726,83.3329388095059,105.36894695899927,118.30084466912224,127.86666998804485,96.39059586010151,95.45452907180926,106.89302314269338,102.75347057974298,33.479653392212946,135.74225483091567,171.35926546826028,77.76087671525559,46.34617308636402,106.2188149552109,77.28493736500354,82.57369755083712,125.30724617782046,67.43839019136492,100.43033485100213,77.48674514666166,140.03601915852045,46.16293658071564,108.45037319405569,83.43487878689409,73.5733566691777,96.31432123985465,110.29614437463056,100.42466926838355,72.28289855180947,163.35086281726265,65.58554206725935,69.39906976263256,57.75007420503144,41.14624756419269,90.38333250785958,72.67445486219064,46.03685101008008,95.58832688326898,112.95718475169281,77.50883055820587,101.70020254875678,97.6299659128443,31.236402576404444,13.92023771845658,81.11784122986349,87.99087643028918,69.23278384796461,94.3192761789596,123.72725863950079,35.819937319971984,57.68450628659759,60.92716975176832,88.49003487350977,106.72490119021978,75.48621010778949,69.02715261339864,130.4081621699,99.33477061011808,113.81267232776798,84.76435683213117,62.077687970110134,60.764154177357064,77.1998794859226,97.85256713167315,52.73421000883954,118.13680205667937,67.1540462623963,110.58428538732963,89.27526804154414,103.04225100254673,118.49226566504524,135.5905925657084,188.44683598449276,66.91055051063795,61.8964874528645,49.17154811174004,84.14537407785622,142.91717958409802,159.25868054235784,111.24152842592433,72.64844930306651,141.06799923605342,82.95209984237673,47.79014908924908,105.01975848775996,55.50179580696189,69.13407343003439,121.43964273853908,32.418962890839566,62.162899045666954
65.46068911237093,49.354814696945816,70.66216168146838,20.90456845409279,49.20877358452956,83.10885358578017,25.32814620649618,92.17765540487814,85.27423681829248,86.96721677744324,-2.8332534665765907,92.01764960917188,88.8746579915264,78.20662934300309,85.05624813962379,18.68185768142638,20.2624259521008,55.76628750895739,110.07120413502291,75.47609957483222,41.48659273744712,24.615486398123366,163.5002133428124,87.831785245115,34.43198108437061,41.68600217330515,52.335036434529925,77.47481688688892,66.28403416307764,8.746646879554241,46.03535257822398,91.11189320077153,71.28846513110798,18.76489310691369,68.211580396781,60.92973738255771,113.63683238602354,37.41228204144402,22.18390826421357,-30.791303274915794,38.374500841098964,20.35538152719006,75.69001448587909,108.49966691708127,19.515491305052063,58.66008139896127,93.74856270738196,14.507648971868331,71.30236256920543,72.08807565576826,60.02050846540317,79.61335628956014,126.32299526638633,139.79564225997495,70.34070364889442,30.57308340594068,59.22845733217066,-13.470725487269513,54.1183394083801,69.2653879566808,36.72954448726382,51.009168625489195,60.99106969365627,81.83575874052408,87.76589611922014,182.06949388132279,49.946289267323145,62.50521129598676,33.154485506939565,83.46867080135674,28.048384035675134,25.71926515478377,59.62567834152341,25.109634168556177,88.84244552744045,110.91351063977186,49.03162779192202,26.527859485541452,54.97309558295836,83.48262169122765,60.901534922044625,9.319504162632985,82.10747432729897,98.08195093717251,71.71051802363537,84.79180381258617,122.16517937999369,-88.63426790007429,45.72958859173152,125.39249201779938,11.321295501262762,202.0657664084271,10.936730644621788,63.46366496565358,-18.161098122073252,65.82416640806608,137.00855945762285,47.45614458438543,70.69751153693747,77.36656077786023
44.368481872950106,22.827243845376458,35.13541072539698,27.19850778205236,30.998429893955258,42.70342169241759,0.5792750921667081,42.426071999000214,45.22243059669462,43.39356679854925,-14.359184291583139,41.105404029729364,51.34833254088079,37.39259924849885,28.65109630821066,5.426608033096385,10.212809231103863,29.64311811800749,52.4307375059054,22.812228499090928,5.670702589451253,19.515871106921235,82.46500652843642,44.26715427742581,10.32594361534423,16.402995741406347,32.52363984577986,23.715428948404405,23.83417790153881,6.6801220765241185,22.42961149642116,31.546986777740777,48.00489567490383,2.0543451691404493,19.78609755663759,28.675129211364318,37.83311084679932,0.290255834314273,30.311422219797933,-38.071023133206396,11.7049405082965,-3.7882994670069774,32.54889931330343,47.89692440195566,-6.145843954575914,37.466552621217105,24.085006989756664,-0.21980395794030627,51.7513801904786,38.824970789816014,-1.5147079483809947,31.82586668527672,68.208201193417,70.97118132102928,35.5683498081075,3.753568333522235,25.88675040320231,-16.913750003986287,15.778866546032502,17.67047847644449,11.032867021895784,9.823182907058994,24.837938731170336,43.7641508486631,42.63578679638676,75.5767473601856,22.598839207159546,35.95583412192341,3.6350690381828854,28.732813835425954,10.97265571700869,22.847834267581334,27.90594419749103,14.419156775188561,30.361243146241176,29.508915948100974,10.748793910873637,14.60461866948113,4.14285303646082,53.116977438811766,42.566685786023406,10.80321185491274,45.17962536899913,38.014761332394926,38.06747699025981,39.20585081235879,76.85082638963299,-49.55357141060401,12.901041587175698,56.97515387483811,7.013099133893628,76.23986551240914,9.472447101709665,14.865470051724968,-10.476547651916384,36.77744824969231,79.7986945106318,30.48663819160725,40.681067206328414,33.18802692096038
279.198618200949,89.99018451475837,98.5283531419081,123.40217460818027,152.00175908077625,118.84569765663205,27.671277428383625,268.82940686223424,138.41054724673646,150.59654622608238,-1.3051762403027065,109.34144290152469,198.65584347661385,178.1201305341256,76.15253997282868,31.398414124254487,20.212437452108976,74.66254441857163,205.16249639702437,51.8956621523552,38.39875097513556,116.53359305582998,229.7593322342005,135.69799241803057,139.35475408198258,115.61816570910052,62.36968109943873,127.47804931331343,123.66162919006052,115.17215769898822,32.62968036318548,160.11849502294834,224.43839632474302,24.539341241788712,113.11076770345194,198.50556608349117,256.4981507797459,2.811279275736086,143.82339297670808,-50.728625481979506,41.185533424681886,40.728808279564504,99.60342224429651,126.50012005140402,63.98042734601565,163.47591234742313,84.89411093960213,6.645055399861524,152.4325843487378,133.33689160241454,76.32663614195718,97.1147213046532,278.89749628326524,291.73864964753994,93.74045549220006,34.730559537844684,43.37842716650026,-1.7708038687199525,99.28373636489016,120.94583617533026,67.57556039863893,94.81882130635604,81.59868026901493,62.79017990933071,272.98689360945554,339.3682649012775,105.95154975655906,108.05760883084142,8.487626497341132,66.71111765495628,94.0354232190616,69.87164707986352,142.8978219810387,17.918386919859834,137.92789458018513,139.0824919084299,19.86934776641671,77.2560593207117,89.74764018963606,262.3199686698153,171.57880390421786,129.90424491471433,161.69361548732746,217.68335397976722,107.32022282006349,165.71026059879003,311.23143631135036,-132.83483497470758,131.82676551448537,153.93317047361165,82.25738673062742,309.01922048108423,75.45779896057122,66.82574699701134,-0.516582726779329,221.85860915583828,233.27061531440012,118.31474212934945,218.61783873638512,145.40691086945338
-40.48236549923782,-6.713940464344944,-20.178232858988913,-17.908694422342272,-29.979839755823708,-49.83364122467617,-42.88761357334915,-50.23761553736801,-32.254030763095805,-46.57743420727901,0.2678255831578561,-40.25251011812238,-52.366922062352494,-49.84836699367298,-26.87081202170321,2.096939359923138,-16.595993487318406,-20.87625681842305,-55.995867762995665,-16.502714874552176,-17.94822937057822,-6.928612994664736,-67.98035264007979,-22.202703487840182,-12.270748773693496,-27.286685556644954,-27.20746285943255,-12.570348193055212,-23.63756753830628,-7.757459076554281,-43.16570874580454,-26.54253096627198,-64.63916234303504,-6.159857520013122,-16.12876701149323,-14.734195670749793,-77.27215054612402,-36.633165305163644,-17.615279044889952,27.899032027222407,0.12809617333427734,6.318766107525342,-42.76275296234316,-40.84712176342083,-20.62022973684416,-38.0542795628166,-36.1955003945385,-19.941512919886474,-34.191887606648955,-50.44633358531065,-37.50375486520935,-39.227358801041284,-57.49852514526786,-72.61131689747435,-23.868914674606582,-19.87348417003759,-14.1567205391512,11.274750503619863,-34.255572375994625,-0.06601033160362713,-19.095183500439617,-19.70270152876941,-22.82219530488173,-48.322658694885924,-45.3413882313591,-67.09277820739463,-15.277851948688676,-18.8530123406908,-29.713632729825665,-32.17697055735871,-9.456206847043118,-18.791082719497524,-13.62595476857878,-6.5433239396389755,-30.51432933467083,-67.47332431289794,-21.961530121835022,-13.600602405236298,-8.113280953824763,-63.681995727928346,-29.039427908244686,21.71265280386755,-49.01410005889352,-42.92844757630666,-20.07419447385002,-36.14833937835505,-53.50120187092906,20.206720952673756,-43.44633123395216,-52.615536189897924,-4.18890082414526,-79.44286161987785,-22.28318587587048,-17.39884936521362,13.804104594923064,-38.87029151275201,-74.04976812946168,-30.74185794017237,-39.90117088811221,-45.61042408576626
205.13995819787084,6.283243336515231,6.438307208123594,120.24424614157255,89.25400615052337,81.97987580039036,-71.0021022340679,112.97832774997462,76.18855351595838,127.40941906821777,-57.28872475064171,-17.183390149668053,75.41677161131815,42.7228124827197,8.673291736983439,-74.52726406276336,-33.13192359944081,-31.974386398418872,104.71263987051168,-85.9086364800594,-80.57415007423837,0.18226910459522924,87.65510687664711,38.57274208401,30.56480854983769,8.729259803955983,37.4256451957895,38.50439980511404,55.118961983570166,18.930625103106586,-83.46531131490686,44.169964473949776,173.50514922817237,-41.228610544358745,39.40316090135881,115.49014954262209,182.62414302959453,-126.75720017783243,107.5885165638737,-226.19821601780404,14.291726318979602,-42.436099764589564,35.630794442747415,66.16367342951627,-20.450643032795746,120.63293804717325,16.563594543622738,-33.48185750797551,115.15127009684697,46.858062582859446,-42.96798337624418,-24.893481722499466,254.35658327755255,187.7688540938478,44.03454542606053,-43.713228100233536,6.01429434490505,-51.468202584527546,1.2856955105995995,53.553542533505215,10.146981087059725,60.247211953986984,5.3242631174845005,6.61344325578564,146.98950680636307,206.74578098454765,32.86623514057067,15.686017829029392,-107.41076019188644,-8.120979619025539,30.635787943399972,67.24223362011836,85.67963629171044,-21.686634187231416,30.975757830728472,26.67850928691461,-11.070473876925599,6.7852467565076005,-14.75972076850315,143.00717345237769,157.76603048953424,-12.840472577968935,-46.151126219510786,70.34219749324863,3.6776360700332766,99.29040358923089,121.7695835679302,-198.3246974669846,27.82840846844221,135.16436997277907,10.432005857927685,90.95922632394141,10.477863029174511,-24.20168076374815,-74.24963731579675,156.2835110865569,189.9831153691242,15.111827104237145,107.79593226961747,46.01324445138808
6.9666062867659395,-19.658902212589126,-7.450291992755283,-2.650504290822621,-14.561399885933483,5.360351670612747,-30.171754531952516,-4.688220845081598,-1.6852668764352499,-2.6402423220117086,-28.41918779078382,-22.635368057916768,-0.05518992487213882,-12.421180303615788,3.11657658607009,-22.516428898738454,-8.204844972478984,-8.589047511937627,-6.537900017804265,-19.379095927595024,-29.295147421173212,-3.398714982110872,39.485771388537174,4.38014138549621,-25.510563722149357,-18.140115702906815,-11.609986136828967,-23.189749832910806,-14.508343862608939,-24.166077962079772,-13.323165109612203,-16.491344161048126,0.7363306186747309,-21.356373864695637,-16.31043160137319,9.256120891381935,-18.831996111556553,-17.964403420595254,-1.7701978897167001,-65.2589511946691,-17.206441092952826,-23.509310681416345,-18.976972617327018,-15.238396743151165,-34.17578638852219,-9.485396749069526,3.591490534010224,-32.7562126897273,-19.23858836689813,7.62581814905674,-7.186102605835302,-12.634673080620727,18.254807527730467,27.002222948157144,-3.7841342448951285,-31.97869175224391,-19.907070113705302,-36.85695610444815,-9.138206777548417,-14.750281663378516,-29.244546246283964,-22.233271051261145,-10.945949580826403,-9.517686060259091,-0.5482645692846333,6.972556527862727,-9.354578688592337,-8.92213443277593,-42.633198063600425,-15.505717422896643,-11.817527229541902,-19.20449931819148,-7.777366672382377,-26.956763840014304,-14.391922438230099,-11.89004381663474,-25.12260279792972,-43.2812711516154,-30.93361788800125,11.736222797042549,-0.7560714222844768,-21.532663733603428,-20.530598608858778,-22.04555877152638,-1.0743687408582345,-3.698332140315535,38.950928606411196,-60.82112080191035,-14.683806621678638,14.970516620534434,-8.849327014044018,36.24557355569224,-19.262587699141662,-9.744476797163925,-35.732871792835184,-9.14364111016768,25.828711458041273,-17.749911195807492,-0.5244547083122134,14.100581531550835
-206.58498458309893,-135.65540910560446,-53.63547697553565,-0.5325847294972028,-101.58993734512781,-84.22059353283699,-152.0715121567078,-116.81996136653153,-168.34021295825315,-101.84445854796047,-126.29501707833711,-204.42442099635576,-493.1601448034929,-208.9119077962714,-233.49052572619732,49.2146591084021,-38.29161117072012,-113.49899739862393,-258.97467347727206,-481.54785603930077,-180.6744040557029,12.464520181951082,-261.47018852970365,-334.0326138368802,32.635540618297036,-305.68187557043353,55.86772363316781,-64.61069382265333,37.9909791129037,-110.58308596502576,-139.2314694381262,-182.59106611693466,-93.86165243815746,49.72476299535999,-184.92729578111783,-77.15050788578486,-52.01044253653936,-150.06765968706245,96.60675996989868,72.24021123338619,1.8057668693955355,-103.04221202384954,-127.28845017092085,-300.36875869119103,-131.64487146652,-75.99199980452272,-147.22178351912564,-138.96310764086627,-32.311187991455334,-28.893514033640372,-291.79149204551555,-138.2846467914706,-346.4067418495941,-179.9818428129869,-50.583621607698376,-119.73435190673032,-120.99403050989983,-34.659386141482436,-184.15118788491267,-102.20715821744275,-124.63187335375771,-83.27659913440384,-94.61464648566715,-327.2975229552045,-191.27896407272652,-319.09523781959996,-139.3863703918738,75.90755050172514,-235.4781306496441,-197.49345384553757,-125.5025250675754,-91.00542901320067,-155.809431501391,-24.887974269571526,-220.11418394211444,-334.85514460757634,-134.98294844172528,-114.92148386912733,-155.1558471182117,-39.32368583130719,-172.77401543095203,39.76966839150967,-110.74091428949467,-244.1496871179759,-119.45820384595831,-127.80443851650813,-245.86415192664387,133.41270513471443,-203.80696080155633,-279.59626219579326,34.70900945471704,-243.7253445896171,170.5901346329342,-18.497217166417318,-33.48535455272822,-105.50643172344941,-307.1047667811163,-11.795932510866027,-68.84878816369488,-122.87830683788994
-45.41961880601612,-19.485847241538206,-27.300187624372462,-21.92841581256764,-23.91169044595121,-30.565894413121335,0.4612671460928811,-39.669455383240916,-33.88075816711238,-29.53867388171031,13.660324365291888,-33.85159100624238,-32.05026481278106,-29.238702048158466,-13.392234744799412,0.49711675509910347,-4.451050999864492,-22.837669809253363,-49.07455238755301,-4.6084097356295946,0.9333874437966122,-20.615863154218232,-68.01846354667919,-31.687810361397375,-14.121024616094008,-12.753138029115666,-19.585834622551307,-17.56684225700738,-22.153125515815873,-5.373674784919637,-17.019028623090897,-25.272808725585477,-49.83321383286732,7.589804158388006,-14.60013018471565,-24.074111919833424,-42.530325474564485,12.281535902908907,-31.054117761582813,44.2623087805984,-1.0985660194562021,-0.014383444652213513,-27.503368848263225,-36.70014109473437,0.8880959267873095,-32.92244185483617,-20.67477558281856,3.1877680042869687,-36.636913776489735,-28.954372892284987,4.8498100330639735,-28.16873120336451,-58.23647338598861,-63.85233620224723,-24.661656258546568,1.6914830364405469,-16.341820594886666,26.06674418652157,-11.696061285360457,-18.202028440450118,-12.566829540621798,-3.8638906535951714,-15.20182000495686,-25.7269552212481,-32.83138779809313,-62.95662844270657,-17.105470862641194,-27.452270619367027,1.1467790150822235,-21.810324240104784,-6.682543183784699,-14.748103756675627,-26.01544842756218,-3.911199338163709,-26.12470881712818,-28.339852142212205,2.020525390599047,-4.8300330104505536,-2.4793864550010625,-52.04132856997811,-37.04843152845912,-4.546217614253413,-35.62831589291475,-38.485739844706764,-37.11594511663131,-32.51006035400346,-68.86031833937241,49.5464410248555,-11.831536150289228,-42.270093170090846,-8.522604135007365,-69.64315227963513,-7.150222346407435,-13.326291188352828,21.178709871661248,-26.94444292253511,-64.70870640950287,-22.99643440480605,-44.8582957429188,-25.90321303213057
-343.0843652125903,-234.44444233566045,-283.3700134862196,-355.8073883944973,-261.7005246696778,-114.14018947899876,-38.90840941394667,-435.0523538415007,-235.87034935118166,-222.59994235280283,-70.34533143755526,-175.47079337131686,-291.1093114103109,-393.92159030478274,7.510476626976036,-148.23493080004783,-72.08971315238016,-59.95175569917281,-193.13532462254932,-116.31213994044134,-136.69834098374454,-239.9266690922833,-204.53918794698504,-281.8740031233397,-350.5394526956179,-274.24440534096857,-21.419959160450432,-221.86509866760858,-189.93089209442581,-375.98892779169273,-152.8363274071408,-208.2642536560414,-261.65006154400743,-127.27463963573788,-178.7054499517967,-310.33431867148283,-250.33473204874758,-63.2075449345447,-406.0377442988867,-147.91535304781524,-129.68198044211846,-89.86082809630744,-135.18522346355286,-277.35121126976645,-216.6232087738503,-170.86401197955325,-45.55136895197651,-43.39836572306692,-259.69719415914966,-206.47226194534224,-47.939399630684726,-12.646591361866617,-231.07150756719997,-330.87046971566605,-93.90165745259105,-46.921974149934904,-106.45300028583517,-138.47643508294018,-127.0963475483406,-159.2409795562385,-130.52785739653774,-173.27731933929007,-171.96168426649947,-135.52090375955783,-446.3567688048959,-351.09737806960504,-151.82383428427195,-77.60095630981209,-71.4321069481322,-69.1963805673565,-204.6868934878346,-263.2874909307074,-256.49635844650027,-115.57388569838513,-154.86617556642966,-28.728422306135656,-78.79659004691744,-185.4220221583908,-35.523248397527944,-225.43581385880182,-325.61148733959834,-366.70993522511316,-126.30289390392544,-295.27255394108175,-165.47107997762475,-313.88238374204036,-343.910190468501,-64.90363957552341,-112.89977111567423,-236.68122235895504,-194.52458535281963,-99.71711896340811,-235.93308415193906,-71.91519825053318,-237.5043093165958,-341.81803252332423,-238.6640956812066,-226.84245874935058,-350.07209484129305,-136.39328436507802
20.34462213831972,2.3630242196259674,9.939443795006484,9.73093711329276,8.175112143746198,13.645595800993414,-14.154129717844786,12.828189227759138,12.263947087455733,13.857145876910549,-25.3848065926148,2.084065754820683,10.118757282684593,12.29682033255998,1.5718527361238535,-10.547515541290418,-1.5710110325284026,2.5282318833585102,9.617128062806014,-14.111594256405075,-16.66715029402981,0.20564167902333286,42.42800834200216,7.559696638796302,1.2366871508491526,-4.448579018556409,3.712289326757024,4.1958548879764,9.731307746828913,-7.458180271686529,2.7055028284637936,-1.0736723244402673,19.60029815572298,-7.559581177215627,-2.6408612782410708,7.8679944107637345,9.297220525333051,-12.314000933291867,17.835967028088785,-38.58621961500319,-3.4571160292096743,-19.535631473955075,1.8333860341471377,8.449366525707973,-19.766830766269447,9.757053674824618,-0.6350526870286718,-20.975865632102003,18.731156447255785,17.863151761966304,-17.577571219253326,2.089317121380938,22.419988797106004,36.50544998285369,5.026037066277309,-15.546752277580234,-0.5259694778501468,-24.037165994850277,-8.91492782255601,-7.371202182595679,-8.818010681405607,-7.170109069871455,5.42561778282698,4.583685485679352,16.058864122918433,23.507733081894475,-2.0948527546545006,6.633589390470616,-18.678818233874807,-0.9282425348187219,-10.433729813970958,1.3639950003035664,6.443897577769757,-4.876102416480449,4.360263994635315,1.6672502015159787,-10.923231938153634,-10.928053409804592,-16.42243251205034,23.396521069013094,6.889390427993926,-7.276775936775267,5.648546889881477,13.75808759182736,7.644141655184607,7.506874322905261,41.1979905237358,-39.479343891700196,-7.778771720818571,21.25235277021804,-7.865593678447614,35.14292706117043,3.3859524823188614,-0.6933552070232026,-19.573390833656976,8.181185927100556,31.21051189301119,1.0531429763469107,11.64871179982128,12.259862136027877
-333.14624139302504,-350.2281420560286,-280.88285266809044,-384.20564446146966,-342.73748757820965,-475.6026928148356,-503.41377945189174,-512.4427648939864,-297.0014646060508,-276.49615893785557,-303.68845450628606,-945.6964837233089,-231.0266320538919,-479.0768180711971,-287.4315857768022,-565.949099499239,-506.7055632965835,-588.5653361156782,-189.8082872371889,-626.131700507512,-368.59616511230314,-356.03895535079437,-307.1106403158088,-686.7443341805104,-347.69366412706677,-354.15523095409725,-514.4376535672377,83.01948375925718,-275.18164330756565,-510.49344725851756,-563.0815903579783,-236.58156673318624,-328.3102187663606,-316.0394522344489,-251.55627692833423,-87.5293370925381,-416.6415086018311,-368.49384946808976,-316.77656302555044,-327.9344506155482,-230.70932155030056,-349.55978194167443,-705.4585484849741,-291.668687988547,-375.0426708356797,-233.97027604846718,-500.5577741865482,-364.93319634896733,-379.28670116826356,-493.6830868210827,-682.608561435993,-504.33695589746003,-416.24169128016854,-601.2697329619073,-422.58047900015873,-302.21781861355834,-483.2364264107728,-174.25734911560102,-692.3406579933676,-487.4111671885845,-372.5582599626725,-227.73407309278127,-368.4958375334445,-687.2281867662808,-341.7945204817892,-572.9006958331281,-214.94172802210838,-342.917772920939,-457.94563290218275,-449.1810557288058,-321.62632302023684,-318.24046401238917,-404.1085346117543,-329.9539902912134,-593.5001621337836,-259.21995745179163,-375.5080635731534,-120.68138480424734,-127.65244629610432,-532.1104325712525,-366.5522273975627,-440.11163746437387,-742.5261474187043,-242.86945510296403,-574.2294562984433,-583.1045322343393,-564.8260066935785,-279.74368293860823,-391.70911325992824,-333.0094541906381,-391.11154262426953,-690.950039184248,-444.9785600899832,-369.9583882148812,-200.52856457824097,-146.6966689800608,-544.1154318125126,-456.45926946510417,-337.6985485236187,-604.1838801783267
-43.115475207332885,-21.803108882149157,-28.805428219286476,-24.529186278628632,-28.976536199095616,-31.309890647661273,5.478073807493308,-55.507228637290105,-21.990776033779085,-33.18168111097321,15.931278101416867,-35.43692462725229,-48.321964894611206,-44.88429759213931,-14.044066969237536,1.1900638404878037,-7.469603053975952,-17.89806918416972,-52.995695484183955,-13.760936779193912,5.217773612197016,-12.602220073509804,-55.161464592498625,-24.44853416987257,-13.626518381198299,-9.52694025529744,-18.36850298837849,-24.72804696725693,-12.237356153761784,-9.45514238925326,-29.137515700928095,-34.185064265606094,-53.69457953553521,-3.5163776858433464,-2.8193630732737653,-38.252739848654095,-52.866201906134314,-6.3216119296159246,-36.45016950431556,37.27974750706014,-3.723942467827964,5.335128590455847,-31.63901896682988,-44.74738381823629,6.41233090655333,-32.58653029674096,-9.847507571851636,6.918201045811237,-52.3268806979377,-34.09841362909076,-6.000699907488514,-29.514357238166177,-52.82232710319203,-76.73699559053216,-29.270691588612358,-0.2920916602582278,-16.560031943660604,23.315588892237294,-14.819326300156163,-13.084825868858472,-3.2119512971248896,-4.821046102195058,-15.451947686328017,-36.43263189549384,-54.7890391999483,-62.40547600477116,-13.52335849363126,-28.01212418733852,6.743451392823424,-21.775328708384976,-4.490823028092728,-17.651562254748985,-25.2733434987672,-7.683591111512218,-24.233337374620234,-18.765856849744512,8.084340322257832,-17.258893184979055,20.521106447201547,-59.43525092652484,-41.49911008471865,-8.730829884660048,-47.584439549729126,-37.24887794740188,-21.493153301319538,-37.74194539305577,-72.64197299201747,41.78083878420012,-11.196834223438158,-41.53432086037191,-25.384111654462163,-79.37553880362799,-12.356279552251511,-3.6081886535556253,13.693226795224668,-50.980708654169405,-61.759879505438306,-39.343549128093194,-39.68853085454934,-36.28071240048463
-93.60240501825655,-69.66055768638176,3.304673719619858,-43.24679589556647,-29.493848396025847,-109.78639410453493,-125.78513820270283,-138.4329538458378,-34.24147524200364,-38.94434271405797,-36.005697831225,-115.25883608622622,-104.79326790598395,-35.12262571289088,-34.046911176679046,-9.293847288824718,-51.459424345473614,-67.65235532791198,-39.331194400263534,-54.32089152614103,-90.95688649235235,-64.56765152118341,-72.59945300857856,-86.15488268701073,-54.36929575929535,-20.02580715681689,-76.29300136989684,-21.369558983936887,-31.83504231569127,-8.082852626623243,-93.61304189812415,-79.21193844296744,-93.17822283540002,-38.04944741836019,-88.72378963227052,-20.332807961115826,-196.89802252543143,-64.07927303638304,-37.246086528165456,-24.42582693246848,-0.012040835895768837,-113.14875378006828,-73.27200069436637,-54.48036326164682,-72.28798844504723,-72.38207552406666,-68.11713085318094,-49.17662698834335,-60.714473839041645,-11.754496261645155,-146.6602751375338,-102.45306548811416,-90.85578216510798,-135.22168729833962,-54.80052969288957,-69.20962251525641,-28.930997308189774,5.89120326193578,-85.41088641446403,-61.804362668053514,-73.21517902319223,-8.167579932313044,-22.46150425665398,-68.17583002772797,-88.77997817414871,-143.0917920534578,-28.135903981183414,-49.70188532021325,-87.10329043968359,-98.0783505172494,-35.41498008095165,-18.672837106207073,-54.613750966686105,-22.603169134136245,-4.012829699788302,-97.79198352652567,-28.956288450776178,-44.09900905882282,-65.98593444926765,-52.12485307075486,-87.82687269162149,-47.185261771488975,-106.45229417828831,-77.93881231355512,-59.227307733291774,-88.5605690717569,-59.41013570759238,-3.0825975073171694,-108.5585152928469,-13.445918340274533,-57.07572449881399,-143.14442743736186,-53.17737152767667,-34.62807306800988,27.47316236152143,-66.39529756899466,-99.85555697187363,-131.43056229682094,-102.73948376123487,-73.06658847132239
-124.98467796546161,-188.84661862847835,-101.86840876224402,-118.53056972051563,-109.61874908611946,-141.03312063658842,-236.2385462767684,-220.3072956742108,-64.26904112201203,-66.08368852119207,-151.1769448832763,-198.46629618764055,-156.3974560105381,-181.0732526790799,-111.62973141882019,-130.11241858256557,-122.74328742931502,-134.8770418980738,-225.3537292242568,-186.04615719293528,-212.10446354031586,-117.38754907721419,-42.619037195841685,-124.06692826160155,-133.9827478558367,-154.75975417827112,-126.42373739468489,-121.38399199695112,-115.13370626402816,-167.10172902405716,-191.74020768367924,-151.02053900250016,-129.24457974716927,-105.20621251867063,-112.65349640560201,-109.77822457565928,-141.17698365180738,-199.40755045897936,-102.88887448059593,-159.52456099025315,-131.79990066356459,-105.4521463987797,-201.81396983438452,-128.9723602833557,-169.22386879132424,-154.47467053767582,-129.5082177065629,-143.8566445509095,-134.2598270983945,-107.37007552585675,-185.00072145020266,-168.81239724015035,-90.07895894403956,-98.41949818760435,-180.85820706999024,-166.5289768932042,-135.54638072960674,-155.09501333922825,-160.57973212976876,-155.7672227837573,-163.507244369215,-174.87116650916164,-105.40844531570062,-144.4607204551358,-162.32060620656466,-176.92801094934973,-153.10919003245056,-175.90722124324807,-177.42925511201867,-182.80015634519532,-123.39585583706166,-57.46059149261098,-159.49170791049582,-145.9395160025075,-164.72520895660247,-191.52024894256874,-99.93783201993433,-160.5888789296071,-158.09245097832795,-186.8008001608294,-142.57182076854994,-160.1000661280938,-221.16186230834964,-157.29028031161397,-121.55824820061814,-184.28055987713776,-42.40747674111731,-155.88825849503797,-179.06320090391642,-75.9767415447807,-145.82683497553057,-149.0349129808698,-147.91801286133298,-123.5071897659192,-126.29816127888239,-59.99365784513436,-53.985185396291364,-164.91482401553156,-171.9692132233146,-181.20111082344698
-81.46801782042228,-65.48444447584885,-39.07373087512504,-49.894797827604265,-41.958809641520205,-84.87013784244422,-25.45962358081813,-58.70835655225739,-57.64711959744495,-65.14315997110491,10.34852990663323,-112.04291234250964,-116.90690258511465,-57.720160552897234,-54.19170488708207,-22.15649181208366,-33.87913331803418,-51.57941362588374,-84.5194140926274,-31.795233415279213,-28.297445115178164,-32.02952309197581,-140.09847315891037,-60.177948286503444,-42.46011133205474,-43.71672775375198,-77.43080657717161,-58.160225008109684,-35.86269662817802,4.405369970137466,-53.80937075081094,-84.24923257190633,-80.70747272550874,-19.823623382141747,-28.1184862866047,-42.624312031702516,-89.45124295397615,-34.14359170317472,-59.69965076517747,34.061436020857265,-20.522251535219166,-11.880163847737265,-83.13860682028529,-101.18469615323902,15.03770163621624,-78.34857791009807,-45.45515270043546,-11.211158169015093,-90.58563143394535,-53.03116468070213,-24.19215079401004,-80.83252782800963,-95.20656006425952,-102.39823995889195,-65.45792724265101,-33.096116126140856,-64.11859055138488,30.931676572984248,-56.171550648559396,-23.628172681116276,-33.56619645129381,-20.253384673569233,-41.510895852870604,-85.44795241262393,-50.9854526329979,-104.95548025421265,-20.32231715091666,-81.44912261978513,-31.515386703800797,-64.31714150610723,-20.953213203466202,-39.555159601873164,-55.05937628671135,-35.56000845432318,-71.9869545697592,-62.0380846627081,-0.030137695247646104,-46.288179677469024,-0.18119027099412713,-94.9329954845478,-67.71325027413555,-7.617555883073124,-107.04450292691244,-78.83157216624362,-63.764331170140586,-76.57114132249461,-110.6078628881233,58.293009222348935,-41.579879181701585,-99.09336035281773,-27.308259459669813,-118.91072758223794,-28.12808234348793,-16.424170314388473,21.066668901646285,-52.00752556445234,-126.52024353769643,-65.7581216935658,-76.56436068118063,-59.22170734156193
-19.25936078815729,-3.0354739227318652,-2.4770794799988383,-5.2102737580667515,-6.999755445967369,-10.010099257885168,10.06054415037579,-20.574315329619075,-10.206065028191288,-9.801954056362986,19.676932373916607,2.32108919043949,-18.021240985799945,-9.198207366836167,-0.12770956252894453,17.331882648718985,10.00354087064503,1.191447624405765,-9.575715467751394,8.37805457559718,11.13448551720737,4.331216077862742,-23.127832574185245,-8.629425689341886,5.40410107386946,7.112672331814761,2.6305974953660933,-5.877168587874041,2.131014815299716,3.676267465424744,-0.47799944028385855,-1.0154856568222133,-16.863494562879787,10.393887853504289,3.5099524649955245,-6.11571098391968,-21.852337959846118,19.11163360226727,-9.907108613367908,33.976919402472355,5.345397004378855,13.880656349968412,2.6006460067660107,-2.4672558323000207,13.639131308762844,-9.227430081152477,7.585911320337028,18.964114027848993,-21.316579930498243,-3.138798615223755,11.154299422556901,2.356921410601887,-24.567097035388137,-31.491803406948886,0.14938150705930925,13.3121344091333,5.815974914916482,26.306339981512597,10.662068664282451,1.9819630215489532,7.727079036097786,10.674652629679633,2.0325434696432736,-3.097183123435353,-22.278697432701517,-26.32197582260032,-4.074530791922434,-2.1409651952612214,18.775249915207784,0.12308734193926456,12.509594405016296,0.6651578590960496,-4.596075382228146,9.965422658026448,3.8167776634087827,-2.4855240897339033,13.435264554050804,8.643483475430621,19.551515937506917,-13.630331276412447,-14.768430851219462,6.8425687030008016,-2.7403210525545325,-19.480858148023604,2.644071367950034,-7.028864915321135,-27.32219790427649,36.7439347683401,0.05932631121757132,-7.25669932750427,4.47172539690442,-30.229033171122516,1.3491668994001245,7.889265032670127,17.090141572958938,-14.995487786712536,-25.48538703267549,-3.2474970437117117,-10.791348408018695,-8.079663700517951
-22.473566832438365,-10.595030404841271,-8.314373600629832,-7.045318706674783,-4.584233591942747,-29.995985267253864,23.24298042952043,-34.33862635893548,-4.069116658980445,-13.683551496169022,31.81681913665452,-23.206868528939562,-4.080427367260114,-13.71932676826337,2.574352656927121,4.724891146326883,4.7029673593633925,-16.874916690893212,-24.112082664543205,-0.7561253395701866,11.952707152884889,-9.208014186724169,-55.23440871534712,-15.126882547750208,6.65998323471777,23.981409037817638,-24.057054066027373,-4.191072522321636,-13.941444473132853,5.872457874551723,7.8531740403513215,-26.231840132239736,-14.74641100969576,14.010852404937117,2.5686488235947498,-10.688181973464804,-33.93019614090271,36.481433779739085,-25.15844215502845,47.297947610636356,0.8166131641380028,5.42906084980305,-17.854625877629033,-3.2979082460062257,27.632361190178923,-17.48778219425565,12.024675202985751,22.89550229612659,-25.781383237257725,-14.199608824528735,26.674501469969858,-14.67419715644933,-48.39975183573549,-45.68162106261831,-36.38915997140068,14.447465031703242,-2.828567679641991,42.26652588611766,1.0641343662620064,0.5525187280804018,1.4365655099979293,17.913240773687534,-3.7856802657195683,-3.1243847507700706,-16.83759907633755,-33.98398908379197,0.01086874580876356,-23.98856563605738,15.243095049731807,-14.485267958346911,14.548239343446378,0.5891932791441398,-11.14765710198321,4.276994677208479,-8.062507268685042,18.303236736663926,23.444651989668838,10.857810113599704,18.310792516511196,-31.371626012457046,-25.421258218392403,-6.857310030593962,-33.71851198439007,-17.20464866644376,-21.764685741260813,-22.83090048275658,-45.581794610734285,58.889541990228956,10.966421389902512,-14.07669755058715,14.46040353520714,-54.343212579735265,-1.2121118549127703,10.406296286743535,27.625868577456096,-28.79088726089658,-31.357546801256724,-11.732443671652243,-10.977090723232783,1.075720052662944
-266.2548510139835,-101.20994975514479,-166.09253922391898,-240.1442553230235,-263.61374414357306,-185.8498974247223,250.47253795905317,-256.76383828185925,-263.7935939501963,-222.32296814992262,164.63621191477145,-173.2938243497125,-187.67514255161143,-89.31677761633567,-100.13895982907228,-43.70325010216037,18.33162945067557,-81.98573514768638,-204.35169818736713,-79.32614865110028,85.89280836445177,-138.97903188427404,-290.3601320930234,-230.41973285599968,-96.82312943526718,-52.998166857619175,-92.87922932279938,-319.18623776358754,-56.59641369105477,-114.44895611445007,-66.65407599770234,-178.41082611231062,-142.70296868070847,-49.38311549735434,9.586033664165514,-237.90746280934474,-316.1430741296602,63.29131253327024,-192.57049691792216,121.27853296625801,-138.5905369251763,95.19705610738205,-134.2090595547714,-298.78933042427695,72.3493142835649,-206.69225408829845,32.77147575512058,149.16034418792904,-325.5631966689675,-169.00048392636472,130.00579647497548,-61.556568743115974,-347.928198244725,-366.73124762530614,-80.98892304666826,88.21081987443314,-140.2063463063116,133.86049153988787,62.86576590602365,-168.44093727985353,22.12323060662686,-10.31944326351569,-197.50036017314278,-251.91111092204682,-256.30212338574114,-331.5103398265744,-153.48188956077794,-113.49783825302048,193.34724913702385,-47.67297468396643,4.686856973473801,-144.28554624583515,-284.65084214107867,-71.57712014389658,-106.78402470893182,89.88873362924086,30.910808531927028,-164.86116511076827,246.22859929326074,-250.63620228532574,-174.06309410884245,-230.98755316537054,-129.07796301984516,-266.9050037129947,-60.45975081711329,-246.4578152330632,-300.09865824803785,225.84645569828035,34.624966259559415,-339.38563167714,-148.9333865972082,-349.4621216801978,-205.3937857472805,31.951299911271246,0.7748463446957848,-276.33161597683295,-257.1296733457056,-148.80659331808164,-180.00926485584426,-56.16343027434892
228.4676933174386,-90.72964752586272,235.94727725921558,283.26468349474055,542.3821700269322,-193.67272987724849,-347.330637537318,115.30789799268588,281.5278560341734,-29.761067869830022,-232.18260732926527,-135.37963712855336,62.47115477749411,216.225444325373,23.729376557884887,-49.784827931789955,-48.31014721407632,-83.79641680740508,190.8636276711436,-0.6755555142888553,-186.79396870718858,187.27915597271985,362.92319303714606,85.2826194511876,91.66003195299605,100.37054852239369,-216.09681213675293,-75.3563731314135,166.64030357460013,265.8926490132833,39.33616483757699,-166.83875005363905,343.6274110314269,7.1079858665709645,-128.724573662691,326.8737430957462,-301.8419473714773,-123.06769540153171,351.02142251769476,-203.95672462864033,37.82255256699901,-222.44978644339193,-11.551409291756826,134.60333479965192,-20.352699546750653,-25.826169821170467,-91.55286135589112,-205.12869620257652,172.06808713809895,364.7674189898213,-309.91611975574705,-84.46500440129181,86.8645945583401,313.2134884299157,-63.988168707553186,-161.79954581813095,17.965781018759795,26.827861445176996,-188.58439320061578,-14.787344037532716,-130.91757474623662,88.1613821819509,124.62596137216671,-71.39069977319633,459.82770338004843,186.10542811502438,205.62504547751644,39.16887619896661,-152.33331233334607,-96.60088715567355,99.38021313711178,122.49946360454526,175.59960692559034,37.638923266278724,3.1944679935348193,-307.2428171071183,-9.98209908064425,172.7407240609098,-261.87468961762943,290.4319324076167,110.55835479516185,244.54931568777369,-138.07035197989126,23.072900762038554,167.99119955803098,147.6123751260001,807.2594914685751,-229.8823898517414,-280.3973463761727,449.41475990835517,142.75644767726058,152.4518463309623,188.73119609619587,95.09613207696037,111.65079106439724,214.58070269146938,296.41271869559165,185.99563662914161,221.0502671330721,151.7015052972008
142.49030134649965,-12.978188352772502,66.87287761573413,1.1320965350478915,150.93890170928438,-25.16223801711704,55.72266429824032,66.02232334256769,111.68729151496822,65.59119259983105,-58.88942823325321,37.4623694601835,160.73641564313357,190.30573332237304,44.94484546071748,13.748504824507803,62.55858699766653,43.79515125818787,33.38054811073679,5.300132477503219,-38.438568930046735,15.754798776513969,179.5801968811444,38.052686727829354,62.5156653626315,128.38717688551588,21.198798642202558,-31.005405685041268,72.91769999772352,95.45018887321677,91.49825798393758,-23.62994693785017,180.9504392950004,41.048715272508886,-18.811108881022804,45.234410249236355,28.96521357155917,158.04185339874266,119.71260928514647,-31.179690725732076,-31.649496338660384,-63.48080160551524,43.775144992611835,33.434307380900826,53.737892383522336,3.311192253240965,41.54733140704399,31.623004943948857,86.25926570713209,116.7430311188,-9.076905410238894,47.261505850818935,-9.72525057084543,93.69624900890297,-13.580593103586287,23.148711190564388,41.738894887947204,54.154941815540674,78.87562316985954,-95.6991778780537,1.588621598552569,62.65513995303242,33.924507432215634,120.77547187224289,164.88513699493828,129.03761827173645,82.88384157761121,67.33997759017515,37.261448521620736,14.320509937971769,48.96809219182673,83.17212233911107,15.974759471250477,20.619883170620202,76.94936211915758,109.71621452858389,101.30810525728641,59.51859978825441,-23.01697083480246,118.92577444618992,76.3651637453894,11.40390254832538,76.77603730259335,7.404713469257551,73.49524049256793,28.523878044491337,269.31650109449737,-32.82714030143578,48.152876253705045,226.5919380453759,40.18059331686501,162.6517959295143,72.6928956460369,72.68602271109599,30.755313126105374,56.6853698055846,242.63585556368741,72.04023552912095,100.13709470077848,112.24708812855023
-138.76397004829215,-149.4534151855142,-95.21746720002248,-156.9142210198507,-37.857129383337316,-165.08927252912451,-69.54666213985591,-173.43601593198872,-71.84664918709896,-151.2190718012152,-75.79173617010672,-106.13394467425391,-127.2350099585738,-44.211582809363655,-80.92430729931526,-84.04039127101974,-60.885944705155666,-74.61030584056893,-152.41481822000105,-40.39195362877667,-84.85476844750937,-162.42749782470756,-128.5570460280808,-103.09904541579712,-141.88485025807282,-82.7999163655113,-113.90776747219637,-175.2752053806138,-131.21915267190442,-81.83033805983908,-57.76951688967122,-117.75378072410301,-46.24788654224822,-87.96391362583464,-124.78011436869757,-91.88468113396891,-113.20699414981398,-59.51528699470153,-108.85618824895496,-80.59634306384577,-108.3361550268924,-118.02668639051743,-114.65112003977914,-185.1951892353513,-92.82223082397338,-171.39066045199982,-120.9161454450358,-49.78949776611645,-96.65287284652186,-83.74158386405719,-116.39675593556856,-106.05545074288764,-153.77760915511135,-134.46988548325353,-89.12646230036005,-69.77109158214296,-77.82386818138723,-70.35298379001718,-57.697926236148454,-149.1196502097199,-93.40928599045998,-105.73460895865765,-140.78397723492742,-89.80237214838755,-83.62678148644255,-157.43049547782974,-72.6664471849496,-70.81391121118706,-35.777110969701866,-81.84721556473183,-88.6030680315461,-80.78606148023674,-147.61096281599617,-90.77572037506812,-107.63785920466015,-98.68389910985591,-56.91974243520075,-68.87899135318105,-116.0903789413832,-124.21422248155372,-124.30155203357457,-113.18287988403245,-84.37789686309385,-151.87395645058,-87.06929518186948,-135.2501289635084,-38.05633974198727,-53.29569917558257,-101.08253943658029,-99.07572687034312,-124.7931178118217,-150.8404026634607,-139.25324659659393,-81.42262097155225,-57.8289262908092,-27.620150644811876,-69.1455295795968,-87.21575228734311,-146.36869106598743,-90.79493544634747
22.115563447382065,-29.55074515837179,21.853584077152906,-0.25867842021114373,40.463817237642,-11.552446784086145,-35.54479454854525,24.42947551963717,12.094195134490736,1.7262905611670079,-47.3734120512621,-14.02880645945258,-1.9191292557428188,31.577782104058887,-15.766363935950597,-22.90057861347424,-15.844219566963822,-7.1428976650679825,2.668764458297801,-6.925639938527093,-41.48981870806914,-6.011589560652347,53.61579804639782,24.7783973079519,-10.56118804372587,-9.754006887478125,-25.0182450236198,-13.816216685979748,14.028142278147099,16.57308144728281,-6.825858523843024,-19.922585336896937,40.272386168231776,-24.49382446284058,-11.305597796561447,18.87624727664453,10.199022242806814,-31.89078512044676,34.73566858456505,-53.3944609659392,-23.88735717208117,-35.55154455223968,-9.756294376576554,-0.6690923182270879,-5.9366394926819135,-12.943541918955404,-24.775479509406377,-32.16888301703344,16.04223768330815,20.875175697958543,-45.17353506285741,-1.1987491578699019,14.692390580805279,52.61070735697268,-19.717307788629732,-34.51379670963451,-17.94099848052755,-32.53538881496564,-25.011595835354935,-22.36723438319268,-24.51887644403568,-10.3505704123859,-4.2502881468569305,-4.700339226270218,56.916090104215264,32.75494188886055,19.36378132577928,-3.357534729321579,-27.21333191891941,-22.988044684530717,-10.620294142942514,9.64256845699284,1.115218282435525,-22.245128599957994,-19.730332895301483,-15.021916790949753,-15.170974726600349,-12.887272347880668,-42.181597612951094,35.941682494166685,24.992794641583032,0.33229671647261133,-4.658279664959739,11.401452064803328,5.620084570213539,-0.6059624016245171,99.20203465408143,-58.20232875668065,-9.772392471187487,30.938590833723495,-8.307604656953375,44.45497639909797,-0.41744412094621086,-10.155197473246705,-20.036726227510133,37.64690253053864,53.13575491180401,6.433825169709185,8.763239032083725,1.6385785482482818
131.63808587650672,-23.497398922094117,94.06417645120015,48.77444830085765,187.7168116020762,-27.306251110167743,-113.58122995930161,125.8638066772972,110.72133293436211,62.50778538318096,-138.5815087597201,-23.12475156332358,70.20882836970438,148.29313912246806,-24.107682818984035,-35.18459008784449,-12.36382944660241,-7.294777597035866,66.38919399031609,-47.92439535251053,-102.44051424345952,12.896840388646902,132.1010963676524,50.450172382026295,35.47984147014404,11.870722077406349,-24.005916736649194,9.884059709633844,51.32508069332254,94.52134090453193,-1.3701016190811919,-16.294090060438975,158.18683168541412,-5.993167078320783,-46.40519646006319,93.64771219929835,82.20885137604346,-28.261884366561713,113.75784653135618,-73.90640327808661,-13.89634795385767,-109.7284674502001,-19.40229963815086,18.11132423496265,-15.101196385188453,21.919263835898025,-44.557315502694514,-92.81129124500389,121.44613161487965,106.25290712587955,-96.22934777034995,-26.318576031578818,98.89399365536693,150.8928405227665,-4.018697683908116,-102.55794024128767,-4.0696384412453765,-49.66456234733088,-73.23373260122148,-37.629575057530154,-58.899149895539544,5.535048039717651,38.78758123887489,14.234831829650375,246.0398949999021,122.61634272029238,83.78086411829229,21.39378683998494,-102.51781313692763,-39.30866587986121,-13.386109939999036,44.302076068580284,39.43561662499833,-34.38847329251944,18.29581051461943,-45.89983833915059,15.873893092318545,32.58018906664894,-98.31894490424476,147.83817435432215,69.04463699018395,85.37361325793383,22.882989139863025,92.50857284076581,27.16931415138715,40.96608756740963,245.23837261444675,-121.0086569868591,-14.108251358752034,104.39780399732057,30.393833969126167,166.39992084510436,68.28478913323221,-14.849488340494883,-3.038847371980465,168.72182411985136,124.55252434763605,79.87840292712252,55.47320842312374,50.75538850060322
-127.43586637650024,-116.03094533973828,-146.19750880071706,-282.80155184864367,-56.382810355462084,-92.24503571142816,146.26758496525267,-175.41100741803936,-104.0581835528321,-132.17442854902941,11.146744866375483,-49.64417249334656,13.763344875616868,-80.0916379716235,-75.85755359240412,-105.66049789863989,-104.85030516890569,-56.396252608638726,-189.9407710525117,76.46403333545506,89.34940379998899,-229.8983406885744,-194.13882669325884,-126.58693598752865,-167.9123767425933,92.48343948951421,-142.50154381751045,-103.15178729065336,-211.4932638602318,31.67948918112197,-70.7945561713394,-122.99142529951668,-45.12918159528365,-100.70830714443335,-108.97007744105566,-85.84156371754852,1.6462254393540598,5.757253802457699,-197.71832902449606,-2.1742591753131912,-170.59177107392483,-83.79495650462492,-33.96424228118346,-203.5889118085491,77.91588901190413,-169.4708885217672,-108.03525414223085,112.96393587621561,-214.20223465675588,-128.32660543218256,6.1593711380794325,-14.012049244024334,-204.85355301671427,-233.03635892054822,-215.8372077448252,84.96854063683708,-72.32348337275592,13.415407894661639,43.640435703501744,-149.21385130062527,-0.7725381439963624,33.49772068727279,-149.55686473066348,-37.59490782832132,-101.84594364919225,-105.22159685862252,-69.72413483763467,-138.98058522746547,136.6147965295153,-63.98873328712219,-40.53525047667566,5.089217512962348,-202.93318867821617,-121.91416805302708,-165.04898629095706,-19.629274416036083,-7.295808937410314,-71.42035875809688,26.72222222455182,-198.96861042702022,-28.166585467167806,-102.84714192518007,-107.26691433249282,-80.05756548421257,-134.30335595621685,-171.37506128993374,-88.504054012299,77.58224690089843,107.80585996062261,-64.77927864842131,-156.74053942101548,-217.14644204094128,-226.50043888612302,-77.402673568868,-39.0575161707858,-26.60787329613181,6.802801372949269,-107.5895910865696,-159.67604710362178,-110.43880796300726
31.55643082039781,-56.856734952586095,56.15083909044563,-45.158104508616454,60.89255938412091,-31.708564550822203,-131.4464789604062,65.83866052519386,-7.287225228853647,49.40636957257318,-135.28485398502454,-38.92485426118656,-57.7055813502085,86.4929508579904,-50.79199661221845,-31.39542804530956,-40.23184054134408,-2.3151093421796065,45.54521972273457,-86.64265109418012,-153.3515405632556,-12.554805094475137,42.93047407787022,-13.390375132694974,-29.573120703682537,-64.51339552113394,-14.194698009879056,-32.15879414547268,25.907901826017525,-18.830902628048502,-125.830880915182,-34.35918628293694,30.065232119923618,-54.49274345942056,-45.89739937095324,52.75651123200349,45.582985200836234,-115.73065699044716,56.48548719648444,-128.9233709507321,-63.514989907389015,-90.06906399430703,-63.1824188258571,-54.483028378868745,-55.27457779898272,7.414670994373472,-48.15421933058326,-125.32132028856759,87.6423532012056,31.035696487273434,-112.42608261614151,-19.66638949214637,59.165335201048265,94.94298999325805,-43.104575804152674,-116.5348200286332,-46.87572252493825,-90.31267535391345,-126.33008148419073,-11.345800406975158,-58.45050102976453,-35.69824549559398,-51.04854265988652,-34.63599378516799,188.22466970360364,132.67296354424036,55.13098852264983,-21.314819790184732,-124.61239404023829,-81.97438462320459,-73.62063084445505,-23.93094594890245,14.606336362899423,-85.28873510884313,-22.75188424224673,-74.45400283205464,-47.7831982532356,-57.91718312235605,-92.66595694967563,115.38658796438192,23.80935001041583,10.55950207551763,-1.3369062779914769,62.372367575379855,-5.355792657413946,-12.927024635127774,73.69009531232778,-153.13740036083405,-33.76466641967909,43.2855784384471,-34.3068971094624,128.22684960379402,-10.4299044665313,-58.5040094101547,-76.40957554269396,125.20487468347966,1.5650333941783356,-27.47140902716729,29.92879261858531,23.90506059697883
45.66267035045316,-1.1435057896606045,19.91991640037254,21.76217578790403,47.34464219861529,11.294894626309727,-65.08966431969702,52.43678397346614,30.12873307118869,50.7512377127685,-84.47472308258635,8.053215676514668,28.012522095715813,34.87410653100856,-12.85472669758762,-42.57440487287321,-35.64479054670389,-16.660167248811113,30.10945479900469,-18.807019245571016,-69.54421448039713,-11.018281051403925,59.95773823862102,18.692097424588106,-9.145628651070334,6.817776909344999,-19.021413097925723,1.7585211114350248,-1.7906480917479919,19.117696163677454,-26.456627176400197,-9.299980920518266,41.143034693043475,-29.230378503108916,-27.19985384431998,29.99356014049326,49.52352563595375,-51.177684782550685,42.45532068561479,-92.81490593977662,-17.965678875047036,-70.51025927189701,-7.552768231021034,11.755186617458692,-55.65590932260868,6.021967267452015,-29.66342000949412,-58.50029297607957,58.86337703444983,28.028957594900263,-70.01230361715824,-29.012748073923955,45.20732478629612,83.77480329953923,-8.027788326046869,-35.6848474646759,-11.747088188055537,-56.13238768790602,-38.43324523501854,-19.993826868508584,-33.04285620863652,-10.655019256571588,4.721104098131544,12.823790068237567,92.40670381497901,78.71810812996563,19.583041204966445,-5.159415581713644,-66.77178845732898,-20.977407827967546,-12.009418527186307,21.587389167018113,16.71996318940746,-36.88011226221813,-2.3315375286246813,-13.314816494142526,-30.40261112799427,-6.161164063274485,-64.844487097845,47.7946291171102,43.83558344519839,11.990018795043213,2.209925314146684,40.39228866393606,1.1346168801390164,32.265220473809265,103.17612153259358,-119.4795848440022,-24.112136617869602,51.55881310684757,-12.284155347681725,74.9122429502731,7.435021374243819,-27.190575534788227,-34.65460551524195,61.35986229496331,69.92853036580549,4.78376707902379,20.2395980117261,15.992624751371102
-118.2165539211479,-308.6643930136066,-62.85206510497028,-48.63046618735445,302.0129182725356,-767.3091516517966,-478.45674287204395,-64.40763612695562,49.88594481710849,-204.94459625590838,-413.82524877364426,43.064116007756944,80.67490312429445,192.34294969845453,4.029004074682333,-216.6289633412959,-183.84047538186925,-58.80232889714462,-19.188461071623443,-2.803566708038287,-453.6817866415147,-257.4175053608299,-403.5639193641424,23.815579988532516,-347.42791699540106,-133.41885888379753,-190.2655515631707,-387.84366321158774,-499.2354095836426,225.2735249899763,-210.30069013621218,-357.65147166464993,47.35354037418843,-104.87035341466108,-417.49480906726234,146.53537289192872,-54.82514902593325,-294.42953186051795,22.456794474295666,-428.49358979148093,-209.27221209227784,-301.92401153599843,-58.043713954027304,-264.7845204903206,-435.22725103610907,-414.04766532571034,-352.04942709368214,-278.55669772987335,340.31100230576686,-195.74625694281804,-399.04457283613067,-226.4891950225449,-144.5938349361044,-217.71421619710048,-287.7130877965857,-228.23082041407181,-99.33078885159719,-197.80594133467608,-198.67839113967597,-92.50873964903596,-173.34742743029148,-99.90983761283385,-542.3919978125389,-18.87908972315746,451.085211105574,281.94118794886424,70.8841169535791,-335.117823388529,-174.45953812101257,-202.18025409393425,30.49710672381214,31.36852858102218,-50.33565173347966,-183.68601957305404,-340.63482008751646,-374.64773915987286,-153.2558252423903,11.02605906296837,-852.8884716435332,-97.3651042093742,276.57036024445154,-209.16897746386712,-167.40482395465654,-101.24012622330044,-211.19568438144617,22.18260523136492,243.45380317821258,-452.80739824218807,-274.3530189918097,324.76772883028997,13.144928737246554,43.76581630968578,-12.1326048735456,-321.1154437204894,6.795874380482351,66.30236293897636,215.98226472005496,-18.67045558630506,-63.15430625803414,-65.61017473751295
24.472295869399062,60.09213232567079,21.945315680602754,33.247260581766795,33.431881337925745,14.106709652270471,140.98844681763524,56.54885428069352,3.364482304092567,28.17642031283021,99.21962376326226,91.98164348039894,84.84836833914606,25.376156492349104,42.70742665693659,90.68452243696305,87.20874828678595,52.43124561417482,35.023239882286305,85.38420896441197,106.08378675453193,66.04948176333606,-18.055300074040375,39.95597951295964,90.99685816801144,89.60953410240883,74.80650935641872,4.967958070138248,48.200126804211294,63.73623902297526,113.71795329285113,36.75675143119356,26.690627858738036,79.29965556413282,64.54626984824374,32.27694617815296,70.00840909416641,138.30788534006507,51.90791598681968,118.42580103686741,59.57217922517514,77.0480263242838,71.48085329862009,6.234115624096805,86.4295486679007,35.16588658245619,58.011357504259884,100.1303634195163,39.485617334107175,29.84785409479436,80.67384111489042,60.89050849921744,-27.122763354799574,-27.380435346213716,70.2096825852105,99.33718383886736,57.72821438558321,114.37095499449926,89.24323312242588,40.43599044656061,72.63603855866715,53.73254681625574,29.103614730521468,77.81571278524278,-15.53867155590511,-24.082536201448157,37.642090293577695,57.69917618578302,112.91429453570346,70.72010324098859,66.35875873966391,43.038701694498634,53.873072096561266,64.34907414891087,52.77969040063279,72.8362119197801,50.80584197593601,66.74534282628966,87.07174034433822,-11.24967103862943,64.1742567388064,80.42644402182184,88.33385997450371,33.21959278753635,42.07763484899256,83.88620100953051,-10.30706765815775,136.95156900285946,74.68585283431794,27.203118960610986,54.998591676429626,25.150686383590866,44.77237943247562,53.20121988404382,98.14950291196358,12.98985232314287,1.9060157577505408,63.23724618109409,60.82374621177998,53.1018455634075
-35.76699396614222,47.89542727531588,54.435179163014986,39.22477293204344,50.245770494136686,238.20733547422074,329.4178424460786,83.03247679569799,140.98771052770846,144.83808074978737,265.17921127498545,160.16375661908057,151.14011945202606,139.6693360558242,255.5690091458373,128.19694910388301,168.6250351563072,199.1266019086054,202.6043217453509,179.03067127678887,213.52380616066938,105.66072504889956,46.72601024513859,202.01168377536163,98.71711291413558,212.26193005354907,199.60571262146144,132.0416465363859,48.855090299669875,114.55400304090291,286.1147997241903,60.55148875626863,167.81011725392096,203.59099212443277,210.530780420843,62.27977196981843,248.5917118811207,228.1919979442565,68.56531084258795,192.42853284819574,195.8042659194582,171.79463954431702,156.13337488564278,144.71024336540953,149.96184490257178,151.1874599559506,220.45310324976697,220.5121321663425,211.3802102877277,87.77521966910048,237.63197619425532,111.30450728560996,54.7466003447185,80.85498727437216,102.45347194510641,226.1440116081659,141.95955782754802,180.0303895837496,258.5594896521621,152.58454204840825,233.28933227238682,231.62051262641197,138.33882707588734,166.57095283985072,101.80450738310297,177.02569497818783,321.3909388784712,121.15237736277514,217.7452869474607,216.90599706989747,232.86653194682873,153.80169759714514,132.85335541492148,131.15633749716372,129.17447837889765,400.3580708477276,143.83049752629478,221.7680496225258,187.68688964830068,117.38678456813727,251.27623409056343,83.77265130744534,181.97309536903356,155.968297812613,54.40751616691392,197.94254493317482,-2.5642877053442206,204.07938864552887,310.0132925133043,183.49519694065978,137.88598954891387,112.65619088409079,180.8870050094607,135.00126957887963,158.94261323878152,124.64835749312765,285.40211392797056,169.9291321592453,96.42808431654137,146.9597167405853
-39.544793262425145,326.27712983118766,2.297550517678706,-26.454209810691307,-55.91121992370201,-61.402207639545,-56.50688316779272,295.6670889398948,-34.88408365971333,89.64196004983933,30.477001115338478,192.30013269729886,-12.439993294223392,-27.50006758668667,-30.84055273786927,32.74853974431816,40.062995345373366,-14.170180056491976,59.34385031843056,4.306711753267794,-161.9178985723195,-3.3035315385404926,-21.851141151244835,-7.613127490211148,130.94376144318687,9.720895268480565,-0.3940741870006603,4.469342765184646,-22.995011353880106,-1.970516613776897,-39.893646898611074,195.68625604319283,-206.24930388770534,-69.48697903842023,-121.3046514827293,-110.32422879510601,-132.61372822144136,95.02821466095627,-23.655961591961326,-63.384614899931464,-51.68550644086561,66.72579093602815,50.320754606995756,-20.62927027737275,-34.803818108168535,-75.0006278881131,-41.31095153733876,-8.761713624673822,-41.18995229113782,-96.86764552741263,-26.43864288695626,49.63776269349253,-37.1639699971462,81.42866166286923,90.1931704378627,77.59885846028845,164.53038601597288,-99.00392576673961,-32.995434471547675,58.331822447832195,104.12527217469305,-152.13977450139515,-115.44655185172397,46.968492859014674,-24.27736759755065,28.531729187002277,-106.08350004370513,30.434554656934775,-86.42744206626395,157.97876287475597,-42.90918596528408,-169.94356587419227,95.28938294212463,167.82590272047742,248.96029268172504,-45.29774333182852,-127.42334887193655,-85.63182848393969,-105.1865451246024,-18.24367723872371,-39.79576140320389,8.67912933386165,189.09722449924246,63.08232955847873,66.57380333600142,44.763891153646576,-169.68341020663019,-92.39183128335097,-139.8287932063061,-215.53513523820652,34.76116584065499,3.356861574287803,5.445219367601926,45.23959464802796,4.701815538590999,-191.62709478931973,-235.47811348024348,52.423901666028414,130.38829038272036,5.91955197246657
-1.5672664508624081,58.73771234858981,22.752622735777404,39.22913365429396,2.72661699812149,132.37048477298237,105.47117845250892,22.17106748718636,22.177103654080966,58.7531618924816,119.63734533767125,67.7743247664898,65.91814865796714,-33.97229969073614,89.48349179555096,47.47420674502814,48.34448456630786,59.30306749892922,89.35162963443594,91.38032299581413,99.0757652947239,79.83562377785232,2.4865949692423386,23.255834366876435,26.03780548328495,26.276797315939632,107.50371163566533,141.59645684997125,67.27286031483281,40.91806796357242,111.2978601115126,80.4729473926782,40.805817919728725,107.98631025072869,86.65137780431952,68.41154051774049,157.84149794797656,66.68361499735455,-1.1166368899397066,129.9835206552947,77.7333704946487,121.34342400268895,66.83816852378378,99.98749565566564,72.78840401001185,94.4968449358901,54.34098787380377,81.38616297818756,42.39560800859442,49.346944147336096,112.30458325174048,77.43162833192748,33.44769452896721,55.31709163109826,83.80165956249157,93.92637863336608,59.52650288808225,60.3535847457398,78.05697542150244,95.6703581421438,73.18549211550838,10.224701622842865,99.14077051465951,53.8097701673941,-15.205465946351003,-14.641020116580911,48.736303617224415,60.45476226085597,76.02377488474285,74.4484570699575,15.73806836899674,54.123331949101775,39.37550883651273,63.07865046568723,44.48301864851455,81.51598435191457,42.03711937243453,126.62850787719186,123.99618354819022,85.96143083382184,55.39848466021781,49.964714615118815,79.24496205270853,80.6364413616965,24.270274501433533,72.64042655374429,-67.89947640707872,147.45191218697153,97.32708381409049,-23.24442837017907,95.24513121424864,103.21494245641728,99.12927109708208,75.75309815038804,53.7233941500634,100.42183531854099,-32.503923321968045,131.61728771734874,29.854372244668806,9.768454736870185
-23.52205195857822,43.18055459940272,2.1269345403071953,-6.229782669804356,-10.593983599604076,8.070388912362876,70.16538124667548,-8.735448991274733,-10.428535573992491,-0.019806494012671545,76.4227082323048,38.134247745852264,5.733017705149074,-1.3018164975855695,9.925150178818994,48.44929389556507,43.316122787377296,25.551897423337326,1.7736717034962322,40.66803133570992,60.34168577205269,10.193414271997726,-28.325449208676066,8.473580632148073,39.196851170110754,36.140768065067306,27.096022150419206,21.09798572806975,7.204277782669856,7.943897241462759,36.04006785804394,36.9746259358951,-15.66719963785051,28.363421372139197,31.053362666492074,-15.33786760239579,-21.96510082320286,65.62901803936029,-24.78965894794969,88.75234259433107,20.172612426627804,59.90099560195192,37.42019621080523,11.880896974840734,66.15400882392353,19.828328169798134,36.81472528585173,67.14142586117424,-9.654613337863458,-8.549337421725102,71.69890415535257,39.52213907598874,-17.997610264669287,-32.9122355620773,19.75475448626741,56.741020653111626,37.323349741491725,49.48919836727289,49.62535305153562,29.742657790051773,54.445596143873445,39.4724804413969,16.581209249769564,28.897694129551137,-34.67650203099184,-21.20165352075944,8.102535091836847,21.876271491142333,64.46193114749276,49.792210905935455,30.39808348012877,7.453961069503935,13.956903081819844,41.01330740294155,38.40830376164838,39.199366842225935,30.977402185955302,31.47357926416907,64.03956208483288,-17.351717585240518,-5.440727281184797,15.155699148494932,45.381492653189,13.848365564991648,12.99695152896095,-3.3758023693000347,-78.22595283566001,92.91480412980793,50.64328640627834,-27.604672189969307,36.19566491989878,-36.24874376816283,5.981874916599359,25.520249461966017,36.333776054533764,-19.749995607140598,-40.701518442196544,21.818004808284073,-2.7880626429610613,11.46929203941832
5.624247397923448,186.96164998866863,2.1972756274505727,-82.2918713785494,-2.0268204526239755,376.27007566054397,419.6402912899235,69.2191571677001,-5.842033293817782,141.23081643555395,295.4777973807953,124.18045217555907,158.6562885099949,12.613035517845523,178.09656558095048,158.64697345271748,119.47206295521806,196.6328187272961,107.24534316361031,158.62634497981,335.5342657510464,60.242843336404526,87.83828927006304,65.13153295742393,84.92917913142571,80.90633502697563,174.55084891980505,275.5608838431809,38.444524731670214,145.37802997158676,211.3233508998324,181.24784195834866,-4.243692988279022,237.2263696806746,160.4006353908784,-22.828049255923766,552.367611037726,129.5565172962059,2.2305553411813115,222.19373755468382,125.77145249655123,250.54695121466676,142.4299977360063,47.10575808345046,166.50977824793534,136.96842564350382,122.51018574541253,225.5524637139765,74.95201609791943,-13.911861045231568,277.8593608112926,133.99230586671777,76.43150383418197,13.813824191032353,163.94217487377628,197.13160060558107,116.94088657779879,74.15657824134856,266.8536244790931,209.20605647365852,191.395712433501,3.624229995834321,157.82465651546337,139.4029167163114,69.99152326704343,43.67650545251088,205.08423028279205,124.95932345366447,287.6891896474408,288.3352414148123,140.08551721103308,81.26874366534717,10.790817871991955,42.43016561437696,96.71739633555491,218.8144881335747,65.65508940812695,102.9563745825959,242.84342485983203,-13.312877050584467,179.18059030962587,116.45901572955076,204.17496008466392,229.9261195864513,22.00458365417799,123.37235628060762,-131.34815568427314,270.7740508713058,331.91405466510656,-169.61471255578903,91.374746593371,128.3663916164529,175.84546193499938,111.7796341291854,86.7670525724487,243.307501791017,47.34588330166573,221.35261095171137,17.90948175679687,-10.7069267866293
65.06930083780915,23.496362248391602,14.378408250384906,49.957255053821406,17.02647646872122,5.8981231253549735,-120.6173912946449,59.11408596781239,7.3435848611612595,37.193506159366564,-109.69468149029017,13.005891405630994,11.574871089634117,-9.048651653780917,-44.969984932449165,-33.110861180495185,-47.92103177347551,-22.483304272392743,4.234018798762026,-59.715853749236395,-94.39646626492923,7.230998363447505,64.19515703292461,16.79735782867572,8.08597636238326,-26.529946925285504,-9.038063795180783,23.85921991991962,-2.5924124926187626,-2.397140255363896,-59.22660684419945,26.31124696169794,31.827747631029247,-49.15607992031325,-50.223045736661554,17.060410954144164,33.810902500679056,-117.32109840298567,76.16079829683432,-117.60820235867146,-17.132276536647822,-52.86532160053031,5.375961924099109,32.31487242148131,-89.84571762165164,21.37639707292776,-84.64768382821026,-96.51057763075266,75.65248166524148,9.141797284955718,-97.3633150014597,-42.79271279191558,87.64217991163233,81.45999445733909,0.4097469431087209,-63.9951417232961,-0.35438706048728785,-96.32530000861391,-45.282331642755665,-9.548614469579306,-34.873647411900066,-53.954686428528255,-5.842877023837843,-0.0921441704743508,68.10872237349686,68.75405725488996,-23.156330428788788,-7.002331373755274,-120.19451178385013,-40.99765245369925,-48.804644558970544,20.288681381137422,38.277020482323266,-26.69592001087232,10.368810345588173,-99.05076690396237,-91.50904187884615,0.4904646280376471,-122.7023892134745,52.681621820981306,34.00325759470865,34.006620657722735,22.264897710900268,29.766570304810838,-8.872892947568596,24.236846626315426,77.42173495488373,-148.93405896507247,-65.62277054198383,28.84612163090778,-4.7088970301103625,39.27353641778349,8.817836857618465,-59.094105068435404,-55.30774599189001,37.84915934203094,36.79330836448626,4.0624614232713805,23.504981675496474,-15.58802993127285
-65.81824621129861,-18.568698347662945,-81.96376900281987,-32.59828670494156,-73.37988449494924,24.058335974183706,-159.778685650444,-72.16924066582578,-87.4936002852864,10.484405848655541,-114.03087543840326,-3.182997948053695,-19.437416303099145,-148.82301217462737,-64.18563667636352,-65.94698507917288,-77.48425606600624,-18.183419759718046,-45.78598727303261,-84.13961245433515,-109.77884674520757,-71.65421999448714,-17.69797837890103,-88.9128131296009,-57.16143102506075,-79.60018564560258,7.834521575241193,11.393669364909023,-113.46451525217648,-75.73086255291159,-108.6258413116604,-32.94049072301138,-118.309489458943,-44.08606352583755,-109.94877062575894,-62.27882901276031,34.701365058698606,-171.5391247050722,-42.17705420285522,-163.1682276693494,-47.17121116793902,-40.53476122392116,-20.229686951336323,-63.51202670752044,-148.12648648041852,-11.10095812017344,-64.23125535742861,-84.24017786999487,-16.791925119247534,-132.28604098165738,-91.10912867534584,-63.209556565444224,12.74592015045301,-35.13552365652896,-23.342769732871343,-61.76988606705454,-57.72257648597313,-157.8992658075977,-46.404361327880586,-31.18118164660104,-63.71538345411807,-131.4419161760871,-31.31322961297908,-15.776866649542791,-39.25885500200405,-23.247149414606195,-52.64409941158808,-46.40323000893331,-84.22348222449934,-13.924089627900726,-55.31189759579222,-67.61816709809754,-37.43258946408992,-80.45420092494977,-72.20741361992627,-134.8280057975556,-123.8798591775434,-104.76613637004769,-166.04841334083656,-129.7767766326421,-21.284283463756864,-44.1466132563302,-68.16695063282496,-2.755379080961604,-44.430506233741355,-4.909913870027429,-73.24334850879434,-157.8053114972352,-69.6409322825432,-79.6293035736203,-56.74646240742107,-17.52765139903188,-35.146193269806254,-101.5629111195302,-95.2687441128201,-5.9544375135090615,-20.40285664276596,-86.82881970715431,-119.47202948162935,-127.72864626228862
190.82084371902695,285.6142067271807,61.469950666399235,272.7865823004374,66.98822230782676,167.10687563179633,382.84779119246,367.87893140126823,-39.33386284436191,209.44384150467388,236.26217139367913,367.0691433205101,186.19136143911902,323.3726719823743,163.64933015281346,275.12149779326063,157.7575630599152,239.80490540888437,103.43794208338076,267.7876416863274,325.4152455511332,229.85722045953202,-84.52967094203352,204.7513054519287,287.3030216300417,77.47262796636825,344.4605138526174,45.853061018766915,38.55480945333212,236.06814462249477,311.8025410444488,287.6625499695489,0.8707462737670476,197.82556623246597,134.14983071084364,25.613460672793057,415.74709177469373,166.1668862645793,228.32237931549307,243.38350065699706,172.4941824554727,210.00818624276798,324.20609578556804,253.95043590215184,67.6742564684426,214.87474041281743,64.32755546643948,221.56709736729897,406.8086637619071,164.14159940093464,363.04848834952116,164.85374731037172,258.3427558138526,-35.66532339011522,239.60477859124177,165.54328873895568,203.73715745052516,145.1647307979447,281.26099464797244,286.94870587845406,284.1134873357622,145.3936329169242,14.956689053309494,358.10223613149043,127.06283820617551,166.25883290805973,111.85311961604113,223.76573003485427,294.2451286056035,243.24709175391928,92.60805530848477,254.06386067027307,268.7549390320408,206.5412541190103,208.970343840006,277.62045912631186,68.13984399205256,328.4298959898598,33.1426438823154,96.09777258016463,328.8923206297353,277.67349977023986,442.2604931995134,132.46476784501175,132.24861168937318,293.58702231843506,-102.4286646965998,297.8087279788592,180.63325101982142,126.1281733638284,148.9710768298224,196.87537860369554,212.29463921520446,-97.4595840622862,222.05300166265704,202.25129148326226,3.471387087061192,260.4984453030311,167.5756498701252,224.3192951068132
273.5137647647629,219.342102584755,191.72398874621732,396.42743398533116,188.09307802594074,399.27457897653676,380.02519975647766,343.52261569720173,268.5214249211938,253.6097764749771,251.6359278054553,322.942089852517,360.9385961986926,272.28416412158,268.3078145177261,195.04222865014094,181.31514470725057,249.15236652497086,293.9926225727193,271.73699467583555,445.7860023286717,394.5778257048649,344.5925988199907,380.9393428497131,277.0731314908277,194.4412233891719,301.2321228486894,286.95512657120173,274.6596514248425,266.11989619376334,353.28655855078796,238.98352723882178,205.84440512890689,318.82562939719446,267.9457161548636,297.2117280454842,442.26907311559427,263.20094063552153,275.3496429431927,274.58305368963073,290.59598348513464,305.12073903912477,291.6988967654329,336.8411660787641,251.30411850981923,309.7789851365887,286.1026746521884,182.93638697240146,209.7404593338784,316.57022137883945,353.83666872234403,285.9661331431965,365.1577372264465,292.5219730499739,300.974873228782,196.39493811566427,177.36860042410066,169.1246649468669,204.4279928674173,341.0250571264688,241.90596214501036,186.92058728932574,242.6686754683581,196.98727285703544,274.31296579915556,336.96890797880064,230.45088395426484,195.84497266182527,263.33616651650465,258.35969736131506,276.8311220951637,225.28338990855707,309.22037580979367,207.0512275381833,189.75917279647044,253.7146970888776,162.09873763779237,281.9697839815784,252.93922489789446,237.2095549279506,336.0201867014409,407.04111858961215,276.3428410477524,269.27577288822795,234.27737233092185,391.55922321495405,253.41153810452653,236.202509045216,297.6837497854717,230.45624615164326,228.71389424077185,407.7086255927124,310.47080969361417,271.2189141865342,214.1459608833153,252.40446444853666,323.30799887554434,300.4575761777012,328.58007077760027,244.15326080896406
348.8197914758183,321.7713514087023,231.90890150936426,362.33538025028327,101.17263136834245,339.80875552973885,230.92254636588154,452.92744706499104,179.9336653973031,325.35193785604986,176.9403790808098,363.6800817876824,263.3282702109744,352.07964738495576,191.24644623593574,241.55669429905163,161.37697932674413,257.007761331883,287.30670134057993,262.30806341715333,243.39884695194226,357.3238158479061,250.2759433427487,448.73879206070035,275.9722372193085,154.34448833610026,262.59670968221343,295.5040471361032,240.28110414797376,291.92230090995895,374.38325898662254,334.0173930466699,221.98443263666877,196.3713999088277,319.641111144287,220.09329274289826,360.3408263589141,341.30641384534573,235.03568790064958,263.58497232372576,211.52848166530254,220.9837558189354,264.4697884912948,549.2473970745136,246.7256295271653,267.4267531943909,279.855591752672,117.9220174307557,388.81067436799896,275.6660178003588,275.8312204075116,277.6808137720764,362.9116663206537,334.09642247708376,291.5574911198188,144.68761348977517,169.82209703912275,171.81743412873226,174.64632524181508,318.4938197052687,204.11866791114332,199.75539983344606,280.3815934850097,260.11461455367987,331.17411368281313,423.2358784658556,254.01637038694335,134.32124315979323,158.17102460454225,187.51868384261832,157.32009645480522,207.80430885891306,313.54158662493927,196.3146837053714,209.68203802681288,334.52799434601434,191.20494053445597,284.911359680713,163.27314106721172,296.45162268491805,334.21163390505126,297.0352341972224,338.8332731436079,298.9162689563603,217.73069130950404,340.16046160449787,258.4858211859657,163.66007359720325,202.20450868530926,211.6030699907776,249.26110487128824,367.7675208109058,325.8636291887201,178.83725692727424,222.4545836318432,184.8541977009333,172.2337041378898,307.14303251903345,324.19387576090173,249.38612292068743
259.68109692313294,366.83029400268305,159.1952015663749,220.1747969636836,166.59398426410007,502.5548255596632,397.50856609820573,554.1684960435922,187.20391852122708,345.01012273190156,213.95558242165143,526.4692994497135,464.33332569846385,196.02675186011493,344.5955872102669,124.3094728798309,242.8650046616281,348.8010840760866,423.38621732502423,333.5125923511214,435.6130105302107,482.7489701843907,189.43175745598526,270.0595404859447,218.4209151111373,14.318908740074418,562.5654540346604,418.4322290552271,182.74148107026727,-85.67736271246976,271.0237909082501,448.3169350593718,280.6983602762321,318.0351598296501,277.1447980126979,184.3392409097265,561.65150803998,177.7093596110033,3.8138080990051577,256.1897074237204,369.32442108507087,431.04829757575624,385.4200810317538,237.6717169418054,99.30446411405457,577.8483747737781,228.55930924775308,127.52163209405836,400.9980489671676,233.3453539551442,375.13929651756973,418.90729836834674,519.6983097789149,377.0553184584283,378.70486249783187,219.4816291946643,326.5776560741396,49.58186154049612,246.0564096940456,334.141319400584,279.1079462093339,186.21568354417803,313.4551093903575,455.9586011700295,241.07589049934978,384.9728765943563,197.23130912733072,356.9527811729007,250.77870198251816,420.14313841248395,41.17469415425548,72.0547022646119,412.29938941829823,435.39035943255914,428.3897012780993,545.6617568133012,149.21526193099479,150.79341568477656,384.48452794475406,511.01180083709676,316.5047497047182,98.21715751006394,586.9917440079779,592.711541226899,219.9771604767413,361.5812926353467,-154.25513903765054,144.35068073129437,361.2891535747018,267.6861133432751,255.87928548938112,751.7752181439006,205.94760403673288,211.69381876021026,15.04368763272738,234.47091613332654,208.73847323809687,297.9337390330458,293.6658456412862,442.5419538407067
85.26318907478624,156.39400468341685,55.08424068885443,158.3271292090443,41.567087715796625,203.51446248441735,140.83391550968602,149.5924833605275,58.641742134677415,55.7089395242122,29.083192250144553,199.34403326610578,54.323777275298994,163.60788047032372,54.41677959945695,44.52455399979333,122.46967906462672,149.96278135485517,72.33991830957599,121.78364848285194,149.86058798963415,89.56438939427773,188.3879130105325,155.0267165307928,39.78106362179089,3.7815898989550467,165.724960904537,72.06314995911534,140.57826778567957,69.0401499373184,216.03503669248602,170.18248659949134,126.70793017619133,43.72368932946299,118.94838674928023,-1.2914186780307992,186.87679390747198,18.530252482120645,114.96328855686455,52.94928901017418,110.41472085156158,106.80492176870978,242.4350687445819,144.24263163529008,86.06183520394225,203.19001240126894,30.216421526102796,39.86324618625804,157.88774520631438,121.98781808422886,37.65344671960619,206.82218114117876,107.86292077884659,234.26604347454438,117.24448516715078,93.89872080829299,128.37539711462185,-60.16307074379381,76.41570493855984,65.29441903490441,111.11120808352574,21.29088515300201,113.95024427104116,168.33325922487097,88.25687843780781,145.34883472929823,63.1220252990373,134.22613980248983,95.01576517237638,128.08241079539957,-1.4394613087892592,74.55291146039183,157.0127950997732,171.48789805815682,140.88665247319156,106.1224874390421,13.097737452064418,54.61933238624956,78.1402246465011,175.7120980686528,72.76865002027719,110.59931602453064,313.1923685092885,178.0634174516657,152.08510483148856,141.74606712230016,169.84132217205575,0.9637669946967304,108.792868935538,45.26798834641398,54.20169736880809,253.03691623931368,97.32207256935119,46.83821106629523,32.02608687625911,119.83590286574503,124.4718534869054,123.45293425691425,121.6786334609751,102.85835914450658
253.57577118451132,113.9119958269547,117.0083920337125,113.56728348661281,99.37393257235416,314.6590854533856,98.63777072004378,313.1068968616811,126.93097546702917,188.14184108898553,8.308083137704047,-1.9599446437926247,330.0429536914099,59.646793473275935,34.88981264419454,-37.4041969312794,-27.97888342487042,3.4612027662894382,185.02430905603475,-61.04177387426337,157.50971269879068,212.92920467583266,277.1970699041035,221.18224063100072,237.69101162440526,130.53621152502856,69.43295160649609,318.4705845912316,157.2276692007526,114.14161152420654,96.33953871325836,61.80778524184133,169.41345581379258,61.85014270462593,143.351076043058,283.61014604403425,266.1890737220736,-40.07729291559214,163.43163375292755,-12.862045234571259,127.83079306724409,61.08600705247372,-38.45413719014016,119.04606030256458,150.9478301989095,280.6810318933693,32.116345211976046,-35.388457922928914,230.58759141449784,59.69862455173424,106.35605685276117,22.802291180000246,268.67058058042926,258.61692078757346,33.20268181780503,-32.9521622947675,-44.44709967411034,-9.589321335709139,-14.383575908505502,94.11043892435447,-25.695380165398127,131.12458555142845,281.8397582322556,-102.75547338657302,255.5575499990912,256.8502971119055,240.50939407825888,-1.6731545022491536,-18.090007017131946,65.12921594274877,39.79249846555334,199.2621280335087,147.4021105771017,0.47069344821069253,10.293804539120451,111.01390874017923,-32.926704713930405,30.965366952102972,156.54872452858538,189.22740005368422,316.4036766293415,103.0558728686392,-13.546776192578243,352.546911541803,-10.396588864146068,213.6925557091741,382.4073205530144,-67.14841184341051,255.4120610595148,239.83529720559116,91.37344259184316,252.6189512486912,154.2736007264756,82.14976252964081,25.772387895641383,82.02718669505906,244.0411409266338,183.1638737632544,107.2171590548501,86.40690568266373
-93.8417233077337,117.64939601709294,43.945129533268855,84.47973459844992,-70.93016714730452,416.6876279815126,-22.521590580561067,-22.18515808809812,91.9048049589841,190.45270847374294,-26.05522044974848,137.81195669022358,-113.17471668064773,-272.4462383334658,135.07794003575628,90.95461625146736,37.5535597367723,192.22814476314358,199.99604366634242,145.61691999083823,212.723777075952,239.96627217642825,577.3391069074183,136.5877035647646,-79.0032161659415,-18.09632544669049,156.10777084311286,192.37215321942764,98.62340794978815,-11.846557894113742,17.5032589268701,241.96185178265435,42.076797050922416,1.041775035399332,159.7855718608491,-119.66393892961315,100.4471082092735,-121.62303735759757,-3.7838185174298373,-45.4929380121773,259.65900474886126,75.0561158421444,284.0849556052181,284.9408284586511,-25.05688247082978,188.9832989474416,269.8386304259073,59.829428485750086,88.81652763108312,105.14007779573502,54.40097681155899,217.70279414983926,250.09226875532028,205.88645731661404,139.1147156936491,86.90661455944236,130.76507905580004,-155.63565270011145,47.21708299792452,199.7653150434792,127.45184110223298,-44.30841605503979,360.41054700941464,149.06153576684486,-122.18404918274635,270.13224018900905,136.48488290579368,203.5506416625741,166.67416509377333,266.4340635426886,62.08172004485787,93.83567679790109,129.67935050584407,70.03595987089238,186.8737954234873,92.59079246092163,82.63634566126028,61.04174858248914,177.16421825398348,125.2368932605335,75.11654876250162,14.519339428362827,185.18410907466748,174.188139498127,333.78344207699024,57.94637208640913,14.49614671319446,-149.496291516934,83.0583367439674,205.68027694384148,19.00278072183685,291.6529001970873,105.61178329282984,118.41830865125327,-171.84791121553118,-69.49915967510813,151.76345870429134,-38.7485949812016,154.97078589230082,66.20971914060307
779.3592558924238,697.2629918703518,308.4827865896717,610.179660607585,499.24118304536955,664.6927494804481,266.2745057678852,797.7133292289759,504.49135603518386,458.25492864132923,258.57598647504136,589.6944180903513,579.5990427077896,569.1387627625103,288.91024738564334,161.82613641682104,277.12163930592425,345.5923605138933,571.5477204642934,294.5594966514477,485.43130705168574,514.9098659295814,646.0988316615942,573.1829361504847,757.7005653751391,389.8199824030264,450.98986806193255,616.637939428863,549.1446055396677,483.0409615892023,368.14053393463945,591.6319153544345,723.3138304807442,213.29230594238018,413.57898967097526,485.40069435134416,511.8747347529238,59.84824552383072,463.29165289082613,303.48297356928293,465.483023043636,260.5017880220037,476.5886560643822,610.8110376070856,407.1381808527998,717.4792454530618,381.19361805975694,163.12295235457213,470.9714089704234,461.81722422993784,216.39868069012707,349.531282445086,1057.3832189722334,640.2301008716602,448.33792885601963,119.52903733470357,364.3433278619263,130.12457455992458,379.55692904332653,470.82978567523253,373.6983720936011,547.3106560352855,715.3648193180699,378.2177211022306,693.8458772486883,873.5220397861394,385.072610010862,273.8617488236546,217.23141295952996,456.9438000362118,474.6094918513436,500.1849084982272,672.1108597801801,353.92134361753676,491.87228240493596,485.51588895626463,287.1957776810117,341.0471815989797,425.68504343999274,665.394643827839,456.7333717535503,760.0973232745341,413.5955287445662,669.8421824358894,481.6332266898153,576.7099254060888,764.4774307039127,-42.26890461862697,498.44503723582494,485.9636751107462,277.4074402298172,633.459882252717,465.102239708321,269.9570851399423,219.3688815897168,467.8651546224892,587.398484478288,444.81975478251525,357.94478962856346,275.5445182651845
550.9837576008434,396.7769248854443,588.9460991289152,662.9525290802678,334.3174385627851,586.1363026229889,609.1482163014566,412.27632421405656,496.88230801545785,462.0344154336274,454.72767321812285,394.7788954853146,661.8669648875247,472.9933895808919,226.37854858669337,585.0675092966911,523.2631642228338,519.2187170396193,428.9015764302706,597.3910566016708,716.9606709596202,844.7986756622195,953.8911003070302,897.0581853050464,889.9143496142572,636.2230255973159,459.642385459553,543.095968655957,602.6779977783556,638.8607317612028,786.3353588514053,517.6836923790461,482.013786583263,464.8789887338065,627.4524505914356,440.20800753672665,530.4348620476396,464.7468728961229,827.5782155201159,389.95079464465016,329.88869951472276,478.6057415780512,547.07458810899,694.3811847614694,783.8949913764166,417.2452206145507,606.7037967760049,447.1115954360589,661.1361588703887,284.852212557187,478.7059288378141,366.2510915678734,503.1500667491394,244.67388218954687,364.1508025422449,268.2389001236931,338.277198384265,325.1952060544607,326.04111821980746,483.98681122503615,504.9277304785262,310.3229719388063,824.8904262772961,643.3006519118244,293.5058284568971,622.2965239442831,516.9010198769516,771.4722643728843,595.6105164601619,665.2667621267002,551.9017881598734,636.343899697223,586.2203875395904,287.0890167926577,406.76870437259777,603.0469359850523,388.62037153759263,521.4595585581253,602.7162850521371,280.85084829839536,805.7961222010695,809.8863033680144,371.4929014806663,524.9030878662713,982.5018866716603,760.9005827436605,1116.7858993859898,360.79359654347616,569.0707812779576,517.4070197481964,673.4846978991845,680.9724222640978,687.7702693467551,384.7350403439596,382.03723750265175,389.798109066854,524.0530102509675,623.028717607173,682.1242567649779,380.116188585118
1040.8775914190837,269.7144370945148,399.80013087472537,695.6405527464277,923.7924188192823,382.37888206931626,-140.73702840313496,962.8284918890007,730.7288308889298,530.7517812868886,-51.56324210420797,216.08691203902978,569.896881602526,909.0567794508645,130.15575862349328,-251.5118605215646,-74.53639785489437,-157.79753964170862,508.7555682703119,-2.9239673091195777,-11.820229571050229,301.2042149616702,414.72306890803446,262.1757044967906,575.84156136633,241.2736077376539,110.69116338842998,612.5621288089122,192.95304613689493,457.6744994195074,90.64533250607992,202.75406702703808,955.7603773746913,309.6664591123458,330.539216458956,378.06301703175114,971.7625871481388,141.19953263267473,505.2550484559168,-29.12996226666694,233.58381651430685,43.361478240388905,47.12002578930821,652.9446720998944,228.5892889884509,579.0021900400161,428.8851202432518,-65.66708165033637,90.00728863839615,717.1161672442765,-77.97607928504037,-18.24767095420028,1000.9368637244638,1051.3464759249225,115.41253379261181,-291.35204350862745,227.54760195299335,49.45372557894508,46.381803826781294,364.82042580802437,136.814848453941,257.7698054168139,262.17692269956416,150.21053953029246,1148.0305009085212,655.3358069420781,402.11059634834186,-73.01238053040942,-133.23801436059003,210.2376375729784,527.8528047897261,270.0116072355292,521.5740366344068,162.37789740705747,85.61784461635135,525.499594325504,257.4084360353568,453.08407408677823,148.37277461887598,432.21129531639707,310.14245068508546,585.3228810650706,245.85399392456443,626.4072955946642,327.4178371467732,518.4433116602031,584.2401350760521,-332.9755277198651,219.7121322658379,190.67545222639055,243.49735109496532,777.3000100488089,468.14452946498824,226.82887276446684,-33.81872374571385,987.2008937139235,582.9203770291258,429.9828412994487,532.2216768063705,383.60909117908443
-46.358257957897514,10.40778040749355,-7.292678984727637,-18.61488229570677,-85.15733799611395,29.185652413549136,-84.68523013531981,39.678549315507844,-24.608786292855893,82.22571495963763,-19.480807818280923,23.158786652669622,-17.131070598652133,-121.14866789374759,52.54182290948366,-34.133072008011226,-68.04002189274286,-62.39483431761049,46.870392236078665,-14.269895769853727,-110.85406347833145,-4.161689331638192,32.592277878940806,-15.078703700916483,-77.4517915839443,9.983720953259581,-50.5247120596697,-6.257651574728416,-97.1543824709438,-67.76960844030467,-85.05636433447005,-19.232388712820516,-74.04251247583034,-59.84937265016795,26.703463972833113,19.29147221984104,-83.87127593697838,-24.028291114410624,-15.00371200918244,-122.1188249372161,-26.17824146339622,-26.2936157578361,-26.950773756886274,28.431737840682672,-77.60110632902892,-15.10796961456379,55.197178890425484,-40.327929580124184,-34.47590254231648,-14.149882995825303,22.261160889189192,-73.96066917032492,15.557134460626447,48.932732315043594,-64.68731152361022,-10.81042213758383,-86.43988839193473,-42.957869036347475,-45.444340706874584,27.37672450912221,-29.664372607468746,-8.408587047312462,-3.089881683229163,-36.72511339562898,-27.212716082111474,80.15325218718205,1.3054159155046565,-69.33915504572391,-83.07713443545762,-6.568871851056905,15.97796319664218,-19.059583922309436,22.678051724107494,-88.60352696185339,-28.262214906683724,90.6811803383075,-20.02306168120668,-52.816791877768324,-46.14340704336508,-8.546700096354305,-27.618019724946937,-57.96287052941573,-91.75122861589884,42.61247756062087,-33.79760999225241,-17.7782421227401,1.1924939512776407,-127.28674988038487,-22.312367493481492,24.071502610541064,-11.74782267451749,21.11048929571598,-17.329066997363118,-1.7531236617252972,-54.69404843015245,-38.85001680694397,18.079275732075015,-88.43121818247866,63.376642921941745,12.457830246588475
510.0960791861106,73.17255206706447,175.12399708215824,203.16373594879533,363.3896235499721,134.72165076068075,67.87202496487413,427.89928542391874,267.0489521014754,324.41461432781705,15.297071476971551,-62.46449979542274,405.8535525587534,202.4719946676708,80.5392877283365,-14.256726270968668,-71.38971962778407,-99.20793692803605,184.78614891378217,-12.490481999972761,-39.18942335007604,140.6040106111794,148.3007060363865,239.04552144066886,216.60844616175893,227.90937574240124,-149.41096930474797,258.73081570353037,70.60307909836438,212.78229066778977,72.42099830831373,4.6441857749971795,297.91836662723296,115.79916623095339,60.488914894931035,312.0371846444902,354.75509567560863,93.32159603694481,243.34227954427504,-63.89608017532088,88.8051623108732,-11.369473599868977,-85.64079373257921,114.55169154440993,142.06135644451402,46.599645966878434,43.522316898056445,33.37748983286381,139.2868880797616,179.67725957294792,63.12942172516353,-72.32015842879579,209.46910068003032,268.7970072005013,-24.282551158512707,30.230845367310238,-61.796011425810114,95.94358036770538,73.3954872333709,113.21534373730687,-44.663139504217234,95.78602867635814,118.69647272025124,72.1271266246803,347.21771731879375,214.33228324245928,175.4258174541163,10.57798890510342,-100.7423814535421,3.2042023506895805,297.50313666122673,232.7939479116762,155.55798948904754,-3.996941864026111,61.12005701238139,190.9703768982392,38.09357716240763,119.11900944644239,-20.49400202924696,87.93342657860207,299.7312937164523,191.86087765688188,-91.22978592496997,244.5187458515421,24.975461462037384,219.8996008346478,355.37372250841725,-64.68034358497354,173.91440832431428,278.5350117422063,125.33324663555909,280.28783897054177,213.90226417354728,83.18673812184336,132.07538884475824,236.37375827014412,263.42144771580286,263.0596502925546,291.29726887943906,271.8385430428089
107.06618309684939,177.18034100657215,85.28729069396677,175.23278620282653,52.87710987563832,110.17303147022692,89.09987324907802,193.65935732306178,163.6942610903381,226.2786230868725,106.2174298013246,147.39689619383535,14.362100692956314,49.84367654750386,68.66566511614147,75.16059761856904,83.68917196164334,61.88780231671371,108.14661702485452,29.2452687397022,125.05963955752416,111.30545933564228,97.25255870828593,18.651383027739445,109.78947151503955,2.8708551842956203,156.944035700463,122.45528323500024,76.69872602422829,-28.83469610611058,192.2539887633318,94.30051490508755,12.366369815737706,96.93858051316916,165.63844352584417,-1.7464407866804825,221.73469860091166,158.3046258696926,112.77823948922696,70.92690937664298,103.22169578401127,117.3568392824871,70.65951201571129,48.049278000995805,67.02110881873911,93.78158820698052,197.97270398588446,34.82212333366241,71.07148051949565,141.81981155502947,128.75459093562887,90.74501233182652,51.54486983663538,190.80726972068018,55.001475600237264,77.25974210841693,68.19104417471681,76.68360375446194,56.54711155599076,140.4072977785089,70.50942578454543,-23.260942246624513,76.90382103285296,147.40662883112077,126.99248261365126,162.7525712963113,10.9482436600925,78.27119896311272,16.581979166988923,156.8995313982283,37.075844714394755,-47.22773688658574,148.22155613896135,134.73162034457474,110.38526863224793,245.16152326834606,118.16135052745962,66.93084128738404,70.95696031869848,53.97013213201548,-72.36097227602757,18.886315689281986,174.739388510537,151.92025912107684,85.60915391925087,115.86527290648209,-70.0392155121546,84.86480914174912,87.89415915867512,-69.05960486633876,105.2734716955377,236.47337374845327,143.0291945513567,155.8318065234461,54.94882154980794,-77.64304346916967,4.308138768763302,123.472135201427,193.31620494638315,155.81925664821324
189.1467790884069,118.80315543639155,109.39543984196109,129.18592747416776,88.50764055068568,160.05267988111484,120.95443079252833,129.2835141217455,120.34186800556492,194.88122438353017,111.35427908722214,88.75409730763563,143.65922788450652,93.3802020320185,111.8942592399372,85.00217502036259,51.82198432650436,57.01235421939963,110.18753506505398,61.875729627524855,106.55288494767564,138.7346397280653,145.106267827831,141.9399207517652,105.67685200446431,129.190751919098,32.51780412242695,131.719614788825,32.779004485057314,98.44815817134847,170.61360767922898,39.90916523068444,111.40566966395735,139.63217184133597,117.46374832010395,97.1747077845222,140.89335925687612,155.7852893112633,124.01007204684058,95.93930532146814,109.8841426647463,93.37913713731992,89.42899306085286,115.56707750226587,73.41313207308622,93.60238206342049,128.75851902690198,77.52506718367154,89.6274412967252,137.3716660593952,126.37872939256825,63.61219115802875,54.07119226316069,150.0851389562272,28.50837209630237,98.51470499916105,69.38939568019015,94.1829237847082,124.32594915850825,102.03422060447282,67.39278671429149,76.62311792718786,101.86284510472152,104.92818608684972,142.50756124226461,121.74012120723812,81.29889089501553,37.0249814995655,90.492887993138,69.63889849337981,136.57693959677096,120.21053519994865,115.46956108807596,89.65690172817506,101.66546023608434,159.02057888781366,90.34647916244471,107.32815151459214,65.33340473527662,115.39283350068251,135.07647143430972,69.17492736856394,71.57038917980114,91.92329668453397,34.92255459662055,140.27389082580515,115.26470780116576,96.58508576669107,107.07960339770264,152.5354305925421,91.64257596730175,118.07466681094031,135.9493419961473,113.4786541506115,86.13917384331278,61.70982226717808,136.39327503768018,104.43280122159997,173.87545474466606,161.14489398795646
45.973258884018854,94.73761736692784,2.416063092090297,48.57655067956803,-0.008867940254229718,93.59172712574063,79.22877714018138,71.2212839555965,87.4764726649256,79.17184213202124,89.61405153469168,65.89998826736502,98.36969697499313,0.9983542629475929,113.3923915376695,42.55925186098991,25.33078495718153,32.94659489159536,77.61067539420058,58.6682113663824,136.04606833660924,59.16538125514811,40.50618126386983,41.54730674768699,56.04264853302347,61.88767968624528,55.1588823991379,87.8470727967416,29.900683641676537,35.64308754699954,70.42696960599221,87.96381016976434,1.9279407270791449,52.50390280409866,54.537157882452775,27.930269407128925,98.13957372945697,67.05604985162934,15.294277877425417,55.75405794259287,69.99655665145885,56.27286262856256,51.476795129711526,52.579624103060794,50.69345612324384,60.961771988426456,90.62958518061124,77.41154491538263,21.849300045002884,54.232840370780686,91.9974580028075,34.91082375017858,59.92343476950484,55.766313022781894,81.05723202238671,95.13173792061649,54.82627276088456,54.684514364265205,116.3938084434634,63.46844779579405,51.938353167163,39.58174039907167,73.8174076070381,67.74045184214023,-0.8947596085511047,76.14281397777333,1.6288066017377645,42.68923220596353,62.36911449691329,106.11629528150435,79.16553999086234,32.31960500451283,22.45788310688942,53.29890709909035,64.52578959568406,94.70562248305052,68.15838691933403,71.42909644912606,71.43799826235491,-27.71752975681077,24.44264006149523,39.913692396514506,56.45909942894241,52.86819797423372,61.73627521236995,61.109230581273856,14.587962165426914,52.7022335236764,74.05292657100712,52.14257074302178,37.1686599850051,81.7221488608158,57.369748893269474,79.59418959606187,57.20785468423097,-6.323217677136238,43.921401973103286,83.19108419611844,74.28360953632112,48.17667269256612
-0.8514221463822829,-151.27016852648768,-141.07765565374856,-52.81182596956289,-213.36303682097804,-185.7804471788563,-364.8493477421509,-36.75174917799524,-211.4163637794179,31.340484088355826,-133.11323109200075,-87.95522033749546,-569.2413816981887,-69.19547107435609,-393.4070535645814,-160.2016693692299,-325.56948757176235,-210.78683704594076,-348.47277064482296,-308.8266009275134,-185.30779323949386,-48.16298347638932,-65.98401344444734,-124.48564050952089,-49.368424539175656,-349.5476752237682,-262.10890277737116,-137.31038386345605,-309.07730679075485,-240.1002949590253,-54.29914546182429,-283.9321273837329,-215.40327319148287,-84.67094726025331,-259.4387322925365,-354.0397312420232,8.784263656417963,-243.49847926568108,52.76680806199575,-126.2545326809196,-179.39478934176552,-176.41463374921486,-286.14451663374,-116.73909209435261,-347.84338813303737,-120.46003091564053,-243.5109469625469,-233.4297120695475,-97.25522761106943,-245.88011046976828,-393.6491734943466,-362.5322820719257,-345.9057016243679,-110.40951103777134,-336.6345013248208,-146.08447663143636,-221.53597887324267,-305.77060337685424,-246.42948517599822,-195.291159295196,-192.22260720758513,-457.2083999652248,-249.90674210225498,-250.74698112541805,-19.08276031319389,-273.75390642208475,-387.8006315531449,-418.37639731462906,-44.014554023249424,-307.27720953591484,-243.0282456756142,-9.023346551596438,-139.18599944981258,-256.73689113167313,-358.66258793945156,-432.6912780892569,-199.37395659991702,-153.08429632496558,-330.59798310773203,-361.34627802041956,-159.41825344976175,-184.1422307705764,-127.48517106431107,-239.31792781089018,-303.0320622075335,-211.12861300105928,-351.26013561802046,-196.8277910640331,-368.7768368106624,-422.3837965300357,-206.02034105190296,-323.0639389320156,-153.32069825668611,-158.2777505788159,-175.45496222331855,-99.74706464014643,-298.66349306946023,-143.980585679429,-175.857584209412,-392.94227279899064
-155.14648807426107,-79.86194288488656,-206.90564075535426,-192.17738094552436,-136.70620619288562,-308.31941677768606,-183.60573371985714,-219.80931494003724,-220.1072719814592,-189.01177459613368,-151.39441159898348,-118.52048370294943,-149.32750474587976,-172.40345356561704,-216.57481227179713,-140.48704683349374,-153.91310635591242,-180.674441181384,-267.7443394410297,-100.57983370839182,-174.536645144336,-229.10692372526933,-284.92385628206296,-239.4158767625278,-145.1765384888792,-174.5231200522816,-167.68196759802925,-125.0928535797824,-218.9750830198403,-146.39138946636763,-210.52775526742334,-120.3159972878048,-190.43389357943258,-117.03382412892655,-271.86375848639096,-202.3892516436005,-122.60452061234426,-220.21738050232898,-236.89886697906664,-156.8218191712387,-179.249180125021,-129.3936760948703,-89.07276624182124,-258.7810993008494,-180.16042449809794,-193.4140288150375,-232.60122170059594,-95.60333232902839,-155.70865758377505,-219.87921120019394,-211.47521642035912,-146.76571467079245,-216.89454315468268,-220.38926802041098,-163.18108745205924,-85.07261550356388,-78.86290458554097,-164.11732194740034,-56.034447765201065,-157.82765612611198,-158.38072182123915,-192.95896582761748,-220.8618550410703,-132.3302786641621,-152.83501218675275,-235.3922752212607,-235.97404790892168,-132.7370645974222,-104.43845838267376,-114.58738273229869,-124.81989775404583,-179.46104035573782,-177.46880196937022,-120.92388981159932,-148.88344718369456,-270.79796964014116,-187.69921508343307,-149.56028749633194,-233.96589291214735,-270.2667083924254,-200.44988009353455,-137.04211006206717,-64.31622722412273,-125.91164250164037,-156.95925689549168,-208.69025806304623,-280.3533327932635,-118.7247880836738,-184.72708300067913,-240.10751305738475,-88.3676014819649,-240.0055792486247,-207.10506491595368,-201.39549857480327,-133.30731222439917,-167.14970045409294,-298.93041444913905,-135.32978307484402,-248.1822786678679,-191.25658242367913
-213.052462842264,-159.40954600037597,-190.5479014244805,-185.7622281626724,-191.0221898769419,-178.16147551395034,-31.431175651223125,-256.1371592502485,-217.60536374945787,-218.98120452558732,-85.28129723448028,-189.96496788748092,-164.75822897829096,-161.03755081174353,-135.38291512096168,-124.88449160013627,-141.1899127026335,-134.77845589958451,-271.79428228321575,-92.58336001583923,-73.61303633566249,-194.5438870691696,-288.50708056900936,-133.45156561751958,-156.54233331193342,-172.7375323785783,-156.72220243840388,-187.68889445890642,-186.17910341623363,-131.5975378680539,-159.15735172395605,-184.77521579911377,-251.34062480488436,-117.12702458596104,-160.5799281308526,-184.68382582946708,-185.31693763687218,-137.37614798534048,-180.92418673623217,-38.56207774742275,-166.58432291590515,-113.22341701075526,-185.25453094129963,-208.6988320479173,-113.70908311741807,-157.1676410693598,-197.1781248674899,-71.76685357710645,-146.40996603889195,-217.9218548110295,-93.40498154109807,-153.32749466468752,-236.58241167804957,-290.57345502680795,-190.3598832796395,-72.99367817586307,-154.18290847791633,-124.3894051074027,-137.1983326206877,-143.89763252508163,-129.38231124483832,-171.2481022064788,-220.91928829452948,-183.77000395163984,-225.8102330419923,-260.69147623983406,-168.6930794998863,-153.83169722590472,-43.3607436635215,-169.43717709581043,-160.8303642800969,-70.16474594455995,-243.66667325848516,-166.98273403823248,-243.6985591505739,-212.9438235615174,-119.0403207791833,-149.42293932718098,-110.23612795872695,-302.83579389245676,-143.54811920244714,-164.52639104484786,-219.23913981712963,-218.03023737132892,-168.14000685739975,-212.60933358995044,-214.70104538558283,-11.988096557023466,-117.75831580381617,-255.0251378892057,-191.35484881498795,-275.98332803379185,-154.6667274397401,-154.16679691602585,-92.78989758406885,-129.2808348282617,-187.47118266584215,-173.3736342489594,-214.06386908082106,-226.41960229882073
36.13783211135083,-80.08505475555306,54.006367769781086,0.617869627563608,130.48840539807475,-56.303901061267226,-40.28427167136782,41.878442407204275,15.00901875624209,52.112328061981145,-118.20491162960957,-24.520820434627748,-72.05942008017618,97.81645979821566,-106.88150207055932,-67.88158610687695,-29.82399659704879,-60.81331082230582,-14.607864533415617,-76.35963559566946,-64.04638801322072,-37.787564771315665,-23.073146189630048,-123.89287786196604,33.739386301614516,-51.36448653220552,-12.045126181525692,-13.615670635741726,53.753344631809924,3.9880553150231597,-94.86655417247343,-18.00006455479028,45.61126847719354,-19.80066410596112,-79.04706893075567,14.770933801262371,184.49521853769218,-99.68485096611272,32.19761520886525,-10.325041632126654,-28.55839300345655,-138.59896570968496,-12.623709633486172,-53.68677692166179,13.508812164224695,74.76143466401054,-90.2292748591225,-75.44663151240019,52.87034403205192,39.14404369594368,-95.51502333755538,-27.067490298705437,-9.888806909881946,45.76128262188202,-17.774995567409828,-101.70907596649751,4.571023981654461,-63.16326549381583,-137.73322103198913,-40.420894827848734,-31.293508527761624,39.898468138603604,-17.388134575636148,-26.638848483241837,86.6736149211444,2.3156610179591532,-19.196789275270632,0.7467028385595945,-54.90560410935341,-51.88597019478951,-97.84088253991584,14.71922990270879,5.611177347168233,-28.372246045733295,-17.75139672666373,-51.98372659494257,-15.64323285563452,-22.27710321003063,4.246874453612862,35.7150105463438,-29.812851196971557,-39.056383048692076,24.35678733422977,62.87843932939761,-41.65976638239178,-19.357179241423278,-26.162053576501307,-39.52761051325024,7.738981919631155,-80.77311259009385,-30.314473783659565,103.39810359228584,-26.03251235961893,-14.121675645252441,-46.754006602036085,115.62324179315662,0.07441418030353826,0.7192243218475637,-20.462098953650635,16.071944486093738
-244.30653285210317,-165.54964150062483,-191.0307024664448,-207.8583086998275,-183.28562159381556,-219.03421962404065,-86.80639741984524,-254.79667854412656,-227.0870646359225,-254.66666966255832,-131.8552719002706,-212.7536655146495,-131.54500888038388,-229.24245247821145,-164.0075757396259,-133.0678166430499,-133.9954313493562,-175.98359887535344,-220.7217971515952,-118.27887563379207,-160.00184694142428,-254.3905488827943,-278.33960958336496,-194.77108309389325,-203.09211613786826,-149.51367704467853,-169.79977670577006,-195.56573321826656,-154.42072406325315,-148.09599210277375,-236.13934753358683,-184.2862277806386,-260.6854375592636,-160.3430611032054,-194.53134301384446,-141.40480017182747,-335.6440747655939,-157.65928669898844,-242.65563298532388,-86.92062077854105,-184.04097804745638,-111.58875267967339,-177.01716854999572,-215.68554813428298,-85.89767159237265,-191.23310217591987,-219.0758250867982,-91.86966407580502,-185.68629772823144,-192.46004643908609,-115.52613395216392,-96.46329960812126,-221.4614418698,-316.0896103928858,-193.4462125795962,-89.70369695246896,-158.94863104515244,-101.02649059986933,-178.04074796678768,-136.60456521694957,-153.47339140889963,-124.21329910997984,-209.33056900656524,-206.88940623661597,-256.55985971667747,-253.95202547589275,-148.40235268062804,-162.8901917545721,-114.8416776122743,-191.90402190505128,-164.18649945514977,-96.98743130673844,-238.82889655671573,-184.27111541167437,-194.38693579949978,-215.89914930304477,-123.13445297342393,-165.52591808387723,-101.87868442919452,-251.70974060929856,-225.31312502506935,-170.2886916908822,-235.7115948612794,-187.62738977143658,-188.405637351932,-267.6917416555072,-209.08923269414467,-36.429015918496226,-117.81804425475053,-230.13906027693508,-160.33944686240764,-189.94508624783907,-199.06287260965786,-150.90677886500174,-124.78862488089676,-182.99885028094732,-228.6373104634722,-223.24795502719581,-182.3469697066132,-201.9493665738138
-50.66969961050795,-93.85931958924668,-4.090492905374225,-80.07166266472512,-43.24977075818139,-68.98030351372408,35.51832692187081,-111.11417877845182,-53.96767652925078,-155.3756711467255,-16.517836808170003,-5.232610594810908,0.2775572771067602,8.373536956164406,16.361103591979887,-17.708010005506083,-22.88852143651638,-5.7881780784640915,-58.214647556077765,11.859175808053282,-3.035002570546441,-92.13649135028993,-129.69122436983037,23.92839102095661,-62.03199438734493,-4.3829547830729805,-37.91625393961006,-147.50854812310845,-47.920444721992595,-15.30339839802995,-68.7142495475734,-45.14350396869363,-40.86736187467102,-60.89372331202146,-1.7753483488137998,-56.06339262968809,-86.7547457760136,15.867552470336829,-91.00458186085332,11.624600616906335,-77.19871297315471,-110.76236892214095,-31.93130901028305,-39.03344950909488,28.028163218072322,-37.23690286148564,-22.058598303471005,10.294941253655344,-50.67983644591538,-62.61808612621932,31.35502010476258,-25.553874107343773,-30.928951197525254,-99.45208102143313,-29.844756947065033,-9.276224837409856,-14.124980171735146,22.722367436582886,-46.00577505929787,-46.12836400632155,-33.900353059416474,68.78525392583632,-106.03348206539152,4.173911801606688,-58.944709489696756,-41.995534952179035,-3.0703448536970526,8.464948066268763,2.685613147438844,-42.34931982403611,-66.73814135489712,-68.92685662349977,-56.74932603576519,-34.33069311820677,-47.37994593366822,30.09244934696537,-6.764136053789438,-64.98462354394897,-15.013633269864206,-51.56364223557842,39.9983501250718,-94.51512940954935,-35.955863613734635,-25.678324615541097,-55.6114637384504,-66.23501977192623,-52.3171198970236,11.20874344082296,-16.688379762078956,4.969277474725779,-87.92529858845378,-163.21326779790797,-69.34821093485931,-99.68133715568568,-20.01836555254812,-49.39187494940009,-12.436291446265946,-82.38557595286981,-71.4496241890305,25.144566302906213
-95.36157697641734,-192.4862813911169,-110.7810504113589,-55.353665625368286,-70.45384502916149,-180.78627008999356,-93.84882731014929,-46.553572466042475,-149.56425702764852,-258.8319653376914,-109.06444402328664,-212.40523979834276,-202.97381436109998,-65.62760646888586,-104.70475293647841,-164.20014736933285,-90.9879916332045,-166.43042766125504,-157.17204348801405,-137.27792421526934,-73.2546423581106,-136.61492387392425,-101.88026574464459,-165.99595432606344,-196.44782341527528,-171.73757086205018,-206.73407135857389,-289.8331759639735,-25.36951816265363,-34.557241865816415,-135.19189232275437,-228.61197677799797,-160.32119887181466,-182.8580508201369,-97.29585759207966,-202.42564863140356,-254.9179514739556,-88.40779032557512,-178.28857459458482,-91.402817481945,-103.61176991512221,-284.09210977605375,-213.53621095046026,-171.55906131671208,-163.00508684396934,-67.01382109721959,-93.60019312269239,-175.67127979897634,-85.76638430426732,-38.627828734987055,-122.93431871286131,-209.08182446883228,-130.95284881949328,-152.70177372564405,-132.27478170673422,-215.88392289168817,-285.0743011372527,-92.46667531065222,-383.3423668519014,-123.66302238731755,-162.85390233184967,-78.94401633728465,-155.7873475219923,-250.53896468934389,-107.6998764441444,-91.51830205577734,-46.946515841423086,-153.03788570169814,-137.30883722548072,-256.3926544572198,-198.0517257612232,-125.91416391746844,-105.1388293957219,-210.04690996220216,-237.3928858804668,-52.935080972187365,-104.03539097847137,-201.194398637668,-122.5651641327333,-67.91915532112372,-180.41966172094595,-64.72228192068694,-239.0044059004632,-86.94998167450655,-202.2913911091376,-174.07189550381224,-173.72043777728194,-77.4705451523414,-92.63579582668251,-167.4647396791912,-154.21498241233564,-24.98934382052363,-83.42517406444406,-136.60784248071226,-48.31367851011708,-22.50210335655569,-208.5216242501893,-175.70466347452918,-106.91920281679394,-104.64310908043959
-363.1408203256732,-248.30896332365083,-288.0463809453036,-356.04014356343544,-408.9343618530123,-379.04106109746556,-548.1727069896043,-327.5953964524872,-317.4050088028257,-428.7630001991399,-227.57799848740203,-387.930789665106,-530.6772717260095,-511.7714133049429,-242.0343146510695,-215.4600954049526,-319.61399573152363,-288.2341839898835,-374.4031532329062,-445.4893070235841,-548.047195721742,-327.7440355891416,-416.94275610934795,-425.66973071448643,-348.5976666507454,-409.0086833371208,-379.8559104915564,-360.58116735928746,-342.57135940906744,-401.2922653700585,-415.7113229179468,-347.28011644576014,-520.8005146815068,-296.228110213156,-320.438143876536,-610.5760169095765,-347.51070993982046,-283.6258872631854,-383.86778261860036,-264.02930597161213,-295.0769127273129,-321.34703570127726,-408.9332081313637,-352.12585826825483,-574.9089886140405,-413.1628210299367,-227.43506484515254,-332.4909172697306,-536.2269461106176,-452.823590268568,-376.6266782595527,-453.52651133059913,-508.00634509433814,-505.9977727341203,-413.70774251600545,-250.97318442483615,-340.93693406908346,-272.3945988225941,-384.8118384171118,-436.55456719861775,-280.4417646290188,-462.80437320858863,-396.33592351141215,-351.79926828295464,-569.9983179399342,-562.5544435164487,-527.2699021347032,-224.45436322914728,-418.9494573246226,-359.1477370057955,-322.8566517852983,-512.7926036006704,-346.9840601259952,-284.09666087807204,-331.64367241780815,-398.90384536143887,-272.61601990652025,-451.37087108160216,-364.99487942029845,-423.38053994784786,-481.7963643519975,-429.19385002054486,-546.5459777455542,-403.0068297367516,-360.9300462750483,-419.1527220511497,-806.4578715216966,-330.4288975969433,-665.5630504249534,-555.1692178090758,-453.10689491408914,-686.0962463559101,-198.51585651027312,-481.8636079908784,-327.9562736006603,-475.7472799101239,-671.5342738105695,-445.8658514613097,-377.6897753997432,-408.2186350065513
-101.73897079487567,-354.59847601654434,-51.38405258796317,-205.17977701735987,-221.0044799726904,-275.42883141086384,-216.83615519408403,-174.96802829545342,-200.18516668423243,-221.5809185436068,38.845362834124096,-206.7309948267638,-195.04261457579625,-293.1943065757204,-46.111536242227665,-245.39833959994021,-215.78923731157175,-247.2200801716107,-256.59285004663667,-172.4811101982517,-66.58010939209939,-119.2169978888514,-288.90565298321667,-82.04286972607858,-257.8722329055207,-59.47479883347746,-327.93630649744006,-209.90609562517585,-192.91302743721164,-128.75514177945186,-177.68702329547514,-253.19787022611067,-224.75555576651533,-268.50285011068894,-51.44840399808628,-60.33303951936999,-310.3120843408965,29.87974779254716,-264.4528137332005,-190.70406698720873,-196.5282146499249,-205.58732179477587,-338.9480970912218,-143.12232824029692,-72.90405890081006,-277.971386815754,111.45466757420989,-54.841994301688196,-325.13990798404825,-236.9357593754305,-21.553908010440658,-228.33380309925312,-300.26575808996415,-136.326903473542,-325.8561310010204,-96.88277407278977,-299.6918474130842,2.178627587951655,-246.30987174488735,-114.11695633674468,-243.49930917306855,29.922297611983442,-249.45941661165068,-323.99295898312283,-173.22712468771525,-185.04241127842852,0.806796032314353,-278.5799868032199,-117.6025296782311,-283.71886524393517,-54.923124140695855,-201.64375548762158,-164.7836454344336,-215.0299701705473,-284.45669879427527,86.52864066906038,-112.62919211870879,-221.65659056603468,-104.11656669488544,-177.62700915857366,-128.6979886016187,-240.76573614338125,-355.9428066183944,-178.18744952223966,-295.89440126399614,-192.46789822075837,-156.11295656063655,-128.9299386792871,-83.27641337843573,-86.70293275313095,-200.32408313016725,-483.85330568401906,-315.8525721444383,-126.89137290852497,-69.16671667572402,-350.30652064385583,-147.0458840328263,-268.76254279274934,-104.68776444076326,-115.43103194240216
-219.58222586887655,-257.5576468104221,-308.3420982820256,-425.9914495352832,-504.86688195135997,-448.32670230304836,-402.1083474678338,-245.65761683323285,-305.4658956226099,-611.983665264829,-61.69188086140024,-429.6722346841039,-478.12721617040637,-465.2489969408418,-224.90280888007814,-296.40383949788645,-389.8914874577317,-302.74976062962446,-370.73279560408474,-401.72924308703426,-425.6190153684539,-338.1891454101963,-554.1521301573883,-504.743281011942,-504.8126075837973,-475.22922861611994,-524.6970813549419,-403.7148452924293,-436.3795020196837,-360.5338356537751,-501.99696576184033,-312.95567480317845,-544.7546206474296,-373.84383793058186,-298.05237944825626,-605.768589472334,-395.80195444288535,-221.16149907084397,-652.7273184609578,-299.8412420676646,-403.89102398328873,-281.0047063203196,-495.54919171980384,-392.7061760621728,-456.23071688800906,-375.07960699989576,-203.173387563444,-208.2894988299928,-641.9089340231462,-581.9286703692641,-387.29601790092283,-412.46075693536966,-542.0573774043161,-544.3132074570009,-406.02688450461534,-194.06004959341226,-351.75134107910606,-198.3017095929296,-380.36404554898274,-403.7469247489548,-307.0753759293951,-493.03962010410976,-570.0000033556989,-452.0736755573909,-635.3669197877082,-533.4863953723859,-566.3806766065625,-333.9308973165688,-250.80739808943528,-316.53592401800364,-344.8709313678831,-505.6226549459594,-485.1787647722344,-362.9343776587924,-440.0859133266545,-449.46768304487216,-244.91512298213846,-559.7815940781306,-218.66294819047437,-572.8706929696212,-557.9974890463691,-405.3082804281525,-518.9895271065499,-424.99475356853355,-433.00056676729616,-501.1966769893926,-1033.4084573393516,-245.29031545943138,-492.6534965733543,-636.2915115323098,-401.120762401207,-809.4932078810402,-398.9448514568881,-477.8476424597168,-356.448363653487,-355.2325328279582,-728.753685650728,-467.6535232512808,-323.37456716707936,-437.80656560964957
-502.8249900809773,-375.24216904493625,-391.8288298137511,-456.40094189994755,-401.1885439970399,-602.8366520549182,-554.1401205457395,-540.1345840821552,-478.7682344894712,-491.329319755218,-337.49921877210943,-529.6826261071113,-593.9650285186951,-500.83299962477173,-452.3749150558981,-351.11799206624863,-417.4927151981807,-536.2953868921736,-530.6732644939925,-453.99180577733074,-466.7870722179388,-485.03349227009187,-696.2424907592798,-721.4892753231918,-447.8004112253061,-460.8034230453713,-484.2430285012746,-451.7032187517235,-413.39306956554236,-421.2161215866232,-638.6939786109521,-433.01249652394165,-637.2021755043352,-413.76102953521837,-490.237314105039,-434.29829459606333,-574.6596073865009,-519.7799894478957,-501.9963048803903,-322.97140092589035,-452.7667918340834,-317.1105223249662,-568.6792904407836,-518.8137574299028,-459.7861689351718,-553.3076973770866,-496.5577383910869,-359.9619505453472,-550.2773953145658,-546.2155190794532,-447.082933350457,-538.0694148000507,-646.1269966183426,-513.6448495019208,-445.55786054342957,-313.0361753161586,-410.12561608629034,-340.3958865794378,-461.6787588352617,-432.52045921030077,-430.86628720603227,-463.042372625405,-535.2545627207223,-597.7698304934476,-572.9833852270621,-685.2230211458399,-565.1354802333154,-440.26728493383274,-423.21384526759135,-536.3665634826526,-386.6251531849239,-422.28033697106395,-524.0961287164265,-364.48505868310724,-488.7939145053162,-688.9569462832152,-390.38826450852935,-444.8034760940677,-385.5632567090129,-631.3675769476766,-599.2356625326448,-434.8090172016279,-553.8026211010344,-521.1879125711938,-523.9908221815593,-582.607992687805,-720.6040301435254,-243.44628001980195,-557.7253503377824,-627.9516521025555,-392.1294364047836,-623.5158816513125,-463.51528435645514,-392.9528298138616,-293.34079130915296,-420.9555958528112,-664.8147593792211,-430.96256930300643,-435.5996809217028,-560.0324082450684
-412.57329326512695,-323.11300841343797,-359.5670726483965,-501.8214454694361,-425.49739396295735,-436.966994589798,-400.0966609213697,-436.48687181874345,-358.55635692704874,-387.8699131195196,-267.41938943001344,-492.527449889354,-529.489151591137,-490.80546746686883,-429.6928521139879,-259.0890191410031,-364.0937995028231,-439.0479454916329,-431.02017925328914,-450.70988309414656,-466.88911152919104,-456.856695446647,-608.980769049327,-620.9892465491193,-358.7632641365357,-385.4288027133641,-382.87657574754223,-349.9723283776319,-437.1215987781253,-317.50064951897497,-639.0146750953797,-363.72396413034954,-476.731572522213,-425.01407222294466,-459.6861938146488,-455.116410187674,-326.0265676078264,-392.5644598122768,-438.2705647119875,-270.0857321762572,-335.38430184626804,-320.03868940391595,-451.34393549954297,-597.4231819947611,-340.5902671815603,-411.07817667949126,-440.1525991653401,-236.6479650229186,-487.21767196974633,-480.5750217582622,-382.64040549778036,-473.42894034038255,-610.3972474975963,-518.1943377971411,-402.2064267708451,-238.7535269252709,-393.0619638249709,-290.0857380334348,-382.8575886589738,-380.24909972497676,-294.9959113322493,-374.3133843403325,-435.31246607847316,-485.77225570487445,-500.1855335975221,-579.9302261759867,-374.70598622437507,-336.3587028483856,-370.1474565573127,-469.2123965781713,-314.3029550691201,-383.95686861226824,-434.60585212953333,-364.1563803575037,-398.5569649459255,-502.0470610305879,-330.34668183978096,-399.6160022962787,-300.09097862144705,-514.7865376296559,-481.88899175733104,-431.2766386568347,-566.637986184578,-433.7655617734326,-439.7547351520689,-475.241777478672,-765.9861398637587,-243.33970970300265,-364.63947526108194,-643.4681959622245,-362.6855297247759,-792.8272524698484,-375.6581695268124,-344.03415680441293,-288.6212659984008,-312.8109615975713,-601.2245431703126,-430.3859929661089,-373.4412060734753,-428.28362935119367
65.29629222931737,93.50781398624095,102.67433101949024,39.532590352113615,29.252798431710612,87.01603265985823,147.97156872177231,79.809451802486,123.9785975761365,95.28269869957361,160.29256696495077,107.97193057788736,63.51878702724296,94.52184473196796,109.43454475923419,97.757914469713,144.21912318197096,107.94740013296209,79.20412590177617,112.17230073153323,150.9388417703988,89.72136561150913,94.32014359495822,97.55789532230811,100.55346288538112,92.12501761119648,97.58500813273788,70.84750794251808,110.05340190019356,16.906206621206735,164.6112512380363,85.6842803323027,104.7092513300442,124.58860320820712,163.22049761210678,60.29878830211409,69.62629148950192,179.17987044050645,48.037326376234866,157.72490267009508,90.77071639143158,144.84229865259135,87.91179394992538,93.61471626712975,149.73261366875064,81.47697675388763,176.01887750917422,128.00116497894555,37.66460877051108,108.79031317832353,152.84197013836612,143.02707997666099,48.078400679587936,97.9313501757827,88.30651598843957,98.16176535251799,126.6548056215421,115.07440581326091,141.25548216691004,89.66610153703085,118.26363352745845,127.8297585622576,98.91218000497119,118.44145929836085,11.506648825769936,74.11420363802324,54.29095389501488,88.08587293680151,117.31838758045548,145.39530672853775,88.30228203367584,68.24017321913597,78.00026322414085,120.14321575250058,96.00923793930633,197.07669326097093,159.93047545831408,68.99319319936863,199.92538774619402,71.31436014117455,31.750023986255073,64.86824544794335,128.539720005872,71.75436182805224,98.44701163751702,90.8626906245176,28.474558027050715,150.34787668264238,122.00619119121932,46.98520666871537,86.41361969350858,100.5551599085949,83.606522198957,135.52206848731208,72.49211030646579,14.804900160856963,91.00484120185064,81.43072470186195,120.19283141828161,117.80437274062241
93.55204302671243,68.41796109272835,85.43578240706917,99.9676839411992,79.8395172831851,99.24491970992503,105.33670192490027,86.24808082019885,102.85059197119077,89.33211415135244,84.49207979144049,111.53540005553667,106.84685091056613,97.7536290854318,88.79937934539859,77.9823502023673,78.26380861907779,88.27070075165628,111.93752676137431,96.0980483365278,117.47003510353544,104.94837058004596,106.6214658066671,109.42572292721358,86.34284435438025,85.14308090861437,94.06667660983636,81.57318377721715,90.65277595245469,75.2862891270305,123.59752731108217,86.91046632161715,104.28126129454401,84.93694639805526,95.99088005172209,102.81304591593933,80.90724595753078,106.39956520479842,71.80860818097064,89.46392587569554,79.32677171358957,84.58733097772601,110.05977428234141,106.21374066059651,109.86821016283133,112.94193922968552,108.60545010704317,85.71642109198442,84.86569882833854,113.79114943691202,105.99651346168886,103.31757634733269,117.93666568439204,98.02651321442626,95.53111588580595,75.33625082607504,87.64019453282211,75.9081134222073,93.63412754081915,96.30265422034527,85.32225107882503,95.16435977884672,91.69974753221172,100.56171695269497,57.98823801831903,102.98847616935993,72.0416408487185,73.93572205794194,103.35770167028988,93.18550043644183,78.16420993359972,87.69760784240144,81.7307730469768,74.63502534394733,86.06393415522759,99.84011252523884,101.66837209643973,89.73929901276246,100.38181032460413,101.2689646315731,99.82710341470003,70.41725215115558,89.47224094154977,83.76288847513011,98.0747494841425,109.31118594270801,109.0766449673635,86.10109045256874,96.15099149742727,124.57413669332772,88.1576135735274,128.4165145595645,77.92362795689274,99.76295350193065,76.10636685637625,74.76605289347565,115.54493911352209,105.09667002451405,92.60644877414823,93.953503266065
204.16976490110036,147.84996220214467,235.6149147378513,244.50703614462,198.10608693178557,217.79746795320784,270.75469031758695,193.18762199737787,309.0049537264616,265.705271446724,164.06387161219723,214.65397937568858,165.57922333477947,238.98939365593955,180.2725838175053,232.48833918671653,300.39755668727656,195.50281757296264,186.3799868528793,230.15084757299027,206.65238607897595,245.24795689119983,373.84063660827894,357.39554612480464,326.31429415379165,251.88969580407533,237.69732717832426,147.47795171521292,261.1104528368316,252.9803770028474,312.3736619757466,82.72389527816361,344.4430940384712,220.21813256706974,233.4927788068456,110.13891878001239,185.56141464593966,363.76117510255017,272.2134825605891,262.53842371966044,221.53701711089062,157.48599411380846,206.15215199418358,242.11569106327786,241.7887075939646,221.57057021701937,259.1556073334204,149.86576029903367,244.44755416839251,382.930154169208,266.4626152040829,219.42566204835603,182.07900883536666,215.71263513181273,157.04906255174896,141.5454639989424,207.9592656195502,206.8618698890819,246.01900057023929,204.60036514577024,169.61480660558226,293.2498045312523,279.9130712422376,294.1434162280105,170.90460292425405,248.66763001780805,216.02888887419812,192.05641845014884,141.60264186069915,184.2748860499571,182.79664589332708,200.81641792636754,293.0157608666823,196.84306355759986,253.85221712753892,306.46092951563116,283.1533437591434,262.1907613028197,206.60895552267408,188.0904428955295,257.57678888068097,252.15679451521285,169.56059929745655,217.64787093906295,246.32900709184253,324.81717529507216,248.59570350238695,208.2664581157479,197.1542877995919,281.407092677567,211.4980247584737,306.7746582356953,366.3963203958064,274.88904362008634,193.48042141836984,131.6468623655983,348.43157325709154,125.80241552278716,242.75970454077373,303.9038005520859
-429.1202573493108,-334.14652536581644,-201.36944968767912,-263.21791282049907,-361.6918167910511,-353.77405790113886,-359.49194189963515,-409.01627239493314,-325.78849936772315,-316.38683731506757,-180.13087811136378,-297.7814630625852,-401.1209268143325,-385.92892248292736,-224.76177603670718,-196.80001913465654,-177.21004536946728,-235.28400539375306,-350.74183131512467,-228.26899568045718,-322.18583934033813,-364.4315497485734,-390.4568751458614,-488.6633398312825,-381.9956816021628,-300.53019674923615,-201.69359947276448,-353.5833007357612,-354.2869780597176,-363.58867380263274,-330.882183974756,-200.6199181288799,-389.367117087743,-282.89673171821613,-251.14365552312344,-209.77143573941592,-524.6036314264034,-346.220766572337,-284.28059808989235,-383.51000716524044,-227.87816636241934,-171.13179216651426,-311.45116895279716,-296.4001930507498,-321.6439599268213,-407.7136320475752,-332.1182517863444,-201.9068899351449,-325.3907074139662,-374.5634549752015,-232.9556859282074,-289.4064483589395,-314.34562700357577,-357.80745659507534,-205.21510879975,-261.2531900718561,-212.658808612491,-191.2149771067434,-235.09298161780484,-292.85199307430395,-245.49228373518778,-250.4230683891491,-320.3957608289325,-277.0334101403854,-355.9202375897555,-374.2445067171836,-275.9753166335083,-256.510858671488,-304.90574246279306,-225.02031305699265,-329.9015410046331,-254.65837612843555,-373.31514811518446,-156.0954044645021,-291.01274559124084,-322.98227253386636,-308.11984413759,-333.0890062232099,-460.8468754026456,-429.4664488118697,-348.45272883024086,-424.0070011816109,-310.17768324732504,-354.94295158046657,-298.23996542123524,-390.31313847265767,-534.5947211527644,-193.96575780418098,-326.21147633554875,-298.71783556149796,-242.87580586267333,-446.3182325494661,-322.05052606306606,-299.02840274731994,-244.11278229712775,-280.6199833214302,-502.6116366231613,-399.3549127577756,-367.53737398682256,-327.7346661666836
289.69088312900857,125.14389978748615,372.0048074453018,273.70411558962127,123.83468622362494,136.52882910832582,241.2527635286484,-35.896098051127645,216.5739279162338,-20.025341877695805,317.7040425771899,397.8127532117694,365.6695189704038,372.37412478270124,286.09232298728415,154.07094650459175,221.50216547891662,167.61667831829544,62.33242282327713,459.261458401096,284.5564748522906,105.09633944313501,179.40379739879538,235.30463890708268,-86.57227245193427,221.03133430256267,117.02263138897258,201.2730039746176,67.84946210850408,20.49043755151522,420.92173760817036,289.17221813839666,304.17506994737937,297.99825178578493,207.9181814876146,209.25185171532465,-324.22074089736697,536.1657088712856,-64.0694137567378,249.4304122099575,177.3594353760084,308.5015496302695,372.44043757499867,244.88928147504788,319.23032367074495,208.62198339573,327.6016820572249,260.4371190616731,63.7357542484641,411.1654528094676,325.57044975128815,477.38431481554977,7.290872568317459,304.1260631078208,186.84691111446034,190.2789345573172,391.2995083221545,219.17813900095555,208.87032295458872,436.9381062051441,163.0582586344191,360.8412439790945,132.48134804399515,502.7638357688747,-28.683648313290302,144.34355067126387,-75.93894715419337,74.5664217502496,480.15138145335465,166.6366131438582,19.3268261093947,174.59556963287002,118.43454617599109,247.35723082823395,418.89475600575645,276.9776683561496,342.50347272254567,10.920468125367648,245.78269748064545,167.35027433097625,121.53917465451534,-126.31922996188014,427.31362223564014,83.69921691289133,161.6315720455228,320.7711392553501,57.69504934429253,424.94562014558767,45.17388633938773,268.16362338945476,319.36214419060224,351.35995761325137,-99.47879603239417,365.2610252685308,162.1979198210051,-11.630841065340812,371.928658352732,9.20891667816747,280.09800567808946,383.97512215629155
215.47806244674936,174.86634848586826,175.8497550472555,300.23721391690486,142.76586455376523,294.3508710166543,355.937067687318,231.9686479207215,239.4900771199091,162.67746308802182,299.73022999784035,314.21742491760165,274.48928805852205,227.1463914420312,263.14647357537916,195.68374156693886,227.3393970504447,282.09099164413095,255.47371605752815,274.654471658443,451.29103346213145,310.9265181295332,275.4972379391795,370.1393246050473,236.87287492506834,209.32406690900515,242.17730205581773,210.847946156532,243.7966259069859,159.3745902925618,381.9639177223429,230.07418223869678,195.0543053418101,216.0451037800269,277.1468609320046,252.9541278607968,139.10548529705497,248.05059500998635,168.31788400808892,222.376626858556,252.56206996006284,251.06176489517247,267.3091687166175,293.906156179342,274.47014518157226,236.23935344907545,300.7920953103766,240.14719689257035,249.90179691430612,237.9073786457316,339.78609824444396,292.5721392022033,306.7105782383765,176.645299693713,247.2406195636551,193.6481510060241,237.19275472594626,245.54651736839082,253.7706249819946,240.38521398982908,215.97482346085343,232.896380007706,269.7873450034897,272.15272480827434,165.38181090239596,303.6741665812333,203.05591169058243,210.7539460559002,333.2555699254777,338.14557529021243,179.07096099670343,197.86919549859522,224.04920832541382,236.90762286649056,235.57080869896944,351.71147719843407,259.6649964183386,268.7057580788745,292.1867581870326,182.63090093502646,272.7271311937926,193.91339188857475,212.14796907154573,201.92301115730797,311.0201668557658,310.21181236483557,332.5986853743783,243.4070179138515,273.58224301174675,303.5495432726731,201.0716345086504,284.54334889957937,240.34662970898188,260.30508488978404,210.6412215819867,129.0257954443524,303.7945199722554,262.08005851110954,206.505077040322,260.7422902345204
-269.40022598096505,-128.80265017681842,32.82822534172068,-113.29919429353795,-306.87947925244316,-263.2077616659949,-402.86949159600954,-394.92361347540356,-330.76929489496973,-295.5256584071408,-157.9067103380879,-219.2033158606792,-347.44015604832805,-208.9307913236115,-225.17358209968586,-139.65823985882878,-131.92096597371642,-180.5394823250147,-255.20629595721547,-238.26110739664588,-355.93337156682054,-247.01522980876155,-288.68136389421846,-308.38901626212595,-210.7251610952085,-169.71732966773914,-126.75535077492853,38.349905799247985,7.6887981259434275,-299.89818232666806,-319.3772434596377,21.26982260152999,-240.8447885961878,-188.4635026522313,-172.4316057733722,93.07296136936903,-361.63536484562906,-223.49034827591015,-191.303694827166,-216.0621740410472,-225.32285358450778,-127.74438870407778,-190.2110735268708,-149.83479357013357,-169.4466117125519,-183.29400995141225,-268.5460473151945,-215.02106901932282,-289.58221585649807,-335.6162309784911,-235.6718136610843,-96.50916576755246,-300.5973014622693,-188.19925533416364,-108.23743530975713,-181.3561939073145,-98.80910552562547,-149.20464677963085,-194.54248310339528,-154.02727386839078,-246.48662193441353,-29.93441528284401,-207.19123401829657,-238.55749392616525,-161.8457419003216,-223.01964083842697,-275.6970197644381,-160.0628385257814,-286.06454069581747,-260.7248059020724,-262.50332721081554,-265.95660642816415,-257.07417005126445,-55.67684860958329,-67.75325159108755,-278.99056514973637,-396.5836990661875,-299.85337001373546,-181.264335293396,-1.7057006833175414,-240.5983226261272,-261.90640767455227,-5.715737015464836,-258.7766049707187,-347.6606237142532,-242.8537018652239,-314.1871183950673,-160.89106585562368,-211.73394654788154,-143.8654493082701,-188.98154700536568,-470.3023819166508,-312.7126410837355,-246.26165700720279,-162.36114464425722,-241.04214718432505,-336.7591032657942,-300.7892619814585,-279.37081387016707,-228.2332858307614
-169.36926181885062,-113.08814001376483,-114.15304435063936,-132.94710371304149,-140.50949075111393,-169.36769506283605,-155.98479956037338,-166.49959990557542,-167.68765954255133,-172.735602874754,-102.32231212770463,-149.86088769473184,-189.42966250451641,-142.26703154115177,-138.20956865880427,-98.0058118169774,-113.18342277036623,-129.53785744742964,-184.72780224513036,-118.32554888091819,-165.6676913527701,-157.1737686642635,-191.5067373891567,-194.87569491008577,-148.11007627581196,-124.86489494433653,-139.24720375731127,-142.30964254758925,-156.94287689506754,-117.12306253636822,-183.6385509756156,-117.41943724810697,-168.83287284623523,-129.5439652034585,-163.80491176189494,-154.0286645911353,-188.19991193936087,-146.1413704344931,-139.63636074553688,-118.88683604851256,-125.6218881927199,-107.69135433180764,-150.88816452704074,-166.39281054169024,-151.6750217366723,-180.3950835891033,-162.40684560205267,-101.8246241311188,-175.02496976898556,-157.1368837163424,-140.15845975825658,-155.74050253764312,-209.78040355926515,-185.21615013540887,-136.46138600777113,-105.99934303341513,-108.9665454071241,-106.68355217839357,-125.24300939183503,-142.27627565806466,-117.86830680014924,-141.24704536185405,-160.10472845285912,-152.84163240657205,-149.7274288837607,-201.57118289347062,-138.21972687537777,-108.98757433267969,-116.51423947141164,-143.76337293291533,-125.7359075559605,-134.38549765965692,-147.91471314297024,-106.72561534459659,-112.69381983077078,-180.97586806226775,-150.98643862858452,-155.563060192715,-157.90790659398337,-168.6831184186058,-172.0581213255479,-124.1120338360648,-118.84872553919682,-169.94428345598868,-150.76327389765785,-173.41189866318317,-222.6365019864301,-88.62896802475579,-154.47520818586085,-190.2460930376343,-122.2015406915912,-244.79467560902594,-142.64047818963363,-154.90941398589385,-95.32682808321577,-128.87772760339348,-208.1789747900577,-181.37860081857056,-147.984733741694,-147.05328204473003
-453.4466472174494,-256.54970596617864,-317.01498118610215,-407.10399399813116,-313.28545419609577,-432.8856250967668,-344.9165782643973,-437.61669287273645,-432.72064306020536,-411.8679990739338,-249.95281355363795,-424.2993652228653,-449.222388935526,-354.6059447755962,-327.8644886537516,-232.72513453125865,-243.34391867744836,-342.0149699474138,-398.8601266588287,-326.3849575991745,-415.9594965597344,-467.62901849698346,-494.1547322977078,-604.2214735609759,-372.4931247164946,-326.7482439583864,-295.1966210392385,-370.4153106476117,-359.7813356662623,-301.86604243584605,-514.1371815620595,-303.401925212296,-462.7030874661599,-338.3091872608009,-427.2837868458984,-427.5026265334247,-438.36964347977704,-354.0860155104313,-372.20238281282553,-232.75341549690913,-303.3241269539299,-250.51137684263125,-348.46566437316136,-460.1269949277603,-400.9606522557791,-429.5605630138967,-440.7561606169981,-229.45988387962365,-407.05153326452375,-445.51915718933884,-352.35790696983145,-364.21176329213154,-554.7430613468866,-528.7955765196937,-287.23623279018574,-188.3612816815659,-283.7937846588245,-221.72296746926426,-319.4597193704238,-406.9608405719206,-264.2581998683707,-322.09982964902576,-455.97836101963145,-373.145396537112,-433.7117105804012,-535.9243329351519,-386.2734219859107,-208.90519304154785,-350.76426780572945,-324.62543708005813,-321.4883166885544,-355.82156746892156,-376.0098561059714,-234.86250515685919,-274.1016790684654,-430.1277760052914,-323.46166333369285,-358.04330938899733,-345.049872140446,-404.24422945879036,-472.544213470296,-333.26075449859104,-345.0520419551893,-381.9649542168698,-360.21768625826934,-404.56259779762706,-771.6413122447069,-169.66904782419712,-374.5571292965892,-538.856511050995,-315.40252036636156,-681.1269038502396,-372.2276397176954,-363.8178868496704,-195.00701822217405,-307.30593489031475,-549.2704466292922,-354.872216105788,-357.47812507513663,-383.39416967799116
-497.31482984613984,-273.0518845794489,-203.45580685141115,-365.9018853008021,-361.27546341132495,-305.347021458105,-369.1095056788888,-240.99121829320015,-397.78520877720064,-336.6468853053469,-189.9301360897253,-509.09568491243436,-717.5853315088436,-466.92749906865646,-442.16148331097855,-85.00149149588178,-278.31322810262503,-233.15424222893753,-438.8124313144308,-521.9023465026994,-505.22165930296586,-209.72582976919128,-453.3455803672188,-363.828785432858,-126.1601959873931,-345.5331624257217,-215.38059349560734,-317.27690908460306,-98.18138523266047,-198.2972544261228,-424.8199157185003,-317.59353123992906,-265.87609837069795,-370.63854926580643,-405.6668482959166,-296.86010613943324,-136.1953381500478,-279.57001666867586,-96.64865482343272,-129.63613133701864,-276.1241589034409,-241.9472271760281,-461.098475839054,-392.98431969429043,-327.81252481073807,-408.31583589050854,-284.04634218006476,-230.771216702185,-457.39611041234156,-281.985097129107,-246.2971977947275,-426.7388869758779,-537.7836957299045,-458.3390495840289,-307.7743757897135,-305.24914515619537,-426.9583181319161,-299.40328219730867,-332.20386795473536,-393.4357611896358,-295.7357721426121,-374.321390206348,-261.2829461597786,-495.82715496876295,-494.6391158173948,-649.6181113356923,-211.14006017118956,-272.39728253772387,-450.68907557526154,-418.21255406057566,-268.74060123616135,-319.8275495388135,-362.6888691507174,-367.8067847638409,-377.0785345093139,-399.77562242232756,-387.3170501726479,-313.78628951426776,-167.33234060477898,-210.17164069758977,-493.10115703489816,-48.15774782427248,-321.7314347534803,-495.3221422450327,-388.20543244160456,-407.493571300214,-451.07468309615547,-153.9407426429103,-382.28316892501294,-553.0766883273727,-400.89266282545316,-810.8813264872753,-122.09440343188882,-407.1195453516051,-219.11851177526606,-213.62474455544523,-585.518931586905,-392.68018580556696,-376.5600410513909,-403.38027780114936
-43.31446196450008,206.0240555014549,142.87460098868,51.68798245279974,20.3808549237063,-53.88735225554684,-251.84146183182807,106.65561821761683,-200.1305714677857,-158.6649881101852,-5.053417832310817,35.020672642329295,-127.4106092061779,18.893845940317497,-232.37075443037676,195.6198222931448,100.99465543449436,67.84617617817034,119.42492823107744,49.23632964738736,-289.8211883056543,-118.01853925388683,-113.40119558873346,-237.00952534072027,96.12425267978384,227.17441236322398,98.8707287777341,157.3834690749069,154.9303177944477,143.3083636879611,-265.34418794442865,366.09168629593614,104.37122130117632,-140.94256329394526,95.44015941936873,70.03965952306872,-107.34266400642258,-240.5691894682999,216.22881103796794,-114.67433917765003,-25.978853929497937,57.8372844234677,217.0665389367671,305.0565790643221,-24.077399880396772,142.19142712786729,-100.40030117989048,-0.7267017251679969,-201.80184217304713,-183.93617563616561,40.23095591362138,-30.857046639353683,147.41026354081401,1.3873894095042376,193.49390479045383,-22.508916317194696,101.53568320799317,82.4900538488909,225.46434045180973,72.58523358119032,114.30567768709575,353.63861924187086,26.335769532202736,-44.8462273616338,214.84112902962895,104.09069299630875,93.28139015617263,324.35835434643894,-77.88712062036126,-28.834240665309263,109.77947191497591,2.1341187300282196,122.41184229441131,96.85814952967894,323.22025264611796,-246.55907303674906,-328.7178097507777,-14.603737757368057,-140.455270731553,649.1890370600299,-153.75787743315922,562.4090284735645,215.5302446398548,-17.847818726160284,0.18260471165642703,-47.445661767603454,-173.21975230619302,-45.42629935183849,56.76603330768673,-58.70018663248065,216.59546873221464,-438.0707179132679,12.997074027536065,-226.196545178471,57.78523593132074,116.11768956714153,-225.64853441114647,-153.72745466221923,-3.764273913830155,-86.19112684166306
224.02147329679198,266.5599960700942,224.75682635127885,44.24620709422292,256.69642623597383,317.9437311185885,295.1815492199869,307.35120040882543,195.59137160545663,167.94192066230485,309.61933346304806,313.0058890956475,219.32846968820783,337.7203533318619,259.6268240421324,377.6323978330611,216.84757277801202,414.6314032613582,324.0336900688639,322.1688053835287,325.46167058338136,318.7974846610347,327.8647784109497,348.5120105463165,228.00820118804353,192.30301198364558,345.1148004147029,162.76463488478984,137.86076546774913,285.82172757643747,278.5164687107325,405.16857159988587,341.64220777965767,163.88541827723316,213.5818937704352,327.31665773265024,168.36748636542885,235.73826997101375,281.2573063548185,317.72328921311527,251.26240651558888,327.78278625416306,409.87627029845703,298.7522984907051,280.2273051576053,154.3582390471979,300.30084034531103,390.663090174459,194.86866866057062,111.38320653768851,345.3073738624498,369.74544533714703,287.83340885215415,123.8296157415777,290.8992877574856,410.5400444820768,231.18446906272257,310.8629502392564,522.5945639103226,215.07014970109972,317.9639591032852,283.52460243986695,210.13473476267362,441.0294548199742,343.69769574741457,301.45007017243955,290.16310050513005,477.2139415159855,301.1939194644038,345.0912997284514,269.9217957765546,284.6143886923981,211.25807399143747,291.7997076322625,256.8728507284762,246.30364330524634,236.71449046539075,319.4979826780199,348.4129092573029,444.1975601605677,327.84371248800903,316.2701298675178,381.98215747220047,113.00325288895033,410.81927121984637,312.7629789189796,401.07079337028057,222.66411655442013,154.35480803025564,278.29613645460495,280.3710858213388,38.05099386651929,195.3488037029065,206.50051453478667,274.6766474511516,310.62919025727064,247.18501172148942,359.8128930178694,262.56169618668196,308.43447320579617
183.04020277469974,171.38672988696715,149.43974288109663,172.4401650536995,127.06098932254427,231.4127499000614,192.8771063022742,196.98678661026463,194.91087189881222,172.53913924627065,164.45875496912362,222.16429197795392,191.21378151384488,172.15081833385517,168.72533031930834,169.25806815580748,162.1138462006579,194.44304104290592,207.01323520330732,169.77498018159707,220.39170235019853,193.82886701307314,204.40143260768042,226.16474908788877,153.42848658400476,174.93805524127788,205.15009102964456,177.13842269935236,184.81721905416242,120.69017347489275,211.08388595201978,204.13213760086757,213.27056892446168,151.70884938635305,216.2101605013111,179.09096771649828,181.5809973285387,164.1369633760127,170.6888228512213,141.12677054777242,167.1358567203553,171.56736252020252,225.69165105002065,205.16052977864638,199.16822240751554,214.4340877403542,227.6235703126161,161.8422326315977,156.68770858520872,171.7592988848273,199.91830514702391,210.6598846043112,232.87042706105066,194.19219318412163,187.94967277978293,141.20571427034452,184.0840060644099,137.52121678812685,215.2274885835611,180.29767820535153,171.37162813271095,177.80308156428634,207.8917936617109,206.50852603304534,155.01741962582014,236.34859125569648,161.3407252428531,160.28823735150488,195.5412455967387,215.90972067528958,154.94834320732934,164.62358267766854,175.94131767697147,160.04663982773573,194.970255319333,217.80781935643972,173.27770426573224,163.78149728469973,211.24345881347637,228.83519035048607,189.0415835461025,166.98297670521734,205.50614851397972,155.99947543008415,224.1980717104565,203.9673965782795,268.03209176191433,122.2054415244224,184.50157038802416,218.77251629628313,163.39483137733478,221.80589539170558,159.63347762159825,167.49401459273832,107.00636947592815,140.255384796857,232.47923760112135,175.6961296723898,167.50986815016088,188.79308075108116
274.91428180471206,178.92074075342194,217.79050989944358,256.4826764597601,256.20574295874746,295.42057418357683,174.81799403665784,331.9802234064681,293.44808964802974,305.0165541478164,142.19070346623766,224.53433387323304,264.8418927118065,288.9660895825873,206.135470949246,168.83344751167826,162.1476831505022,211.0438314279399,289.8223998384187,186.34303267201983,238.62521862498681,288.05377966309635,365.82636125932737,331.2729526073717,249.62665359109602,207.62266835765254,216.04480008369393,282.16049006277467,286.1412183732315,221.10061820030296,273.30599548425573,220.37160623748866,324.6444220777139,194.3477207308885,261.41714296506996,304.5716859144367,334.77855691420393,168.074810883434,300.3793397240696,130.94859243626664,225.56138102491397,182.22863552390515,232.53213026841235,295.6697852350896,196.34530167348336,293.6695991488139,262.1578735903314,131.05673095977505,272.87100314773113,279.1858444490725,171.69974488403744,219.62962286842745,351.58157328382913,362.3965651621566,223.4171808634226,134.70977129366943,181.6797879162422,153.95283819458854,231.05169343294452,222.91093070167514,171.3581175735609,220.67401744921577,277.767983215294,244.0834458343496,307.69777377665906,342.10445793552077,252.68120026330888,182.7337961950552,165.69819218901483,205.2177347036546,203.6959834180905,245.71352727823088,266.02587455737,183.60510210532956,229.48989759541027,245.93523312941448,184.69735415704696,236.68115131794337,202.14753373284304,330.70563466938165,332.6645417778838,257.50641837355175,215.53027272083486,260.34237244267433,248.25777258724693,301.33373539767126,439.35983148598206,78.82725854244649,216.97855434325865,387.17237263726867,209.80191961316683,424.37627293788955,241.93418676256803,223.44401391670567,148.1588685846437,249.2944387917895,351.28915178745194,254.67697052502132,230.79342566120278,237.91349019162706
198.25894745303214,178.66138600162236,157.88030184935764,185.19984750759852,162.5675003141451,231.13994790294586,154.31238574053154,209.0487963433682,238.5886375117695,244.41889884441534,125.14281691652089,221.93347635421006,251.57504451949214,200.09421211409548,188.89461900771414,154.88168410464579,171.1674657202154,202.09913511625814,261.0662485517047,187.02287486873556,176.82654222454138,204.88935239581215,274.07421852290423,257.8109593329799,180.76093932528474,203.56992195724922,189.00956642516468,217.39348699848674,181.58600287805118,119.51656608479738,245.63851111428588,208.1402548596815,198.65999623254422,169.76716938466333,234.29616036459825,227.67743767839343,220.5980455307953,199.20325061910202,191.3734291023337,118.48395239852734,177.99641340382956,159.1191835223969,228.72278616833432,241.87804615213014,172.03667395713043,215.5011316520183,250.19836700716812,127.21684269781287,210.58968455005137,184.56654327613492,160.79282603705093,234.76361023426006,292.16895682555275,286.0132333092146,187.77384013713123,126.04611830850229,191.88503331972484,134.71278197372826,200.27225364126065,179.88456319463103,172.86485863088552,154.19918550407178,211.15388925652744,250.07011160218096,212.69823551394583,277.41469192169023,190.7778429707865,173.41870364429343,139.86949332025668,214.0648920386092,166.62796798399623,125.52219458529103,216.79207187395875,188.8908667659261,217.13991654010405,222.28352819399095,177.0903828680392,183.4467333292914,170.9801797227066,265.8222560342536,218.68954223500424,138.66103048016578,228.94242634077986,187.60753981045616,233.12968599857388,227.583364680653,291.48137857326117,79.0846419472035,160.61046676418002,288.2827553981596,181.16756389860686,311.1510216975066,160.18684071314732,188.00081214244634,108.94764363768824,150.32882100268782,280.54296188690336,206.9261368747888,186.35132023619002,223.75981301687924
248.0063476591769,177.35987534679595,171.5319419852119,200.87239283457558,219.7105497598687,284.26616742227225,288.14308852000073,232.97159358429917,247.63013687662556,304.2739197452303,208.64718421794728,219.2984821112842,328.2667835839198,262.07922143096357,231.51516862683272,152.7311481535119,183.33181191543255,223.47809587633625,286.4439325959864,250.41489440379522,287.5969955347607,259.3030242212554,295.91262681328936,397.5234164958653,254.8281722676108,250.468078021667,204.24993518627755,255.7924937543509,223.8186421942891,200.49636832159777,327.0876489303753,208.27317194725552,301.6391192190067,241.73688812654652,322.18045042872524,332.811630662305,295.086442980302,252.51532839804992,210.80488015100653,188.9390719028795,199.86105358456362,199.36280268207045,240.187640995802,235.34118397753232,299.29554064498484,277.8389673432891,310.1592845657047,207.68687268976188,275.18376347037264,252.02259175844375,235.3045850224195,286.4018375280404,361.49209165600024,283.56640478234834,197.1997185827863,182.3613792396896,195.17637743125792,191.007202061059,280.9480735867222,242.31719832786897,196.25201073469077,267.7241255804549,248.42035920644742,270.8363278007663,271.1297036258008,297.51387373455253,278.40652342306925,143.7825983961616,279.79886674611356,247.79119043337155,228.91593631677608,245.5828649403202,212.6477988026262,175.41905450117065,240.75718457014395,360.57432713527874,211.27669186760997,249.33108326663444,268.99230218871804,311.15226273031425,303.9421978786668,198.35254020427462,251.53911558324194,251.94200078090464,239.58167758581948,264.9662254019305,456.3823413544177,162.5582115504194,319.07712026291955,374.9842786603892,207.29166455355923,395.88145131740356,148.17003177145153,242.90320066606785,159.18848939042655,199.93063693307312,417.039090244185,271.89060795991617,211.9058822030506,271.96359448542063
159.78526756206546,153.6775085953259,159.06952306677522,277.59923313685925,126.2688143453509,236.12219433752924,85.0488734796052,139.45707031358899,264.62391789567795,273.5043940928145,45.692963200480875,171.07573878414289,225.23249319475084,173.0812567779869,150.9453561989618,140.16199064241295,136.33718968985616,148.7106915945688,218.914749199754,163.31690071039492,155.2824401666593,190.23562433669355,440.89960434649623,257.40878959238455,147.32008496686825,138.1023741258607,163.79554403574002,189.37931051065766,238.93113335221418,57.8591786851102,273.744276150853,158.15084518206552,162.14676154710833,179.72843640990345,183.3874923108179,193.12588803936433,121.06648110549474,147.64527356972636,206.45782470124274,74.93477985727345,153.4741950274055,130.32061092212095,185.20012626183424,241.7054223453151,79.38895347998185,183.0143018746369,194.95727982919,42.49753022662155,220.68455227434535,339.7210740953459,100.35765015407208,145.09769498832424,347.1917513191579,317.97738533387803,215.18951840744353,54.14517318141975,182.68556948843604,82.0697477074029,104.11903290279032,164.24902587918555,106.19403778334694,39.20755766740332,207.2646869954253,221.88374387503168,117.62561064714835,253.7605784975568,64.80349225767482,132.92398216367525,74.51460000448145,162.8090989761249,111.10904100064465,108.37184027456114,189.21375280147703,126.16415803966684,220.60895719355904,130.50678899948008,172.2385653219147,170.72828961934704,82.73016669757565,168.26034543662297,171.78356940158744,100.83339187966955,164.2389714943254,110.17015939894654,217.33638387521205,202.36284100383048,326.33063679431325,39.19616997425469,55.3901846871533,301.07001822482573,155.7119956087354,530.9408876297967,184.11098647772857,235.92620139883985,73.4887365025224,84.54824729320738,229.7352397915674,232.5956465615959,158.18932993342602,185.68819932789447
199.2133170396417,-210.57350104448307,-83.36566765699301,-6.415188526155505,396.0971006374795,78.96737455086466,-62.526009660631196,210.377804026434,107.10244492972227,193.11378248114178,-223.96175989573965,-333.4659742129679,316.82206896146477,16.261907891301064,143.93472120319396,-147.80979329830535,-184.48321231900613,-96.1741599903146,120.67867952627307,23.258824333759563,-68.66023296390452,124.14658917047254,271.2309804832739,259.93466159087717,25.97721897753947,34.5486425037393,-133.69834024340173,21.395572548803397,-5.495853376093381,373.246196547102,59.645637058151706,-359.20646356880184,279.9929920085551,54.19614851693894,-196.5625740633635,282.99918339796255,477.12310861238166,-67.84312630539756,83.13428863054037,-176.78125510696012,-13.560317557808377,-157.4933341138663,-267.8303233770496,94.77754015626138,-231.01688906983085,-0.9088237879382682,-187.41781029654683,-180.43832057361246,246.3913393903163,219.268802168138,-260.3817816858325,-190.01772428845695,236.45141499015094,159.34331924404606,-98.07413734308258,-49.945662557817464,-234.32554136230675,-55.80682041845707,-14.30927010155559,-74.94974502084698,-224.2116789072095,-202.31863085863304,100.84733322056861,-52.05481536181486,355.44695024164275,43.41822251323611,226.18401602977286,-296.92051584431175,-18.4560876871672,-135.63198907030568,77.23989496635204,275.50541726934915,79.94202338718132,-221.65312905243445,-256.270372885061,-156.71304254445084,38.935071119084604,215.99872259645622,-205.35289319071265,55.22956414460291,272.6695362769891,3.6398539137643455,-391.1165504574704,150.8036533202504,-6.874480350425893,76.58879678376103,730.7407126539558,-268.34156844999046,-23.762376953064546,441.89815555213005,51.84999418003899,406.9887675632567,61.10775195350977,150.3081088507523,62.316795135930086,279.43865836636166,554.514747648299,345.0654958786655,2.556013005108176,-76.88426034044316
-898.2805286548122,-61.70941280999854,-520.8515904160668,-652.2849385753564,-762.1993340237295,-278.31251225428724,-104.86478623366928,-1094.8166312471135,-296.472962117622,-364.9416556688178,-116.60310602694612,102.97752062057513,-685.5823633542198,-721.3816998227112,-69.61927632869558,-37.256781940358316,-31.733233781843932,24.046718671534386,-476.4042809402775,-29.57509908424054,-190.050188787499,-525.8268415124037,-301.24238448892584,-333.580821107161,-550.1952912648092,-260.26895383577374,-46.97076664398683,-417.3063775262777,-548.7136448898261,-558.79401732851,-391.8279924594327,47.006335944554166,-563.2151244186075,-359.1153683764223,-156.38096945391172,-861.9386279541102,-573.5408379225996,-229.94270650301425,-619.2444348449309,-38.27604214847547,-237.40861148390735,-147.15723881210565,193.14077682545724,-482.4001648998483,-232.42218251072117,-440.8168401536562,-75.58203180558071,98.68887475718849,-371.3975451422527,-270.06864350089563,42.2234248022682,-49.64377844584747,-396.7948120884646,-407.91181675648323,-17.71907665865896,7.722860542622818,51.13677731540304,-291.24843095340356,-169.5216410290051,-161.21022717946005,101.03387071639467,-398.464717774593,-197.574395469784,-18.37893063813196,-1192.5867459807587,-336.3165634222983,-598.3118807781561,-133.0852797634639,49.56186528098538,-18.35449719574419,-265.48771145714755,-572.0434068438046,-383.23555875987034,-76.5421422800125,30.563630226154675,-76.81028027223046,-25.375367715377674,-195.99182401763449,-52.13585988896467,-785.1532901588024,-625.1251850161822,-534.4733483180814,15.496299505693742,-626.9482187172592,-88.51523668330532,-529.5828432761629,-803.4762506534611,-51.95965314964137,-384.99908544380327,-606.1068892998974,-469.24711863962153,-648.7710144533281,-426.0185561385636,-57.12807040196886,-438.9463132073271,-736.9390805583889,-520.3134028615718,-581.3142221495201,-570.5911951408259,-145.26254283823684
-208.31151145169892,-221.55715519342738,-219.42622099225338,-240.23833195414048,-77.45458455675654,-372.51730927219023,-186.41140905320842,-287.88389724923246,-327.1709402740472,-371.438910583218,-199.57742246307154,-316.31532658137104,-236.9511032379029,-229.65651282182148,-292.2587217593801,-213.5626994942526,-197.58397411030285,-279.33637167576757,-347.82185186405127,-212.70066015219464,-301.07925587278027,-292.361609945075,-404.2817679514747,-309.8797393030334,-216.52190907077195,-223.77636976033577,-246.22616347903846,-306.2810025118149,-260.76251659072557,-172.31565184414458,-263.3476004681883,-282.24622848131776,-216.52935635566612,-210.95920415313407,-332.8282363992751,-230.5792834463865,-346.3707293603975,-286.21474998828,-221.5287595016424,-170.39123093683867,-284.33869753141903,-197.73402904282568,-312.85468842127636,-339.19208012358274,-199.1476400338896,-286.9697523978659,-366.3468899069233,-161.5632990766014,-238.77373800678237,-264.06711828700054,-266.57228240614046,-275.1377629607982,-385.3254036770476,-468.12655108154456,-279.9279670302367,-148.05226067638623,-217.62378271761168,-147.1654016568899,-247.41118264562294,-273.2551102366441,-249.06987070800946,-235.25347716600177,-312.3077080139153,-285.8056057149699,-156.366296680429,-429.5262087119104,-215.35799115189116,-194.60415346031044,-162.27626202350206,-245.49522425857165,-216.33410725304958,-176.10906208778977,-259.0570705678812,-213.56390173252953,-279.4062569557258,-355.86293437240334,-231.19172530522889,-200.47157852844342,-282.49340882426037,-282.5725423278701,-293.37179655765834,-193.5307910498486,-268.68784985925623,-228.61154025504473,-224.74364490129955,-342.8783877194057,-267.1727922662342,-94.25240489546401,-244.29429624356038,-314.7053953198587,-164.52186160882349,-373.21362700938647,-217.23599039730044,-258.2788031474768,-152.78327712539092,-180.51582956952984,-425.4564962210483,-218.2900359640963,-269.20289605829544,-262.5158987604337
-302.17909476180495,-279.1816826287631,-247.5874936986796,-241.76500583921094,-222.52925464507524,-357.5240049825266,-288.39569679539755,-381.1590572800163,-247.7683732953871,-266.868924975853,-254.1129900222187,-254.20845713552714,-228.2241848917462,-304.34882508819686,-203.4214407730967,-208.747048223064,-218.22727009992587,-236.32377560793503,-325.94975286386796,-195.44953749142,-259.54421422661983,-299.6565163762977,-286.60304317804565,-296.9213376630167,-321.9233838505478,-272.1320638491893,-249.84105000904248,-341.8107508699858,-284.58610916514573,-191.94959310235396,-322.53061767366034,-293.5704528789743,-349.3058834709782,-202.0509905872313,-327.7251930032306,-328.86728536173507,-347.8428704077384,-251.3330837605954,-250.19981410852307,-197.70693884525753,-228.3870687586641,-250.4752170776034,-282.920364779194,-287.0663772520725,-354.59889738755464,-289.1915654452556,-363.9981712526786,-217.6627668804726,-201.32377042083635,-209.689775037588,-281.64353901507883,-295.45500153062693,-300.2280869021215,-321.1670193295245,-201.1576447892931,-207.58850874996006,-226.52278879213793,-228.03365248952989,-313.1313148003669,-242.0577237550524,-243.77287262396985,-325.8455494129687,-284.6847112976913,-261.62945354855975,-355.8398819365395,-331.9825941718522,-317.2224349855458,-268.2344325478223,-205.95854738913548,-301.3918326148247,-231.08564751120088,-187.68551153516762,-325.04974616645103,-264.09393613873607,-342.718526924311,-464.82106190938686,-199.63140485655916,-210.74587704683708,-340.57745735214456,-456.6696595169792,-266.6330927088395,-237.49892870305493,-321.9313680787252,-290.33552730908025,-291.4165534697312,-336.603013586987,-274.960042053999,-164.40360978023773,-331.1910368739941,-320.18766712327323,-283.62170551451607,-293.58956343098436,-224.0154221243207,-236.08390990517515,-147.02023404306172,-194.6167782221421,-295.6361730756119,-290.1924158928021,-276.5891439230946,-352.7519108974335
-427.34127455686036,-349.57442061195746,-293.41626602549155,-373.9962634385196,-271.00589601223226,-327.0333267531145,-112.18352243661121,-494.1476449688,-471.5659021696951,-429.953654925029,-173.9853488151041,-237.61953969696498,-283.85772279573183,-457.4841149605386,-169.92005733494761,-263.06616106117957,-201.21286747635955,-211.49956009756642,-285.23057625145816,-217.87852397647913,-239.8900416715184,-362.1179590246809,-384.31473125468415,-315.4770281469491,-368.3015883676056,-209.67351751593606,-229.04747333691435,-323.42151472211674,-184.61711244662698,-233.61510779917103,-298.20961024299055,-336.6497465844793,-358.1630449157407,-229.65259363029844,-243.82240307063452,-304.0219474504813,-405.67447498271997,-262.6034575534771,-381.87070732003167,-153.34793791784796,-248.88879360098264,-217.5602713014823,-216.3701135292117,-316.5400687872661,-118.07639337368956,-276.2450149048569,-280.51674713140534,-130.59116201276683,-255.38397738758349,-367.98993167103254,-170.69072118734394,-163.5999525985479,-318.6626691049088,-451.39010705107637,-311.48535447048204,-133.4628695714813,-261.5508167061167,-108.46613353567224,-277.2146208950901,-214.71528770567429,-183.55888477315816,-101.19926133889776,-275.1124955745465,-304.98395525677506,-358.7097164713945,-403.6221548411957,-115.20134983224301,-242.62610161406127,-118.72057620218689,-227.36842543578683,-207.31041020253724,-179.94179288238124,-304.29598117331915,-254.5772148399074,-313.29184159370635,-208.12870533772607,-182.68421313672056,-234.18237619807974,-116.41322556088947,-365.9951757466422,-313.66572556103705,-326.9899144587173,-326.0581287389238,-262.7264086279403,-332.0919292409556,-371.6058027880045,-281.7952297106346,-88.1489168580673,-158.36726052037824,-301.39775962440643,-280.10908510314465,-450.11425411249866,-309.40205791029274,-200.13719437961643,-194.21662276121205,-341.83872376590716,-229.72281356539557,-393.7997640747394,-400.77969980909285,-305.4940252194181
-477.99169120910017,-131.09400896722198,-334.4392276777111,-362.2136041522601,-370.7193038447699,-387.64943082921985,-196.58658806096008,-527.0242910343751,-431.5917723028781,-446.0016842583598,-197.00237316849055,-107.93984538785698,-398.7960253583962,-317.33077851577093,-237.43060865389134,-97.48152021865462,50.539593018181876,-42.136852353580814,-436.9377583153148,-267.64644997983237,-348.5086574419692,-354.201386407315,-466.3209294451481,-484.02422435419743,-298.8749516799841,-336.83954870771316,-62.947633022041444,-412.40671122316877,-340.4653392660921,-419.1291114192509,-297.5706028955642,-123.42579627712051,-455.00242507865937,-171.90879385842118,-280.8782699090552,-590.2338990854718,-391.7457268988421,-211.31361881403745,-275.91217029292034,-124.28320073272478,-199.45284528860506,-141.53318393329738,-163.12825941731973,-397.24781568144846,-334.4137513783065,-314.8547401422232,-262.6663590170636,-114.28985017045129,-226.61285035041652,-379.1034313732066,-291.70566436809213,-75.90724724022,-424.73428541624565,-537.0079665801245,-181.38485945756125,-136.2165744048239,5.531822089522062,-265.7313839504327,-168.54667807523984,-263.64397306318466,-97.93156153241671,-357.8655366066665,-297.928738801283,-149.30300580507063,-486.1415446300069,-377.09488215708745,-410.32301396299795,-3.094089053430312,-146.03154327853994,-63.463304663770714,-260.94431897227133,-356.01699484891753,-299.8135181222753,-36.899630354245005,-103.2420596549787,-250.0928059078698,-196.5680679522921,-302.68440943214983,-202.15009483563875,-578.2444377666739,-515.8826696145384,-279.36252973741034,-85.336148431911,-330.27019493941305,-132.4417515645881,-352.49848325233944,-706.3383119678434,-72.08123267418853,-281.9556831606049,-614.7191830503943,-421.92890657737433,-460.59314874299605,-205.51965044321213,-336.083838706953,-242.9023324372659,-287.1564479246213,-502.28371239691216,-549.8323464775422,-308.35515998609026,-356.70894886470154
-275.8178355909783,-291.22678363586306,-208.8597823902583,-154.02521682622952,-80.37036072676996,-302.33444707141143,-160.77210737335238,-340.76892805264976,-216.42814368340925,-252.29824402154898,-159.1063687810595,-314.4518960563187,-163.12173506323666,-192.44846873968504,-193.56414480003485,-254.49813418620604,-194.58890031993337,-265.2120806497514,-201.8397602143101,-173.94893569364405,-212.4460304716183,-206.42827537794003,-255.08484282611295,-214.24141873956947,-186.0716495723177,-168.30996155986577,-268.3653646894735,-258.8294930128446,-210.08327948953672,-94.66843241990713,-216.00712740889557,-263.8878308942562,-180.25456161851588,-167.95521451927263,-243.483126254963,-115.25217407284492,-367.3929209090127,-166.64769095779894,-201.81441257628296,-146.94577223110466,-177.47316119473,-229.52828603391183,-286.24053294394406,-211.88529205010414,-129.67792404692307,-238.50663810663238,-236.73213166326892,-177.68920885781475,-148.93558371939855,-195.95346988948899,-207.58778273453626,-236.86191836778366,-211.818399860154,-253.7606955409112,-260.29707050308895,-165.37503447029653,-275.20765948856996,-81.31244141667418,-304.0473139022159,-168.88782010395715,-228.60219982906654,-128.96946809236113,-232.23313923603365,-307.1440713565906,-118.62086052273479,-269.3758841047216,-74.62847006670967,-257.13606173011556,-187.66552235555045,-285.92489964030227,-118.71494990948179,-138.97776978948158,-203.04637990010883,-212.34115224843907,-276.89981688523756,-226.0157545350688,-168.79055959010228,-170.43327680491103,-210.09253559588944,-224.86014104118755,-153.51244413630795,-191.68339368666673,-337.7066006698505,-193.028070594292,-253.27101383253694,-214.23105737541644,-159.92988854314862,-112.04943930175888,-193.79618608112452,-198.59807043249677,-138.08922664519403,-238.361864479828,-206.27596992696,-170.80540467636143,-90.61411850917005,-147.18761823067473,-181.45883206739802,-201.58192793664307,-224.64880716943495,-212.65385525242107
-420.2742746987596,-353.50950524244786,-328.560826502138,-327.2498992533804,-483.91032008120203,-287.04491072352056,-326.6797118943272,-357.4156899500898,-369.96414803462426,-381.78548166949065,-260.0716296491803,-450.3668494007896,-256.5346555786409,-440.6571458977318,-134.11576658398394,-249.47376189072622,-239.29876794564223,-277.7131405865643,-333.6611201496126,-272.6147216830257,-312.53334526548696,-307.92002084863105,-353.8940868171948,-273.4610679901807,-307.829030004392,-226.27481313683379,-357.40090509235444,-280.82596465060254,-250.66467986825558,-70.17586411877241,-448.880737495363,-418.6039493231934,-351.63030344174115,-315.15495396093996,-343.5389271971887,-356.75258295082386,-292.80966956550117,-271.7426689401906,-282.7618278698757,-265.84573543156256,-205.89712306164247,-349.87797920595204,-458.9470949259444,-306.86835121411,-356.6301089142088,-397.46311084053184,-430.20504977154286,-292.54515630181135,-258.5565038773936,-339.60838913811915,-204.93316211475124,-340.6441894454876,-353.86505431929606,-446.23418847698485,-324.9914220259343,-279.75270689539326,-422.23825073227044,-226.2231611860229,-273.6077939029474,-313.22160672542407,-339.19483796072575,-282.37560647113384,-232.34271667539744,-433.34663865077164,-438.45928530175786,-349.4564519858911,-182.0418643630906,-314.52294850276274,-297.52464163740365,-380.84534306036755,-232.94427138895952,-193.20557464772887,-366.48241556676464,-351.4189372651775,-322.9565109506203,-348.39900000738163,-267.91536708108504,-270.2341404384336,-335.0891114631923,-488.2826621714645,-279.09733652453775,-214.4549229461433,-468.76822746363587,-348.7010222125917,-416.6418111301203,-256.96385379283623,-356.7234123196517,-212.21371024570894,-221.0730653478507,-291.22579778014205,-353.59797255221986,-497.92204315133966,-171.78903178077297,-339.1378292463924,-156.55899585282447,-325.9178888108759,-305.3388600999346,-428.03744242716584,-339.8970217213042,-366.03456747197407
10.691682326514547,254.4938383300053,-107.88020749298755,-105.66991900368394,-173.994166588313,-32.57485039158349,-260.0083146748069,122.94222545413625,8.55955190083026,-284.5245582582522,-83.9589977549118,-77.65990427960959,-436.4396812530515,60.28484491154864,-140.40736230695913,-145.4642660088026,4.325480242482052,87.83365079590244,71.27012889809953,-335.30603087675127,-325.9248486085796,47.2692677837857,78.41714836388472,-354.1238070837796,166.6531676777865,-308.30450349038324,13.175869736188611,83.83257617369529,137.580919015674,-52.95944733318268,-62.75869753226571,192.93128151387276,-87.127376482015,-117.17425513453097,-141.82475027837182,-404.53340526447386,262.8193830941373,107.97940608116414,-148.96794277824037,6.571641799052333,-98.89079975927814,-83.53426982892819,33.511344359639665,-1.3609200817735652,-130.493488979049,-84.3838230785234,253.8398551965484,-168.53723303654237,-282.0410037415131,-143.8165989351804,-145.3121951853209,-18.489476528482275,82.25775642604043,56.608365915650275,-53.43361662672635,-77.86321066855193,-142.04082723060716,-185.4537265253528,-271.08789752554816,-171.26855780800938,58.60381855977618,-207.38396629211857,-116.99623559284132,-302.0730939432688,206.01026240488397,109.90555424426496,-213.11325844569,125.38656954811995,-328.6286289683922,17.25405905940286,-83.92727653855256,-681.7387348760797,178.90363310309127,54.376253098801605,95.9208302419487,244.2193094493893,-25.453561888456893,-233.08548216171175,20.940012358121447,198.67612899621056,-402.0339673634183,-83.08400041005392,40.65510911292603,-39.64458051697692,53.127524001408275,-27.59464997391856,-547.1067761654061,-247.4089739954576,-311.1711353322096,-354.1502821690603,-99.82228451192849,-53.523045455557245,100.45641673621365,-108.73021793687182,-167.90455106319013,-234.40984579216354,-650.1060104947762,-12.317120557145117,-45.08972760160156,-44.71979228760267
-277.3893560777967,-832.826751397093,-278.13103583717646,-324.6244414000321,446.4076793177876,-472.07228677679836,-265.528750818111,-69.19063163960482,-582.8756369824092,-391.40717159195026,-239.89755366782708,-936.8682714000951,-67.87328351306972,-491.40880993727995,-304.02416286598066,-704.7249101791881,-373.50449694480443,-709.3228430532619,-474.4580298053503,-236.37295148441066,-554.3272991863876,-300.8030594296716,-290.72157908655373,-48.47175021837323,-357.23098231942885,50.895355412415384,-694.2766898224053,-617.7823679818524,-304.6005183810917,454.1152350873735,-518.70515364168,-929.1499021789894,257.2907628992069,-536.2663391559482,-344.7967314117222,36.22719820728931,-370.94383425006964,-137.1886935575956,-109.72550503158797,-395.1664612853264,-451.76468247681237,-589.9566056837521,-1132.901263183163,-386.5300944726165,-6.431417373262933,-398.63225584409383,-734.9871834495339,-332.92813456014716,-400.26524944039824,-179.82833138297727,-336.21228608389123,-510.0388408157725,-602.2826690312347,-486.69843435117747,-803.127484742049,-361.2567295083779,-679.4293847301487,-51.838252889136506,-513.799224900003,-471.99335852174175,-624.8496915585322,-179.55430402282116,-387.57861056202387,-693.4962456585197,-71.95779152900752,-702.6526426844362,563.6114324045831,-469.82292801974813,-385.6393892259698,-788.2989047369009,-186.51753100081422,44.64539013452208,-315.4882371519872,-609.1029632800571,-935.7654094458835,-408.37780239019287,-534.7304778667309,-157.09286760125119,-280.6761485361542,-43.91413503475953,-81.10923139162313,124.22381830390908,-580.4018268191373,61.37259265726376,-642.98542398764,-323.846515229151,60.110292085149936,-222.2199980800139,264.6748344395559,-258.43828253608007,-101.78320091695507,-594.7002082953119,-152.64594268824752,-550.9092111977894,67.34314483038163,63.1766556631536,-152.99307722198313,-190.32208825340606,-101.61364291978414,-174.26543438471637
495.2590803228781,493.8252998910352,439.0463879413247,30.79377576412241,-174.30329733538468,-232.33257546525883,-482.7218495145762,109.10865521744302,37.78677222378831,-266.3935276408351,-246.1257677721197,100.3566179103631,-203.50674210050843,80.33896548483774,-644.7703694509418,-51.47518949833684,-272.6879237068471,4.26257634511214,-332.93415390964304,-539.2701029958783,-378.3652727477846,-3.9039763309945155,-294.74446108440327,-539.8372871009153,355.35458294060004,-161.8917361531177,-346.1186215369561,212.03241921649223,78.0785293723639,-215.93942973223653,-221.0162731607113,185.68611258206542,-111.90447959979441,-274.0286431591756,-145.53226744315393,-463.33472464172985,-122.38639611602058,-148.6051138237148,-16.27395096183435,-212.44106177118135,-265.9015313260326,-295.1463713349438,-242.3905463268456,75.177876363227,-162.82602146034844,-255.3031953286367,-95.21595803611481,-442.27603286088214,-0.3230852833534076,-355.16259720908533,-193.51931255255096,-451.69582306368545,28.482897042091054,62.75387126768162,-187.35502176157695,-394.63881667370856,-74.06240512793244,-207.40031734398076,-366.40112098808714,-272.52655588951285,-199.48741610087478,-272.8675589512135,-105.05435085743784,-449.8392431839558,560.7917495292515,285.5062628150299,-405.800329787073,-37.501133160593376,-316.3229937701304,-76.49275542997648,-372.47089994086326,-621.7051266141721,232.47642881926367,5.6109814579557336,156.69962028363042,-119.4449624401503,-267.56275496272565,-352.8801176464717,-244.44353835058888,142.19176350317235,-477.85221912398094,-41.87032749363223,225.62681989718425,-132.80363975618542,-464.6845942570026,-180.84752735195696,-495.1998010836726,-338.3998317611448,-285.46324030094274,-372.4320933821059,-275.4089477252461,-387.0863590098552,-17.70228201515832,-293.2443526552798,-325.958187894458,-558.9182452246712,-742.3307496354886,-138.25772704808085,221.24713510686587,151.1951968547864
-225.15684907623492,-88.0427749611124,-3.491264297931884,-450.7760954619186,592.169831185501,-455.0348622878043,439.80713354572185,-120.16724679450742,-780.3372465439638,-534.7745696348638,105.18150167011837,511.6694767944547,-31.586329986154546,307.59572456642826,-113.98033749718923,-258.68348891238367,-130.91896947242927,-187.57857237423022,-41.24780676903613,303.4545598578115,-302.11574331635614,-802.3265973635883,-673.9510697314862,-104.82082180048127,-284.0480958647086,248.9901855905544,210.96610061619577,-721.5023858277048,-72.4753326087308,412.16299186353035,-226.2921851556631,-178.35135994619256,-161.0637173980691,-254.45742775148364,-250.05258483203042,587.0139239435446,-291.08574545010424,-391.78601387905053,152.60613706559312,-164.53915645596214,-301.8815804642247,-26.416740682420354,-112.05552553513279,10.248158312934699,366.95192401198057,-402.5156646179358,-617.4856575548234,201.5379275724222,-378.77573553605845,-448.98240964887634,-134.3132374168633,172.1644091740597,-596.9193919999665,-497.4048822521467,-152.34444442988996,299.4543164513062,156.63791045644572,79.41116525173436,133.10070442233265,110.02156173193752,176.6459252744782,501.0001394027541,-366.705222904025,45.86628914717716,153.85656699170607,-383.5275925717882,41.94088318225051,51.50090796707329,556.8689851302925,153.4942217146911,136.2363516525231,503.3562253543501,-70.78023944516094,-102.00191280655783,-408.9166353927645,-601.248149700397,-235.5556575246839,144.4922508533461,10.786172218563696,68.94973217715405,196.22837991334669,122.85861610796728,138.76127005328874,14.802113126522745,38.136100263846984,-151.7231244577927,423.9631695087634,254.4579705711733,143.59875420580838,147.32733330623498,204.22799599230433,-670.5033802728399,-832.5344644459647,-161.01314669869706,77.46255759640714,609.9588743495689,396.2160291448617,-254.55564012718966,-114.15858091501481,-396.36330240235134
1895.7303356702341,645.0161320866132,1208.9211244488279,1186.5059647635092,940.1157713049824,1395.7921906788338,476.92690302076056,1983.2950493045485,1113.8839969099924,1094.9114467658244,584.8304917414531,881.8217213531501,907.9872732404976,674.7215535247723,553.4688107322615,612.9751693634024,344.82355145688695,269.6813394440305,285.53437657259155,-156.87674128430123,1158.6344118283932,1158.8354790430135,1199.031470392119,749.1204735288106,1408.2529703796142,811.8751180586833,764.5280739015761,1276.6752408414825,965.6691932587846,428.06730919908216,608.505438822684,557.3083217576187,775.3431260530867,846.9019220852837,904.0729367820812,657.2721622901289,1507.6752689408174,288.42690665635234,1290.2068369623871,839.2929104079712,790.6315382407632,194.9704567341153,883.5064810500465,888.3935426054448,874.5749261599656,2065.181108721629,1213.179706233044,355.34183001112245,670.2770977092389,1208.081360194713,698.0149421179818,226.01651228827637,1186.322714054339,1342.7889268843758,584.1490322218293,335.41021808063124,794.0993374327102,586.8792531861046,422.65265053027764,460.46005427004275,462.45224107606015,1649.3227695161877,1017.5033610226316,553.9864486215329,1792.5787991011941,1150.6783393556427,922.6878234672623,629.5251144063145,362.6713785629902,604.3107751586084,624.8378188258813,1416.8294215071016,1165.8519717070296,804.7453017717239,640.1500266575549,1307.343670390093,534.6535785050984,888.1971392148356,998.9692360879708,996.6730081227454,749.5947873754226,751.779781300636,713.1198416518638,1182.9183247025755,249.81905356503768,743.7451370988116,1400.4134342079697,137.7900113810845,1599.6410653400264,1127.3779678384053,206.44350257796214,947.1267882346275,1548.2730299077086,727.9215461943213,301.8613340162317,1018.1086010052086,1232.9854508579972,859.7632140882984,1223.2224090246668,1229.6117142649487
1266.0537757895106,1653.5188753613882,1874.7184503275162,1314.472227359897,1138.8415966743446,1378.5491399908449,939.3474147446245,1404.4904451088628,671.6281907665428,1092.5574368100429,359.8575202967879,1223.5549697902914,765.8306149226609,1231.9992188073393,230.39880253061506,816.3754173899389,1114.9265467629564,1293.8455039980113,1790.4852457282177,471.9452870967543,-163.99514725037352,937.6577988624954,1978.7677626959373,684.5396511616808,1198.6229941318343,1232.571464985501,1127.4732062657072,1817.2948764753442,1498.427770052917,327.2239727359635,1720.1226189308552,914.9997128881926,1263.9786014698414,844.2645980472995,1641.0219669331289,1163.5398278828511,685.7579790013547,942.6264842021174,934.1244093199831,612.6399535404203,1008.9358775568552,1014.5825516887883,1367.4872860768387,860.630974024014,746.353262823451,1352.0743344893508,1052.454306468646,55.09510861881694,1571.5237859058147,663.203270928908,719.4832685925866,1118.3265058762634,1659.473506793861,1371.9145387940657,1135.6544495337218,-198.03012227400035,831.0361614325923,527.962703309953,109.63117463734159,1345.2977405954948,1039.0516948470906,743.0714114477398,1468.4662767272052,1164.3404683120486,1530.8006826240817,1794.0972243771312,1281.4032168878573,1616.8281083328795,381.00629767547895,1070.572402555286,541.8111149866901,122.86277643738882,1235.000059183439,827.4611974658123,1362.0266660986813,1655.706600566862,756.7418927708858,444.6956833894452,1097.01744236902,2388.6696191897113,864.7305644030033,972.2225062591777,1182.18928301739,1238.9161296314933,722.6453319179508,1167.1611894820105,1574.7165876850802,429.70636852737465,1248.2885197696794,585.696010810158,954.767376828699,1388.8190076767257,1103.8072234679948,838.9549306162065,194.79630602317715,924.0194339190697,1247.8248096177695,818.8010810556292,1096.050784287622,1359.2234593126395
537.8212477875181,-767.7103505356934,228.23120522300485,359.26730396122406,904.4952913875674,-365.53256763897423,-111.64797542747581,467.40449630611664,225.512136249809,-49.222709133716634,-18.59919565869604,-23.138917582066895,-215.63550731196548,421.29734114069413,114.75525457302899,-194.33423683979527,-122.68646297168468,-503.9005056992505,-81.8251316847623,164.80117531340403,159.95222971869546,240.94145362733454,-465.87228370269725,574.0398718476924,-80.51001779682102,-112.71310027834988,57.17306373267633,-616.5115582118297,229.91770171280547,651.3439804385014,-849.4028472568975,-86.9960729226774,528.7863192841724,-30.37752965593665,-557.6098799840223,458.06524806143733,1096.4304544388156,-423.98765488775166,948.5421192329685,52.08215386660766,-170.7105017135805,-38.71205397369657,164.32256327303838,110.52986054495395,424.15887210175697,-4.3299572320325685,-455.0393033233429,171.721927176822,-135.31822584811448,399.2204632852599,-186.15268994385428,185.43374706388127,113.04184977527666,-163.38279458999799,-558.7072069992184,569.019065149606,19.01413094916551,85.97748679003237,550.3750846578239,-133.74327939338815,119.2553354864684,754.2942447858604,-645.2326025033904,135.22977740185678,637.4843378851322,51.58731771057777,-208.6303280670308,-271.5465293614196,-65.79349668832609,-541.3710005408036,521.1471615657458,870.7152218250678,83.70817425073335,-59.685175360758805,-596.608476428952,-316.70841039557246,263.4342278949176,507.33305164170224,-256.87530967688514,149.5414430601002,720.2998579695393,231.9445430691935,-262.853689347239,20.089266239107857,202.43661424676154,23.582891513169614,920.656229003144,-177.37361607824585,-365.81432824528736,821.6232250630516,-97.50617087559895,-53.20921409735476,-241.35576012865326,-126.0244126302898,303.93748217358814,886.169264732163,666.0835671596504,-385.5656522468691,159.55384446826656,-133.69901867832445
-1083.3193833558948,-177.66476940488636,-453.03833009826894,-223.12018170911517,-737.4073428042186,-42.165392360300075,53.21432327468048,-860.0710643943396,-308.2210418603397,-22.649550141548854,-192.64319782985336,17.843759162804208,-71.92521680450407,-963.935068864562,198.97737953942743,337.2896115229578,46.52171623105901,353.2344028493461,121.7157865597774,-4.242782327078723,145.74415012667265,-38.271509137095414,-6.524803102781893,-748.0545354331092,-1065.4850653152293,349.73231311589245,97.1018024113388,233.7109011656484,-694.4490072277621,-132.12766203082944,-74.09665643604349,-118.0884471487504,-498.1385170205124,11.228823770571614,185.4327662837907,-137.9989939590773,-540.3937241800977,-110.02091268185853,-874.9638851808797,-115.72232976071186,440.6399616965558,90.97906528307968,277.652695587914,-672.4690698847525,-305.23504159231084,41.17919345355732,-201.8359492511168,233.7440039848241,-237.97371147815767,-435.66284547917525,25.272903261392614,211.43479393823193,-977.141288039841,-537.663610897649,443.8112118094002,-150.35288617823738,-117.38816767013083,-145.58400340184684,64.31864192253849,-120.6616335103842,90.04445920837452,92.9223115104509,142.38008423530934,237.4338894650379,-1061.5553462575951,-309.1224668855726,751.0796591267311,335.0757935603819,347.08386129077286,-14.43252894899999,-77.3839773458619,7.073995074142447,-508.5862751643046,9.573711892071161,285.90724330966765,348.443715854187,-282.34390283378883,-271.0677469684879,-325.523776809948,-285.6715439716265,312.306351489165,-237.87806463560514,78.61392119523487,-209.8924039529959,-294.96992842405365,-37.49357089401444,-618.1585590402075,169.99351599621377,613.1417057047178,-342.6289097256678,-194.65043961581384,-33.00507734437544,243.31985700320126,-132.34291910742476,-346.6931547552199,-28.33938828130279,-201.01684245519317,-304.1099492154914,-258.109598538846,-140.37096662528114
1707.4197768489691,785.1096023980313,809.2247638844538,1475.3331351066095,1283.5306174192071,1704.6725268893217,710.275257275093,2312.7204057981007,1532.0335300963584,1604.2999162536514,427.82961809900667,-41.91474372452918,1124.6838450010769,1410.8793730453283,942.6745526677441,-18.081065463143656,403.79811050152233,715.683673625198,1281.243680413995,-311.9637157566226,759.6566311748221,1686.103233639706,1882.5009893741087,1708.2704225764064,1998.732765377269,609.8629371609107,387.95974071336923,1864.129646543851,1509.7280178537058,1196.691789195388,1850.7132272423278,275.56225787211486,1552.6670918401646,1283.2845517741039,1424.2717874591124,949.4701119344255,2416.4827587447007,1518.2285514093014,1277.0246940928005,593.1721147620914,1314.310493369131,330.69809114462726,116.65761748637328,1099.0629690981432,1023.0516430998434,1143.8318069188172,1915.5812887230702,-351.691003854393,2045.7456236476155,1091.9074477985425,1011.3856271077572,370.9467096263065,2586.8083794102336,2425.545472745055,302.8237277734304,-18.251123740084424,-78.8172510405306,439.77382849792104,-69.6904845712154,1074.9410424946968,296.9908297227697,766.462942283976,1790.2919132647335,392.22579983702184,1608.4811437503117,2285.266175475558,1181.1668433706618,456.80797445012297,-638.9354703964337,666.8321833552998,870.4207185957246,782.651131663939,1285.5403690062972,321.7127722182869,394.24796389466087,2424.7715453705146,1231.6805179526345,441.2806697573884,1346.2870414016315,978.4519102241319,889.3084939592126,893.4046798670273,-233.48871453092246,976.4563206251543,668.8727212328611,2078.8680799597605,1381.1698939560088,-77.48137911844904,932.443932554204,704.1439963317152,724.9596548498466,2248.9982356653877,1719.7752142363333,1261.4857422287237,324.0259830433906,1511.8686213519359,1839.566440843775,1545.1039709577049,988.1196818049848,1292.1147835606967
-852.487387013697,-598.6887764873616,-176.48083205685072,-355.22255739605265,-682.5124364479746,-1029.9484467998188,-788.4375013467445,-1091.5643143377679,-631.369801896167,-1263.50075545455,-245.21245653960293,14.841234396050663,-531.2970631236062,-726.5422376926065,-478.88941813948264,42.051123450919235,179.61227290264176,-342.66516369824944,-437.4643686464757,36.35323435777614,-1091.8233781226063,-845.8215828537216,-985.3366919900163,-888.2122141727582,-507.17573157558024,-572.4902993701647,269.4175856256095,-593.8363824937048,-255.0741877992764,-518.7669527351494,-985.6866884474764,309.31928642184744,-366.3792659359688,-662.066537790841,-456.60432726169694,116.33755666921903,-377.3300416272918,-420.28173506971774,-250.6520314854658,-727.0326582343877,-847.4963506628397,-127.99925833122863,-251.8400932014069,19.267715517642625,-379.18413636729053,-973.2728198115319,-898.6186417809023,-266.50380730435313,-865.2026941176258,-921.1100542870524,-708.0131336234361,-160.59266054845287,-802.9284458059682,-857.135574019118,-287.8592533944923,-367.95436013825054,-54.04591792493879,-154.76078769773545,205.051707486932,-571.8941506808615,-642.0196662110562,-535.1830948812029,-1020.3357364701559,-192.19233734774738,-683.1307623142733,-551.2628368693441,-746.4242291809691,-166.89275398568034,-640.9519893022156,-299.8877208194967,-341.05504585882767,-669.9428101013125,-420.008751553024,-99.99988278869152,-40.95280704482395,-1048.6731001524481,-917.1083443059993,-226.33971811767884,-940.3700334632628,-33.22256351706311,-426.81484142657877,-518.2488274089483,90.0332950940085,-826.5403341249844,-245.725820808069,-458.24074848348965,-1150.3337046373308,-268.4579381419367,-693.8705736635736,-49.011520481776884,8.380385785944108,-1135.3265076586529,-537.4501236423952,-716.2812256615134,-252.47424216616494,-731.720519416136,-1162.6326461552148,-937.1941339777757,-208.94713263789532,-744.0886165518176
218.48703606391632,-183.68739707129467,120.04646200918117,-344.34180364435906,-659.7560493741828,-461.22099636395825,-456.66618634251654,59.18668534078074,-76.46783855649426,-572.5816716104013,-192.0459555691563,-532.4250359042458,135.20602312608105,-237.91090238382682,-360.8763916858908,-347.01008980446943,-771.4933775933802,-297.19632500878424,-1095.2832418972762,-204.6261483737946,-1.2564400337693935,101.484218118172,-490.92176963100894,-240.3723378188178,-678.7530573783997,19.379333544453225,-1127.3794233841982,-347.46313945301205,-557.0232906228804,-146.48849900139209,-400.4290184722451,-454.4887464911265,-223.65432277583824,-404.6301260709993,-465.50009151072607,-628.7823667114637,-1415.9527749995839,-183.26080052474256,-482.7929903847211,-267.74723058351793,-572.2599094849728,-350.7249748558295,-866.6945171797494,-389.97467501556383,-50.95953806753892,-571.700755899391,-366.3568029092848,-309.1764798756044,-1043.5055507495567,-354.80862784075373,-24.470164975993026,-808.7369725939243,-1000.6642335704041,-287.99226405764205,-593.3330803503419,-222.90549951972952,-300.83990396230996,-144.36159987792624,-423.7461064259152,-705.8357242566382,-420.99086302895495,-84.32784945205754,-592.3016533839008,-495.452158610416,-118.79627204757448,-246.31887490769938,-387.53273152634387,-414.6054446469242,39.04218381780188,-246.26052176349447,-204.4608212717344,-266.0871150753218,-596.3617265849329,-375.1571068978944,-628.0360163939425,-699.0200085189082,-576.8702465428702,-722.9230040043683,-360.0949218953472,-853.2492939213936,-568.8420504330402,21.688195337029015,21.950794767359714,-594.773463195368,-941.3441230191845,-703.2366540318941,-554.599008742334,-162.43920664720557,-263.6462835164388,-680.3180951235563,-612.8657397334556,-790.4841187640856,-688.9661603104674,-525.7676043013576,-71.54807963119866,-1034.8897915724992,-524.1425602463047,-94.13691727021775,-25.25133208486583,-17.767711689657816
510.2402002632181,69.59178486783878,423.8082240490686,244.11481879596934,894.8116968468925,644.9536076459989,493.4165763776621,255.1989314727294,-12.905163141455008,325.6122656025144,370.34456779205243,-8.990811865322001,218.12185832745485,530.4960993718803,293.75603048783677,178.501024874509,178.77468111940354,152.87036611281007,635.5580918361943,-337.75392733884524,-93.14794751556774,-156.21471297083804,609.9987438497075,178.1884169404334,1183.9840082564385,220.5211309345772,239.2803888699914,265.4472375744677,318.48362374545235,712.7012281312304,519.0774426720695,466.5833543328764,654.767304723045,293.639932638504,604.7328835147316,749.3226232371605,1379.8238499108486,639.0894924682366,677.037811224848,50.79610727587346,306.48505342625674,-120.15841449851004,85.97391199696811,1104.3695721869676,470.38857007308917,75.74290092063956,593.3993693849608,70.18827566720039,812.4722434581846,-16.440771535510223,719.4972385843467,-225.74433446704754,1349.2196286585677,824.2953869714742,334.72187162264237,88.22004854349458,-360.3510793303031,468.2112180559858,-66.56075206027762,642.8152523480593,175.60195599483555,468.0055524906104,365.9978032921884,-315.92528236337625,1359.6971447907715,581.952819725959,733.9150058555142,270.1479996829959,-178.62081330254006,123.94846975204902,156.03288183157667,-15.241871960567735,717.2092923046434,-95.35265776429003,223.1047071556911,762.9483191979298,307.30845829436214,500.50283147910625,98.59969408768984,726.5282232789823,614.6493752137386,91.24246765909099,-475.4409439117143,442.40412675556087,163.98980978010357,752.4816272708845,464.28027948798666,48.77193612738622,500.7883160034615,204.39116301254066,718.9792288106427,412.5440606154193,698.1339884903899,298.89407677756185,265.20090248783094,932.306658591113,356.9293806348199,624.2913051132717,508.0556917806835,774.0336808518147
1354.9054976108253,848.5946722752143,1159.615601573727,1223.0976283848613,825.9067501263461,1236.2838214064684,651.5695627539757,1491.1366632657284,945.098353003014,1155.9777101209138,409.9574473229331,821.7214931579472,881.3568164470939,1337.4485261883833,428.6606185637613,320.30432371424166,639.5963278752844,536.2573332752622,958.5598770712153,324.57043229689475,826.109766573514,1052.0707985363235,1446.5941390798707,1587.3874905595374,923.5137237873297,996.0323580885733,568.8510831547643,1453.0463848434808,1141.5856742681005,491.9673480013148,1054.220191570273,464.0665477770439,1407.0338923262564,1034.0674782980957,860.3476278746027,860.4766264345603,795.587672089876,612.2128820287472,1041.3986545995856,191.10575721929973,876.6804077790911,647.3861458488026,363.9761067386527,1027.4659146896283,1033.8395194539428,836.4605639083014,970.2464204249302,358.6370681488644,463.2901092811993,1057.53901696333,542.4903440432329,876.9515833148696,798.0401066202318,1453.833780412585,417.186314280061,360.33374758278813,808.3419420192107,365.60174820048434,779.236290471585,512.4443643241964,414.1348538544348,819.4604116116327,1390.7254616586158,713.6429862886896,1415.5568954575842,1015.9446585717935,786.8563543102564,456.9753869305863,232.30668196077184,1149.246164023882,741.5100895618074,960.5190000003945,1117.1462239673913,578.3334374465483,1097.379373138203,1132.0917485995744,445.5234972270209,424.529274081257,911.7249084724544,1271.3104446518503,631.1492207934892,927.3718756063779,1115.087250117347,1465.2345511795977,679.4744103431229,1098.9674351521876,1619.166184512052,251.94267950794992,1115.8931880002328,994.9714847800313,769.94329846377,1587.6546625874455,639.7393449096559,819.4042346194719,472.63975985986843,574.1483200366738,1501.1490242601633,874.169738714077,735.370230513295,800.5700626325282
-315.7642031364924,506.9176353801479,-173.5959673842256,50.2358728561336,89.28211557505342,-57.23177793207642,78.53031896832388,-803.4628203998363,-354.46234735743883,118.27607257229195,173.83454449814022,315.0595234453277,-126.31452915154622,127.39363013766193,38.29125171607139,367.1610422763605,180.0791955188756,111.31916427700463,141.87071590478905,585.1295969218362,10.830879789510783,-312.085117650695,-376.3026065374764,-372.82694385099217,-204.46689676362308,262.46644409153134,433.6921534421236,-653.1463111447189,-344.78046656618807,-83.60536874331191,486.0406438732826,359.55048011971206,-161.06668435769186,-182.6611948716148,-137.48267880868858,33.93686896391408,-988.2069682763556,191.31267180951485,-262.4794444799382,300.57372108145273,-162.1480856176038,123.12982015989239,486.06104335398084,60.73464959396075,-354.50375344444376,-136.9791478057007,140.73606317210806,327.6687019039139,103.05317629848557,-73.53095143556222,79.38718175691969,112.59583872347963,-144.61268726238606,-211.89133736570042,443.0915756703007,310.0108633115031,265.98280348928085,45.02819881014148,304.35938218279927,47.70341726335353,480.3995593211416,-135.11691308677422,-285.8482544011565,388.0689699330241,-270.0570891798173,-311.419836163305,-291.015767151144,367.7840117113121,775.1704222907223,1.1783731632903667,-30.383240806564643,7.144401909285469,-42.66547043688365,223.1334354136089,56.225594696875866,-355.65816299573567,47.790848549936364,297.0162123466956,-327.68484355241975,493.14169968219846,35.09023460497564,-200.03303164726776,-67.52960921818719,-712.0506269099524,540.7396435552491,-564.3236501775848,143.89119132758267,161.02592568077316,-461.3383556402325,70.21478044020672,66.78200713957003,-591.0081601070563,-220.58072170697184,131.7600003395471,-80.79218560217733,-214.7351849311946,-434.38728136670073,48.72765375465702,88.88721125482938,-134.28243752720925
295.88370629368615,972.5793214988623,109.56337725835924,84.94102987757681,-454.01962931590714,1024.016701646208,524.9532683820031,87.5131451181187,747.514178048905,612.76653764451,87.68988672024335,986.8913465673025,110.99816595212803,-151.17266674145202,-30.435410294203756,927.0591744599258,470.69907392301565,1006.486502211943,268.4805493061271,67.4201989609695,777.468897884224,218.6269108905394,908.3530724009189,676.3126868824575,250.2835344543658,228.83949749872124,678.6632369042958,606.6107265447798,457.4114013455622,-2.424703363528117,364.08159119420407,618.4862960261808,-92.97547409408048,378.47819758995814,551.7082380229831,-178.5298990838534,1014.9882716310302,16.523703919456572,407.93737940581707,452.57161554332265,610.2240972415431,470.93454320922905,1086.2525931341263,-114.70512304576332,531.092113161152,885.6699991232042,620.2604714605069,267.5692129961554,538.2097294234095,517.2060320170457,539.4941204811912,826.4933910403132,90.88721002360782,213.79772332992178,620.9657431901697,215.63628078368663,789.2104387416729,10.24469019150773,486.41886180262117,543.2839690515582,751.3322176762275,313.2210476353481,1116.803980733654,1024.971227036493,-1.9484059874393012,753.5666765252777,167.1282170773304,414.45902526562185,30.177608209809993,787.0660504000912,113.38518929102938,174.97236663669105,506.08757400551156,540.0828312088863,1039.253481528338,719.5493480136552,551.1242353225847,2.146027814116916,742.5644165896346,23.638343686115952,110.04857502841485,138.47508138723592,678.8763527027266,904.8950005913175,749.1435421760931,702.7135595034429,637.6308710507692,255.32542260230665,638.9501133623477,611.7730504724261,81.66709504720588,743.9747578122881,481.5599834486461,871.8343585865103,156.1119895167768,183.21684425088225,978.1616531474557,-46.21664526439277,351.79142082453933,514.5274054175169
772.2119858615828,-103.64318980845836,735.1064205722979,655.6390077810192,1261.371373040627,351.0780517126668,103.18828263707604,785.7713893196676,138.09197647781698,795.4103543974137,356.93174203021397,-645.5731994452501,727.0484819585458,593.5836892977657,366.9671478269097,-641.9111624018027,-363.70718494196734,-1098.5055475660351,1081.8787235122172,233.6419666157436,-51.88797180083688,15.832955025913474,-76.45292640281667,335.34640632715536,-1.8903375772641322,396.15877188896087,-943.9797740274332,966.7050466969542,393.1121581089977,125.48492755930145,-331.8262626795484,263.0632944527631,487.07799902531417,486.9620778554819,571.7080377438974,1489.6969129525241,153.63541948088218,484.6507415907516,-488.0610445390743,188.98718590601672,151.76560958378937,436.45736256412476,-279.7958308856072,834.650486224699,558.1737877107652,305.7998795481302,718.1558279218111,-22.489342631887684,258.51088469073716,584.0330277121067,1016.4537549486552,272.66817034953783,1138.793715818445,809.172575046221,203.33419818522668,-126.88470303613427,-286.91560404057947,262.2889336230612,-284.7751831124159,817.8108929800217,-193.3668356853577,694.4606039599057,258.69105485770194,-672.0032805888357,795.6293111249545,314.17527532587536,253.13956105484147,-641.8751207244579,37.45989655876984,-49.201769131854,415.61341848109436,47.75339120892181,155.05178979086295,-301.8628494570019,22.05498603868421,971.991997038822,610.5036940281734,379.1391896658618,536.0612612135517,961.1950196298212,301.8163330333946,-498.81843758276074,-597.6757585267306,1010.8404262747943,-537.6267186095448,215.25951828889285,494.05456600614644,277.40726078307875,476.42234681005476,247.8439475723117,942.2378247947006,1063.907017953987,-1.053048121274839,350.6552253998415,-105.83573262368472,836.8064878529503,207.97891313028393,899.5778808172797,131.76995794709094,784.3382374932124
2169.543179509374,1397.7432966967137,738.7069178381817,1318.710080439247,557.9067350021776,1062.0801106032618,219.03355358985013,1914.95640988912,2159.3234816779086,485.71761426791795,67.16492411578622,891.8638895456733,1438.9979986852811,906.7982227715311,108.13385455011928,372.3370468301659,497.41570883932246,853.1782067553044,839.428927883764,-139.23713792214397,671.6074863941368,1171.499832259767,1251.1391810426062,607.3232592436909,1243.9777522772756,778.6003061146021,579.7126204921218,1140.1942483628027,471.35317028939266,629.2135890815681,1030.902563840594,874.3045241889405,1573.523246150552,537.548165540372,574.2772866713619,422.45352939800176,690.929722742047,378.73140047985845,1179.9550446054266,199.73071525743188,839.2206963971522,288.01218964152275,734.5509348882911,64.31822584674886,655.063218463911,551.8276789347574,47.2077222329347,34.72414502785942,883.7891951718633,740.0730929669634,45.664400816258514,317.7180604603581,1402.3657887585682,1532.3345324541644,868.1789570359626,-28.237254657889075,729.2408936235233,393.27829437438027,171.3686292459573,619.9069873781851,339.5108953855749,635.3887956981981,1212.0545524122329,578.0703237037302,1565.3118135170523,1956.7697354963607,388.2226358482359,1055.5285214636535,6.257598428099977,841.2257585336749,528.8864867167214,494.9127969336894,964.013323181145,983.8528082132187,1089.3464878983384,847.7328521726071,609.9103325605762,592.547574456951,449.89385195395806,1035.5394916302025,496.176308323858,1021.9389376381699,713.705497225842,648.7777819099151,728.8169217300889,1345.4463639272215,913.7884681106325,-27.11341837417463,479.46986154280563,1025.4579801489745,406.3716319252481,1049.3714819745544,1406.0616646388833,825.5216330625851,441.8978912669419,212.53235284274766,943.857698178889,406.4382687345573,1440.7858059243788,1063.706805210246
-1608.4814347744727,-886.4165904289247,-987.6817636503622,-1173.338963710848,-802.5050585281238,-1013.7974515922881,-458.6481529212955,-1787.855430604903,-1555.8293476589845,-1679.9975742858064,61.727153912148395,-255.0132140471139,-932.9859205317537,-1391.6560429437047,19.36938034375851,-103.86260807590479,-235.96822833055165,-56.45671257350574,-729.8494109681388,472.6789503029252,-649.8973352787476,-768.4680777022011,-1444.6569693064669,-1050.3608757164143,-1573.7721965509559,-1523.3920473066535,-222.8836710114667,-1708.9643298837632,-1208.03000129772,-703.1269554630228,-903.0373923272026,299.5919055483249,-1797.4805494946133,-859.5467620590802,-622.84675531582,-1639.7441266972132,-974.2014033670229,-129.90950334237783,-1269.542580754163,-133.7665855463603,-815.9881595409114,283.0378153570149,130.40426976772116,-336.28588726709444,-965.45944426083,-691.6825756130944,-323.2476566833013,8.153431433573454,-1305.877131385826,-974.2667339273928,78.71880398538714,-115.56125686915524,-737.0964968069422,-1763.6468697025875,135.77416726758767,-4.809400411053544,-454.4813065290975,-497.037433635839,-204.42891892300628,-242.9181619933759,175.18428059717627,-1482.0965052553906,-1179.5069006297836,60.68120775797431,-1849.7421451676805,-1721.661018021948,-966.7564502016919,-182.21634509571587,372.8221822994008,97.43665270097887,-480.4518105591159,-1318.9787201546812,-1119.9507510307162,-463.03936030483055,-917.6186192583184,-848.7069400097602,-246.2036117627944,-665.2228758484565,-495.5232971339102,-1446.5750724089762,-1299.0170146130297,-1085.9543270796632,-523.1724448172022,-1305.8121388048673,151.50150893277043,-1099.1466424258142,-1928.5313084832922,-40.32934615810848,-1153.1216028815825,-1867.6417941293028,-745.6797018346895,-747.3578559949309,-1096.1342656762624,-561.109263375366,-725.8085496423946,-881.58077815579,-1819.833187734047,84.81625418376686,-1389.0463254806943,-963.206170667418
2319.843428107672,499.9803731734876,924.7597712509966,953.1294135537563,889.3494575224556,655.9877402259339,197.06414292036342,1441.3100158484083,1423.9861675201576,994.39999012811,312.89541063361867,258.14815921480727,1884.7161633116739,1373.0020453509983,234.33666829013984,-136.1405260867209,227.38478451271496,-376.4719721285454,496.11235358445566,-63.21606183382286,569.7379921886677,727.3643732329488,991.3262874444689,716.4389809032685,1444.8759821145645,1884.793105546817,63.09376710416524,2247.9586210738844,717.7655885586883,503.3217137815616,612.4862949658246,164.55492270411557,1462.7197944939785,1224.8501767409157,798.0780520298723,2215.1187300526494,884.2886731163853,743.9086403979262,656.7943165919763,203.9795269578172,884.0053912609499,176.20662296039788,-361.910141413921,502.2339368936709,1298.5858227918486,567.9354640284008,342.0226331567226,10.426487649683882,657.6524742229614,735.6103616797478,261.8340490707661,75.83282289225798,566.1677788835701,1438.9054988344208,-206.0477848923663,21.738621438970753,164.8242317060619,662.2558210701086,475.4841623651416,305.87199900159555,-287.3626273798619,1110.7391459779533,1169.1923262050777,-217.77315068037544,1538.9566535064264,1204.8802207529063,593.7466059026749,-329.03360569608117,-59.80436158793975,-18.240447403741715,935.6728999945094,964.583513227717,739.5946709325104,349.3290432777815,630.4317298869046,1113.7869541190278,656.1047300213299,141.98658392870294,617.164133423962,674.9692700710056,671.2037484649923,468.9980915827793,85.67212667899717,798.5072417388005,-361.86156627694083,1258.197040438504,1694.3524967839523,229.25247107787257,1036.6895577566715,1832.064171292444,845.3815367434236,931.9988027404318,812.8456054717622,898.4386035753556,620.7617479902475,463.08167561052954,1693.2404197477508,-64.54447111844222,1558.726961031751,1101.4732361526171
-459.30030560635396,22.72850233743759,-118.56055606771649,-206.4840832996598,-507.3167987116363,-548.7862739899621,-51.06393023211886,-196.28079576928477,-523.4226221275239,-749.7309339711802,-197.25425730274372,147.57154219352924,-882.1131852880239,-124.71828086013069,-233.99168868326856,80.9702031670063,273.65142319822826,842.7612798705851,-338.37185978103946,11.737704062832986,-170.5783402451905,-250.37627999424475,-742.6426224898378,-800.4735854320894,-298.8870276301393,-891.7297050335173,243.31013823644173,-837.9853483175633,-228.11872068997044,105.85446160596189,-355.6166606943301,168.79358731238966,-434.21941250047183,-337.39959134058233,-440.33478263003923,-1106.357648930996,-421.11375281146303,-617.9710585476664,385.40198352625663,-17.61747645193903,-413.11155245795646,-75.59032902739158,336.67595951634576,-196.8017679878147,-842.8204999701958,-284.5695643909929,-714.100755760354,-113.67928296378511,-247.00173300547934,-924.5284607770258,-379.13532506981886,-21.74516071701815,-211.8546090069681,-822.3738110813557,413.8157823904675,29.22584838032559,299.2859749343779,-177.95465321168953,275.4041441080712,-554.8341359656192,198.48146417833615,-61.00128584276002,-941.5128189268161,168.3795431483992,61.71737241944448,-169.17067362674646,-123.7278247732783,1000.1231390733042,-65.46060798743294,162.90191597266124,-517.0401326193289,-339.4371505417078,-284.0751757191328,428.2153689355334,88.62707287309149,-776.8018503507748,-477.41100112817384,163.67268537554037,-505.7311053283514,12.881136371234273,-243.3148730492007,539.1869058190454,870.627903115527,-611.366665947404,-32.258435995819355,-108.82190812158495,-981.5982434403851,-28.45800179890888,-389.51202019671274,-964.4382428580205,-624.8578268330195,-998.2711096175806,-186.70712907848875,-828.0807707896827,381.016215451907,-48.922761664255574,-225.458267383831,-148.99788226608536,-243.9374002684217,-420.69967198326356
931.7300818998992,105.9582505556075,357.03134199735433,573.475387194166,179.6266721637208,943.6944399722477,423.94455191378,939.4994119203883,692.9974861985856,933.8575694625456,373.5120788305345,137.80785960207234,1025.2993149633996,1019.4952520164011,570.5937697094444,74.00061745961807,263.105385308338,-133.5770802418302,533.9832972515958,-53.93338321755605,315.13489639139044,655.5968909007266,971.9647330549494,697.8422708868355,462.35293298786416,862.5697440559419,509.0563842784257,606.1912742475948,668.9822251969139,320.3814195088697,993.1317048653597,-177.89400035731228,854.570467899825,884.1774383257714,626.3551104658764,995.340493547974,629.8363859687485,1364.1575019776292,334.30307340415476,255.03758617620826,453.6808311044734,218.54240756838854,-52.708557823738545,655.157939101568,568.5541718484367,134.19296029160003,967.6258388578754,-57.26149540175901,606.965864196941,614.7758348000581,607.1538810225017,264.8774443889135,79.62466969437581,957.1067073363615,141.7753373110983,177.38327400568753,-111.89406852754021,208.46686095965757,236.2543897745453,368.76762089398784,8.221720832598871,232.05671710301326,699.3907163183345,84.86909879211628,987.2727474902799,386.2196742303282,537.1639025521192,-91.84543167854454,-44.571372579792204,-57.219709393464406,401.5354548272443,760.3929553937038,455.77678876712406,-252.71172005977456,41.15254368373474,745.6404675110296,422.1017187106469,-109.67378834853554,131.04236158860027,908.3946003430187,627.6110545390986,-113.09831398172079,-161.73255735540022,441.61140537125635,151.91521686965245,798.8539038600474,949.761489341247,154.8142930776419,667.6518552607931,467.81009864706766,836.5142227849532,1057.2682415909035,889.8769454975389,460.9942658664037,-64.86298698000199,192.4891726542276,434.4594297089318,462.57061331085214,942.5624523235184,400.97777670757694
-1166.3185120475998,629.7943329324092,-796.3158373180414,-708.8448828704186,-793.4114048145439,-734.2445219207705,-302.24661484502775,-1350.8460930492072,-1053.9129374698468,-942.4750369873192,-120.1407025115403,619.5828695581372,-780.613832873489,-525.6190119133965,-867.8957634127414,331.28947902606393,220.05316711267105,266.960254794906,-900.9250462242736,807.5596809191403,201.65475586123148,-1230.2021942688239,-1249.7761567752957,-1163.7433928958662,-504.59424675298806,5.136509946501326,234.14895817933626,-793.5947601667029,-674.8183728036042,-804.5158662556986,-509.3442741852904,503.54325630776765,-542.6097320034581,-688.9494646680424,-934.576442313963,-1207.4915294225495,-1298.5073245458605,-842.5264337167297,-539.253543575262,-234.06726168799946,-545.7481400992878,-278.8837164514042,325.08133692438236,-535.6349411278559,-979.1751096873902,-523.2212801244729,-1260.0412785755332,443.4669926177093,-662.2203928593755,-828.3391483458382,-594.4322928673907,-96.59371156452474,-999.8957257811447,-1500.3498057605696,204.35682707796886,266.2948992079402,837.0670935458478,-47.722970477930595,754.1141258874085,-1063.2467755546854,211.7597130239775,-232.7664317977734,-884.847290258459,683.249852584051,-1424.5766161488523,-1201.138598790014,-1324.7380150962242,306.1753604838121,687.3156544423981,442.7698184663035,-668.6608012206058,-769.3432815038433,-507.3056596937679,624.196690519878,916.9102543007042,-1148.6294264103294,-702.5945848371099,198.65329376414329,-236.07355367478598,-562.513063833744,-1056.9756396254977,107.27334791771186,1059.852843314671,-1248.9310156368192,-178.02019907949588,-931.2751830138725,-1240.020783404808,172.55105725958308,-832.9815558080863,-532.3834475370625,-972.2898740645106,-1947.181190687168,-1278.5899280252997,-1066.5381270436476,53.371256973418525,-697.3137648961765,-882.3819371149269,-1077.9416333352754,-827.0028575294388,-720.1641683740492
270.5815046706056,70.36794321166938,1136.5191351575743,572.8396222852051,607.7043844527076,814.3889094177904,798.8561388401592,718.6334037872639,1250.6323924051987,1109.1441231518527,354.2678420633634,65.2013699995581,281.9311342583994,1271.9594818716048,563.7542583120027,505.72211107753895,451.65270075255336,631.1878918297471,924.2398265210683,-456.0552196334434,174.76258973086146,494.18547311090686,1180.1922132681032,736.1791472073302,613.0477351640702,108.13521073869786,529.3102171247417,446.4379291541125,509.54225404230823,615.6856471506535,1286.2318906553232,89.86770078780779,870.4275592811979,1202.146654118287,797.122436994149,692.9081410527208,690.826191754466,1097.724178842786,886.5634047208936,654.3030187758105,665.8194442123804,179.83493234394763,199.0651140316028,288.39687226254983,837.9271748060141,395.41094450803695,1167.9059036424126,-56.04102760176603,1002.5625715418338,618.9848331123851,715.1908297358442,529.7230097499953,214.85879407506616,1208.0075463022813,345.66455693596816,117.81102486504574,-12.74657685968376,42.44353711964539,-231.69671342117437,636.5638673029192,357.7956631120904,500.7900861414714,691.9906965294292,95.51274878275659,1444.4468612389376,1252.6131905952063,1151.740556585967,866.0373822206428,-239.15888704794932,-40.244766836254584,483.2532341291171,861.148785252813,483.3192009333641,-108.0728792158558,-338.3904451926684,747.9790531045377,579.4984701235487,-211.56845526690586,202.15750554889576,1394.1805090445016,839.0863713083419,243.38430560656886,582.6134626658927,1085.240210999364,421.57826647817774,864.2856517673443,1324.968849313307,385.00111175112664,821.0927079055429,-492.3999254758191,939.1625078015662,1086.0569914828714,1016.3883420551084,871.7951258425894,398.3538388857513,1077.0957280186146,1159.6445492153055,1427.1413495043357,1194.953044446115,1228.598209366364
-505.8966917467889,-262.27689944045505,9.864411188779105,-394.04573192096433,-778.0092239159695,-502.89832884301677,-408.64288669885985,-634.7841173534504,-831.8459707606878,-822.7315747229292,-205.9354899321882,321.59588863166164,-145.46487052553638,-501.68820940386695,-618.1605738492564,315.2716857624667,-108.74773166337307,52.57140046257811,-479.077139993326,374.648937954185,-233.818666690952,-463.44291573806015,-726.5623613029887,-652.55657232489,-712.0456459041903,-141.83231834527425,-226.80903040147268,-39.78946129403887,324.64336729548916,-357.74135811338044,-1378.1742538771134,782.2519183444479,-1055.7889213399799,-684.7124878549658,-386.55057487637345,59.49440608731541,-987.5790400274429,-1014.2041880712538,-521.2200377021305,-67.98871880746192,-481.35582734344644,393.40210464290465,136.95475329853204,329.5885024878236,206.78604742282116,-509.87855081162286,-1074.8333797048945,287.46273998074577,-672.5271753010649,-749.8462256468564,33.81424241531369,253.49991270456925,-331.09760283910504,-1028.4697422487282,327.23208894109837,2.2680113262275414,134.8486962841922,311.1580954726462,650.6806939700735,-404.3926535636694,-198.85901070096074,29.190173223597906,-249.86357499472285,250.21291122753436,-648.9089583385796,-385.777744898314,-287.5695790518558,187.64905620693622,-5.017528496841478,-14.773898454268757,-362.2823941941554,-696.7189839619016,-571.2831355640593,111.54905466290012,685.3308797330216,-758.4258100620648,-322.58288305397804,-199.12304669387757,-78.2406214328147,-51.297135537905895,-519.9641975585341,-475.72843352695844,458.4225566550898,-320.7511265450885,-285.86707510677496,-690.340228518118,-964.5890780367151,260.3434824375592,-139.12339465208225,461.16239665435313,-179.0583139415121,-692.60457985473,-542.4899149768944,-445.1109121312762,118.53073376354966,-677.5590027028733,-793.1097630884991,-739.8519895464481,-865.4854903259571,-845.780253696203
514.5204829327178,771.6955256435931,451.96154069179534,320.1726622784804,238.89329022169355,414.10027819760404,69.54266814463809,620.7421325751802,981.4666560092018,380.87544515808685,347.78968541892476,91.8133071065899,46.451048831305194,289.68249137254054,-418.5108219309371,519.0497052923242,50.27658222295166,-27.818535386924108,382.2475709559231,-384.7336405785803,340.87703402849303,221.27165974690112,143.11292435243212,379.7342034640698,425.06812644162983,159.9284651474078,104.8494694330946,334.59068511579136,167.24838824564463,-556.428693485222,519.2215249652612,607.5204549429094,411.6374324976959,123.62075824827033,102.46374168223443,262.8350159349677,-439.99203144810303,651.6949549009914,285.84198458704793,441.48214522436797,353.06218069968406,46.43166481698045,383.07099310986064,90.8673824095633,493.1815862612482,306.68848537294133,754.8753647798424,-134.4499139439132,700.197771366295,516.7283923127032,385.9112869015992,-15.09424132926541,383.1834204225191,509.5435979727534,548.2486962675521,-163.39282957628694,228.84962182565343,-191.98876667900421,-732.6708413494863,776.2314766102606,333.521597374733,46.126590643008335,707.9907123747636,186.21044801160758,225.7724871190751,499.1090498514623,-565.5615542803711,-177.8409565875062,-25.800999921202653,261.3022105410204,-133.7682653033925,-215.12749912865195,657.7213035480205,143.4177600685666,156.25287581479404,439.3905064649804,180.6502459457592,87.77841719989932,623.7251581973579,666.8853781458663,-630.8982341087213,140.6402553244227,398.16969818833525,286.5860105753244,203.39373409705564,152.91689541251853,188.95665868998157,186.2879954648644,-186.80631896383258,-341.78596282006987,544.1960763530569,571.0522351689534,-168.95811649639842,630.6253650149839,-229.7604668744134,26.128847632527112,-466.76847246346955,1083.5534819831598,616.9068206766066,863.710659881191
-420.4738249263637,-70.97560252787262,-789.1809617146067,-517.3251679997828,-442.91060995018944,203.32439924090917,-86.38159061309399,-1120.1460647880187,-792.4410765774383,-338.43569735902673,-70.41048986400733,571.6130902084349,-78.55881431023278,-915.1129833748972,391.9339775087722,341.3126976701222,491.63425237856154,1041.6759257491508,15.182156714642383,972.688228847347,-166.8975015763818,-192.6914689182348,-305.0210225009155,-284.19799316887065,-554.7325191726437,-251.82008795530788,553.5872625312862,-303.2825815762303,-502.87861607921195,-128.06680587681856,-585.193864810122,887.4561476416683,-1098.124250144865,160.36147480214083,175.16524947766428,-773.8180360189026,188.29503233034032,-521.6439183149097,-880.0685425022676,107.9374641546184,23.952604679144848,760.7168404354438,1038.195412751818,68.45129870005815,-464.63071748702913,-158.11166310228714,-8.23015152325992,699.0642804219684,-798.6237025878862,-463.2823511498301,518.8302614827451,830.7391884493805,141.8622832716476,-457.0757096576112,619.4703699063549,700.2506425228255,481.55741587115114,223.67428056770024,1213.2365981168132,181.61339559026015,446.49351880534476,-64.42168550514732,-359.3635262046753,806.0926230685001,-870.0653704311546,-307.81006031042995,-114.68336975585883,1172.4652982777343,697.1302827330421,318.263585627063,140.31830049942812,-432.7274809903172,-247.49923904828285,384.21994394160015,813.0591515187793,-540.4817202988698,351.50843979473285,-311.37627994743633,6.632022783017573,-267.0335173912603,-199.09382333091258,-157.81779722202486,313.0751607915514,-233.1594763835388,905.3816839235167,-48.27097508611496,-1065.346112130587,293.6047588905031,-524.6278670478035,-197.0496660637762,-176.37835491773046,-6.31657932031694,37.567769464522634,-198.96623866853375,111.55172880971483,-464.6700273472331,-570.1329692451817,-248.7209535984136,-842.3540468008155,-313.68367716101307
436.24797654799494,-160.37499160805376,371.0846006641155,267.86018066690247,-26.482145501792676,544.8532011166739,307.54672818994516,418.9124900204967,653.059916194641,530.1713372871067,548.7010255227934,-480.3021403827613,977.2156330510705,112.74832286396125,90.77369719974193,-179.10995227728785,-662.7771496676859,-1084.405197581708,498.157969707431,-1110.7315323470102,597.8388541401333,357.68298390859377,26.109327482875223,14.025084375823495,346.77990138095726,356.2728312294009,119.07587372407698,991.5891044817897,224.53373792818869,-763.4384718817699,290.61398064535234,106.90146306732034,86.03763172415773,-68.35522447506322,325.511952817967,1749.8036605005502,-173.71373977574993,674.8924233357558,52.65478863136749,453.8778273579897,232.43370033333278,-92.8311473951474,-719.4628604719142,513.8984884537101,699.2132241187078,416.66986562059014,509.55168714851374,-396.2496458955679,494.53729022056046,10.534305216498078,486.7671329939324,-763.4571193045995,741.2868833838008,450.5591256664891,20.736805447762034,-313.65402726385815,-489.8908733679273,576.2856288607077,-804.6367952560845,568.6261574251362,-371.7149320265091,662.2877120585099,498.67818728942933,-380.5244917806553,876.9640816451556,500.27950483215335,358.4389398994432,-1289.9603806354116,-347.8119471609923,-92.91674183837773,-86.73856043371514,94.87765782835487,-237.77511308022576,-154.42020630159612,-657.2167285664405,982.439470015611,-32.89342942765572,73.09965273521732,620.334978374119,668.8537342007334,398.9970997702628,-644.8826772882227,-1330.7333542818853,296.95696622947656,-1088.739161930561,42.28824585573985,591.8090501120473,100.63365099109116,162.273595772709,1114.254397678841,186.43993174883184,-7.88152982729501,-212.2251038706281,601.5353858219593,-162.7032718530312,217.94816763186654,756.555024710824,836.8386981380712,660.26089953579,394.73931439784565
296.3368301557949,818.0140528977809,103.98971806116477,575.8892764061885,543.9007415239613,759.9369111619109,447.74943902543225,814.2111438636651,-104.64478145489271,550.5968138016755,217.623487696623,1796.5693182723967,282.6196359133622,-121.50405090128794,636.9291024757365,1109.9238950746296,1368.4872058417905,1975.1680242736275,1157.488660341352,1412.5168561528785,71.59124176144171,861.0062112346309,696.6492810910727,1289.8246959167104,577.6649603949917,216.24921076134643,1959.896387821193,890.2118165621977,865.8492154189813,67.3143801198539,982.730492284945,1161.5064508056553,519.3538338921667,1105.6241027358096,913.1939764966111,260.7424181820569,2116.3629521695693,25.159117933334795,-413.1889172261281,33.47311394096584,796.5094581598222,1063.3014439286994,1894.8087527856574,597.5163348112218,-60.95695237739739,1125.258488966416,714.9139096376732,964.3041195674083,283.0099653654476,731.5153907589264,-47.17312511268003,1779.9342786014072,1126.0949177926868,661.1912378371964,1174.8336623045282,792.6164443081699,1508.9805786125182,435.84710600838315,1912.7196941894351,944.5990367860326,1084.4571990303498,337.67433530535044,1005.8274912307828,2144.0464626058333,-368.53363049364583,694.4780497523188,185.2288855992506,1631.465342768387,1019.5320014105318,1342.3959878864862,727.4813618936367,403.3955113119557,1022.6973143126164,962.7859024021725,1918.2330956165615,433.2484600799855,374.03970236363085,780.8921301511491,756.1404171261202,1005.138882362849,831.8708868284891,1017.4587834548075,1943.901572938454,479.27334687825356,1799.4517968132282,1312.700158008753,20.85556292482918,237.04386908534016,470.05249305771787,1030.1150714674288,611.027005944488,2017.945110817296,623.1545280832651,214.08456414858912,202.46661728432173,452.07232603722247,540.4528532758749,27.568799686762276,-132.72254560683191,418.5249139859254
-196.1989942748196,-93.48926865046752,-187.8513500407916,-161.0992386565038,-192.3748762585864,-140.40926655808508,-71.15705355721222,-300.5951612486422,-152.57138721134297,-164.68157101696963,-34.734372041479354,-75.12533405446119,-210.5523104026305,-123.75727095415202,-104.06220374925189,-50.63477391277075,-50.017746919533764,-85.22233862538494,-178.8050461422519,-82.14573684888536,-29.730493229568555,-147.93800548864914,-198.767815849362,-208.51199217725502,-125.31805465787676,-128.93888765206617,-82.09586163238322,-149.19596408061557,-211.3483818182517,-103.6792509666577,-127.08703923413741,-79.9789293168421,-182.6881270729581,-88.56117097702032,-222.10236398630562,-214.35692206535464,-215.10826846728534,-57.6148836387034,-154.5926126449932,-21.02533080324416,-68.54043945878853,-61.3204632406844,-89.11447975294426,-113.3982738956728,-200.14615350688666,-200.42441322054606,-114.66576703940777,-21.428491492757946,-161.02572008736442,-139.09183387258454,-56.49153912629199,-174.60748109960366,-271.46797748191545,-187.5133759619113,-60.32742079526015,-43.7180708130292,-93.37714629544149,-100.27097150150267,-42.5793159913871,-70.34037181354918,-57.91560900129137,-138.67099895257894,-139.6202582166005,-148.0189320573569,-233.43349167670493,-209.81112195673472,-136.4130893087566,-105.06444121372328,-47.44423619766969,-83.46917500029144,-76.72061244325327,-164.1640110624185,-117.69573950183796,-68.31987051815189,-110.62714391828146,-161.04931987666552,-71.7936821119347,-128.69607087402323,-115.52936900125115,-285.78451986960675,-170.53325504115134,-40.13995155897335,-213.23901310638746,-165.06458390314666,-80.41280556738546,-111.05259429594781,-297.54895098498474,-20.967434000425307,-174.4648838819051,-212.19280382626397,-143.4617191276202,-287.6040992384221,-59.631071460060454,-109.53708667782908,-59.13457231682219,-187.13082308080072,-221.53143679608525,-140.5680227348494,-115.7627812732219,-184.03956420307878
246.01339770395947,77.98488880062062,188.41397578532008,183.7779003914515,221.0580601330566,214.77582079135976,137.67656482152114,384.0691963398912,171.65256273553928,269.6853375611841,58.67559787405642,42.866686855066796,288.59746171184645,112.28180844184277,214.98406207131418,48.14368890089653,23.114239220346583,62.639921587987466,213.65857461327062,119.52021248363765,117.59636333182992,210.7516670196219,350.0249933742028,328.9058985821789,133.07790629458523,163.87910946413848,64.42844716016283,238.26071175704848,169.24203120990884,154.63745934148105,201.41885961980773,53.168880430611125,220.83114265645523,145.14803831510628,250.8450338750916,265.8005008562628,365.70394497300714,155.65214260487497,134.6719462614916,48.17382656045575,92.09118191880891,85.34955291784719,115.83598330223803,198.68494411343914,193.29460877007796,294.6334919696213,169.09900967243271,80.89491728617283,168.91671483248555,200.5728561245104,91.14430203029185,193.96423742398883,275.94098421646635,246.55250653631614,74.03167984125552,105.29083514797212,98.91167174229768,114.2821151234621,90.11056916210124,98.21268024495,71.17277169090414,129.06449672634255,197.01834649565973,202.79477924707376,181.2455542055639,159.28955698066625,226.19030548426346,29.090056232661915,111.06058455894316,87.98579881462935,104.85176653059443,273.44238861525594,78.15826324888442,44.39492815870893,62.12247319427991,214.06148409526807,109.65591015029234,219.23194375768674,160.59383008546175,172.74369605583829,283.26752644301246,79.87838846045362,151.33279947195976,177.8348083543612,83.73583792550471,140.25656696731414,429.9449903621009,19.425931919338836,231.9419463685734,266.16275015062666,161.7529593510532,345.9350659386812,81.58781498199914,128.71067187239862,69.7248585842374,333.40099180399403,376.0267690546798,221.65130321745588,140.28279280531768,192.88602508499395
-25.159508266028354,27.794226279701906,5.565374577185807,34.91481964097964,-31.928162471591524,40.263091947794614,36.832065427048974,-147.8347105771296,58.63851707924272,49.18614639526629,17.476284772328164,61.57184815784528,22.474271501189683,41.74373515632099,50.94929398337362,1.7557157552379141,71.22227733126881,52.71278559749146,38.122097542675185,68.7127226928837,32.03046842672115,5.0142223272757285,79.2872602539878,38.868790860166236,-23.61958013598403,39.34932175204848,37.132327399996846,-6.0972363817398225,35.210152674474855,-54.05090829333863,52.38501116354831,1.218243017648341,-0.4418377702277041,0.6521966442293913,178.75918334801173,7.375913964400886,-104.9114393088909,-11.107312952818488,10.348757856621994,-12.209284414037775,-0.2556905865752067,35.904234271829864,35.17225249256362,-8.501845272802129,34.387400341223476,77.5458227937803,85.74322770949932,16.6425573806565,14.724504636959173,31.80984183816939,0.6919904251272238,107.18920112993779,48.17283268060266,61.8425272817614,22.4872417923386,1.270032451502619,53.5265523475823,9.652544815536896,-3.841274496640725,-29.61336004104337,22.581654184622415,4.618429481475264,-2.927749338822086,-11.285694756260634,-76.82791109353576,7.820246915524641,8.705486946890158,7.0357201334247,15.668784669224337,1.9084312439247249,-14.20209343077224,-8.553691282634375,23.993752049039543,66.14658448384878,74.5988552952158,66.96387826421261,36.82772431999195,-9.144842379038389,61.88508584316757,50.14101085832475,16.17939438889733,-122.89854170064986,68.59610391048136,3.3848539050659925,47.620365186331306,-30.395201949801827,121.7557052961552,3.417316821665421,35.15201578642796,76.580527518509,-6.197943715362553,91.35324661221841,-45.524747777022654,90.03423407684525,-6.432322342896734,-31.557400945222856,114.30572756814875,-80.5631443170641,-6.3390247160906465,14.272137848791509
212.52583354619935,76.49187460582732,111.03055032542115,108.41458072176745,116.54848434869969,116.74757717664085,10.867349243490501,264.8972064808306,112.97530506492011,187.4039014929245,-7.518516758520274,50.354558326605904,167.81905283175288,116.74238592432165,108.46391688351673,47.10536752877733,21.462470738000388,59.97182359155722,91.13569203974363,51.96654545474466,13.66865533976174,141.83465627126563,218.4630168783107,157.39259016303862,127.15744162345318,51.22305574921693,60.54468079375488,120.44561621384925,144.1036962778095,94.69829005991141,121.10140731107242,45.963121332206164,122.76744336710651,67.3474489990834,139.96620955928,175.6843051712147,198.055205720447,57.978208624957254,147.89823637834763,5.105036622192124,-3.997570317954541,21.834929855878077,16.49384560363662,124.64326372176659,75.21596732212045,135.6119298293485,110.12192917418572,-10.894539268607806,167.10599493408978,123.29219950694944,20.63016192566887,112.88721345754504,183.91132027957687,159.73074761622883,48.408515534859525,27.86956343758799,62.63094206945478,24.73259043630045,-0.36305969803724,28.000125687837293,16.506498418077406,53.984163880045685,99.24631744006655,132.49099931649286,126.38389157719263,156.61944636392127,71.78072789868244,86.17305256272238,23.50718771493207,32.141493498255485,19.234192325577563,187.46141084247915,65.50572495566855,19.073960779395783,19.46759353971745,108.77455026168248,46.59911115437402,122.60312719946768,75.84479485999817,164.5241383386421,176.4674296117235,36.95839630627012,152.54871049902158,114.88992621395853,88.57089015390073,77.4251845837242,272.27910775802184,-18.897111664032185,84.35502603836898,170.27479696088903,91.04561399036716,288.21757543963946,59.050325322519996,93.43405528556858,32.69511894164105,181.797187382335,182.0970172746268,164.2299785990621,92.1646203779501,92.69056545989551
-2317.045683941589,-364.7665361867452,-1460.5069708819592,-876.9531921419664,-381.9027175176423,-1075.7674389416356,-819.0534586695258,-1489.734830018487,-1048.365529481006,-737.4557516701917,-1172.1111233711108,-1431.5398758771944,-1822.1759036895983,-1635.1045229873791,-1320.284530384803,-866.7179135235306,-151.71357018688855,-1014.6431880339587,-850.8825239141494,-772.905503326584,-1048.6264565828164,-1554.3194410434803,-987.2161747599309,-1588.2722082952596,-1499.0667940459718,-1201.6405670053857,-567.3349804700123,-1694.203649839773,-573.5211344900938,-1194.9640048662068,-1724.4627240511236,-1632.4757853773797,-1526.3507302481544,-1016.5926171739239,-1269.1777517218054,-2470.1437326183022,-2060.0936976593266,-1199.8665880306125,-998.2533375453193,-864.727357111146,-624.4862044709918,-781.179237852332,-503.2843198619013,-1654.5850482462713,-1468.684531643721,-338.8445062045953,-1058.6581860769672,-633.3196287799042,-908.2485249455855,-408.75022306676954,-1628.4057918025117,-854.4076238257514,-1417.1105209356301,-1725.9760540960067,-465.9594421624544,-738.6984479083753,-470.79494111978534,-866.139653687168,-1365.9202412535965,-927.0891907203629,-645.6979406138809,-1642.9109212167755,-1165.9144690356904,-999.4809418836176,-1601.853385655841,-1842.1060323655765,-1131.172073501163,-1064.4551614232812,-1177.9013010041301,-884.2414504555044,-1064.132526389529,-1243.2633290852243,-771.7372012924764,-368.2052347386121,39.06745813504703,-1984.2414449353707,-931.2280334325695,-981.3714721927939,-812.200703088678,-1078.373495723611,-2101.6425626155406,-533.3608655173738,-872.4573908403611,-658.6198470406365,-724.9342296398534,-1752.042644685361,-2057.910213857033,-642.465399835235,-948.5972439958796,-1870.5276635268588,-853.781733263456,-1404.8311146083843,-1076.8038589298922,-683.9639898046498,-541.7696200906196,-1709.2376524027127,-1807.4160914618974,-1786.205883853203,-1455.7827817119864,-1046.04422753472
-550.7005034248939,-472.29396145734614,-549.2882843658589,-650.9940322287922,-585.8199586336307,-552.691339695378,-264.45839877455023,-1129.0548658850612,-441.39584926912,-600.6456183983333,-86.89334547470085,-519.6248223624051,-540.2934907348143,-458.5391668990754,-253.9545183431854,-262.844415828983,-322.26452409033357,-334.537470602299,-644.9801964455954,-405.28480466124597,-240.19103469473148,-498.4363879807555,-890.5237257833668,-614.4527998114324,-509.0397920684776,-415.29680872164124,-378.72051711417384,-534.371993983863,-506.99285506249987,-265.93810984030137,-571.5350947442823,-363.4669274910578,-549.0848722837244,-348.6026409852077,-716.2161282477879,-431.4804746258594,-598.241774025277,-300.7119955280401,-707.1700845305327,-130.83086433238583,-261.5953651607372,-245.67272303328028,-607.6424111912161,-486.6494041793179,-393.80098986957734,-922.8728230838252,-551.1845059663028,-178.78663230373286,-517.1362330638982,-582.6080557363055,-115.42494452450622,-555.8114859844355,-823.0297765960083,-715.7967671939402,-343.2901115464382,-190.06425524658917,-452.13044958396944,-358.0363188689818,-276.29146763255875,-311.5398241683448,-383.71590078527134,-381.44469190322746,-448.30120377557427,-666.4223233960768,-741.3539456876734,-577.3302632523225,-565.6580897264074,-581.6898885776097,-238.88764242420925,-355.7670220839218,-162.33692510184434,-416.6547442959707,-559.9719159016918,-348.03111119785007,-518.7607022109612,-420.17399472403577,-250.16129970538424,-419.2297008376157,-331.34211854870546,-1032.2603185500136,-522.3041736686906,-478.8688395610815,-831.5066947716957,-584.8104009141476,-455.4773165920014,-401.2157722787463,-797.7392030396979,-55.113102903369516,-384.45898872183244,-596.6987546349748,-461.3606541744428,-1051.8932302321562,-481.52286172129857,-323.61043595228296,-184.84694134384526,-552.6454106507852,-550.4194502401513,-303.59117315829184,-444.0557052634008,-526.7519349905413
-530.8271980268722,-131.69326255283593,-358.63026271770815,-351.6660726958446,-338.6330616301956,-87.80445690436655,-145.35000993128781,-295.5981308072819,-228.27877100070063,-138.9376767257613,-133.22414028615367,-134.23068446695316,-462.54918892858575,-445.06430524413594,-197.56735955784583,-156.68942586536744,-161.1213651992841,-239.45151201914817,-164.7255278204465,-174.1073672740425,-98.99128664636791,-178.6960346899031,-297.7327751717034,-319.78965308326224,-336.278410450461,-274.7054264647737,-102.01386608231428,-224.9966672895168,-437.36135032263786,-508.6821342601284,-210.47617404297407,-187.93117981730362,-341.9103525052787,-138.33167585891803,-335.86876740703394,-460.15384318895593,-105.01702043307264,-134.25324167309168,-344.1389445501257,-92.29075049743939,-87.27461178527689,-66.09647281701072,-123.52656741521663,-260.9350516496986,-378.3553020878466,-233.79408967484824,-182.1528905450314,-34.179504256203906,-432.83897524671573,-85.53228819896101,-201.26862582914,-246.72503498779867,-386.9693676139739,-291.6617058259333,-177.78994605676584,-79.13641415310163,-31.238423086137914,-162.58609586750967,-207.67101404801744,107.09696310855483,-6.879646626904835,-320.85523134838195,-179.83695657495457,-224.12013852888208,-466.5494567151752,-300.3873462348729,-267.75455504922445,-316.54609400910897,-13.94175870963623,-25.965433973153576,-215.2990860031995,-361.42324097757916,-118.57321379985461,-198.5880802017522,-217.784708769833,-393.79782574309314,-182.86679814263343,-292.11793294215994,-120.75899806595646,-354.9638583264612,-300.59332462724933,-134.87773103557913,-316.3829021424652,-110.18424979573781,-157.10155179509445,-271.31197259144847,-866.2949768036424,-43.81231172853551,-457.82616574452146,-326.7404702089019,-211.58249511131024,-221.11894547842675,-91.64997201099807,-133.35040160397637,-288.7733346274882,-569.4086818669462,-603.0428951093984,-273.88805943306494,-216.38817780659235,-158.90370139997853
-958.2657088019138,12.997103314004663,-678.1613949372274,-622.315230251934,-544.7064528257022,-1328.3522754462012,-1207.0958990971537,-1183.0751586372307,-703.1415491044306,-465.0269098849302,-265.64891458713083,-182.6773006329776,-1019.2764128669313,-926.9638121710997,-1272.9798963451553,-185.46676023256776,123.47682553583398,-307.31559828101905,-1054.702190721082,-118.09209751604055,-659.4515132263972,-865.0435779568265,-997.2898523371148,-1482.00146543132,-306.79239627234176,-654.873747716334,-190.25651821706384,-535.9028861703082,-22.815333472443264,-591.2589366650345,-817.9836122848637,22.539452022530828,-1022.9879986259566,-801.629876134605,-865.9667764916558,-728.011283540584,-2254.3796469895155,-1015.6095088134172,-912.9276411786162,-189.27666301918222,-558.7387331798905,-181.4557413693616,75.70310937290932,-1683.3022153652919,-484.78569676134225,-96.14038032133793,-594.3525826342712,-95.69823165415826,-312.7266786758189,-776.0750344437944,-867.4894126551812,10.723241968816176,-830.6226131487309,-1042.68054025593,-27.82312370895062,-135.09049532081,-144.5142550769579,-467.88775203511585,-529.4403129082973,-732.2139199619875,-307.6013185186341,-341.1306434511698,-564.2652182060939,71.22785503064368,-879.8015328344467,-659.4256367553714,-1294.1482449694647,8.423443664991913,-187.20532954874832,-194.30391504704178,-366.1314189799771,-736.6210236879629,-770.7146242637854,329.16977874189246,198.87687580073833,-911.1568559504183,-542.2977086379308,-458.0013524200696,-500.27096103176467,-859.0936882140002,-1030.0125731531325,-570.4600872359712,454.5215106419013,-383.92681468271354,-108.3059197972216,-772.4723803183047,-1393.5729399353372,-333.54886227174114,-485.05009975623295,-1381.9388344285753,-637.8674498285573,-963.5039887498266,-999.0394884677397,-453.6137344283492,-22.23852764192972,-521.3928231196098,-1551.5763538705876,-820.0341316151635,-1094.0190459331968,-1017.9086526734721
-37.395555801938215,-1374.5746953143175,-164.37740247256,186.66788099935286,131.88648447828876,-1341.941159519212,-215.03287646550356,-954.0624224100187,-839.3775855852691,-1244.2480485868753,-250.79147369956587,-1398.8617942021324,-61.354749026956725,-255.4091636492734,-35.889753691674585,-1428.1362573983145,-791.8574486478735,-1427.8751359590515,-536.4196478412061,-807.299376328862,-673.168581877357,-645.0422360761067,-1344.9589946072808,-952.0237493632346,-864.0557155664499,-242.90115946592644,-1128.4521402462924,-861.9656641075734,-460.1343998364699,-590.8120546710393,-908.5422395737419,-1151.9798742596483,-527.1042856513446,-481.97887681692526,-104.84555788101737,170.7181680890991,-884.7220938544798,-785.7260656769828,-416.52435258646153,-959.908319573509,-581.7650366507777,-633.5310071057455,-1703.5099515336087,-22.396138484619005,-426.8092675285709,-943.9404560372786,-1078.533342317637,-754.4521465140647,-1190.3350664270909,-715.3114736238728,-662.7675719661563,-1617.7809819297063,-331.81552814039696,-718.8192272883723,-1017.6206712926521,-918.1915767552762,-1105.9279664210123,223.9328318362757,-701.5576814856016,-798.9819827344896,-812.2766325311791,-15.190296162727437,-975.9965098311278,-1916.0043384721746,519.0907343764095,-674.9268553921568,-202.3792846097155,-1310.0012844857247,-853.3830924271798,-876.4437563181096,-57.05175683736414,-399.7349335040891,-431.5147285873596,-680.3317934169731,-1119.215771625422,-552.3498268656722,-662.4072847382477,-1080.3297729589533,-596.627844545877,-730.3696061168343,-405.0407523090687,-1087.413936640153,-2239.552171801102,-1080.420365747975,-1625.8275757802603,-747.2981104360805,-633.2197963932689,-364.94067371641233,-516.7846749810853,68.6462104376556,-807.9035339609368,-1312.2871200081443,-449.754176973852,-695.7463315584328,-538.447328989404,-500.08544470488795,-498.96104824901226,-1284.7242578121861,-671.7071145388561,-882.2463760316326
24.848808844298073,292.2299005795176,-5.666404762635198,-27.687145913825518,-150.83980390224986,102.22910156631826,-96.68309158357769,142.74383814408932,44.97562560612019,-69.1345247245426,4.1845571017066705,436.425998219295,-287.0981402506455,15.908114413458394,-218.66863448505384,159.0508663653302,19.44486539826976,243.77312869531374,-108.38140881224766,39.38741209069404,50.235456370167604,9.4994500897908,120.87917285537044,-226.74309089054074,216.98335592951867,-295.9275950199392,142.53176399342206,140.84929474571686,-234.67725709413477,-200.8992609261982,94.99808487083405,297.6082163701914,-105.1440031115813,-8.87755763266684,-46.48969175028169,-434.23832389799094,-111.72983764643256,150.3474974135615,10.110199582344473,166.48209429897375,88.60709702993114,52.10650161064367,489.30281938768843,-58.19497647005302,-259.0372714371189,148.3323638215672,103.7384885827711,74.87444843157022,202.47809090287183,18.415771408459584,-65.1181402415658,290.02229836130067,-87.13712399884736,169.7896945231387,209.51442786079662,83.86891820300794,229.15473688070628,-172.52168889224743,73.01268219872202,153.02568713358028,173.15977085612658,-165.70989858489426,124.45391021946905,433.0133187919947,-92.97998235976063,-98.31264936644764,-257.26100675321584,441.9159318949697,155.04704166155616,140.31661809377687,-187.3168722733779,-219.68547359109832,52.7976825881606,136.62546086293983,207.11374988841757,-36.24005986819633,45.262243432359064,8.566435606151032,16.351187015299192,-61.12276813746058,-217.11524725767185,178.22614904051696,604.5049327354099,116.93012357391508,290.3290501326799,62.93907068601289,-378.0522273247231,8.109991244314715,-133.14168781407727,-365.5333567872283,85.84844572684534,140.18227277020029,88.35710334556875,-27.62921364929855,-109.01917853795983,-25.907416042085696,-278.410026773182,81.03133493684744,85.6042332244598,40.74507931962026
-97.5870101923434,-154.83368545212195,108.68786400817041,26.267435987904072,-15.194777328672545,-213.60664055506547,35.81898072877178,-28.98213213250169,-144.44326154657557,-227.44386539526886,37.98010870503275,-269.4439092090657,15.585845965173025,-37.730578700291375,-26.67048448933502,-144.29220012512215,-26.71463427415073,-201.68268992864907,-48.74661607238657,-57.96340116473224,-51.0243387562572,-137.85504404684633,-199.91188400075274,16.155531656470508,38.724603914071565,47.998742589572714,-229.9537211849918,20.882110532968614,-6.801975122182192,98.24937608288846,1.5526231493082512,-58.91090915294955,102.91718881999459,33.01137630413925,-52.13772542821748,141.4433069816555,-3.6616426517007303,5.725188503998833,4.524110344107536,-29.623251663950082,-27.049306450696523,-47.72843469586213,-285.317318583139,39.61648645946367,101.96683976819487,-195.2717752011952,-157.3726338969247,-64.82123447685623,-83.52948137005643,-159.596480316216,77.80038883878143,-297.96749298281617,-19.583289513860343,-95.81481928519963,-219.8472938422461,-130.7594895873351,-203.88433741675138,12.455435651702874,-29.854364776621253,-42.64493348992769,-161.61784097717216,112.9061368042325,-39.36844003786552,-309.612919091856,99.95131829191004,-8.427967691054675,96.54572634778192,-177.1080596278062,-169.4964638797919,-40.469141119108386,138.27803068631394,-38.8268990868386,-33.37686262267626,-79.4612817160418,-168.98584469341725,77.48205021141666,-52.36066525745409,-62.52710685808514,-140.03038691662175,-58.96997119938028,-0.7562702254215401,65.3091155589804,-477.0371745071042,-105.22062935433858,-201.3436320873019,59.15302018908224,45.89629258961444,4.357050338332338,22.623805023918788,-29.71596128608369,84.8290306383989,-230.0214133071907,174.8151623681335,-198.05797313208413,66.3484662846142,2.6868037591126144,-114.69579950711551,-116.51117246790993,19.614963495379676,-103.12857521338267
9.910164271393418,324.7612772526068,-166.0735093556561,152.63525734702162,123.3780831323659,-67.75338698732627,-214.26429565943414,132.23920416087356,-183.14883734013253,-20.482091485718346,-51.75078992144059,340.10854002206776,-175.26937871758955,279.79664507429544,101.21210163835812,-77.08235549934719,188.14404258186565,95.16760572053802,-347.9943005300715,134.47685975504427,-461.44193601537063,102.47696905113726,187.68953268516003,-411.2057938104005,114.0648375672693,-95.31657526872607,178.94807463174104,-239.5061792801694,-312.2984443137699,-207.72871178044892,104.87871252010466,65.96791246946032,270.5067054030436,-466.1399471602514,32.23033374160121,-868.4134906163881,-725.3233404373702,462.6056233291826,-32.717507430630725,-54.01498437015753,-165.27143619013765,-184.8211876386631,67.32577100628818,-84.5695648346897,-553.9727207656301,23.53280178359181,-228.43405471794588,85.64643586345728,-80.39369227691061,364.2435638745154,-387.6134792546851,102.60956482478113,-305.5896037876214,443.0478111767225,239.5974116497918,93.41327406119647,302.3001708941606,-143.33627958470868,-24.563296111478653,-494.8296953979911,157.7129779553354,-395.0852984893012,-306.4761274973768,636.6212448823179,-154.75927555509665,-275.718365001995,-136.30982025266587,484.3560344622538,297.99925374193793,-129.92518728073873,-484.14179971589004,-234.81123872276873,-22.59576791916569,247.64734813085042,305.41696818650416,215.5367910466375,-177.23340374893073,355.52646080588187,-163.7011728535593,118.5170418622035,-256.493815684909,-141.8463164038375,954.5086659755577,-346.63499496756083,449.4083101184042,-332.69130558078956,-1118.9258920998236,-80.33549710926926,-150.35624582272033,-594.1110351380133,-5.903158953420092,-173.89309623364113,248.4111972862013,-284.1124069716135,-343.4839322404621,25.032422060097986,-572.2418150212437,-194.44067908178292,115.77362271147281,137.64282447915488
63.714038784195075,54.84019551714996,79.95006145095189,77.52313626047412,35.54591492882425,44.22386071150312,-7.010900177158795,182.29456177601097,67.96668225305015,109.57962735112531,-37.64834534425324,11.233143648435084,59.36624755379489,61.00910657741453,27.892085405472482,35.41679358345247,30.13994623714897,31.441067788975953,67.69622972319931,-20.690973238205384,-44.4734749842769,63.08188985276159,131.03409099471813,108.3525040951919,53.00412851872931,38.21074056983273,41.71804468380639,50.995524417140246,82.27658056187272,37.78946888405962,5.795025047847717,-24.329140990616363,13.786674551070957,3.823392359485303,91.5302813983766,88.69837923912053,96.10233851455652,10.517985171138188,132.31248777717386,-35.83440462752878,-41.373258046819885,16.929878526266307,-12.883603806556954,11.120344601212718,44.256895614113965,106.09680188637314,57.607094597924295,-33.45681263901879,17.533665125124514,38.86328690603919,1.01509682059026,85.012331850841,59.566573945257375,53.79979736162732,-21.116555934410613,-16.4365898768263,16.858050529708326,-2.5313678082367757,-38.8111376311517,-16.209177808148294,-13.762798252063062,16.039477670913893,6.990321862270509,16.81215038578475,80.08553042464044,89.84496230317161,42.30531435682721,-13.081695605609186,-69.74667708017336,-31.255710744564915,-1.7015859037208947,74.8893774140984,56.867894697916064,27.1213085167048,30.200085550377153,49.484420182580784,-5.964747354950219,15.694606084106965,29.52674831608104,151.36012150239935,78.06643059683483,18.331790205329245,102.04128443231798,97.52469310739323,32.499574230985885,2.649222604058033,177.59845824115362,-32.1905683171312,55.64453938127361,123.02801036465846,64.09694929410023,155.53689825107742,-9.568578927955489,50.25103880545935,27.809274895329214,58.203934681097344,114.4672244461887,43.048276322528764,58.71344826160853,70.60864917951065
36.46084172967582,-85.32082256654355,-38.640666649730626,-5.501955575445324,55.1234650647373,-60.73652004872704,-88.92514521592288,55.28124488768056,-37.18074907395993,-21.04586587577153,-79.2711462920411,-192.84253014948268,38.46672913758192,19.045999483004856,-36.18828521511774,-134.23679634188585,-80.51475747688222,-161.71923878948633,-49.438247664896195,-143.95778244138535,-116.97175357654045,-59.58404887809212,-72.77690835398128,-129.13021764812083,-97.6211777217655,-7.594133152847301,-80.30105368341758,-26.088471536698187,41.70086816195651,-30.705885373084865,-118.38841195238385,-136.45522345413346,34.21583523717315,-131.1663425251529,-16.095109828403032,85.46066505030406,-83.21288395262133,-85.88686378420601,2.634206635624841,-123.15675756761864,-94.6803810857553,-72.68157542084302,-262.24048066473694,-47.52220574093905,41.60565615856163,-65.01717678860497,-97.19629188109509,-101.27197447529264,-102.38059039577028,-26.97933488922689,-87.78237377296911,-87.90646777063326,-127.94976599411825,17.201605196606224,-101.99392595232389,-69.69012997688444,-112.12499468477306,-11.022641552836646,-150.16942369853484,-183.28642733913694,-184.30636601157752,-33.01380830871609,-121.94526392428628,-174.14638297568567,117.70743566747977,-111.15440807877391,4.169893139503728,-128.49851160974308,-117.22802033030763,-110.30404159227365,-109.31976679639023,-12.264031716481007,-83.61064491407294,-62.10156355301902,-105.57837945877678,-18.323496812839245,-75.92450088783104,-37.27906534195712,-11.098023031228275,35.03651504478913,-13.19344981139782,-219.53708742660285,-55.39049676581041,-23.16879992196033,-145.9090112917396,-112.94291620832874,-5.337719962940442,-65.9151769593865,2.0066133731010205,-12.366432379343376,-30.576485549104124,-91.69711919212727,-65.21555490884431,-13.041990365177242,-36.76903833774348,39.98980097655106,-39.25226874994744,-74.81600811004387,-38.570290028284994,-50.62465824828958
502.1895548883545,433.99755581882647,655.9559717747414,455.8556490903623,427.9231129954329,303.70967801080087,14.229834739894395,885.925412214038,129.11419175937993,313.85769567623163,-33.31436368927901,400.03862536092714,16.761231707485653,311.15884264786786,-84.32654560240708,298.7759263882772,132.20670064219937,170.13471168869367,293.7653542070479,-84.37324195269287,-38.17330583554445,400.2292649690481,434.87344048267516,117.69520953405885,676.1487269487926,275.44346183662856,225.3130869885852,230.8979786696472,307.4440123618956,342.3717146090375,89.98134604085722,211.79744405854478,266.381320510188,306.21649021486365,4.545038169722718,-31.30437317442095,450.4784340604473,103.76794279361623,622.9279864181664,183.8168840308911,153.06996216334804,-1.8888129854084967,530.5856305972095,198.78636336422412,45.70911228739254,272.3101609005065,225.0745052491044,-52.05955160341429,512.0939202184751,269.1369245063263,57.87383886659312,-77.43269742181099,391.3209080912534,188.10026413094752,70.6281528824344,-94.26046786366707,261.21007931341177,20.501645976926934,69.55648475724713,207.88877740750897,339.2902499404705,357.7782344955988,254.27131623543048,194.01912664683024,837.2748803598076,651.7705734768822,97.09974307256165,541.8929378066857,-65.37516136442437,60.49969784678388,341.6391379955733,297.8924177392772,527.4571074075593,155.4080695509183,315.682513519055,103.14890462257624,-50.47726897753276,210.16427997151104,-50.439121159632954,902.9081822643934,373.56281079831166,1080.099104374741,275.39871989496976,308.99011338624433,237.6230250078298,360.4495572131371,335.35667450120707,36.760815637844445,137.65305218673356,-35.77474347203453,298.8627730060586,180.08582647692305,434.994614554449,-66.4060523034223,138.55244772228318,302.91243613079376,68.0234004165763,254.10534688220167,389.7673695466497,451.40809049744416
-57.06447102830415,-36.03183614542191,-40.65685053876899,-53.79887938383772,-49.560395211580364,-38.2987743065082,-18.719605717770794,-137.37736329918204,-56.31841881351686,-81.8780409211809,-4.4001828561359755,4.039423511251906,-48.22814131019661,-60.88018441436566,-41.03238693051319,2.318480408953444,-28.223779963607157,-20.38625681901978,-52.344322689240194,-5.503728823080408,12.028253635882777,-37.92891169200638,-61.91408742902847,-26.956435484926825,-57.736872731788466,-6.493889367366346,-23.291398482322435,-34.68230263537476,-37.15555054486649,-0.7150337617198406,-62.03560632349218,-15.529658928445986,-44.23419063933097,-3.2584969610237695,-133.82030365998273,-18.709297366190405,-65.66124374095416,-24.565887870250553,-45.24682317561689,2.189281040639964,6.420147074484438,-3.597624103117867,16.05928501199145,-1.416486127064796,20.62541312480264,-138.83049640342097,-41.57129363228879,25.682477419754967,-40.509604486196025,-50.21690455888665,0.18954359750393404,-26.889779175054972,-74.58142420221347,-94.79614231956361,-21.774470224292315,15.336392931543239,-17.96470137547741,-10.175222029285997,33.42128658288139,27.36564021286216,-5.1225817805903295,-3.719652619499812,-10.385068545208648,-32.22277708909194,-75.508223380281,-48.17736907405883,-49.0613832117327,-36.26500202863723,26.697639318456016,5.253711750230381,19.519072136194385,-19.330074130890967,-16.250200141576418,-33.39314543284169,-27.92893295297264,-92.12612177394429,-5.592248576749616,-19.224373092369508,-49.5543755319391,-158.29539816176975,-29.83461989734128,32.19099335633524,-64.61018302804183,-61.508240174860155,-22.33252905366056,18.887959129851296,-84.82701359893414,21.642728286884257,-23.263524509871115,-26.06975325825724,-21.613267313620668,-125.40774483534145,-18.62764722429079,-34.29998821866953,-8.348366077079302,-99.8912238341364,-62.11162952450981,-18.024263377267992,-27.11226618364721,-71.87540072316916
168.3262649906818,307.7470925783864,214.2936325532459,94.54820257818541,99.97538577654754,294.2233881095689,123.97241418494475,224.97581202846067,105.84180941958819,107.04326830410284,102.29882998257187,400.7433812097411,-76.47741351445227,64.95974835226886,43.393530643712076,140.32183561089687,81.84092268834189,130.52697608828035,216.92319500970933,-3.9200704937589212,198.86897637269098,247.8042710889066,25.61898081140342,-113.83804296279902,199.71346417619154,-119.35375041567173,149.34849034920907,87.24097611241028,-4.0985018888811675,-52.99818882043909,161.60212150898283,304.53992406684625,-19.469817682708214,259.49006329915676,-59.577298577706905,-176.81652613921372,63.10086831195665,58.70531311704772,112.01886248699239,191.11991379771368,239.98637552589287,83.5684088391511,355.36568007785354,165.19722792823936,-30.38295120566854,252.81928478449626,246.96772497752826,110.4716109537926,236.0383947178683,203.83171270489862,212.39699378459852,29.5415846210486,163.8830236176925,149.73442796131616,184.0198463375027,83.219632827284,192.56917065350146,-2.9616029024963795,136.68172144711124,254.91955310783118,319.0971817170493,71.05877326946698,327.67714412798574,137.6318820885908,370.8082755869826,325.8503363727813,30.011358823880936,394.65794706194794,78.23747626760066,376.22923938095806,147.60071669344734,92.54149978053033,219.66647334291088,178.63673304130555,180.0333455726043,131.87768679203657,171.23560148800505,135.35392542207762,93.45035357169525,102.4460971129483,37.87286565833326,245.8360518930147,206.03169450747527,154.97360472149967,109.19040661901771,194.86480488014718,-57.057436417603626,89.15829150522156,-23.178344169012046,-163.04916076331637,-33.44620099391377,269.0020177928923,283.053146714576,86.53489806625595,0.5294212407086658,171.20405910333307,-142.5329929134945,185.12891993282219,209.54766920615083,321.5157428668931
387.3151876681172,53.6193595942829,306.759020179347,367.95548829389884,265.91611330455964,94.45255848466171,-28.357950200709084,643.0367000595544,67.47511613580754,223.1116641531758,-8.090978354459564,76.31821390841652,234.19645257873256,139.10217024074836,-6.2602128568593,-33.91799039898157,4.493875212765278,29.62773552156316,121.67738641003876,37.0351304910068,-69.90824096511255,322.9317016308053,364.6520771828618,155.730147941565,255.7289894019997,131.48186025935658,55.60361618467249,244.16554389124488,230.52668245755584,210.1781333266888,243.85833033687456,-34.852872834437875,189.25413661506306,-4.177498081673472,309.22437912403933,248.7459968219904,284.44794998944735,-28.469779250214327,296.1039289734407,-23.043685002529347,37.89294268423191,73.98679555641152,145.84209140692062,153.54822300796056,254.79646464767683,247.45192387369275,-50.93919582956261,-70.97225798662305,79.41708292454524,83.23410295873694,-105.23230752960055,188.06175435453287,282.43392617715296,378.35691064359935,-47.826601581975794,5.560346424104976,66.63308070584996,180.03736253834074,25.59845727778922,-6.867491935824264,-111.82468391828266,253.80878452406427,78.80782750514773,135.70090931401967,556.2403115849656,175.71577220217307,241.486463427648,273.4737666250021,62.27299114404525,-142.36262530421382,24.25293247598115,114.0208012354857,183.24587090824267,149.07415922143946,132.15362378007356,161.42147409056918,-78.74990505011762,31.599000435185722,92.47700912482698,606.8521385964586,175.96376651591166,98.46368109807992,255.63727090159128,226.93909819775243,66.20815276503428,122.39180822038936,495.1409274175055,-56.81367469096125,190.82861367688258,198.06887827030187,211.72783312339064,220.0720153650493,84.32638637154207,117.06282480122206,184.9675096528979,153.66382192908276,348.41407619685253,133.66357913942826,178.24367988272945,191.92388843381207
305.29776833997846,147.268280579959,292.6076299844138,259.7262621946755,341.90428481808243,90.68969103579751,-47.966104318640404,544.2353225034036,201.84957849915608,173.1556086214206,-55.18438799945983,-28.15954680572263,132.78303203143204,222.46257719190874,-7.091859367107269,-21.881646533475518,39.011399938721816,-77.3679554538632,251.25781500582198,-174.10904019978943,-106.36004857945373,176.46269991297785,183.90545474451935,183.4012741358623,229.89700295821947,83.90591781290179,-3.6118980234748688,140.89144823795704,204.22850090874383,156.51403867366187,75.94240790017679,7.557099379391447,266.5097406179195,8.002034108959355,153.47577538483088,295.453833870732,97.25013280673055,46.04385722494495,412.4307455339393,-99.21060478292395,-21.624962679444813,-57.97948405840118,-121.50230920480229,41.67295289090184,171.04312586016604,211.66804896749832,109.57769056749144,-120.14520480815088,172.1367566146087,167.56861478825567,0.4195909116928768,-20.3029015284477,289.7137801144396,355.2886408798293,-36.82927641756791,-142.45082356721912,-6.777794988246254,-12.240240269491721,-239.53636947165168,92.62086833303792,-86.40751273114601,152.94973080883506,39.82695110460691,-110.74044295498658,604.4375428910381,361.5641867463656,164.7248983192568,-66.28843637606433,-192.7034842334067,-18.84948614854544,-8.577922534293137,56.913171251833326,210.5632142272383,53.44185843022005,87.06497237705887,259.552853794882,-1.0413822955046876,75.88438877154083,-2.1879913447821915,496.30944566170996,227.05003076971636,54.68824926899235,126.5577801212377,325.62922237020433,-23.104117597226857,100.27405213923237,405.6432026869307,-90.03847172265505,196.22789234829412,250.69453325753682,182.7861194825883,338.10826742517594,157.8122465890131,51.98084698171899,64.58389157697029,291.0472026165701,201.39968879371654,88.07623095911347,220.9100062624896,235.31904970131183
-226.57038264220517,995.251372939075,329.507952466671,955.5611013864348,-36.43023255556581,645.151159188618,141.76219588441847,408.5620847337734,796.3542224817687,281.98260320341643,468.88487865140235,1480.8706180720533,-201.92641465095622,464.9085169073349,80.05033567743475,516.3127440535185,676.0729030450526,1014.5045056221361,405.33533448142566,1092.2527469743084,563.2005602165581,533.8973396595624,155.59140154513918,831.0128285859332,560.326516849936,171.06633905429223,1077.6142111335168,1172.4754817874962,358.27943946657103,83.29105357815816,1199.4936419590174,1724.9446032804217,1051.0317424948962,263.4002595464011,666.4600759504835,272.4027659175621,668.3275539863365,360.4577881392091,-409.43190522545086,532.9577802946391,614.5471770800985,814.3652712738709,1451.7653311294187,1117.1584028614784,44.096613567589294,488.70123126642847,208.3041818693059,579.7027977454617,845.5835226921064,-219.36577516564427,-59.04362452520251,1138.7326889578073,1020.3239906841105,843.0521471649664,1253.9225485698928,411.5617472324192,1108.777747009395,169.35924354878472,595.6933298278644,572.3508203168323,561.7212254365744,-28.724113971238584,1268.4982719122302,1754.3161330145065,789.2471954839248,762.4153631873161,199.41154323754736,725.1441359895331,860.7737435358549,1013.3197835104822,104.43187615305816,109.88730950095074,381.25741855012757,979.3763629283405,951.615330867443,733.554758493422,465.75719981948663,726.4811581826726,416.5094605354279,131.6874050017414,-60.59732804003764,-209.36914640357745,985.0633465165024,16.31018381240079,1832.2989196930162,592.162331772168,-339.02272836667015,-34.341131049775385,14.13456187710332,250.50463473678758,598.0111132992698,210.64119003297654,1116.9852715872578,319.7370177927933,211.978936344999,859.9321036523662,297.30169458214476,307.70865095097156,-232.74409360401896,-71.62583467571581
296.2183230649838,106.27173594366384,319.639524824494,207.14486641667403,292.68592448336574,317.2777680315646,296.4897862721673,648.1246473099029,121.33230641191456,193.03963747174208,165.90843235524483,-52.800776699724835,138.96329130602132,208.16883837935708,151.4893205824087,27.605295666501647,87.30604784502343,33.460533953700434,378.7918582085337,37.06700404175847,204.82226244861153,316.14368472190836,361.2510134990716,334.61920653452603,527.5627785042163,197.59385554498584,20.67449336212784,237.14484370332434,218.9358974180642,335.3200546673511,352.3665005710541,73.28977763922276,320.0562868887562,293.0815323554967,159.42962121803842,185.90660559123464,456.20820973741235,362.2403125689951,404.4648107300028,222.8693829712805,252.64200681619843,61.57716556622163,193.05810927118748,205.54195749070354,372.26645476688986,267.62587547114674,327.06184319476114,126.72684942622297,267.89509181534686,336.9869455193602,295.77428111035545,121.62390337621757,301.94553407182207,377.2714974928214,84.37499710627218,140.7741296664049,17.370823794050878,106.68236950566481,222.8600389278363,390.0449394338156,198.73899872659845,296.62725108533573,379.56550639528376,27.496338536049063,270.2433390282224,281.13553139610485,253.413480927053,268.4449071770128,41.804947526596955,224.03546879943113,342.61516890308275,190.42886955084745,213.17424621713363,74.07313290849685,197.89810049554302,398.1086281746838,189.99485584422794,223.08618823481618,183.16797130960424,390.2656483020806,247.2306539665847,521.5186966433808,49.73925485803854,229.97886819200582,185.95797177195394,415.4492633922752,535.3408898409117,94.4655245351986,219.64315876767182,147.56886856050943,243.0470615546824,430.15317901129237,419.02383771567975,182.11878568448574,122.5053391741729,163.65610069602067,285.17827773697934,367.0552203915043,383.165514075643,358.65304381942735
327.0403572856963,149.7804050646288,457.4046672927173,429.262197658347,-136.2759473809403,47.125064287871645,215.47786346759955,203.27814578926223,353.44758445174483,101.8800725220342,-7.0945588184011195,1276.1225561768345,892.4599792076642,927.1137022069925,101.4308669838289,135.4952540543278,561.7362235970476,101.8192492329104,-30.26266549989983,346.99054274147267,-234.10617979230827,-345.86211389580706,-37.407686069903356,286.9397810497112,283.02455226827175,438.1499218325444,586.3244282047712,-55.90309010631234,156.340102415379,148.28834248451832,-202.91166310494353,414.0576598962602,715.5141689329662,157.65255877983557,-128.87178225492346,847.1082133003835,99.77211859693108,479.2859547495222,321.1276295129731,-18.971950766342115,-229.63881108390416,124.89141813310493,97.7701691073033,380.73317046522965,605.0058087654196,-312.20988413106056,-110.08887376772164,287.9631206269053,558.1613452019425,177.6025871950077,238.4923605712677,74.25667830840602,310.3912939367083,115.22984250720472,286.2784805193913,-63.87905171215578,486.1748708622654,144.8486152759461,372.8815710962323,24.060931493145226,-75.53462883310013,517.3211884804946,35.81981382310403,284.6805096377262,509.23197544275513,587.6666894667197,177.68636536907067,-13.702940228622587,-118.02882412021448,28.55362840059315,348.66413212270675,517.2545847046919,649.0943533061928,29.287208298790837,247.64817757643172,10.332554054121983,74.44252330333747,72.43217151075226,-257.01025831518575,679.437217912911,599.6023392747214,345.57367253220764,899.3860878230385,497.7709504918971,-43.12387538393755,538.9545575126677,392.2860594146369,287.257407298012,930.9233796671077,735.8175505976199,641.5538461022876,-485.88716962410854,9.010613619569948,-141.625451990878,402.0447284774778,125.87951551574756,708.7405764401499,163.12020458467947,724.0382388185352,420.14617633600056
85.80911826910149,45.564053640434416,72.30653743957525,7.152122926365065,144.53199942368514,-64.55943824842257,-121.4709625522578,221.35601508732225,-133.58230718003307,165.0920607196662,-223.82225947618977,-54.8631649388198,-217.61689466796486,-32.64424541658798,-128.8045718196424,7.41290005602239,-77.83078465842759,56.09902547927173,-64.18271088961363,-176.36312857695987,-231.40264757500046,153.1110779113668,186.78303295509204,-19.671151538903857,145.9230470913981,-198.6179365143505,-45.13930427275308,-13.818723109476299,110.18263135658,100.18196722339297,-118.26894064053295,-279.5642055172818,-265.04633100857444,30.900049780798778,-44.000497688605,-182.6110539012854,312.43713099400486,-256.77545250396105,342.1045440476864,-70.49440731970627,-200.61679917713195,-80.87791131262121,-105.94190611951963,-172.3867476595258,-207.98496058447978,103.45361696145086,-15.623170799275261,-260.266991287009,80.30856943756302,-118.26590403176759,-263.7401425963458,-40.38591033279494,-317.7562245145195,38.75771891709596,-203.92190446073593,-107.27133145431037,-37.34352204301638,-130.5351033723601,-128.326236121532,-276.87878057740244,-133.05095227128547,-298.06565704011393,-204.07652859210333,-42.84957718094142,23.02348397457314,-239.00685129599347,-119.1036475404541,134.4147849468678,-307.4225688909559,-61.85200715675981,-134.60770596553735,-28.037389572150232,-109.07992191791307,-10.955666734140085,-107.4014953323894,-167.36123886503273,-228.82987134677265,32.65014773854711,69.17566903501742,-193.8098555233101,53.93518649776142,157.73069418181865,108.79362841220019,-90.50281529581903,-5.18666959268458,31.985719223025587,246.45713541745008,-159.8026302556156,-224.72896041786407,-281.38699428461695,-68.66035518739064,104.86709759638785,32.15591958838431,-117.49639855583838,4.300081811844378,411.6075705950197,-17.75414729192624,-40.71902278744084,-157.8090945651068,-105.90377001535202
588.9478002413277,94.52372470162346,409.0334868034908,294.0128908211418,347.62003169901124,-43.05260071264223,-284.54319158835295,1214.273777295652,22.98055419345233,285.54894759869825,-306.36988567169107,380.48103992853186,160.345248444908,569.3581380301579,-98.76378803708876,158.10353890156355,-60.924084748191675,-79.37687579335206,270.5454381386359,-186.63506799636977,-326.1106655990631,131.8200510839385,9.83544419150337,-347.40425657475225,173.98936367462144,-190.34148088069398,289.53316822183353,-7.799792605756178,95.18761523940472,-263.8992445894879,-28.740006652003263,244.25970078341922,51.84396387249498,34.7837846737875,-156.27919170871263,6.759342877024667,264.9955665259481,103.54870328735245,640.2607226574097,-295.5607160500835,-169.58227148974737,65.83508157680446,71.01049652957758,34.86950384983677,-191.34776386690902,18.581087761595782,-268.9120504673773,35.25768040393051,37.63152041440353,196.6738960651576,-180.86651526387638,133.9484208963317,122.48527914864395,254.49673797510235,117.23800627686757,-19.36046654347476,198.66005082057123,47.92826122439756,-9.216337066513534,-114.27235219467843,116.19002808889928,-203.52378172591227,-177.83537313301062,210.2244332982754,646.2596293003594,319.9580634691239,-246.7076148049356,460.14566535644065,-13.043680221747637,-52.181100823332045,-255.67909162190108,128.64125254038746,245.4489091044875,92.06732303877627,174.26914239312967,-152.76366685880055,43.39161299816216,306.05939211016926,-101.24603443702028,668.5142965364975,149.87124539824487,19.710172413052923,764.9909411852119,79.47134940524806,158.6032791875138,-26.094574663159673,-27.573542129871203,15.366633350527355,-146.53399176855768,75.30902405364088,97.25128079029126,385.1147637624236,-108.45883598360125,120.79351767578495,-62.37953777050734,150.88018025047572,-291.50717821061016,302.731255883269,386.09436314152157,150.60611261330726
954.7762334245346,225.2294387778191,1137.509183756671,713.7664383271847,885.8559708668813,192.97469340311548,164.90823042611729,804.5486866292377,467.6515448615189,255.23829977982265,-11.340577345498534,535.7668171192037,697.0652849581651,555.394489101095,-143.47130530294987,-6.779549185368148,318.1434043003841,3.7219718433209694,417.4263507865761,90.66179226778203,244.54666224008164,696.2759660756043,1428.7771981677718,783.2480963745143,918.1421816038473,953.1835681413394,-33.61842431217084,500.4654648137037,479.30053036842475,1218.2394192384354,355.6201189730824,-280.450724232806,652.646298296951,349.31915060664284,415.8237945926888,763.1125482001717,359.82759782936245,151.43201104625768,1268.8304478969344,209.79772605522996,294.8799605167412,69.225912844745,341.5238421162393,641.7368888071105,1244.6174306692953,316.7096890112377,299.50279917815305,21.079345911307943,517.4624001988026,729.1395725213318,14.939613723868446,-15.594528701585753,191.4115986390909,711.7346751829328,-325.24722385938327,-115.11884035307962,101.03182794085404,398.99365908797114,140.6519784588849,190.41581492737825,141.78094365581742,983.5430780373049,546.4292920836469,184.5248517034362,1173.080136557604,748.9673394432544,1036.2453358112327,391.3969141026845,-28.640360730551155,192.461241750313,745.2281728938552,692.5330773503007,828.1871582058639,123.73708224707315,-157.86879237401502,303.77077652383724,66.15013659187116,403.12394738821143,-68.14671023529044,763.1999365429127,1054.7021877795512,1508.3205203224554,341.5669535341882,1080.2234123505043,134.5715247449367,770.4799649680987,1633.214611097189,24.89996220182684,804.586207431478,618.3477015644575,810.7465436263506,268.81626222163396,733.6146213442149,-8.026224288882684,534.9730383669548,724.0545476041159,874.2238997946514,655.5246733102588,607.1502988826994,359.1229544728727
-234.40061558236334,-139.4753998659423,-137.29378261870545,-239.50581378595655,-196.3081070005331,-100.90404661104574,41.30647297541049,-194.01868118657353,-205.5161189592834,-162.28475443523064,52.59272437792795,-130.57566419603242,-109.09529965911196,-167.75489639810633,-17.747638874165805,101.45138252367445,-179.6342542228003,10.155336298726082,-106.88721817607244,121.92946529427971,147.92427501485258,-250.61917712438387,-377.3837349347246,-169.21872777203478,-380.59939685910365,-123.41139098864657,-83.54018624987597,-216.40615052996347,-249.1151743453006,-144.90156059094647,-131.60598563808293,97.37523859292351,-128.98066957158701,-1.6871927529969273,-291.8676513751981,-227.21820608982966,-147.99404942504086,-161.1767360891327,-309.9024900729605,42.0159983089953,17.655871064340417,-17.56160094527882,78.33954552971217,-142.0586982064482,-237.83585740011299,-316.77766031273006,-279.70513111691804,135.54559079612233,-57.67826937098775,-255.4498258713214,53.185864164021645,-58.198259901908756,-154.44325791227217,-321.7086135123646,116.40811072125987,87.19511215054806,-28.803349662721526,-9.91326473491881,111.38915016037393,1.239994196756602,50.65667602103482,-56.89483369956146,-163.68191596913306,16.348111083194123,-298.2532057287436,-140.731690551379,-162.35197001829863,-9.404818817606701,218.45725786277586,-26.828424939709343,-71.67817870884608,27.29846544208449,-247.05756938597983,-138.94004108901473,-133.70352655187762,-258.49270339471127,3.791981490263592,1.8857252107506581,-132.97725152725044,-234.22490881903397,-157.1946848311451,-92.19529978870807,-101.79957052419013,-280.73117383616795,-98.93679452142312,-163.204928148075,-267.06012996434345,115.6399983442485,-185.16389689811442,-174.15830694419557,-102.7344892173415,-233.79087304489664,-206.0207730904336,-104.05457903811546,-2.50223770416449,-162.9150072822902,-240.5269387452579,-22.12341342120177,-156.76785994718958,-182.39086328454866
782.4990270192384,170.58220560082304,1188.656429905788,680.578717478784,572.2788530114041,1644.4367529289711,423.7560859196012,841.2866258736318,1494.4108888944315,1181.7778898788522,241.88847000129977,1056.5335298357563,442.28264397533513,946.7513862693079,1008.3455384029432,496.5343984560931,782.2325687083744,1158.1589200678163,1458.6812386295255,448.2324976660187,704.2566114934198,1845.0404123296157,2282.8969871375366,1136.3251833239738,626.4753966286261,297.433168229476,1399.8908644985343,867.0926279672033,1016.1122867840872,519.2102145681387,1934.4230389937932,275.2947259354687,838.3997410118075,1065.7059968390736,940.8666367697027,737.1385177698919,1178.9854231451393,704.809211268752,994.3123536617678,280.5385599773222,954.4630332595274,590.2001006874839,872.4529849738962,1401.8251211401553,678.5071464481414,1269.999346266196,1061.856629757623,129.56721091845765,1121.0341665716508,1804.1902781520882,159.04444118074292,730.6439727463342,1623.0560808314353,1611.1708590561873,760.5514890517759,473.5026225762208,482.1719972819637,176.1669086324387,328.7962995214558,898.5416117996987,718.9684704972427,664.6524624210958,1494.1759712758771,888.8427358242295,1036.80071184196,1434.4888251057016,1279.6830708165048,1205.2372504359626,381.25759339595356,1116.9244172204822,391.7726677049738,690.126905300357,1142.5752291974113,446.2535165466204,416.67711549622425,964.6254379278016,960.5034786508766,349.29021765499317,347.71288739132746,967.8991052244786,1179.754777480849,726.1704618690168,695.5138195459035,1246.0842448298138,1388.362081847595,1272.643533989744,1079.755211381376,-112.9049428978416,523.8211503906516,1791.248889453297,810.8488784247788,2487.5813163465027,1674.6705284810173,1214.992347988527,175.54298893660777,1308.0763390224827,1092.3693072540123,1089.170988168558,868.5692662443374,679.4719295446572
-189.02490750691902,-36.022401632391286,-198.2513397034665,-69.62814214230782,-109.41650874418077,-291.11743687848247,-158.95120759875672,162.51479728594103,-187.5871915657487,-132.59455747419844,-157.72835123449877,-331.664433895219,-304.53591780576784,-139.78855028385428,-225.44656156179772,-45.109802482136324,7.79249465943036,-159.53832054457254,-111.30101128659003,-166.29221378551588,-239.2681389670509,-133.3833678958081,-153.76486605002347,-143.35576241132833,-134.80242824173934,-175.84164788165373,-157.9105248368332,-267.7866428449694,-16.972788086374226,8.604512764001058,-254.56986146509365,-171.19461698837668,-62.47557659889331,-308.59672136133304,-227.47786300969452,-305.8390754990946,-177.81433345951194,-324.4335868183733,139.3275163103331,-135.15874912106378,-124.59969518896787,-199.7672865298747,-221.94434648023602,-379.64223072958447,-317.9524587736467,-104.66262994068003,-332.4149455443222,-112.73338310552096,-163.50749158631407,-139.8911231431402,-270.7481265545674,-173.26849626783257,-314.77487684581047,-182.24096653234758,-108.2494837108764,-168.2171759878549,-133.70730471592253,-187.28412538711723,-261.95868082176514,-327.6491047923618,-218.34269855441008,-235.8431236555087,-295.4065856458033,-285.9412935051196,10.546096732058718,-83.90533143010248,-117.58786466354888,-23.150650869960057,-288.4895910544347,-266.17991894352537,-131.29350512132237,-167.7575970614874,-161.79615653609042,-22.552197125994624,-52.47538573896131,-131.18773463305916,-307.6190883312985,-107.13997545305284,-199.34344778288488,29.585795037170705,-136.74949414957743,-36.3249030585928,57.28459160423777,-71.27353271161242,-66.57924772096416,-236.9235872892902,-102.4234307730815,-158.03355948537612,-171.55142232591237,-263.93166812897977,-125.81578443109018,-403.32724337815534,-54.24381158342258,-219.16208816527262,62.163413395002955,-27.618708617801346,-348.905821920907,-181.1197524639849,-188.99133184825342,-129.65507139519931
-331.1093651108085,-339.1015937622177,-346.6173531692316,-217.63300794516724,-329.78225065336534,-456.67398143346037,-334.5772382523558,-270.30501843904557,-247.74935679743794,-359.8149970146217,-200.21185721401906,-393.2152624729148,-136.6221204939064,-255.0905875875379,-68.12699208910618,-259.96326152922387,-323.094792688772,-166.9047853522348,-270.3081177170818,-122.06965812835057,-301.8798217729248,-134.40816178574062,-544.587090514613,-127.07533216854914,-409.85762777407103,-321.30645506994483,-280.56122045780114,-324.8367907519796,-327.1081240052978,-49.37883120690099,-491.4630040857683,-322.4512795599439,-205.3019567343087,-307.46309927640027,-425.929570969889,-186.59786545471334,-334.53897946255927,-314.52847948006456,-339.565281224317,-279.16283827619384,-288.3132737200067,-154.66386971831867,-421.4622994222038,-271.38311475123817,-322.39415763785627,-428.04797353512674,-511.84654340152804,-209.394344730913,-433.7646834564299,-413.6089083369564,-256.99925811965323,-184.75887895212293,-219.39709947361104,-317.87659486402765,-234.89902257878177,-101.81238953770836,-264.21809739285993,-259.27815229797073,-210.40247209214758,-337.6011849171739,-345.30733679419245,-231.70641476208704,-390.0596653025224,-349.24986455768754,-344.5479422624079,-353.5627221606994,-202.8340862429367,-281.59859276373794,-216.57569517993952,-358.88316048657674,-221.8379473437117,-202.16508295318542,-307.9932270430905,-214.94603195347997,-318.85266565487734,-456.871940164031,-268.070884464024,-152.80484571515444,-313.0136071229752,-462.59139590125585,-151.7467132901458,-274.47774151004916,-361.62274553340455,-385.3145042856435,-191.6338319908757,-346.6385274576876,-426.43405725136,-223.08525620768026,-317.0314240690814,-43.580640131682905,-90.43255008782005,-314.3830665581772,-281.96727448325805,-300.1137076914913,-106.44141094660263,-163.71547648212828,-117.19603279402516,-274.39760561538606,-316.49122494473045,-370.3741664832217
-732.0602493230605,-222.72633897333796,-232.95509067566445,-224.84197474069276,-229.85819216085994,156.10305954969533,62.96862454752922,-104.9442001904557,6.690010127896211,267.32287788614707,92.83858705608628,70.92504525442497,-710.7677443764362,-142.7526186964329,-34.79831888913952,228.30953590425653,-50.92575951500275,245.2164846289937,-107.804082692887,176.2162249123691,-2.6577898271909897,-3.9249100389153133,-448.1307469626,48.893097075193666,132.1605204397228,-536.6054311991561,210.23053092484332,-251.09209815645193,-90.11349905408161,83.00831399494407,-122.9585128589784,182.59126633208396,-576.9057750875992,213.67164713480773,-206.86974859796467,-170.91032374204312,-162.16985942042328,-472.09275354354276,-319.5672624970333,296.19800043216435,87.34368323232081,134.68327663493335,243.32646624490943,-49.9862309768041,-370.5095465960335,469.6771734961856,-121.77172033127063,96.0763966432048,312.439890229279,-187.76953550537345,200.74547621316432,5.922158909083556,-218.58400037094054,-279.2333233371361,127.6170315116629,148.46401711192684,85.40310588940676,-72.20756651856966,232.61834117000046,-86.61987536766117,101.33272457104678,-84.68567097006608,76.95776374289578,28.5236738991613,-8.146686162197676,-19.68594451117494,159.5398679913387,65.46851623837748,-25.112245832183714,119.31181438694357,97.108419535294,143.16597328441415,-155.2781066640351,260.0823445884624,55.28939100351651,-247.71845414337977,-82.64267012869065,94.46592802293404,13.449660652461063,77.91076890512949,24.07552327070248,-36.901714002838844,233.4441336146299,-26.732128123112055,227.02020797246396,42.781963904137086,-348.68489759826673,29.158524168084007,-127.24041414324532,-13.773188703127321,-164.09602446923148,-206.8183221794935,107.08788133769691,-38.065795319668794,285.34692469278474,176.3408502641317,-298.3151516305949,77.14863567513513,-286.0542738019062,171.05533084464162
111.04113589470658,127.17509680158115,163.8653637560115,138.44153759756688,115.14050627906842,499.28267435903155,360.27387682857943,286.3550760419566,183.08568312135307,213.56270247527834,219.03840266020424,486.83969979379594,290.65137407478727,96.24204694086366,234.45195177112143,228.46998729031208,269.0947287846746,243.30495810357297,333.6439963090604,195.9903653189356,320.5337324140356,476.4986447914458,562.701865558815,529.5660829058194,435.4890008269312,263.76587531107066,225.07392346177983,273.65795642656224,224.42734816306327,192.92900828514192,360.00963071631026,199.30137875476643,331.61076399888725,255.66050052087147,244.9184996357175,169.99224544107008,499.4322053039643,415.3393746414671,326.8178172561696,277.5549590849893,264.06660954987996,158.25926041187745,437.585193408993,453.7895086184378,365.09171250633284,290.08182996712065,566.2841233844603,249.75370426695793,397.4036684227972,406.2033349032713,255.20213849223953,288.1093944986686,506.34693027626577,288.57847511346563,204.2189407945657,265.48685035734985,257.58773571229426,156.0408222867808,329.59365302014714,417.3479637009041,247.81659781243067,237.12100963520206,491.78299929149733,326.6443956662034,-2.529493024594216,201.86999029892496,326.93379976275185,235.2686585794607,321.3534140766696,263.8211788655277,260.9627433893252,242.98833383554057,225.61884093748378,70.19087116139764,283.3649034186026,349.87084786328484,268.7523557131749,236.36771310974794,309.7357546577927,237.44855807712082,308.21361014103263,433.64029047305075,242.73994399319048,289.25424906201044,365.7729541332091,486.25358716295295,391.47035340341887,140.2285987244081,319.4234557858446,336.68036048328213,199.21022272742155,365.1996197103931,340.92121927823393,235.15441423898363,141.06494670795345,115.0176125853946,406.67679028872396,371.84138233393406,225.7962520638623,235.85799808150938
-49.22027311729204,99.57952768915425,-204.9676754254702,-343.63394803836593,-85.64273967642931,-454.53673599034073,-130.74351880183895,-28.689097825032455,-456.23734862289376,-383.816973945314,-16.098726718800304,-235.44796346554747,9.598722547770679,-136.0156985803261,-167.40717515389548,-201.03999931983404,-320.6098367854253,-326.76137626866966,-128.39066801088194,184.64439556952655,-28.064989962442258,-601.6362845716867,-794.8860571195016,-372.08473747877326,46.26662457636662,-116.11208527396849,-287.6401216694362,125.54155744524869,-417.63239926595395,-164.01923948593426,-347.6836055633458,231.28573128606342,-201.2975786933999,-20.970289030022876,-232.51991947346394,268.480659559035,-324.30432683409174,83.79258384110211,-722.4771106798809,-143.82723416620252,-226.2281149580321,116.88018826589933,-226.78394235149636,-104.78958704469429,-15.670003732181712,-327.8989890459435,-175.3950725453459,120.86346959901253,-282.1584583794997,-399.5363599473007,139.39671756541588,-170.99757511327527,-146.4859966739393,-512.3483376699992,44.57378776740684,-139.66044250007027,-199.46874253684777,-11.377474424039137,75.89117134209785,221.1444751216176,1.4347855078109235,-263.72037686202196,-190.08994562431866,-289.9671236978537,-341.94116763985755,-237.88731974297687,-327.17131493006923,-539.5093888605816,140.45528131080155,-2.464474979827372,-128.9671983243332,-181.7913657186213,-180.78562222992926,-246.9426679784165,-232.9967237496537,-583.5397448309312,-29.122595944843265,62.80971234830009,-263.07058676557887,-777.4999516162209,-160.46456675002264,-25.4036719588507,-297.59439991931674,-337.33221669333454,-125.61068769519824,-284.7996859388009,-514.9667721335719,68.72382365667802,-79.17628545903618,-268.2297620389796,326.2285797113457,-320.02052958881734,-380.7882769499984,-188.23437826002043,-304.8627745823313,-221.8589168394769,-508.00865548241285,-259.9013991041884,-120.1483140997655,-349.13721766480234
1424.8067237920106,477.92693079496,731.9784866602548,859.5477792544591,955.9600604732634,1292.3130224885947,506.56090501723577,971.9973591555869,1478.2207455144958,1496.7365941244484,33.99685493877954,817.1367236686065,1203.4891787231943,910.5238492745176,482.68542674591157,337.4179962754795,402.6891973636047,781.6768410999247,1068.6936192367984,179.21750103471086,584.7701093753776,832.1919976670462,2032.8710523437612,75.10937537677033,617.3750558576128,536.1881855674768,720.5488803575416,502.0113368044833,460.14519350424865,388.93079189716155,1040.4953345004417,344.4486574678814,1031.3598959561093,849.9485453433095,298.4811729487245,638.5546015578689,1271.8487644656466,1201.7169180179997,1133.5196646711702,358.2641871587336,290.50322066251664,145.7656103955064,591.7700044409936,287.7969053581906,52.76859799394869,1134.692040119148,576.2697635862042,95.40123966530086,828.4704888710919,1415.4009903832025,-107.45812337485697,379.6757175144495,716.1549667136766,996.6404771369091,346.83808906111864,200.8930381589694,545.4131711186182,290.9274313944483,208.96403383504403,233.8840312833761,658.2106670054114,89.14260237267071,422.1351834115119,986.1003744538554,780.4527803815051,809.917163016736,405.8598756640544,779.5736996121939,447.49185983350156,434.51115656035415,272.1811489419873,436.07836688836363,574.5196283724281,233.09464122717822,266.4890756017361,779.0339743418905,790.3391032113449,690.9166645978535,551.1992124617276,1280.0178809785168,658.4033733230293,526.3702815078803,837.5474101593417,890.1733133104821,573.3639655487208,903.0776683652659,1157.74209594187,186.61946665818553,639.5272835560679,828.7527077983134,269.5875439050046,1458.1271167257414,755.4060823093592,763.0282067576786,435.47569109942805,1304.8005586635886,632.5259662973582,1140.1295767958222,1668.5873056199114,658.2592195140079
716.5921645468438,1095.0275693924834,1227.4026687876262,631.8894292445592,1091.3460902747431,335.40629499511823,-79.45541204844966,1365.3571772697678,240.40531627676197,834.5587379524308,-213.34599592574898,1320.79919768756,-248.51210949206194,729.6647866345317,14.642125787061543,693.6509511595079,555.647813129735,590.0510544871171,645.9032298981404,210.66384901414025,-314.52185561822824,705.6439025818448,1084.9333941554294,115.43630212522403,674.201448376602,-3.9431418644301455,836.8066174255874,995.1469272351897,458.002220181252,-260.38469903302484,663.6601446591925,660.6117433550357,556.3217147053093,562.3313458371226,520.518997319234,-139.00328958227314,1197.3254220602475,282.90092133008034,564.1311683031128,-186.63364875243875,362.4454402106207,482.92588370027784,850.7382898281975,580.913967326675,-269.4645650668956,435.57114311694096,433.0065362256833,5.289562262011717,750.3119193258102,619.2257932031252,-161.30117371078916,913.3845149622196,1025.4373113343943,1262.740074777438,534.7484948921064,-73.21147197897872,944.8510123285209,-26.909364079559655,99.002024573537,619.1703961925857,471.04636826213346,-183.9107210071131,635.9242367017995,1009.3331716849494,991.7095859604077,959.2110095428535,-7.211222095288275,849.3845868077152,-11.017627857988275,825.2489010758396,15.648939868591492,-0.10539954512020185,1116.4828403057838,553.8082468658612,853.9331261185763,373.07722072710675,225.04480284432458,421.15188521306237,-81.00876117750383,859.4452677201479,8.757871363260689,592.9142057777527,1161.854191165479,831.9850322474738,953.554869300906,399.47808625047895,-81.2507011967174,-98.04811806179171,-11.81093523138432,-213.79320736966693,527.2303269048933,1236.580916265975,415.36981300688706,246.94041991315464,-261.9816407197295,581.3318125557136,274.56240532088395,199.09210896889047,364.5437212698277,723.8762114974122
-50.63566746086985,-355.30645816443814,-920.6881557549326,-539.1298162598704,-10.826388132728589,-458.86952242623545,8.562912084338935,-318.12108749585985,-324.58043043920685,-340.5938838752441,-330.17688354028644,-1077.708036725803,-314.625995594933,-94.1084800043895,-196.31411275162145,-325.649625527718,-343.95236809830897,-287.69148757607036,-347.14665263924115,-262.4641178819357,160.56547098241504,-948.8772396387221,-611.5345972815833,-467.72106862071337,-779.8719339065727,-192.63751125627135,-276.22261381481843,-1249.7316757872316,-296.9765740057059,293.91787771797044,-14.06199878380894,-618.6392506424783,31.762849267161418,-482.8622768541648,-596.4446867795892,-531.4224301307393,303.72431709624595,-249.35005198956043,10.46325556443965,-112.07458847491579,-281.9155474867779,-622.4754401020176,-448.1438252129641,-976.7486426165408,-901.4370708874603,-340.0432684766969,-846.6899454107975,-178.68629301408905,-370.2181038283759,-35.35164564830206,-703.38485933041,-750.2261138683068,-754.4015868782179,-549.2309342246357,226.6867538648981,-105.64884912625186,-731.0134348203013,-250.63721709444977,-339.43544384963275,-811.5923150939899,-169.3577719707939,-451.4794416264527,-847.0319535594239,-396.0191844043524,-961.2410840422034,-863.6338789842583,-279.7519372717367,-167.59841240865802,-129.62621801097515,-531.9424690340941,-622.7744637114439,-178.86175683447908,-787.3044499611016,-524.1049116738747,-911.2211994297974,-650.1728767681973,-367.7461846252902,-152.31526956508424,-475.4353460103376,-376.39477006534406,-337.65223433753926,199.3809823474903,-520.0846021768434,-547.6947466432371,-286.97604090732,-580.8379262935895,406.6949910937929,-180.92792860091853,-643.7643209372332,-460.69061264171404,-555.1079111018533,-255.23463410030735,-119.56270800572891,-122.34973281133799,52.1329515239335,262.0990903230836,-578.1753870488496,287.0959570885332,-464.0605884158576,-1094.3409722229705
-2045.3850423995225,-1415.6186797845025,-1581.9349058573641,-1698.0381931609309,-1558.5233498706586,-1575.0184833082794,-336.69989480472583,-1888.879166838293,-1549.798078368263,-996.0091425466471,-464.47951696598057,-960.8612972708052,-933.1159580899124,-1535.3597459619164,-264.1010129878078,-514.5300768177729,-1102.9048011077255,-661.8497294818045,-1446.9053854236772,-94.93982653979275,-538.9337357341086,-1613.2201192983362,-1642.348736920239,-899.194200184641,-1940.4486997500364,-1096.090648704709,-1216.3397572645033,-1802.1846253234428,-1548.088591037282,-1056.2785804139232,-1040.3126359301082,-1295.8684706101874,-2136.485237492649,-592.3089172772554,-1200.3096091621285,-1634.068948445018,-1091.7908526655244,-889.0776326341274,-1784.646491474485,-682.5990071378254,-685.9988729667936,-507.0605337993572,-1113.17062920998,-1932.9921233029534,-1856.3142659785942,-1356.4723443924454,-1262.1646036339473,-251.7015258187552,-1177.4271345748095,-1362.0652448043163,-820.4495372966225,-690.8438847409817,-1612.379390444709,-1773.5373802707195,-738.8207570219707,-121.38839342019072,-718.2275099106928,-674.0845782464837,-232.9698023099277,-1056.2398925995808,-811.1513621335868,-1838.8624799230895,-1607.63032268291,-1042.4268829327686,-2546.1071178789934,-1775.9742950288003,-1088.8064608856293,-865.2629022486528,-123.17426556818327,-897.1818842910869,-556.3303286794768,-1092.9315344171919,-1607.1667378383884,-1045.4458948810416,-1413.0411433479296,-1652.597811716287,-676.0397907944993,-1176.5655587079043,-1227.9351181731502,-2245.2122183046454,-1205.9496700051939,-1685.831775242418,-1055.0781126605277,-1363.9972439997591,-1068.025566743022,-1523.4850091405065,-1603.440003345198,-277.57956679176317,-1141.2490005771201,-1302.6622264930413,-1404.9344058431127,-1334.5622367141034,-1466.8575092882406,-824.7196527368918,-559.3994966437325,-1412.7124417577395,-922.8623163569731,-1320.6308369180772,-1741.7841595528546,-1481.5856362186933
-963.1411944198444,-1236.3321429964092,-1349.6668885121578,-1059.798296927963,-487.8568845237226,-1544.4055904398358,-270.0440537653377,-982.5962476411723,-498.4470710212537,-1086.0302112346492,-352.332288126359,-1321.6477737265466,-575.7483517735816,-586.6184140527913,-202.1569978870145,-767.3198032564702,-769.0105968686838,-791.1981697044296,-993.7250525808965,-109.94863407362011,-290.26315660464587,-690.977032827088,-2183.427636876056,-6.553961763150612,-1198.6331118660146,-460.5983952305543,-1236.7021379368566,-1660.349575560415,-854.7230222464948,402.5946689348435,-1096.5024924605996,-1228.3712834871694,-362.8135973685826,-726.6705055847018,-809.8659032461917,-756.221603357259,-766.1871377210406,-1287.879988138567,-898.6301609502467,-426.069672214481,-432.49461252143755,-602.3839241376633,-1183.242750935097,-1499.5234323027976,-199.3543056734457,-1013.8728588287804,-1345.4817002969921,-94.51347880699008,-791.7990883183584,-796.7515167319159,-324.78607660445726,-1122.3198221801015,-841.979450492155,-966.2131635770129,-831.7883266339794,-116.59007883377733,-999.9771403184569,-520.8465586577383,-480.89427065852203,-967.3216613344669,-710.7179707496962,-199.7764425710116,-1011.5041846741689,-938.5899596825997,-633.803349709111,-638.4248935898033,28.193235901274072,-980.2797331768023,-524.3365284288418,-823.249795657571,-226.27767860501666,-44.794005443939845,-932.6346414413124,-700.873076053,-1003.5229933116275,-721.1299557561,-624.961506982082,-567.1275166641275,-824.600863563262,-1546.748627584345,-51.173995802383374,-418.7741586309233,-1651.5788854466387,-645.1835173946346,-696.2433228823456,-718.7182428702541,-431.1599723210412,-250.47332285660235,-416.53026453514497,-453.3062731178313,-680.6650385290533,-1100.762762617604,-475.75570192545905,-704.2843594415966,204.60298199430173,47.0147813777556,-480.7588073396226,-677.8940545596562,-1240.265033123695,-699.1566792362489
-2555.1037835969996,-1907.2927984896605,-2069.654783935035,-2213.420045483639,-2208.968072009761,-1826.1144764004682,-586.2476081350284,-2703.0652122357865,-2050.474351037372,-1853.295001512055,-272.77753401337316,-1707.3599733806113,-1288.0747471780921,-2196.7266969222396,-390.40551931082916,-1019.5551508322172,-1244.7890351233445,-1168.738763534706,-1914.1053604398903,-265.22772337731357,-764.526481415325,-1755.4369728064441,-2668.2641604523224,-1594.0178715422533,-2566.9536361843643,-1625.0984151443165,-1792.0741206494283,-2189.9953854227465,-2055.105206171584,-1588.2786687063967,-1853.98695520273,-1552.0655690534031,-2485.7326008002215,-1066.5859594227156,-1629.911546875395,-1988.669693607228,-2197.8186450286507,-1315.468474510624,-2781.024820943915,-788.4950686091405,-1284.182186282917,-585.5313539573559,-1548.151553768641,-2035.6976900918535,-1911.7766631804202,-1838.9799024170193,-1539.4218597450345,-243.95316135548677,-2290.8541556445434,-1712.1177715774013,-617.2228127191452,-1007.617118754885,-2456.6430295621926,-2510.0311660965285,-1158.6044215106199,-259.4580170630717,-1094.8461335655404,-900.0979361145692,-281.07555128659266,-1307.8466781807203,-1262.806223265527,-1979.5813508121882,-2296.663062131271,-1491.086510979454,-3492.1925065020337,-2785.3946160888167,-1815.416657549548,-1900.5207143157093,-135.25281259782673,-1281.7179954852638,-1045.82135369577,-1460.380268515319,-2462.8369093025817,-1342.5309750695512,-1642.4579276540208,-1884.8773440969537,-1021.0334002195696,-1357.636195472527,-953.1276114306428,-2859.780277900447,-1912.1038866882152,-1940.5951702656303,-1557.8133113551828,-2164.585887329057,-1531.5284430113718,-2257.7850463559744,-2398.4087171555193,-219.35255804589275,-1628.932591734048,-2123.6570277161945,-1500.386129786824,-1983.8383678550679,-2077.5346829244286,-1112.6470650872557,-946.2837490670975,-1908.0476162806372,-1613.0223430340716,-1654.316961651341,-2113.0141940934564,-1639.3660014339816
-1888.147403715732,-1751.1060936748304,-2225.5830621931505,-1795.4916110514685,-1597.0448624261273,-2495.2740787760804,-116.49485030408955,-2039.625620824839,-924.3537219735695,-1382.9756738442406,-288.4324356220684,-1593.0112752328737,-950.7373957140672,-1123.8193831810333,-350.2041540734582,-962.2511104861011,-1115.1508559462277,-955.4181656375464,-1810.336380057708,-168.38042696870662,-328.9352832607815,-1665.9489595427065,-2956.527075445776,-763.7480866833088,-1766.7577170189834,-677.4154914525822,-1490.085934810764,-2603.786514423761,-1651.763579714341,-313.30212324776846,-1720.4964481947152,-1454.974990891277,-1471.6503034861084,-1119.35141545509,-1342.6675999427448,-1182.2673853307517,-2304.1251424279712,-1440.2995442211609,-1813.3191788256865,-464.10724416335853,-776.6213394950809,-678.7436721463375,-1652.2876127042791,-2204.5972592216754,-962.5853407331949,-1514.189464163386,-1926.579078740445,-159.81651461223498,-1347.896012474244,-1235.00443071325,-520.8537568300402,-1207.5235216472183,-2276.4340605391844,-2013.7516350181386,-902.1024935848897,-165.05027058097616,-1080.2374267010482,-729.0302077559585,-98.07552076971139,-1444.2420541443182,-797.8194788904036,-993.8471622049688,-1898.5649208237435,-1261.499575751981,-2267.1869614165894,-1756.3783913612774,-854.0832165337766,-1542.585461728821,-348.6149587539937,-950.0843242362888,-716.0680709024626,-457.8297698517563,-1839.486066096237,-1087.1094633091757,-1598.3048053008974,-1545.777225230243,-691.3383842646068,-1047.6435502153345,-961.1821914479882,-3048.319245448121,-823.5240458742746,-1741.8507602688105,-1348.0164241810833,-1235.7941460633344,-1095.6954470011613,-1513.787892898255,-2031.0808750570516,-264.5978342615605,-883.1733157414468,-1016.1626074820523,-1317.0902506327059,-1887.2356470532184,-1379.9730503384578,-896.7917292943097,-213.57534922098012,-1164.8241369878863,-1102.7342356787392,-1388.4613515134615,-1308.963870922699,-1140.7350651483848
-2791.50157246734,-1315.9470640930965,-1899.4732200984681,-1775.281289061666,-1741.1669341373579,-1516.7952232223424,-157.73975372031447,-2698.6218549892747,-1067.8235163179395,-1476.7909957918287,161.43827941289655,-1006.9386777572031,-873.823156535414,-1938.5917418346953,-82.76538632947867,-782.5848837500465,-572.1738370965304,-625.01714649745,-1449.8124475886334,482.5337789123727,-230.13192932020533,-1324.5656910094579,-2245.6368159056183,-1479.032231576178,-2037.3191978997436,-982.7907985258665,-626.3617346266008,-1767.8047661933963,-1751.4518695392849,-1574.9129554568874,-1399.8602426362463,-972.8054257461562,-1735.7594824988207,-965.7756250950519,-1067.0239488185912,-1399.1902088114653,-1500.5065534107498,-949.8938383408357,-2033.546007644453,-334.60140733322373,-727.2552513509903,-78.33814746377254,-972.8328753676741,-1554.9084648787223,-1144.1717623282043,-1455.3718905654894,-845.8513440031941,220.17997596079985,-1740.4449841919934,-1557.1982796267412,-347.07714923947043,-209.23326004653998,-1932.1545096805821,-1978.944623214938,-901.8122367162593,175.4485381042614,-533.9346254063473,-440.7685377177149,-35.79121735282189,-617.0199595771022,-586.9730581305993,-1791.4367842695033,-1454.1471050954053,-830.7289212380153,-2740.709417523361,-2186.377599935365,-1237.7594265787436,-870.2462352348027,388.7842707127077,-570.8137178369569,-560.0364422367974,-1297.5073823964342,-1613.1431006980633,-552.9698660176458,-1037.5300323933652,-1298.7427176001036,-446.4382568507847,-690.2265935508772,-309.1536479306789,-2052.131753265975,-1207.8699109894396,-2041.7582901619564,-886.642691575915,-2215.724490715125,-591.2605283308149,-1635.2994719496883,-2453.7979851084624,148.40834218655638,-956.8793750305933,-1671.1610339693193,-1004.6171432316596,-1704.4536867843415,-1914.5189876243812,-769.3560132241056,-740.1661601396015,-1827.0034445200345,-1580.2429422153655,-1592.1626570434094,-1306.4553952060755,-1181.0372709005455
1273.094555644662,685.6847425719118,888.5870792438355,1090.0116967810288,1097.3315720143535,1302.0642889962623,891.0728552891622,1173.1025855113708,1492.742067954443,1419.0028397278886,326.08928656281984,832.683043780702,1093.2815503691595,1482.891753362326,679.7445323527237,627.5268821188129,508.13168344097255,677.9284303460395,1258.5811209872136,547.296390612792,994.0233332741539,1233.1294543259717,1955.3960388989678,1424.8073360360925,1576.440747130437,898.6131969375159,684.3426274264921,1333.987059661445,1309.91500822544,731.8045897997406,1451.3160115661265,865.0638003023167,1256.8835546648372,1220.5389130725414,1210.9647839484817,1112.5031426159615,1276.6585478235997,1071.2729524886438,921.7933750651498,645.2498623250178,1129.7496105441755,441.94844468226734,911.8677982290484,1251.3297097777672,1049.4926070673869,1587.9942748359783,1157.3584682364904,311.2588719173027,1983.3271893222507,2030.1020617510403,654.7434786990536,489.01114382969195,1637.4158769149344,1518.4695343958558,853.1093279222614,189.70118960978454,854.4945313123537,646.2309783248504,671.1492075898562,1117.3335083798434,944.8510146963988,981.6234884099089,1501.0332196512481,1066.171825923013,1391.8202978338593,1426.7092218156151,1182.7044303753544,541.3850794005645,603.9321291625323,1220.0057324930367,603.6840841998011,991.5030829574,1071.498358279722,551.3329302054922,1051.8552872251155,1393.336757228859,1009.0076992546248,1033.3481029854563,815.8453307809676,1304.992912932425,850.3096003993868,1061.4054917359747,650.2731432897956,1673.9633536603812,961.9528893493324,1576.2148244732032,1651.418416305532,294.6312039945646,1130.3452008166578,1560.5241482466997,761.6365435014379,1940.0854528394686,1083.1145830593564,1116.2076171551014,538.1975285458833,957.5667856854087,1486.899225055606,1414.1280860240204,1175.107529505418,1524.9343069107051
-351.4496533392661,401.45011851448834,-653.1632780905771,-580.2137841694253,-98.25602685697875,-773.9649312455357,-222.57907185422854,-559.2847212463906,-150.2497108074618,-84.61249737576516,-267.6778275408104,282.4018975951818,-776.713484761654,-361.1606346047944,-281.93643943862963,326.26530445257663,27.997765348607082,459.23463725492934,-362.7883497626258,81.1482267570514,-91.0834305861141,-407.6909076284265,-554.2231131815805,-933.0744345895467,-294.7244563109958,-947.9750998986459,417.81715006135664,-312.35229845796323,-677.2013698228183,-922.6862435188037,-196.98322253466603,68.41468118373193,-482.5319894043606,-121.4811572818941,-484.6681579013453,-953.9347986569293,-186.48289484025457,-303.50179350130924,-428.62918030860476,-212.41247492855481,-315.9749776408833,46.454213893001324,270.54726250874165,-1053.1175237966984,-1070.3402505971549,-109.16363380837807,-123.29722072901906,-32.49657152190836,-74.12231040218845,-192.22372415787285,-687.604547287625,655.4224865021903,-651.0735213913266,-508.68473570051754,148.02861830043597,150.49531263481396,313.3437537270169,-560.6366924411496,-84.79752159459545,-22.679992470699162,265.7944153981557,-1090.1278690840036,-646.23663651905,569.2956792114808,-713.1873409928138,-494.92944225513315,-789.73297625052,475.34297838188667,360.12404675008446,153.6110823123312,-589.894855723035,-525.0033190736676,-190.33338426508277,131.30503328588338,22.084776959860108,-666.1986266947404,71.49183277391883,-234.840374479853,-261.2774172225465,-601.0172529391415,-1163.2880135379971,-479.14248159257534,649.4352441780737,-371.1263184166265,350.91823304735817,-715.0040117893961,-1587.73905050211,-82.76531090314379,-604.6229877812797,-769.5692811944111,-616.033901966818,223.26175002346483,-528.0035320964815,-74.34354680251342,-438.83987901620264,-512.9988514348786,-944.1869503304308,-518.8269893548536,-339.809624682419,-425.91379209527423
133.4584333169151,-142.02609306195203,-46.613156611809806,-47.5892671747373,151.97838498729715,-326.844510267141,-94.10106692004969,50.360208364069784,-70.4707160595042,26.594483294258637,-174.55109723721444,-240.05122963530812,85.2207827183738,330.10290758086285,-32.350321024811706,-78.09748988898205,-22.10066951256721,-112.14357937937962,-174.47746341623403,-98.27673295870449,-224.8717136892971,-258.9566674098018,-164.60430048191017,-225.34297113782537,-163.84721764870116,-86.95914992088315,-54.162445627983374,-327.3491808710627,46.559330209839715,-28.282643297217017,-2.225751028630279,-268.8292545244813,-13.140341927618971,-181.62321212806103,-133.5299381867831,-340.03132766742806,-44.76261026298223,67.64480075010007,221.80804323359604,-131.42032846886232,-223.91186484202737,-226.05034767835315,-397.5356625725247,-331.7356136257263,-358.37896679134855,-120.16417670245907,-311.0384092942721,-251.76318300936,21.684222675531032,-153.98859143590641,-273.13230820399576,-307.16364354338714,-122.95095878754859,-67.91036791306678,-66.0992247338116,-145.19401104451097,-173.4417181040867,45.18609970874611,8.471794998145409,-620.9345165581285,-180.9118000650412,-195.8097640803073,-434.0505451136739,41.23183446721896,423.4520367018535,-123.74684131228467,128.90722738992855,98.07947938582957,-265.639158599006,-144.22145571840653,-249.1141582546005,-132.02529856202835,-185.8905736244875,-118.16205182309803,-312.60778508215196,-210.99489322846273,-170.11572557128198,-92.17556926723955,-227.39771807497368,163.19073896475174,-95.5348554853929,-39.47663851931547,140.3259172012556,-113.68732274250195,-258.049123753874,-262.1548675908195,24.91597201909974,-140.49538656115266,-81.67032724200385,-165.5591698289392,-371.5519547193144,-325.1677766174489,-215.50601148247353,-188.01084341456507,104.04826903887614,170.21195488706113,-29.721530570384964,-37.621562263522975,-145.83695866544159,-167.7778477242223
-875.7085381834527,-205.60819757109334,-405.8601357212668,-191.87250078916296,-367.46928449360286,-337.35759720807727,-631.5281025409322,-1032.9317301782187,-638.2979667965152,-422.6108880508585,-481.2806158865909,176.19894775362727,-736.7822294092883,-621.0986903546095,-400.9964127000758,-153.50719042431416,9.12959631819525,-170.27957298708728,-340.18699486995644,-45.61120414427496,-399.16549294432104,-729.7823007950506,-215.755234077047,-802.7254239367336,-660.3805446136419,-806.1939716030395,-118.70461012669418,-256.919424641101,-784.0486825567116,-395.298343981193,-317.1148151459056,18.0564491566008,-654.8323983661992,-483.62272776868963,-557.6633922614337,-471.0340363571446,-168.13959445812046,-299.7419849588892,-154.95072323447855,-570.9618378747518,-387.0109748043272,-182.1479816480908,-40.34317964119193,-649.01646865855,-629.2496552785893,-303.5205012407644,-351.0930978448903,-29.499359741634187,-347.98651002876244,-385.3922508584683,-458.023597750785,41.61267024341712,-816.9828548967895,-134.44481697940927,-228.23509926656604,-137.66086912109827,-184.98849857308298,-541.4736821780673,-571.8138607794948,-221.99045345193883,-94.17901754825495,-915.3410229720962,-532.1336697055,-331.38486692127844,-1013.0947324971052,-752.4633132720159,-798.9680942940422,69.80283448102303,46.1272185802216,-138.7841820779842,-463.06439657869265,-1099.6151400961867,-288.7039981260576,-27.667307531997533,-195.56050812062782,-528.9157608367443,-299.24256086465357,-359.0578707165767,-390.60821261087807,-539.2897587540067,-519.4102858507574,-514.3842563540422,-170.79070591887947,-388.9854444134745,-26.881882668565325,-508.6924513381293,-529.5750186002667,-208.30412045659713,-455.3478994372876,-684.1314274549455,-331.24463373641,-441.60463702914143,-370.0369736236575,-50.56647043152846,-423.1812399106987,-261.8442619540195,-765.9110915827684,-432.5230588142998,-618.4210179740977,-691.8662661882224
410.49245495899004,-108.57698134926426,243.74351647745416,-266.92327165046345,484.7210420973441,412.21563673466557,539.4225469321362,364.1979644204661,495.00140424669024,410.86313448625367,163.82896148865774,51.07329670098405,659.763399778316,483.815868360836,645.77180524807,89.72505594672187,27.14970366347042,337.7537539951919,247.6156857429994,902.5225915279832,550.2733121308813,89.37717211455048,270.3820681534054,1149.1105333139474,59.560339754464344,238.15015343074006,31.397186562121053,13.742797339538125,154.47621540748284,380.792183703035,371.23072722359257,-12.658988750310737,257.9442488714769,778.5555500703002,90.84174779889568,-32.89388038399303,819.8805561906062,522.2770994223054,-142.07830207183963,357.74587829949473,316.1334667040977,135.168937559491,83.6651422930806,611.7590182246238,238.31104927742393,78.983965720067,267.2193129495859,246.99268576400513,331.9690523181499,431.5388554852106,375.31761742603453,301.99631201922216,539.0697873839156,188.7276000907678,392.7092597409019,280.06641081485935,299.8245699060637,177.80001414818432,602.6483811979006,110.4937373620158,91.58599329191996,382.2265329687404,375.4026066462362,616.6035751755467,247.96661438712707,77.62636309842618,469.90750981812334,281.4366630667714,199.52635831316223,224.9079145215953,358.16019966492536,719.5432374811023,-85.35591925803305,22.864542590832396,-43.26389898461367,-111.02104680769915,465.42657727484567,233.06907127697673,197.95376854316208,-233.04417217467596,268.2770010887498,587.3765621590896,281.08353967799974,408.8342119228267,194.4752443018057,227.77376639862243,653.9584145913376,217.4412495365691,189.58178426709307,601.7262303061995,29.74492487407301,930.679825237277,68.69113436531396,254.0608828150563,314.47821087025693,617.784344073762,761.6813069594555,614.0040891774191,26.511562567358464,232.26412020314552
98.00334250827515,118.07140981000995,22.08537826691385,163.44972550990047,64.03117683904026,393.6303451425249,307.4627271660879,-124.83767034858397,319.0753904047245,123.72465627906188,289.58700892537394,507.3977883633522,272.96060912686403,165.78580510642095,272.0935404021768,222.86120019085692,201.31462401166976,294.19915914465804,179.26486491744302,250.86284243670522,370.78805641217053,0.7336452691496804,223.2864852936033,516.9130914867081,217.36205867247847,342.74683902822517,262.0149204532597,277.490597259266,150.17903492726225,135.73942158155623,552.3871714996063,489.6909613128773,205.54698498966692,274.55695079700394,262.6520089752306,351.8057308695878,414.00713077030844,313.7824863211327,14.607449830589596,307.1607066148913,353.9393581365428,134.21603736723728,467.13156605929777,384.1317287788994,282.35440912171686,269.7856262582981,386.27665367844196,210.49663761162944,396.14511976155006,238.72710109046673,317.95699301562667,280.565088931333,486.491665820438,251.84687741562723,306.4316220502661,262.92921775557693,288.82042307003314,182.15653526839768,304.9285281711565,579.4099505719402,284.22099469995965,273.6669977095883,469.41722490703654,415.1154164236494,-45.623739497673895,251.8143614956779,189.70174039609446,81.76513125844622,232.83559061269804,265.6392953781074,196.56458797075962,125.5769840219118,272.11832942977276,140.2671439298956,329.31645193863693,363.5225328998275,381.79932371572147,193.4525755492867,313.43024751548825,191.17091953904324,107.84286604078031,64.14235995796747,149.83213882617292,229.39467934283638,218.4145208894033,436.9400621256107,337.36710197287834,198.72505023358468,176.96936636635337,436.93313553797566,97.36395102581703,392.57818733084036,150.26222898363784,349.57091244274295,131.173941208566,198.7179493259954,374.514657630209,171.56007847924087,161.4162421842891,220.5192347414054
1060.3889112603467,564.5322379213892,280.8463620980647,329.1077599958535,898.491327319255,470.77910645003453,340.6023111278569,511.51488914491097,894.6072295106616,433.69879202419173,247.69557652349752,282.29768207494914,947.8386625575438,804.6002217495926,420.26277886821623,42.6624325379473,224.96368870821854,428.9487066667923,535.7493126604218,611.0411025254424,582.5633042894401,499.7083896113352,351.9783847629669,652.3467266219151,517.0002842948061,674.6287021021667,218.08333354656816,566.5823560867706,583.7232399449464,539.60416958521,286.5737414803362,584.4697674162194,838.4847650720694,533.1880741031631,605.2427346309687,725.3923988963994,420.0998482542975,267.5813622540225,192.44594231881027,445.71750163600393,411.3266438849465,403.0800728693731,589.8265518970477,682.8283637012948,687.5976469857709,504.7309629278429,358.62698726840085,317.48435879752395,888.3326011029246,621.372952006837,536.7188504697732,638.8932235065623,1136.8569696244408,772.4131325890766,490.7628533100037,222.6357541694719,640.6572410270585,275.01474128084817,352.0327736496597,647.0935513867669,499.0677426242243,903.8672179949637,510.1453569260954,608.1171711487369,932.6956254077737,1376.6972236750614,273.09636690461537,369.48316128359164,473.0958005705849,323.043490019746,649.7863444751914,721.9249998734507,453.5292065524516,475.80080523056677,655.7043793135423,707.2815152875255,663.0923167366249,445.6865814471147,776.4476517363846,670.174166473005,463.158707617383,580.122765542495,303.3581176616809,617.7289986878142,567.0905153579337,521.0216243064772,836.5516067049855,283.22978058320336,644.1756574413615,778.2118696154877,459.4790188912076,1109.305005588909,330.92906072117654,507.04176167378176,235.53562761852854,697.8825720653454,1146.7194941477223,788.3497542155939,653.0402593539922,747.6408661639236
-114.63584370915322,209.67510173947463,-206.00715426004308,181.59425307571536,-559.6712167087786,10.636800169322788,279.2478916376327,-708.4570053894226,525.9075322902756,-139.2656946818054,295.5650611576313,84.977930051911,-693.1055253871843,235.55735019968992,-40.216084078235596,113.10724032950107,-13.773337121387568,43.80446983631799,-189.9143103639933,-414.255143642135,429.3590299616759,-469.6961919052871,-558.5493571178541,-473.2406731364135,-82.88989776551912,-392.779116999099,144.33662564528632,-199.45930871346312,-275.8446441117057,-717.331371818751,319.1538341766591,400.7821987228325,-151.77156724808555,309.13342864756675,337.5450438597334,-857.4963354264719,742.8122882482318,17.575913047133984,-569.2969698321947,468.2388550546246,292.95711262136916,-141.63157805515365,415.6707177385452,17.248606738614537,-578.5139457087727,127.73885279601137,462.58102146697274,-9.637181089140537,103.10355168324786,-41.19043045695793,112.51403042241783,-401.77353464744044,-131.56468380633828,-105.04877692071464,446.48556710754735,-87.61691200867631,89.85131534429968,-132.59649608472984,-14.329274729092823,185.53788394933147,232.74627413615542,-702.9592081960902,15.77075354859562,343.87935329023384,-384.38499145089185,61.5498629515018,-734.3369936140359,-164.47354547380996,-50.8923273536635,33.259851841228034,-179.89374688076688,-381.58157060468545,-21.669781225208855,-72.06126273811718,174.82943092657945,575.4686008631268,427.5777545649958,-242.85529513436526,55.89758808784977,-558.8274338907479,-805.8787746347836,-820.943064849115,-48.38180288810168,-267.45151721087586,-0.3809696493201386,-65.847397525054,-1572.9087345341147,126.14412572312891,-337.34366498929137,-650.9353662629076,-418.76113523771454,-391.96013878670254,105.83863827067296,-32.26129720293411,-381.4497356221,220.81685343003414,-361.5651739382101,-377.7076477074002,-84.97957529186186,401.4912392786133
-417.0991751472842,-586.4730148807666,-1259.4469926613153,-693.2702540421848,-289.47007899549425,-1097.1539107323154,-303.02828501720586,-445.8154496538362,-34.09261281781422,-1101.0837577374073,-155.94942394032915,-1057.3929094455782,-353.75137781620157,-47.28373967412108,-790.2651403676094,-432.62916024335897,-559.9911426856745,-600.5365128944342,-1079.6505038592175,-495.15541976621097,-220.18696732738715,-632.0627621427484,-971.2879998069704,-585.0530369986483,-345.7623319609093,69.60599005189776,-888.1593658689629,-1041.3776771639975,-862.9322807382842,171.07979430205094,-1139.5775228706295,-815.6422720042513,17.51060662826491,-997.7131813781878,-361.6212889816098,-663.817192981595,-1105.2979634946905,-576.189143891139,-487.42365505341945,-65.48524417804953,-416.1376878703384,-526.1338014384625,-802.0334070153209,-834.1023472954472,-56.48485425502006,-614.9104746116931,-562.5495203363051,-184.11082546924777,-1320.987924977127,-382.4492854669337,-630.3860901964563,-895.379887831914,-897.0298715204524,-1089.8454909003958,-709.6715598977615,-312.4487209434349,-678.1015909486637,-74.88176753488383,-452.14992287266125,-730.487504265537,-330.84373789008777,-376.24248699681425,-749.3390578831112,-716.9183204512602,-495.8071097506957,-701.8575001107288,-500.01328419072075,-1035.3194230099307,13.330940582626175,-835.3467821411596,-162.37631855846283,-504.62765703783754,-665.6359421831236,-564.4220229280355,-654.4615406382942,-579.6366693657785,-494.1679455006875,-526.6419404942085,-270.07386451299266,-849.8217609393278,-896.8189521103922,-273.79725784100344,-900.5361811042497,-750.7019421526766,-387.6047999602812,-1030.519003422196,-718.2101014126456,-158.19324603847434,-536.5538429849494,-723.7044363885027,-414.19773195286626,-1404.5473825827,-679.7722885440464,-544.2271280624677,-242.9945193870739,-582.9403411011564,-555.5199298548409,-856.4390629400622,-335.5672738210691,-510.0811458881289
1150.9872988456568,413.4660229361396,865.8510127616967,494.9780382881377,816.983333041329,513.5752927179553,500.44818219595004,883.0731667568859,808.0212384682295,638.9620854462587,185.99067241447213,-64.15360587516143,1133.9660956067426,1085.5452244534779,300.66558730259203,498.60949390118253,316.0920894884511,285.51437674523635,701.1580740189102,249.1990480017499,134.1698767199522,418.7471097985591,690.4473394531577,722.9306310316538,712.3627407732228,732.7933364883193,360.1905563245078,750.8377320148655,923.2818795074894,515.0907540567431,422.9428516322295,496.36471139881365,1469.4416234593764,62.27181494200358,747.7836991398974,1149.6676476823245,673.1899969281291,592.2671698081687,901.2844313661054,227.7198621267932,182.88703518035263,-42.446238395604695,88.01226180977017,587.9810697479537,657.3585256165163,805.9403455021842,280.3222755030539,42.542691024466734,941.287153995748,671.6404055191501,116.83343872502888,170.56254993619046,873.5006133215921,1119.4759172760023,299.8671592042054,105.46100693517182,62.798921551593594,462.8796327216767,123.07148641988069,351.8720784720708,302.8488472230778,752.9802017826403,323.0623680177401,595.6212423058925,1304.8985148650202,1317.0331358500096,869.1366691631016,468.6525041025048,-81.51204730933978,-22.951747441814504,356.29129409504804,880.8052120869542,690.000246855287,106.18212843848842,280.62734607571247,861.2296137967493,122.47715323834544,469.3521853284245,307.3463476680236,1553.9678187057748,750.9605694555144,635.0420052466116,543.6717866842843,709.1656089837547,379.919395400548,375.6927399779786,1301.4619864182625,-17.846065542631372,810.4258977231028,1131.5187813825858,802.130044173788,831.1202641334729,432.15073850244687,294.5305854924996,319.5960524335648,874.0782137628024,1048.3301222914272,523.3126718787595,1132.816721032933,805.543848124098
-2872.900342101897,-1715.7091692082918,-2433.3105094968264,-1743.2596091922671,-2476.7793517788277,-2593.6982971065036,-745.5779834389806,-2831.1640296031574,-1604.9557035764217,-1604.961795604464,-618.0004576932544,-2216.3000671082455,-2464.0292820162563,-1614.9480668083038,-1236.257755209755,-1038.4394028053337,-1040.2627424842415,-855.906686992319,-2837.923339571127,-938.8651538860313,-704.0497745408503,-2116.8944481028984,-3419.4589781752234,-2724.741199857863,-2402.8181668897373,-1754.327211369256,-1295.7530198683764,-2900.0764176715697,-1989.0670806847802,-1443.88263066934,-1934.2923066855114,-2753.4457849362875,-3054.060986290738,-1291.453061824546,-1906.6312340857774,-3099.997301355785,-2776.3133113950485,-1576.1309920769072,-2109.7320238964985,-696.273725837216,-1265.978284973437,-956.4047974526252,-1502.1444900291408,-2958.7491940546442,-1958.2051087262776,-1848.2599455857858,-1137.9275292211657,-781.8044325757126,-2019.1761400803593,-2220.0988021100984,-972.6381773155633,-1184.8451566119775,-4616.999709317911,-3095.7991898510068,-1135.6510111207158,-604.4220425550177,-1198.764644080181,-779.8807105887244,-937.2061157684751,-1818.45396513647,-1407.619686692401,-2081.3328909131546,-2551.785727951462,-1689.8325111923748,-2359.3793553023984,-2580.3687552236233,-1660.3144915846933,-1378.8741315823029,-381.2324036148762,-1159.1472880525632,-1605.3730295873497,-2018.9592962114177,-2020.057462755558,-635.7078989264679,-1511.8223267646076,-1965.5597036774834,-1054.7231485373177,-2017.6932203753204,-1066.0087227116212,-3525.7741463178527,-2241.3888730714275,-2585.9931178993047,-1350.599923709867,-2321.0337328083788,-1586.9599603490976,-2534.335912205044,-3801.77311968288,-162.42205340228483,-1249.691915754465,-2993.696886151152,-2016.7002845097038,-3159.4769573077697,-1988.9172310751117,-1003.4932228257406,-618.8737771209094,-2669.387962397006,-1996.540635524174,-2761.7525089653454,-1915.568670769267,-1132.4464251937065
91.00355803087008,105.3519486624964,33.957662759813765,253.29853770383664,114.15667162852125,109.68637485133158,-322.15052924944405,195.1459296134701,154.45116659468448,277.60348178948703,-172.7221967241463,-215.88393342801876,-238.26832757968552,10.678020414378585,-92.1933090180086,42.05030799010937,36.31142591384681,-188.39698242806486,188.71888683893022,-305.67453661623944,-270.57641299958925,571.1593042824863,385.46928966468516,-26.926507976717467,201.3506966344323,100.92980314612352,-26.330342616578992,215.6333113147104,280.2022641243135,166.96712840020228,-1.426659117197262,80.58676239277922,180.6040687465845,-79.27738765102775,82.42156035410352,244.8982652941408,115.20915429167565,85.4342689009053,483.79544566061986,-50.776443054956474,119.60258222283235,-117.49082384833414,-168.69256285284672,241.53798451512614,22.891646108582336,308.7128223450272,266.2882676498364,-69.3647550141123,27.18079134347564,193.589233462418,-259.23648975981484,-360.51224458722044,139.35448575153467,541.9993672525366,-50.42463935691527,-17.983371512697882,-268.84177177375386,-165.41590747692203,-446.4230580211804,-22.453772660062384,-32.52086983036976,-106.70357348231093,349.41575275522746,-304.6831977961992,19.679035925652776,147.20809036593317,184.5842116035851,-65.36380799144425,-482.3490436701614,123.26031123412749,-12.01785745921639,256.3879252399452,22.795706355192994,-165.24055424838062,-0.09996949922057301,-10.245522564834543,-123.8903243658571,133.36484976522812,-149.1732553662256,50.21102796039909,181.67530348548163,323.9326958247377,-211.40598264929434,-18.538227266989356,221.01391905088084,141.71027096237077,235.9967766006452,-218.71084992033042,-161.01978065264197,-148.4200659137393,83.04554477857441,45.676043773463334,600.259148318317,-46.911166668670845,-244.33003727732927,445.17864464413935,-355.6828199020746,75.31575133139289,29.833470476283217,-281.3537543267964
102.50801387470655,-258.62821879006884,153.01711531365248,30.60732483459401,146.48921307220837,-191.71903263612205,-102.72209322951036,345.73474251268783,-166.7153028239839,-153.7188055654776,-1.3637425263252252,-272.15111678432993,-75.7788308375306,122.82818171979908,-37.02795835175113,-35.667535305575356,-120.1829041059486,-159.65386393447403,-153.71625501785533,-114.43413624385403,-261.374164053471,-338.0745541474617,-241.35154771796144,-34.36940598087328,2.484450682004636,-119.45454834810282,-57.627692145495104,-94.53219585403002,200.13540910043616,91.34400233780805,-94.36613958016972,-145.22036037848554,-86.3440414826673,-265.35399168713417,13.174223747263207,399.6715305809394,161.38019344975777,-108.53301271081955,118.32413778208395,-266.7062218500459,-408.81860530002206,-124.69731966965122,-367.1073778067371,-56.57553736506936,206.1448793898573,-211.1386537843912,-230.2858826258016,-208.85293605280256,-142.49600164151047,-394.1062297801081,-108.77228905128665,-32.95556712705412,-80.64443252882936,-89.41884862294107,-227.32545999788675,-68.36585707219011,-157.23224669837526,152.79013261331983,-79.01664719855627,-178.88604606754814,-312.6298664286954,220.80134236917726,-358.12869895515297,-248.627013492365,402.6503006353043,-220.84280376468413,333.31453580972885,-19.691727909817246,-139.44483932078884,-233.09742424125116,-268.0587713951648,-20.911110170219576,-1.2646670103541735,36.23654929741444,-256.90751411847407,-210.38748458227866,-183.38776872957754,-216.02082321093584,-15.843360094899285,348.1685542595646,90.62641951382753,-114.4676510082742,19.56940884265327,66.05595077485648,-432.4952577931973,-379.6953943837086,152.52253364332313,-62.977709166718476,250.15157622682796,331.3050165519044,-130.22204609249266,-273.05011737554463,-233.44807420327086,-150.7578705304816,185.55472736224147,46.934288892080694,175.07645944301117,-39.345100283754725,112.19660298397822,-72.89886973513309
610.1078151540667,327.6490967657717,682.6882767155718,475.51914279821466,382.49238178778785,169.16714695340042,-727.1603515662417,432.5202607173552,363.80272038688673,311.47685296792145,-146.5355687405897,256.5494345053077,514.7261472784675,358.93532189367176,-175.92875579387646,-370.32455445708985,159.292055259892,-121.73872874940308,199.15200160488038,-310.3571453155279,-242.07084411078588,187.38958160927055,459.783395619729,-139.7323072682013,716.2770100485138,-0.7695969564450544,-44.49537677968283,482.9879289660166,6.348285783687065,-31.165374812165275,224.33281921914468,-80.63280475745259,-325.64900653848804,80.25293445526516,169.61421293792577,55.22331329786118,27.24763183002701,155.67698737542668,479.69034859488227,-313.07702169985646,-31.597492172136686,-33.59334652731641,-335.686790985686,314.8775914940012,-26.31772406174686,151.92961220550538,201.8698094600515,-297.8293045340714,26.583271172448317,74.68372142098795,25.58430651092279,-184.14824991801467,348.3825417838469,590.5108774687784,-302.386860806921,-568.6154362199378,-15.764349690664448,148.027467714168,-359.62242116139856,-134.42532400897196,-192.8649283246294,-138.2138361880282,102.64950253812376,-56.99377777364385,1074.116908977296,238.50550122046872,114.92778238597712,286.9233328536718,-328.58599552917667,106.04601818644444,-213.16396591141853,-400.7711143377663,513.6313691866173,384.355259135637,158.4992617922022,80.56525758522102,142.76229772941812,-255.69503399148547,43.64261923512046,298.0430900950271,-102.47561713216366,-21.667878122539694,179.844978407349,516.6306219218233,-258.94590415320334,440.34462361033417,-183.98662409991587,-112.21480964645262,102.79362558540268,-219.6971659564264,-114.31221285998484,21.164817524566953,133.80952374541093,29.815757091924645,182.23403814195683,121.84946327623659,-12.573940691695185,-4.631581801161866,413.6285176751147,289.27022992164177
-428.1451283781525,-62.511747374693,-320.775303610152,-153.61263052137093,-947.6814838871742,-77.74189383069714,-538.2453300712684,104.46091287758614,-902.4890971643694,-561.9203538225721,122.91329389365445,-582.2349237116603,-1367.075981540131,-1755.2953362966568,86.4660095337192,-297.0623945925622,-220.0411677992269,-346.39222058222117,-794.4460604145507,-690.1502292722971,-489.8700395039167,90.18686458449893,-584.9102909348426,-518.2953851396596,-438.09190965373807,-879.8871578210086,-33.13215130663868,330.1057024952751,663.5374546612599,-870.8890879414377,-334.9632657638563,29.60976804582172,-391.3394212007108,-272.743459272242,-201.8967166144356,-395.7833652348075,189.91614271407167,-591.9103756090673,-479.1869834732223,-275.52610554006174,-270.7794262190015,274.2518119872908,60.68659288764852,-272.4891744983804,-377.8123107149629,-72.79111546123359,-378.1941416504866,-246.26621812535654,-292.6548039290749,-912.9768033078567,41.92848830843094,261.29624277795335,277.22892598187883,-482.67965060641205,-79.67745765312863,-20.09763566458263,73.47312891674383,-636.9834791996002,-486.28613896854745,24.277172786535832,-157.01225282364905,-194.41817067186045,-106.28892547068705,-360.32706695553435,-1137.3834216402747,-536.2970048676876,-982.203743032191,-579.4905275092194,-552.7717742359307,-20.77319091708191,-648.5521945175316,-244.49315835724045,-462.1332543674417,-108.7340769873427,-127.99610149024959,-99.75656721473311,-429.47636149197757,-60.6786401754143,53.8429572453671,-361.35009472362105,-499.9761449723942,-611.6142800161215,-389.6499625166033,-772.7692257697635,-710.0089961559524,-740.1749765221032,-940.0482864944453,-52.87006358076391,-554.2077779098937,-935.1281265588713,-471.1069006338671,-323.7214269308414,-260.2791184440082,-289.3587954121904,-970.6922473303315,-220.8310241005361,-1118.7184649533658,-367.1840590304211,-949.8705501132029,-881.4469666381253
1229.5006855455329,699.0798209380694,1238.0025531552676,948.3432096677976,1072.4452199980537,1285.3208858044263,206.49291901501843,771.3562894634887,1168.6764494557028,928.3611652458954,293.324628270642,674.9342846513316,1573.3539134874422,982.8824853037355,565.9137828031339,382.57812948403887,576.5064236425985,465.66135661879616,1027.3607226983306,526.9153325121125,558.0696668314224,912.5739712565173,1829.9814228394728,1371.8247662670813,1343.8193388734292,989.6098998573724,314.9789619202089,1412.7549298399529,973.5523348358979,702.3582132725813,1181.930509871975,888.4574444867446,1161.2640140731544,614.6921951453875,1122.0006312903029,1112.6446546622685,610.0552107768127,966.0790462746194,1144.1638690700474,468.84067042507394,734.6473153425636,486.65776683106145,512.178716178255,1816.9836046375535,1094.1605313086407,647.7142015646867,1114.4726881391668,389.86143759909254,1081.5510885503043,1122.9372021310132,921.9398043780989,696.4379844670399,1683.7581464424838,1377.8564831108479,441.7531149750541,147.2781667952382,359.5699572647554,510.5735792458819,346.2900663992595,748.5212760324816,522.6301896406133,948.2257057077595,1189.1877309894578,797.7436940815752,1304.3799667101205,1203.6017901073342,984.2599114221423,679.5462567680959,499.5587904051668,571.7937484749494,793.4689066245587,699.170435041933,1048.6021479386045,482.1507515742684,731.466978558942,1295.1170739156087,999.9604281992853,557.345802260092,926.6228694276256,1104.0941586633908,910.0216205047947,694.8284442029873,371.827843893765,1241.6207084837167,829.2206896469647,1183.0885826118345,1626.125716521669,215.99325762494502,780.7157526397089,1163.0602183207238,703.7629749809103,1749.5255421767965,859.7820023217769,620.5300910747552,474.98093795596964,644.107838521476,1275.5749704971563,1021.7001045634378,1039.4110742132493,830.1996007476391
682.1942781301431,197.72946875233052,466.39773619236485,379.8673712182782,-25.28878724594213,-89.45860307480848,-92.04101704280988,-209.05059476336044,-525.1041254539838,-477.4811703513035,215.31242769933618,62.09074035223674,148.92483924757138,-530.1850687561268,-249.44414386210133,-205.88982967149025,89.29776415370875,-188.3132012735941,-171.99363116506083,-481.83211670763694,-141.7301828718333,18.558569193492175,-117.95709935933874,-477.83442382373164,318.6698241592905,320.75733489112673,19.3655613538415,413.6777039296412,315.52924278622424,-514.5640999587807,121.13013505971065,133.92586554443636,-403.7606928902691,-120.27608966570496,411.15988239068224,-118.6029964538246,-404.99946157998363,9.137906916776506,230.14246210086625,-33.79801963608374,-153.4827594992071,163.44261026710328,36.914160876469964,427.0362166448487,165.28591699220408,129.33703639237018,-56.14394108919922,-165.44018830978158,-482.8123329958021,-487.74553516754526,197.42377251701782,-291.5149767544933,194.90572159425673,28.40223910116277,-309.7394141542115,-461.47354526462755,23.063587702456747,258.7576231315878,-361.2666411333556,30.17144378678081,154.39182159309115,282.55131450883385,-142.4569060517038,-93.83067900388447,126.82322510359002,385.8764240262936,-412.508172052339,-34.6524343899127,-215.30418926263542,-76.7811529903929,96.20603723316114,-555.9229477961289,538.7802564370679,208.74986668659997,138.1323179466537,464.52385311920676,-529.6925299129723,-14.039661139660364,-43.584311454310026,572.3192262210647,-130.04501306173552,-59.80017242318164,-211.0075614467884,2.941615758999532,-416.90668764490374,31.85703712734608,-549.1343939787588,136.49589220742737,-82.19072347829095,-268.30773310364765,80.28121758380476,-328.7884881033661,-379.97203948247693,-147.9097887178064,-289.99921126797227,-601.786229679872,-393.3015149413068,-27.937346706405293,-91.51007451058558,236.18419168207203
-143.33568577007708,-62.98239847147068,-31.63157013184868,-33.87361275805479,116.33800187855371,178.52475552149647,225.70326453363697,190.64826684972817,60.30765710174491,182.88904836074929,-107.9687403515521,-33.59332842916793,67.06336700292097,64.87002921379013,-200.4994675771524,137.55127090512124,95.33400058806079,-83.99730626735881,107.79371216864605,-232.67081600075682,2.2283113190363517,206.48651325804425,461.6638302852429,311.4151532992237,-51.26243566586596,90.801463840685,89.04963810479964,-452.87674397786583,317.99066039501463,234.74107200555505,27.536665944106982,-301.04932608140547,989.4559164251488,-59.207335486180334,42.71605468337397,-321.52026521014255,59.719964539641566,170.4825509148124,248.10689625132252,121.91428091465869,85.26576133438705,-129.10421470381573,70.14708138669592,-83.10277037910463,152.67432167455388,137.74253498712469,266.0060999078387,13.406849701527026,454.34358632977023,585.9922122338551,7.147725342641352,-96.35227142380982,-119.10616606202382,-278.45484918221115,191.33125133827232,26.5392153613151,-107.7782687109244,-130.90038137132407,-112.25035779161759,98.86046580972305,10.319953267293387,240.73572522570663,129.71610716284525,-132.2339400577288,432.42815244068663,205.9986776872481,477.94960666023326,-226.76464865567524,261.88656934685383,-187.3226078457859,224.45757938801654,326.077792326603,156.65205025785954,-412.2300337867551,-249.24172527718247,478.576941269667,127.96675824405784,346.2061678773778,-214.1553797875124,-29.48609142443717,563.41591873322,111.7316208486978,19.217191517736683,288.3143195512261,119.15493185998051,17.44944605243222,672.2710542561492,-33.05529008393063,435.0454253051694,370.64509018377225,198.9218087887534,146.64700006054417,351.28573618835367,90.08178483672205,97.78283058906115,136.75354095351338,92.9813693169596,215.20613327954123,266.5182085999347,175.8604952514804
588.4668577677388,1177.351895633368,952.6945976318297,727.3488061247245,-85.7443005846453,1107.089772326391,221.14875422820973,652.639313357257,192.1235935027347,473.1599147944887,190.03881868617364,637.6382493693765,-104.45866418973439,-76.64108868032275,11.894293657196217,244.6924506410074,487.1602261345871,631.6770156006005,559.2205278230767,-379.93762348451907,124.31138144509426,714.4494411692832,1019.3001380613623,361.29976038168485,858.5059394304335,408.7564884105492,822.5011514567785,1446.086295009479,823.780969182853,-130.03191639800858,324.22593041060367,697.4403295208677,-92.07990905291521,265.1718782778817,911.5943545337524,471.9960430172626,290.68308420565506,263.0976412462478,324.45320759418803,430.4647588144661,679.5113973930348,427.614134954342,471.85471783766525,1601.700448948231,259.1856397144155,841.3899086478995,905.87675595783,-111.77365837810527,327.0435316609922,165.53056989992413,187.93812065132502,823.1192900143936,607.6158397291858,791.2657656213316,405.6038175955881,-198.44714058633966,395.30528089264243,328.50247841819896,-104.17897557259116,435.1878822682744,235.9856163287468,469.2348185665778,1209.9413289892116,421.4186427022563,59.46142448375103,646.3598031826813,7.378219419817476,281.8554818338455,-605.0783060180324,771.6138813273219,90.76181263016679,305.47051840597044,691.7101009797628,497.25948932487927,975.0156234896094,922.4364063135313,50.584547170728825,-177.487073519553,936.3984836029747,827.2846320749321,50.14579870048955,847.0607313934898,26.8177131656437,771.9553248416959,458.5827339997441,656.8413875984302,147.7564362843517,-12.079165397300548,-190.0115058396525,-153.47053656796268,223.4721640161614,799.207950120811,785.4877492803076,185.9372621904989,-134.53037780406197,-353.79598662317744,282.34258016312066,-361.12355659898225,351.4604107441194,417.04361600353775
938.0848480610575,218.16694604533322,878.9365407740778,1316.4940449168605,1037.8396962559752,1233.404340951989,370.8671943090963,929.5933576097134,993.5166771919644,712.3809724255581,519.332914474366,-97.1868812474571,1256.732094232052,591.0515895781477,336.8768351292048,125.95421491861873,261.4468474262109,-284.59173586380786,436.7936883111413,-13.214149688867074,257.90548166839386,1098.9694198747438,1609.2090540065142,1077.1445252367996,1517.427150964699,1339.2787553529292,225.17960956906597,1236.5515920541038,1176.4476851370748,969.0004709610987,828.7753705014694,363.66328850193713,1323.684569423061,498.9945010150965,1033.8061637974886,1544.4892321272005,421.13051588436537,764.2172394274739,1025.5279558512846,452.3234302825497,446.6274679292309,101.45617950583532,342.6518708746071,1039.1536571451668,1979.952513323555,798.9977326232997,911.1761363131347,389.262827115612,78.92786387264104,1079.1908763846877,647.9058774833248,-228.13656463795311,1149.7667925508226,1049.191942397007,-70.66352814040648,426.8719242269314,172.63646658788534,815.7559438568705,-24.192514050926558,628.2969676489398,202.35126124526093,1717.6276956211518,1349.4265867567929,-323.2647329133638,1705.56438144551,917.9837593283493,1123.6726719720655,-162.93635567007522,351.19922936649374,5.472856153418793,1540.8117140199552,1092.7091245008567,857.3683811527486,274.6998772430289,432.9470157590799,1158.6151776943016,115.00909789709546,601.8724121984087,778.3135273940348,1288.35252561838,1086.9696639302426,810.4519019198734,21.75946497420736,508.34536281757414,217.18200875387888,824.3485736582627,1664.5763021033295,193.03820246946287,1466.503088511643,1530.011737781335,1060.8626872491438,671.0648372426045,1091.4270055412499,293.7367325858062,548.9442953508257,603.3521747212279,779.5348982284801,693.1199154439701,1171.13934122453,1047.287842950134
795.7479791804113,1159.4162369566632,878.0040044922391,941.2129745812075,506.0162460689986,1572.6402977722253,946.8391211312895,1001.3867455462351,851.6701294858063,1283.8058363508358,299.9231778416946,2243.4775195889856,3.115625694880053,995.0320029159856,796.1502555539136,1019.4558974999802,1104.4572191985183,1597.2479049468839,1007.6354755186071,577.5624915540653,1123.9390186437568,698.7364425759157,2051.875671774101,1473.4754746753729,997.0126509777954,477.38931842060896,1405.6904626123012,1482.6180618625522,1308.2997909690748,661.0528147115326,1538.5611814022072,680.3999661095191,972.9492865583213,906.9775647433637,1333.9454742923795,1233.55189821606,1436.334534395758,780.8162162904798,1058.823893271668,724.2307940139043,1069.0931546601903,841.2434236990803,1512.6307851681338,1215.0448604664202,517.32001266907,1519.3003584494286,900.9579604969217,170.9949673336002,1686.5439423784103,1269.0967496196968,419.3025880928396,1447.7576777657978,960.9065851446644,1825.6764424182143,790.4913771680983,255.36587352419195,1295.0257212925924,236.42773200473206,503.8231784721182,1167.2177319236473,1170.1422722491354,517.6733381380377,1602.5877525593983,1550.3646899960386,776.9529657575484,1414.7549639718484,1314.9677903938707,879.9879147084267,449.25711832174267,1043.5473693200472,59.26459465715985,1123.9286583567132,1275.655016332737,907.3486585619695,1036.3370036339795,1041.4504833954536,1265.5073479496784,614.2990851968294,1458.5374565033085,1650.926281004654,1144.46811337228,1101.1917175846966,1211.281994406531,1492.6048238353546,1003.2182007522196,1397.316684875768,2510.3159696452813,296.7553882453613,950.6753416122457,1049.6867388720218,587.4156904254163,1666.7033349853768,1668.0718671512914,1381.9309608432407,34.84338941650251,1012.1552391503151,2191.7200290758374,734.3058685689683,897.6965812071845,904.7249858468888
586.5776292310585,218.83269398459024,240.9762118280633,411.64053142521993,348.99959309739245,460.90952451330315,441.7763915510635,1049.5003667770297,154.8559365717507,369.8614305643946,354.17406614298307,-35.51737373449058,592.6381968341374,413.9540440647723,456.77723883977745,-48.2825361320608,-74.61225488423145,-184.41090218585435,696.9635462241419,275.34191489698975,437.33476254613487,629.9822676341313,498.6474456728933,674.1941596136846,642.830507822984,435.66505550504746,-230.0116555282856,581.1734750550662,243.3173710669287,760.8187519799992,112.83932411551788,101.92134770233577,394.5369478048582,371.2894852913088,166.29643017514292,733.8607811195099,841.8245478840726,445.68701556052093,70.18993468036308,217.93854198249704,281.4481570799154,209.6194055162291,-125.90649461857032,1094.9663614816657,660.2065656767954,443.26838495589266,602.5253480518554,265.34293479938657,178.5892503394852,238.59077510720135,568.9956425054918,96.68213678046376,415.4166492440977,496.3288033853445,-114.84612413816164,477.33063473258807,14.635767196623748,334.94421587987756,382.0015892129497,269.32296801341573,49.1210108190656,450.350407894351,780.7075522271934,-111.64107643106684,203.61225157969267,64.56780983323158,422.8109274990457,-230.3635558307906,159.61780518176522,266.43236800668933,496.34305815492905,674.1765335386876,258.85697656894854,-54.77376021133799,57.27824983874424,100.12366929612777,202.73221425181526,245.0208874069154,684.8183673941035,527.6284432122343,744.527105419818,554.6426387259372,-293.2870745214085,150.19608020455186,97.21877061661955,660.0592515175148,353.8382456348156,89.67804813842827,730.5900664069998,684.2095644310333,738.8072597724436,322.7869138592012,303.1788830425855,8.908372346491815,223.41712066210832,588.4314379933069,606.0295297276498,332.8087769980715,454.439900810433,326.83578744154534
666.3407501057584,885.5967277485136,1695.9717236004997,1038.34371269443,869.4057123773981,1364.7566980062336,-106.48206942794482,842.1712951904101,745.3267879912235,1347.278177198422,164.44570773027985,1019.8707167227623,157.32604784509206,511.65857688344033,386.7253463804991,554.8976311227218,816.549995884502,577.4331975101645,1176.8715518127133,-16.44709739532448,-112.6127763951861,958.9989319449242,1634.7762573764549,239.20934211277256,1111.0144780319513,378.6206486044975,1327.6847617846897,1880.8439116300956,925.408682356553,152.17307271748828,733.2611631463777,830.4822244817385,698.5432405118739,660.5802142505273,771.3416854977269,1366.4838853657266,1036.539742894677,830.262702260404,1107.3865377637815,426.9209635757362,467.2127536399979,487.4319300107299,877.4540689076722,1060.2403278128338,734.6695855269837,870.9689648045328,956.3043972160201,64.70408087611236,675.214472021647,1120.2402093433275,399.55870417774526,1004.2311379277483,1430.0360312653459,1536.5704997172145,653.6269312433957,-109.3152159941108,713.7439006130003,261.00246932645376,347.32571205314696,1142.9090174140076,640.2133850527142,1345.2304549242044,1388.123773969775,545.9426657360145,1170.2041418705655,1084.5441852197953,937.1225026495018,1124.4568668578615,-49.57937823394226,716.841179315051,387.36067566625934,190.38702206376786,967.6987893640708,948.4776051019506,893.1994224206944,854.6822059012476,635.7480311133618,358.97776048572507,788.8990419107312,1831.0524615459458,703.5129663979284,803.6552269907388,1089.4204993524138,1008.4873343390984,835.0133477768,905.4625386747498,1175.469452334492,124.08473605706146,678.035988437736,886.4980112977871,529.0803167500693,1660.3622909908026,1107.801217324646,918.6113547967738,301.3487108076382,842.6605884626459,1000.7939211941382,1040.415074645355,782.3780333142644,521.8622313885052
-1067.4129547247703,-329.5210960888238,-680.8988655932617,-950.9047887110171,-1181.4916453336357,-575.4973354228229,-560.7523707498625,-817.6456228726292,-399.7602690829908,-252.067532984298,65.03114417523022,-170.85154763362465,-1083.3783309471992,-666.2545889781213,-553.0836425047015,188.9445171947437,-444.0349742897093,26.31886386365251,92.24405995352997,195.12638336514024,84.95825385290297,72.2707365372355,-957.302943046685,-402.0329093459903,-345.3316986259511,-169.29317192574217,-401.01962537637155,-165.05501398735646,-520.4342884735267,-526.3410725545509,-525.1807602292425,-94.678422875288,-664.366177464372,-440.8164070864089,-622.5045791619106,-755.112461179508,-689.1873279011892,-395.1952936014434,-830.9647967104587,-215.6366981357181,-82.12840130327197,291.0487628131418,187.51873230150034,-196.56684388148184,-383.71570123068204,-880.6661848058894,247.60608969188002,-10.61225520855101,-417.18507141295066,-1281.5294676656108,-98.194282211664,21.888399502254842,-53.04573928862918,-893.2438817887435,-133.48212209258105,188.1444664019092,-433.84167397501074,-293.7402612208774,47.772596930291414,26.228230738894403,343.78773310332576,-834.9107331341646,-158.95912082299816,-286.082555029674,-1040.613396518723,-583.4369868971736,-469.108726760634,-454.6406765595623,346.98769818494736,-88.15864583368129,-511.5523686842847,-858.4510200640145,-252.93690625134147,-568.3232408389346,77.93931538352936,-611.3694765563192,-554.8724918836374,-143.13471552419267,-595.7137877265696,-557.6770970001718,-125.56219862121992,-527.8056883215424,-441.43052183652884,-679.1288342599055,-39.84849540263445,-377.64414154136966,-2041.4781114779578,-42.626896819912645,-1007.9567420598452,-424.92484579838276,25.202416334152883,-555.8635913148189,-1155.629239083842,-177.9592729106998,-437.53247464073496,-1146.2986933686113,-1364.108138385014,-412.27740554183504,-1001.2283260565223,-1011.3976889010679
468.36416736573415,678.19195314033,1081.564553726129,404.04504858767393,1104.4812057427562,517.5928254070639,230.32420511845714,183.3008833049278,627.859805742588,373.9336496692079,-22.102537599415168,-101.40574224388841,223.55866237709984,584.8774382008979,250.36853521018887,521.3621480733908,622.2453851581373,591.9179463807687,609.9286240543657,442.1048352781775,48.53518999574193,554.99980519375,598.7454480623294,-218.60947649905464,451.5258432492353,171.62225726990383,848.2391699608793,253.7658605653384,420.1664025909049,397.7927627347756,644.1549796192888,433.27284831235227,482.6804170789626,732.1899780700818,142.04421078322665,-185.51516948715627,589.4983806783746,185.26722568460667,685.515072785797,241.69122124786406,450.9404996745861,181.1660040425108,751.6561659112087,201.523394880421,-45.059927270208235,1047.0910446622095,335.5151757443663,195.8534485858239,800.9323072268234,798.361166056467,89.64870313057234,609.5824021828529,462.5737348990502,839.8226297739127,965.1644825696209,96.40366841070289,823.0134731339843,262.1958811694598,-50.18472704797812,296.3678925182913,715.8831907770234,1002.9687739702924,642.7194264918446,773.9092739244471,308.4030207016271,481.66384147990755,465.0948288843618,1452.5761160611355,136.6055739218627,722.5327306124783,210.23784161553905,451.12273645175605,914.3711527426518,1271.3230237854289,937.6715624425159,529.6817845699469,694.3139269907529,497.5503582789652,520.5983241947249,1100.3473528179907,235.699640780469,178.52744032549793,801.0622560192653,243.4276642966617,1125.1298203673332,467.15996581994784,488.63953037441314,206.79959518593674,-346.47634762684174,743.0325239314394,569.0522694547547,1100.3868660915446,561.1924544282934,780.3023169878296,143.0647277195526,797.2670265981102,460.10404606473816,893.5808066634162,197.39716198254328,577.649255420159
1332.7095287565278,29.870761985223623,142.20492011720813,686.5209638757735,722.6168964186298,437.05105490431686,-49.29662314830031,334.7644995092369,585.6551105398049,650.7043248638338,70.709736417067,291.2087421377251,771.6428284434147,809.5650935335498,-43.9536283452213,-398.47904570246465,-31.961519269906425,-403.698569571673,671.607701951232,-468.15117807518675,894.7349983434755,-59.98999581647532,284.72532627265645,454.96304806988854,736.625903436181,1067.2543034486798,-338.7902117206894,974.2819379652107,934.2661949418222,717.9029623115032,476.0660668915604,111.85672118187604,1305.6375176099823,25.140944898340468,528.5004546351776,1312.7203696420952,926.6421341034915,198.28859535049796,808.6855419344527,81.98076383274012,635.64628295225,-234.0458587543375,137.21713902055205,626.1611059066194,971.5488774965606,383.9694160200837,538.0164537820867,-241.73133059934332,1252.6911527875075,614.0751086949725,562.4172816362544,-179.43559156504065,1150.9332292619322,1208.4091081302463,-62.94491330917248,-214.7502141914128,-483.45522407177356,146.50259097832483,27.66439970166232,742.2870097217973,-125.19725904344281,1015.288640517756,625.9941993797669,-386.201758816335,937.2867307502178,1498.6586185580256,612.8702095473119,-532.5400285599864,-111.06311950927928,-114.96720167145986,521.6143156122348,119.846874707456,523.1902722343877,-770.0254066261671,15.597050762520674,947.4718148900855,487.78063684313616,635.6165649622334,-179.00874195697406,502.11271577296077,634.2948788611649,514.1555040280724,-275.52936772353894,1227.6404254858867,-376.18517285665854,638.5868890730721,2046.684113128402,20.730181043578405,1285.7816205254803,610.1326937814528,744.3605901078196,689.375301072653,291.2178527625637,570.6774611300424,100.52635245262599,539.0208151934238,1535.8279291969836,413.88500176114303,559.0635027502296,442.9674634709289
-500.2753884137239,-791.0429375382776,-624.363150094457,-611.693636994807,-206.31492772970736,-574.7764918952915,-324.2421856048012,-637.8820444250873,-445.33703611551397,-576.7847756742132,-169.98192729372235,-994.5800827266472,284.2395769373408,-752.9722191420519,-283.13087137165604,-49.689276147979086,-343.97606997126985,-143.26263944558022,-1117.850818931873,179.20366922159607,-365.0131135508029,-570.9889988724816,-735.2163685345596,12.993099978181952,-933.0690710621767,71.16535990420843,-737.7267893821904,-720.6532461582998,-463.92466362384175,-242.89020858643914,-209.4687985482223,-499.55052880673685,-125.27296225242218,-369.6809230880053,-174.4010426995615,-339.1480380658024,-441.8202792586813,-371.661448540187,-449.2017180108089,-318.8004675689928,-307.29008024353595,-293.33891780225946,-511.49523327920963,-966.1013489382377,-446.09211613934156,-502.50953751337175,-713.842251576847,-27.809629280191537,-350.2270448851961,-612.3298007880852,-372.65489023778713,-515.442561051279,-543.519680827997,-1113.743971316358,-369.85185014755274,-196.5835012529637,-227.67405789857224,70.34610361194446,-438.88609118054245,-420.77469783452545,-278.7472447164712,-108.25576571121076,-752.0707433736608,-6.125052319220827,-370.93874587084235,-461.62649761215204,-97.92610228031532,-207.66203054328312,74.12006921509817,-613.5323863631731,54.615493463469036,52.07667493075356,-638.7105219094888,-235.5562566934165,-487.1869000664567,-68.72632457670345,-374.31327918206455,-389.47313720180034,-278.1035981956772,-535.48448795656,-193.56387928950983,-441.8571698339535,-668.6146234702226,-542.0261271997765,-419.3767544535778,-629.0306880014975,104.12159180702608,1.5922204249229224,-324.30628447613475,-215.00973164497358,-642.8041607377513,-750.1073278922476,-781.8502721276666,-398.16363163836655,23.359338036574403,-294.0558907666238,-659.6665629294592,-354.36176365898103,-533.1183816783442,-197.8881612876277
1496.4073737653546,326.42555206127497,9.765343903194935,830.7770321914926,1076.6332058937307,391.7309577548291,322.27841888741864,1192.439637795389,994.5886607883153,260.35880217738656,57.90990767506986,417.16684876410557,1029.507503083298,741.587118522823,471.481068047864,-478.9067811540966,59.81085921612431,-12.22247321203893,87.60382160763159,-404.4717671486373,311.6381437514099,250.12874005596439,609.2123228567294,481.1734233297214,638.728476390444,139.48284978504498,214.83092545777993,311.8633988887898,735.1684348790732,348.7134406784988,525.1858429692641,236.29603459611496,942.9142985948038,245.1749805546202,490.18638852137394,469.18361520551707,1173.6731310396967,779.4799288149114,874.9250776595412,146.42337813007913,252.08194048828202,-146.96351981087517,-101.94222552321058,531.7164874442266,577.802158235619,603.1712475674689,356.10390183478734,-56.26373966804468,803.3014104761045,912.1745787105705,297.23065749048834,-281.4730290448787,703.4723809347902,892.3322783561372,-20.014121334957046,-55.987306253317534,6.807776844721916,141.57572126078898,-244.67107924323793,339.65858947614066,-366.56240182608747,370.151552925242,331.3150453001762,86.65189405924932,1265.4156932541184,988.1812791403695,146.56897393399416,-277.7555994767681,-284.61409619952383,151.19850772188235,342.7310473269115,640.3298569372369,691.0803487493492,51.30941304276901,69.82374264029038,866.4070168707312,803.8266607442605,423.7931203212789,263.64983577215645,92.32526436334814,181.58222459726937,428.12693235951014,47.26079066120518,721.147160280061,-71.07239387912833,790.5969708936728,603.707937599858,51.11165388897042,806.2300049152566,303.3895984971904,135.98144024846644,700.3461636622479,888.0083824073562,260.08141473277783,141.27909728584615,483.8415218576565,725.4703331651139,486.6746512905603,1333.4798508863973,994.6940256079677
-2034.9578476283718,-281.9944405157509,120.53719619234255,-524.7496716585745,-847.9889033834102,-275.1947939558037,70.25078275030319,-873.8920574069289,-615.9204226541239,-501.99537342659187,75.53073400514437,243.97118036238425,-787.8609243213202,-582.8117554321341,-226.04085168839745,280.9994656126196,96.67618260181943,24.96470987529062,-216.36346309121762,-189.49778179990102,-1265.338898304231,-409.56788886061776,73.75049772438165,-270.5171875741728,-35.56424993775558,-216.98352721202963,49.73549794085142,2.1752876366851557,-41.23886508495374,-499.75853639125523,-234.55651961014016,183.76694694176518,-888.584696749979,-148.87428318898827,296.04134190372287,127.75077340519901,-471.08865734591706,-135.95636794686686,-285.15139026292456,229.57510032944916,-527.9815042146953,298.4760210826912,99.7551894717834,208.924534875803,-23.974045119381625,-416.64097427565736,-243.44297031173704,-135.40154697808478,-252.19216735815527,-919.1607998973882,-338.0711883897916,-19.51319002985435,-654.4842463704223,-669.0635404775453,-164.28478196838375,-90.12712828090919,-9.894432605779626,-172.69813790605008,-156.0774514172372,-264.72874538287533,42.81317425142742,-509.25362815417174,-179.74347937843493,-500.72086303798756,-673.3616198788623,-643.212966410131,-536.0710524255169,-199.1583945765982,-232.58869851387092,-231.22967289830663,-75.63046533271054,-215.69900367160258,-582.8356112183257,-254.09166104753004,-327.79974729744515,-330.3923040741293,-884.4496053530983,-227.32333461268556,219.4927191544434,46.68674989413185,-234.95578366567273,-32.199838111705056,-160.65572208256827,-351.56389826790837,-362.35473711780077,-584.3006078318123,-541.0707251483359,76.65082665741916,-184.676010810188,-275.81506905473816,-41.10159454353632,-540.4265157356735,-387.5270660477579,-416.7265241218511,-137.54593547317683,236.99860240115487,-560.0671455786232,-651.0406710428701,-420.4808779483,-513.3468345972865
2318.9779979864356,2076.447959607108,1598.7414635704165,2495.3478075609414,1633.681692415484,2425.827655055569,1369.8546929121953,3689.4702976847902,1136.5318869410637,1633.612402056417,464.72299152723855,2397.1111519026517,1587.079348001827,1516.036542788449,1069.5947974966457,999.3132511335339,896.0414474785467,867.0933331093064,1957.3963813617104,781.0311981104811,1222.5608156759452,2662.152580363648,2770.0377473744124,2434.744433506159,2199.821197830496,1111.689783921319,1111.1912735876008,2150.8125212419154,1444.1197697223483,1226.4222502332339,1826.7985537475097,827.5072715905346,1873.0732837132343,1053.290428398227,1656.0265256428077,1126.7471476992655,3480.2817450046214,1305.2511045647968,1528.065532439274,703.9651484439552,1218.376927302172,988.7818318088731,1345.7831500368936,2743.3131870168722,1519.3097569200802,1894.7552308884008,1278.1456813058733,503.0547998102271,1375.7599083516168,1899.0787317349766,1299.1611508265244,981.4816012250027,2177.6221671442195,3282.6755960880782,801.2056995732119,625.8566561511369,1401.4261204765364,919.1039190325532,1123.2895555904165,1367.522660936072,697.568408949349,1265.7331061035836,2001.2654571370422,1688.2539276335312,2374.92725000184,2133.485461452595,2059.678705403063,1313.2059797798868,814.9911917712898,1505.6550841167716,1055.0239352420756,959.6506013423005,2288.843990596937,1050.3271159892874,1447.0643165223316,1896.3554227576635,921.3231197286315,1273.4625941574723,1088.078612807825,2213.2284541008303,1505.8835004524005,1865.8415592911078,1277.4136506013876,1883.9343776399503,1471.1719478898249,2365.529285798557,2008.6316058416805,259.2172474859548,1725.6866705101666,1605.6589291536375,1597.7968499149877,1657.6613758585625,2256.8222358718103,711.2585834146689,381.18488622199783,944.3124161966906,1760.6955404836192,1882.2377612905486,1894.1280435812287,1737.5574018161306
839.4181876208625,1449.5875091318503,1429.8038474410287,790.1485161659404,491.42044267844125,1322.1729344227483,646.7780661491724,1271.5065917356173,839.3500323420433,707.9277725209696,302.8526545031459,1480.9840170432653,311.80886728640155,569.5602626972444,549.6700148869654,657.28485371054,762.285488083638,1110.639867391178,832.0923513819716,449.1856645298635,363.52620547320936,1098.9591687112165,1205.9764427663235,448.46302971159156,953.7036969597268,219.83105432192417,1097.6659901491098,751.0672218613154,322.6629513028222,566.9456098961061,464.10607811797837,932.1850060690049,702.1627156697758,823.6638047957659,262.29939989149767,74.61477796633791,39.50742544734259,523.9358395353373,656.0902981262414,992.4440635246406,484.4824108585253,749.7319617711603,1807.2710023342668,754.5211606356768,224.03625145302368,870.7076958396103,695.579292178677,496.5267609894232,626.1728209612378,930.3266143419655,716.7163254153886,1071.3527087067416,676.9328984088272,531.3199287210789,662.6024810699781,542.5750688354628,1023.3622245837369,277.62600399728996,797.1040757418426,204.70195494242006,1020.9791835523793,629.0036944896503,847.8079797188361,1050.7613103923593,696.3313239162095,710.4178311195005,371.1990518891901,1029.7162276421413,451.7545903576358,583.9622137076524,389.85147502875844,635.4385031002518,746.0994893447464,835.7087869527669,840.1977447179695,536.0531130139626,690.4015877786076,517.4213691607905,875.9728575223129,1290.7925380012932,605.4823676686015,791.0459132325299,1099.6872113493105,417.082476227621,1015.612334253315,769.6996218687651,1018.1669362560057,209.03729237790114,32.57674240641113,445.53118651724,645.7957755655187,860.4451684140575,1336.0016692474617,599.2462743708845,472.2295150864235,494.7673252907897,846.3361068628614,860.5081012330054,775.1756656065037,711.2020835289554
-252.80239039000537,34.98740745392126,563.3160035293514,321.51017597823744,-355.7150639312586,-132.12488614591015,104.05532061688437,171.92934422366858,-756.1891781143181,273.0322633046244,199.21368838308217,144.45465565232604,-145.43608220597292,-121.53088770821063,-49.73469024606759,106.014521485451,78.31090168828037,-576.2223109121655,1163.6360124040996,210.40644955947326,-12.66831724959252,824.6972787147267,522.163113478705,-254.1923119660601,146.07713776616555,-41.77565758055779,260.2655233548989,103.90564837234213,120.12765539026715,-591.083090375858,-243.8721780616086,-146.19580147072347,-938.5534912809289,-1.7366899572401802,-6.3851794672793645,676.9447937040012,-1315.8279686284054,160.16120379783277,-356.52662277752853,-236.86224386009567,-259.21741226849866,650.2048027342013,-155.3846119929081,180.4307804495169,329.5358912191163,-145.37791921810174,352.2178583654523,229.36308682505137,-767.2809963039906,-44.261576145998646,291.5884133957101,258.2576407935109,-97.64123504810473,-386.22663127795704,45.88216327642905,393.4201220331389,-111.40548902067698,494.0275017660355,46.88872494463297,204.84634701388592,139.4057140704908,69.04076029493966,128.4272089445236,-366.66641278932735,-200.53481339726792,-573.297416530822,19.11553584353936,15.365850345634021,188.9202338736833,283.34807464347267,-178.45831373184657,-400.09983803494964,199.72426561980762,231.66335145616927,265.96631547299756,-296.83829574029176,-253.79887619162878,-569.5802658021838,444.48422395303504,564.074617269539,278.9025300968043,-354.36730412694607,-455.3238247818175,-170.1404340983092,245.23628894107992,-30.137712447238997,-973.2875089613422,48.718892850798696,172.4793026849076,734.3735690412519,431.9782935879857,-47.51427419804623,-457.3109632375999,89.40760837864552,94.12781514226988,-780.6091608444295,-898.9912565908156,-19.05044682496589,143.11546862052487,-132.8782393276191
1104.9148763905582,-336.424855437941,717.4630192419966,270.6891479786055,215.01623689794502,556.9606018605773,-34.0171867013533,609.9058569285409,380.4547362372011,633.9284459212769,-24.739638637609612,-272.10707012240533,440.875086385643,559.4889751952661,-79.37667776015512,20.67554363208194,47.30542997479776,143.30106616265488,136.36738594808244,-199.59844758562113,565.156712471906,492.0523210067717,904.203267029239,39.91276627637911,319.4214922057,353.52225537776,297.2561441503703,451.7451441385407,730.8013884222436,447.6560939004064,186.18728154562794,-352.5947447334052,683.670364919873,-10.140339754793372,-44.40886334900434,500.8329897191405,474.8068095938755,-18.501180183168707,971.785278993233,114.20798175767541,376.6921926667217,-439.1611495658888,-514.5982929722194,108.1375074153263,71.88869887320757,464.76651966295896,201.57012283018486,-277.69364410779673,578.7827396671918,430.3088119072946,-507.58939286511884,-78.55681562765126,172.85719727905837,374.6179931799478,52.68401346981595,-237.40193652262403,-180.83064093862424,179.66066503524655,99.99797234491297,-83.52809158419227,-106.58477391814114,410.284663062571,348.98233010459876,-79.06810693931335,622.9805515404155,340.94707288236395,719.0804341304826,96.25260907775754,-74.67908752292801,-176.93579969798554,-1.1891214177006144,491.13403825271547,245.6517867015032,29.233855595040698,-84.50805811880248,58.24706329533197,-234.11334965034823,198.18095745389803,35.9173086740125,590.3166612693607,583.0646096916402,252.54519937654104,137.10466880803594,305.0784582719059,-165.18140290825502,681.1843311538977,1146.528732797204,-96.82515049435743,509.1273922680493,659.456675798827,-88.78493336462489,221.01411100883607,382.0954959679544,321.8528896347541,271.54252815476104,369.32889606868866,1524.0021466112198,84.59472591299014,636.5345559546291,-207.78409813126603
486.0854758326795,472.3483812225918,770.4918738967082,44.541351690533915,398.22942417805973,-385.34648320587013,-632.143940447976,506.4258064882318,212.05529306235405,12.019392648491394,-81.79263131876624,-364.17633694981197,-319.5152851704638,249.69822409667668,-376.55429527580725,-186.04948965979233,-100.20739989994503,-146.6890861118883,458.83708611591425,-170.91567932781294,-494.9279349367231,-83.63507961290603,124.93875247751991,-378.54396586472217,254.00923262194783,63.834126121348035,-313.49627478315045,821.5390666743033,-154.72797314036913,89.88789023512065,354.82229334935437,443.2226678226324,76.07377598778928,29.575657274066003,39.75124083236059,186.84204073058515,-184.87186593328317,126.10762940845683,-136.1992733693842,-16.981059747773866,41.969878016051226,11.459363487406666,-141.5631532808878,-112.02452432938237,-46.228056652253095,-78.41111494719735,-235.27820998019436,-259.8737204947094,-306.3804609146034,-203.25998655336963,-178.03551120713377,-20.80905754809695,459.934797853234,538.249251762317,167.4582476145062,-388.7778195655209,9.775889680407008,-108.95361097598062,-395.87158170971543,242.26662119850366,4.2482857764932636,-135.00804765422413,77.699299209971,-165.8980551302395,846.4123247560278,476.36390418275306,-9.775536112234372,109.55808382655292,-295.9754660061576,119.78085229616734,34.159832566900405,-612.196412453944,-25.433754496947074,158.46845165891634,214.38438285358484,97.69053447271088,142.51759538481093,80.42014269924992,-485.27191038905875,544.1558352262981,-623.8253757967374,-137.09373391232361,254.07742205751634,423.2489979063514,21.618565354452013,-171.49565897313406,-573.1451046407509,-89.2467546874988,-416.64720201041973,-397.76934926484023,211.20629916544763,189.88058535426273,-227.93478805912804,106.61944411522786,-26.090405859567433,59.473256670793035,-832.0764386627168,574.936505750691,133.41819731680985,128.94203809479885
-1229.8159656761368,-1422.634541511377,-1521.4708984379788,-1878.9521950477304,-743.579317498167,-781.8685301863137,-515.1564171623156,-1798.1269777661507,-704.2258172909061,-449.04118762637387,-338.00516363529204,-784.2309220902366,-742.5215317517604,-985.640414785663,-532.3805092078424,-290.8561389234684,-448.66404721031995,-349.02418909780346,-1331.4856063377663,154.21901676942306,318.0823842994767,-1067.31819688496,-1444.1873359835004,-386.9091654772732,-1481.06998479464,-502.5886797073532,-326.153968370518,-1469.394397343258,-374.5296731758408,-928.9470170280703,-779.7000342677113,-994.2435041874691,-456.45955985422,-706.3256545862331,-815.3780132843771,-561.2397032772764,-587.3591844004098,-1010.2394455505582,-1035.5559125533855,-732.680956748051,-454.2549117662519,-445.7273725442555,-691.1189501052583,-772.9853666408069,-1114.9503461986214,-831.627543822564,-793.593227752701,154.16938055524673,-348.11314497454225,-634.4901443741836,-873.0825306863801,-145.08222822014636,-1134.8293958630538,-1361.8291528475834,-481.74626640920957,154.68143647939593,-600.1469639354226,-381.6124178971092,-175.2837245633771,-629.6220602297215,-579.9871733664114,-414.9468401302473,-1023.9500018116909,-583.531358157653,-1739.2774688410018,-1490.968274691163,-746.2373857798641,-762.9492951002554,412.7185165867955,-654.354659984985,-824.0946194186799,332.5002298262922,-927.0023744369882,-678.593155498576,-647.7552698475272,-1033.5259133313873,-378.3126543522282,-430.93761794781085,-163.1869287674542,-1555.769256411676,-383.5640579772428,-688.7794873596085,-569.9176131796439,-864.0391137714035,-744.5838539225738,-1109.668846855663,-503.4682056948115,-173.5232172894737,-916.8625123211252,-178.62965914785153,-946.6866121378937,-986.426040510419,-1488.9730735167734,-269.4382189117713,-481.76923486523935,-557.4805275199699,-407.036018279807,-1223.8681331403702,-1449.1480534975087,-1625.5586167634272
510.496808692551,-61.364347018022016,696.524942611634,339.4437680396129,398.4484390944891,393.7056601082633,82.01881738466479,271.9569875280521,414.7102663737423,33.32288686168418,402.3953388659207,-217.34633602621972,1010.9667680721964,292.12873079299214,430.3759790868189,-31.13289397640501,89.0219033624315,-105.09843897913137,744.2031981486771,51.52483490993328,232.84294319213953,10.973104138461135,523.4520065723775,500.25415163380364,376.3367757084828,579.9733638567174,-182.8390043273014,979.3486019791112,292.9484604517433,486.85297816731236,428.74395930572115,675.7558494775044,473.6360591898789,412.7823062263808,478.1935959222222,804.2471387099803,304.242505976462,473.304435239037,303.7108675706762,252.2449196504608,544.9332504737968,116.18502357980756,-0.6073491519988236,277.2032591091782,838.8948961220717,630.8816048613204,285.01727072828595,27.288745172812973,412.3973411494426,438.98991552422996,447.99287374628256,-7.47963172407859,903.9950033567252,920.1886743172347,226.95958274031017,-183.73569697765575,-5.145188007659362,107.67868747626763,40.93629446105489,773.019280329146,236.57597368760958,294.5276526147479,677.7078196476185,-130.0908105622964,522.0768294318835,871.182007300721,469.4457953853456,133.07835927627556,-269.6060018405011,309.53336264454117,661.9515216856337,-19.7825197622962,277.51653917410715,-11.37827659116187,173.6639933300267,576.5374526903062,345.485659079332,215.078775369077,51.526558527174224,543.7438481564752,283.6518327177188,474.3144791290626,-110.92572378365831,959.90780816928,-17.7295032880469,512.5812701323135,620.9997343072935,179.16210459899392,718.8750567237655,146.44967146996106,438.1716432865167,840.9609562739039,315.7134846799611,359.1618609014942,222.29652055222346,753.6198148062961,93.95814624254825,610.2150476216711,570.9845381425896,636.793571171813
-1142.8698121840891,356.96143998416994,-1027.7814061029846,-630.7616561337004,-567.8448688307121,-101.95221411305721,129.48617358839311,-990.1731307988911,-856.8994453887493,-608.9578295542233,-107.88638740988374,860.324846870417,-855.9900269881005,-937.2153036629993,-364.6361427576682,37.57092070447768,491.424580632992,283.52966403815014,-1074.890058745381,585.3509687970936,-28.71322136323905,-858.477756086065,-510.9054152942955,223.99813864491853,-672.0055821187608,-265.66028648822476,54.38139014705683,-1179.5082260061197,-764.6984955672849,-381.9803485759834,79.91637741053015,-30.653258817771412,0.6107999919452444,-727.6310309444613,-289.40535832035533,-1312.0985069478043,439.16604063461057,-262.2666819001852,-541.0137123519289,-204.6490053656493,-539.517415018453,-63.54396576485564,806.3557583353744,130.37905259943477,-561.3063537325093,-345.0288088233163,-387.538659588399,728.7190231674867,-113.65745263591631,-216.7351919547774,-17.553591464529834,488.0288428474727,-818.1596165270307,-579.5488863569542,-144.46481154729221,578.6909359428867,557.0781552658926,-606.0893037068462,333.70940022723147,-322.37883585376983,111.79100097573962,-397.27152981268426,-617.7274835432261,995.3398299836745,-1839.9869092022427,-1194.9702542621435,-1369.111041048321,21.50042090195083,958.8161489344658,212.40804406877572,-329.4916921337538,1.016898105343,-395.47256903477165,-97.80986166765277,10.66897502416149,60.19979138129508,29.75470363649494,133.85728007932488,26.23814617812402,-1298.9425859793264,-452.54119188124724,-297.6753820977296,563.3437062331287,-669.2887425159428,750.3697236007388,-945.5603753739967,24.010355172441713,76.06986027509416,-350.8308751732315,-780.874916133005,-311.97906062472134,-734.568398342312,-405.63922765971176,-440.416601909956,-899.7141387308368,-779.5974232760866,-318.2082166889569,-590.7277007030502,-714.0891114082057,-373.6246786316786
-639.2915306780695,-348.85476587615494,-381.8590915134536,-234.68867542963721,-336.3141959725174,-409.4374400582871,-194.7928368822234,-720.7698879863719,-280.59985538489116,-353.93847984104093,-189.1276935559543,-836.0497998944905,-283.1800394114448,-354.62133781107764,-27.42456811183961,-70.998507344152,-188.77365294377503,-300.8310566987959,-285.2604366101038,-348.8786343606121,-493.22706653368283,-435.66734174408725,-556.6871505760565,-534.3423805096677,-332.7067289577646,-370.63251325659286,-296.79716197006996,-499.1149652735107,-403.047277268162,-249.73041487675118,-623.7528544179229,-297.0270940707925,-450.9368222272723,-161.31725500445694,-117.65535923561701,-493.9723113554452,-598.3811140437141,-276.4295853746387,-153.4504076919874,-363.8247259542979,-300.8389052674978,-289.30850135333384,-587.1400095788634,-524.7883787913087,-167.8691784160751,-380.06504269910903,-180.59260711925668,-214.4591720267978,-338.9716417144941,-321.6942551031812,161.17553113683434,-556.4913801964148,-378.42600797893306,-449.77086436421126,-292.6017754764052,-294.9405070740265,-550.241020453409,-219.25671625814977,-245.1674797183205,-279.6955151505064,-269.4772487194391,-305.4971474873949,-306.70667633020685,-849.3075546457312,-382.9691990905447,-211.74642237226226,-258.2936161357187,-224.16689303411093,-643.5720400981393,-276.944239731254,-92.86188832101506,-256.6828258425094,-290.23484799920766,-291.59746565008476,-293.46494370671564,-340.9347341514978,-363.6719521239472,-418.70509366011885,-513.9015548117567,-271.7576623099602,-341.69528877124753,-171.1343085694878,-429.4665273239644,-305.8087003805193,-530.1694026729054,-360.9086577858866,-837.740528313882,-44.17519086511271,-118.06683174161863,-525.8321235763058,-223.17982037566622,-457.43067362510664,-125.91718713003978,-313.74727733519427,-111.349976534202,-171.38368382971404,-661.7611380956108,-318.5315243778836,-241.18955573038528,-87.32981269353382
567.9219867808832,559.6018502444024,100.05035214151502,539.7235101908759,170.10076793728274,-402.9980672406985,21.224306320818744,623.1769600480835,-142.01522894565105,-209.80695807585386,-124.00272788079103,601.6488876249094,-275.1194605275857,339.84824242737983,-486.07555124293833,231.8972278497382,-69.269310886395,55.528931014641195,-212.34325288711494,-113.13669685027168,-360.1107702570327,-8.675370158700591,-463.2610811160662,-150.51554188506128,153.21465584533834,-328.21193634672795,126.1152055911133,-604.3403358817164,-82.35717785290223,-72.72759233009488,-125.74432302856944,261.5128638714782,-240.2823142334855,-59.20491093998033,-156.52852553094522,-236.65408792211704,356.0820125493441,-231.76589471462225,85.78193873845373,-277.1357391971456,-239.71117064809206,-40.21786430198012,474.40207401814433,118.22428894113888,-2.860517272620058,101.31023744064959,-82.02151419717829,94.80556053300619,-146.08314650276927,-257.8536094991455,-392.29406334749973,79.75009852579217,-165.73631382018954,67.12018875270702,15.945895902215549,139.31141396861872,327.92327405337466,214.7430335684298,-82.95866280091829,-252.04838329980493,82.8106818567946,47.71130644952887,-291.2186522408509,744.2944299439723,95.627669546533,-101.86845084914933,-362.39982879549655,380.99913998388297,-166.91154389683697,160.4224410077734,-357.6008073542566,-64.01562615732911,475.2641303154437,297.01019535177585,202.5772103629325,-45.70322595907079,-166.55287895155772,-73.07302492454289,89.3267233188309,-239.26852627257398,88.0924793899705,-126.12325043604544,442.51319162890815,-254.33972700544874,345.62712907371247,-104.30771376438496,-624.3144050813826,-92.92640316262796,-410.5946706687622,-159.97202056686106,180.91221122761888,146.34628176155425,272.20978922987285,-313.0354800144881,-108.64023102595549,424.5030294146606,-572.0690277459291,-124.5523528028991,51.017022342063555,180.57968831554214
-1243.1464785360138,-1333.7056127919034,-1662.479242998411,-769.6773673588563,-1353.0274381146246,-117.28762689381611,542.9009023587599,-1598.1521367229525,-954.9224427911512,-545.6944258107058,51.75467493595292,-1143.6195116384004,-396.0499389683925,-896.542409245275,759.0243249369291,-574.7509247443173,-739.4563106749733,-486.19457511177285,-702.7025533674266,-767.9074264254698,-276.988501842185,-881.3490591789258,-1299.2835467914902,-394.6957601533338,-1523.5889911312092,-626.7820471010407,-443.4050470896983,-913.8935096258754,-576.1021084840544,-713.6509691994203,-466.84850227245744,-1413.2201316099804,-601.9822006096348,-541.1896542641554,-287.71866745465013,-765.1371543919993,-1074.2600520219373,-388.140517741053,-1352.742313993552,-75.14063616409977,-522.8450167655113,-215.2772410882372,-995.8849129602378,-1146.6370918272798,-410.34892827813457,-1255.0678662329105,-24.090483195894013,-346.3119654263442,-632.6249778353745,-508.706661969097,592.9994997731895,-825.2622799648647,-383.2337995361764,-1193.7456123796508,-1043.330454962799,183.54192183395566,-1070.6775997754653,-231.80261915707823,-42.04927543792146,-140.13619591642183,-610.828353597821,-47.422001187314855,-950.0231355777618,-1226.6393078402068,-798.2878622892647,-759.5381608054792,84.66819547270532,-1387.1094581339544,-235.18933730232936,-902.4027866168194,-104.0042976696429,-338.9794701236753,-1100.6064181654854,-1083.016135154268,-1103.720556495706,272.4707778566771,-26.96621300333497,-593.3437474832568,-532.8126242384079,-613.1418654639721,-187.7750009843122,-1451.6703403602635,-1998.261665038038,-1145.132473841383,-1347.9324088066649,-549.81954187498,-276.5779818147973,46.49584530928197,33.23136586890053,-536.379369602024,-1235.37921973025,-673.8658989076489,-481.07228855351696,-238.74717479418933,-476.0613480939177,-1808.9463167103816,49.05740554187808,-506.0832565623706,-759.5023656249442,-502.8535793452774
411.6512842999669,407.9059996272051,643.3361214371126,417.89516268838287,546.0933232471031,787.5921805691419,687.3583467992136,194.6773056112724,660.2217294882014,718.2585344947194,194.10184969418577,963.8496036863403,720.4303323097366,379.3875304583795,483.13951730516146,431.9934747796159,214.68796949547638,589.867466779091,803.8730417854284,901.8321870402474,816.2559805002959,740.7605892803881,658.4274479508435,662.8836767766853,303.60615930731115,384.1380565706475,401.12067787286963,570.9301189265287,130.1645281601278,104.65309111576843,655.1872811099387,531.1505310060163,147.5531270780111,755.5955567721084,489.7739059847011,572.0422564499283,9.052981608938268,432.65786719591335,384.12708116760683,373.3821445506778,601.9608963414845,542.4761268748101,995.2778710787675,1146.1070724562205,447.73460450522464,401.6951972357665,617.4468343407771,478.87506716024507,767.2777321794028,516.2434815880708,380.4135922036928,696.3452610659308,365.1673900009161,502.3056758344913,710.9657736415226,402.54019604102234,707.0248061809223,575.1453947517143,406.61089758688354,493.69874408137736,536.0740753593977,640.5067010560475,943.3335045745469,923.0850415444168,578.5290188806127,337.0443905726634,662.2079518886746,441.9465850827224,627.2418601851593,844.08480435874,248.54872891778047,670.1598526471489,420.66691008651037,765.1673276778115,721.5672492012508,467.2922893096454,602.0691190161639,584.4352463843318,741.9158763756224,306.03766971769795,499.81786284495485,253.07466789110876,506.34805617345927,389.1543255343892,675.175882779976,785.6524948548852,1019.4188893691947,291.5345194592123,197.5234802147508,1029.5694603863308,456.03868021905106,1145.1493855664244,399.8406355538055,747.5345703480041,329.2902221052339,469.5978866009996,1035.983836463358,399.31380516331814,339.3009368781671,578.9720165743269
1811.6224120238946,480.46300665425207,549.6790531866022,675.0872985724698,875.0920694483689,387.84140452835067,430.0472120744375,1269.0428920360869,962.8983048835074,767.8070420111233,318.204264387242,569.12079222143,770.8579909506294,1328.5922075378016,305.2723460703149,525.6154851516452,402.05871160468405,408.67194446167997,458.1202560642147,193.6510102268764,778.1726383711277,894.2164583747743,845.6194032833671,599.1778442768037,1103.2635758148897,898.4461501419744,511.9443942402356,908.1581452471305,1244.3910967022762,765.2514589004307,1006.8511134420704,611.3039555548686,1008.676532082075,608.7750429270216,394.05058114090474,637.674737646617,1554.1977923539976,758.4272095102586,684.5516895360363,836.6809956764605,679.5738708317357,331.18388961817436,541.5108797651651,837.1435546202454,405.47918237493394,527.4257727172062,652.5733379014564,18.658459029385295,798.1146602992449,669.5112320210977,194.68320469364414,319.19768268515537,1154.258830721272,663.9158729844606,583.6778083834018,163.81746184296358,397.37248988792993,499.4349177955544,720.2925710573808,436.57881549063455,728.5514430016733,604.1075818737552,976.455269672048,1097.504284114877,1084.2665338653721,1286.0409186799905,511.17074522465316,483.90841910781626,53.909627578757274,550.814452312471,613.2920668149488,428.7126693062975,1057.599405312909,291.52352890168527,398.5866951359583,785.4653327751769,471.8617771529477,787.749930616876,362.3716326573006,642.8964047571736,602.1513052947549,722.9348344465996,340.6522180924552,748.1403291298075,745.8083537552525,1352.958521133336,1159.3441833753802,122.72993994815724,221.45287506623396,693.8564376717942,335.28037229941253,1132.0581637592313,496.70248740514927,531.227395543655,767.4437922565306,607.2420981024148,1115.8597043415114,944.2614775171951,522.6245238538293,372.56704829721355
581.5046336905557,322.6511676573298,402.3734532027538,228.4890735525212,663.4259483484585,-243.51028487539588,-183.7024616986093,640.36193873109,342.3662281349271,246.7373732164858,-239.25987103763552,223.5917686443368,220.2315096519334,348.4408170556897,-331.11384866250006,-92.63731156541878,12.892483733560972,165.89417293853032,-41.09431801962837,37.2051486105826,-280.566797205662,112.36550096114956,185.86933041340424,15.051178941547512,339.01852871743876,223.97943285070266,93.05899521318032,330.4524461071364,245.79930659924946,394.56415385651445,-2.1816549241008456,127.07750049974905,512.4870788631794,-123.6549925548429,90.0049960136306,387.1158969525903,249.86268105945248,-99.05766773270481,491.8922802004108,-19.33793559053043,7.510446076527884,-220.71255617150896,-107.17019406281257,231.34988278358585,-230.24651815706005,-8.910938483945403,-175.4301293005153,-332.09568736692927,448.9955000476069,-16.73123667716955,-645.6145271141077,196.96010366628312,65.44609064928142,327.0801150075167,28.603882263762582,-249.9638987940272,309.07816660077634,61.24404192597485,-200.3118296854815,-301.08765054190695,-246.69061107242587,124.6884984429612,-108.1330489618274,193.63373377098569,1009.3956979039863,306.45554159081695,81.04429409866121,122.62931013107152,11.889260253072703,-139.4557370725229,-46.010576311169466,336.59027961607654,38.10096995222968,267.5551354334898,222.50866258508276,-135.37434256093294,-128.09519912601837,341.92088684667027,43.6090410377692,471.99039856648903,-44.39142215343005,386.20100762033445,564.9040474458294,249.11774594885588,200.26135297783432,154.08877616724646,354.8581288970802,-278.5500716193285,49.063531673561194,336.0333618290037,61.74837569372877,127.49245195744732,-73.07074554618644,-55.53959965232178,86.1335743895311,632.520484668406,524.685317494297,14.561695369160718,213.52992149211371,2.538218912763664
60.30376946576566,-395.2357281361869,43.101501681507315,-226.2851286155343,151.76680168423465,-529.8822955571673,-364.0783409738471,260.5163477649506,253.9506296333546,-295.72856329097465,-203.47785187080058,-402.71427671555625,-124.8582492754625,305.95092483344683,-231.2948958798805,-376.3353470489875,-149.28388963577743,-323.21254981881253,-60.62050380119103,-349.0932157664148,-466.62549100893096,-421.1832893768888,-15.783797021441847,151.04954418820333,207.69823319311953,-160.09358375785536,-649.3276278419073,-214.59162090422947,-193.6213113259913,491.73358747765525,-78.25922037880397,-317.4103571746999,300.5671519879587,-90.12666918100044,-182.95781195822295,-5.614142169678312,554.595198818085,147.67437217540308,244.14584869682702,-70.95138335419854,-200.42259671655626,-461.42781560307367,-808.1972374941172,-133.8286444817914,215.87969605647336,-100.17302161958754,-376.1770809876043,-372.11836690050126,-198.64449087465965,151.2800059802776,-332.66796230411654,-547.4508545572595,-298.65627190742464,155.64843118077414,-384.20100226138686,-509.07183513057987,-333.54525521364786,-423.74201301609605,-402.3669216048484,-98.58128686494284,-374.745391215434,-618.9537260124795,-174.9344075204949,-562.6271474676387,38.36763264000048,78.77138620922538,-55.19952486978251,-221.87408778559106,-576.6595246306498,-430.82131877293676,90.35731641428772,-102.25421234883405,-173.1627326928817,-579.5294932078501,-848.442268473938,-508.81591715703297,-121.31693724085686,-284.25073319814624,-390.03097560337756,-380.3269891890997,92.03810613040292,201.4412485941943,-60.601004071607825,326.71340993706303,-395.564569716907,-132.95060193742535,-42.173460869410505,-138.95640487275244,86.56962162002556,-517.6592902555451,332.9126809306064,-189.42115204319745,79.14122028410912,-263.83902526734204,-11.56274771484003,685.0617940313109,-34.62496815138959,9.324939920126162,183.91935422909305,-189.9342633523574
-296.61128641673406,-120.9794442406323,28.022474563834717,-90.15255629329866,97.36922078683116,387.9065607067801,-170.843504350096,98.28034299391213,-357.4888317536178,304.38940144374266,186.75408194037894,774.1133435406873,-240.26196522672734,32.337120426153206,53.31309059334238,546.7911139743888,301.19440199362737,154.82568027781997,-202.37044004240153,1020.7126320723281,212.42391922275104,60.8771573747529,-117.44635448781699,432.54710683233714,-427.4450125969972,285.9734796646044,443.84944937448563,101.31576345737528,-45.56027819329993,158.57714857447186,-246.6386512615952,228.24992087971623,221.07408348073574,-301.3415181209838,-259.5524788252844,39.2609817822022,216.70887768808456,-208.09893221024242,-337.42987256693567,95.31657167451213,13.437489056208607,80.42909047879586,572.6646702181248,-77.29616573280887,-606.3838517106525,556.3060550159927,-79.88126685035212,295.5751322974516,309.922609538968,106.50210523887884,1.6986921720114145,633.977630180379,-298.0999147248492,115.34582437632216,-22.633764275971167,385.5950380175637,702.5307348327864,-67.24826140500771,684.3140708542293,79.94348853998179,146.1602740061032,89.61363217987741,-297.28421031428746,905.2243439229511,-29.878224445279084,-258.55108715119917,-46.92467637844728,12.770970961731127,1030.4794457061569,-425.8003524037556,-248.1355609178969,-75.52399004521217,-160.07454792322187,144.1479808675346,484.76984193998027,-428.63466968533055,-234.51219386250946,377.6321101025016,71.76522784875404,1052.22570356535,-120.58202255879792,202.73932927849356,777.2634634311196,12.88308416275071,413.2324400370608,-228.4542066254328,496.3631471350162,-26.024879617373934,184.85809478145066,497.3432643116094,3.7410511006698037,-512.2031035753262,-927.1755978655764,-78.89055589480033,182.16828283028943,229.16767610660227,-175.36779112273013,-374.7357898878709,-333.9033758888481,27.876342337954995
347.9147625523695,306.19031803741746,478.81046014588946,267.1411424429971,776.1984433307584,850.1065295897844,418.95180079413376,301.8461005844346,1007.5288159967237,306.1193424167127,379.62529840885395,-250.666213530807,744.3968538608347,391.43977017696943,629.7388658545668,-234.07904923892815,378.28736146875923,453.30626014687584,957.7666579981029,162.5111333831156,701.4669497729008,669.1433349046239,1185.121616651821,459.79282712671704,902.8832899972074,353.73097272107447,263.6950884981575,903.50426579447,966.5868183323911,332.35013356486877,667.8555372560144,462.69793352497794,770.3967009202556,591.2323403721474,512.8740227986509,786.933671501194,508.12677466492005,668.481672991691,622.7245876870995,281.7873483282096,574.2409774772593,308.0455896378343,234.96085476144478,991.9350127749727,911.5389965540978,499.6320845439214,673.397650957492,296.424274523681,1018.8330783758504,733.0677868534327,401.0021019573029,418.1452671752949,1041.7765751100421,481.38665546633945,529.4053861383617,226.43234413984123,48.93885705088533,-28.182155226255762,-97.0162406749616,908.9442139906289,424.49894487453423,301.9184197370675,1137.4212195977889,-163.5354035317415,401.7270084519078,893.8411444946121,494.2638591298117,529.4504247998084,-30.07753838290855,969.5351249952091,596.7260446898463,970.8431630105247,552.3231065384666,167.7891939887315,101.54476005292528,569.4465756004813,760.5944125811719,451.1222265545857,507.4716115368742,221.43977029962142,687.7739326642165,510.36749611330856,-234.4951495070183,923.5344541946101,703.9503032843471,906.5330716902033,554.2074719685346,325.7785358650977,701.4822246306551,745.8991079886009,699.7934896366609,1100.3568181865257,821.2683368951798,928.0629741841389,98.39259349012913,419.74564944813926,830.3214106217125,1266.2996797662133,889.5782443183892,485.7108691914238
-929.1072254320023,-291.94683908236004,-524.1627623394113,-121.64471278373573,-958.2899422844243,142.81510820770953,108.73581294529647,-1056.630068642604,-793.037645569318,120.67573281996032,309.41031791552626,30.78938936077979,-647.6465577055479,-548.1014518816703,68.95111244672206,449.3538531366672,206.04432938691565,-497.5318684902883,-146.76961264741757,222.88240116128478,319.074764831445,-293.1104536550323,-441.7294226906596,248.48449927756067,-804.8648296679912,423.5296901727318,357.29919293309257,-258.54153858530947,-417.0138718883505,-966.867420480069,-293.46094378650264,-114.97908553859824,-730.283734657733,-206.08398602994228,-103.82822138367754,-204.70956481753058,-641.7647323561802,-72.36446296959,-777.1848616585544,-21.81099807722581,-52.325973465536954,244.87538028365896,284.06112067234244,-836.8289350610536,-184.03629067082824,212.09590379226225,125.00800310346814,569.5248880285118,-837.9479829325991,-196.52928502513808,446.7690432549518,291.3917340589734,-561.8700734324182,-225.6776057835937,-117.82720688975675,456.4481061711598,249.2015627077062,114.53215323658704,512.8552846194204,186.6955545823132,200.13678294502327,210.09784197491447,-451.6689501837573,-51.323333609803456,-1437.9014655379124,-1083.6805424715687,-215.11282647794144,-433.60791959954196,548.7804957230535,-376.7346110057642,-128.08870703722098,-589.4977390844606,-194.79222688804927,171.72476870837775,773.6355116582988,178.98318309589473,-207.4056728905331,-257.8792105844123,188.57596975005058,322.0208903632871,-116.56599629618371,-664.7242555937213,0.2497182697931574,-1192.1483038119154,-347.29714295350243,-702.6121831129537,-418.54042934313384,176.35592720506057,-42.418363267334605,172.61325737295513,-540.8296624556656,-990.0376165507547,-547.5893559349959,-42.161771644432555,-297.9007177034141,-1220.7080174908522,-519.3704583172199,-901.6047622948059,-518.2837772926302,114.03396480194846
-876.1706487779861,-270.03426673794246,-745.3809170433486,-418.5209308809627,-648.3343271368097,-247.85500387944447,-207.68854671702175,-781.2253689920109,-741.8348489663861,-853.5546533236568,-113.10761242833148,-612.7280053311855,-357.54782763481717,-855.2669797476699,28.769422703065587,-298.08735312832493,-408.02408874912214,-127.73672504532762,-324.31251446347716,-164.38702399740535,-87.72452544954034,-397.6340457354366,-819.4960460174119,-846.1841107823595,-562.349140916248,-627.9889093389766,-242.89279576843975,-635.903063537266,-621.9906320013368,-529.0332226453223,-136.88474345225566,-410.4693646072002,-711.5540585097124,-307.02909425996506,-324.1542891176876,-722.6008339032903,-1020.8719026254628,-488.4647458437948,-590.0301583181763,-529.597682717805,-283.5151761747638,-75.09806765727,-342.8393970194642,-737.9779152706918,-275.91940459357477,-620.5013237760121,-265.9879183815826,11.75482783839081,-693.7246526329218,-802.9892984364882,134.96750455908298,-332.6987500994833,-418.16811413653556,-936.3615628035202,-350.09207448932926,-4.733160131621231,-572.8298220816713,-279.90073793315395,-170.42573147403198,-254.20831264077123,-112.82360696227322,-461.4422235441834,-384.1888044860527,-324.086196961933,-731.0111195059677,-444.9428222742972,-231.79826230129478,45.72633088202764,-4.471830110988677,26.552413156460293,-210.18307157416004,-436.73646011660253,-553.5305678961396,-302.30618003251163,-566.7348998293594,-341.6051273430953,-268.51165730543755,-512.4744551062047,-598.1047450112403,-943.6887995283806,-496.5522388885653,-676.0130689302785,-753.5359406400154,-584.6155683071323,-302.9679413792196,-498.8030879148796,-818.4626980039163,1.3530303739032798,-215.04784366441535,-618.4521591146957,-356.6568028919124,-470.13145613575625,-366.00596095171136,-182.5165106452571,-149.2924711433562,-748.230717785728,-438.87157162311513,-201.87336869726525,-536.0699428117326,-524.1580027489736
1116.5690498006531,126.07555423333154,360.8816239116933,525.5528776998793,-10.905374763489776,-58.912091867992686,211.2926661245546,962.7179023485531,14.880839029920947,208.7259947761455,-58.624255367263395,25.59505668003633,460.9698716992679,651.6059036651203,-37.040620837389206,82.97690411193383,-233.05009342623399,-616.353653797762,119.99025357293739,-487.3992605940097,19.90728558375607,395.70042083825024,-559.1846195834434,227.48770152940793,181.0078661271821,291.47039864500033,4.935765326065975,128.88345999306065,341.7416866271893,330.65736458656,-532.4478187578883,-80.72859623970982,-45.698860531821076,315.47204197543965,73.26631874178193,553.5839046226081,98.40408201514802,-77.05982896544978,464.52354233409136,-48.09265161502838,-139.23537856171063,84.70514542910425,-160.66683934547484,-84.00064464776361,393.09778585686496,-125.44319114300907,61.38484780464122,-47.85391163544649,-28.0266363044227,58.2372276049687,454.056076027708,-337.8366661206769,-83.87555816988201,209.15714257055112,-9.499998860817678,10.229026515454438,-99.47081099171477,508.0642078772164,217.95106270251625,-89.1149419939392,-553.9597340542336,1020.1626007792921,-73.51752119706866,-659.8161015673259,901.2967596821309,182.13521077737363,210.61539668568497,-355.4242796165766,-336.0494930166093,-275.3687904666616,121.48682299536385,538.9031333135976,261.1354517765284,261.1491429191104,388.9655646803214,425.73143424159247,-234.15790560475804,-86.50751133226389,304.8418734693607,661.6826103325809,640.3455803953989,-45.01842349199952,50.92256525555878,44.49542698689078,-540.729484811669,277.2907468068695,814.5335446075065,59.1638924691301,81.31456087971759,588.3422130029915,81.81343759066077,-105.33575910433505,500.09630081737345,-89.05666027386269,334.6380539683303,-354.9591080712969,223.0820039409972,130.65315504837056,341.8629988712341,420.92762361839505
1326.8723920968903,387.75375363542133,598.0413381676951,773.8878453121066,984.5014084737431,579.1598498818568,247.1112687280153,912.730404873594,760.0891469948281,741.7560988932,52.69129082039129,1225.7811395539263,941.7186733011532,561.9390876106656,284.89222188552196,208.0688912277931,312.67420667195773,721.8567958317069,747.2075092361346,175.18414770873824,178.05057205501296,882.9740628539511,1215.588206161249,821.2533595523834,987.2843164356568,361.08523134441884,236.33424419753754,681.0445370370625,389.48436758673887,785.1370815563828,1229.247278827176,701.9751251579515,1170.3752776395318,651.8986890083755,770.3918235714586,846.2692824645376,1216.4131464592172,759.6607027078496,679.0618058479448,546.0908915401066,698.5866345299446,389.9477887277945,676.9888061880155,1335.4803945804629,947.8730624515488,563.079302254051,330.9333417965904,331.39155466289077,568.1902489355947,774.6349781059969,391.14548436692655,515.3269047499615,1888.9671740331166,1331.4603012968767,420.25472073362977,71.5684735649965,520.6679572329665,343.84206526781577,164.99178147049685,584.3416820904118,630.4671557613509,680.6203894113582,973.3870341943302,1065.1771814266694,1026.3232354652168,1136.486224618782,807.2890955750128,636.4194227682656,136.27797236333925,571.8885475355569,603.1404770356928,341.6084458079546,702.487774772679,212.93196283759522,175.42772105142734,1168.4495488698133,613.2013784672158,955.12049664397,321.260497318809,362.8646316348987,548.061921329848,912.3364540082715,969.7126587954199,1107.366120508478,595.9545782562021,1145.9237510390828,1132.7979115253586,174.95997501726484,426.7291872191655,208.19124849415402,572.9084885302872,1094.0713666313932,853.0020279393233,256.826183462199,371.58979356472554,1950.589836046911,1048.3480111736947,1127.05565880456,510.9569371738041,526.6379293862152
586.0844354007385,565.8345027476175,425.0073971175182,500.7735763460873,75.00135729600696,431.90297919401013,607.0980929668223,712.0516478116208,254.22236781067943,347.734663229802,294.51050302912574,1005.8068314448172,270.4596314280545,478.96599712492275,277.21340757206457,573.7310265029307,440.1622552437659,633.1391591311061,336.1199733117958,498.6624727765256,421.94145856907244,441.56956082094416,707.3788413776416,722.263925410964,521.4990091326437,251.00209144907686,512.1572515898638,572.7609517971744,640.7530729636813,220.29846494490008,670.1395573090967,748.5040866997592,359.841773741014,507.2449184520218,691.7421593571041,211.864126946489,624.4500894727191,548.7393246655387,236.67417384961723,610.3377757506476,360.33621246187374,461.8998672653784,955.4333682310398,1026.9402859498352,234.6892620386674,439.01468881093115,690.1297777483719,282.3687282462775,916.6334639466393,374.7740904263288,357.3957179751716,659.0608929684855,606.5595216861749,341.6438856528172,646.0537585823859,191.03231717628086,666.581670966825,316.6698799266388,453.5922634666596,450.0194097082691,602.1469265635832,511.05914557632326,560.8700973397148,1113.8481310832658,346.2237873555572,641.7035439049941,89.10746339583915,410.44693515040376,331.34353242070335,600.4362075036222,387.34686461132605,579.0649808429664,481.3808336709897,485.52518724250245,807.7371157262744,937.486947123312,479.95008182158745,408.9511284350593,592.4237081223896,454.4128214365209,180.9712912567993,515.6719165918613,612.0168559420708,304.8342022128976,1052.3458515214043,711.7503733730775,709.9454955429014,210.3515926084671,100.58507996763534,349.6974755719408,351.045232877584,1034.9052189049592,499.0208062228999,442.842940826922,137.251129382838,-35.23692579164935,489.1753128715174,299.28937763891344,390.8742309233774,474.7853621730272
133.23414196707947,97.53670025650216,-99.50225244292412,-498.1873023948557,239.94045557160504,-156.15248028325865,-58.41111319801488,-264.0779613773949,299.7742015626275,374.312229497841,-165.41576367167468,454.47539704139217,180.00662792840066,-521.7230135534834,-28.457546708835583,-296.57684899799193,228.6849798086505,29.032512181226988,106.70611671915432,-293.5518988777668,-435.50332819473107,595.0580365940726,123.58866617453646,350.1133167033539,569.8098701303858,58.334004183064906,-151.1280649250159,540.2621765843552,-102.80433049451825,-681.2002005075277,179.50639015986152,-395.1736246978626,10.396773270615338,174.19196533496532,356.68363777244826,296.7483476389182,-101.92244099583326,457.7368145734677,231.50611170715715,-6.138084639361036,-68.86221379321711,118.16383473467694,-279.35990936393597,384.1353441786148,240.65963420904785,202.4760677549434,-40.37709980701186,-64.91920655667009,31.544413474614544,422.6174494443883,-176.948626971187,-177.97097147705102,268.57074683307457,805.8448698740015,-488.52165567303683,-68.22058127431586,-42.48043921245522,-63.07587459349552,-273.110285658482,155.42220156255115,-330.3140371628637,-204.83315653806187,412.4268834412268,-377.13572467874667,-59.175322284490115,-305.4291813099691,-8.720530410373406,-312.575654737732,-360.11691293354545,183.4968953066218,-179.11785177680022,-123.29897805742469,100.37627240032934,-89.11321711283622,-70.51216193888722,174.23186697729687,-112.58676044934197,307.5697645129353,629.5172523554562,-235.41073466230094,-352.66312742108056,590.6302473621798,277.3439428337574,636.9332764134014,-318.27825115130736,-81.89765830007369,67.10066638477136,-22.936750116082695,63.379218406841126,71.495810218037,162.3474489258607,379.30547695630116,336.67031023719954,-33.77121040909978,-286.4773907725833,-98.24095816296406,-585.7409166933469,121.15042677509119,-245.10953579653906,111.387483475489
-239.56328328249884,-221.8920583392927,-16.171608063228707,-259.3896371399613,214.68539013585797,-954.8798618019563,-411.9667650281104,-73.86235992382731,-169.52445754922505,-614.7580437234734,-186.67736121270497,-417.6694521808967,-513.6482393703571,293.8543340899154,-341.8612709509493,7.369239853988189,-176.92763394083096,-197.52114193744598,-440.00743378399636,-221.87146191195632,-381.35217540478396,-513.0358978442566,-218.62834507923517,-317.7415303240749,-304.3942478528446,-374.6898236026896,-365.93042922063074,-401.76864776213444,-95.3586874820959,104.297930538347,-328.6364205750816,-85.00307828459793,-231.68976607578324,-316.1285322999997,-183.53974900084077,-273.4827259996833,58.78163527730788,-551.4810554794695,-222.46726742685914,-44.87498390205991,-184.5621851934159,-448.8727714208192,-630.3805293728911,-406.2135046376203,-449.6730564621227,-271.0199508224491,-308.88042485648646,-400.09416204466146,-107.10840997396326,-299.5209488308588,-705.3352968724487,-371.829924865883,-543.2964719920519,-75.682288652281,-126.58325908067606,-490.08012158698335,-165.0587026109744,-30.135675404064802,-464.53619693415766,-418.36999832298494,-318.17575365786126,-375.57223435608927,-549.3901411322886,-92.5712181283767,129.9590953325639,-324.7249510791963,-60.92552158055937,204.23043973555792,-166.48881279959966,-359.91329492134315,-231.2750984394698,-214.65584734661604,-237.6086916216469,-152.48220390158167,-291.1986788302178,-539.9593549712653,-75.42510108901087,-714.5954396334065,-74.47672158207448,123.01169184180867,-635.7301947244445,-137.963205179773,-97.60687884358408,-140.8214597860441,-65.13999838757275,-321.9858850122638,-635.6381598605093,-215.65418998871795,-286.7100783626261,-368.3574169408237,-328.24422324406186,-347.40455346724644,-334.98069491149744,-360.35148474547725,-19.573997260130785,244.35455173762236,-272.4155438677205,-342.7924199688771,-337.42016135158445,-320.10842212067547
35.22896302207836,-120.94153103893454,154.26104869485593,138.4066369106088,400.01777870291147,-126.98709936889486,-417.13768216427655,280.7836564781208,62.734012753879256,175.71430193371282,-47.90119955788009,35.964527632711494,-121.74313871919958,97.78986143268563,-303.33412027533944,-143.54780001710782,-255.17371010259822,-340.789973455125,-90.34367125246008,-129.40786576985994,-426.0194318491541,184.01923243752248,22.180152480787207,-87.33738846550843,398.76055346746944,-96.6701992095111,-22.77698524803973,-53.43349466878466,188.32940631371866,42.46628334317571,-278.9192939981896,-176.39546495938328,30.540289718747463,-412.8606350936405,-485.57943592139543,107.15458619087029,310.4437333670482,-107.74342564434338,277.6188509624594,-154.98448932912908,-359.0985547010204,-338.70639837424807,-85.00499659820802,158.92381187167916,-257.63398972145615,200.19479096622675,25.492821509734313,-148.86650831501612,231.4946839434056,219.56718895114298,-336.57284140955284,-424.7632253561957,245.0000942863066,-11.823651229405062,-442.048934008957,32.776362683704036,-252.0644351260873,-163.52246057613493,-51.40903991472026,-204.7854133938555,-322.8576338269174,-160.01907141076234,-210.63076382551063,-479.43792797748534,675.3147899689757,-252.14240301407398,-32.648879907986874,-320.62406381106854,-225.7641756229251,-376.4518158123204,-181.91149397123235,101.00067400753026,407.74364469563824,-198.17335369081434,-189.64931721454445,-562.7743365362837,-291.41718163981653,359.40293185469113,-538.0251053867892,526.4549139573389,250.45975330923082,265.4968722231966,-191.90798756674485,253.1838431113189,-203.26370560376782,-103.25311488430874,-44.96925413585316,-252.60122134698355,82.37664073979131,456.9782079221149,234.61166707180533,-217.89618334704718,-175.76329010665364,-334.84939255833683,94.79483284465815,-91.32107182117784,-512.7271610105762,126.44478291465006,-3.7878090652097782,-66.58787141030552
-963.9728215302292,-36.74176606404172,-126.68630313264366,-344.5900682371392,-84.22397730474567,44.3014802681627,284.8214618342267,-886.1320954895755,412.3276129072025,-418.10167847004874,187.93927825941952,-499.0781488322986,-540.2460187274463,127.1398100895253,-39.32616368297335,-88.1908300987313,275.40940153318076,134.44299983572245,-390.0468271555431,76.17529120692758,441.7370130607195,-423.87620220598154,-200.09719317948168,-723.5174236301766,-557.4362183217868,-36.17139901016206,24.727022476156165,-98.10418022165527,-525.7060800546514,-375.3741776297807,82.44966470501438,-448.6438454105732,118.24862333464797,182.72295180556276,88.02339741294195,-1358.443366094119,-622.0750023819617,322.0762587632706,-625.7648115743647,12.817824148761398,287.50639288226483,-226.5865810998287,76.44795742899956,-1496.291988061046,-388.7985544151762,-69.00164335013633,61.60931203848995,-99.39840018217276,-211.2794161869778,57.644262494608476,-206.3760105211603,-26.72598806548857,-1031.6530630670102,-167.31105781434985,-12.91354186579553,-53.34880397373591,110.97851590768313,-174.87813861864115,-306.44204325702503,-309.7767136659591,364.6981252095225,-592.6175112162068,-286.2974514122298,323.47745236868155,-542.6531379018246,-360.0821566816616,-222.67700143006178,434.9308159132844,511.00828030055123,365.1893059700088,-159.01372649274694,-718.4922243771881,-485.46220367824185,89.81590641462796,175.9058113902557,132.55505916789824,286.7494428325066,-1140.404048898368,296.868353589072,-284.5602009659074,-1011.6555485749386,-1096.8537317185364,92.49496862130691,-353.9140177914302,-81.39019706730483,-369.8588428303488,-2008.2950541351497,203.8301815031869,94.21186246683372,-790.8359813041662,-325.44262244107694,-591.175838120586,-109.74850522418924,392.10786994302197,-353.8548316216569,-560.8217169953325,-180.67733675393424,-357.73372827569284,-112.62595840975058,197.89298018626477
-264.8900354675159,-687.0443542210927,-167.20085132171366,-301.21051679894975,-258.0255869941602,480.088507421156,62.25141982970752,-679.3195023873274,-350.4351503246062,-88.79513440608625,260.2055059654671,-495.683240385644,535.5369896701181,-568.6474922339856,430.0195106355565,-436.2179934385299,-380.2877539263232,-163.99229622730329,26.813255537794177,197.84530066689226,264.4671383670534,-347.59616954884115,-317.9844887437214,282.61238457785146,-239.4865199001472,156.2261963186622,-121.95166194907763,78.48285796442971,-62.39140019498771,19.42589540104504,-361.59787032306036,-242.47091226155834,-239.89285596532474,-79.744913193715,-54.47882671364379,956.2163438744496,36.017318041586755,-507.22716711514977,-50.27157630456829,-70.36916131974098,203.68139286815213,91.22589849783465,-384.0511940488827,438.45190821517855,495.41430076156416,-111.99125014113035,-108.29109334593389,107.67835217574846,150.736551363387,-80.23677922391767,488.02140099768707,-141.6751265865789,137.44672019242628,-624.423614206965,-297.59884955702194,87.94434442104975,-470.56588159015826,51.84453954511341,458.4444109386786,336.410212110802,-220.33094939888687,375.6637423440064,99.41454054489878,-441.31832419072384,-261.10917537213794,-52.79079247608666,314.88254350093814,-705.7548738360505,-4.182198591963265,-258.1792434372441,207.0686116960826,631.8336263477336,-147.37943051356098,-406.5628441124801,-588.8044547083754,-225.5306960023565,32.49329993667905,404.0945766484672,-392.8411823641654,-330.67759738566343,463.59514025337853,-77.54820231524162,-991.3599774355699,-32.78307037613605,-616.9241018669784,217.82030508977536,1031.8032530711112,191.9385413843776,270.16550703875896,677.0700746221577,119.18585531046384,-139.54301837178713,-433.05551065322186,32.22122788652341,123.09348131514662,-74.56404680631704,796.1757683067234,-155.49608878149382,-58.474662970446005,-198.70897820169898
969.8907386157412,961.7561515220706,611.0070803802475,752.5915739584032,597.8985306594083,1045.0704632934144,704.6521842990193,868.496321749399,1276.8878386567872,844.247807676716,289.8814313404903,918.3657660665692,344.28598434518744,1142.1780827058742,37.497695993297626,754.2860294548991,1109.6567455030138,1052.5714963825806,461.10156565869113,383.61318835884686,1092.1807359806824,237.85867775950885,1571.5795495667137,717.9913863336516,716.8145738467286,985.5949441739685,933.6730031782337,478.6495910868084,600.7836055387677,705.4787650949046,1016.4658010994746,959.6782914529882,1381.0355270224918,611.4125284109355,532.4985522653888,365.0757571058722,826.0236271584249,764.3771380992524,763.793559073274,352.446406670059,690.3063762582108,326.3661925125526,1160.7550392131732,598.0738064499722,567.1785418009209,491.5861328451672,618.4821849259353,484.9845459824395,638.8703518937726,733.8324517306919,364.80594333348097,1126.9501003220196,655.6601229394812,816.1231418118462,958.0030364604341,389.0329079389839,1095.3745023206723,371.185837762331,720.5857178020005,472.2541074828915,840.555558794124,706.9769811472687,673.8452501886942,1234.7289256057081,906.459019682855,1319.3943735545065,385.2830792911416,1170.5650911742598,463.44027842851204,828.1761327245996,487.1862035114225,308.7994594858564,849.9268047304386,861.5802325902645,1124.8116173676285,1001.1342378678886,612.5585765067922,666.6286111333513,689.7080041950021,599.4427880582839,858.9209132969994,549.4757947632667,1811.0304103321184,633.6255229607706,896.1004334978534,638.4785150609432,500.40218757679685,287.5141726953685,794.4148042446271,704.4242095531591,494.5076665896998,639.1785126868458,731.3578645226536,811.7532213694254,427.2021561805232,1100.2325812634854,1075.141510897339,573.8025554663852,1132.4218354974332,862.3628955173858
-222.77248975456502,-201.04961821914492,-4.308532161171131,-111.09030462605097,-391.8594630259311,-121.60781518664444,-359.5339115300256,-108.96264448228256,-629.4991246034324,-119.91116298713595,-217.18139339767106,-262.30445116403644,-216.6480252333264,-291.5523031466486,-27.190369183283842,-243.9554262718064,-322.14943498847265,-300.9634345342371,-129.692303175105,-232.27842617912003,-308.93709295258344,-217.31582587068144,-325.6965275447495,-235.7054316505971,-145.85676967858407,-337.2476853703467,-248.49112946135637,-74.68753372778703,-209.48372917487697,-165.30435977467488,-189.59494417503998,-338.0658775386055,-361.55113684699734,-51.05018839851883,-11.498327531961518,-267.7611458996217,-218.20491054297017,-139.412578764393,-74.70674106055243,-292.7243084805331,-243.09811692144785,-22.36986767297501,-335.3011574336116,-356.6500473834075,-204.06758799466192,-154.59460606953257,-261.52344025482455,-149.71013665318992,-343.29621673788085,-274.46033310984603,92.21556108575055,-498.3188885810351,-102.43573494199474,-291.33577988469176,-369.1445770101055,-410.9174496173886,-363.5156452103137,-263.56459056944163,-320.3522743552827,-206.8818277137409,-159.61663271107412,-175.36922426687133,-306.2394621912984,-372.7178883699598,-293.25605081073223,-62.07724324211998,-143.0221804225939,-332.0143725094601,-239.4827905794848,-260.64549276403,-190.10990649115368,-168.8106975714158,-215.51830692830652,-235.61484245520177,-245.46745463784436,35.784238977035095,-263.45527653595093,-312.57817220598736,-421.79503497636006,-284.9528497151321,-43.209150156975106,-230.80178428284978,-611.5593365055678,-207.6648004587802,-375.9391738642806,-159.7444050807744,-182.52496778706748,-35.452862248599814,-122.49718952497321,-405.2322487856744,-132.68697237582776,-204.83825246440077,-44.91366212045746,-140.8877699975011,-87.72149207294396,-140.91161579048375,-190.82391479757325,-146.8810153061872,-243.30337551037854,-203.0226899095696
1740.4994009871973,479.3822107300856,589.6441777805277,846.2127044558406,1074.0293592889473,148.2403642310449,-36.20339150336094,1793.8657482917595,631.8282478817172,491.170086056412,-121.60412728197876,593.5610308411644,616.8667445477438,1067.328383590533,-79.20107352558418,414.97452027636706,496.60621667182335,328.9173032066538,499.615814491906,-16.0713023643463,-113.07704022501352,641.4225795949975,170.32378571290087,443.54878800322456,935.5641650296697,225.60389508589162,515.2244815846253,424.6877305329598,624.8197954473384,647.4221229520986,305.3804213550522,888.0770081072727,971.740198029029,173.8281470224911,396.8901694778226,774.8400644493356,997.0607058627706,236.07473418842366,1053.010016210076,54.56970246906766,103.86549008993155,150.12238117088384,286.4227555886786,680.2538064895558,571.3440062013119,523.3701389077951,146.38037179733996,16.35889767777653,750.2147398223505,408.18124410343637,52.80727697209059,582.9328089653447,678.2808941867678,1340.6027364545407,492.38540720478153,-124.11620282511306,471.91754837750176,461.1490293514232,243.65863789531394,668.5204915904576,-57.29981337756942,638.4556979951722,544.1142605068742,857.4890211153964,1507.3931084485562,1404.9909150684912,492.7824685742741,686.7249884435671,-341.0528772343124,326.62227758921995,228.3671299739539,341.291348576611,613.7273491947817,591.0049509261979,406.41343628032905,651.0371847329144,246.01896814696704,740.4948905043033,422.69112031137945,894.4682454328573,374.62566066890406,835.190037920306,1178.5048734244317,876.2214409059557,768.8835409981205,512.294339952725,1288.730508451463,-153.3661254692059,304.0345400662275,536.7895533652837,724.0056961976078,1315.2616604289997,1104.151932176394,347.38976887472575,364.0785820066318,1046.6876043222087,426.0643752787987,633.9411273086213,755.0982306773661,641.3936528433296
1164.3336881634032,1364.4707855585677,875.5747034020309,862.1769274228413,828.4648647182008,1649.8654844199032,597.2898054955981,1185.8986036020244,1204.8289593550257,1562.6882262289107,2.4107085489583295,811.0715264370248,853.3827792982189,923.547157194489,241.5824468907247,512.8770237126818,593.2205395119577,748.0650399938507,1562.109605010662,246.70407535216404,334.6380149595658,887.5453172814648,2144.373694604355,570.9211105353995,966.1533443156844,491.4191456696229,555.5715277285907,1397.6339103013563,1103.863175801019,380.5714599828468,815.3165126091965,1069.7634985113207,829.4925079645732,724.2986951092211,816.5851690340814,751.7312370723853,1301.8347584876285,992.6649279878956,1015.0125316705492,473.2550772238778,791.7653985516455,546.7475182312961,1247.6177204595178,1557.1754499485571,428.8715255199272,1057.0724655730219,784.7414871636237,230.3862620958912,1304.2489040689813,1245.188018643239,542.3287810134308,644.67591882803,1981.3127650419876,1539.2215302245484,1300.9483131912227,379.8415778517901,681.7646376618958,267.37190606148204,151.99774697059496,931.8118329303697,893.7205111141396,601.0661567610089,1208.37107916337,562.6901212473838,1235.4469942077092,1279.2988725928494,438.21352037446314,595.1301147920642,61.58552587621661,794.5772551189812,501.19612869272265,389.4055867057782,1108.5362561038369,508.37625986599147,1099.955427032625,1103.1625446322673,790.4873441773244,921.2853033814513,865.2044694087824,1128.9161422320399,957.5526493089714,810.5507121773226,577.1041293978376,1273.0028668343286,665.5637103136645,1193.8373156525247,1216.4340297478136,90.79281361244227,524.1049352552861,648.2995644513587,233.87842827475916,1250.9008676079648,738.8605807450233,643.1881447407928,211.3491260389967,1062.656967842551,770.4520081108243,1011.9066664561002,740.3895455834825,648.9910942284371
887.1796129751509,311.7369198908599,564.8648819593291,669.7447260981505,643.9290350912167,680.1906802296139,500.83528509611693,718.8358344741171,893.0585435270715,786.8645228314139,304.51580988331295,435.83778804955284,623.2081604698399,439.7968934858799,520.4939970936953,319.581986216844,452.2917084089953,589.3339627588905,773.8846367260255,403.2297442037121,635.8885568102354,1192.502238628349,1082.7970838166955,791.1994931467291,710.582020790588,347.4035154969375,472.61273268198624,610.8805205952912,630.0998800440694,277.4652029941087,1110.4039668413097,419.665719601743,894.0689441740508,588.9745192490499,699.2077286345817,579.89949566999,641.8414706593269,737.7314624942801,457.2315325416508,502.62246647397507,496.8795751321697,485.47119620149823,523.3267376860061,873.0363197015491,526.5020712847197,673.7306890562751,792.9054592980057,297.8345478799136,1160.5926292554204,718.8966579642821,417.7628678803582,554.6598921440024,1039.3500203250371,979.3496832434707,561.8424307452054,204.4906387418693,362.5280997592933,371.8096437262352,165.60621509529713,715.8305060045385,519.7269182070121,426.29357089863277,985.9216148609178,641.7481452945722,472.0059917943592,812.7664797072729,675.900726412098,588.2925627538162,369.06650694016156,489.89531101928674,336.7219705454893,585.8521164994037,576.7904028490475,340.25796849951627,353.0298552778595,875.5824371744168,650.4218096930167,499.01759907987343,860.208563268935,657.5863527512387,475.0784692478072,497.50844294508164,303.36598650226193,468.5480209145699,884.489345237956,742.3005602539255,1072.0979432461938,154.7492753452892,438.9722733044616,664.6236552282887,660.4855815154986,1296.5925827887934,858.7995522478402,814.7561037373363,122.96635691667694,472.9079844363853,635.3971899572288,868.6216965993001,615.665100700533,411.2037004686251
-451.9387748956962,127.3092976323783,-498.66242174469653,-409.3346702194896,-313.1640524360352,-126.73267343509916,424.7937589499939,-857.2299562938061,-376.90076377384185,-529.2527037237203,254.4195071119254,441.1572973344409,-239.38085336237626,-216.0334764690232,75.0611709912575,48.8090866535084,-62.594269984833915,-159.7449167006946,60.55980257614971,359.80852489027916,357.54054467312693,-304.73584462806485,-458.39060648458116,-404.90963924904247,-452.32941133836243,-229.82245596786242,-146.8087664764192,-228.62341048571665,-192.69033077194052,-273.4030038360362,-428.50915772308906,55.82625528206119,-710.7009925755531,-52.46858566186923,-568.9003467455142,-447.40140366336607,-376.78447316463235,-289.85736776764816,-605.2648898301477,140.76868248129236,-82.33312885163353,75.51335439526444,579.0945774240497,169.94072633206477,-75.46304242484658,-68.45659157176725,183.791211183776,172.63982217076716,-479.9111887503768,-14.138252261809898,243.6942607924993,308.27479025259515,-379.3864897742061,-381.38851690432944,280.5941283411586,641.3609391449519,23.583059237230774,-170.72555426981742,440.5175253642473,78.30999341299737,221.7244258364518,-22.300970562995907,146.07582271150167,-138.58871089968036,-509.36810539622115,-827.5780901310085,-482.8498429857672,-93.50967570313395,420.53816727399584,279.1946331414651,33.68900469207192,-83.27640782127274,38.84342439066035,-25.708080520248167,290.63927390425437,-559.9598011774303,36.122013574392106,-83.42534377351313,79.77197427709446,-86.95681310230862,-335.7995759805888,-133.07708476169088,126.31134615240367,55.81961065772573,-12.294827735526912,-46.73874704936219,-380.6117385856243,51.215410865435956,-158.0187241919446,-253.5011399934436,-334.550932490792,-120.6794404211666,-794.4371959966387,-90.48081357484955,-0.30570502662185184,-482.35384645445504,-331.8151317576069,-270.28450152208376,-670.6649072145524,-248.20488018492176
196.97868427908853,-227.1203504656967,156.66576602275856,47.936205937126175,363.0287400817677,-782.1885018400761,-88.86005284658388,498.31485287215577,38.30928315534058,-185.5019214981563,-60.613339504918756,-254.36307968070213,282.8557407742995,268.8271724640429,-23.609915314874513,-202.80131989940116,-823.9542724940533,-442.3108719362524,-419.52159753077643,-144.87734225281125,-207.16250639264268,276.3689335761587,-320.6621146367899,191.61758145674034,-65.48039687566427,360.89335616978843,-1151.1909544515443,-142.36945309340067,-244.34287558214123,618.265051252295,-77.28908576814183,-465.9747187712069,-73.6625165466622,-145.69132540089143,-230.8518277645439,178.8821365354701,-6.284015018702844,-51.87405429638055,337.277022971843,15.977080978709782,-35.01956728659701,-386.850109496065,-379.49955917433834,-365.4590057807364,-68.4738342174657,-127.32552233478644,-126.39958635902805,-191.1834993161589,84.07538938441101,-24.65853256457374,-278.76248953997634,-465.7779033718709,-374.95508461109847,179.01667557005365,-1462.063035454206,-217.13189246778407,-157.02907606307593,105.850213511912,-371.63037269520333,-71.32462686662505,-372.668225271144,-114.19137863172578,-272.59466234525274,-339.73366710965024,615.6011371572516,-39.17391976508622,428.44865864041066,-389.4923355878713,13.282217764561144,-424.2356310550256,113.39823565373236,185.89851164442342,-121.07747144766248,-194.94135920315776,-496.5387294007235,-312.0084579735136,-148.91459625967474,-60.194659167788394,-62.041805930771325,72.88213332056627,203.85669995441762,311.9475806507844,-392.8100741043985,101.04451673498168,-250.63960510459802,-134.08277067160358,503.7366397771455,-96.88486175460213,20.323192947423387,206.80975437216972,-8.873030141869807,-245.22751832339492,-67.79032646098926,-227.74231283181976,117.40142845205563,77.2728539898087,123.94691878010246,-12.884083971838479,266.90000538002505,279.7514428034331
-235.01416068473935,-420.1611491041422,-346.2100160129696,-333.3107556837168,-67.98276841755644,-448.8937864823087,-10.445047015051562,-668.557806296873,-602.9158142784883,-704.6214873930694,98.90760002764108,-648.4119203946615,61.82048624182931,-270.8330135249494,-97.34856657520983,-345.5315403704124,-473.5898392277009,-628.7489337991556,-629.4273340583134,-130.67579873626238,-129.77294395347295,-658.0407498022319,-733.4668717517194,-257.7272821814463,-345.87676711172827,167.84934191247592,-306.76111635770974,-416.6414899552845,-225.22724724429963,-22.322932647761377,-376.22285027564806,-432.15427196693497,-191.82122433519118,-392.33271731611813,-442.7738037481419,-122.78413258334862,-279.5043912464557,-310.27822614744554,-469.5762955966055,-342.1420459029735,-590.0244458466105,-485.0368488759764,-708.4115032118519,-117.05946815918364,-306.0121059484724,-482.76668435632007,-388.41858445884617,-164.7688748353074,-789.4300472387827,-597.492198675551,-323.3443313576393,-635.00381606893,-447.237208966209,-1094.5314107666704,-502.07329975393696,-80.18667658950089,-428.5152477334685,47.376425944094,127.92799992647984,-883.5029597201165,-607.9198025512908,-133.17190949408135,-705.9999467430266,-467.59645407297927,-275.1068059872546,-799.353971984084,-133.0567210925476,-461.30756788567084,82.02894046806777,-280.46164804890293,-56.67563564639225,-106.11211696001806,-397.53985779733546,-454.24997438230827,-444.6790294748052,-385.81989225780126,-637.1376255808426,62.65882357388113,-858.8772983046578,-319.21925155081436,20.725463215990235,-269.94067489450686,-366.7244121939421,-420.4471076200976,-672.6414841337815,-524.30848128684,-557.1045343042758,-73.90909232650573,-11.208394929509499,-152.4581135749794,-200.02777173578508,-1101.6496849450757,-848.3657921029306,-900.7980638678245,-86.6048390264081,100.40398871960883,168.6210060245306,-474.9069876963133,-265.85987806671176,-298.1665404445409
-1221.9308308731447,-891.9360994504805,-376.7423644864571,-623.9610617045865,-1045.8246827957757,-490.67547628703926,243.8159113206693,-1249.0375421928663,-666.5913885182516,-654.4653915973674,309.95414695610094,60.37949801901435,-458.793127399393,-193.58147103034412,116.34444327032196,-23.600040047740475,-318.25383393039954,-148.9041707351411,-796.9425459794708,204.23567510264817,602.1006993223955,-558.4597521566194,-783.4414006576438,-268.3491669404633,-751.4785257243936,262.5285556892179,-206.95227349760805,-858.2906150797223,-1071.9833093451325,144.4361146185841,-418.1976153887833,-494.18851685242436,-806.7701210043103,-139.766241987749,-496.0047674097187,-420.73609382304255,-976.3912701514707,-564.1649340011677,-855.8810812288592,10.126274506680382,-236.4723824565859,-168.2972307712926,-295.7564029813726,-986.6577376377011,63.867299706708,-728.6914270663364,-465.8576423541257,411.41541292897045,-976.8278613786528,-626.2547799304787,11.666711191021864,-109.43052423218384,-1286.3354316347527,-1290.5340598380778,-468.5983336892669,459.97395814841127,-18.972982902911436,-280.8375233012003,679.7944704611591,-552.2516410215468,99.92375177862874,35.656746090574075,-856.9237717655548,-394.29779245383577,-1027.3450469092413,-866.3173413477391,-187.08328153774715,-63.688457487278036,934.8817706305429,-494.01378235174917,326.24075298223346,317.4758558663267,-1054.8610276054903,-487.22026986652037,-528.0009714651775,-870.0096612071446,-485.2649940810422,-412.53369982957565,-553.5272092910889,-784.9873791864964,217.9846474082986,-395.88215300225505,22.52492578284469,-818.5044112831595,-420.0428509809094,-789.3590381105411,-340.17817921307153,230.35632845731297,123.7391194227311,-250.23332145294555,-432.5684998673518,-1242.3899960024335,-1212.9809759674447,-384.74817103486123,189.46703822982983,-471.0734172946627,25.247290152256454,-515.1862181098497,-410.94951854706113,-372.676746811332
758.3472037202871,-255.0775907033186,577.9835937373728,134.2979018895442,1329.7731175501713,819.087233275747,820.7647544024873,908.1041284821057,897.6527587334631,754.5887570582262,93.68032470351797,-566.1314260086177,1861.5391312119295,355.9753254490531,310.3805102467981,-5.112904080869532,6.349204680627863,-37.029169187224156,515.9269119029681,260.4839787314816,495.24661798324234,78.45000978391853,1327.0944252094519,1655.4547339106953,674.0078395314707,1033.0680513386244,73.95065913098597,846.4617951157704,1154.8804980144387,1027.2090481984567,358.50529778679044,-613.9292963512337,1356.1502644146942,418.0627662299625,455.0500026643111,1513.9068811569075,1174.6362812955674,457.5584878920277,931.159336753478,39.918337792503976,620.8091558985736,-209.34633658149048,-287.0655408432115,651.4925040595122,943.2700958901311,578.8249416017812,216.95105067089358,-67.58008525456667,1431.7841829397464,837.9201503171413,20.58615681622549,205.7868398909131,632.9592421607812,708.8281809965238,-251.11496635920034,-149.02846753029112,-142.43491566097256,692.4771685273384,63.74508637508275,552.871035795082,-299.38279423024164,701.2505221681955,908.2771066531202,250.36719192414716,1228.0249958917998,758.7258123815914,1477.501652651408,-451.20786704560123,-369.4407003608095,114.05487305410155,677.3156004321286,1384.232740379426,658.3013629339699,-133.78380848226777,-113.87948301127724,615.8437785774846,372.2030533857958,681.3476950873171,260.8109143339993,612.4795130394248,1228.546283430221,1014.4382726679606,-594.7692200636786,1556.584556793135,-288.0450463825261,911.1217436709188,2193.6792050191434,104.15590469725505,1400.3047774914635,1795.9589927683187,615.1660178774443,1063.2713473584313,648.8840385567054,681.1874881657162,456.35579972379406,952.067900220681,2305.3787238600285,654.7620874985377,867.0802679469247,855.872781714332
1659.943318722466,1086.4225545020051,1399.9869173451627,1678.377227815273,1603.0646137386068,2050.8687275488255,300.91824147572675,2105.072866136227,2342.3220514229397,1955.118471114167,88.31993447692841,1740.7941052696158,783.5419316991004,1939.8019955497664,643.4540131059998,600.9371934775043,1518.1187991281295,1439.161183469035,2134.9635123291064,778.1221500594513,1014.2863619809137,1846.6653516430454,2691.647856110326,1649.518669193182,1781.679507767122,961.9023774977937,1761.9337060096,1709.0674454840876,1724.7942044078725,1440.215058495113,2053.1136575166042,1972.3222546912207,2729.4310494273186,1128.621168182159,1303.6378722702204,1526.299529499204,3150.0799011517656,1095.6567814549855,2374.934997082648,924.5097526670713,1244.9142585130598,1122.647039399248,1825.8579407448817,2585.287786636261,1306.704272228443,2074.7265162865856,1339.4626179593754,602.4729762031263,2144.2970755198608,1921.1382452020396,938.7096304479222,1110.208038517925,3143.941022190382,2786.203499073542,2218.2668334366736,580.2273681187464,1356.675699258873,217.56980514807782,577.7754329228153,1134.2387596719766,1407.136114742538,1260.9836339874344,1755.088550576381,1417.8511951285104,2725.11543013841,2883.923735851135,1194.1877373774673,1364.3991893998734,137.3995551607856,1240.6157129322862,1272.6196134654397,1225.9605156888217,1553.9045743586464,939.9079469060044,1328.4542052815973,2142.7259432376213,1136.2398026960066,1749.4691689471776,1097.9501380600852,2403.1875508360213,1588.9914677538186,1435.4222115829086,2084.451508801687,1729.9971255390246,2195.634487877039,1834.6142962250792,2038.1934750722294,224.53384449976406,1087.6943505065403,1627.1922394961616,1844.1103864446138,2215.8416329562183,2059.6887635705743,1866.9353943074855,649.2362991958234,1931.2534612549202,1458.6730927591775,2082.370838424544,1617.1201636600329,1238.6950800113598
1194.6650980746856,846.93621706216,1479.6054874147856,693.9796950410496,800.2764433558579,1492.958618466678,145.83980851560315,1630.543528803502,1237.5591774015709,1221.7894413799645,-45.4949324167206,526.7439373195813,790.2149901534387,1082.4132609584105,7.114035339299001,744.0010386603976,1031.2247720272064,868.4326168173936,1116.9834364187477,75.67174907752305,312.1849004291795,750.5932640130832,2171.854076031777,607.4263216440388,1167.5085524873032,482.84939705532435,1218.599911805383,861.2568957167392,755.9466233722819,540.354263944346,477.69660200659797,594.7752351412556,1170.9950874378608,533.8385361265856,546.0071855167895,230.20116186549225,1040.660025864286,570.2819623578039,1656.1639615941904,151.9315391769239,452.67825492543153,205.8476656042312,542.7660729869827,710.2635069765386,266.7369081072099,918.0373460404818,349.71052111182235,118.55126256472724,899.0954193774696,1084.5413449040757,118.44094466919411,569.9380159117381,955.92309760564,1063.6361271262226,1199.8412595558832,1.3222168455856003,586.1423556849385,332.89840239825946,427.1769386997157,319.4658929682276,558.8219264744956,241.76521960233643,829.5217391649093,1033.5777052488045,1050.5876542252165,1058.2732486597868,633.0776395326232,1123.010192668518,-15.689253799501353,600.1674105377177,103.50705897117118,439.82521799278464,766.1430943033691,494.9433155067826,763.0206663694315,653.4117395181745,567.6589721640248,659.9247842366652,423.35516828758244,899.3342343159096,667.0694145214264,839.6787510277948,1386.6887642804481,902.1395021607944,893.0582455681911,714.1959112434405,866.1401223505127,40.70495360157689,861.5455435698349,590.6791355552241,636.3264245583842,966.6693660133641,1331.2334365367701,554.6117008124118,399.62578174706596,1319.415186407532,636.5016907396143,815.2173166378741,1468.929609136223,762.6696506826662
1904.6002759372825,214.98198809606086,1126.6719705830717,1252.6592425834622,1908.621885739596,511.74393388341144,-50.4876772972591,1813.8736150517022,1107.6501585224748,1247.9736538218162,-365.69027398211284,512.7283293912699,1040.043690127932,1367.8988462138464,216.17770640412076,-19.146219986131918,-111.43222470186437,131.46456181921795,1523.8540986287578,-178.84348659984093,-385.2969360619093,933.8656711883116,1355.9447756131165,1266.1482791460044,1199.8217117697595,171.4518164008726,280.83897296839854,1197.0302723997615,1180.815726617093,923.9284540065868,640.3644599799668,554.5527451827872,1403.835529481114,789.9211717594558,1348.1076233826757,1416.1673159255179,1705.846143153641,532.4924808860306,1352.8533866072794,269.90674914156256,444.110970555338,359.7358702481061,945.6544886898806,1620.0958603286392,1350.918852277896,895.4710885987141,332.96529652951,-209.39307477367777,1990.0106848103258,993.4981706536254,379.50498093605233,33.169740331721556,1963.9192302713789,2442.357705637879,405.52916133055425,-148.77513272698124,198.7539283874059,692.724286341842,-322.09777124597287,1114.2020553199472,-15.147132639942772,1100.3302847245454,785.1069915121788,271.7739929941619,2178.7352065801033,1875.2952749412384,1038.4522982676322,501.1717000183962,-467.0301332765701,12.994102289340171,268.8749652425601,829.7867914550592,1174.5810671610807,339.066363129731,506.9017783057857,1245.8405712774138,843.158111415998,1133.1669810720605,658.4899860649443,1521.5482355264728,1234.83357637748,564.1198381144687,363.68773246908574,1294.7496537186962,38.7502212930833,1364.1236612588102,1607.4149667723548,20.31076793611918,690.2933058643936,1496.1057628863125,1190.9286027209166,1932.439684228649,1540.563025268149,862.3668616125037,501.63488629353236,1612.439569267667,1682.1545030195587,1462.3562125208596,1072.1199066339007,1017.8003926503402
2525.979464913195,1254.7250922037435,1171.8913216615172,1872.3613480036552,1365.793544679425,669.4075207192037,298.2925294720665,1603.987903789283,1451.0843224791479,526.236299283036,179.0245253166674,1069.8600784189623,459.5353136933503,1205.0786802505581,222.75741890984668,680.8179573249452,844.5096015410513,944.3697519444563,609.4479482364831,-289.9032510493617,97.8912618375787,1339.4249220268987,1306.12731682079,21.708462678407834,1356.7203370836532,184.63116719820758,691.4582776496727,761.3766538791384,1089.1248512457403,1226.5192051982635,1337.1907928631895,787.3533511398094,1101.1409833985376,717.7005796779595,834.0654880803766,564.730914210429,1587.095054303656,607.7207699215363,1667.2495033066427,560.8005859216343,543.5530757204145,376.2192770926087,941.8783946943794,974.8218889343601,581.0474539638988,1160.9392164003023,906.337144544199,-55.531606774107615,1468.8660580264248,1122.0012108413775,343.9709679842511,594.9273813510168,1111.1091072322404,1640.9613887064502,495.5928357159336,-216.28709704329606,485.4214973660305,447.47436128128066,-311.1467988990973,462.4140095467522,1004.8695250411872,762.3779930470135,1093.878119754916,630.3862686973501,2167.3099303446593,1845.5096424729868,316.83628938254105,1252.980856356215,-368.0137000229971,591.2290140439503,600.5215030706844,843.0743963501171,1733.168954932448,990.6329720463461,727.9386706840907,888.4929216241944,647.8643429728507,559.8142519302725,470.1841204813633,1582.3579328061785,704.2940812918017,1344.0630918173053,568.9007954345439,1052.5870247921541,969.8878665082769,1233.580946399839,1019.4475231275632,365.6936403157642,475.4503862246694,398.8988939580645,784.4970493441679,1246.9100136642862,1804.9361731110757,969.040348919428,811.563704722295,1285.7188311618218,370.3142009470244,915.4364225625575,1345.762063854481,1028.7282366583208
1424.1499196672446,135.72453953084639,1151.3356040076496,849.3169632772592,1555.377059914325,500.90528617414355,757.6199134452193,1432.3033078511073,757.501501972738,452.46086779546135,319.09172812439607,286.62812621424064,1774.663103490755,1095.4126543160103,745.8215341421975,122.1554701553722,-415.3554910714269,-256.5589607954916,1072.9183730606042,228.00348218935068,781.3901633388425,769.4230938550579,643.1433836748231,1285.5035535784932,314.39983380386695,688.280706868648,-45.83376325663325,848.7583206924169,678.458490040868,766.9143892277295,728.2990325824352,289.20439010036216,1300.976209004298,667.7504570092201,775.3598461807184,1301.0204674565439,1066.242688659301,763.1437521272985,604.3312906157064,189.63053224958958,573.1611872161674,154.05082081688266,335.5091261771224,1321.8534347888456,823.8417030493183,600.4962170455668,369.4715889885383,20.078133751741962,1027.4843451567176,877.2818541064829,982.1835587909941,-187.76662711527865,1486.008192391761,1669.5462894574346,447.75332703467484,60.31167574508107,244.92933478007737,885.8632766796173,300.6850700466079,839.3115768538296,-3.5408712304945906,1064.222118973575,784.9516822717495,435.2034461050413,1864.0540747835635,1008.7945219966333,1299.841960211773,92.24696793042885,646.8989268885356,515.8044452512817,178.80331784610706,635.2142821484689,704.0973722545929,89.77246970172739,249.63789926901453,1020.1495225948686,722.9596784015862,695.238080686109,881.4248637450014,1347.8817060794522,1217.7621662277725,49.08065857112118,752.5675345023658,944.2508926923173,-375.44610358226106,1061.988781331847,1159.64250257362,230.83775264634696,979.2758831715522,1474.3278449407674,737.6577394306785,860.6810983677842,507.8770727252061,393.58938111645267,166.31343676852728,1397.1385937587563,1830.9313430687178,1050.0862437273422,659.1370115316548,892.814418743104
1043.6434372177998,535.3750249219868,612.9918551407495,838.6988360377264,691.8123519985542,293.8504564415673,545.6240140434161,539.7109615349992,904.9415684863237,467.32736977370746,451.01157529967975,494.46011043398994,88.2332981941602,779.2047479470638,327.39349407524776,519.4569115086615,294.3991230155983,719.6162539818337,581.3931844032787,244.783705732942,541.0384825865152,852.3912508685545,903.135509829399,21.43764587035533,574.8294390722791,283.10680877668364,290.5322747776812,447.6118281961283,335.96184919994505,582.3534332835214,924.5155769375039,676.6041635900733,639.654615491776,632.3268557323075,174.37322798110452,669.0926854613351,1009.4986663519283,516.9122537863544,368.9064323316642,488.9006338238849,414.15105845028205,267.4242637853832,744.3802059967102,560.3512725533119,282.9371230150479,545.043186049496,718.3737788863305,196.42561809104103,568.9560955005832,645.7451121724117,102.11406771845469,705.195470155171,736.734406563202,434.2989266285425,238.21777521347644,336.6013681841484,441.36761557647174,288.08084781431035,172.10216096926894,527.7631607501339,640.4824635945781,272.6290432213508,639.932687668697,354.45287307554815,683.0180807739138,778.121725092249,302.95267911229837,622.2844469113929,534.7937721066553,476.6913209036588,610.5195394291121,224.61754321405033,863.7946336441981,331.86140209057635,415.99223136936035,332.9338622723012,643.5581169170047,627.7559067159685,148.29255150643397,566.2101983414252,369.46540169755343,502.1937201017231,435.48060183225226,307.59087594989904,809.1635862360442,726.8997186913796,598.2571044965757,353.3155539048709,344.19249639004323,791.6645136723074,652.2903203708598,1172.7235766223537,454.8495780902509,643.0832206005939,479.88143986463285,788.1314688529102,352.6780379268171,562.0574541240063,1047.054741995894,653.8956864741391
2167.4483896313523,882.9273091556839,2229.0037966015966,1755.3295618320694,1813.684903029338,1415.1124119678552,608.0318858927959,2535.804692659245,1693.8131276962883,1526.7588682558642,287.67565636437877,889.5838339940974,1913.9717992351802,1787.6901115016856,526.9422216941665,457.9505271507682,835.2523575768251,486.9466748339895,1669.7774536698153,149.02038809852547,528.9579401320535,1283.7343277224293,1995.345232328275,1164.6610025513241,1397.9998725572011,1752.5977980954603,1187.688224898265,1270.9835361897215,1509.7598513076289,1472.46125626629,1129.6677064689306,578.7062043797312,2035.3574241833428,859.577799988074,935.0998490203151,1792.536185976612,1917.5876971154862,1198.2538470897423,2467.8258711750577,364.0712438377815,805.3600325032123,84.57776292444645,613.7302653499655,1857.9876055216166,923.0128739370894,1561.7448326156464,844.1400716276125,-76.8981103585284,1994.3145779498213,1427.0904551029848,437.6357735811931,441.4892048694832,1593.7497704365855,2124.8916250060106,711.9660090003564,-47.161927470858686,788.5887192948476,1227.3460229878194,176.66180860193467,932.351362670277,296.6246143808097,1361.65877174949,1224.1875030748822,828.140807185558,3013.5620091676083,2004.3674205808938,1458.6306165868034,777.3217097417732,221.30480484068178,411.4213652737683,483.83995615953484,1427.194995934678,1568.3419036809175,578.2892541440434,618.265631581617,1078.7728490521438,538.6417956759533,1385.862895159257,689.8116006886979,2074.3872548543295,2234.822886218447,1546.559561786659,1746.9949317390515,1775.9507024048207,505.93411381952444,1535.5511848794267,2069.7865793784167,114.69677131108412,1772.5639695668415,1959.9128332248877,1443.20324530686,1388.9107388006864,1191.0907092352836,715.7768031620376,728.7248757939909,2036.3448328727604,1645.3876543798262,1266.7543572737618,2172.6178211989063,1997.5655505976479
424.51674273769413,601.0918117560865,409.2087808718293,505.7790818851779,694.2869151730791,945.6434325260042,126.75703723357434,1112.1153848651463,335.9557042941233,674.3764028142093,554.2565366442774,-80.05403985557432,172.00628015729993,154.91175634379985,104.7495411663674,-4.194396717704975,397.18232878170426,748.0310454378989,368.6434279985588,121.80773965718885,492.11989138150557,927.835194232857,1428.2742989582325,97.68238450974803,1128.970897746283,364.9296185099982,530.9022886977231,1135.601436858124,1110.6522380518816,373.7809119768152,1061.2191736488599,154.56855705349216,871.4308688944701,131.11323681920467,264.8234176660859,312.4392053323638,747.9743694863116,608.6528806668621,368.76012647219636,191.70283119100822,601.0686166624947,315.16839083021426,255.74743059080535,592.6259582124472,19.662489064866307,859.7440566261822,576.0314093763059,111.57474255447534,321.7845679198558,280.51178138889424,-160.9403638452503,779.0360435288326,1233.0797831678567,430.322632117231,446.887107374972,159.4249530455418,232.0981504257868,-102.61642666874401,52.24618868594808,605.5277068989102,409.82138889244817,-188.82389723737742,777.3104971641608,501.6840373802739,625.0021777864267,626.268820900493,650.2941350743625,803.7353470519625,352.71755332423874,588.0026501671309,518.0642062183144,89.19979796487917,520.6868275715022,261.55185436324757,284.59269173271935,439.07584612091836,111.12210147134672,380.7555656930302,283.76546316630913,1278.98603244631,123.75520863806311,637.9665524357202,369.74236392852725,891.4083393068754,911.3723626587262,504.76774549822954,359.41286407859127,-11.671731571956544,670.4122031736662,46.161636394859435,270.9083855523051,820.61849925873,355.96425326076576,601.0130433321903,275.72498975177393,-200.1372260949039,409.94848780731314,941.7929789767561,730.1643273928978,391.6569108738367
2388.6327630163146,956.8031034117635,1786.3171399382552,1430.6272958348218,2732.726415655315,2106.7625003929793,1276.3344790566605,2637.183751167799,1681.1697742128233,2071.081231798869,321.0114732224273,1833.9637160075692,1458.629627503526,2332.3493993460866,607.8741969331771,1148.6264776538158,1111.593612917603,1190.0285805707454,2028.631968126104,726.4444597406439,1586.7291822158818,1901.4606796272926,2778.010257144184,1981.07936371788,2452.2818912545977,1857.8367278869846,1108.5189243754885,1820.923531514929,2101.6556518967886,2547.2719266747613,1700.8876729725876,1228.190699479515,3427.598202805273,1279.0929766145114,979.7979371002831,2040.7324119013147,3302.5554089380566,1153.343450378603,2415.784844533902,709.1303127036626,1561.9442269412834,197.20888812347172,1254.8817554985208,2433.7749481411133,1304.5173367124835,1814.1533819889817,1435.0517135834552,627.1578554611256,2711.8268573584087,2392.7149309144806,730.8113547748356,1065.2073499497228,2632.9214544010397,3235.0771854448126,1147.3460869251892,484.6549633952312,958.8031497636798,760.4778732238395,867.5809585786681,1396.372327108456,1061.7985280669348,1795.6814129903462,1848.0959351049198,1149.6861272044341,2302.8925050730886,2928.5276528188087,1794.2876856022788,1413.5564881281248,782.2398684385104,965.7632618613202,1384.662527483144,2149.5505047534,1911.289973892802,600.9651599570758,1478.6507754252993,1979.8125968067977,1016.0839177146673,1989.3500268273121,991.4799311414359,2415.715605678458,2751.5130338358417,2374.6529569848517,1439.0571082415265,2671.036241793642,1889.7789207226763,2218.3831499723688,3231.945278472999,330.42624880832426,1711.7884655964967,2293.768166532348,1644.1470802083772,2236.2361798072902,2041.7044245588647,1364.858794168094,970.2788711273344,3557.3717592472776,3132.9912146184947,1762.0193455291578,1873.977979069895,1831.5466113074315
4033.863071369549,1953.7469202993943,2981.5811254563305,2792.1902129873124,3439.7039827902336,2537.2580508442893,1145.0023034015771,4172.497106015385,3125.181184035979,2507.9668568007182,307.910144709074,2442.082774113348,3339.015388935415,3627.0845351767057,1277.3438549002917,989.8938572830898,1523.196216179516,1683.584599370936,2668.3260949501046,676.8842811529104,899.5966379190526,2404.680330687116,3576.0730104638824,3048.5153323955174,3094.2482324478947,1788.5524685356554,2123.717193889092,2636.795274295409,3249.1131862219236,2276.88430562817,2281.152015479242,1678.1906710583764,3459.5049481266046,2034.7393046394716,2052.9999899549816,2906.9498042304203,3678.9692892119388,1707.901527449092,3302.202987870353,1128.900621540305,1531.1297186928962,969.8860249272892,2278.4264810873647,3133.6560686267676,2414.171070544963,2677.7653445295086,1745.1033550873383,225.76640448276353,3385.964049832615,2604.23682656276,1083.7163826343713,1916.178905238063,3960.211909069036,4045.956317565797,1637.6724085548024,580.5219484330515,1869.452547133118,1308.4825242679178,860.1189891654344,1798.0487664501406,1115.0662373746986,2590.051819618574,2422.1976318394964,2103.9724079882867,5097.39896321136,3975.054311079204,2534.032346132606,2209.624158375982,138.3254651614999,1478.7236454128993,1949.849135539508,3214.6314065717434,2474.7340255391177,1493.164025140649,1488.2067489826263,2313.0132705322812,2010.1299868523568,2325.8058305308246,1484.9355210406054,3308.6380903236027,3351.025872345419,2522.8559511113,2435.9841854573006,3368.2371348122806,1933.3793857324583,3210.7245603840947,4768.606988609483,241.7823498053779,2281.2123705703675,3133.1657289246787,2402.054740142608,3917.1460873677547,2807.0558435633393,1730.0134001641154,1261.529157772339,3374.4775897973173,3909.762377884124,3033.1697445989967,3308.510981862317,2916.2172355500134
2756.4734279211243,1015.1051243618676,2150.1811044242386,1929.6928296976073,2115.3084071492412,1477.2039306999604,937.3171489104201,2040.165144569154,2109.8237534959426,2011.6282452071734,137.51348546748108,1415.9918847253816,1463.688327133407,2016.4498848488774,326.221655662625,947.3180299734316,1260.0426918284993,1177.6221261725977,1967.1594480131173,749.4869016424341,822.9530134362573,2049.987338337285,2798.2019028603772,2301.239938967495,1931.0966750142236,1885.0994691647752,873.4890933344843,1595.6970954913402,1780.0994934021917,2063.096468501685,1640.6240065635952,560.3130344459752,3034.8538560912357,1072.3724029452394,1361.2820234723847,1352.5091852248054,2746.73430483143,777.1585033612357,2598.8216105192682,790.1786560793107,1046.1201891248609,415.07638080809227,1245.7482634918572,2257.1366593339635,1066.9219142747847,1562.6253534059836,1016.6303258936789,624.9571759954408,2546.221283366623,1847.8558201184494,489.9256650839302,1093.4196888308682,2315.1937941951114,2386.5083186856036,1140.682442930135,314.7627210068894,1136.1524101776365,747.572385778155,496.902650412121,646.714411191021,756.3210805522905,1735.586391444803,1606.600452853837,1293.935036451799,2458.542145996376,2094.708874407278,1948.0824652145234,1430.8432834288144,609.4312276689416,661.0589347172386,1205.5822979586446,1850.9352927562134,1999.7714105727198,846.9567605843524,1775.290766066165,2261.8165076581854,906.4669145577393,1494.352311724233,1137.0594180702394,2903.8105492646905,2389.91765949478,1675.0003023422612,1836.70762475833,1950.9598925927914,1378.6594700555172,1797.9169692042622,2889.264912545129,340.9906532339411,1793.1998576180838,1888.0674772107138,1235.7304131236212,1405.3607055936368,1924.4528629000872,889.2559254835796,1025.9248927056965,2076.043827639328,2240.2581469789075,1515.2536609785805,1374.253944835827,1488.5466006289864
664.0424962887038,-66.47485394317965,433.67949787883776,374.5219113599935,365.52857995020946,420.2002538880903,453.72306106310305,450.6674526761914,999.5659054769412,122.69356599827448,-77.87972170372531,-122.27823584223388,1438.575062184985,570.5213274065015,434.85819023613016,-204.47732030227854,163.47591352066098,-269.471174456329,529.3169974181324,-233.91015075551005,367.67253122195706,129.8270475796761,893.5944095473701,563.9851095125991,424.80326496504256,196.89995175978768,-295.66787187872046,299.83915592470396,182.07154553847423,593.7669510014964,106.38098038985594,-34.93218636077731,726.9565741546699,311.97737810407676,339.6207420292535,466.1451934693004,299.2083974553739,1087.6229875472482,1316.1175161058943,65.81348820302347,1.128808128414323,-16.833331035645568,-250.41601374819606,514.3078720329572,474.7090373810744,88.85933328466051,202.10110174331487,-48.9189462237208,356.7266054922837,489.8506912914317,433.52090198244707,-723.5112246712367,466.60036542789624,193.16640262682992,209.22904638038105,-310.8579008665284,-294.886933758882,382.2338160645713,-96.5675323923933,-144.1636299307059,-62.690807753883576,271.82471082752636,110.85713871530838,-479.131478936356,520.6615066724283,503.27186697516134,453.480962374832,-385.9459155855297,-230.18841962661168,-36.14698218532857,450.77971181369134,280.05671932409217,-12.010570000138458,-202.7254038171856,-373.6437395603028,546.1143167142159,308.41735448275216,394.64303070886683,59.413821234781274,-86.58464581833584,830.9417534359591,367.4328722697574,-304.9469545242562,276.76437581140357,-356.5224915012934,416.0221100325373,1040.358186710165,49.20663766936673,656.3821170858539,520.2234262686605,286.25201704865526,497.6329279338425,593.2613636500089,83.54240637693586,291.4649888318255,628.3872982981513,718.7809877525306,695.1113075045977,711.9862652403035,147.1346720161621
1810.380750755159,889.9690935910068,1678.1683737599976,1680.9267338372408,2065.7635022513414,1479.8043766141998,601.5345239502495,1804.5825615467063,1320.5378369986122,1302.2129682669602,-121.91901928798757,839.2033830769603,522.1932835956694,1551.3844897236272,333.3783698524468,559.769621306049,-31.11069130004277,628.3096435898345,1057.1282715961938,-48.39496146609685,701.8967780664842,1341.1702489945633,1814.1304724498543,1584.2664747251094,1767.6953988487905,406.19623437487456,667.3334079995977,1464.7231848987592,1439.6593537321119,1516.3660387430693,599.2612886079708,591.211339574937,1134.8327010688802,991.736889807708,1022.7448678177656,1288.4151006605848,1180.665117264336,-98.51497148461574,1849.170543226614,491.9413458092333,1256.070225429003,371.475464277563,1163.9687249505498,1474.6768382539112,1626.9902591780597,1633.970491815712,310.1872043872678,156.0169723436322,1579.1278448685396,1160.0217253948576,443.488135410023,977.9278287360111,1519.1870226258782,2326.4893119166,502.886562060957,274.7204718181995,564.7893275561165,891.3317782936217,74.24462535001143,1293.613792793516,587.8956754531157,1505.464004732118,1647.3215767259505,529.0244632023965,2321.500772921886,2361.606458829162,1303.167426585027,1291.517122240947,-10.068514977570722,684.0006155619302,546.2647650300842,1609.275790146577,1581.2390174010911,1313.1024529246934,1162.6202099169604,1232.6479523628907,983.0287631387145,980.1702850753551,1228.1798530767269,1288.3327713977483,1688.4938117264387,1244.9639935389707,632.7936253852025,1893.3666905287387,990.9393698982041,1468.0711748289414,1925.1640039011543,141.66483194032406,845.6429841820428,1623.468342020812,765.3115635585995,1362.0514533403002,2106.0485803576025,1554.077261234652,894.9885763071782,1124.394185193084,3005.3102636100034,690.2492208613304,1566.6250440656067,1404.9826183646478
2178.333261111556,550.4383552370225,752.6188125144789,1277.03959396221,1415.45720175414,251.60163265557478,412.57734708726275,1903.6050275957612,578.4849304741049,717.2432110607548,247.0194210456649,732.8564476752824,1450.1159202088984,841.4051725791459,609.5994098358941,7.120612220671645,226.75724111658735,-14.912827391369145,877.6942077282437,398.1240146005268,703.2436647468727,793.0707365264702,923.2530699253251,939.4663732866596,316.30584432832194,894.8151331899014,381.1317580792863,1107.081527479369,772.2223951942242,674.9247756166394,961.7754345267591,254.954969867156,1045.0210008361098,703.3541135759227,368.0817911185632,2008.1463510158144,882.2294372059486,952.4357721998822,442.07205440494886,1.3388991498067735,461.83311614291426,75.50593764849725,312.97564568576684,1109.4615025852897,486.5126207195673,1009.2197648196089,658.7580610467888,-31.392266894173694,1279.9446680959811,1029.7538157304673,393.67763139151515,437.9088076351145,682.7999590380678,1971.4593699030852,56.69008844371601,139.8292809874572,568.4191058859462,499.78880428816973,-138.65207248897372,776.8017092139016,60.69343572921708,592.4505945281711,788.2127367084993,815.3657823151572,1731.0803760010824,1311.6297072077089,954.0056580305061,-174.81437363788461,30.92031220754562,343.9458277281697,129.8604715717794,720.7224164642067,1115.2649009553754,288.01609867380967,361.3065377289781,738.7172083729387,115.31237967394885,640.6258768678514,439.61730243626414,1698.6844901396037,1131.687857021114,656.787918821046,663.9887079300807,1088.3955790009559,-16.573635664448773,904.8524495483084,1677.6444109205675,201.05241533123228,1405.201821848851,1363.7005124363038,1032.8829948527514,1695.550784837561,271.2109694009694,576.3775268495846,229.41487651051887,1736.0322794463991,1642.3467903402513,1252.8953103624428,745.7026862740026,805.7240410442896
930.3935842085173,367.93341121431087,478.6622929809252,946.1488768932879,46.09471532039225,935.380841608945,593.5598661885796,605.1756427630452,543.1439153670076,348.46970787003255,662.1816499890704,653.4917537301942,488.48844054465127,377.62735380093756,1054.1456384718138,170.88001372067572,185.61631551294175,248.40198063875746,563.2806523013801,-93.9333007754693,1441.0263552241472,954.2821092611107,571.0165639923042,527.5873026625939,341.2606129113503,235.08821590962165,624.3824267866968,656.0762675795944,468.1127629397943,-39.32087423117828,1049.7600645311995,736.1573647498361,274.8769203395121,576.8834622062544,643.309027057124,456.7167344848985,775.2906572167103,486.3121760238572,405.13696436416296,256.4362567208656,625.4288372294158,498.4123704858814,426.3538537937374,769.9917375597972,777.1022950513934,941.9375844369243,868.3015835734346,344.7552000120699,28.03381834739802,509.09313076111175,871.3710659360446,443.104761267166,1014.3965945989968,1016.6568513765478,339.2356595715727,322.12439744409824,325.8938796540984,493.3656214443009,348.5857919713241,1038.5592515774892,640.9815806473825,642.8364299926985,929.418675503872,75.86914218058924,347.85925990321897,1145.8199448074686,624.7366256018638,309.7502886469597,504.9036052289727,782.2682629253036,369.16621481243754,358.3236261757242,793.50181479678,445.09571658733273,247.9600712219821,790.2727458572131,763.0020510948098,202.5308859971411,666.861675227202,230.56295161530775,792.8019566513302,127.08349309724923,102.4609063601535,597.5526650079768,585.030438227194,780.5196727085204,492.5355702026038,218.54790996705182,450.2574253278883,667.2136014006452,207.82170466182035,1053.2848017423178,685.0763595276812,1119.0418780233417,117.44224353520507,-506.1250336319567,747.1166678086867,373.752436751726,894.7998898527022,873.4313211599367
-65.58549176298318,-77.0846293020211,-39.88061493200496,-141.32654165291288,148.19952570637724,-243.38772380665642,-333.79290835507527,221.4446925200198,-53.93020874640585,22.249880428898983,-70.9203283839316,-135.74273988510063,10.67865549808685,-164.82312755136164,-31.660765325443947,51.95171298904383,31.829089948305597,187.9240498776218,-77.02255171336861,461.9488220962613,-328.9781290178847,-47.99898296158204,227.92633394506558,-96.61797191711685,-73.8521987028771,280.1733453795722,182.04662871329265,74.44958206414891,359.5065894686479,29.346286594733407,119.3167084867595,-275.4764016315406,238.2509510222049,-121.16465522718786,-53.82300723876292,446.64259709083007,-288.6899139812448,-334.3743093687596,-577.0732013464288,-39.18995972082023,195.2279356559141,-7.090766720312548,-105.84121058159202,-235.239542426826,-154.8663060068326,186.62767963905796,-191.10881732538547,-329.75525580054256,634.0890956662452,69.76491631420211,-431.20529413801927,333.53364842181435,-335.94862748850244,145.95929762252024,-257.98419509670475,-193.7699697016478,243.03587509308352,81.58879158963103,114.52834953704868,216.98977545109614,18.925411858202377,-70.66797286211535,199.1020795814869,400.34083792003895,292.6515096965488,-87.3597552819785,205.93860298441177,-77.05630927491563,108.89076116141841,2.440420113059068,-316.16502276641467,133.5057795157349,180.36962136387316,102.98745436956085,104.24837309766376,-497.24166177378595,-121.77901310285287,283.21626097649437,23.405323925415402,500.5452936389076,127.60456348113041,195.2683033383941,-178.23306724805641,-12.76165267159618,-143.79735528044367,88.7803173836739,-2.8863294330244926,-57.430553835381566,-99.19726312946396,555.5278915649825,254.19018847714187,289.7868374370985,-169.70773424830935,236.7361742057386,-161.25545271951032,16.645397316549868,228.28396024282227,-114.92096570449667,137.4005070319975,71.73881200977242
-1060.4137719854614,-690.9939526999658,-1041.9960780377096,-817.0891535136777,-780.4038491382481,-1327.6839003106202,-623.2960616450165,-1095.033070970006,-1068.316370878151,-1294.1033864960004,12.958030659838606,-586.3476703804395,-1103.1578061947125,-999.2062732490035,-319.6549694314802,-637.1752875760269,-635.9590501787866,-813.626502837395,-1316.9168436696166,-559.3246905134315,-563.5336351679946,-848.47724923101,-2262.883963745597,-1327.706501982298,-928.1375958509423,-953.4731445344297,-721.8816681114649,-689.8056667231099,-1059.6975475209883,-1090.4578246919884,-637.6165678084444,-446.152399300153,-1412.2084848744562,-429.72234712724463,-809.9585638623759,-861.412950390808,-970.3865682359744,-822.8143867554439,-1465.2533108009666,-387.7695748107842,-397.25741185321885,-396.8760080924592,-551.9380589799329,-1750.010295827448,-660.6190033930476,-629.1323973778514,-569.6289361685831,-109.29924522464587,-1344.0954468833968,-1151.1259436846738,-686.8208102794885,-662.6158993601824,-1277.0846875365046,-963.7526463674753,-1409.5785740547876,-84.50518625934309,-463.8047479841835,-576.6255913258498,-282.6254545680589,-677.0915423919992,-524.280478648944,-596.4853132548743,-816.0665520690391,-730.4313245617458,-1127.9314724355772,-1397.75049911379,-933.6854311857853,-454.76674928732893,-312.2447883146162,-425.76527717599,-303.3470439599485,-717.633658746134,-823.6293177780781,-223.30321994099236,-847.4305354778248,-822.9376803573136,-518.4588132963923,-1115.2264775951635,-413.58252903924244,-1276.8195946063831,-1361.560569125048,-881.722155697572,-842.3671439616643,-942.6491641993248,-704.2253593128927,-776.5589424950452,-1363.0897859205315,-179.9981529374334,-793.8348144740231,-1256.127928743839,-813.9678054694629,-1102.274829549928,-780.6566994379856,-590.4725411011242,-304.08094073807024,-727.9993441445802,-1238.892836198952,-1220.0999340507526,-987.7274986742916,-845.4482211073989
-966.8816316874899,-197.96835420814853,-940.314242380983,-445.76084219510517,-1480.4418298227145,-559.5402279300799,-178.4683843873473,-847.0378146831355,-739.1170298979782,-279.09858738286465,-55.2389024715378,-121.9428370228124,-879.172630681096,-844.4907121462905,-309.8165055536814,-59.87508388730553,204.94744503484216,20.10781883562804,-727.7485592580005,155.27518032916083,-577.4137057524536,-800.6595150834266,-928.6702422897447,-415.03828062968773,-605.0931238687034,-355.40910714443623,71.47073253665793,-1051.01323380073,-343.3394077824887,-599.3617901954597,-234.9756169231266,-165.26205574354117,-493.2493608612903,-660.7567801546069,-179.34633527039196,-1244.853651880571,-63.743382673835704,-247.22936459791117,-923.3967170297107,-24.04338217279762,-574.2358663728311,14.154766377787023,-77.12892697228291,-968.0853342515276,-941.0215091280551,-616.668776649212,-385.0043223298525,-188.44360704320655,-456.41151293222237,-510.52104833747416,-107.35716007599153,-310.81831929377233,-326.1338891052951,-1277.5008244297276,39.62012892196055,-385.5599938296279,147.80405175231414,-485.78111417086376,498.5445894183607,-538.9948374245015,80.8354570063213,-540.4173102639363,-980.6011198776087,356.33881300766217,-1483.0146309738884,-793.7205634889403,-859.3304841382044,-242.86635000994264,-9.284852123058212,-479.74407367919304,-496.08497943649485,-881.5725482775753,-596.3287307839936,-287.96506202647976,-183.04758491293939,-309.0944293965065,-233.53519496830916,-493.3411953382592,-554.5030386688667,-407.3842792793732,-661.2063570072581,-748.3987110983207,-318.858391787408,-991.9549568267016,-414.7674674739578,-809.137024550167,-1237.2813061479387,-208.65930993694434,-555.9898841392242,-783.3561041414865,-907.1481168001889,-1224.3401245762116,-680.4710700814195,-676.0407548035627,-319.4439517888926,-882.74172497889,-885.1993586490877,-958.3257943303121,-973.9021709394978,-694.1817838053789
-883.6269091565633,-925.1893252127774,-6.4360719925560135,-488.7579556117948,-230.66396902646866,-304.1674209248132,-505.8266641840301,-923.6493317075335,-9.903136835493939,-235.85048826437813,-223.87255831987014,-506.1465030958548,-341.68030131814527,-373.6025590147038,-297.27419789531046,-332.43525321115897,-173.0693541233142,-256.97827097853286,-475.87651694215435,-388.481773760481,-700.3023954516111,-200.51337147219644,-125.8770857656169,-617.7970741549101,-264.60850576607146,-353.6547928721271,-532.6029245981622,-25.544812663557686,-552.8959719777376,-612.4283460605153,-664.390705729872,-422.4818961067997,-635.8230583360047,-122.88854255582731,-72.74225815398928,-26.58923104799763,-641.0496579877433,-134.57837152768846,-192.93329438757237,-85.13180581901786,-194.94573832680777,-10.237044835362756,-761.556760233142,-459.3895231076024,31.987974945239156,-840.8903301290935,-34.85289969215376,-143.6798828929061,-498.69719596165095,-644.2448763644848,-284.3692508464434,-32.00263491822111,-657.6093047213635,-512.9182085730145,-491.8270135945968,-148.7679933150076,-454.064545448489,-255.4306949931863,-421.62600842073874,-505.1646325647184,-740.936655226093,-246.92288456659375,-265.1762267381354,-483.8792317262972,-350.20686731362866,-850.719495104803,-583.5514039935098,-493.08986396191784,-117.03074777721622,-193.15970440866812,-65.59151890522746,-436.5319712127671,-929.0464191361457,-273.9231733371507,-589.156466287516,-315.2874771923952,44.254782639949156,-694.749350800772,329.6797677865852,-850.6815849538459,-892.8518474741907,-734.6457724473164,-530.0412962077627,-282.0152901308436,-252.80592941242753,-222.13030481026192,-812.7979109522918,-45.62904007577277,-396.90313990206386,-413.7858627752163,-268.0007993070495,-361.6704888693491,-742.3040114630439,-103.28795086213167,-262.38650367417193,-991.3431827519618,-504.0114050373274,-361.3295230328703,-512.5637747884722,-348.97094139030014
-4535.39549585662,-1410.3843594070809,-3117.378114908639,-2800.0172995224516,-3206.683677108482,-1876.6023873558854,-670.4771149673481,-3917.2285044780206,-2482.542420943086,-1824.1879875667255,-408.34139553446136,-1972.5815652617098,-2695.2283666124436,-3758.214326219577,-948.080913236769,-704.388554195867,-831.6133276034426,-786.9611835641097,-2429.908969054866,-283.30380270115126,-1221.1169846602597,-2274.8603519790813,-3175.7304678680216,-2362.288360032056,-2590.079600493795,-1512.3566956527236,-1240.3252473464604,-2392.8465255231126,-2225.576203418566,-2409.0353783705195,-2466.1199299874766,-1295.80396475699,-4211.879769760169,-1660.6039134872883,-1484.4339710356217,-2846.1497512529245,-3592.485507807073,-1334.6824446525077,-3061.6218453458387,-738.6691894560664,-1257.7186418478468,-346.42620703417435,-971.732779184683,-2159.7523218624633,-1685.0003869345733,-2985.5145065672245,-1309.0869842979014,-335.1019873168172,-2605.2974664303097,-2498.3180986462594,-1033.2268174515286,-923.2671017707139,-3360.270002160599,-3896.414797689094,-844.0822932863775,-173.28825189129034,-877.7853538554854,-1310.5710252917809,-840.0003541494914,-1465.5567942721534,-779.8310817631979,-2194.0307569181728,-2195.8540840542623,-1275.497700586089,-4670.048648042217,-3069.413342637841,-2214.886100720069,-1551.4527285615054,-733.6331005553254,-899.4908672441879,-1298.465602703082,-2510.0591161814937,-2021.4430376334,-843.3063841020303,-932.1196759180683,-2078.2455533057587,-1650.8728528464833,-1589.5365983496397,-1326.6136511566,-3786.7351352352753,-3024.0348261122394,-2540.2317100170594,-1732.125683167954,-3283.238695378419,-1363.2017394746888,-2556.533747631128,-4401.14336856925,-234.678071471349,-2415.2561031256278,-3069.2487622618696,-1950.6379229234803,-3081.9838994773,-2340.8531221172434,-1391.9865547010547,-1320.0615698233692,-4316.541348406659,-3497.85226959052,-2788.0042642296203,-2455.6710968706657,-2433.3996226052377
-2503.8827668939493,-1086.3431778442534,-2654.412846458233,-1913.55638817504,-1931.1689895170323,-1374.2468359161662,-1402.7174336070798,-2700.315748775472,-2818.8848110704175,-2018.86605262102,-321.1882993817442,-1015.7598815470496,-2173.7691649709204,-2232.0243937872265,-703.1400136727943,-646.3612952398024,-1859.7552887746276,-1515.4474019695906,-2293.65274423173,-208.22519109066354,-584.4954820070085,-1700.6697592812357,-2600.9274111992577,-1599.227604270255,-1759.6463413678684,-2112.0630624013033,-1626.5936971255642,-1037.407320800389,-1777.9208600789834,-2065.6827498970006,-1662.6689465830002,-747.5234728483455,-2298.8943040651056,-1019.2860364408047,-962.7404997202245,-1424.0556614967254,-2379.3779226408064,-1565.401422456319,-3237.4026141714703,-631.4124227146569,-1151.1339184128901,-157.48550646667678,-914.4136311856174,-2041.8607181924015,-932.6651848683779,-1468.2362153610627,-1141.9266918538788,104.74488015103246,-2145.4569907173463,-1807.833405280101,-364.69235334000683,-711.9271173820574,-2050.6493088596235,-2539.520708888381,-1416.5241673421503,249.07202220969512,-1004.6561889546449,-1191.3717758423538,-298.371940288847,-807.2733745238036,-695.7762325271702,-1320.1765587029824,-1499.2219147776723,-942.8472664328226,-2882.6758451108753,-2501.3926660575157,-2177.225061088295,-1582.2279611997517,131.04233508226125,-814.3579363927347,-924.2926812987427,-1428.3159875939946,-2250.606800972397,-932.2813684852538,-1048.599206458859,-1503.0315493436249,-993.5657843845883,-1793.9453471801671,-633.8784028631366,-2291.0504584392397,-2875.3453562400296,-1976.146475975826,-2557.183595383724,-1860.1469345315309,-826.5340877885419,-1936.246480088321,-2279.123105284707,-136.2724234050748,-1629.6418234915845,-1821.4453786598458,-1263.3543869333441,-1973.4410890281129,-1844.172370678622,-1083.9339137554432,-1106.6583680703056,-2214.3061977455723,-2348.1702068307923,-1397.6992713337197,-2745.780451779288,-2018.4464135597052
-1497.6554039597138,-1033.6210545614288,-1240.3039538896264,-1154.9371040148558,-1385.9886907533394,-1452.5078355462033,-1338.2632016188686,-1666.4140598704996,-1670.8113498757612,-1652.460670611484,-520.3743699758006,-1274.8946410207577,-1542.944144123903,-1577.2653679477908,-860.6575362969845,-741.7409106626592,-1186.5110820753046,-1398.7164053764536,-1592.3213809798058,-847.3311709252304,-939.9592544939146,-1200.7182400940796,-1704.2191766815472,-1204.0802517936165,-1240.6806461156614,-1095.2220711901048,-1602.9340147336177,-1308.8601611879453,-1584.5422468075644,-1112.7904789568643,-1663.1809848233495,-972.8158166289005,-1911.3247647574128,-1051.5525480311292,-836.4493218419298,-1003.5614255286923,-2385.7976927618283,-1234.1747247475903,-1532.5825206707118,-744.9885926832491,-1162.18148671389,-627.0014203666109,-1227.9358588018831,-1166.181395159221,-627.9302641556432,-1662.5423546330474,-806.3311136868224,-496.12191492585754,-1662.0643983793234,-1509.1441778484882,-521.6584226455217,-1475.4406954699264,-1704.137966388082,-1585.8499007489954,-1605.0192103488885,-1039.8176188989728,-1098.6502318818355,-684.9956749663364,-1101.7930111928044,-934.438467884995,-860.8269459088087,-1008.0141386119976,-1366.6275264188316,-1376.831167643844,-1851.168111133657,-1583.9317980795815,-1181.7384370409359,-1749.0680127162093,-829.9458101526095,-1115.0674210813954,-892.25396419456,-1217.0658539139183,-1167.9428474129297,-675.507351573823,-1064.176366865136,-1052.4255198172457,-1022.6571610292617,-1364.009186052856,-849.0454279885073,-1551.375346208853,-1430.8815581807035,-1148.2928149278093,-1827.943644971592,-1418.4464269890743,-1303.6185911449438,-1578.5427873598983,-1702.107508482851,-313.24062920426604,-1271.1608931974554,-1359.8973541340602,-887.6760191842436,-1801.9264885383013,-1190.097808200206,-958.6546451788362,-638.6295158440964,-1558.3058423486996,-1471.2211248305211,-1270.4990466983709,-1389.6587934330141,-1189.7556773232536
-2657.469561099755,-758.5406502920742,-2251.2022083877314,-2085.903725770416,-2281.7338634996086,-1768.2825123052903,-1099.3397751715938,-2729.808254923192,-1982.8052111826905,-1468.9935002499285,-529.6030990094903,-1733.1567203586574,-1941.9924098685558,-2053.328369642632,-1000.2732559256193,-538.7015209472974,-823.4190030441679,-907.3703306239862,-1449.2106366639387,-688.3893559858975,-1354.8225284505436,-1538.1122933092652,-2557.1053872092175,-1785.7555103474265,-1811.6368910765661,-1373.782337224054,-902.0032305488664,-1922.5461603785266,-1476.7192855598246,-1444.3473450158554,-1581.0168526282216,-1121.084338127846,-2474.6464156665297,-1632.92299924382,-1284.977780763791,-2102.7683471569567,-2317.0324629106226,-1239.8509723992495,-1984.2940931277055,-971.5517426067247,-1186.410621085897,-704.4959735938121,-1833.5258175191104,-1703.7061770138455,-1509.0266828676715,-1928.8541849846242,-1177.6882839014072,-552.1284422955449,-2060.8173212214847,-2213.4562562188285,-1105.1315471799205,-791.4236339960496,-2080.999654774206,-2153.279575395194,-836.0005800850709,-284.70861163393636,-1431.4376214780946,-826.464810131211,-605.8339916951196,-1264.127639527421,-1094.2935430686202,-1783.9250529868743,-1649.5915374073452,-1384.7220521700833,-2768.9567063085574,-2376.519755996373,-1647.4457016120132,-929.7259426180092,-751.9236076564348,-1056.1855076446266,-1184.0107764131299,-1878.4304175629059,-1575.6151484524364,-755.2318014179641,-799.3317394948258,-1970.835684770687,-1482.661485673282,-1413.6911633608097,-1301.8568479179269,-2042.200632387078,-1853.3666111603582,-1548.1616134563158,-958.7770093020787,-2070.0105396185977,-1055.235382176115,-2102.8586926381035,-3494.027820682454,-411.2578698183299,-2173.241139799134,-1998.3584570869698,-1353.5553087010646,-2091.7801247715856,-2032.5686659217674,-1396.2705203881746,-969.2293277457787,-2751.860343577883,-3235.212814173878,-1508.7132896698763,-2424.26156299496,-2161.1405789407677
-3330.2959513587425,-1939.9834646272918,-2547.251317448681,-2108.542966658122,-2382.039775660567,-1741.600865763548,-727.1118270557681,-2770.0841495149925,-1746.4344831278654,-1542.5533237297707,-238.59792920842813,-2114.152725359647,-2731.1811042842724,-2582.30904592502,-584.0330348561391,-557.3705598160624,-496.3446110149253,-767.4117768245055,-1781.0957141459498,-106.87062739464207,-495.46597319525625,-1333.6532258373081,-2337.502831409651,-1465.9859117812625,-1950.340048371018,-1277.497436180438,-943.2540396156304,-2056.9465953578224,-2094.7652031884995,-1740.1013046152036,-969.1695645456699,-979.0923192223734,-2281.178651096846,-1291.9022220170943,-975.3937693008,-2405.895719286556,-2381.9854644592388,-915.5583936108693,-1886.5849613762389,-696.325610152404,-881.1769046465474,-387.87853993787843,-1083.0145311762024,-1543.371313072278,-1498.9743007059174,-1997.6677780065834,-979.0213542231659,60.075810146751756,-1960.7680438123855,-1992.7981187063815,-1103.214121299615,-937.0849732502688,-2336.499277725443,-2731.605198220649,-596.355365339257,-185.02571425463634,-1152.6902517907565,-883.8444890352695,-477.7436930435826,-949.6004855284365,-683.5917720909396,-1431.3369727028892,-1333.3440004978988,-1589.2777319395464,-3037.6202629108875,-2494.2007227697068,-1557.16225565853,-1002.9550795613276,-137.14071280775562,-655.5939163416119,-975.5229767025985,-1330.5675058423492,-1755.188465887865,-532.4994564010586,-815.8034743772405,-1437.8696210346707,-1643.7865628126801,-1292.4711041943817,-1642.9489481457174,-2318.80380986604,-2028.2039488653998,-1464.104279683433,-1097.2072569937595,-2549.3632474296633,-877.1311784433462,-1800.2735667584689,-3187.5338717714417,-241.04684838772837,-1802.6865823738945,-1752.3399607140327,-1437.2077257876683,-2486.215200044701,-1683.0596982022896,-976.699699664741,-737.146386665043,-3899.0421853616454,-3111.9124426523476,-2087.8117329685974,-2155.3136673402537,-2278.590329690913
-2089.4642563361836,-558.0664209844492,-2227.373934159559,-1656.1551700407617,-1871.9770468475522,-1373.80975587851,-425.18222304136765,-2126.374648110765,-1614.7222431458172,-1428.5675008865323,11.943449282427466,-1317.485930990209,-1504.2420322960559,-1852.7516835199683,-461.02006054765434,-562.9401049528932,-320.3446599110903,-607.9103075813342,-1461.8160590017721,-403.9744484626299,-706.3255715445114,-1450.901851356579,-2316.8847696553385,-1077.9565011015397,-1546.4007324762226,-660.0561895853402,-720.6855122556759,-1982.5798989868772,-1176.2550907329219,-1047.0613016141128,-718.7941100205373,-944.7061371498208,-2150.2968928680707,-1183.5427833925214,-867.6548557479636,-1837.6875303412523,-1552.6234302968649,-406.43033760392007,-1965.9111718204817,-544.2758206370553,-889.2708120409117,-394.1041176819757,-1229.9919218885434,-1004.8843130579825,-1267.6300392903315,-1866.8336942341548,-552.4837135509161,-372.8522809607233,-1850.456699854867,-1330.3727992557547,-236.00914826626212,-994.379304498463,-1810.4682708185558,-2185.8388589132223,-484.5071518430595,-453.5970248193016,-962.5239033508924,-609.9600130849474,-195.06774286962983,-948.1401522497929,-422.5763486764005,-1600.9074401728517,-1266.8751840926468,-783.4200256130297,-2781.134484287716,-2457.954184004858,-1207.3236115010732,-1347.440155475858,-487.01344609633134,-676.6552031563891,-857.9809493414932,-1501.5315012372,-1134.7397213885504,-764.5788592192291,-884.6949878890731,-1028.4844829611127,-864.3930515907849,-1089.2559491319762,-872.0591683131834,-2121.2457976134806,-1690.2459096844586,-1172.6151938010078,-1017.6483542603316,-1921.1454649797813,-942.1031767590158,-1716.0253329906177,-2631.676909182124,-213.4418967522573,-1396.062003223033,-1692.1714655099004,-1282.5764995415298,-1774.8559156441643,-1621.2388917745727,-1184.6521040403275,-966.2826117444905,-2248.550615100276,-2488.667106746398,-1369.035511762836,-1815.4060321470738,-1706.9841419697113
-2185.7299676440234,-837.298094886121,-1768.3561017890404,-1508.4141177465756,-2002.5896539102296,-2168.9433736081264,-1339.8277756376167,-2024.8198055218627,-2375.807170463616,-1953.6679657138984,-340.9331553734116,-528.4374374782727,-2539.295101677789,-1862.1041751476068,-679.2155732819213,-352.2174930523958,-584.1369006999563,-685.6672823906306,-2017.1366886409953,-243.77386939658646,-1075.2977367405686,-1262.245521329284,-2584.558656388505,-1363.853356799395,-1713.1919457609572,-1808.2751433765006,-1171.838138362349,-1289.4837459542593,-1337.688613815532,-1781.6892198550202,-1088.2209057176108,-638.8743452888373,-2402.34419190539,-823.8482369869349,-777.8988925200503,-1761.2795458665366,-2318.4781570846576,-1165.622763021171,-3140.6028949295487,-379.35158813015005,-861.1222930212832,-84.55205486984397,-577.2513680276603,-2335.48527022148,-1180.0691248839128,-1299.7722129272654,-936.2388224910532,-258.2257386298351,-1688.3312404628725,-1456.7609696041309,-724.9881349625066,-646.3506105473786,-1964.796712978631,-1973.8465982023524,-766.9947302377423,-510.2001604064095,-343.5099503142671,-1265.1611660883111,-435.0048737834239,-766.8507784211772,-391.7322648648672,-991.9111565684693,-1352.5418700632797,-690.3955726198182,-2554.8742537786507,-1919.0043801446852,-1800.2767217132662,-1276.6998705058556,-342.41989632989987,-684.8395126937376,-962.2819736484137,-1434.5627423007563,-1305.395828569338,-367.40366984991823,-438.82629876189196,-1374.3938341856058,-858.9282994720966,-2165.5167264005354,-624.148579337606,-1662.0917292348659,-2862.1139642778685,-1505.498697464342,-1392.1727130401757,-1671.6869273076225,-805.5770889860288,-1357.3460917085283,-2319.3140533778733,-198.66505687341632,-1780.345060678669,-2016.9132961513453,-1270.2178543034734,-1587.70136708373,-1298.7014645668437,-879.5170020748923,-774.1467292819317,-2167.5062438994946,-1927.932696906881,-1733.923675614138,-2610.199239820756,-1479.3826460265602
-2682.5692073178657,-1418.5677571894416,-3002.974090247433,-2288.5859689022277,-2921.815169411587,-2133.261559225087,-1034.227853416616,-3168.6897763757634,-2575.82036188483,-2368.3926827446967,-254.9694292524409,-1707.7970200307645,-2527.5429676735434,-2575.7751098502963,-896.3215171156463,-978.4432798113008,-1296.383193455983,-1203.6085564562131,-2644.1140295979612,-429.1356106789735,-798.3860068525308,-2222.6915456600896,-3278.5715966605685,-2420.199518587963,-2636.9827887808847,-1826.4503341048646,-1840.7188196030481,-2356.675425158069,-2223.329384457994,-2076.69795793393,-1872.6086354147687,-1300.1879023330823,-2937.2519653591785,-1466.7862534692058,-1580.168965626757,-2984.359574380719,-2279.2230374266856,-1648.5481759732866,-3044.713778811713,-740.8829473654731,-1346.9584816269066,-834.0248997252156,-1744.4683760347925,-2614.458627307427,-2039.131792468594,-2370.2670435772034,-1403.9617897725836,-263.3521312498434,-2718.119087291987,-2383.8868209074303,-946.8447361870748,-1576.8543698333451,-2555.6407906064974,-3175.7146072941177,-1524.9396901222065,-339.653621591416,-1234.544247777608,-1208.2962654681155,-311.96238001435916,-1536.3003709935626,-1027.700677768597,-2293.7433182606665,-2147.3248628855545,-1513.3548111354999,-3484.3641794391706,-3063.8436691644556,-2648.8300085913884,-1801.5834858309674,-448.11962996335643,-1153.292069295167,-1091.3677091756488,-2207.674137498183,-2250.742115025755,-1196.8326430220914,-1726.404212260899,-1970.7380951248897,-1244.7925752032454,-1670.7630376558334,-1171.5569052550657,-3127.3222151464975,-2926.0972731453985,-1966.2980541380705,-2251.7137709626136,-2744.4649643983407,-1542.9262165165092,-2425.5601665208433,-3683.9559861227604,-300.29775047483264,-2154.641352098121,-2819.155679511642,-1986.4343444364783,-3113.958697943307,-2176.493795990077,-1603.6919392172704,-1220.3824470537472,-2494.565212975204,-3062.5983390135348,-2358.7389951504583,-2650.951601966597,-2095.3653405686296
-2662.8081016548745,-1298.3442902981071,-1751.2315406364012,-1958.6357063001772,-1834.2414380838397,-1749.0606551333979,-623.0097739481263,-2981.878699736834,-1827.3091671900522,-1605.949894951554,-194.86929992692748,-1501.732005664094,-1944.8299599897045,-1862.2820574215464,-871.3725735231818,-695.8260326840151,-739.6491303278115,-850.5542636324894,-1674.9320512372046,-587.0307997626013,-1417.0786749867814,-1690.6915428391449,-2658.068589941693,-2065.2402820236416,-1424.3219532664377,-1540.4174550768982,-743.4548457617951,-2046.780951971337,-1390.0558004908994,-1632.4756232338773,-1601.382946953819,-813.5056793420663,-2465.02258725001,-1639.3402402271633,-936.6311603044365,-1915.849929478758,-1942.0977018354665,-960.7901269591115,-1780.0804957541372,-936.4119713036997,-1261.85806410454,-509.3083834676208,-1963.9173225333366,-1581.9195144286227,-1103.3163132130248,-2209.7368564398266,-918.262449160325,-384.69897977331556,-2053.2697905225878,-2406.8895508600017,-462.39273450974736,-898.1985207415881,-1333.2281300640996,-2193.792737434691,-754.5404101601697,-501.27322429809334,-1610.8817618148398,-575.3602966356879,-545.9352500881006,-861.4860533738396,-970.1462980683901,-1604.1416836083565,-1601.7209573953262,-1148.0110425678974,-2474.083388568931,-2416.3814791821083,-1708.7144688990627,-888.8491006491414,-709.0783875503786,-666.9722754965748,-1081.1422474068938,-2014.4575723164974,-1805.0023596799551,-954.7499249486771,-1583.2486523109744,-1244.6620211096676,-1158.757156252019,-1363.1108650738038,-1083.1526439640058,-2245.7297557653596,-1770.4789115014921,-1637.0265697806367,-1526.3469933163456,-1542.1527972927408,-1158.880498221905,-2016.212067080059,-3930.692760846167,-239.0244679951351,-1753.9437501719276,-2432.036361291315,-1452.7249714693348,-1971.8370330944174,-2146.5701047147018,-1210.7289763694089,-822.0647553016928,-2483.861989656293,-2701.1842260464914,-1618.3019500107732,-2234.0404203899416,-1706.8012714499748
-3158.5144894273353,-1400.1075794056383,-2173.323785982141,-2015.7187589904495,-2324.6816510411336,-1789.38093620827,-1088.022514874803,-2832.694851970149,-1589.458238580664,-1720.1514780761356,-444.70559436678224,-1279.7695341660144,-2355.089086390977,-2073.5559335511452,-950.828634039096,-611.591470409437,-650.9753591426985,-791.8975878082396,-1774.751176311087,-261.63948678773716,-1180.3644584014557,-1759.6784106508637,-2266.818830119169,-1843.0240578119349,-1998.590471826235,-1203.263229453441,-1268.650751741783,-1742.5509382721207,-2376.7242840805065,-1939.3751741975486,-1889.9342439328298,-917.4429326022887,-2545.7536777823584,-1215.660055689209,-1209.1489520690536,-2053.195159517568,-2060.3762833400374,-1184.8182595465526,-1804.120126380899,-665.0418366190709,-1114.7950614624208,-265.80937912181025,-1095.8611824721536,-1785.5594618745213,-1278.6890627233693,-2534.1922167146818,-1026.9300365828756,-213.13110109274353,-2140.9667272852867,-2101.396558384903,-910.0860055562916,-852.1057094196004,-2381.8487608690543,-3155.69178885309,-792.3644894490583,-91.05336864210157,-762.427263955553,-891.3880201724143,-282.4877500210379,-1138.771500436193,-935.6007736612312,-1549.043508262952,-1534.920835497453,-1366.5141185420966,-2564.2702562043246,-2554.553790816693,-2034.7112271156648,-1392.886014402319,-319.8382965347568,-685.2035554267842,-839.3769198098882,-1751.8123327401413,-1940.7015516374106,-654.0005821555774,-961.5996073478026,-2022.0456399768102,-1111.634409316008,-1536.0319208845797,-1200.647883542282,-2555.0085478434507,-2053.0062781051925,-1859.645970843816,-1072.6250976019537,-2600.081854428494,-1107.9209746848437,-1813.5952202370433,-3075.3051547057053,-201.94714633383896,-1748.7557217224946,-2007.3867383053932,-1284.0273045717317,-2750.36972724488,-2070.47340683455,-1136.8046429882095,-1067.6392022365208,-3438.282529401426,-3278.502663594016,-1698.834942992982,-2144.9193501775167,-1880.7883200038896
-3454.15394023431,-1508.4825285814543,-2444.466478107648,-2347.3096848817086,-2601.2272544684247,-1922.3022967894162,-1138.9742325972932,-3477.99775909501,-2126.5353802289883,-2023.3527991039778,-551.0288288485422,-1706.1865350383841,-2321.289654490452,-2623.492230620365,-1176.9228638472978,-773.60579774185,-1261.5595036606385,-1128.4689945198515,-2371.639409640308,-366.216208505371,-1083.106098106701,-2369.8229539434956,-3131.45535468461,-2438.6861708082556,-1965.992249217684,-1546.002014480246,-1201.2253643738557,-2073.5235196102462,-2882.6285007636607,-2158.939344222753,-2477.17367564938,-1199.5277509339785,-3691.0408507443635,-1378.6919958843816,-1711.490351753115,-2467.5112007073817,-3606.7844147772703,-1404.5005364194456,-2338.83372209986,-816.6517964558262,-1550.8579683246435,-781.6945356670163,-1310.980801908782,-2220.734935874866,-1622.3040042654497,-2736.360284499736,-1372.433354697756,-328.90489655442457,-2584.520898760102,-2199.002982352045,-868.8751773791299,-1722.6458568780006,-3319.617802815935,-4359.920643703955,-1095.6609621382981,-447.99985490691944,-1196.3800779438823,-1135.2191829057765,-824.2800207359725,-1572.8044585284656,-923.9107184885459,-1883.4340447888183,-2334.732646211934,-1269.2407641307625,-3306.0243100244275,-2981.165588033447,-2312.8735615974324,-1679.4457649558522,-657.6569775958951,-1063.8776775224694,-1251.015022339374,-1868.3698987357752,-2248.4248393198463,-1078.297689997297,-1443.9721518732679,-2139.7973918374037,-1541.7988263465434,-1409.3766875625086,-1905.25907384812,-3580.1984704628576,-3078.172356466633,-1935.9100758794984,-1399.6053334692285,-3243.4224070714754,-1442.3638191688876,-2522.0668425525905,-3519.6635499720815,-270.00861854273995,-2023.8867968473405,-2666.6588849175523,-1770.3653222703106,-3197.6762188404273,-2219.6692403295438,-1714.4805896150942,-980.4209981626368,-2875.23652206173,-2946.525354706137,-2488.7166292319985,-2090.574971935504,-2032.0605328546544
-1532.5294799822066,-543.2879959738556,-1695.0629602220065,-1334.3536377118114,-1726.7512691808615,-883.5310626020666,-252.0539795884254,-1586.0465907944013,-1645.9766176446747,-1129.4298595398648,-338.4578169704839,-848.6431078558315,-1145.714869584494,-1589.9519443634676,-371.33718067029776,-361.7689908475561,-1169.5310790443257,-934.3332606837406,-1266.1936077220512,-308.2252394755198,-5.669484336380259,-935.2661838215107,-1483.033574630226,-729.2300705241626,-1549.4355711614573,-921.272178350199,-1348.0017522821372,-943.4389193130326,-1389.549072576264,-1283.1013882700659,-1211.5965765681967,-750.6785741578858,-1922.2319671286764,-704.8265223354907,-754.3555160845569,-1115.3563523516777,-1751.8102989583997,-1411.256223012513,-2253.13940854678,-626.7705779946584,-680.3327129298922,-183.3213102895936,-819.004000314108,-1538.225038563893,-775.1146826397572,-1132.6667958155174,-798.7107654623468,35.511865070254366,-1481.035022652889,-1314.9701742081259,-439.5237699894919,-566.0881847138137,-1664.9349075272787,-1531.175869835854,-974.8603483470811,88.00905311490344,-666.8340269366286,-687.3610844587753,-136.78728788470104,-859.888300675936,-619.884502142792,-708.6612963605596,-1062.6087403890072,-1011.8463211642655,-2176.4983431636488,-1607.7006204456154,-909.037008690669,-1127.2519546154044,-58.18264241190002,-354.5153129856759,-549.3271374507297,-891.7389193559545,-1410.5979971883423,-366.26427392544633,-335.8097618493241,-832.3990174153349,-793.5805170370305,-1298.2545793620377,-403.71248477019344,-1748.888930316052,-1197.5651218208511,-1271.524157523257,-1505.8063111534232,-1231.9545283450364,-758.2969141548883,-1392.1741986818163,-1011.7024533353887,-214.54075081221393,-1182.0472416112711,-853.3358084742468,-1282.1528676044986,-1367.036223529889,-1148.5575261432848,-639.509040947263,-563.7589035953081,-1871.9860157083604,-985.6116974901879,-1117.84960680755,-1708.5053686860736,-1358.4554781594475
-2520.604098540989,-706.2151715931849,-1842.5438074190522,-1910.857435749644,-1810.520441922957,-1315.0687051347484,-1230.6449535119682,-1773.4178700689645,-1810.8297104596272,-1354.0689863752782,-710.2928673465606,-975.1105540119173,-2415.1658180174622,-1607.9728918595604,-988.8139125991441,-256.17839475326645,-584.0495603956471,-517.9945646787892,-1193.2731688204265,-471.23145974521447,-957.1468758343357,-1354.2564937928498,-1856.944103635162,-1828.4001776558407,-1366.3474479873948,-1493.8041761578306,-404.1620240564622,-1668.7023689173832,-1914.1477873778742,-1409.8270056447836,-1552.4056102764532,-1025.0857802462272,-2636.754250103767,-1092.8612950660054,-1285.3096574765073,-2067.990334923593,-1664.2053138255496,-963.5981034912692,-1357.4096206798386,-816.7601581747051,-1214.1821793031838,-603.8521322920132,-1024.897384382116,-1895.688636980529,-1682.4747027076628,-1432.1374839987154,-874.2323769099543,-310.2997770487921,-1953.334873485493,-1732.3321700826166,-824.2874398464488,-1005.6542756648236,-2384.674594524413,-1977.447556653511,-777.7455062989311,-316.0681175648625,-1181.8536295077795,-864.4262450622476,-861.2488677498103,-1084.4060976855428,-641.2627568348328,-1907.667499190716,-1994.1594271483932,-1106.9491022658117,-2376.6189147612104,-1942.657309409485,-1381.7993382979912,-472.0188208094994,-522.9486684707925,-695.9696767588605,-1023.2457848326171,-1788.7128937636528,-1269.1243120986662,-600.8831310548338,-888.8597802903306,-1696.494932671051,-1139.3858083887756,-1429.4685176303572,-1179.230298863652,-1532.8918004815635,-1695.6535475534483,-948.8576768825517,-409.6662569104199,-1873.372729704505,-778.0424287749204,-1802.5018099266717,-3392.2958175237823,-270.0010902431861,-1511.3420375272951,-2121.681974462935,-1264.8410614605004,-1630.5467024185316,-1306.6690752865688,-1058.683751047684,-950.8461684062859,-1956.485763932538,-2726.981053558371,-1054.1626756337055,-1719.351324531695,-1721.559947867554
-2151.8931085225718,-851.2240156406303,-1557.4964649239855,-1749.4451338732144,-2260.777335026494,-1721.956832853686,-1031.92536516366,-1849.282691267923,-2021.3797294829774,-1503.575437533827,-498.2728950897779,-1870.3173532296485,-1462.6380122035794,-2006.4512754042914,-538.9309413925638,-1098.0991997763956,-1203.1513878289497,-1402.1889887803231,-1222.406597644954,-639.4194954874066,-904.8548605910514,-1568.4069323876422,-2463.5192339760697,-1855.5758558620364,-1839.5145454092656,-908.8053730999228,-1402.1049628184587,-1454.732628278577,-1984.1143497822413,-1560.3161700335666,-1685.6297740706007,-834.8813182622376,-2140.273823923855,-1277.084993280249,-1624.3003345639243,-1223.015407183218,-2649.956391168813,-1216.22112244598,-1806.9425968882783,-777.0436998103534,-1061.3229854611106,-544.227776061729,-1343.132831278351,-2230.0339155676447,-1259.1841882019917,-1562.2256454177787,-1702.8827920798747,-285.97973989843183,-2363.005184988246,-1884.7152805519322,-881.5103526646149,-861.8262919977158,-2607.5443336933668,-2163.6800499074698,-1012.9352182642631,-39.37491461831514,-1061.0481007866017,-928.8699693000309,-201.04120747999792,-1136.5469143999424,-996.2342138641711,-1292.1849154079355,-1539.0082720001533,-1294.7605548241793,-2803.540518813035,-2543.646954793779,-1735.0425043574005,-1403.7324798917914,-351.6061737183195,-1265.9601029740018,-1128.7284981552548,-1269.4028261029348,-1797.313952935528,-1143.0203743446775,-1148.7088490250294,-1976.6927955989045,-1353.8194488655824,-1376.7625655688953,-1102.3309188705193,-2167.572659989503,-1748.129571136116,-1274.9439289837023,-1250.3258846861852,-1985.686341409811,-1162.8910660320164,-1957.4775002378615,-1702.175345019077,-385.9945516722605,-1546.2411190705873,-1502.4369392730425,-1163.4477747037724,-1561.8966432827394,-1737.7871209655755,-1009.1672977778006,-786.246384144246,-2038.8309032337022,-2357.708039165918,-1686.4719910352774,-1523.4571577459867,-1933.991013588092
-1256.197615431018,-450.33172094615196,-810.7721590799671,-812.4145377896849,-1042.0249626704112,-525.4539983236957,12.533402947478294,-862.2648872533421,-1191.7010919234178,-835.529710680947,15.967746070951792,-624.4405266056392,-1218.0878757908365,-1667.2846367226323,-146.5415273391702,-20.01223047496669,-209.0808508315312,-80.44131751253352,-809.9177150657424,354.23856114289896,-33.01872163123065,-467.6729890867853,-448.98345680675254,-398.0912324492043,-1034.7685093755338,-578.5737209636151,-402.0433749331954,-768.8600544445944,-984.7336057704291,-697.3169769184352,20.586361083111484,-602.3833273997559,-945.5665650683762,-651.6915949189794,-197.67572105633448,-997.5864508700189,-437.82998000176036,-432.9397589607083,-973.1425715248616,-411.2460698088244,-444.6868697419711,-103.99345590909296,-272.2503313481575,-803.3153064988278,-855.8764965641396,-114.00567729343287,-541.9289341667333,197.00081787683183,-1295.9085645907044,-467.0063050254931,-509.9883472263609,3.585511220318,-1031.4565113438953,-1002.978426822393,-310.9948302848472,-37.78505750005653,-308.88019246027795,-291.34080760849145,-197.60141812701994,-200.780570564584,-110.5307408929641,-832.0537912521569,-555.1982161290382,-127.18793356646907,-1733.1614307652528,-1429.9674650312309,-428.10316293294227,-166.82089530788156,274.6686537368133,-249.23356442486977,-613.8368589394307,-555.4080930627986,-621.2806501818546,-318.50781835210506,-255.22178812793734,-556.066122509154,-687.1977933063587,-665.4992651944931,-313.91321310047545,-725.5750022711032,-946.3076862852554,-270.71752489773934,-520.3385853403286,-1207.0097019202553,-150.57616890829303,-1017.8215344710138,-1009.0584283612058,-76.79475614690968,-538.2318270051437,-772.0404788608473,-824.6469278309304,-972.4499097985545,-678.7892497134463,-444.32586923403284,-571.4677786120698,-889.9320479761141,-1053.5530609187624,-1166.492453950125,-896.8985725266416,-617.863677077393
-1326.3205256651584,-963.5974876915125,-1773.1990294526931,-1190.0695242948009,-1624.6610971040102,-976.3993369135381,-18.062973872437176,-1883.9623590237386,-1260.8187794711594,-1284.315955934993,450.54391547153216,-945.0505796192975,148.64745900647534,-1404.276990181746,530.5682966613789,-719.7488646366891,-404.68734968032487,-599.3084052776965,-1025.4469177960518,387.6082721007291,64.49162798480556,-960.3422488040989,-1825.3153091837808,-533.6057525935663,-1105.6409427517729,-96.63838064666061,-629.0884699195294,-929.1659705552303,-1247.4343918176576,-500.0724854853702,-1146.3468287944258,-336.7173109368493,-1061.4443292900523,-886.122928551603,-748.5289738908126,-282.6412801201309,-1091.8133993423305,-271.2353870588565,-1518.1733178099284,-70.84441248383749,-632.3221025463451,-22.459524786537678,-1075.2605423016882,-824.8049817112043,-311.74312589769585,-1252.707128360726,-770.0371188416532,367.2696173691582,-1265.330674923633,-1042.6560414072621,609.2815918090017,-495.6868021537832,-900.9616309903449,-1973.0735456936395,-491.6164829227722,623.6193029755894,-935.2783789180188,-186.43965262464994,736.8333367990615,-424.09908278192444,-387.3204265156964,-491.2180963193489,-829.0423541053201,-780.3769738439962,-2394.4541977756858,-1565.4407620871814,-835.5486233747566,-742.6676556635022,239.66118809071293,-647.5869517071665,192.51985443237214,-343.08735732912317,-1164.558163597583,-1037.3546310168842,-1058.5131671216725,-686.8522275028802,-220.92090201947292,-247.76907208077236,-280.97207809032744,-1642.3882760644997,-599.4302433430952,-790.7463745468975,-1256.9212275969774,-1634.9271917705698,-593.842603928729,-881.0974998093718,-697.4706619944125,64.7157358015651,-248.31664055400074,-838.883450617086,-522.3194025309799,-1387.4863164118292,-1257.3995493850891,-637.0429035345312,-347.66212576933685,-1575.019081550185,-1030.321009459645,-937.7495955941611,-1101.1704312501313,-1329.392458083342
398.52385933943606,53.43093396833742,741.1144678364817,515.9184263222938,504.91028561122044,-67.26594266045745,-270.8724359376052,744.6536139080612,460.09091932170503,290.7846948280569,-202.28482251386296,-24.836222532559464,88.57262325774151,452.72022099065254,-292.0070857419108,140.95303402279706,-208.46838662407345,-83.49378445937867,89.86089831052473,-193.21200079574996,-483.11558792072725,69.45253616238678,-11.730054024377012,131.0734732708989,262.2003661428906,358.15691638381185,-21.772155783081274,246.64237368741124,433.7933958739919,458.43198321242755,-227.50692254568102,-57.38359779417222,376.9649729463535,103.69567772127137,120.13788499842221,271.52666917807517,163.677185838116,-586.7626399549476,696.8179425109913,100.2561245162003,229.86708955548497,-116.64088793300444,285.40261987863414,157.15760055006322,334.4262460571492,538.9992633574213,-139.77796945918737,-279.12962861399905,488.7640687312955,134.0377884047177,-209.3316810147671,13.126512168013102,174.92719006837453,438.5817367336861,-291.08391004478466,-459.520096878003,292.22269893267116,223.68130912055003,-23.063602253142403,176.67647730089493,14.76397141129974,474.66648805082724,346.0536070453746,145.08164072323405,1130.214880342405,538.7520433329654,313.6560191255505,-54.96466436151783,-334.86178614275804,-197.25248814312386,43.27317859763079,497.50781355606574,389.93397628797373,214.06600961867804,185.04416130139623,-255.99322960753358,-85.10764657054803,222.23456686014566,-7.364376824241666,568.168423036349,372.0541887734276,546.3362317114642,113.37136296258095,429.1271767214828,-247.64415076620597,318.2202369907851,459.0418676767015,-79.91940121833454,379.00722604069523,199.38854968104818,152.99342870622172,71.62780248082758,369.6567895972609,66.92476055500144,252.39454050800785,552.4467923185497,663.5175074768085,-49.42658866046258,671.9402058100989,595.898274223622
564.6427240995437,-0.8390610830201183,352.8951681244985,623.3714445891968,663.2148199275529,249.06028081187128,500.82195786770717,465.97266369139317,330.26865709725536,306.86621306928083,601.9224609901953,379.081079401587,252.1303013569875,760.5728452477413,-39.06307805583031,453.04169897891813,386.6542883798494,237.77029475400712,298.5545908302113,298.80431345326326,621.5044365471323,878.2516115037469,690.5805120347021,325.1598609057456,990.8865017950694,596.0574184557543,659.7604463186332,361.7342283712967,1286.6213364083812,707.2233578999765,776.1890591303866,94.60198296601962,1093.6137119284645,345.3672834678729,42.91959534663376,1046.6609803189392,358.8250599483551,503.5946997702445,978.2563795351249,489.4417941165639,415.20847233494385,204.73330893914485,-41.66105085862551,369.326844666089,503.44956329885724,-12.557931211969816,573.1389426476933,92.25835600654852,687.6315176610298,458.2011145243516,204.4915356314894,237.05937266056247,466.15081653420134,-85.32571269346617,339.87171790806,543.7359172208529,35.0302182440041,507.92118409924404,464.83368303962953,376.26920725711085,282.74021887060053,857.0874961778459,664.4440770489757,-101.67083861971764,380.45078247287927,115.23587091388686,655.4064746780854,676.0915291768284,471.4955256608594,383.115401498083,713.112784579021,303.5351324558836,693.403877108032,85.06441430412508,45.16470956724729,147.94025457641365,85.47682361112028,651.7189237178452,500.82789638556596,1618.1597472363133,759.3180275967487,921.7275223445876,448.82862230998023,60.75198030566561,394.1669043470227,1257.801100944987,989.7377920343547,208.6895647020814,498.9746192681125,1062.8722585930248,691.8222349256351,238.1879492774238,73.86229907087004,323.8466022234463,804.7040834802802,319.94058259298873,692.4257912661031,1078.3047048546186,349.40562907161745,116.79279748896012
2895.4754298806447,779.1783911257504,1112.9644120579192,1472.4926997459647,2053.569814564046,813.6128193460755,518.135733480007,1545.9858886622433,1345.7032402080422,1253.1095596035034,93.89951419202453,295.2552850375426,955.5952620506464,2329.7591700316366,81.18864310688721,399.25872149912345,483.4051427633083,218.40856676294314,996.5629550329301,97.87145826133334,735.0467683717684,952.8408247229286,1044.3180216948072,1086.9168040869743,1322.2784490799083,688.7664581313082,703.3290947730205,966.9500631289939,1542.8652943136678,834.6061776816305,172.61810644079085,542.8163698756225,1125.2136524296238,934.184953411993,443.6599187936659,784.9693362710249,662.3050310535906,660.5821638925629,1821.6795829273765,381.64764162345705,1069.5208852265123,315.52619436697586,688.5481516420377,876.3818078804234,952.615279910563,634.3664606148011,1025.390890717922,50.79117724059075,1586.8542722120412,1069.1372815440602,583.2088101591818,193.80471415218184,1300.8203906622264,946.8873386249594,739.2662973103165,9.040893248993745,410.321024728338,370.5906077705728,258.9667716599453,418.3497308453609,766.7079484689637,1374.2444713430539,1635.7103026608663,44.57711112328424,4371.023674486601,1525.453756303501,1089.6395557015603,807.1207160855815,-377.6952789080739,879.348929178035,976.4518985968094,719.2251578788062,1810.2052799828418,1399.7507997262178,807.1699225328094,925.8455878478884,757.2361229076004,796.3514938626181,325.9827813203143,1547.5154403174865,1810.1881659878682,747.5392995401421,528.9290003705842,1167.0036202804201,636.1284663883148,1779.7537803294729,1689.0103809213838,108.91959117799072,1025.4991394033088,1353.9501626103222,778.0788677987517,963.209150725446,1437.9044787458856,620.0793140449266,921.7934660548995,1116.9703476841057,1338.5831094159291,1645.3845265083728,976.4208898310947,1149.8728027526042
1136.8477129397152,235.79908013755872,1115.782776961578,1060.2839999455452,1318.5884319432944,951.2820740236207,152.3798933533417,1159.5387503012694,895.9944259628488,1167.2507574907934,115.63960289682505,1381.1332080336435,822.209156549858,1437.6683811313083,341.986366903218,569.5844730382536,290.52313438617796,633.8780486653162,686.4528358856543,172.57551034097813,200.78662113647152,693.2563547531563,1285.7786080739222,958.7306163671689,711.8001650998157,465.3443953751623,627.9821218065453,670.6737919013767,1367.7434211921868,1271.270169336839,608.3609059925716,495.0942021426151,1287.140427574213,697.9023460007553,674.2504622992827,1029.3479323868783,1514.9311834968485,577.8503437619677,1074.7323504431981,399.2489283058941,558.12432973557,70.30593278265417,800.9732350320387,1463.7276044585337,424.9683451423644,748.2974069939307,624.0926488851057,-121.51185190810678,1571.4397305841533,967.569561572482,383.84587647710157,311.956802688137,1451.8468514046767,1523.6172218318818,409.93765645780803,-208.954531480556,641.5277710554731,482.3363161336024,175.28974903376704,757.2905883402401,187.77484621505099,739.3960472396138,537.0102066716624,636.2410688264695,1374.2939965650578,1637.1461968090503,828.8478697626365,626.9686156174271,86.29767739164073,69.38546474814613,448.39173474736475,639.6712413179963,802.8100427761909,243.86878454329818,278.16995013276073,689.5459235941705,465.75548730009484,1001.5122238956873,220.81035698813739,1489.201881396975,1488.7317615240304,805.2041221319781,809.8295354231172,1348.621445210077,320.66630573640055,1008.6856816790086,1380.0406683872216,160.57006767779146,658.1628669066544,1134.5527161038153,808.9358792835407,933.6897550783767,792.2431882099647,356.78495638277593,624.665010851863,1876.2530032276247,1779.1480095741988,1087.2727990073706,1040.4884868015783,981.6965309582473
2696.7223095422096,1137.214985514917,2263.146634383975,2038.7034283821488,2937.883668549687,2161.992054926736,1200.4540423095211,3242.547869806457,2369.9436468965514,2199.089793417788,578.7083949919021,2115.4781067625695,2072.2866666850473,2121.9919604117886,928.9308573465382,645.9664751883529,1273.1911710307704,1282.9270420683058,2217.5467069242595,886.6575059369934,1363.8403906685019,2074.365487833292,3434.049944240168,2300.105094163072,2331.4689666381023,1249.83398203479,1169.5879922449976,2268.060773874032,1695.5035165916177,1439.2499570630578,2617.665359474351,1276.2043374591944,2418.109167268157,1637.014091390687,2056.200745712684,2264.0218308161307,2404.121532109449,1783.6205859795111,2158.0486435799985,860.5224574541642,1434.9567634067764,864.3146889010792,1771.0066099728754,2381.6571701907033,2055.388870697217,1992.6855067051968,1593.9985570906363,738.1885711230055,2468.7649064509283,2374.2514755542716,703.0344563049201,1346.7447179061353,2626.516912090182,3489.241989806081,1284.1241138438033,525.7135439829302,1409.476701626637,1040.21903303085,210.0657242438286,1435.8366972252365,1072.5152245880909,1906.784062172734,1965.8027189789534,2003.9523351175135,3557.53042878323,2920.224880509481,2333.133039743448,1452.260071182338,1034.4822883193742,1865.4123277184185,1186.329817233658,1700.814468530603,1919.4273153647455,1318.1980107035968,1262.5420615817854,2750.1665949673147,1853.4968200293886,1502.8347059495318,1254.6268535567792,2440.794632126874,1901.6169395573938,1420.002928417578,1731.7659015709673,3053.322040635975,1576.159776682713,2335.7833677077138,2865.0000712826904,399.5001883858033,1994.1374995596382,2344.0842983413786,1630.0524693116865,3345.6421191946324,2345.8607844915264,1579.2528692904234,956.9061134765079,2790.1376830600516,2429.076246688632,2458.582250341206,2062.766689795676,1959.031349853794
1717.1336256243178,861.4597305869968,1667.9433831494173,1235.4529281787559,1301.8380615014437,1518.0340468813658,1037.749180882592,1812.5330796805738,1341.3078283754126,1380.4667636622844,442.34780107210037,681.4575511247713,2785.897136840917,1338.8384526353316,678.0018101247613,262.1606165760152,620.5385053521869,596.618748976953,1384.540178928774,216.28449072061105,725.7077801154695,1083.1100701257005,2213.3289544614818,1431.185434806661,1810.9862536288783,1623.1512981153062,841.3941281611791,1391.0644938903856,1221.574195712156,1176.0316434228632,1673.8416907895876,597.4405611607228,1823.2587584288844,806.9259844586616,905.0264948077695,1441.4996419072222,1582.9784897955112,2008.7595599119827,1302.8801908299495,735.4591628912124,640.7169049883453,319.5060397823946,635.8695472178488,2062.9382756057475,859.3578669624135,1478.0646968518054,814.2122768769475,290.80825460318425,1367.4259781617955,1097.2821612180999,745.1630632677804,899.3180465222501,1437.1555992910244,1679.1876988995073,707.7157366909925,315.8914102263101,458.2235655693308,742.124408327858,257.64260274434275,798.098395361355,256.3133228199504,1018.4616759575588,1155.0380159303254,1122.8414609729723,2017.7658454084562,1344.0352414271106,1373.9186000383806,864.6182168004782,561.396140475699,497.5564965677746,544.6076322452668,1022.1125975027487,1028.9226538830674,352.9317350243546,542.912326213856,1558.6056692191707,550.0709308142606,1061.769913582623,625.0504334382754,1555.516728758191,1759.5910577103639,672.8451118853293,956.9361859616753,1872.4023425865983,775.2921672047516,1027.82222798728,1721.852380361885,227.35655180156792,1440.0693318810893,1595.4237836055272,1228.6809758256195,1800.7661874990742,1343.590640754537,721.3176838278825,819.0675599062806,1373.7330782171598,1714.4673813294864,1122.506714797715,2061.883491244061,1169.6411206178427
1023.3075333136055,61.239741413596605,1215.8389527236916,452.36611940511057,1753.5333370567366,624.7710913597111,263.09449122249936,1118.7728981922385,1087.5909134762594,987.9038864358221,-12.074677738210497,493.1624270318105,1068.4464796179311,504.86940965984974,812.2622719697698,553.5537342532291,201.05587027560082,281.5042089948398,1095.5818583184143,440.3491134669717,664.0122230230684,672.7574558257802,1261.9526528711854,1435.322414644639,325.80326284551614,360.0569728921824,-73.15022829153685,798.8871004513968,-25.76104736132505,606.017976130603,862.5224558810941,614.4950430169438,1371.398129817612,630.4180938682022,1010.1368352281706,1304.2604433175354,1488.8442195517998,1018.8204913960984,995.6585984739826,273.8767317239549,462.51823834170835,91.64273179329182,395.0019918948834,789.9850023190249,743.2268211197309,981.0399891643569,460.67132814499894,446.9265979800487,1190.5876637934916,1306.012397423012,756.1908904666839,362.6722811658432,949.485523874204,1915.773925824995,381.17816525814067,3.2480352706185394,324.6549296760552,475.69197758036717,-312.69538476973696,962.4352518412937,221.40767541702812,717.3855258487952,650.4030817097479,380.52090945543824,1037.6605786012556,1441.2232534087452,1455.27678579043,596.7461258491066,188.19448470977682,114.14876282074825,533.337186963913,983.0934508153032,414.60016867378397,37.58883130104886,48.785937514395144,951.678774798907,791.1911017925208,776.2129560620634,429.69506421778914,1159.8376641678226,776.9091589871489,569.6925831264381,812.6713443585758,1059.0966744967102,334.6275289965644,551.6785755478676,2583.5706102298464,217.80999300533122,822.2561120499446,965.8436602984677,863.4803896635365,1279.6931448038397,756.7366840535867,324.2529006036327,305.54230723307086,1869.8113937076848,1113.8888825822337,1444.881499019047,978.9390095719424,1078.6758164476528
2114.926283838686,729.8969309005673,1088.2071251672808,1084.971754426259,1811.425702356906,776.3682505134743,442.4033505217735,1844.2112355377994,1116.4929375233207,1419.5338199119637,48.83622623676412,354.1639967582837,1027.0331438621529,1652.0806760772164,290.3569750977281,114.60555956847072,541.6623353060792,482.5631988461407,1285.5230669562634,14.199520293621406,418.3415408179364,903.362702026138,1449.3059898279487,418.1699341436643,1417.0010143663687,848.7179626756945,799.146000196857,770.4400693975612,1571.1129220896498,1366.8646023007673,789.8610692452038,310.80067509487395,1603.02712220966,461.7351606057911,588.0270465214055,889.1040188994094,1387.714649522491,782.7747219863444,2259.822540328922,165.7388480320807,527.9121315016382,42.27548063345505,721.8324545286733,1201.227353408066,624.8746880078548,1154.7160831608048,315.53681548755645,59.758301156425105,1856.0776126521644,1001.0701145294719,161.70896539312537,450.17798812395756,1153.2778531102595,1383.9664095910252,1008.088195333592,5.431139850607632,319.90206363390564,359.81957248343934,125.53021369933032,719.4204984944674,482.81276683809443,820.0103703965889,1000.8815357598268,722.2403999312927,2153.6899715549034,1590.315332382492,877.3200370949497,1307.2220790848428,228.54121171143746,270.5034627479614,345.42000235494953,960.8774780332395,1347.327494725868,357.35131214449996,544.2413305247059,781.1985784487483,515.3395307193543,1055.7195521784206,493.03283830674513,2105.640191941136,1873.3756946082262,1294.4506160189865,1075.8498153816652,1412.4627580205258,592.8480784385043,1270.2282324713954,1705.9613112340323,97.36027466228684,1129.8967288349884,1115.1384113742895,889.7464059372012,1296.4352748694453,1082.791693529315,644.0396941058251,689.8982084517388,1327.0611763700792,967.3981928893933,1570.217866599741,1545.0571175626656,985.9242111087069
1663.0190571509452,616.612049074071,1508.9295216298908,1184.3045182405117,1136.4405524388178,1683.3128077956308,714.3327747906426,1421.4544711614121,1260.2907565204405,1744.5471600208803,180.91216170537118,965.8163118452533,1058.7968608662259,1106.8635116574042,455.49648671160276,612.9053609913295,563.677878805807,924.8922009635314,1133.068812379519,291.3864627270287,907.443680295311,1266.8864377003788,2601.037414919158,995.8976799517067,1064.4635191134532,945.5105188435873,835.6095863888946,1128.6517624928192,1047.9206654425168,1043.7488696456555,728.4320808187364,488.61722325401416,1144.2239387258055,712.321171817541,825.7927674098644,940.9874022848323,840.7463751576317,669.622964009621,1629.26640221819,538.106431455711,884.877024088326,364.17528630607427,1265.5613869699155,1535.8368397226923,694.9917069613325,1277.2168908035737,799.0446852554466,203.86764090818644,1277.0826263258857,1182.0148758613789,513.2862990013986,552.8692480735972,1208.0021071970168,1539.1830641187992,655.219835167071,284.9661620629094,407.21894480949396,721.9530515795793,349.12411504911387,690.0753360052513,949.6906877287468,938.7406916537399,1073.7925184925896,634.5068119921494,1234.4731188147598,1623.438471890622,932.7705875185515,791.8787020672667,192.56249422125893,327.9034546199656,456.34299663813374,1020.5969961671276,1152.5355654131863,505.06112363638977,595.1440778603109,872.8879487269286,498.1922128272841,983.9277690598908,815.6599413521637,1458.344517164024,1692.8740322651108,862.0853523471654,833.2185586786248,1097.4857420720127,642.9546662968663,1144.8294240748658,1802.4869146205651,90.25092016833388,879.6424890205715,1323.6992212899438,711.614062864961,1060.7774362636258,1068.248055301735,885.1580329902226,471.0797388404006,1353.4015381843458,1857.0514152612097,887.6962233123752,1430.2873177455247,846.2457325190883
