0,1,2,3,4,5,6,7,8,9,10,11,12,13,14,15,16,17,18,19,20,21,22,23,24,25,26,27,28,29,30,31,32,33,34,35,36,37,38,39,40,41,42,43,44,45,46,47,48,49,50,51,52,53,54,55,56,57,58,59,60,61,62,63,64,65,66,67,68,69,70,71,72,73,74,75,76,77,78,79,80,81,82,83,84,85,86,87,88,89,90,91,92,93,94,95,96,97,98,99
44.998579365019026,0.6316303014152501,31.565157240991763,8.142165233401967,53.01980545999925,-51.00567305388655,14.308945111345981,-27.31705554570563,39.292351340509484,-6.142750750116109,-1.5890416280406583,7.523451634380772,30.461909048760823,42.69292276789261,43.44034269747785,-34.27305427659591,-52.33376656325089,-11.678804614867524,52.56118280972919,-12.819289071294403,58.49605632178671,4.345166861377269,-18.991591047516522,86.63232999052676,40.7363501367276,37.24325435697047,-32.56075614211505,-19.945211265589545,-0.7385740029280563,4.331694593202816,-25.513420605870635,30.108875759551573,-1.0782579335839104,12.478469934763318,13.00405102898179,65.80761358280772,-60.40164252294877,-43.21208737603153,-7.052360803883172,-2.917060178607832,21.821085694288435,10.017976940313442,-35.981321652675234,53.089998815645835,-8.140194376737682,-0.4074448261682017,-1.074250047133199,13.214865294842157,8.745076026535463,50.606743793036074,-39.15712463373162,11.669997711215334,58.00435771223795,57.15757476881714,-11.017386398355725,-3.800396152086599,-5.62303519734224,15.07768027143353,5.07658633913299,54.96818711109647,-22.818469672344257,-0.5441063748311225,46.269215553194854,-29.166969672551463,-2.623303734529104,54.34949263419285,31.27700683416041,-14.432404746086776,-6.038845210020866,-17.626369233263894,31.650623511747128,6.836280438461906,38.719660419028635,-22.483846850037637,35.3587895186622,-8.86925065783072,49.84197669924238,23.039648864136453,84.06578086657163,15.427228945020026,8.418380307296902,-16.62136777193697,-3.0285833774247046,2.058353862578999,-3.538490230105322,106.59054505920592,60.475198424104306,21.002397424955458,21.68127342371019,5.201335676918774,-10.769775860660442,19.67730302055829,10.521428925835531,53.608229171426316,15.574987582157842,26.590937004415895,107.21076808091146,50.13922775959165,42.08254944144462,-1.695268555155004
18.84269955648745,5.838167340984577,16.408307989278498,-8.062990364735489,40.061371000441554,-20.16517385177272,17.912661012523273,14.848318015353309,9.824494108031042,10.938532153344728,4.390780882107286,23.222190048589855,9.616154671889548,26.23317920530089,30.260567445473676,-33.82392596644448,-26.292839872491903,-8.504953369274805,34.840699553306706,-3.4595421054553213,16.35182568979691,-14.880558793818976,-42.521307236330856,20.455025615778556,38.87227495317135,50.58211831496553,-13.507312703472476,13.57471864744932,7.399103387532234,19.35637762102137,-24.423900713080343,18.27491907002468,20.81961804654445,27.056116352327194,-0.9967638503391707,15.772642053338787,-0.33759317272810463,12.309273007904213,-14.792165571623782,31.67664140153069,6.448853538831658,9.217571879170768,-11.762254985425459,10.884946198446796,21.354183353609447,3.783538522058266,-25.00333036891529,18.53341074475586,-5.954047367596352,6.3874666423174284,0.0037519458596623288,10.578832784235214,-24.930021321370237,28.400618408579746,12.3971664468987,20.44051604159441,-8.389376762930835,33.97355231056277,14.932835208815334,12.814529075597966,2.72459065350969,20.10672653947094,15.577542443560828,-7.027496500807367,-2.8519296102174954,33.94535840029444,23.43773775215491,17.850005522595275,3.507613677723339,7.303844927671244,5.967610103350602,0.37993727691727125,-7.755661384628226,-36.36091924283256,32.34022632910788,15.102784341622701,20.775370167425194,1.5347270519161806,38.2775009323603,-20.99513352814876,-14.2789802348419,-5.320277656824341,-10.701003012543993,6.653512680391097,9.511624863186565,-0.2708763857220532,-39.70907499480895,38.80683186776399,36.56399201517335,-24.44001774248572,-3.501509238409504,-29.25467344459017,17.599333980733316,19.066154017061177,17.84433737823478,5.380874624296057,13.56006461062253,30.99780673058432,12.55446622013463,-8.994376105343811
13.531919095965987,-6.194571333160205,29.336006789457457,-22.83737914852583,34.0801600859723,8.729363283100566,21.941615117765192,9.905684764968711,16.160067115930545,33.925757983139874,-26.958554640469192,-8.008123418356735,21.578964484575387,-2.3835780152163304,35.2428180775611,-12.069230871040336,-34.8645153069014,-11.662649679521762,20.722522271658782,-7.5256183739531215,6.926267803125608,-26.689602512901708,-56.83229495744576,14.961169813824297,16.36160833579321,29.40337687611117,-19.78475610524657,9.961454202100802,10.414646927217895,-5.594123062123034,-22.57000652723457,8.276969828725408,18.57150758017711,45.12384876116804,-4.497077329738045,20.636597564903163,13.220205465392175,-0.07258829560894409,-23.4500743640938,25.95321601960869,16.246657184648026,-27.884301236196332,-4.936061899053898,3.2308512682757713,-2.224743491082844,7.613570383650334,-2.936658429693221,0.30466979113928,18.517740594364064,13.858410482359826,-26.105341119409598,-0.0419131674426138,23.31294656529087,23.533627594191167,1.6776936776838174,5.542227577330276,11.026974141066221,24.426648028968774,5.294544290948342,23.000668626979976,-3.4626485563799467,-1.8386256246518995,18.197766420251,6.995096543665128,-9.470940192051716,35.3081105557527,7.643461243632511,11.458112050885672,-1.8022082780967974,6.46050722208332,28.887696337220397,5.290927295016238,-0.778257865796318,-8.856831141234707,12.755489562422607,23.65963311146907,3.6421755401152907,19.748311843016385,13.828846495400835,-14.900999947735405,13.041222711893054,-7.116414000112574,-2.8709804082639296,13.325926779647505,-10.316870426091043,0.49547422251365647,2.729704223012403,11.376920228755893,29.288381351603743,-16.632882879337476,-1.359840903060478,-7.53579088240928,-4.386429776380947,30.194444032423938,-6.0832348461773,31.486283394012954,25.333473205372634,36.7287703266098,18.021633224766436,9.357252273917172
19.37346308461718,-8.274550659264236,21.659510208361684,-6.0050567904654475,46.84128575494403,19.722849792111663,-0.9871977620167914,4.359716040633746,11.673070731105254,44.01711100759394,-31.63252882466353,2.0434353956267945,22.548034656056267,-1.0780381952362363,26.140055225355546,-12.845112474834846,-43.10409039219968,-14.644222286013557,28.516049448607788,-24.44859498605338,-26.592672973126056,-19.36441674486499,-32.56083990513901,-5.735333933156139,26.457639501845684,24.2776270066479,-29.736473433497263,23.15973596091805,-0.3072102920124191,-7.424811145668802,-8.145322952263298,20.670219756610216,30.259853988660755,41.25326702127355,-9.140023974661542,5.86545927794019,3.502007660197229,-2.294739862364137,-11.755007886590816,43.94073239806764,15.263459665970723,-33.434475581151936,-3.732370385781128,-5.464354263326222,-20.527957090986412,14.874189780802514,-3.2265749355731463,-9.109405025385824,26.04706413552323,30.349000729913666,-30.261079707293884,-6.048163068203208,11.510774979860663,28.639384954407763,-2.933454182647296,-3.36399772218806,24.88926770025721,10.80036656155416,10.265977035043228,8.851273942817159,-8.538445156090436,-30.859912940046353,7.443165881770592,22.67586144876593,-16.54711882845027,11.306479775708185,-9.54564473971503,24.412360281013168,-8.30519684282645,5.337575565320907,19.81579402870376,6.274379277640138,4.099634126078021,2.100381998026075,15.965393339778513,-10.949058716093406,9.095058150855868,31.282321837802925,-18.916930006963742,-0.021183873926793433,-19.35330092133053,-10.908862206576107,12.930048556492869,14.491568677632864,-17.164426224007162,19.70440450631477,9.961399048972517,7.474393386756896,21.556614831520594,-25.88465744372418,11.415071484533751,-19.13732188845121,17.242457548489018,35.17758280287556,6.73317422179583,42.3388863823124,-5.302766879215055,63.957474877259024,25.613090730571425,11.089624699865395
-103.89252453375798,-10.023374807559074,-47.63918187095766,6.1381910884435635,7.446670227991229,-19.355347835226002,-92.05012235277776,-64.29444345627121,-64.63754774796463,-8.252398374361372,69.2049990901905,-23.36263922848973,-66.80512760050253,-104.12414210554162,-64.27983363515159,-12.701389631062954,-0.273020024582482,-16.03350536802614,-77.11275902083631,-60.30610716921305,-139.03587581635907,-10.95048732621993,17.096813089733192,-97.76167743487942,-28.974396453293203,30.64480649636733,-0.028445242626083223,22.15422843584476,-109.39770528375266,59.69884560504618,-4.738634657237406,-58.680057797919645,46.025554503660445,-110.4265791372401,-33.71302093881259,-20.480283484629055,-62.6198231752754,19.882167369895555,-30.025552694971022,65.91069140037962,-75.78019370963378,-29.979535302184622,-66.60706265108418,-73.81264073655863,28.464474119680432,-35.7323718660735,-139.26677039080047,-4.798392747645011,-86.62955085371372,-102.72384123503672,76.41944614701598,-39.00292555955322,-214.2392516748635,-71.2488008065303,-7.044442168687076,-20.97366688203692,-68.64252981445563,10.038504841991537,-2.2081921945171525,-75.0155469326163,-51.51907605859777,-3.4146555446343467,-62.81505890737207,-13.989832497924356,-110.27600737081237,-235.78014530927018,-41.8241354426136,-14.763876064263638,-44.819916586455626,-40.34875985775648,-47.06946668332936,36.9534212584164,-16.009885830133598,-57.991109729696596,2.8027905280099863,-217.87101254855838,-2.647610038357191,-42.82549621171534,-91.47070235257736,-36.47315601212288,-106.44089125026062,69.2589367909829,-50.47909658929663,-82.03522312418846,-13.32418772070444,-126.82797951143722,-116.27672196892418,76.94938182055664,35.7482524345579,-31.943750595971952,-4.988510969377316,-178.0660539198469,40.42502806179752,-151.75350674445534,88.38433458888316,-88.63257150655843,-187.0248678679229,-22.795567605172657,-35.25518519059383,-151.50272886996427
-168.70885703475128,-5.595419283157284,-67.1980031364133,-40.892114435514905,-16.868546439928387,-117.01837142191583,-82.62914763146968,-107.14052770486069,-59.024435016196776,-61.859266822840816,78.67544002765968,-13.952166811085839,-86.33114636361283,-93.20636716317367,-35.75581586194449,-57.82232149094647,20.847675280272064,0.18702102792479638,-105.15736877914662,-12.46643588006904,-83.19397520574596,-58.219461502045604,-83.11198793191465,-92.771482234076,-107.94107590120788,28.611573901307985,-10.709742713098928,-11.354053942485942,-92.66746525854303,59.28358332264799,-58.0938624440486,-58.38102528490013,24.177521329374724,-89.06310765044594,-59.42180014534898,-44.71360309903873,-147.90843781031967,28.85396500713442,-70.34360767109933,-84.63511298445911,-75.58506299637597,1.0465802271499898,-59.70069588476151,-88.18861569403286,82.50712505148303,-132.10322326038235,-136.74648182095862,29.33064820558285,-177.05894039300028,-126.8680966341201,90.02247141756614,-14.740045644471465,-252.15000491497184,-98.67826245798871,1.3567139990429298,2.48248096961072,-79.1248033122001,-4.071526746479198,-4.529962280034129,-110.5935154042843,-45.34806111289166,58.69664029788274,-70.64204280487306,-51.995723479116386,-146.097162593952,-194.63986189448548,-17.275351629870563,-29.98294232157304,10.488025227875173,-33.67283087510928,-158.66379334053696,5.292470554694567,-43.693083109723254,-73.17336495497955,19.63922404512824,-179.4322538268484,16.492868130379385,-100.32248317655808,-73.71239933071276,-114.68787048873796,-156.00369131949705,43.71738278662867,-78.97588458052266,-119.58883402480629,21.390945108527596,-218.48068023651962,-209.9999100463109,99.34829408512212,19.828223447825106,-21.777811548517487,-72.30583160202669,-159.11674957623364,-14.365303565386672,-155.4905276461696,93.25284372131306,-159.10529158819094,-170.14104107895645,-156.13972378865034,-77.87904683830003,-164.65247998255336
333.3548451982373,-191.6725162110902,215.0600126907683,138.66017920830748,127.10735432407081,502.2643951473409,-312.49520529112493,20.79139696847951,-169.23127891089874,191.0051774712751,-390.83526073553725,4.101747269030015,114.86722496855128,-135.7490818025678,-117.2883309979772,-126.43115204925572,-181.50599594606135,-223.99682666531595,-4.506496517307868,-262.8759165640261,-656.5017262504356,-30.044932572777043,30.979243696809792,-289.89928040274407,212.2060136726244,30.639779613065482,-233.1496986579152,350.98461117630677,-6.462832472219802,-9.680183513225742,-138.014814048997,-126.73945807866053,262.77499473296086,-89.47556346779885,8.474003288673154,20.8161581813908,482.5921575892205,-27.21201618478807,115.52955594972043,568.8466100506708,-153.4894678144595,-353.11946555534763,-145.75736046364722,-190.25823995040372,-254.52512530914353,292.54686828052354,-179.19507191118646,-276.911191377535,332.3866786953696,-180.50325849650415,-87.43461501816631,-117.15908269713414,-92.3614059653464,-117.1606251518646,-64.29794641323382,-257.77005822164523,23.39691315372253,47.91897168011381,-100.63808365467267,18.615125351252786,-117.49150681479313,-247.21224376214676,-126.23995162555438,-8.254851289795896,238.14875188888954,-16.75285591100457,-191.71164320913158,164.92194641742756,-291.3679747230619,-147.1492077572879,93.51285627854234,105.8262703667522,100.5289527537356,23.602631033081632,-64.70108343924282,-416.7711694990785,-90.11309021269163,1.3865777487849114,-560.1196042025583,277.11586279212946,55.1666150768306,-54.24958923797854,-198.33425201434488,86.41373616983184,-320.08391851806334,-299.56083580851,-198.0346657114584,-79.6987281236661,204.48645036177078,-85.50186532719921,194.67767259977222,-319.94244844472104,284.31258078041037,62.19348458236441,61.75602365155993,269.9024638861545,-626.5963240043634,351.43987959014646,-104.11936448184844,46.753043890582326
26.62203668493595,-0.06786067034593961,-16.33015599821505,3.202548872821856,-13.69038300757043,21.98981277367318,-11.907463158395148,0.8716287796205833,-19.39012522881475,-8.37573609168402,-31.152961964353228,-7.593485480898409,1.451570805781392,-0.34598556428697497,-31.20030594625402,15.271142080135052,-14.696628284876896,-11.151968570886037,6.346382721901169,-23.467865406945272,-28.646573306567394,1.9614026491481193,17.767688205192332,-25.405692871683293,2.6606395339906337,-40.177666283722616,-13.66280004394737,-8.06404475097512,12.126328973534305,-35.558212560120104,-5.430440576109899,14.45870607761226,-23.977300782796984,-16.557668752039866,-9.04557289136096,-14.410741934071105,22.95472342204003,-29.869514394093905,14.742812535183587,1.112710466200409,-12.543979691564385,-9.733329616875393,4.794274177798308,-10.578414063082148,-56.23728416749784,24.006151128248277,14.004454793430028,-25.606707871275322,26.726606227428963,3.536336670119515,-29.9527138073434,-18.591179484410368,46.05997555834008,-3.6929565422308785,-6.3387204053406885,-25.48606119054474,15.085125801925308,-31.481921827115812,-14.893763312136128,-6.7082410907851875,6.955304871147894,-46.186979535498764,-12.77458300408994,-4.932539349578861,15.440642622928209,6.240532514594805,-25.607658491197398,6.731171343324181,-27.116993195735386,-0.4305409138037317,17.232075612107344,-20.793790439893403,-9.41062401812103,17.689578113058808,-18.600911362646997,-4.34531233471524,-32.97466329704696,6.163748513692663,-22.547141668216526,27.004545642893493,1.2695163357047528,-23.384144260784428,16.752386794573738,3.625998643377842,-22.127776549808974,44.28111844251296,23.88739645810355,-48.71996860307851,-33.28835597631998,-16.820599530783785,12.427632497299058,-7.284442940122921,-5.076169021888669,14.384159667731304,-37.84824286191151,30.955427489250592,-5.485820683128927,32.67177691178611,-8.10262450770101,22.21784395080023
34.616866568255794,-36.84873128025134,-68.24752337006069,-1.7881045052200013,-52.64298368009088,14.57455729044609,10.15461514208256,-5.272132968070402,-48.999734202360486,-78.16115743192765,-5.445807729329719,-0.3472869143871967,-2.9634760990365003,13.326416006864804,-59.88003963402063,8.539097170710946,25.161311209721507,-6.417730181728509,-20.966883786883937,15.27517509110323,-18.592613985950894,-1.9827405183376738,46.042130729482096,-45.15968648133654,-28.586934753945624,-59.57917891400833,13.944347606596173,-51.36575044165963,7.949386812003413,-46.79336793808633,-6.879298573178299,-20.595317443979525,-42.72203496382298,-47.1659951744806,-36.31058611296163,-54.10560686681687,-4.198687302962301,-12.15880864880366,29.28380679066304,-39.70192778831376,-40.02186694095276,4.363858673489468,-0.7886129643846271,-36.09570191030543,-41.936628576166356,7.846955837119688,-4.113265221025583,-13.338786941228914,9.31544416353277,-20.42389242055316,13.838893522322634,-12.447920719336304,25.916305942110874,-57.048567302613925,1.5602378323230228,-19.03652925011288,-2.784129978962131,-32.22227124220223,0.14518562541756147,-41.59218790647376,22.96331591369884,-20.561747150526735,-46.13666643268606,-34.673122587280794,50.18591888860944,4.526094324969277,-2.4434946165346765,5.759707082941823,-5.186749721901655,-8.409640209112087,9.189530074767353,-40.925547329919226,-38.96659585006165,-2.0929805584044017,-52.87808688851373,20.427742748259842,-56.680769796767464,-17.753159863963308,-33.811118267477305,9.105207513307741,25.194523284972373,-26.803752463274204,-0.7459462077974688,-14.676968911865265,3.775703257776215,26.516957384996758,11.945430670109786,-55.7779194817402,-47.577430000180655,11.386092998281594,-15.911790077165378,-34.01553715468068,-19.94066082666458,-30.840259413155273,-40.94369025889461,2.4705789266706626,15.746403137050143,23.54081320137521,-57.50679199880822,44.73696462939052
-72.9955737709184,-20.00099199757874,-59.03487531319943,73.01335895631621,63.618110515844315,-96.66431843665994,-5.4164476899846905,-45.085130426407105,31.978702689715536,-43.20472886627605,137.64266790224667,116.82284075170165,-29.776854266132002,3.49256217087969,31.496756612617677,-48.93523728372268,101.55646362931449,52.36429003418385,-34.013448076340005,45.31845537969648,22.71601605002863,26.21613199854641,-0.4580565904584249,-14.09184765506586,-26.67257813610545,97.35900443059172,78.55753426936538,4.386320246078596,-26.699383879737248,178.19540805260584,6.729834128703931,-53.98356016443823,89.01014633619364,-38.73692220270859,14.084097205926206,-36.30688839512187,-29.712710129195255,171.54146828373604,36.31670492596196,14.35001649145817,-0.07923051100541853,61.381697280976255,6.295989026505906,-23.0759251268271,175.61379694742467,-92.69210958211242,-79.88282899321663,81.73535432793685,-109.73300360763336,-57.490734087951346,221.99897771320414,100.66253454794958,-273.1271633286439,-34.69945577564221,54.545616585475436,44.04081140720577,-46.166773532488335,110.87975155853246,70.99200762787278,-57.53725566136228,0.8489450173168384,167.82974890571418,11.365631404857368,-14.503470168238383,8.955369179505269,-44.65764475579632,82.10769265654162,91.0788666612356,59.58135522576827,19.189079023316186,-14.14937494031952,71.73341788272876,34.25601256188735,8.6947405114835,58.182170091166974,-169.1010142014201,104.22883960582264,-91.35853143240956,-35.800855304494654,-22.66521590818491,-90.69433039840847,149.6976758662059,-61.63785314478159,-14.347058154744241,104.53607007275862,-142.9039224549243,-199.1979161607225,181.1881250132551,127.16355475571935,124.71639687194761,-30.849737488437505,-26.29786414631189,138.25760230248045,-82.9761196490337,222.72037934116295,-130.6899600608978,-51.496596335798074,-89.74429543020909,13.51388020202908,-38.323641418659356
401.12375870895704,74.75840302301654,-101.95050456015598,374.3968025187338,273.85882290956033,389.8201529905677,106.96882296020343,542.8588504050396,282.62614026337314,28.017213597469432,259.2334396673317,429.3319509626359,63.684015776709515,264.705934727841,45.673893502270026,639.5943949393488,555.7621155431314,348.4578012126711,136.93738438658715,219.27331112273524,72.68190793641958,484.1845218721689,742.8072349836968,-186.87517635803496,407.08011477258935,72.20850432496538,686.8665899792528,47.54617735814987,271.1669920877192,266.7299523766216,643.8070571929834,269.69642196227664,117.5987624130295,243.14056335233542,247.8006051884152,-64.12323191467549,1082.7019716612795,583.8631356546878,518.172388980684,367.8097622477508,266.59815482364377,242.26552866212444,438.62197353535623,187.2947883338617,311.63808128907584,243.5429336545376,472.00052090275284,187.12730747019586,242.77946595261463,277.4811170115632,420.9034765715763,219.41066905657664,-53.50949518008196,221.76083450409118,447.71036388152885,188.8301071007584,313.5799490663591,350.52866655489487,335.53795943613346,-33.94744041812579,453.8978995243161,332.79533928456783,249.87459597448017,476.2151718018589,364.8582101438739,309.8675689740979,62.54711802948736,684.8661918221327,291.3868988715274,583.5913986772273,255.56111875215424,207.4138727660927,4.171120562427137,721.6539590266857,29.88880169689394,472.0850435862799,69.26129937011233,444.49238887064797,16.782091439795447,300.97580237791783,300.12113199174564,693.0077261953647,401.06607793303874,142.327519974682,518.0636740969528,590.0463444666588,247.5903393621736,181.2735238061737,4.274059815133859,365.62182178753756,415.7137473107657,206.59700101152436,283.8388942376385,86.4774396182084,262.692969083348,116.85830623877082,-159.3675274630863,249.27384580291516,151.20825458302303,605.7033896715495
79.38077648022393,-0.6751032326804889,-39.06090724509893,14.84425905553899,3.0983001638690353,53.3792534920112,24.806836803267412,35.98192779578326,-18.455529392171226,-36.15496507575942,-6.626357753555958,-10.026726473243574,-8.693312805593019,19.62676192962424,-29.542668111189244,16.67490775003302,-3.3451314716503058,4.711097974022322,15.366859661113555,-21.507518911519846,-0.40085184372576743,23.632683807982637,64.51927085011287,-41.88023500953165,15.493959868598093,-46.450184526535985,16.140535094215572,-25.674172929991457,20.616886070672226,-28.459893364661117,62.07180610402919,8.086661052309564,-34.033023861155804,-4.738764242529705,-11.856660492734598,-21.19421440748495,55.836345517127654,7.75510174264782,51.32119374956126,19.373113997427026,2.2519004329052437,24.030129288567025,28.043430212644722,25.98764754309242,-52.59665462313965,40.26989511165188,33.434321366408305,-23.285920959100626,23.127617248889695,1.6665385785161144,-9.040384105356996,-17.974123933741186,54.53937669020428,40.328082333924804,11.241848774068172,5.829797206461975,20.78456025588509,-1.3709094865771956,15.470695079350294,7.9527937453622615,3.459895779118083,-42.632849479574446,-11.258043596715718,21.898744379652864,100.79476481900302,29.832845919156522,-1.3630343914675433,41.01151245164471,-41.37019888241196,23.26154683456252,68.43550956926181,-25.799958849280024,-21.779454087626085,20.57883989638643,-37.35568177725076,54.52764921938255,-51.081577474231786,14.698924234794307,8.807704636530765,56.26093313162611,13.767794265737807,-25.183960922395794,59.66996030905356,70.3274075399941,-5.247477512231876,78.34564904441675,69.6336617525791,-65.28063643786828,-31.962598384107572,-21.619405180863208,58.94167147984407,27.342350570632153,6.579601874853307,24.257070112261722,-63.767646870369695,68.12439030009571,37.73013210769925,78.0748925501329,-1.6501826733268676,83.19269374696366
-1037.7940831380101,-276.06849254135454,-1328.0881244997056,-804.8856798321145,-26.005055795346824,-1363.1091482513536,83.94308522917996,-123.69544599490219,-311.8120742411546,-927.351778644542,441.9231560499429,-473.80803703509196,-523.0187847951116,-642.9023807009778,103.17561576193157,-975.4429500942484,107.62328105410137,162.46156879747838,-438.2584950003081,208.44299826887212,635.236411898353,-558.3005256293075,-772.2073559025337,-630.2120468173117,-1004.4452150162804,-399.04285920418874,99.51115695461883,-953.4303446611971,-710.4475291032877,156.57029752496186,593.0213508014039,-400.55562221793684,-256.1980382295868,-85.35370238464148,-460.5592386947348,-757.512167567558,-666.7325131716892,378.86593863933365,-723.3350592052459,-1379.4845721695422,-117.3152308734896,211.2787364411245,-285.7554783346955,-389.4844465464896,447.54568175128804,-847.7158335237101,-253.6198014528084,346.97349318689055,-1080.419599936129,-291.7439961929437,397.021650969246,-27.854124658155097,-1259.6382386329387,-60.785827308096565,185.19813286152583,201.08074395330394,-534.5484651090223,294.9269632551714,184.69888466471392,-610.3799165814527,-153.30770273751617,226.48011056410152,-577.9394622761988,-15.259871098360065,-227.34074995839006,-666.4974968086331,290.549734757412,158.1809352354122,456.10007088946793,345.677462695501,-1483.280621152921,-462.5639199278014,-1019.5173265347406,-463.16030110141054,-317.17943614510284,-350.8759588689128,-235.05849388213218,-443.8135058810801,13.53478448673288,-768.775764158546,-706.1374090738653,86.7411077858978,-465.37064869445925,-36.895067499552106,527.657431096059,-924.84297156524,-803.1386056386491,157.16236005123702,-168.0853017547514,-283.9881630883501,-788.2726592261868,-501.8956167228827,-710.6200518770853,-956.5446653704707,-25.773229510271694,-1014.9641007240858,255.50870196426175,-641.512080407458,-407.17106244117764,-502.2124077540942
-5.382664943354256,16.962202717950852,40.66452759301098,55.78437309203551,68.08420050324017,-3.548777843393284,-9.320134719326052,-29.462688998624333,49.868233395935526,31.1710108744021,35.65510230214412,17.68110744224902,-13.596138079615768,25.653118075308676,36.48022659661368,-12.287212115236464,0.09814371691150577,16.035609052114257,43.56438788967971,-20.614862972331036,30.870491253225463,34.700257300051106,-7.202839716029349,45.52750050443451,28.30766823466124,72.13238291300186,16.0994819952528,31.884314169396117,0.8810609615931038,61.292066763276495,33.79766630228334,8.539369169781777,63.30461692321669,12.704466814189695,31.996682542121608,40.2769553647714,-24.329970526980997,25.929062985297847,24.028723650088033,65.57453224554231,30.31209169003074,11.382465783981235,-32.12865274268502,52.57335960803663,49.971673608171315,12.100889359392683,8.111488787581631,17.970148908197967,-10.112911627048998,21.12834047682736,20.29334218109624,9.558230452144846,-48.49133091635545,25.008666806338276,21.735748708850075,3.6818552300305156,-11.07386885833017,48.10526816257789,3.340626629082518,9.96876888461497,-12.333947320546391,29.66130831547917,45.172364064682604,-20.363350033150628,4.955269908528087,0.4036224584399456,41.051663019169936,44.24097060626247,5.484289668887746,4.5204552052133185,41.48511774781159,43.306130174596966,78.80098724549482,23.640788362417613,47.78397618768126,-54.607718413437084,87.27929075647722,16.984204971435595,19.696351860801926,29.729064999024597,1.0939748944718626,55.56816955169863,5.865932096205491,1.7925731788164518,16.969405797615806,16.145649734267646,-5.5700706180932835,71.7955368399077,60.988070531792346,41.60142994788477,29.568677180432893,23.425497823445376,79.8685716535031,11.594926419736419,81.7667266882471,-4.2505668559042,-24.657623540838884,9.206648894477633,48.78784266946469,-33.53538565724458
150.06635455800142,-50.21090287579852,10.47267357343469,264.36568395016116,159.9752438090583,-168.99141242762505,-141.15271286794382,-228.09306345404536,-202.76014857597772,-132.4585357518873,-64.00263494767373,-248.1153404700767,52.92007888503437,-106.1598548133613,-187.23339738190828,-559.2691959533452,-377.342866102658,-169.58486949990524,-92.36259391124122,-491.42567809325567,-118.39360492669768,-7.824384239845299,94.90836087119611,175.45665049095462,-20.579271026609515,22.60209013170894,-451.8097854970196,74.27368633603383,-98.74412718823875,125.12135697661911,-118.85928054889972,-237.46649441526256,126.45023700125373,-463.74666470967554,34.85139052399915,418.45254270930997,-356.9527194339059,-368.85089027157113,-30.019950118468167,-52.365527772062094,-321.35122829780295,-149.9374641941371,-634.9311147763474,49.48865586820379,-253.68186393126658,-251.12358180981974,-332.51147243621307,-153.75466234579523,-107.81085826860233,232.84342651830826,-251.5808460965638,-185.8850059779575,16.653309498131,223.43912908130835,-392.7904168842618,-281.7668070671822,-405.6560190747532,-128.7178688152861,-350.8785691273913,72.85747781433709,-553.408510482318,-270.7594140627419,-207.21385322898612,-652.3644761463294,175.15847207065974,-109.85591666949489,36.35939182335477,-410.13330115087865,-246.98974742039846,-478.01043290925475,6.761611344647129,-51.57820280510687,331.80027795226414,-453.7727729525802,23.391388363560623,-506.5935335759623,268.9811044218774,-263.33792473330243,153.49069731902435,302.35647734757265,-167.55381014942543,-213.4299816715746,-363.35525412661724,-170.7651085076839,-299.4945735689495,0.016060744901588334,327.6130662966886,-46.89661644275518,88.58070891651536,-129.120589209709,-305.42337000281697,-215.20964322736776,144.983719852068,-195.66288734805644,61.26331497507308,-105.58134712397249,41.35041035263815,143.11038426942173,-36.869113135735454,-442.0967415525776
143.66736610639416,74.78725371654292,-41.75701793578748,13.299087028531792,-41.12733256807666,106.7247812367978,123.4040270988757,69.69691592493638,-30.383462343060597,13.492861137839284,-72.49824168424608,-27.37700094274187,-13.14326936001024,56.437208743153114,-46.60142661190978,38.53920881037503,-26.616609493755266,12.73685483077274,76.57553085872546,-13.794343954136819,44.29223316053502,-52.88047391600685,23.145194194753543,-35.476283517602596,107.0596502972839,-102.82380058568198,-5.406653589576525,4.91833421916425,80.6383804130256,-136.92845201106928,98.82415266716077,79.54261561377051,-71.23028585877664,45.76918028295766,28.01342757916484,-81.09494839565743,33.513163706283095,-27.16124563575493,61.90477994329978,-61.3820253696707,43.59191798827104,47.84243587491799,110.32291506396062,84.59242924378643,-118.43329975309923,138.4550183583486,118.70509387416716,-24.19978328197353,103.08419339836466,13.222718072188018,-99.18588475444338,-29.004327783749893,207.65305470531052,15.114438696305859,28.757338861077294,-12.18281266476916,66.46293800058635,-43.025521305119696,-18.315133357580812,-21.611940589994752,76.1915690221409,-71.98900826615044,-22.230199637680588,-0.3290040166174344,159.16844880324714,117.94237159049503,10.706194665926304,76.76381754330787,-17.531230362790854,64.98897633577,37.951631422537666,-104.25215315944895,-19.275282572027233,118.76435106896277,-39.13944830342685,183.84820684107297,-70.43325118365605,66.86805194336797,74.09712642820708,51.16269548871283,47.994884627635415,-85.56871892241851,78.84210773343038,125.8959048092125,-11.276210970783012,120.02774607902177,78.09006977156093,-151.403819766538,-93.05961428478274,-48.60746282287155,43.966985062454064,25.09474729144703,-35.25606803145426,111.02521142520452,-175.87047960633606,103.55945361958527,140.10910742282869,81.31677088118931,12.544190983181133,145.883259301033
393.17832585669953,428.6626708305016,518.7371200139819,461.1876185930779,-233.94844294122342,-41.860343120819564,280.15955225676345,453.3003031353077,25.704694318723245,97.71207822268327,103.5893395882279,313.36054918991806,207.27493704972505,455.59857890645605,15.861468985439616,160.85914641624993,-287.895118339829,431.6121712068751,143.57669039603348,-79.90016038823194,965.3636255914314,224.33631769758466,-88.21933918113379,865.00144153013,363.3106804861093,163.30606499223114,-222.0887095741374,-131.79296868731916,569.37389774117,-235.37045437861977,315.7864750102597,171.9551118840228,-227.50861940959427,286.9709530712005,355.11179305575996,85.516707524785,879.6749120973209,-716.087994230935,278.5739290023481,-297.5588367321581,390.74761264971244,452.61567581189405,-364.56796041669867,1100.1389856001053,-177.6941172165268,466.6982999800644,1212.756145916379,328.40333471824107,424.4626751019833,57.04848371333607,-73.41026753247641,161.49405691180712,1460.2737579885575,1018.7381056276787,-305.25472744691876,-240.08289068048413,362.127853767157,-382.19059010365345,-418.3857750909997,-130.26544786423716,-170.18249025065475,-2.798222678000178,492.4369206046327,-303.50870872320104,289.15613573232434,605.0962313156616,594.2807276152869,-55.88988850181181,-35.626832766729564,342.0980635648667,-332.0895208951488,18.98309520996733,1367.3683848810197,47.95317236242823,129.9505124064548,543.0348551933974,241.46939704200787,-202.4328615739074,1573.7231279889727,824.8694614476775,1187.194241454093,558.686150110042,183.92902187129997,259.42577513903103,149.55543690864172,779.784251269253,1239.5419134551503,-224.5052344813568,-177.3837748789053,-542.4194869617509,-21.85234017526677,424.7562885806836,-206.2919444303877,816.3322642868748,-470.75794521047044,460.20302514966534,1592.1312329068276,-486.0262628863492,-138.14765871379134,-44.05105117492729
-103.40309617047087,43.869803087619644,-43.7106381847727,76.76733417097441,86.83667328391587,-37.49816501515462,-87.3712181875187,-5.78576386678889,42.21360538701453,29.90356628421675,190.6553387742443,91.66214011266882,-11.707060723056399,-19.575866964069345,26.84762534251708,46.79174134494222,95.01666226376322,54.48072158060545,-59.17726338522037,108.58611491316351,-15.418920646082027,-32.29459617879025,69.92934905040661,78.13979752537512,-38.94013009284265,121.21686901469972,66.79227824306639,87.64823079828311,-152.86113340651897,172.03819631436866,-63.360217255415314,20.699191025997703,153.19177243108436,-75.53558870182343,102.78262423707284,89.12807688588299,-161.24911947759685,134.8791834196519,22.788066635840398,65.72285681124751,-4.0253414969236605,106.11286392257732,-2.6798973153164787,57.22044938574742,176.48575230207814,-131.1811583749003,-145.63975750382488,74.47653204886446,-88.40392337393794,-3.0731744818712086,248.6669157117721,96.58898782716246,-248.87648542080905,-51.22371797197765,57.5243388914883,-27.34448152124855,-58.3782937424153,83.03643290148247,75.23055068517718,-82.89574781724019,-27.827099303502095,145.01620095077837,77.26211048065421,78.77166215241017,-167.49503557664028,-147.14181660543676,14.744581244091993,49.91992811954458,78.55406719770414,-20.830698059922344,-5.3164295323699555,141.5966386286176,103.40187584470196,54.095226177501466,133.2698362966768,-234.2214554506635,148.05913911810813,18.30587514066743,-8.943835931606065,-72.31056604435686,-112.43753824305335,166.72258493039084,4.905736145190098,-92.67633248005085,87.31610041887818,-122.20827990112997,-133.04952383853856,232.04101437223753,150.1680268679191,159.88778828179,-1.1542085214925057,18.29763563005761,150.1031180106655,-100.4760143551454,265.97302911243617,-143.16222099521931,-115.23817181686023,-223.80082014257118,103.06951229444407,-112.5935664498682
-541.759590182855,96.47946696593709,-230.24194726160064,8.533989671659915,-102.47074655859656,-183.89574577191559,-52.224515895284895,-17.810407974318807,24.057140170169763,-137.05906039030148,498.55019341209595,150.96765397556328,-214.94039391195514,-11.392170105917215,0.6515565370796417,-14.075708067693379,322.8256514270528,176.75736580264518,-207.09495387888902,168.8702374381637,99.64611044620028,18.382295657446697,19.365911774527792,-166.5009574334811,-53.15934970808229,135.180911654552,284.34001507024306,-89.88571217291478,-21.037424267270588,310.23130859890415,109.48577709998273,-139.29269759786564,20.502698343986754,-119.22640793449631,94.1806946815919,-71.29393801186163,-300.07676595888154,283.14660510887194,2.7177100633227784,-313.8868327563715,9.782374010845768,240.12107630322524,-36.25049966984969,32.47045703479137,469.55427410146524,-241.97564909014864,-29.535138578497254,234.96063066665542,-519.7713336381074,-310.2169955182666,495.15098677141697,47.564382825633906,-610.200062547009,-49.83401110870676,106.8821516484696,125.91660307045878,-234.31489103910894,140.24235626579866,108.88160934899534,-340.6607751723956,-2.251240803202562,491.84801576142695,-25.27629322408857,-144.70237693219627,-128.11612478342096,-239.41411870750792,203.97771605075351,-59.85718586223956,201.90220130042357,136.08729053528742,-237.27934870164114,55.385430248585635,-52.65208865221494,-192.19429975354944,94.20033857154853,-17.60622212061063,78.07283534000527,-343.3064661068525,229.03521381381185,-176.89716547047757,-214.37842837737813,397.6258771805546,-159.53638607868,-175.78118940527978,322.43537876503814,-393.4324401922193,-588.2809077843971,349.9351059203447,64.25232576183843,67.12152638598292,-86.91678984848897,-169.04769360037827,-76.07287690138165,-248.6221225011207,294.45361225356964,-530.500817888738,-124.64356208391054,-640.138072791356,-118.95538170597645,-242.05936633548623
-15.351195909337434,-39.03465358096029,-12.931852280169691,-49.91124272055575,34.595986913308586,-120.23117097207958,-17.855027684830265,-37.816094196109766,70.71158964981791,-8.510314109981898,39.60540515953573,27.486546657162425,10.233690252824408,14.468465669706955,101.19933364790707,-70.84850222135826,16.84979868982654,8.49570584457454,-20.67428395145602,45.23848960357563,67.0513667466609,-10.456296469215859,-98.71796510324786,80.39076097978182,-27.221658821730873,63.23301540019968,-17.938425494272497,-32.654352240114704,-51.586623118928195,36.66908711987079,-110.44443279761835,-22.30782487620849,9.455199564190135,34.47997335632904,-32.337138985122095,13.641043708951006,-126.11905373873562,85.22163058924133,-44.21676213125694,-65.31881846089361,9.055855460101514,4.12072663750314,3.0015924019947264,-5.182972407735305,131.55688907152378,-163.96143871742507,-34.452996740079215,63.2527182471755,-73.08270317895821,-10.791037142398404,86.15558350832961,69.35944342494645,-107.58332608310239,-20.766669052534926,-8.567397188646742,25.259150809776536,-2.370288264816644,47.05552846448397,40.524260118436985,0.21818090468082194,-25.338478931196455,123.1835623460165,42.789699903913416,-4.553515342282678,-69.20535561009845,36.8581451571034,45.596209524194975,-45.34551991974559,50.92975559801083,-20.62385971838482,-85.9181876760461,31.757677342956985,-10.095961677572419,-92.85368825834033,46.99142755146601,-31.685893966875707,74.90622167608805,20.968217205933474,16.906581760428345,-92.34407157334606,-31.711440645978858,12.112728244388046,-80.43049881734753,-34.763612236481364,56.72164988322517,-96.36499421283109,-109.75247648902135,109.2275456742905,64.52902942603139,47.01666206974045,-19.301372369215375,-10.504933192491826,-6.921358128021642,-27.531541149263404,76.59816998572356,-89.04944223124507,43.746629573907164,-152.31389224659407,38.247053079323315,-2.6212048520540807
-134.58657989663774,-14.271160273178078,-6.95163116956156,-5.270990240237048,32.15193987470037,-42.35827981153505,-75.0774783459456,-90.29940237325908,40.43851767341538,20.642203714398402,-2.4027653740740367,-29.740498216623966,-77.31676151558578,-47.12308588842993,30.739765658048867,-83.16139685257535,-38.85206032465007,-3.010103941230747,-60.03500362659912,-64.48007089531316,-27.045873983787335,-24.96308036773239,-102.10781095125895,-18.966061437346717,-8.61832596291182,35.18957234175819,-27.641973092520068,3.992223447274916,-21.307950948454714,29.84186497178824,-87.16885860350108,-32.446280903547844,48.779921898896426,5.355401659520794,12.096564730063982,22.283653249679094,-153.56742498824187,-31.43226432497791,-28.74749044787843,-18.84558951570772,-7.739979929705983,-62.179344908890954,-83.39205114928022,-45.637567666449094,34.99362892193977,-55.011075793813056,-20.098152701325812,-15.588953118968954,-92.73544145419511,22.98546110154586,-12.87304144495005,-22.691237824467233,-112.01626337238514,-29.114546836042884,-33.72956889194348,-46.45744021832398,-47.92449785200257,-7.905621487697039,-18.738195109464346,-29.48239378972092,-73.97946260147586,26.714398835738066,31.42894503920564,-72.77210568186071,-118.20285291679004,-75.17938655838819,-23.499789350445184,-56.25733813101058,-33.501254289666434,-25.220014476225924,-44.914302187141814,33.20378427881941,43.10429808126145,-67.8468114709881,52.681545970305415,-129.61368891066928,49.03325588771531,-52.39809306037624,-23.670777929061792,-18.490899011954138,-145.17714685542055,29.296473103504034,-104.17800440087508,-93.68118664073239,-9.870660388824753,-15.608678493092018,-76.31328978034468,68.89645061415774,27.50063391025378,31.468401052997898,-69.05347041807913,-38.77885985801947,-4.444286563575725,2.965744082337802,74.20013844909128,-106.61754738510821,-68.95705219828287,-159.27556059101886,26.05984396051919,-87.08765745331888
47.4688521210918,-64.20907666950704,98.25742781236744,12.41989145916458,103.77220781065044,-54.23395622572201,-63.436782769987985,-52.247139854065715,63.14241959777853,26.655040312211327,-16.917937917718934,-20.722600703664487,76.67743071227218,18.545037196478738,83.88014715434106,-101.23455531502631,-26.62661921138543,-12.947268717083514,43.8141734534299,-10.042622031168966,-39.58070215083995,-4.690712841491039,-68.98223063064492,73.06201160482509,31.86386524250177,76.13078335594481,-85.51172433355913,42.691046858150024,-22.866983433642396,43.518384954485555,-87.16281287023568,-14.143095587868483,61.69608764021811,54.72996915863864,0.7128729354181831,86.86759937708449,-124.6496714693627,30.092427811817842,-15.948151323249078,29.620880977712194,14.97743945974175,-56.455439461069595,-61.173422482413535,48.38824409262754,45.371660783629835,-79.01963331860765,-27.972855323394576,-6.712744723382794,-2.4140717097253144,27.433120641673177,-7.031467049808384,-9.122296246339461,-5.075659035414742,13.855088379309908,-28.869144685675735,-29.838387167775682,3.09798693908641,24.7693406965575,1.7767007384570719,67.70106003383002,-78.00339514514424,25.150205207410796,71.56782616292844,-40.104867108443194,15.006967778070821,35.22065451120201,18.386819335342498,-38.87123522635028,6.94382795433807,-61.232405175030756,17.734109248072354,43.47948589395784,54.19814279951657,-106.02888808624441,49.11711011430427,-92.88176177506999,97.95478074761279,56.026796961791234,-15.712251540894911,17.77544188515192,-48.73695695078727,-31.239931874165165,-79.8695529626535,1.034632506893185,-2.168788409844451,-22.558818798562733,-12.283100678979803,78.09769300787605,73.740623536285,38.71915481396285,56.09234396706699,9.430973802691904,15.672635458691783,65.24830209394301,65.297658496833,4.920317234029444,13.100237982131148,57.42665064590311,47.36440573491554,-5.443346115621595
-7.338615612326326,-28.388235276319126,43.18655594266721,-23.072196415772808,37.54700239178253,-6.3631869337812965,11.468211449366729,-79.13618368333597,-5.330299177946024,98.61302902294474,-111.46241685850774,-58.86701682497599,5.564842814862232,-21.160294731157673,63.9971343907927,-167.07405110462938,-140.82813299292886,-24.993291898736118,-8.249414542152532,-76.03539777089082,-88.60364219965379,-131.19168677367216,-242.73606605357963,-89.03098191164263,47.30430195302477,28.31717685648461,-152.20783418120538,19.87090225232024,8.150879252672018,-86.49427860587188,-61.14397467551893,-43.06740715514186,-40.8519119882737,145.38856069209533,-60.93084765504838,-36.29996129846741,-186.50574070615127,4.780965034587877,-74.59749401346349,-84.56144201999976,15.099100445084451,-101.04401943682011,-11.955272948057075,10.259951110294788,-37.05058902818106,-78.86564269261318,55.04932579515596,-34.92509051218447,-20.76025465585238,27.16039313030989,-85.13872480942955,-44.93320716218912,51.97099921897128,60.26801314398967,-12.79570656318744,-13.989040546538554,63.19491663568936,-44.73360030909652,-14.573807949452894,4.451129023546778,-127.52329386320238,-60.970875404823495,-25.178466233621805,-37.22943443645688,-58.2247915773096,-29.163525786050826,-44.203193506444435,-59.30977261361198,-73.60400028520957,-13.729866560076314,-48.570096467008355,-65.82928352223212,-31.76312907095333,-196.49514779013103,6.2095321685882725,75.65340143763021,-16.122084664142793,-2.3288521165834988,-27.804913194175747,-4.166023105937629,-106.0614623162593,-110.40654788088936,-74.04565654426946,24.841781120543775,-55.97983196601272,-4.20798701328803,-19.12097200729741,-36.488573992428655,-42.81051974373803,-141.19565381013277,-16.43398802056471,-39.8618664302065,-25.62118335066198,95.52557350495107,-87.98351030583748,-22.436808314473016,87.461693763746,-101.71021606518494,8.657830663025548,71.47062614538459
-51.42151546165541,-39.281826746623906,-3.827383483707523,-164.7306325015897,-28.794002626723277,-11.516588230827292,21.37677853466049,-58.99397464712736,-25.430651891980528,25.32517271654813,-147.70447094321943,-94.5648536905524,-2.285984334753344,-62.22940821163624,7.959145497207569,-51.87911347994739,-98.37512495917575,-43.5203460657363,18.728176791177344,-49.89250670591747,-63.643796242366136,-159.56483847730792,-221.92550516918547,-58.30277245957378,-27.220748906160708,-32.77642188209395,-111.42930394352071,-28.325063133524807,-21.481325664068805,-152.79404172089906,-129.76309243780815,26.263299937906186,-66.69291553302925,79.15985707120447,-94.59129142170534,-55.95795813252084,-153.25677909166092,-56.94393722528308,-113.12299148440333,-55.33201882343072,-22.97848933268573,-42.17818521612196,-3.4447946051851637,-41.85386354496595,-93.41482317597757,-55.4168011396865,-10.641769336942813,-48.72074781355713,-17.975114779323878,15.660469975430829,-118.43717790126736,-54.727823916073255,46.19236159222055,-22.679346343725612,-46.12759593082871,-3.105745019558665,39.37709577189212,-72.85185043464408,-17.657815891442507,-9.29064215826871,-21.442989188363832,-93.64722335540236,-44.30748940049099,-46.34839998595815,-99.63149899488026,-4.5450466665375995,-54.80264940607817,-22.098226499768497,-28.135533971156935,0.25532088335260855,-44.525925043675805,-76.85159689100477,-77.2296155687577,-88.58136187306019,-23.159103062915925,26.712344579361304,-71.21195178040081,38.788924240496414,-38.58853439529291,-75.48989478213409,-117.39975786924556,-156.2182594759021,-25.7671434505554,-33.973321257528504,-64.34436407812268,-29.259894810677135,-3.384602400023482,-81.1233399597738,-57.983485102497205,-159.43680849822417,-37.83556330971115,-78.17919621997038,-148.56932218513256,57.54073777593683,-123.5087682275443,20.138541604870873,31.202454252006405,-27.247260452422577,-22.749450948878177,14.696815331070857
-252.41524973466417,-54.978753773209625,-40.243100794088136,-173.8805084180813,-139.24447974622439,-92.75721422256811,-15.135786773611533,-85.85654286460499,-249.51885110429748,-22.13390743218431,7.06937599986498,-135.16225584230762,-23.894161835914556,-91.83819798724872,-136.2059520178885,-73.77422638216491,-108.01533317104014,-66.13471435838366,-52.557122697229275,-51.22434998783019,-161.37955762046326,-288.7904699299852,-160.48836975902873,-95.51081084841624,-281.88472112431765,-37.89128754390355,-204.5828157167783,-79.95860517657438,-128.7090655231843,-108.8411665150598,-147.07498253630607,-130.26592039854887,12.80320841321717,-111.18083278059314,-129.84097254658246,-90.76620790736008,-281.10640101665854,-15.63868527103543,-173.39426594111907,-116.20373985057981,-205.05125646787195,-15.734274388611118,-170.8183182172625,-97.685477686142,-24.093452243941975,-174.29514340203764,-185.81895093857818,-11.229420363639635,-180.3241446486883,-124.27058651883941,-20.111623573140974,-127.40040116416598,-187.3832729313462,-101.47763214334809,-60.24811906440167,7.818538491750815,-145.15859929196031,-94.25684512872095,-37.24795783225157,-128.09641128304264,-149.81967428364712,-54.804506549637225,-245.00730524083156,2.100223528542211,-290.4292307472278,-246.5019865428855,-48.29243990379822,-137.0987394135241,-89.31440382742278,-128.23667126357762,24.58298754308656,-68.16765351050823,-175.11619669714554,-484.5470858325924,-64.88556702261283,24.896241238058845,-56.315906197304685,-87.6196273325726,-26.230863629199302,-144.64443063389263,-225.92871906356388,-118.60912172621842,-199.01859963970065,-169.80293896129098,-78.89854934825132,-203.93608387978412,-94.26174981297808,-33.80442278451378,-42.585237025343936,-336.81697531672233,-125.18527541476008,-245.24895871190904,-112.3212955988484,-157.49250425876394,-107.13675467463314,-101.83360467201615,-109.6755057116091,-130.23048962345115,-128.80821653401202,-182.7028156867887
-226.4227359020223,18.855611507949035,-133.7809405534625,-75.63370515753756,-68.1107417893273,-139.7450759031819,-78.93753855687604,-132.9261578105739,-112.74966319874471,-109.86422062668531,150.54452912228618,-2.3011106272514676,-86.4594454002842,-55.344002473756504,-122.32397526315592,-67.31748248922277,41.814017212135326,-6.231479665779801,-94.94839658390329,-5.043452597051845,-148.97871893405195,-78.57018624351146,-56.86541705389338,-135.06538646135144,-112.82000690623258,22.279090532173488,-2.2816383260302824,-8.693487356906989,-143.03858580948332,22.01056597498223,-105.20828209041994,-55.180779420228646,-16.91635893220416,-168.12553586050532,-78.87146042976798,-106.23990700230914,-294.8515175375729,25.44806166155707,-71.50562851044928,-153.79009629824077,-141.80512806006567,85.92559257831216,-42.440643448285016,-69.8193013268671,68.3023136832813,-149.7510086685004,-210.04860118035515,40.77465814624822,-213.69630157079288,-163.28969101130866,130.6763227691594,-37.048770008737606,-305.3702755955918,-99.7460207172458,10.658763297850555,30.628624139261404,-100.00354065341382,-24.27593819198991,54.369594610919926,-94.8934113423769,-54.095872452363565,67.0219424408804,-129.33781448912703,-61.24276137972929,-204.26459699943632,-298.4155810447508,-43.898185803830614,-55.846560420337006,-14.105462709382344,-29.278436817118,-226.27158680839494,-27.169044707977054,-89.55646216486436,-165.78053889788475,21.968101667122767,-216.61469843242529,-17.099278068194728,-100.24473066505078,-93.04495899205577,-130.18669269258888,-278.265433959977,23.23891964805844,-56.50951001911773,-140.94070385058848,33.325924212797766,-213.81867727035973,-211.46969648511123,76.17404418909459,-46.659297795378066,-70.86057733009899,-62.61602067513309,-261.8051584128725,-55.993184353312365,-203.9039469208463,80.69000244822386,-211.7466709621043,-196.11498751956165,-159.29234050703153,-86.29451860059883,-204.4163403270134
-199.04632102501895,82.55623415798279,-145.4606460170772,-97.42653248127358,-121.1296879437684,-62.451282176966565,-53.73141535856175,-48.702124915587525,-175.3989510168311,-55.51038319356652,153.36920882131534,-36.49588345346319,-186.60715587428786,-12.979641969581087,-131.14489874553541,43.05032029350935,68.9554347421576,34.53346896920568,-102.1763377192335,45.59117804318074,-116.22563571683679,-94.96169625689538,-29.1083753944869,-171.4592725269237,-73.99781193773008,-25.48983515055941,55.23551601624961,-72.85757043159268,-88.75317669226828,-61.30324124690491,-26.496962501731723,15.933392440858833,-26.226571323233863,-128.08177741500586,-86.5409216917395,-172.70212531941112,-269.17037200395487,47.07559450428424,-62.55223435858483,-172.3426433971434,-142.17642680913355,191.32715926158042,20.624618756675922,-27.424962700611825,70.50832573729113,-75.99145690684146,-121.51196469024167,72.94324213729682,-233.96073853417644,-209.6285017466125,136.39325081471267,-40.53362961003286,-266.3931234915816,-85.33028764462175,97.91112263514951,70.99846121633325,-54.38814404469754,-55.0814494098982,75.03560885757261,-188.32517397716,52.06619068910901,38.49528882156098,-158.19362969425677,36.321435260150054,-116.71907018754739,-243.7004946838965,-43.214528225965594,24.806318965527637,2.3182544853522535,64.1016598818318,-205.7555826497,-59.83282023867482,-130.49706670944667,-18.565085994587943,14.93055174723545,21.470623449770457,-84.99205882805607,-128.39352063182676,34.84201119936469,-188.0380215772582,-302.4169367943856,15.080910321252581,-44.62932991374168,-161.46492462339936,73.75941387998597,-266.2217773465274,-261.6901149374198,23.06570016170955,-65.3299329918211,-191.058904475556,-109.36145971331992,-182.26529787547184,-106.43574830587627,-180.8659558481685,3.28316949309749,-171.96856563523443,-199.37868934969626,-177.62163946087142,-119.56587142630262,-158.3610532253082
-12.201789737676448,-129.85496328326028,34.78983037400202,-279.9544311881579,-190.31705867183103,-20.13022913876474,-256.21106272186114,-32.81989112952592,-120.57566303789696,-111.0541080490976,-306.40741037033354,-225.10762337461986,15.460260516996966,-155.91619952197524,-101.50106662783071,-113.04602748178365,-321.74728532484494,-232.96992728795828,-23.68307040580584,-215.19561105130592,-184.97076068996532,-302.73833937921756,-192.30170045360921,-124.32824304495917,-77.66613763593924,-179.29854067778095,-302.869155629341,-104.95439398198467,-211.23744132486752,-293.7780149775704,-349.7095467945958,88.46820006610179,-188.269798111984,-136.89313097979615,-148.05562883614647,45.11952224558052,-193.94271885915774,-459.3262174719948,-174.49874029697142,-47.22812828192682,-138.63569655816892,-213.94997452379954,-193.27419262242177,-154.7554476339289,-391.07000414537856,-19.790227499111783,-273.6163951874938,-193.14205607063542,-42.80857298924893,-156.8752346584147,-332.77060467972535,-160.10328951749506,294.7917717633493,-90.89824585305222,-192.3026679971477,-248.72967399509912,-92.98096293788072,-241.95475679803965,-159.18103227440497,-56.07348754432454,-136.76806118250065,-333.6729730292452,-50.5461385792585,-238.0905872965486,-206.34226335774522,-45.2696752189478,-136.5043593453754,-234.30724860810565,-171.99645857264034,-132.28654896644466,88.31455149140999,-151.67982693200318,-56.2578792453931,-274.84092249620096,-90.27399151667295,-228.7520568770752,-300.76166790981006,-65.55889923278006,-181.7106695550506,-156.52482358855497,52.49093407644379,-377.8649141505834,-93.35861859107504,-190.41759342485832,-246.95930057040633,-38.246212331254526,119.57722871007427,-314.65292626542464,-210.44386817410987,-210.6498610881451,-80.59758139786884,-228.12892586770803,-404.67615943787666,39.56429107666307,-312.3660970732298,72.5970336452662,38.520774652773895,99.08346021010986,-150.7550966280716,-84.34835252290442
500.90677003173676,335.2452547638663,-157.07085746474525,599.0672636752921,-25.157410492032486,117.02832235202271,-88.73177888207111,88.26858859782035,79.3785227275535,-48.716940283729485,233.3051414800242,408.6628784039604,221.88615638649247,226.49536674205243,-95.80867517573671,253.19276967879316,158.94549879353067,135.8723883476057,55.825169901859134,85.49966054156181,90.72670399679218,335.85585750528287,493.1553854145317,-64.52128797884266,615.5483175948041,41.02721480880707,192.0277169069384,282.13651669247247,162.92086906385876,136.56743411183493,371.61072054435493,263.5449309129563,-31.33105747200553,-46.3354124678211,244.11832837165045,-53.260627618974304,444.2880717094425,-47.745352696531825,228.79418293418018,7.780434993664627,94.28918934269198,184.7458952011095,312.79929907213847,250.12249717541383,16.127391984756123,237.00464288776877,241.4460770447317,107.02171941330553,81.02032102119402,74.44999385950534,166.3093575205616,84.91745435495423,261.23474659112753,359.94021365027334,157.46933574979616,-96.03576309579229,233.3361703240563,-41.84302954374065,84.96431280211803,131.8993544026912,69.85424661309386,-13.295059678156239,88.9712618014387,142.7168840000651,263.2195234274469,71.70715254798075,-32.48883748967342,-3.5223395771928905,105.1314858346116,113.18392494794077,-270.40331989757266,157.008363801415,199.28318607573854,191.2513447034396,118.5584971147838,-263.73469177941837,123.16197840457097,135.45001853296137,11.219559740273365,288.8775903333164,12.328101010193603,202.6684905628099,388.62784652353815,181.1745276406577,102.90940964928426,294.06655296923213,-8.928567580204575,39.65330647038277,-252.00287841641432,239.24393924035456,368.38298559601526,196.2570276717123,118.64933299812931,96.42177749658063,192.50382956758125,126.54020384042757,55.02385670963165,411.43079986067454,143.71078379103304,10.960822040473817
-6.590775264642863,22.338045374623704,-46.27667623427976,130.84104221657086,3.5984250172019117,25.454548346740424,-51.30314267406187,-29.74064934953386,10.297048763617337,-1.627532977760447,129.84286660486492,86.72428491459266,-30.120936931765538,18.68952596416756,-47.804409512960135,88.74421773511479,92.08868322952152,38.258749076671144,-15.199655054463676,52.125610418135885,-15.679573478779345,136.99575206974296,186.77908008853058,-29.82341106862557,10.996185408773995,9.277165773593051,121.89526626530339,-0.1720613194519994,-4.3133324784231695,107.2544089108762,118.08176009138333,6.663068976515093,34.30363799194446,-100.63251903649746,22.437996334248243,7.551178957558945,23.323610175408415,33.35365241053539,91.26782597217436,67.70272274868773,12.244204262352827,48.77666085668978,16.732389670507136,31.541250492933447,50.748836066818356,52.957375899068985,-32.236432752490444,30.40272630622088,17.06388945264294,10.854633805045927,138.80683696788645,43.714778200914324,-57.04739383871951,-17.16599928855019,48.679677375743985,14.410259554685679,17.281774063849088,35.73452416015627,60.326442421049,-1.7715103277221,33.494353136365426,34.63403096637935,8.948194925131325,56.62540160520638,47.32841677588781,-105.37456731428664,-12.107031125285065,36.86108693900164,36.63092757492793,34.052147467549645,-22.821239579753968,59.635673351944945,53.4552038256345,95.71286790089735,23.02205467833169,-166.17295369502884,27.181853412009794,-18.61331046676587,-38.82655384145419,64.79287944507747,9.343460346172654,136.12819833189138,73.57273536216461,-4.524632194004635,55.35895482726271,36.48053106480965,11.262366502889172,70.74922267464949,24.563421927305605,147.1845023785702,45.168570929415885,55.709222056926926,96.40743579654081,-47.669844251647746,136.8158521256419,-11.80684649327583,-84.07119340620169,45.96354959785565,11.364062463843606,-12.349761832839917
43.785817328164015,18.605227579752047,-0.08579511925519936,74.63616049932195,14.639615289341045,78.91657258008087,104.56042661826146,145.31067364368175,135.0703021983656,-15.674131798465396,83.45926692807151,76.78755580709287,16.5232726192744,60.53438371908329,172.6181962008724,20.359367941306,124.98404040970631,77.59673282141469,63.28097618166168,134.5699825957019,190.40837005784294,146.87029560338172,79.7066816947993,114.12244094958221,111.5396224391527,-9.482132675710995,148.96867354266763,-8.217244461641714,63.68858364187128,65.43488888153422,170.8766328175384,95.56032809568693,-30.52970461662815,124.33829444402978,81.57034656229747,101.99379873833838,48.7272748850864,66.21354390322068,115.55700262792794,-17.005466650796116,103.10253516006684,90.4912941372802,112.41614282590609,111.85776258097178,91.4176500815307,79.41507732814517,146.82444077001924,78.22099508814462,50.018961339044345,-0.9566918453947878,85.5740285737111,81.07930604980419,141.2680438963609,58.538552112405604,61.08092144320879,64.98206138141103,-7.669245907571489,49.065857026871456,7.25448317324184,43.97411416867683,161.90671006716147,94.45582482215407,150.96838286577318,-77.77446849021585,247.47424610419205,223.88306804722563,134.75420489742885,58.10926116261092,101.35316642009137,114.57502101632932,51.92401138621634,25.200291896584535,67.88998291801974,83.4352661987882,-28.987546240840626,166.52466727485762,29.029848494295546,22.975150292555924,49.61615918239338,75.79548764718577,285.79714698943314,89.80137632337114,14.984185881291056,126.74716488290373,101.39447990189525,90.50078036671637,7.562670842057013,29.34982007895489,20.919626319261305,233.62701437232974,147.4265270984395,293.89394715667777,32.29066176507601,104.84406004958703,28.624860268034464,38.92637706881547,206.82696578010527,58.1297401321698,60.33315009424355,123.32413533905063
251.51409366835242,54.800063868302935,58.402668258438304,227.8918288519813,-43.628349993262,223.27121700718337,153.2256924607412,102.77186339814288,141.80881193306266,160.9595333207745,-146.57517701090552,175.41363741332472,207.63783001606848,19.67961589835793,72.12750555495866,218.8405304330641,57.95555267120387,58.312462395381786,102.69227570844677,99.81503627643508,171.4678572802349,184.62115626912836,93.18863905651816,28.972880375383212,191.86946303907078,-24.198898532410446,136.29599473497007,76.2017051024606,177.39917836761504,-43.60030207674229,206.17413676053005,226.23520222538875,-36.53115359042728,181.5740860138935,7.522206002612457,54.774408711748244,548.910453537584,-52.485773959590745,92.67224002816374,132.51858034253078,207.12928868662624,-68.1504624056699,198.48940745735825,114.55767215524591,-131.3522012229572,268.6386579038358,276.124491984586,-38.21485607624977,348.70097664043266,214.48168949954066,-119.84159244355816,120.8582207380609,447.5709596416078,80.97796033415534,84.95177106454769,1.2560168032074768,384.03084711275187,36.90547498160353,47.65369548147859,118.66627707933085,69.65903531281845,-139.94057984581934,132.9330997624457,228.83268110328063,235.6782213907043,216.77014247262503,-42.08518862469209,124.119324693682,50.788391043976276,134.56249578895677,72.08330596095377,34.23166447842255,159.889272785223,546.3845366518007,-4.959480158179251,57.45183585795445,-20.43576315002747,89.13361704662137,-47.35892873295616,173.91884555157864,336.9083566328815,75.34612720942131,360.2214264949325,238.00912971988924,10.922980210930568,296.5257252874428,278.08971988718923,-105.43602244936622,-25.7198405179143,309.8624696866095,212.45168280261893,412.3934929264438,99.9521991366897,155.18982763658258,-29.1302156184807,278.1222744528679,251.9255675169604,179.5424577560607,120.76590103235252,337.6169173147593
40.65362846995027,195.09736858291302,-109.22915440650452,154.7175506252596,6.787667372308281,122.20197509943998,366.1474987032288,170.62436272822725,148.90552727188737,167.5512830672973,305.73116683357085,271.5483401972762,54.859848063126975,166.77219899728883,95.9490150725993,286.0545325027648,331.2661300947758,223.92289987031322,125.79947716871047,285.8104577281523,348.9183689196445,212.2055072912011,296.1310648934904,135.72176654192205,48.861186053623314,63.93073325290645,459.02994193952446,-5.359477226406777,160.52365883708686,146.7311801273742,457.34804506027734,202.96049315518576,76.88333081186344,182.34022903548947,138.79347187732262,-99.79037986955605,206.5567214211665,268.35001059898036,183.62406977411104,33.38826409903783,260.93999261830857,318.04530194614716,429.83812204351074,179.64369650172233,203.00789975774066,179.28610154944298,263.5342314584048,237.29062747894457,138.30783590003708,126.49490090473853,254.4394374826475,260.2519136369902,69.18789650118181,149.29163126389912,228.41135178158044,323.6545015479057,201.76600003777205,171.9359993430095,285.5906833321694,23.02338184103282,393.8092456466769,235.24526188647718,85.82676147225149,273.23435734791644,201.35215374280966,96.74507804798245,104.36498725346354,219.64673924099324,285.5941598210331,296.71539370647815,-51.029152675566834,76.86870015266258,31.47079365350064,475.0181378892998,22.880998997633363,340.5910798155158,84.49221021941992,131.8620575334696,108.56696958566931,103.78501031515457,245.88481394083314,297.2639820722079,265.30245645995393,229.97729424568115,281.2135902296927,82.90470247768889,141.23515204290214,108.24862746268455,59.982188573629834,308.7569811086415,110.47837409186012,270.29623165751184,152.86278109793713,73.29300045833857,167.16323266345074,66.01843795754863,292.50705201542394,217.58991162408674,124.47473312319929,157.67988685114977
32.85372697690996,107.55247851602344,92.85664719894969,261.5129041405818,160.71676218592128,97.57353728906519,169.97660011034142,184.6801746206114,181.14733544760125,86.24574458454205,287.98714495997183,271.79949919836054,214.87692696053062,226.3205484117633,135.02062822980312,292.52835763703723,310.5778219653885,138.8028774853092,144.05204234968636,306.7712558482226,315.7106405653612,357.22679298718265,381.6981789512431,176.39668482428465,7.268342355557929,146.13847260464973,334.4398577163369,146.50754653080566,142.36725210050292,216.55855082066216,366.16121575059117,109.81733592155946,197.39669019913512,74.63010018883946,137.93787438141558,219.53793949831405,212.06587359159045,208.87798178804914,233.65513997882164,179.70047221293396,167.13387967997645,211.8848765590469,92.31045809029558,161.60476888617558,210.07946145950942,240.70883302634908,109.34663930205154,184.8627964591331,182.10963350985077,227.6888858360485,228.34246261567486,174.46302844389754,77.68868223871648,81.2724919272667,152.7830532342876,241.55038253332526,175.37789653029554,275.95876182057583,182.21473288709993,136.2871995393302,200.39190227398905,181.09664283529347,162.49561011091288,280.8950959997281,243.32650771834224,214.2050473484864,214.45801363348784,240.22190847910474,227.9423131029567,186.14423598173653,286.5090085779468,142.204204685231,181.03739908894164,388.88305033420727,82.87246566371942,216.52528552464082,171.1102648435442,115.58643445972874,132.10305039566214,205.95348936237485,322.8118470381009,300.07964160907363,366.0828765377452,194.67325212051986,211.51837679568635,144.37786715188338,195.775125310841,180.1349133311744,240.07429905140188,387.9129396087622,151.78138822801472,382.45325053233097,256.3826233046514,38.49353651343457,280.95189474865094,95.77521093803345,181.70242549769605,149.0463998246534,152.57842639883222,129.391591412644
154.0854483582485,54.34492986015905,96.0788293390377,-65.08222548925114,-16.69797851782726,112.36415145428644,143.4686837597567,140.47670337857141,27.19919825920324,63.47734100044572,-122.07764261959424,8.746695650496356,98.94511304580217,39.29465383670048,70.75543267889675,42.507185417289804,-62.330154901059664,2.8078973355602157,102.32993471201884,32.302660357188955,147.50953010957895,-66.37045590890273,-48.59352031838232,69.68236757531862,107.57834083711171,-24.49651481212705,-8.363293464729908,5.841171846760099,87.67178821320857,-130.75945595145149,70.40612644527474,119.28555845206698,-64.63946512178065,167.83984893556766,29.34831800098855,29.207386304568818,180.7927910490201,-73.56634490573285,-27.972029248455122,26.95844837585592,74.87418512431762,3.7589644179027886,75.23877407651301,100.35425402222273,-100.30264831831683,82.51641221018228,139.5832894787987,-15.762091894961308,147.4081799368767,62.43922310712129,-206.87486632172514,44.366378705116944,287.8299916880774,98.12287116141727,7.264993671986784,22.933484424641545,83.36530902057731,1.2102735002211344,6.77281583881754,93.50431999058249,60.94152971296194,-73.73279876453498,38.85001600195222,69.04306524183906,118.76130352692482,242.36679819881886,18.30234516799107,46.40225185757612,44.343896646510814,88.99967195682505,29.599604781932417,-47.75718193806288,28.150302955831563,92.32080463327591,-9.987113065952002,290.223347878417,-51.18894757913016,77.4748532348479,121.28505353738429,9.357979321396623,172.9437962149503,-123.88849425382348,91.1245017385246,147.32866721362586,-35.41316019803146,121.22496717484853,162.8220869270366,-164.18061332471032,-57.16664032578916,-40.54354845222231,12.274914060236817,171.7401131568386,-125.60207219985126,165.2332789064383,-177.908545484167,163.37373580241368,199.92515128679273,155.55145464470885,51.05203901261736,149.61815435708365
80.53344608812083,9.318621614362426,35.84437833485406,-1.9769337533957256,-19.81380664195703,50.03697296453354,45.283881952069784,42.01273809577703,-12.568123877028189,16.260290842372072,-76.64797591977529,-9.50157771853319,53.2771970079399,16.709943405781956,-2.259124009995422,24.75931704643383,-47.934224703554456,-14.264680896662073,30.739035342166034,-18.953246116689616,20.921058040979055,-22.572520600646822,-5.912937498153711,8.618012520363557,45.026881003659746,-33.623081259456406,-21.72035328519271,-8.441502323885278,32.37937396276719,-81.18156083426027,25.308946461017722,28.986198774049928,-37.22652785813642,33.92877762399226,7.701558498643425,0.7698741578407869,58.44854000675138,-77.16773290950552,-6.714655545884992,3.6244038594877326,22.373016465375954,-33.34599228569423,9.183826444859077,21.4014072175752,-92.1492240114898,63.986241585903656,52.805193042686675,-29.893121685786404,102.19652599209645,22.288917542663736,-111.0270370932051,-11.045786917255937,156.50998242914747,29.971709853550372,-13.639477396117902,-24.760051590349345,45.36352842478465,-31.22561983147619,-21.735807251476462,20.02276191949774,10.626829128816302,-76.17657727340075,-6.615343524557249,24.44407269114204,45.041427709002825,79.77695540484619,-10.93111973906843,14.81597526612744,-18.99826551896271,8.159545500571259,55.69828644488668,-25.573954594049457,-6.52869208570312,39.33563710903707,-31.724620766581747,92.21385703716224,-49.02981099029422,36.49288816052205,16.725420599947764,27.755246539274655,85.0877019381272,-56.142912710865616,45.08036218862463,53.3221668793524,-32.12138366414558,78.50358900178583,100.12070295107289,-98.11697221530791,-43.702605480733524,-40.04539075863691,4.463650860647417,26.65070114042133,-57.384590457000336,61.707566068236304,-106.19290503604476,92.08601086265082,83.00095728085431,79.66499997288824,3.979228618637175,59.1962265982169
709.2330094729903,204.6511632094405,197.32951807021712,57.49201424318181,46.930514863193764,350.07806585315,225.14817804638048,342.591667770487,-2.351095135101002,64.09038698107354,-100.35420925632917,27.383772600024894,256.66986871319716,181.4034121181772,48.08110269982191,229.48963450958092,-114.58260363079951,-39.72864969010547,278.0460770689948,-32.72997579544363,178.2738839700994,84.64361811590406,326.2025223352358,142.00106985713666,405.9611106323069,85.29352239414581,36.503447982224216,147.44657298817722,253.10561320714072,-57.64592015581503,107.02589478967215,294.40265226396326,-35.45232313364859,125.79476315768223,124.97466766482286,271.61700066048286,649.6036748078452,-139.63197284232274,153.56963194636106,381.26929514761133,81.7915553588378,40.819103834255905,163.19311073048112,202.17702009203893,-223.54659416540238,472.7901058779894,205.7577941363114,-27.920209086510912,357.9288389464459,122.5327226560076,-196.05027161034937,50.446726761471616,694.0789971793087,303.174324915334,26.440166751114887,28.532874459615112,115.80256295864673,131.52725982173914,25.262775441503468,356.1132621826136,156.84698242588203,-173.08306120067837,119.44087379460333,105.66767082247506,445.1107297186468,566.6978597273992,92.09443255375375,159.3065919261153,-60.15005937689547,153.68132380160924,425.76017750667734,-33.63211238793228,135.85868708125363,257.4147920587808,11.656500800445327,464.61584940185156,-113.58528270387168,223.95197350894585,366.3975538626061,289.62816604769296,525.8353641903811,-70.77746345624617,271.62779642626265,312.1616862494657,-102.63157544998325,439.1015124965084,451.8301326610452,-234.87528846762368,45.857683530241744,-102.96750117170907,226.71394124043022,205.7420276597289,-16.97475957547917,248.8785254435196,-266.27527798816357,468.9141526347488,270.00181426137925,514.7127897682716,127.7811053496106,304.40427966405576
-94.84759479047128,4.678047604867646,16.583002728995783,-11.216659470976905,63.01214207145717,-65.5742519546755,-57.43086811629969,-47.211369985448,39.813634190904665,0.4764841448791901,32.67321329518334,7.694634094650811,-32.96737381962018,-4.748673855032862,42.753043628882864,19.99431343072346,2.1232496875219455,15.36132480386206,-27.633195971174974,-16.73391131855342,2.753101462947134,1.6776954182798276,-64.7008764594459,50.80382923045977,6.740086654822681,81.84481305128052,-7.111786348599911,33.9975261292984,-49.50504255848184,60.919583922394104,-100.30922484155052,-12.854819173789794,57.363659046867134,-15.703792240766237,47.719001858655346,54.100027466688196,-114.2882371026624,2.852486982972241,-21.879224718390237,16.471677418087566,0.745023461170521,19.148476770430815,-48.25561202161864,8.655167070684014,72.91720185858387,-62.53126535025747,-48.34751597706906,13.120893967712844,-49.88945866754155,-25.53634210241331,41.904216640607984,11.101627381898338,-105.08855109544126,-54.00689332372476,9.340997734958092,-31.447476759594775,-10.548198426797104,0.09870533919376392,10.802319642240784,18.33248708133669,-45.03099415045408,58.82242034123521,57.771057685286536,-32.78817515292205,-87.22729965338844,-54.79894892475393,37.63806248912076,16.427089642694824,-0.9187970688555137,-15.451687054469957,-23.71142076603012,36.369019821246624,62.457280786997565,5.8095196839751235,59.5344284734272,-120.8078489227276,71.96039721754842,-30.830523167072922,26.56509091747945,-36.460268665814375,-16.60371668887279,44.81480312421885,-55.83372411702187,-91.2657134783054,16.7017909274454,-55.7636054998726,-52.74784368929405,88.74131203239804,49.64370789538505,40.661799988275675,-1.9905938144039481,-31.763066288979925,8.902506598137576,-19.383521952463667,92.6827074981132,-58.07632235222335,-80.89913310361305,-84.92631242036607,29.609592796030217,-85.06017692069975
511.6975860998122,36.04088934960906,-11.97950796745095,43.32453770011822,-88.14422873863585,174.4154083130062,105.49975795434312,68.99916840505361,-177.57438203562916,-31.133726449652215,-274.14274961973126,-234.87751418541853,19.19407858388143,-81.36392189459823,-77.86526405874935,-164.64477782326526,-258.40943271748523,-128.8399977016239,-24.14772520838316,-288.20431697812023,-146.09807812525762,-177.73804844814688,-68.03949532908894,6.561183621144066,312.49578029049434,-106.93549580228336,-130.28309241032332,-14.699113053256637,151.20811591575378,-209.3286906357647,-137.66540269525686,22.51920275256912,-49.92614072750492,-34.68022591649116,2.4711909500017963,104.12938244808203,471.77794742789547,-311.5043918088818,-31.47757592349592,32.01348825246002,-11.07615724035179,-224.38884067237822,24.07127543576308,5.63501271241337,-308.92523513764365,264.41692883180065,74.4096328853403,-122.68576068581926,263.74927687531266,-128.78951459631887,-366.1915801203179,-133.37526931557983,551.2929747892395,77.2487187492906,-88.51177979338107,-203.15926562700028,-2.419164979194047,-76.94752768957748,-92.03460176143678,90.21151645972422,-78.83298653777294,-226.67036071279156,-87.50479616578161,-66.6822138295668,163.2834918676654,179.68044666027174,-53.264758557480924,-97.11454888144438,-288.478452428704,-161.84903354986977,149.99816438463446,-122.64387280962463,-98.26171177094398,54.299643520456094,-161.5737680820225,193.31968804762155,-188.27067561309246,-17.231217108685524,143.04374917239318,62.69799684276266,342.990384088631,-149.72420595633733,-144.79184140125506,95.16045332661888,-128.67746210933356,231.73280115796436,90.00958701051563,-328.76578497113405,-164.85050058093523,-156.1176531474661,22.125193260161335,-190.60482961384852,-138.94622235380396,168.63645419407942,-399.80203078433254,342.0512511822615,140.27962784696564,169.49347141420463,-78.53738042119168,72.80738479991692
-29.74336064512397,-57.366124111037834,-97.41414917431362,-79.9769031977187,-65.33287010417747,-10.120792403016894,-40.953345538324996,-57.72568538480264,-71.81792290145897,-68.08908981348617,-98.44119597582058,-107.3370000382526,-77.16596110275243,-69.76129151280537,-52.84597006227274,-49.98627329034915,-86.74303832232901,-52.486957459313714,-99.84607543702003,-100.43547046504406,-70.07457738390396,-78.53734571414745,-37.93947247589036,-79.4170161694782,-23.754049961879456,-98.32667647865054,-87.9442233704853,-79.03472165587242,-60.244324787614545,-118.45344202701051,-62.502910545036684,-59.2624531131791,-107.19916276543657,-16.002309066325246,-59.25717978067453,-48.32720453138522,-37.83894953159927,-107.88257924281243,-59.861907323539675,-81.49563548835653,-55.96565672068534,-93.21811373736858,-88.55502876578431,-83.35137612571795,-146.06699084236638,-57.85224634445878,-0.2836682281521385,-89.63831138293463,-35.044737675997716,-31.649419079456766,-129.3495760394565,-89.66286239152375,55.09040343469134,-28.47818473485463,-76.31277697418678,-92.11241204225122,-47.7765280050154,-98.91782730237412,-62.589267224120725,-51.6273815180552,-82.74845930400946,-145.12289481607274,-68.89572715333267,-60.897079702685,-4.3954479249333485,-60.75826726788831,-78.07896089250028,-66.59869748357374,-122.20257737193565,-44.44325917804893,-34.92749269436986,-88.31851285580605,-66.13661447168161,-69.65433123966123,-80.15893659513874,-21.899829260499068,-110.75416388862931,-65.68974941971958,-52.85672665065183,-19.621140831873863,-37.37332977514358,-79.55278533965287,-58.550839131106734,-60.51581035349873,-93.10855702872772,-7.461547354375976,-0.6309149290560028,-128.82351978348183,-98.39044910594487,-105.16848838469443,-32.66010051707991,-44.39608749282119,-97.73536358562745,-32.0211506858242,-134.74075186324848,-10.196132731306493,-11.004709617099078,-76.92081235731476,-69.4689515533392,16.44196073412391
-525.0602160906495,-156.6548322544947,-75.7064781335513,469.6972256318105,136.8835231478616,175.21414483791438,-300.9941984242158,-235.7948146914522,43.450913446371956,113.69466628054856,-44.56718458829905,-8.010611998481059,-734.4493528134847,-280.82609634154653,-301.51536032516276,111.81519093629228,7.663827462229743,84.97526265822982,-273.8081128402062,-636.9238674680361,-499.5564486685854,116.07839549334271,174.9545651903366,-344.9601957300279,-125.85722992861903,-68.25881032601382,234.28678848488863,204.74453057757657,124.09842825972372,192.10320235035175,-120.90931315913618,-252.43452165147747,194.6355379279557,-321.56429012831467,112.3075374992174,-22.10289794096984,404.00552783376634,64.01209646673668,240.3783619407302,548.8205090988098,-29.31166907281042,-125.51391420633905,-187.06180453512334,-162.16859327278948,82.1592968058082,111.53946231133705,-166.5034941447517,-121.66739943399442,27.965934874446095,6.287063691266348,217.3792223679956,-76.24798022908989,-619.4662869982319,-203.18094412899234,54.235251957937706,-108.10248555330566,-132.6786608723829,-116.41990282762299,-77.82938119323448,-43.427944393670415,-120.96715895571414,9.311043207409881,122.21211371142873,-275.6627316401009,-72.0004447086529,-538.7667124700208,-218.4866522257382,398.6767436174077,-395.7862106831187,8.408588422170977,-33.98600894670528,28.305415692596746,50.89216078865143,274.5573394579131,191.45490713078794,-483.1045740122835,101.18896239836795,-236.72123838826226,-159.61456029993727,401.41241325817913,-366.8258672187095,436.56193634879696,64.19416509783444,-333.68271471711023,37.17944239642859,75.19675499379267,-227.9825175831263,300.04042441029253,42.449677523385766,219.40363461585207,89.4971726799454,-217.55598971231083,656.275511561427,-112.7936731169527,383.12508661759074,-260.85999073681285,-566.3341226535089,-244.73089143829338,-45.20572105801474,-200.69902348886885
-86.34909909037846,-21.111827305883686,-24.754498586668856,11.131063739445546,32.63072266573288,-58.43508856048064,-41.346634059148904,-49.71024982567748,27.244247310805495,2.1489331840970043,65.84574448746912,14.102216639851676,-18.64359248857908,-9.304555199797424,21.001670514113535,-28.79951178386474,54.649016433095944,18.16999181442952,-44.17812547653559,36.135746959963264,-7.158192784692762,9.723388826105296,-8.786946812562407,3.6368677804396645,-46.751407266089004,46.88260362675679,24.838999548489465,4.204835560760152,-37.45222518890348,72.39339676900798,-22.26014095764499,-31.028809952769425,40.534393842183206,-5.451388860697948,5.68521242532292,8.259409849147461,-90.48816860942145,95.25015030626663,-8.339011592987834,-14.151706111433338,-7.336358882307572,15.548077341802609,-24.28687702752188,-20.99474777375192,99.71784883066222,-84.78851996289978,-41.36371009738987,36.13997925686206,-82.77166305794427,-4.463078555284109,97.80528999988611,17.557804634940588,-134.64631079112786,-23.00620909448935,11.320321202393686,24.527973095485894,-35.94176898294503,49.45119187782924,20.848824961347468,-26.240712957024638,-20.13194585386511,85.91104938255083,12.802850532213204,-22.14940894227678,-36.507839461090526,-66.44354244097796,9.010271366548904,-7.548902614297045,31.479253704045448,-13.504695933303053,-45.25867974176259,34.902675340090155,15.79917178171355,-57.68572700789192,32.41615858582697,-91.29002276675986,75.56440114235302,-40.79669483332436,-22.803261396379327,-25.319602004689713,-87.55298843242682,61.746153616431265,-44.820002137059234,-53.575575777552054,35.54395931194756,-100.0342801569567,-90.72864362545319,103.60127524594695,53.448339077640206,54.900373479694196,-21.62290205707522,-8.271568349469929,43.829653066588605,-49.559881756535404,116.39482112704628,-74.16395060844668,-53.35457497122534,-87.25851240465346,6.428559473471732,-45.617981755473785
-902.5029606273552,-370.585965593373,-616.0190815712671,-578.2764306836623,-387.5866240759571,-543.8433737257174,-197.39327905301369,-619.134290114231,-392.69376975315924,-364.1991461620974,-243.8749838316393,-323.30388871922867,-633.5003519812191,-647.4361481558198,-186.2899948588553,-532.4425408643187,-166.8902732004695,-14.764880016341515,-500.431036941232,-170.1631106417499,-334.43050046019715,-606.1894335057881,-558.7947018401333,-602.1661245339421,-862.046758746399,-560.1965315339711,-212.7525732701936,-525.7835394608597,-565.105747444073,-513.8971704207223,-323.16298766888957,-485.5696943221629,-448.314100426785,-108.15348138217237,-548.2891845470464,-731.6480561834508,-834.6323263946055,-255.37251824338543,-623.2576210558442,-891.8766736770704,-375.2286639307398,-227.51098125282013,-353.830511382572,-494.1439654357448,-193.04482780508056,-580.377574803624,-336.986405535772,-167.41172083099332,-571.9481685181611,-271.98532256747967,-224.6401187219589,-67.90804939555996,-516.0373888020194,-643.6744161503195,-203.347424687228,-7.736475009709714,-305.6249145378752,-467.9099654207263,-256.4330115691254,-432.0705212130766,-333.8210178613419,-266.8066523013893,-420.45368571458164,-193.21557807214404,-605.2031833453156,-848.203967907726,-352.59785236512414,-251.26652484619513,-135.91771048302036,-151.4873945405264,-1089.177279751528,-476.511101665345,-528.785874575545,-482.56876772481627,-206.6005025217489,-240.25394185567117,-393.39250717418304,-376.24820203884485,-411.354271331776,-599.3168675980887,-793.9894208876148,-344.0429686981247,-254.57405918181325,-411.2586181935985,-137.29570065403274,-999.1468846352712,-712.350684801466,-212.83834341435258,-395.11288315174914,-334.50111337951637,-512.8243499775161,-125.30509589233763,-690.615436383187,-496.7832436714193,-338.26206063361883,-669.0055639833618,-155.30474751350687,-943.9959726636695,-365.22790941034197,-356.03201064436763
35.057878820681225,-18.537917638084824,-18.438779446782547,-11.386899601151491,-38.43446424321351,29.81118850947995,-3.059733588591487,-6.650313258442737,-35.429662615246016,-26.048092642395556,-73.54380999074924,-52.872725753657306,-14.29790655054376,-18.74988832347996,-35.77340210124688,-18.43286295798834,-47.135359052954705,-28.873215828519303,-32.54237928464612,-66.10817899051416,-40.16228584109953,-35.940663455399054,-7.9873754369972385,-34.68850657943864,2.5803881856355204,-52.974089278322715,-37.33801321183145,-13.01937516565668,12.870324267986819,-69.68672050202115,-15.806252744227422,-23.011006421014088,-50.101384083422644,-11.999989403723973,-15.013832644876675,-24.973333916058095,25.017520687599134,-74.17258926034594,-12.98371472908428,-23.599590676595582,-10.55921727659779,-60.653081752965505,-24.41191080137872,-37.2961125509949,-95.87233628502806,14.235589691245151,10.68050041201941,-59.79870285183522,39.1266996447237,-6.649942494093105,-92.01320821118469,-52.38424257686078,63.81058265849667,-2.222186166659732,-36.9400822679531,-53.67855292591419,-1.0663380603796573,-56.613923151134465,-45.97396206498863,-22.529666810415744,-32.34505095534566,-85.06027533626155,-27.051030897467317,-30.772168645492954,9.681582875272921,-2.422657224499413,-45.77951610592176,-20.57051751567387,-61.23284756293423,-25.841096641990365,-2.3393495945418916,-40.48699173391227,-20.64192303385787,2.5972575643211453,-40.12702936298048,30.58744432064842,-60.926871525243904,-13.13487517647643,-23.47325259388136,12.487660440737946,-7.141506793343069,-67.53272747026772,-3.015689165361084,7.673575910106442,-56.829005245081596,35.16621797571384,37.32768134011583,-86.05393959893406,-62.135090957807755,-57.71335377306015,-18.856177255675668,-20.55540721986263,-36.58146479160633,8.463166993518275,-90.63793677146123,21.819393108662098,2.777151161766514,8.7136367477188,-41.77551914815866,18.579720976383573
-913.1040868377324,-669.3139456334063,449.5335074857587,-705.1307043395881,-600.7335638956633,-828.9617830715762,-564.356490552645,-735.8872023203377,-388.71353206123143,-472.06274873653075,-776.3510866584965,-1459.347341223088,-250.05919265524432,-551.236257840914,-229.25075259761817,-1705.3750264929179,-918.5096545595035,-453.962715384989,-126.71966454484772,-958.0610172502604,-544.5669795052962,-1190.6869090041373,-466.71947332005647,-750.7912204869526,-997.2480585816057,-323.69263672863553,-1117.0304555954422,195.83180882008998,-547.6181039147014,-829.5491352329823,-1075.106609654534,-450.9076325446125,-379.5823051477033,-482.6388440134861,-626.7817230320271,-34.69421744568393,-1462.4041329197182,-700.7456455212173,-864.874904338628,-810.7178143736932,-509.89440283224155,-759.5816169552659,-1068.0377356434856,-837.2800519758999,-469.7606380233133,-487.82060962847373,-911.0228494071844,-567.2065697273354,-625.0671820928793,-924.4365100708216,-724.1783020048285,-894.2689797399412,-996.5903550286661,-1230.731053866019,-489.52862085020365,-593.6990127326111,-974.9676481811376,-455.66862882909714,-972.5312217894028,-945.6861720263674,-947.2114078242712,-416.61859433326424,-481.4016102125461,-1521.1074708301653,-973.214913850309,-766.9058256088307,-118.34854104959476,-457.1619871242502,-725.5534340161803,-664.6471543875588,-754.7191674395975,-767.7653002154071,-42.61951487886479,-2082.7609496871996,-256.0826359829802,-190.96401841871298,-264.1057762345576,-423.95070563300175,-434.70825961112735,-848.8988067360411,-455.40720396155945,-1371.8672426480744,-1554.3478369177567,-497.2095531843815,-678.4832028745608,-1272.9435515654086,-1036.643121470135,-344.44510448827003,-347.1312068800614,-607.9989015468041,-937.2795836678288,-819.3297147265569,-699.2018404254451,-785.253555633126,-434.98725631206975,-205.60204757171235,-740.6042363246445,-1122.9774664369647,-333.2664994459213,-1217.883236630694
-93.48216322033488,-6.362599461043589,-17.35390837721644,-22.922127191277916,19.945089780197602,-80.88911247114454,-36.78825200371191,-47.9131450524517,45.055993590892164,-8.740199935839081,64.8035293495016,8.877987978285514,-42.93932439642967,-9.55473460329571,26.659998887396725,-16.176256838538464,47.879381098356085,23.81966985348692,-40.13802511524141,29.478843744020512,21.36539639126134,2.434564977771357,-24.555668779812915,30.33756136943679,-52.769293123823,41.286811843275906,18.872026921847883,-21.094368813258683,-36.49908374963747,55.103953919638464,-41.6100877245951,-49.88580681502182,31.008049661934493,-8.075139450248608,26.08829173467715,-8.421130345895234,-124.14725425111247,57.47285593691966,-16.093510244209245,-55.533382887439956,-8.816166040277396,48.39412273387099,-24.451239670422243,-3.385082774380045,104.79540509563277,-77.56181062247583,-19.098226289083552,36.32654542377041,-112.01653433188545,-5.7236969145340355,86.9920807879445,21.19828118623087,-126.77747174379469,-38.095584609806004,7.601673329179102,23.87449832707976,-35.97427461211932,29.557572433882598,17.637775892137796,-31.008917227321096,-7.36981782989135,95.83808274058616,25.932670108490864,-9.917642710030282,-87.3442531874383,-59.56664698661607,39.278487947532234,-18.22449368024028,43.86251317723688,-10.576600118531728,-63.50144665892511,29.214932750416633,31.091402423354804,-42.00204307633004,37.07350377110182,-71.62392987869354,65.98491595240273,-26.157901556999803,28.552102304802435,-43.962522586100675,-83.02308978913634,47.43134295010236,-51.97213750717096,-67.35524133091297,50.79473530952703,-89.27737673717576,-95.92810530973567,93.64206559267582,52.93270942292979,23.061457201704485,-48.420097306530856,-14.862687110655664,15.049577145928343,-29.20050306981894,88.48726073160083,-113.1400945847483,-22.034198111725477,-141.26660150160927,2.12067937070765,-70.21660035914402
-224.16350870676604,-201.17121181598947,54.73367361917048,-81.80481770409851,16.244491372946978,-206.0666601686541,-162.7400502987196,-181.5220011575899,26.412036292437747,-16.17521059264944,-113.475830922273,-238.010226568344,-84.33591511376962,-27.61846385693094,31.84808979447356,-195.99778595125443,-64.16318516489689,-77.9177318413567,-55.54301180833811,-123.73272897976089,-142.7109359782505,-94.14855263106453,-245.40995327322693,-7.086614760560276,-176.17015541805233,-25.060261547493567,-168.26142486785886,18.654933306308486,-71.85362706575091,-8.517386872616028,-286.9035633257743,-182.35235989978975,1.6442874670480339,-75.4361335021555,-68.2770569955173,-29.919829894657372,-476.85722511982993,-53.388893556433814,-66.73875781493354,-183.8274000207498,-8.418333897382869,-217.0973776150189,-157.75653444558347,-168.93126480469212,40.71379761548713,-156.77710112977059,-88.40666378714042,-83.47031036740306,-153.33364301898047,16.155528554523308,-90.93903304955623,-155.25928332698052,-189.01155661307186,-269.57991309056666,-67.03724731935033,-120.13630525095994,-70.93572712618658,-43.28690634491269,-113.05975349757995,-165.01924496956795,-178.0375453176307,20.989841195932286,43.75810918424185,-171.09482879799577,-221.9507848501484,-268.6392209004416,-12.067334408978912,-90.93516766459156,-96.36860111324731,-150.47501323546024,-77.51742493262701,-41.29339567962862,26.84401496097163,-151.83085508702843,35.42264281967494,-165.007998751253,33.17299703234682,-90.3327386870368,-160.87415619796155,-78.5783041945759,-237.06269031721183,-94.90068731965293,-250.76152465423223,-164.45323357991714,-66.47107376184313,-145.67817863215163,-59.159077346813724,62.01298388163221,0.6443174641970841,2.7458207891039224,-184.40825138645093,-120.2383216223774,-76.93920054951293,-25.41934322042693,50.59963507299783,-139.2516865537788,-174.9395829402725,-311.4170630698183,-97.64188319697772,-117.08704763761467
-331.1228049605194,-310.69469428489225,-157.52614631744626,-375.02056946909505,-285.8853834475031,-347.4751631191618,-458.04716095561037,-349.88069958822666,-240.93434449838858,-240.17720792168947,-327.69241886766605,-410.19124105064105,-350.1525951138922,-304.03978466347075,-224.74505635974262,-346.0321716589797,-331.44184944488813,-216.4773604393724,-488.54853304115085,-352.1231510872314,-495.30565919840967,-360.00096696458087,-332.52466426156377,-324.6316571736041,-332.05054967021,-336.5347179549467,-405.99401616332614,-284.387697239805,-309.42053504662283,-420.85858944956186,-432.24866012151205,-351.86428466513706,-269.3806649014713,-228.04408604686515,-235.4025475982978,-275.6381285624393,-293.3197472717718,-465.22314986085865,-394.9212364857622,-303.0654758914068,-353.16723353360834,-296.44351192508816,-412.4681020306958,-406.88164070150094,-375.7637268087098,-427.180536339462,-291.75434634999806,-317.00196392588816,-249.93526185568805,-323.2629657234804,-352.08964627587596,-392.7957832398884,-172.5972731095195,-341.80464859358784,-379.7144473941021,-359.53581006895206,-310.3257949944745,-432.4946425857497,-321.5471872979954,-346.3251842784995,-446.7590901950474,-401.44182029464247,-234.34611920905175,-319.23688754269216,-499.1517021441906,-420.6083990024343,-292.42126058578424,-398.05944401076175,-357.1430157103731,-333.23116280677664,-330.0625210200946,-219.3937487379181,-180.8344212680598,-477.84118118617585,-240.38682441089452,-347.931567271238,-298.57594610049176,-322.39831014014925,-342.5846450201446,-328.81665121380854,-486.97393641963384,-351.53556933867344,-473.7697938150521,-408.2598075384439,-283.9226312119753,-378.9429115534066,-177.58228970857493,-295.4586302306066,-335.0222217615705,-423.89904077723514,-339.8431214065659,-369.4295920736499,-346.72350391267963,-256.7892921172345,-322.34849113329216,-196.91002473390265,-250.4199185111579,-437.2314847237264,-364.6166335633534,-423.73248886166385
-174.5674005328641,-69.38743526024554,-2.0693107425503534,-42.93790292302632,53.289039870098726,-128.14385727778696,-117.9033593180505,-49.210462549411595,40.57323171927385,-44.20051297898616,78.20957290211331,-85.92312446988375,-149.24444955298995,-6.005443691965506,11.455173601760457,-73.29112983947199,51.763404897670604,-7.279176896633276,-31.892946949618874,3.9771346542790984,-49.34514287556448,33.254243920718054,-47.72680464795238,29.056593645936502,-138.9194015268496,43.35156005745926,-40.12039078280361,-39.692023264747895,-92.80295523953517,121.88574871151683,-94.23859649911421,-120.6290917260737,53.718769217077664,-68.2352322790498,-4.0327780577847765,13.251672069772296,-152.01229543673512,90.44663860471154,-23.78880194249401,-54.687924080726724,-44.629734131486266,31.514685931555828,-95.94386993281664,-36.26599601573685,149.02679807012177,-146.78957258795512,-102.6687008876172,22.957606610023372,-176.7564199854396,-30.649639682872984,136.11415182375478,-31.39139819870227,-225.11145109576518,-39.00599183760911,-6.7302306751579355,3.4387824098474487,-125.58006130914717,32.30621659562351,-19.931270092338217,-52.212355107324115,-38.07455467119756,109.42269447434069,37.213374593353926,-63.4828019221885,-64.89998844043211,-107.29648612596208,50.654272890085956,-71.0695053296604,-10.847772554159489,-55.877305866986205,-67.4380547052529,15.938330211436178,14.14386932369347,-144.77060115251072,44.64951238498756,-165.62712700414085,90.18436082941719,-82.87080791620332,3.2313743097904797,-56.93488802023447,-121.4065295766063,63.01085721988948,-154.00292355170623,-151.2481031698496,46.76253861266252,-118.171180228543,-130.31335595388543,138.19081828154498,61.001541343254985,27.691633579663804,-43.09742314932577,-55.6080121554642,49.568505997242355,-62.66448807464308,156.95711974465303,-121.65391622465874,-98.77468531169676,-180.22419566617356,-32.528644913596565,-100.63744789690571
-38.601961310412946,8.826676472543998,18.383533644322757,11.461473774831928,40.51267098245243,-26.972706354773187,-9.429645345602744,-5.305903828519682,44.9558058575789,25.005171681392802,58.406862255008534,39.352358393819316,1.4911749248419752,19.67639293592184,28.329989250019427,28.27808013938828,59.23059412937382,33.851573898252425,22.52053286761338,56.77292365607655,28.8092037010958,30.658169119783988,18.37206309693664,23.591811846437377,-5.733380670841441,38.199528720995865,44.709094761825554,9.542337717170664,12.304039423787415,57.444535801619566,3.564424359989887,4.36219215511608,48.08502241317205,14.627920947284421,26.006490296669327,14.881995744886886,-48.68598622666272,82.62247797976885,28.355098772587798,14.009455045654052,19.288809976303387,52.584570470421205,27.11792811263941,33.23698806776348,86.06936698323766,-8.816674502270438,15.838232185054645,44.94678091905242,-46.661397504416804,29.876581919835303,83.70915207430343,37.022354867482804,-58.603649118360636,4.667801056359468,38.36691474320029,47.592078874268466,15.868226639850315,49.75040076060485,44.65616391868839,15.097381067076059,24.24455268196092,79.80551614615979,38.431346255136596,27.393094274024833,-17.44658807055797,-15.108914747955419,33.14346934246429,20.269703936711387,53.676806888016564,23.030410057119152,13.559191843659569,37.25770822472432,33.81746318152049,14.540028061027037,39.66519870063248,-25.52087662490657,55.305898634035024,21.864321613262977,27.497386326912387,14.82886622023399,-31.54268871002455,61.38091018412188,14.672729836765052,-19.06629478397869,54.121060639369226,-17.58815833371976,-16.198158611318796,77.71683187653501,52.43013796032292,54.79874941162224,9.452100533920111,21.88916085500916,27.137843799741113,10.296219688610698,81.03985498428574,-32.74840929708032,-4.156342187730864,-27.85535955379556,26.880675209132445,-7.780922928351951
-50.765759696103885,-5.201163103854664,11.672596167832346,21.735822038105244,49.97854845023507,-35.36119542232465,-6.6498448374685335,-11.564257711008782,65.27825678731169,34.21741916287064,81.71163654210504,27.78268102579945,35.5896620695388,48.73938681356821,54.6617372712936,-13.97027599909911,80.36027805410178,31.658902374631428,16.746450232871492,61.519198105709435,34.58365816914387,55.58474570368948,1.0261801818651326,58.27308261577933,-0.7752387732933824,63.913325919263166,19.608645277508217,31.522065393308438,7.294705778906769,92.96134395688274,9.66629334875886,-27.010731314143488,64.90507248250327,24.989765390672233,20.985518288450102,13.974343126506897,-78.74615312183677,139.62669523765896,37.45398445531159,-9.822206142108515,9.594101274017913,47.742763067502416,25.596410238394927,25.97902750841924,139.80359189721665,-63.83262010549807,13.046450290425414,61.25957136535858,-59.050341411475145,23.183998047347316,130.47369874621702,30.82303742855444,-108.4758942500778,6.460258362899644,27.011828552297946,68.65528252059445,2.330639659574822,61.92877040051305,48.3584166978287,25.91120879178145,4.158373218539033,125.08028089560486,36.179144460273285,27.416596503199404,10.665017673430338,-11.847615812738463,45.36664036754145,-0.5066794881619143,53.73224468407779,-7.195913499046994,-15.298314147001593,57.82240087065802,6.173059349635908,-46.51344518709964,47.491538437865024,-19.27555873028077,93.97817412252708,39.12210187443507,-5.5636513261317635,1.1378311218778137,-59.35016166379775,66.636415331097,-38.893757088461754,4.280604166678835,67.11400715126761,-43.84539599528061,-36.26758974328122,120.8151119200872,62.14728815696264,75.66324808613663,36.35626102218894,11.859723316937211,70.33739216467174,5.387262639577994,119.97901490227622,-62.43356199107864,-8.493033080905944,-38.98076559312952,45.41084790168143,21.19252819514674
-608.021550720118,6.400833372869126,-260.14384041513097,-299.8474203511874,-84.0862235389399,-468.1315606626119,8.596229023821499,-183.19774257541755,19.63038346459094,-346.96389343938614,540.0787218490842,-98.86237239987989,-349.50475749408747,91.35813465907897,-122.76263470180874,-174.86104406504504,404.4750229098675,151.74659176617877,-89.48954286629176,172.97111896334368,93.01688119246876,43.92839519182641,146.6852316512213,-234.42486242536376,-456.1143576903872,2.0007310390830826,246.68105541706652,-508.1328285078709,-160.2003621883204,207.91486317377252,-103.22253271682156,-254.82020920872733,-32.156111166495734,-158.09810271498978,-89.90451011682755,-364.8395093023657,-794.3422838043111,395.73235127560133,-22.88543484461907,-352.60588255294186,-247.09803302513635,488.43793044087937,-47.332069332333944,-80.67848772960593,560.9965850673485,-400.22519058309257,-102.32172201226727,273.60818813675235,-690.7194254895777,-149.33956712918965,591.4423808527961,35.184571814199536,-706.074375710576,-216.43682590926915,194.90374489937298,334.21831175624243,-302.4564049778877,135.7450992248084,307.87023362620323,-198.17481167423364,195.0991327667779,442.8476544861491,-144.43204114583318,-138.4237705304896,-93.05823160044541,-333.86627704272604,175.00932956708763,-116.62933343182695,189.3408173497323,136.90389930143343,-336.865571797271,-50.64540725674189,-289.9388806716722,-288.4808772963277,23.75131952873649,-204.2271333403444,-13.396623046057927,-207.66292272038035,82.95460155155412,-336.6334685467847,-335.506674761974,116.65801477502069,-135.803151171063,-442.0190307633748,363.13209408305363,-427.2252817271841,-416.5734473683433,279.26438873779045,67.95231015308518,21.006093592292864,-230.17548055713254,-233.1035745755265,-159.810791279007,-335.0365325182367,274.8426287216405,-577.4811265056899,-95.65550437730151,-676.666302526854,-239.05655817319771,-71.34947864085727
99.06534470755587,-584.5695796803088,284.0449061439845,215.20292081758927,667.6681869646284,45.50912212191434,-418.569070023696,-315.06945783640333,309.2758313088931,-352.59576497336536,-654.910836269669,-585.2469781342162,-15.472741137596799,184.29747984844778,-28.957740604297538,-258.15299363164036,-364.1150825897758,-316.7409456928169,288.8258229293798,-439.06194382755376,-146.6052923676396,112.72288650492102,214.76386926538544,170.63280180323176,134.4606890323345,-42.75212086658154,-663.7027276045367,-130.8131572863524,107.59098551456798,-64.33025730600244,-302.13908266175974,-378.05050852159667,68.58445757775839,-29.338177473109177,-9.343141754362685,265.96715376185864,-434.14535406417946,-388.1282862578845,360.2069759616568,357.2231052385537,114.25174118109364,-472.6235846510901,-392.4592552050483,-123.33134546659613,-504.0011512718012,180.70260437367938,229.67591191679318,-523.6460583354568,302.0031926981965,431.6683220271902,-538.8929697788689,-621.9073116514535,453.4414784029152,138.86020350288274,-410.54850593366376,-461.95910901858883,202.81210553235488,-133.45809218990468,-357.3691057758588,421.3812657413306,-275.4858017045572,-462.3385065142469,309.57752688156177,-641.7049117500806,347.2010252508848,236.92335012265397,-74.00970962435433,24.657808333272005,-457.2554568181514,-455.49059631033595,877.8132201273874,-65.56745881714725,230.83607342122284,-107.4710197840608,-122.41684759772177,-516.6029327028879,136.81819932469892,493.69687160500104,-127.95849666211427,492.22556543072443,24.62905329782956,-412.59570753792525,-340.2643694587499,-201.1423555148788,-482.8026220365899,1308.383674286122,1200.1027579102279,-324.5363870653423,-35.5756554823703,129.87982574490397,208.64652739962654,-59.94905872486837,236.8956008760851,518.8579571086833,-187.70504202054204,504.257502408356,-145.60848699964816,842.4338549234866,-145.59679821183835,387.255860086017
232.74318426702976,-173.51619017011265,-61.578947946506865,-68.74188765229653,77.84928110874627,63.52132318488933,71.48386243158325,101.71725543782844,40.175214889435274,-100.36483277015728,-200.729519295703,-98.83425765053795,157.1007246456262,216.55187664562123,-70.99662611135162,8.91124107668746,67.77890283292132,-53.80554074093167,64.45154230081953,-4.380535534789891,-126.53180755025892,121.77363186977506,132.31483591520876,46.9849519612584,-86.80100186883067,-119.93128064723322,-39.71352781452255,-110.17621406027683,176.4052134913985,-25.178786176373738,75.76728516440672,-161.33972370938596,-20.622955835686522,34.61365560264854,-19.11976400137999,-229.88365475479787,129.451191053877,195.67760899819476,173.6818883076719,93.27491834648936,-52.276791772968316,-30.375784391817632,124.6303360170131,-141.90048277493574,-105.06783837611134,-30.988422765519662,109.81486938678552,-86.56562759564413,150.44511843443192,71.97891122028669,-14.393302586972078,-175.92658931940844,49.84616076262545,-52.07853184907206,-5.382671657204207,48.1174030885003,100.6426373557891,72.3819393181622,-1.1031045065818432,81.1399688421191,49.871645757046046,-63.44997780580576,-28.076445281604858,81.48028020484956,231.7124825716836,232.87530525431848,17.845127942675074,116.56395438736715,20.73472722981468,-64.98371296627539,193.56298297863924,-86.60250995167992,-55.989487532055165,84.875583250346,-130.5735484433992,123.9413357504407,-102.40536209442088,262.55455862614673,-186.82009804685418,123.54810867770624,47.75695635308152,-144.74142871603226,20.44628054822104,125.61390520580557,-38.01522811490805,351.16297560468877,319.66633616981863,-164.36778050820192,-52.82549757802616,53.886227088325235,60.13487423713404,25.501362928731226,144.0046725992184,171.49434819282268,-136.39014520752497,125.90777406725455,14.610132743427961,173.47274123236937,-55.491678393940866,270.3262695255081
-365.5416103241608,-344.0000742539643,-216.9652650484945,-277.1215341433479,-123.13100543710195,-397.0063089319902,-211.6434940158445,-298.4784442074212,-157.06529815567177,-373.2119257912046,-166.67786005982984,-236.0631254575748,-306.4667152668757,-115.81923150964866,-200.09277983835807,-292.8521108485188,-128.63080264509009,-167.71092694481507,-213.5570453945563,-121.38826237040308,-236.3456050100019,-222.20676456316454,-229.975019170008,-256.90542086803896,-433.5144299612481,-260.538541254076,-236.13891429203105,-343.6834304840176,-382.62964765689514,-228.25167242029826,-197.03146502419554,-238.7335306076991,-222.63001362627557,-280.6402566857127,-282.3866980082791,-286.1614859325287,-350.9352229648254,-150.70951302364372,-267.15307118657427,-326.66133552286203,-268.1373874682894,-184.07151835361182,-283.23835967242815,-371.7127995974944,-132.0064477942768,-364.5343754962376,-310.2611508206036,-133.06018897583954,-241.71811314718806,-231.90256669599427,-98.18359703528178,-280.1652253090838,-299.0506735083948,-370.37820661111147,-146.06759013148385,-119.95736531630303,-228.64116123111643,-163.38487432720706,-144.42015141227353,-242.3443739328131,-168.07926570299836,-158.1860273810215,-250.34455857191645,-269.6362271120723,-244.84453660925405,-309.19077644005705,-154.09053629250377,-149.02234499630333,-144.62516162153668,-196.37972024707256,-287.4263383439786,-232.55542659660364,-267.71492364208956,-371.3269483796257,-203.37303941505107,-308.34857177211353,-183.38812351363484,-255.17464620841517,-389.17249773107505,-295.3856658847788,-345.6252226456829,-218.68213586860102,-315.6590400139106,-344.952662143865,-156.94260849872995,-213.2159594295038,-170.60562243841332,-158.52914826524693,-205.28929062926284,-179.38583958211018,-317.1206281984215,-287.2100572187994,-201.3086131716794,-270.30027130255024,-134.26316949078688,-139.1226498711339,-260.3433120560813,-278.53626884509595,-303.60883297290354,-198.90420333654896
52.34851663279856,-86.08116178651815,-4.672785122120776,-34.06407275270518,-23.540445663206487,10.863827199022355,-43.721613708051976,16.690027638154884,-57.31054590201566,-91.17937285963684,-120.16640065555679,-92.80986600062691,-53.62754610541616,-14.949014225793242,-69.45839318993272,-42.48495078117005,-80.80251617524296,-69.87172457815863,-16.40901670630647,-79.78049538930415,-94.59872447584202,-20.71324870979452,5.06031750120965,-24.182685486800747,-47.31649039896924,-88.79765416044025,-92.6023127721749,-55.568113724810615,-18.50853173847504,-75.01311066037078,-26.587642997696697,-65.54861677047577,-59.10149824602818,-67.27985219468005,-37.21960444911295,-33.561477077630656,62.38666311236806,-119.45347082720552,-6.302471033355269,17.70335201127358,-47.06156521283728,-70.84904212123911,-60.04184822559076,-60.86466596028463,-142.9374512329527,8.753420300134458,-38.66861997559511,-94.79459568992988,36.43815171958198,-35.07117572883206,-116.51203974565344,-98.83263782357182,50.379253692641946,-7.753532867457674,-81.40170453485045,-85.88398041359656,-32.714004185409465,-62.34262278627319,-86.14036627883465,-19.85343346374038,-44.06084895440278,-129.08366911434456,-38.21459793492012,-45.80586124374868,38.43587833516501,31.37915899219642,-32.56025570592012,-29.39410712437027,-83.75834959846104,-67.86520485747819,66.46088338682256,-60.72483759650968,-22.846606404133396,-6.862420546225829,-85.18407370939718,5.401152225526818,-85.35465825287535,-12.946735195703585,-52.99789169812936,20.974930266761405,42.93470396345893,-112.73810431735517,-47.16115937855329,-13.759154077964881,-86.66353668211788,76.41777072448653,126.78251457586043,-133.35958947953333,-63.15118552329535,-89.18171537959356,-17.46774869367234,-51.5358349728302,-28.887838505487085,11.8998796200362,-127.49528593717805,67.03017988653669,-28.350608625316323,84.0569695228118,-90.02262718509135,-0.3769361046525366
318.9198374292974,-187.7844447492532,68.08045150588062,10.398454867367738,62.285714309039854,81.03115927360793,-143.5655321337379,66.18535415372435,-59.850925191188345,-144.68346359163567,-346.7726108566853,-188.75175535876053,41.768068518205816,72.4380159838906,-112.80571420993684,-56.141903305520344,-140.627558570393,-147.36460116057145,85.5581652676257,-218.47670036823553,-193.33487100143313,58.93293105297594,38.17951944375468,19.5308061584765,20.533400494909873,-126.5305932908553,-212.786094645514,-13.85133288174802,68.4207763421166,-110.29344903668773,-61.13207012148907,-107.40622397105449,-74.83784971203774,-98.88514049196323,-39.40812455543889,23.1469648605599,351.4749925752894,-162.1104348059394,50.10232262290186,159.35538999484294,-70.77383671003034,-218.34195686010437,-134.1318850694813,-133.6755616627134,-289.79275587683185,126.88509144116956,25.201362657386646,-238.08382722735183,271.9845889377445,20.824056223891613,-245.1968613742696,-202.55507664922962,285.0066935125915,-36.6176436686976,-93.55503437852823,-236.80106754475315,13.927891860440196,-54.03293877948031,-234.89287203461592,63.2405395924293,-96.90591186742125,-260.0605011346059,28.87397048182744,-128.12756922857818,236.23444287830714,183.04405901614678,-63.014400824001264,6.524822668914896,-232.1640762358273,-179.08292365679483,296.9833331917968,-131.0045765261508,-0.9675836870485987,20.568370149583185,-130.9044647591423,14.20916296596859,-111.77630201069346,31.78975389946171,-91.31119398717688,219.91794519481385,111.85102033864464,-182.78041000806778,-98.60310383093102,33.53134528147602,-219.851067492787,325.4696776467365,287.53093256422795,-245.01946864073255,-55.92059634896698,-134.67771257681588,40.31446337103685,-31.822290158467805,137.93760820633412,99.45875564485792,-215.34611259260197,312.64152357072504,-93.1930971564488,380.2436321564822,-116.67635460785154,119.10064435576689
-60.64491359761233,-193.52081119623784,-179.85078462628238,-305.83623989564114,-137.59642227492932,-342.97063980583056,102.06390504395371,-72.560961454943,-120.587988910085,-347.58833109144587,63.290962786506874,-18.39966008798345,140.1788175595527,-92.74813870670118,-148.8294310897734,-176.99055296639452,147.5230623829252,-181.86768158911252,-112.96346872231591,359.81473070925017,85.41528872737253,0.43777971492919854,-137.90407561891425,-91.51810327240698,-588.4501137890087,-106.92185068065793,-72.55214729259227,-246.90468948187242,-322.06824958008497,139.81604653370678,-133.3587461866834,-195.60692199864042,-48.65946252447551,-293.6259300509246,-315.75158799479215,-231.81912406983662,-70.21997719549799,151.98277127818324,-242.0411406102405,-278.8496491724528,-243.33852827969923,79.7966696741594,177.9319973495309,-312.25942757490316,179.66159205320903,-297.65295532612987,-399.9050526298614,113.9043579679761,-526.901558530795,-215.19312959295846,247.7590535976555,-4.3824408814945555,-456.6716766187633,-281.0816502361164,-178.96486288827325,273.41596764926817,-170.02050521782164,75.93494374863172,86.13501403169136,-123.0123612847953,134.28480958986515,283.214638346101,-297.0478490702003,57.93142613555361,-166.51990412713883,-19.74630369608023,122.89245609144987,-190.1832896001802,266.2572321749375,-195.54193187751747,-74.30158303197814,-39.33293102704012,-292.89165989657624,-403.32864502015724,-246.31945741167905,-240.8309230133142,-65.19525754325268,-152.79834346391766,-307.2652056844861,-399.32823259891035,-34.83578098495968,-130.24898114598147,-263.25924295453746,-136.06962023089446,66.553101013214,-367.4958078809789,-97.38492027358657,-15.719911631253778,-4.47749733511963,43.77614408616084,-308.7380951444814,-291.4316970528846,-168.2090922418713,-272.892423537187,-44.61139130385309,-115.5263954438651,42.317461954080436,-37.4524137856013,-406.9096122125574,-256.3996091468706
300.4759304719995,-111.11005027187424,63.61707307594487,-169.50439678390143,-53.42960948458255,137.72336014541006,-189.43011846080407,-46.72168729402415,-166.855113382562,-131.78048597359808,-320.79644196538345,-198.23998872967545,-205.5312316794303,-61.574900333769946,-111.24629853618536,8.533761146087313,-212.7921042834793,-181.97826428123372,31.876538708080805,-299.5585459934965,-264.8110349738164,10.857910294238447,-29.252592228719934,-59.26999911299547,-62.30245682556261,-218.8966333585602,-137.27456130493033,-82.53220169298635,-16.352511683146705,-260.05111710594963,-237.93434574906226,-102.25918062845695,-167.0700844883569,-174.30414337723664,-135.61703869043237,29.222110031947597,379.16132288600426,-333.61127198352267,-60.476375992166396,106.91970794225223,-152.1944933692825,-218.67245041615845,-205.89111835559444,-184.59049934208866,-356.7193535253147,122.69730840045277,-100.88593538379793,-305.0124160486249,207.2864348406396,-84.42908015795652,-318.1696214371388,-158.44663911058146,217.59650438514893,-26.710579495757564,-128.64218233946642,-223.22554598471208,-64.91221654874217,-216.12474641811318,-260.1480504696942,93.62558424671239,-56.45410253232438,-326.4002541238509,-55.23516040413797,-136.88613347937874,184.51289561551008,142.97975550503048,-73.859148852534,-56.92929748429743,-264.99974410407555,-192.60672728922245,26.246504959150624,-204.36752080714342,-100.73744716543422,75.06852247515165,-128.92955132771863,76.25937196690093,-225.23143917447607,-106.82754728382196,-18.690851897562837,105.6529894356172,143.8643798887485,-221.7384807962823,-88.46679028730128,-126.91849680614739,-232.55938175319534,176.19118053744918,-17.62830684227637,-306.7102896073761,-134.73135225459876,-250.05650708985894,-34.16169553735843,-139.2650635813851,-27.07205226282439,-4.087851785824117,-277.32510771400655,223.75060105297277,-209.51034218920515,254.58240682060796,-202.70279824496035,50.4349472095334
171.96581866322728,-64.18268902482042,25.696125698457443,-40.32053158891413,-52.2408448957484,74.14473533093056,-35.67651433768856,3.767813940986577,-76.91774889421116,-47.20712675481195,-240.4589495077851,-106.60693463744418,8.467474082327428,-62.22281393946008,-76.79701279409029,-61.426282030342094,-153.04569652262344,-118.24005788213795,-20.031605387613464,-160.45686599181843,-99.53495312574233,-59.20880557138255,-53.20571626644602,-38.96391136844836,34.46686995180568,-61.52510521507334,-124.09355527055851,-28.68984011497406,17.861416042810912,-123.86543867672304,-73.71051975424407,-61.59655236090685,-84.66806305431928,-11.209455437454531,-67.3933453145127,8.231969748518695,190.068841033886,-178.30328514368486,-39.64552314241936,99.20338896300689,-41.49899253847992,-192.40377949329192,-70.71204271810026,-117.2519305773072,-226.26431389265636,40.84495561031953,-20.879633172697837,-149.9067034955966,141.84998420849834,-36.000174290237986,-273.5975182348864,-119.67668583857339,156.6708042132042,-5.786176222384281,-94.75158692925083,-119.75622078220225,-19.1938609177367,-91.90263541077037,-126.91891979331038,11.892898210896213,-64.75733786126322,-218.67343761510978,-62.79549289237615,-60.495884184013136,50.12361559927119,86.6342156713457,-81.81040733362403,-49.925693911180964,-150.31852227967255,-105.32319389772437,116.70154425728165,-86.84079057148988,-65.33672172407124,-20.660612492155508,-103.41768140420248,107.33366682828523,-123.08992817992169,-19.664039403801603,-55.67479192806221,-3.4223821026640393,110.4825942922831,-187.22064768750184,-52.47112788645721,9.919601567774954,-150.4680702434253,108.23431335748229,119.29587028900097,-212.01366006248682,-97.31213042732702,-144.2006902448155,-31.615523122387504,-106.25434373144545,-75.3321794479148,26.703556716477447,-226.5366814147498,126.64045892316986,-35.229874338739386,169.4769027775512,-100.4883649122228,33.54740252554255
-235.53520109784537,-959.2178053600335,50.18103257810593,-669.7349087964773,288.717847937351,-983.0486051087781,-564.0360679855894,-515.6141638622444,-238.58100940200887,-727.8532900732149,-1156.051775324661,-207.73763391997753,-532.2114015673621,100.50912907968853,77.1507587170206,-945.2931986568584,-909.5101886887916,-805.6342989893604,-141.76215140324686,-639.1955819042367,-677.9350246022042,-283.67084850081363,-754.1456730628444,201.5375610534624,-145.733777234471,-395.1349104470138,-641.4847707177188,-735.9285871652644,-876.8417228039509,-448.02145761646995,-610.3914583741604,-504.97118120917725,-92.12812567356345,-282.7612575479492,-733.7132134525796,-127.14835589630829,188.81254050109678,-850.8100543504042,-516.1276036077301,-239.2945211632332,-617.2419775173767,-1105.8162895459548,-247.43187625836688,-970.3193575317221,-846.279276896642,-632.3721602417205,-594.0568374590541,-661.9584514787015,658.065094361354,-828.5587820345171,-961.7038791512621,-663.7097701334093,-135.8943791295112,-647.0944540401414,-538.7258525845813,-548.7148415034771,-360.62932207038136,-428.6581146534397,-493.5858265272881,706.6704346604512,-258.8634371204,-740.2246532534413,-824.862331255127,-728.082419384054,-395.3041873890417,452.53199944951086,-241.23044887587378,-535.5080981959824,-320.6034661758173,-1029.2383725060988,540.3127296649928,-418.49438363234907,-1215.3652497250873,-300.51537357772963,-575.1949915844062,-962.1512084989103,-560.1378053233252,-207.82980708142938,-1406.9941814420067,-759.5810412589221,758.7530939750096,-1005.7196909422684,-873.1001553134968,-579.2848173799823,-787.2202050506789,513.6988858213319,-499.63050878698306,-630.0201973071753,-217.6704592507026,93.78687728424141,-11.648279165360556,-819.625339746271,320.8692904330321,-400.5481454825485,-453.0228935197542,67.81217903369478,-923.1818194920278,940.536872684608,-340.41415485921675,-64.6081017654034
129.8471533424926,162.96007601768497,90.97357774241301,192.8004951418941,181.3198529998244,58.40063426521576,194.31138933587343,155.3260195460513,169.64169289518736,132.18577902895709,299.2588841645524,277.2632515060333,221.2998368585812,144.51539497514287,126.05538110095688,260.3712752368921,284.26117098902307,172.7373811051329,186.17860331869193,267.5930240239372,231.19666317590122,233.91188147762693,310.7640294042306,169.97040892124653,204.10439951829198,250.04563054115076,301.1298712918303,113.12330487058247,160.69106247998982,298.2354375349686,274.7729213760363,143.2161769970237,222.58677025714567,118.92393126343299,208.0850204374317,166.62764577313274,163.85243272985187,341.1974328584412,229.5671527917668,174.28575307735125,197.37039347001542,211.05406043931802,213.1899263886886,190.4559053875489,302.9042947515607,154.11828258213484,158.41913187922137,230.63670239824285,67.82565132037466,173.25024793083108,272.71505942571093,220.69987105944193,-38.919962618761886,107.0984054945754,252.04896685997548,238.85816546000024,153.18828518242898,286.0013729052579,228.01691128642744,164.10376307245443,181.96304176484097,283.159788507668,124.06516790748968,220.96155543165068,97.48749961817168,65.50397754419441,183.0038144510489,210.1625166213198,251.25703444574714,189.7755976284348,131.66857130535254,195.7847256720946,120.39192965368625,244.98959825758084,143.21551563274159,110.65687420886775,224.01046256282405,160.91558846958307,178.78871859348217,108.48681394489223,220.06369370514633,294.96802410243623,236.35368218563795,157.07575122788248,209.91749123299428,188.03043987994067,68.84453666064489,269.70205184451714,184.97566410427117,266.0340565495887,142.8595566944459,214.78871689310603,189.8048298660328,94.06847632197208,294.123142169683,31.18368660840886,60.366666330859644,168.42145301247365,238.67721962176043,138.4958489933842
73.39437256457546,228.50000378937264,291.9419095532753,248.02055081838205,249.39683358133996,557.0329343601203,689.9305178538738,313.3667870584261,321.4736794768641,485.82246471621477,489.1728602884866,432.19453947529837,338.17176339773,372.5240580089991,435.27984477169844,273.7310932707749,324.7754087082877,327.47248831128064,433.1049488107078,453.57165719683957,516.8082652257586,318.92227626212394,226.7951134312017,421.2665108964506,249.49087880391198,399.2177252230633,541.6744553487786,298.24620414366365,197.71483292313042,354.17633105535384,684.1544832189765,228.50156624041168,419.437070871289,549.0452221910986,314.9733931428043,205.9721552301589,390.77326150640135,510.56365213792475,195.78303593173533,311.43930177036,476.44740653767076,435.25977245601285,417.792961805433,328.5171903551931,513.1251877285541,351.64879244508944,258.9434604846237,492.7533209553867,410.8927017705694,302.03088421327004,431.2591639194355,381.0333328630691,193.3252186736177,339.6924065531453,330.61022497059184,576.7909970241194,225.13889777071753,487.8713219216287,546.633464953248,450.3134644659183,551.7588143554674,444.4864226527807,301.9984172535989,356.0949927358684,324.3290648665361,407.8571227198979,431.555271486825,268.88465815356943,544.8615024587046,438.45086596370345,424.10402382713454,357.0613906927588,136.2779417554297,108.01822802120888,219.93891983656744,760.2366222123347,277.31952484195193,398.3378538830056,300.34297147711976,53.377616817695184,697.0440654858971,426.92153617160375,383.8760324974863,555.1671447400437,410.42793407490393,104.1082046930532,0.8960256620587024,416.6130377661226,460.8314490018895,605.8993939149062,296.8402206487937,395.0374683977246,393.29284408488655,210.4497186961346,314.5061851889986,278.4551554682209,552.0162370218566,406.75728749985143,413.81027124991584,343.7446467845189
373.04497944997837,557.2532868650906,16.85809582098054,9.406209848877882,96.39225108274782,227.98606602302053,379.3696797405999,816.4896686758789,-36.14746599424531,500.99133319635706,-71.959889419092,290.0166586131184,194.51249868784063,234.3018407726043,131.05317337488555,331.53597782364864,-137.34708059196808,2.454954941115415,97.73096630330872,15.23547167715016,-36.82772266249726,-55.17873746230395,-344.91354164927384,134.70352085971928,720.2567323700598,273.6327101156903,1.4690508437943512,83.19040901259886,218.49905564339153,123.22482650798003,-207.36679471275536,518.9565583731877,-74.59373836680173,153.20387981780027,17.639437414122977,-34.479140977990326,98.76900312843756,168.63375490396092,123.54798659878273,230.294161247643,76.42416633965468,143.8099507967854,286.80033833991956,39.50289620396371,-79.74469543535838,75.12136234308291,-92.02345640714616,91.94205480834462,18.44192549184309,19.522758154168482,-70.02520706778644,248.2337029953005,-49.60092255126449,146.88010940956693,208.11998715662028,62.9935253489557,574.1995608932078,-121.21924555426816,115.13844913551063,311.03172851121155,444.0232574825203,55.03208921520253,-207.72243110777737,207.47040966117075,8.423812011358681,209.79280290494054,8.987479318065805,220.66111881268375,94.10209306642855,265.23692077253077,-115.61246979184389,-146.7710242091376,-59.59435637343519,1109.1529392789769,269.69549608951183,175.6003630083337,29.847931007713555,61.14914221756862,103.44477133410773,30.888346335169633,258.1784594789065,-143.2828578500104,397.3242493198295,110.8726543577774,-8.160301469367374,164.90972764138067,-215.89867734011978,55.23576494706458,-71.56072511605653,-87.96752726057214,206.80971000501967,-192.78841534394203,-27.48881739655142,271.0968160788013,-22.91797936519047,-149.4532915692835,-230.40141132970655,655.2484044576815,332.55703014513426,146.12074705395239
50.9583037407964,262.3290015477416,182.08776326599119,253.80225167727076,119.41526900087014,229.96438669037033,244.67392312592457,137.71917695582673,74.88489576871919,279.76390604811104,349.12128180433615,235.42930895660822,286.96330413916826,126.90522629860773,169.36724078351713,176.24604529479268,225.28899991702716,197.01415319280144,303.9667428512399,359.3073282380613,174.34648673178643,241.7398559921718,207.93854607275856,159.36257165008703,86.01042545453076,207.47454277791067,276.7516663874604,381.2718373969395,145.42298942722374,252.4674039116703,320.0796663016634,253.34137977986038,254.4796951382244,159.6379239243835,229.08572881461993,248.76746834697335,425.10797039229703,214.36638975603023,94.59145674384781,217.79459921438124,176.66767746578978,319.9718512075475,195.13863001336753,278.9276645291742,279.06019429289427,229.42194639715248,102.3470097213307,270.52700728634903,111.48971531074413,234.20612038558252,320.67775491698353,249.99553587617694,66.21426494140324,215.23736581351514,238.855643774521,295.95170081313637,162.045343325992,186.11130480191304,241.53322995096485,240.2145967999811,146.0115544390532,207.81409016049267,231.03327536085615,247.15882765878695,125.34359896923444,30.795240139760924,87.32517131632953,169.74100226187716,257.61892832397194,214.65236864864326,1.5156714927228265,201.74452368828742,173.43924069502242,101.50037672631728,189.44527140514552,267.18233366576396,210.4312098487457,213.50800955366853,238.63175460219375,205.38033895842358,158.0530972607173,372.99829842133295,256.89226704900693,291.89600321639887,217.37294627041842,71.91028337810687,14.603802791740383,311.9577068771495,228.64250570351845,274.5041115948534,233.8094172132131,425.13560282658597,248.58081601284232,103.0600542444115,266.5743078185036,191.69290951164106,186.01121663834186,178.6569519795667,246.5408983425265,15.688842798052441
-38.181157477867124,119.07298362222417,27.98477269913128,78.51936493626542,77.37746289862844,15.646919285805222,93.2359487134356,86.50148486035592,71.66605359276515,104.70078102971611,200.72274105291334,167.67894576894855,94.94377232899272,90.90114294422243,77.51867323375195,128.9449518629281,160.47031550815453,102.74510520449199,82.0323225748459,177.80607111970295,116.24455632409207,120.13382891549836,42.91483424611495,90.81140555737032,56.34486384345045,122.30026512424101,144.2570277168381,85.59590435971496,61.02433043049528,145.5058635360579,79.29686228322335,118.01199273180026,99.42276875429451,47.165445926009625,77.55779309302103,39.570018189831295,-73.54653531340854,192.3906606842369,75.61620034907294,29.26977972369001,81.42342901569347,184.36591100603357,137.11101254424239,128.92770857790472,206.39291428802213,68.46358180375553,47.55193726695708,158.84180024498036,-18.58580855491109,48.55438282760471,226.50245573911545,159.44599822828243,-60.02589748932403,42.421202601064905,121.87096586676756,144.37901750338068,98.5883316902114,113.66600380135915,153.9120476953551,52.25284898615112,134.51221705862943,212.19694054048148,70.1722524953918,134.50092756094,30.482672766801215,36.91777194003312,102.62285965300642,94.27339668448866,164.0551580807304,125.18026987379085,-1.891530042526678,106.67401083368439,67.49796152558855,131.3750384051588,102.19352160487242,14.834643006190596,124.8277672206829,61.51287021484371,88.11796980999306,17.966168024268686,16.711780102028776,149.17070770879803,124.95890586627083,94.39574198570841,150.1290948295256,-46.838449844380214,-72.11316545463778,176.85099727403204,125.07818488730764,140.9190814584773,95.6626523677511,86.93442748661147,100.13612373265671,35.77620198400769,183.21335626742436,-20.17643280270114,31.65777418949701,6.5026669932978205,93.21605978254847,35.46630107536349
237.34440546191988,575.9731757412359,132.90130703995442,288.9590371187154,150.1547854328167,643.6485994468289,762.822857748731,409.8554105654995,42.32454134557948,539.2685633931492,826.1864870542599,542.7467989326549,520.8991621042625,252.66239802580122,303.6237492888363,562.7954524636792,407.5705554673913,408.22249543745613,387.2939875616258,606.7410972607021,535.9757635860464,198.11144509202364,462.7995408862679,160.77482611070917,178.80469164385858,418.55205763786347,586.601415091726,564.3936082905082,85.9094201097161,560.6329041403502,695.2004313434087,481.50790870128765,491.41425559320646,422.02481695748855,326.07695632923424,172.52208010595194,1180.2210967889714,373.2969598081813,64.473606132788,453.4718588957361,315.9166919912234,677.5262496561138,422.55132169650085,291.2684262201817,501.0646090708832,437.4968877571087,15.655677604625165,564.8828562848173,120.18440753891471,359.62976950591843,622.4424350116965,431.98166012399815,101.40425793024181,362.4661966041272,374.4933597889862,562.7608925490086,191.45263497437023,279.1013637356494,614.393429558651,430.5256763667436,524.2607650006667,378.80278327182236,225.55145464971304,654.016552350787,234.49058485064012,138.58561082322922,369.46842884298934,332.32745318118907,747.7130429349137,602.5589446161338,225.3446953603573,418.98512324947416,159.4893519064825,12.550634255825285,287.76199090651085,452.66489696761965,203.98302239514354,209.73665948225795,374.4401858404973,-33.44929014642823,519.2792891751653,745.6413326796609,514.4458375124159,578.7360587076583,454.45830279499245,-262.48400431238673,42.04329060050115,463.51515075824597,496.62721993695135,358.270237797782,269.7344334531028,474.7697805140607,327.91091123780603,77.1007786156641,367.68169289224033,442.2905380440683,470.0378754001238,792.5878798909583,234.71592610119336,-121.84937021940124
193.28867465480963,-26.980336338931075,8.803551312090512,-19.15631938404524,-114.24881219161759,87.90790394457409,-66.4624979933589,-25.78166087925787,-155.8705432638898,-39.85043711852214,-274.18288663806084,-94.59348926713749,6.6877190612578135,-109.5261051166173,-102.40378060817655,-21.94138556195901,-235.47088352919988,-147.62106798583602,-81.72522304139113,-234.1199096298646,-172.36798587124093,-87.05205971290334,-90.72937683058616,-70.05959562256454,131.71576865336294,-56.092862733229666,-168.36402484595814,43.09101529224737,30.66267660396067,-169.6726124041316,-143.79532371971808,15.133682795667976,-70.92925929485462,-93.7361715020697,-63.150561911814705,2.888929320051287,198.18773084541652,-320.70749895746206,-67.49778346769837,92.65389072158489,-29.86862906616501,-224.61535388755553,-67.09486913855302,-120.67808110699166,-322.75206621610886,95.92811777620882,-92.71466430622706,-200.12730297088657,196.2336218218671,-88.62369465830014,-313.40977925595575,-120.39601171552886,217.33610526306597,-17.69998085762521,-116.13302074662764,-223.28453466477012,27.671106268321505,-136.39722618550965,-163.36532095885377,30.917085022350225,-110.1165426975296,-294.61702504341207,-98.63141436275174,-74.95528474227878,-31.71240143586215,34.4701935306024,-156.44933615855325,-54.297167568806856,-248.85810920828658,-129.90251674620313,35.85538008382115,-79.75433427536952,-38.494315383947075,75.78002498428668,-98.80382438615409,-24.42159634038107,-167.65586696817232,-26.1643645252656,-84.06088106100619,23.407405605791237,76.31130833808649,-189.1039201518643,-2.4410452319082907,-16.496219686852825,-213.43177012205726,109.10542322880421,64.81530810113571,-243.4420248124569,-154.59613041540555,-178.74684864521572,-10.470307332760028,-141.93292647613828,-85.61248083586989,10.00191222612203,-234.46528885057813,84.33194505401202,-117.88280330394866,183.72535319372363,-97.37422723242072,-46.528135835371884
-102.36912324211706,-77.85485257281316,-163.97558044513687,-181.11233123063172,-191.83875915520093,64.92212232633915,-194.04614333644034,-193.6535315186733,-221.44071513962848,-52.546050679923056,-272.671782251635,-86.30355245878911,-74.40974843698126,-359.29221451283706,-145.15755566580455,-101.41361435725477,-296.0912333973616,-171.97545057678565,-240.71322791963192,-226.42946573355974,-253.22528066806822,-296.92609118787675,-275.5392416242159,-282.5672257168021,-40.824676160224584,-154.08666271898625,-143.34558611699885,-33.09592773418377,-199.29505186360353,-252.3726929869364,-191.67639193996015,-105.2993578459031,-110.87687877203483,-41.01674894317752,-223.13331250548865,-126.89629944902008,134.8182553107671,-415.2917472336611,-296.43394199774156,-104.81647912341111,-121.75547577038826,-250.06272871769178,-81.10651033715862,-300.2013838381626,-357.4583207295605,-83.36967712137833,-120.75599292277568,-196.57894441083818,13.153980526143874,-296.3131893510283,-356.20630911978844,-201.29447658676807,1.806911272544331,-83.9108843688348,-184.83049291661138,-263.375844747467,-130.73784697152652,-313.40209109647856,-154.40995945655823,-216.2031368956231,-158.7445358282964,-419.1344860455549,-160.6397361933004,-59.28598865300964,-244.4486037783035,-180.65707449277343,-198.06972762485407,-192.02404916356886,-124.91550437323103,-107.4176440320456,-45.62999012768886,-170.95955505088543,-132.61459006155766,-135.7362719722451,-146.44770418024711,-208.8265448298707,-304.97094960695915,-258.7431403989903,-267.76450227804276,-371.41197955528514,-44.680807217485956,-160.76699023853587,-156.84696957582466,-134.77400720774241,-264.60098482862537,-298.3137054978397,-205.08218971353284,-288.6477436464804,-182.30037846789736,-321.12577462607595,-126.32911440726404,-252.98309924506165,-205.41422494293835,-190.88708512865122,-320.97988493022467,11.08059567230789,-160.1026456008009,-34.90271901905435,-285.3948430132615,-326.33626924218646
541.7084402282521,598.6111015365755,384.63728703269965,670.6073254779127,141.6537853044193,480.4788440176098,462.3886655043903,234.33944560279497,20.88914680548994,493.51611425739446,817.2998902376985,996.6758918438871,276.5869487471865,211.34800137888146,362.69882721561197,779.270658878011,404.0579836086839,288.48083815647186,231.15508281200948,365.1039291407304,498.41796351810893,622.8710459489108,1112.290602647659,311.5619981611749,739.3871078534647,449.4331552743326,850.9797435933774,225.57548363814743,321.3234156930429,636.5001266318961,781.9564785869759,686.3042369290453,421.4940919086251,252.95180718041374,243.86341727898565,347.23924595332903,771.7314496428194,281.3770587534477,484.1077851571241,733.1952626564856,495.0706514219347,198.55888782987634,637.1956994380371,458.9079620454752,339.9930270487779,574.8852665388395,157.78505702726514,462.6499913982877,747.357525099979,308.29962241119756,463.98345164910216,693.9084490373388,309.63087885527625,359.8865439228793,496.7115718946076,353.8122013213307,377.01178977018094,589.9062668563621,449.99104127227895,487.5355720158728,675.1207339255034,382.9097148409259,3.29476807395397,768.726060593414,172.87619007756408,295.0050250923326,134.52983280343847,640.9207414221127,525.0100682349544,521.7214427457006,154.1703392304581,675.041257142604,-10.743836823247657,1030.8927743818165,313.5324166994899,508.37419479850803,244.11114627143616,447.2622502160105,184.54886143831078,19.888608603199284,877.3469752351431,639.3958061317911,860.7641516389393,571.6320821465438,428.9560981535056,389.2584571189453,-163.31075978449107,488.6473442829836,415.11101900333887,713.1687718645115,346.42740265806293,409.9308380583357,471.30195999442003,-115.36024361910924,704.8647139649335,286.61843020087395,-91.60597364765442,1164.9170444237043,558.6314243620299,418.4051666205576
553.4126394848734,537.8654967820256,366.08491026894313,795.0366185012588,268.332731472867,702.7728002766459,730.1791554549533,491.8566672486947,521.2251471462434,631.2738697530792,665.3257015923955,706.9189701916372,562.5920209404785,432.940845124367,411.4416136297657,608.0511383165571,347.58754586550936,352.6960964231777,529.4988772056839,490.1843921058841,859.0411079227836,638.8847901488144,962.9870639589947,552.4133321713832,803.8030291701682,525.4168374524639,671.7386161676868,453.3783070331741,610.8349516022059,545.1122577572054,918.7461825229,527.94714510364,430.6089658447432,624.9258261466323,480.26250978268774,720.994318377505,884.9087626708535,375.63986968973376,584.119950408282,646.5107664245957,618.0900921291408,499.3167100530398,558.9297757312828,916.8470094696464,358.7094399988816,582.048349368256,596.3914692331595,414.9318818347728,392.56601758471487,714.62636074703,366.8736278886929,578.7559182796623,658.2914720034541,720.54915595951,301.580979620319,311.8867773643646,352.60071756682925,510.02681888411644,395.2391239728794,585.2004094485831,500.2267538756638,326.31596464721866,441.55794950419966,388.48227856974637,633.5036903894041,581.3320641879671,387.51392926110066,327.03518005001047,518.726276915882,585.9021484241251,917.2764727449647,551.7230033203791,559.7036659391135,397.14364439965226,371.4944967300977,535.1755863394316,438.1852475929647,428.8886913649186,686.3977627577505,579.6149354168257,855.8401347226874,863.8092554022401,673.4457524676199,486.48119150077866,420.8767710461303,679.4948174313957,560.9650007540519,428.31122383526014,414.00322905370535,569.094620599271,500.2505898554309,849.9814680783408,542.9518551939207,603.3869834365734,485.7071392406662,575.0060929560253,818.2370335996433,578.8505950442075,756.4694090406069,459.2850154610635
833.81938481605,617.2455069339431,535.7445565702668,732.3908247149877,311.3473678257302,638.4898377983384,442.84208229419096,771.5539302251149,280.4666768275485,719.4872581729276,405.5518278536748,704.5819466532012,430.83699561945576,439.19491266638045,350.4720964264921,705.3467505299197,278.51620413053485,431.2158452495655,343.54468881678156,405.94215653081756,549.4617007800726,611.1520923778058,780.6907269509193,613.9577704694474,820.4043538125198,344.2873239919293,528.8038647444837,590.4608454083789,620.4096275838009,535.9763081431919,840.2635181081959,645.0233278217403,385.56679239277224,523.7531658607337,650.5939759814231,532.2652668192424,790.3800924385304,657.9688894145382,579.9683666573619,720.8361214010553,454.4305290566735,317.7771579087814,522.0267515029859,962.9878760216126,316.10344613794257,631.5454870923446,599.7518214093735,340.6196488003719,858.2635055866722,562.446720459628,201.71779937801284,645.1728931532408,709.4251312476918,802.1421298842732,438.8582850467741,325.6315366316343,363.2781587928464,626.3371833772978,244.7450746397581,457.661149463531,464.2645864580356,280.29018970135684,440.3035884385207,615.1071652868036,710.1513702595093,767.0055775313946,305.96446220424235,340.60623422416364,405.97991656056905,452.3601394524495,514.3183899097163,487.21829452249386,518.3718815872614,800.2913305844221,328.5592746761236,903.8892071460363,476.859280058704,622.4733236518468,562.0315008392967,636.8439920340259,878.70095595629,580.670104791369,692.8131109820063,782.2510348396712,349.1788379076407,631.2563151645393,663.2807120664253,358.772999708559,389.7529269221216,500.71840752449725,588.8317342572072,665.4850191036759,500.6818145824163,510.65669529766495,388.64117065765697,414.53489452277984,548.5864408960795,854.6305695108217,881.6951373035128,526.3216731621682
532.2484319572762,859.6097438518914,467.63178996162407,513.1626022217349,-165.39978267010244,1028.2396146019125,830.4283785366849,651.9892381313213,133.69293012915244,778.7949987400572,522.5880362780014,1022.4654922966351,684.7721568005165,267.4161240192006,427.7363514188486,605.0128790807964,420.7888555353504,437.97272582323706,612.0381556261518,729.9086070151551,836.4130641486875,640.9365229561312,927.362459366596,209.3636132067663,803.6324513619154,263.22415312878593,876.9602541185715,603.9431420597475,576.3519706597368,20.98909544436376,878.8217935733334,1033.3755465315814,216.70709400607134,556.6449076108051,455.8329105439723,654.2757066162479,950.5814918092441,-44.36220928185989,356.44753256409695,220.44718568564195,831.0278421510043,466.2884394596527,752.165740977256,649.9412001474836,159.11820927533503,1071.4226863038136,563.8388853855905,380.13331709400774,767.1722123827595,531.9108649970826,-30.055123904848912,824.879370248396,1132.5600389355777,498.0423560635811,344.4962814460008,441.7085517995435,796.8380474056719,89.73327141133383,354.6347802881142,617.6890996658149,457.7929731497547,199.02989402326864,270.29125464914233,616.127005445498,890.4394900200948,514.503857480324,127.51981944836558,602.0108657723887,378.65886183988493,720.3630080576424,54.61282871714951,234.32182511518462,226.5952602042339,1106.3906952352918,424.43829348670266,1300.8056245065409,157.10284288306818,27.014246365900192,807.9688092196211,615.9969646914809,920.8252446658412,358.3777593092189,1273.8358503083173,907.6667628769684,408.46330739689205,273.53919589654765,-303.79576932251626,131.55117437738866,16.100356489281374,753.9685904562518,634.9492601050665,1234.3198700604369,51.312318384633656,195.20092749943848,245.83505995313774,629.1969398101577,670.1019337718208,210.11095867987754,682.0039783279038,855.6164902340346
181.1977290784175,301.3120731962485,65.52020156502907,421.3150963039373,-112.25191006169047,295.4543431160024,284.3062129229079,217.7578387735117,-51.83660781441428,72.11875166364182,113.55361978804936,301.9012831428564,98.55056961172616,121.74121139624408,-31.49957373457307,279.3495028647586,125.74519237963239,146.6591844411495,57.86881711293732,143.666641384888,195.19321237271137,188.02045928453757,305.31232486397766,61.912438464042765,112.6050264189737,3.8397377027180815,367.06249120891255,107.15168684299272,276.8087167158538,-28.56453213002383,387.61443211685605,345.0700283041706,21.62434996913915,7.018351019088764,125.95311733116519,5.170062779384394,257.1643527746246,-116.83014730970142,209.03748785916693,174.91232788600053,267.9426027759115,220.18502206077468,417.0784860192615,283.2965726847174,-92.39338603914626,485.48743480112404,17.6016097111349,88.91191633647287,283.1689816764809,94.95312195649882,-63.22129178155564,272.9209456358864,204.58653932663304,264.26952917505656,102.85367347364439,150.85089300692002,335.5842628916409,21.102628003052786,95.06914030144013,44.491054828978605,208.9374835568999,-29.1158042047831,63.85983214471242,274.85771061711336,208.90522146703856,233.61029356718993,-31.143674563666202,191.54367245079806,58.25102976753011,194.08696692356915,139.7851969111232,98.18323228070014,136.12433432869952,673.7669833419692,51.346446881918475,309.16382507387885,14.932728750900603,96.3374912426699,207.36632464828458,216.61658638461913,171.4846591652806,78.87859519822737,659.0278046016465,416.75370853293754,65.40000111686344,299.6115270106864,319.84714185706093,-89.08595060581327,31.059351632249587,115.51182063029435,134.9782791841561,301.1626708649333,53.01589942788576,86.00611768384636,-12.301220415746654,189.82482752839655,226.58128804122578,346.8720327918045,144.65280280564502,141.18319130720155
534.0574956814471,226.00837586219367,8.110218649170701,302.1713962657529,-91.42066071253464,709.3787919724714,394.59291055492895,416.1929939313603,-103.60876825506682,226.94686271988613,-17.78887656520506,14.05953803556535,601.8017830916075,-5.784513547200164,-104.0670268639036,113.48836966904331,-57.28262113956894,28.784613064395153,179.68101372225158,-7.739126614568624,290.0652070032769,142.9001662589702,460.54797235006095,103.40638258916611,651.9847003326292,141.78261808897258,5.053100839860458,494.4382495828153,391.2186438074443,170.25926248402237,439.99966609627825,105.28411273194199,170.3239041673765,117.03070565951673,464.0090846760512,524.0599759658453,771.3051433700664,-150.07196971481923,264.884575957655,356.3645667142019,173.49324535993526,-14.522979940568117,-77.23133001646562,82.52977044808861,-217.9825774654637,645.3908577406361,336.90404304919446,-56.916174022310656,545.5989572235422,209.61612001784746,-127.46973935728263,20.72849798408754,663.5422850382517,220.9213374914716,-85.88538980079171,-111.59683572520439,-17.03773908531539,12.611514282434134,-51.711273768171914,271.0676385771131,-122.62699158966126,-142.235379037715,220.70226536720259,-78.74923486052992,507.4758243874185,378.52415037964687,226.12255067004475,-36.795612421278626,-22.159033938540716,115.64611501831038,624.5106030701844,189.17434474655954,339.5735728387729,-5.503693556498755,-70.67713115887382,488.0265084022773,-35.96048342152754,48.21722038363783,396.48781748400194,398.7231104990839,732.2330692105081,-9.905887769755525,60.74300191144061,547.1571692002234,-93.43690627202778,347.3326028425075,689.164053984877,-204.9041179779158,42.41218864323745,148.2841977698168,292.47591870314625,232.65703151685508,100.29635306876143,247.54664726159268,-216.09715927572674,269.99227992511544,529.6856875929795,606.7792571326554,-24.7176747368716,86.62099907799474
-449.58757089658593,209.37947370353695,168.89321432845102,-183.31982695076377,-204.5944774054961,357.12539804228544,334.44299637400627,34.236510682880706,107.92342659795248,460.1357544442207,-297.2127805132434,99.24530771511847,-15.284231872733486,-523.6587544276535,121.37672912066068,267.8920550759627,-173.31695901723415,232.8488985410359,100.09056595340196,218.34921728062594,535.1875281082343,-366.21521543360967,-79.40946887800088,9.865479992767847,-216.33363559769742,-47.08766211805821,86.21145257238187,84.72120098904888,239.9895872882313,-344.36533906409477,77.53251167994533,259.38553043336844,94.03597741575015,339.9931486051101,272.65472929494695,-175.33948153376065,21.872838270831195,-450.9694650941696,-174.24759560059346,97.2135511079824,646.0733202926107,92.6186121797464,333.5626542432015,236.6215682675398,-250.34962689007787,352.6903614070205,502.8009881809847,109.08193160251378,257.5049119413434,130.43977172990492,-354.8167083088391,279.1445314278122,504.72164192432854,205.89145936417287,-113.0798499077275,59.502993989581725,206.8280334200142,-109.00254503299263,-99.88275676969234,-393.79056840107427,189.23912184796924,-200.39533083017005,242.55517466266454,201.16295477845713,-77.22684981291816,361.95590120404444,-19.64940967456723,166.41729444456922,179.71990591323535,282.4625995169032,316.9512567467164,165.8946288895424,274.93857068037954,289.95682566515507,75.69932458027239,240.73886445569275,-135.94129857130443,414.06785152027834,407.0184645043609,-94.93866138625866,292.050905080645,-160.29932089413234,597.4199993438882,351.3971666193828,-17.456557686662524,-295.4103855940948,144.10158916921858,-218.7556114853282,30.872363423532043,-62.697928790794805,48.31815575911028,417.87814956479997,-400.3918137042383,176.48576054105936,-343.2872084547752,-107.03395032994308,585.2371330767457,-388.03218108253174,110.77472323450961,-9.887930067376173
1511.3143871364362,983.8514293411513,653.420135242537,757.9214047394479,458.0710439935961,940.9438272256074,801.2044172029651,1158.2034290395065,551.0540846141604,830.3742271673885,243.3330037344808,650.1920045731035,1124.2134366246753,811.7923979198449,530.4814801911423,895.2514731890118,286.9126545793234,337.298459151909,807.3212848845458,597.4704787002222,1281.897021500116,547.015055790498,984.8092973303361,882.8935301261716,1911.8969680588586,445.6298071023046,474.7079518932482,817.3060031529986,1224.3469348044605,558.0591453124276,1012.4815084466622,867.9668021498701,737.5033801271793,717.6140622423105,971.5191228449289,940.4583997772428,1058.179571917266,256.93371201822,771.8032430093331,1005.0585433444411,1018.0604017188671,472.73994831223234,865.7641159720216,793.7313374699477,169.76774115432298,1607.0525037575962,1049.9195038948774,295.0555200031934,943.6126400159296,956.1360764406219,78.81683808691538,516.6810456104565,1911.6015770623756,1173.7579584534465,358.81861907769195,89.74243954270126,816.7471935074076,603.3668258298733,338.09228279825516,973.6158704626422,568.9257346213427,338.5219832516672,1070.1158615841844,857.883868910784,1118.2652996932247,1561.135120941958,721.7073453248306,301.872370843688,511.67420510183905,619.5188523191084,1995.340792556131,504.73999628200227,1181.2028014578389,1099.419544172442,279.09169159439426,1272.6960478233007,265.9688888535357,793.7777038343315,1100.69759829922,1232.3750382852231,1055.0635895866506,654.4097015235242,659.4502127700649,1136.3424711827793,372.91346042023247,979.8072955984917,1532.0379720202911,-3.995109648318341,758.0846352799506,390.84995105020084,683.2276001612954,831.3907502046833,442.184002409027,1154.9565363321099,-83.97454013125665,1104.2560921456234,1177.0188583032777,1349.6772498229718,445.1329183944656,473.5714761693523
1112.7528168316583,798.7862041908813,926.1729484156045,1194.2086818941586,745.0577102026117,1253.1223931421662,1246.4109913036543,1349.34004496293,872.6547786735323,805.7786112251288,1254.7255191361585,934.099338029693,1296.2394711764834,1246.731183341443,454.1871992861235,1964.3515927155722,956.1974908502903,880.4000385795731,1079.1573909114943,1446.5875763772583,1439.8050098488875,1446.2272370587254,1981.2134675006475,1131.8465694284635,1730.5078133925508,1124.1777502697348,1111.8113068542652,1168.777053512708,1332.7739160506396,970.7775692481001,1676.207695018235,992.3375896835415,922.8808989311639,682.7536733886398,1482.2361833113355,907.5686685061837,1052.731452286819,712.9652493770136,1553.219847390465,1361.0103729575035,1078.963195145095,1136.7060101192471,1667.6590473957772,1607.760238060869,664.4938794900919,1038.299889307158,1473.2934385488184,842.1931278183148,1563.3347712181258,637.8080984686075,983.2297994204517,575.7416955827417,1018.1400199155395,810.1594031453174,1032.4778086821314,443.7254115329708,960.1312186320022,623.2083211372188,665.1200399915248,546.3693715916046,984.2406207444271,739.0151627596332,1251.3870907954577,1544.6763538255814,920.0784560108729,1442.6925673776077,1065.97628859597,1634.4253946071908,1197.3162062454942,1216.6050678811655,1283.15598722243,1184.164585706624,1211.4020330978822,1431.9181843751294,560.976132733284,1057.1493413472472,674.5398628918105,1740.3427914552317,1564.8786494640224,720.5791211190303,1908.881026724857,1271.4393204294945,1132.8552303642368,1277.2807143651128,1196.205851576776,1781.7395292762244,2078.7735943023426,537.7873419255337,769.6773193925004,727.4705828350235,1619.7802012028653,1292.2475068029476,1385.5372253368255,1092.8498376708624,679.324443694665,1171.6474147965164,972.985258978356,1474.9897617611853,1072.4622554009266,748.6358789817713
2259.7946885690003,541.2194729597445,986.0227287829118,796.6153421912577,678.1430070917077,1232.5795788065457,-169.5540535459442,1200.8708208195785,219.70976237170768,473.20225965689275,-131.25731302939815,178.06476384842304,508.87242439911523,1184.8459439468193,416.22117766726853,118.49015091307146,-379.39685849215675,-264.7345223998088,696.7230023963756,-251.36080947232443,187.42386459764577,550.2554221321789,1093.162731782134,1065.978945573709,1770.819550630023,-133.38158632364915,-256.736159696194,1045.0061893614686,557.9890033386972,196.13522114789916,744.7767152693137,453.68439834674865,488.81515009761347,713.9593823690224,730.2415361478998,615.4050740956886,2918.721282641407,403.6168722331063,850.1087354878484,986.7666094087152,408.37617750639663,280.30295421210826,531.5266929319539,996.4897887112269,-349.0412332558157,1318.7090506692882,887.997132763351,-147.74712696021888,288.17028515255595,585.8497452473057,-587.9587732734572,-203.83080641679226,1605.1853959098225,1711.613411363584,-45.10815725940972,-674.0416504666192,408.4163073297211,342.8379608679419,-148.0627104035472,991.9658639089613,108.51075668108456,-549.3980974474395,638.8967682628725,316.12501213141513,991.7340269796226,972.335799077249,416.7635988710408,-234.37231277378714,-125.48974887379762,-222.24508726603474,2609.6683627635475,-86.78087138488064,628.9870261502083,159.34625510577504,198.78503589244318,1895.6248826884444,142.17549700819782,1044.2276024226355,1200.6285170242609,1101.7998033947392,867.2203111598916,276.35682115001504,27.42357618849262,1002.4075897653693,36.56791977779432,1589.2223490855347,604.8442680237537,-393.6743503574523,310.3753014316982,-674.2001564077757,698.2053177676536,528.4080933687173,679.2447206711284,1862.3441868655027,-731.935113262205,2495.3985151108955,683.8466321891923,1920.9165194039927,633.2629090007479,743.7652224178084
10.385759096091814,36.2315622180603,105.58479863946386,-277.5116480952313,-40.40641052760108,183.2273799555775,47.73490121263314,210.93093944587827,-27.249091377429448,154.95366714075058,-207.72156607125999,-81.49472429916948,1.0430202074016595,-158.26130736448673,126.49745851047416,-63.96094783540183,-241.59624306402688,-95.88057430004201,34.58002911947716,-93.94091056989633,48.37294476540241,-212.1462802238964,-76.82755802155128,-47.64750716366208,12.334421486943747,-23.056497133024656,-176.5910102505494,-24.666401264785385,-28.87289213548746,-162.10990466722882,-91.222401708834,-43.43414404945565,1.1476302247586903,220.03908020971448,-16.416428745201177,67.36941057364368,-137.77665154818536,-57.28027403589661,-149.80844385904751,16.744070715328622,11.417962494916983,-152.08013225061927,-12.225252664366469,-56.829038283205726,-121.02888539924491,-22.897449168951553,111.9190208048173,-76.87267752999337,19.372084664597875,49.275279453123304,-220.30121060622088,-86.28583684762113,54.59724772895341,156.60634324259735,-103.37993421442927,-28.97437489862161,-137.16459549503983,-10.346251006538981,-100.88255178806524,9.788705763265764,-12.979566104624046,-94.63564494268914,-60.569650708607526,-57.67673276484255,-87.67144110167041,147.55846346791168,8.076588546522757,-120.71048507441711,-51.67462794040341,11.945273673831588,20.656481429064623,-32.67112126359322,-50.632770842917445,-166.18761180915396,-72.19365454370416,318.2401100597825,-107.53867751938957,58.60912978701392,52.94922459171361,-91.34411074422795,80.9427266322846,-177.60200264775037,-139.63658555813785,45.174284785825506,-90.40148530491079,-104.6382770029893,-8.423595177793093,-92.96438401152275,-57.36675480154486,-212.3454708380586,39.37579476045936,-71.95308618851195,-70.44339189551498,-2.6088980927721748,-203.4977523960716,-38.890831603303525,73.14554049234283,-47.51693873958368,122.89167651107626,88.4954804135322
1248.56446296359,95.65758179201578,460.655667683252,418.7867553561105,369.17045175560224,539.8423568984938,422.15162877993424,678.5536857049124,44.37568431747784,451.0428222843077,35.39503748607074,-144.30439697446792,704.755197444911,397.139562023317,148.710922304879,126.05024471521698,-135.0968696512338,-53.99764612579926,333.17888875716375,14.837603889522159,67.08066994469704,269.81152607501036,589.5016870376701,421.64042854557687,855.5566765739833,382.9052860759462,-283.40735005291606,761.6014429932745,348.65366519455506,248.03675839589064,279.0356456730325,87.47039770145803,451.8867805918098,325.831528968523,281.29505067375675,641.0273210316666,1091.556159709762,328.783434489146,376.21901977043024,681.2077821932603,103.87693875849192,-36.62908511448708,214.50575556741853,240.09693461953674,25.612801612261368,46.54410993991282,352.9057221473321,71.35381381317937,353.5870748159644,377.31190651234124,-47.86399115387075,-45.18705897224967,483.2692340164942,584.4507226277191,5.5500001720648005,-13.045922151537805,-20.464747232671446,172.1679987827243,172.9710004319361,451.3011229612305,23.53780941657082,-23.399172313540706,92.3500858882612,257.14403235703986,671.7993056020929,431.87397978305984,162.22873540443032,91.64808193971747,-38.616269858346655,-106.61860647779164,1195.650531458543,298.60712513412636,63.41479406215243,-29.757516442881553,103.88394273784212,716.3048109480425,284.5143967693236,434.54543682912777,228.63460007107906,475.28213068913664,709.4309496078281,177.56917327050982,-58.61718816725844,313.34206934964726,92.86380526730646,691.9783240435135,667.9145965151192,18.916965115538087,260.2066910302136,-10.53677284863591,316.94726118620474,171.8631081868594,577.5472217334966,292.948389293272,-18.801982276083745,701.4238259378625,437.1309743456954,1272.1201529615573,353.7157939079237,628.7974831800911
243.55686118431302,505.0075711207952,129.29355509303596,448.4883208590997,187.09726016204186,244.81769404560973,178.97298113696775,399.303807204119,242.76226133389042,478.2470781977498,229.93604566300954,354.50026209137553,40.466914057890676,313.9799301132251,109.48582451354373,311.2426564525743,156.17056712339416,233.7326753731071,250.0811466560681,117.57691398137626,271.1494917260041,170.245487219108,385.8978169132669,179.4426607832818,325.74130013734367,141.75718222689326,307.4866876855609,324.8352810015775,191.86618040974366,134.01001154346505,494.96802625414205,277.2209851207149,157.6752873583905,319.3222931097984,356.8276110472852,93.13513570028397,643.6369083230695,409.1472182768045,349.7910045107701,218.54036211352533,208.49345169667856,425.38681818840473,183.18257704846096,280.4661306541798,237.0566173176934,143.24278347100574,372.7943347528068,172.846044561786,205.28608004339026,394.83564961310094,178.88515751004965,230.20276701687817,79.14318613182071,478.0265934515427,194.14632183329064,238.5617964622388,162.74251810334567,143.69691562574863,202.51119778453827,204.52477685593766,284.56647840241413,213.95905965763248,180.44940785119175,433.0726896192856,327.8775627497045,362.1235326229287,68.89439482404967,210.66831011670487,99.93930058480107,286.14046433508275,28.515922747410784,107.88003119456096,205.97440826352315,389.05749360972743,303.7753168799934,597.1755750006457,282.4260960877424,276.88418085490423,223.01494164656032,264.7399955525603,-42.87941060311717,311.43519554373125,425.1146334936619,303.3280330788729,243.78089226397154,264.2916178515625,-61.18847894022982,237.09369434768345,92.93333947976836,83.520760323554,331.8156130349802,386.87248442869367,371.55612161154573,206.2970962544544,175.80957279141438,-78.10816775047286,265.42477606838025,199.13392771948438,506.88719407198545,363.1040345074155
458.9971797434259,236.57275276533727,262.66114257135,306.8469354689339,190.5017531316158,392.8723453782523,315.8576148551185,319.26198282235845,244.90906998977133,460.50553968711876,221.35475069386447,193.32036772331216,342.56275505700927,275.5079823212221,215.41591589469877,221.26748886344404,111.36182692452017,146.76852115709465,247.67969075005098,159.74755252322572,227.1114187926589,265.1192642743413,354.5573107689954,242.91908774414853,317.1934505578666,242.9189573943087,140.87230100517687,307.83329649058993,232.81542548149298,223.04015422015235,414.36597431031856,129.79173040489474,302.2313987037278,291.3602686879494,257.6492399646678,167.6259855334449,331.6369044862847,338.39096194056276,303.1971939612305,319.0069804566343,238.64149956077486,206.8891503030058,304.28541619450715,250.514763512072,213.1450038378536,119.14863218241685,295.42887474158874,180.2121226217106,207.7005844344838,323.80374407440854,209.8575755638123,183.36893688899366,140.57674863900738,361.83922600680864,96.84770659227554,219.77927752759845,183.0154248782232,209.17854826775604,260.0765652058108,266.7288589440659,179.9734254142179,208.87034915007214,150.22222342795308,233.90733201780793,331.409004050273,256.8165022130293,153.5176603976661,124.31542832465944,177.4033529396728,170.63138719013276,396.702596481745,291.67605930581016,224.31230686734673,158.9145068951515,171.3791417225571,315.59591629027994,258.5374531872642,325.1149998021408,163.77337705611367,371.99546389044303,290.7913066388745,285.1480250582013,223.06170287352364,249.41122233290753,155.5357500365476,310.6458615118553,283.1270856822964,214.75419246821934,188.73663867255885,295.0697767117735,223.55634174831764,263.2356969634194,359.0881215100475,170.40098110970717,217.30952960463287,166.5366393268318,294.0665692572226,286.95851496880175,342.0989661984266,369.48658458069747
9.624638654584034,157.24124633927005,4.824876511606117,91.42128477332815,92.97795302891402,52.021663735047674,196.08870074492415,120.97484797660219,197.3647760051964,220.29280337238274,127.02608292031145,130.67133097208,232.97060911319903,97.78418001136455,154.0393255883452,113.43129713262437,62.15839287208659,108.72666765090294,145.89393708977806,158.9684704749744,318.4478030534734,-25.955263297491232,70.94323522886089,95.98238082262742,168.35866612892158,172.7678632115744,79.5596938861626,136.1759314525793,70.22182188587875,134.76499198076397,189.36990417738554,150.30275261327375,119.52720244259946,230.63790621427404,118.46502465453202,68.39631842743339,96.0101337801004,202.29842551396794,43.77460860949114,67.40123833264711,113.60184002868183,149.08687922831567,121.94407596144227,99.01730698882447,176.6238199995064,-3.06344574710816,194.3073704345205,173.996268497889,26.585982536475267,228.56387752232547,132.40793543318068,109.66536765656278,54.2248890772042,206.6415674259557,104.22069137486736,162.65243794296842,77.24456936422558,151.01118045358405,182.45122640400444,52.7117139171102,127.52430923533856,177.2034041170145,89.41594463493337,172.32915565891116,32.836218485966995,181.48375126946058,70.68025898307629,88.39657044893985,155.2609906799013,165.18209530357143,68.17957765544655,129.18998771853504,30.865499064022853,-16.567892742676367,112.23905636460177,189.38838921277116,159.8474865839424,210.04730562833512,82.82985366176047,6.771082628324553,31.54469882273302,187.7582972024885,133.52499188537934,99.82338051134055,138.45307555755932,-6.3959248972139315,106.01954547915206,158.25841547166382,146.67601507282149,106.7341509971868,80.19715054855476,201.37573325088474,83.1623714866141,84.79314993018988,123.1859873245451,16.687766939679893,260.2396082006933,104.18019875312004,207.54927589446157,84.95793218587754
438.90060439748385,-211.69244516930706,222.6221356092398,-189.30742382263497,-406.5047402320152,-90.77395684769805,-581.7687275373216,-257.0298929653725,-447.8714597130144,3.890317178863512,-335.5072107462056,32.99017609705693,-663.1289960453512,-53.443446101730196,-514.3547328212802,-228.73083988162378,-781.4120730500345,-388.1005912685617,-435.74076945581396,-616.8483229728791,-576.2522773593406,-111.2690316824276,247.19747700209246,-156.25181471890133,-169.8992212947099,-249.3234955232594,-542.0462126360645,-343.76610210766887,-596.9681351025647,-386.54214332683244,211.80604293327326,-506.2135061826322,-98.55632316166982,-416.689302415347,-441.8860006954487,-652.9867776140276,368.2185040510181,-307.34820404102146,-389.5485038454353,313.34939651634136,-419.7011365245257,-283.5027653868068,-629.4354862777584,-569.8954049003044,-309.6442460652527,-290.4157450082125,-610.3348595610164,-296.2802830152969,-95.77576737799818,-675.7828054271905,-259.1424115924976,-366.6278842267421,-661.5548496614624,-375.75713698522225,-498.83129424096734,-344.4045010258733,-580.8344952888906,-424.2359708879713,-285.25594813969496,-394.72182957209026,-396.40946093968626,-582.9974994653564,-512.41009546977,-275.55350100264604,-489.173761977715,-381.7273662189789,-424.50346470237776,-696.4549983509481,-360.1934417169182,-453.8053045715743,-444.06384989048814,101.83658903150817,-5.139835774624475,-534.6581375674814,-282.6139300914821,-915.0348598715956,-133.03351543505948,-29.99780529879021,-766.7220488309833,-316.4876861088346,-263.48236764854863,-362.3036923491998,-264.80236148859166,-440.101361019166,-472.58753243532817,-258.18356518239057,-404.40101259472976,-277.91019003779996,-383.5062979100759,-602.3700516095366,-356.67188164470133,-796.7287687616873,-2.365894802799478,-534.5400878498104,-232.3172445355784,-283.69692814849196,-651.6406986027815,-287.8857396599239,-595.200025218923,-895.6376863135214
-287.93455012183836,-279.40619512376696,-339.41612788163155,-326.1274882026647,-237.77960520688578,-570.5791091745203,-400.3735205029656,-489.84397576434185,-370.43258392464793,-465.5577211789122,-275.46682820232667,-190.7663037470015,-280.4650870531359,-331.1956282981029,-318.2531857880088,-316.11480114838173,-225.9634173492152,-321.8397381613347,-477.05156666016904,-181.28611954027917,-436.40996623434603,-313.03746479160327,-366.2388345262079,-347.39505027445045,-288.43418930980715,-270.687021441147,-308.96692202493585,-183.07697763282408,-450.1273454201099,-197.25930748996137,-549.3044021090652,-204.22844879775954,-305.60541452309644,-382.0084946308249,-447.55925828879526,-369.29628642316464,-166.20458569713483,-390.10158238779525,-402.0826324353284,-345.7704534741349,-354.2807945664551,-314.83020219153855,-92.8910485590717,-551.5724200822677,-296.1967394036675,-385.04092261079114,-470.73045247990274,-216.63475607508067,-322.919330322016,-458.6687615143547,-218.4594575216006,-298.2792631718744,-473.87448274687466,-404.28499950128975,-253.33410012194145,-269.583425543418,-171.71264600720764,-353.2751875612027,-158.67050135410426,-256.54830989821505,-320.97703190632245,-274.4435940858879,-389.5557208591364,-224.8742725675735,-405.50508027982164,-407.0017958254878,-367.61925466335543,-233.67628245301503,-261.5249168909399,-329.9857242938447,-284.25989647138357,-265.3978194711804,-413.4943389442898,-223.9037330839482,-225.24145397963275,-593.6357128806137,-317.7705801965257,-413.0911330869536,-608.1106476773681,-506.5342953068916,-432.96176477583003,-349.62211019614415,-242.48297356950079,-387.9162926548903,-280.59363448710775,-488.2358475293119,-530.9924838674284,-258.5704048777326,-315.0310933654928,-346.27121855053974,-161.68696169752158,-489.0013889772853,-315.1916472035973,-444.3008860009428,-219.68981139944052,-346.4059680407868,-678.9927458254399,-142.6936074866537,-532.830576863264,-420.70007724785916
-488.7552379411513,-282.956917753322,-303.4719389254927,-228.88717855251406,-314.52593225189946,-425.8644614299957,-228.433442115341,-488.59936262400987,-263.5482720179793,-391.316973772983,-59.84598635114368,-201.6413483845061,-313.9218468482768,-307.56649284382866,-209.26364215516202,-274.70265953984176,-129.0367161386139,-169.94146930650015,-382.82984395788213,-155.6495134802724,-292.8762618324344,-235.8085047662126,-255.25194890004641,-225.6788504420336,-423.5492657357935,-213.58599631368693,-189.23728095585716,-336.81666391025226,-419.3588848258503,-171.6300798633839,-311.73440088017287,-333.98853984078374,-238.40797734091467,-376.0817459157605,-375.29884058331623,-307.3654126653394,-409.02514021458956,-224.005711923648,-399.5596982505791,-272.6794095761974,-396.2379684777402,-244.3539115542922,-326.35474149646046,-371.95882196657936,-102.38149340639673,-470.8684281753686,-479.5650218898551,-127.07746362622619,-348.6608972224849,-397.273605368465,-52.99497506174869,-209.1369240438666,-554.941133814098,-467.21541131457155,-292.3978441800407,-144.83752189355948,-372.1466019378023,-344.32517978566244,-173.8100628093078,-362.1128479354362,-329.38221205461684,-143.9003613740541,-403.73354311349783,-286.58533839190795,-486.1284696366874,-472.33200437702965,-233.02456342762486,-240.2286969678745,-145.92169317709906,-350.7406492882143,-545.2272168763053,-96.12734220306778,-387.6203672210978,-474.73320338760783,-228.2166023273132,-508.15866147388215,-147.2802591291574,-326.6253780230546,-400.1828849127862,-474.98573326125745,-343.86051329146056,-193.79897333006772,-411.06356170928615,-406.63213076671656,-146.69906343589054,-433.09053529495014,-357.18501221335987,-111.92877224222296,-221.09911050433226,-210.1476837620082,-402.4819425640259,-393.0427305500839,-189.48553109755255,-497.2013306882639,-53.1416773341059,-329.8141272922503,-310.2244328556449,-453.56049596976436,-350.9916854627274,-556.1015540171305
180.39428091990945,-218.41567648758402,42.50031550362728,57.5719746435424,-80.55176533340708,-11.03288323104137,-130.1076242057135,-154.22236836365627,-161.29217754258895,-71.97465258563689,-190.1554418929042,-68.97976350349963,-177.01553338556238,-44.00019449905572,-167.12485022057234,-175.5971866198755,-49.18524082631908,-149.8484726126878,-72.50371031223504,-187.1173786890538,-201.48494304849456,113.89322055961094,20.040939724671485,-25.588047695654396,-133.27150711575945,-173.4782839080525,-90.46996647256664,-101.3538019369932,59.34865937028623,-45.86479759911206,-209.07018302724435,-74.84931462032904,-121.45903495295966,-233.63393771194964,-137.35903194106803,10.793090056933504,593.4898046378275,-240.4859529428732,-58.282273326202024,57.63905001772795,-20.90512068494616,-244.93712619542765,-158.00708562008447,-89.95681537188224,-131.98661184284782,255.96413278621907,-170.51879641738262,-200.08797451882495,110.45632155800817,-108.23326035669915,-154.04639576270245,-86.69000322471295,-25.87414600086571,-149.32182967057224,-93.32314529577731,-184.28017586564243,15.57071625421268,-155.39204779572216,-277.61428783728286,-26.83443149561851,-93.31317979832212,-135.20262867477686,-5.973705107513829,-153.38509379328318,11.047141319649942,-18.832178980027166,-103.31269825283606,-26.421294448608027,-195.4807821263595,-165.05534018082315,-65.84399331806198,-111.1914844901031,-47.636230855163355,204.8755109117359,-72.0462948659322,-90.76368918860949,-119.60633273113453,-205.8101230173442,45.88878833896303,-67.015845632062,-7.860845771172006,-203.16301513783534,-84.87954146030702,-35.29683596046958,-206.6444182254524,74.74128798676361,-120.22826933048326,-161.8047964062979,-66.03827473178987,-272.19642689414115,-85.06487513869396,-2.0320009781831074,33.89109550251667,95.81632045107715,-122.63513367757989,184.59099343524215,-177.68407941466538,92.53532936083732,-236.94760013413847,27.988059147443437
-532.4463795288154,-307.99942439295165,-331.92840659165375,-264.00578090892225,-263.13143946738364,-434.852816039746,-265.5384767595896,-402.1499905800539,-302.1342783733669,-451.98142478354356,-121.82257392142108,-279.210906761428,-268.72369593304836,-410.3028786566679,-223.64243089785103,-285.0185879495555,-71.84523954242209,-187.6332306358433,-361.8961558157428,-194.2862974193781,-364.38061301974875,-274.6245710752021,-345.811071869912,-206.98697402897062,-506.30221321807517,-277.4149385319644,-218.8261391571388,-286.2426231381816,-316.53456750965876,-153.64931289234042,-638.995530052583,-311.4178506228534,-285.2381823537667,-411.27043465949134,-376.48261715818114,-212.8280849794908,-611.3463586623757,-285.595430200202,-369.2212176845293,-388.12404475390167,-405.3447251487511,-245.49977812555753,-277.44895639401346,-317.59192542478695,-145.32233094439354,-375.35181884978005,-493.97084060807384,-196.21955997241008,-396.1328657013672,-329.4685675580669,-124.13246438316908,-187.50128097669742,-466.70534930444757,-468.97834041433146,-256.5033587131251,-147.3803693699317,-290.6014607183398,-286.19526819105903,-233.8803104062874,-242.25750021815392,-331.3909030439203,-129.39679527730786,-305.2068725539429,-275.62827465433804,-467.31794273076184,-454.78889563448257,-265.80953187636834,-280.68834393015135,-196.71390042021378,-387.65540357744186,-469.83472534170767,-211.85063960471808,-386.61810831939346,-375.7430097943434,-195.37613772256336,-458.4363911212748,-196.46894009642457,-370.2061283904402,-294.7371861685148,-381.91501635260573,-472.7600717285341,-304.66200913318465,-369.2792149558371,-356.31088457452506,-185.76382686117904,-459.31224723791394,-346.4637600439923,-147.62742642726053,-205.10952207865998,-191.5230123061913,-335.79480793176714,-306.5976117618961,-275.8968557094236,-415.86767683956606,-129.1199055941506,-363.59793001341586,-383.31480250526374,-480.3161271230614,-295.88136877597196,-456.58736197850754
-124.48332524417641,-257.42057383232697,-61.13675461590381,-107.50323999563126,-144.00631306331522,-309.58822964237794,-79.27850515320384,-282.3821428106192,-85.50661740432083,-361.6998563034797,-45.62045643919366,-50.78904554233889,-103.65644224729408,-170.74668699004636,-24.76995351510191,-162.37904070450324,38.86764950380587,-82.8267893190841,-175.57190124547967,-33.10451006882229,-25.6295476541621,-62.76488807550504,-181.82640858325144,-74.26355214399322,-169.45324931456963,-62.327246016811124,-73.7407672254561,-353.6082503836212,-130.33152430331072,-88.81825043618376,-135.76669020546908,-113.61999643534143,-301.46076124121,-172.24180617487062,-222.05210582389475,-82.83424085785809,-421.3033462061848,-30.399074774786357,10.236904686495247,-254.16549609598206,-152.93641139926484,-270.0968239937226,-115.71649043766674,-48.00581705885616,3.8624780252570323,-175.88052810435,-44.94101893073818,-30.121118726503774,-166.42988354768454,-204.3057573490332,-40.33744802093386,-17.324563619887446,-90.63686646397377,-277.37139668920145,-37.36556541924516,-75.85768700011442,-81.62391989635637,-25.796225769425504,-183.34857108994785,-149.48168146603328,-110.1189064261102,64.34349593226308,-239.77375114363704,-125.01873264360748,-89.64113219523342,-137.2858978364364,-29.945783907547092,-4.7914552039563,-82.3799731167801,-150.1623206276965,-284.74665548834355,-145.05462230289461,-219.3819505248043,-25.552306174840087,-144.56748833339958,-107.89993287652285,-22.886602084044902,-270.2197158078424,-104.48802506756314,-205.58718334795975,110.72051004920695,-123.8020721407993,-120.36388352690007,-111.68353406618394,-55.90285010659044,-122.76543455203485,-151.18488573312354,-67.36973768902344,-132.99133579117077,-24.970939345353308,-235.64292967718532,-116.47667589153684,-143.3160415008369,-205.0300620872644,-20.007044509768125,-163.10202000270453,-103.752367839921,-248.89910890352385,-154.11185203469728,59.67731128109626
-287.94192082367164,-339.0739254189518,-377.0744970941369,-202.6769723990065,-233.78423415561642,-425.27859358269285,-341.92134885716007,-239.45951020995912,-255.9297119833261,-587.1496972175662,-353.56190756052484,-344.95190158024195,-500.5714999241745,-354.44124807402966,-249.04292885358373,-510.8351071300126,-201.42273763609674,-235.8889102765392,-409.2273925980373,-414.32159449676305,-116.47847950668525,-262.2069694332866,-291.282471634983,-174.12078940745113,-393.9530595940954,-396.0134154047668,-367.0825826111323,-594.3334721786076,-178.34600875002016,-148.9106079116983,-248.945290788975,-447.30491169433316,-412.46005906099106,-302.1515767141859,-215.1825084437668,-256.4496948314331,-509.7009430591119,-209.45352836911766,-229.39286869179514,-285.4591945497271,-244.29848201487067,-499.6579784652463,-598.7328908504919,-320.00579125563405,-195.26447306315507,-40.69377623847897,-138.8123108544593,-277.2743414439561,-222.6123241413985,-153.00243812379244,-310.72045414444665,-267.8373490695497,-269.8322086611892,-351.2614149590191,-201.93563964203298,-355.40482675091664,-551.207461674113,-94.52493916436009,-633.4097434595755,-259.3149503791515,-328.3984128429285,-122.8344671668987,-333.30212622869897,-522.2986780053891,-72.43405500876257,-146.98465307009212,-180.9845486961719,-246.24917125318316,-329.94920084179466,-419.4573700877667,-392.4865773152901,-287.8903793110117,-395.69047357459505,-179.07493539968596,-301.59483953930214,-134.49608176685928,-150.40365274726182,-434.40459069511144,-112.8971131725646,-64.13228275995202,-332.47904565700424,-215.38141988196338,-359.4687201487293,-164.29569798763364,-301.34882535956984,-134.05555889173039,-413.66419153041693,-171.91984882239635,-121.80290450072962,-288.05062365088463,-388.9754249640708,-219.85746242716283,-105.42884799661667,-269.733180747638,-207.53906030073568,-241.6683381959929,-391.8771787003437,-414.943483202288,-250.58550960832426,-247.5350229416977
-711.8159614872615,-649.2327372063025,-502.27479008732035,-1045.6289990014811,-553.7751502676454,-872.7691311421663,-1155.6982884744787,-639.7360926228267,-469.9544995190532,-736.5555480841219,-751.1081278478058,-829.7301757514696,-942.9248684835941,-946.926394029029,-376.4121603120761,-955.6471248218376,-689.2361563286462,-497.60498990762244,-846.263524256965,-928.4909852472563,-909.0120049050108,-971.0387613633665,-1045.4880139567415,-854.222145561505,-626.3173801752073,-485.29585403602937,-846.3303515092882,-698.2830235443896,-676.9884707987044,-652.6093151895152,-751.4807145553963,-743.7236441249472,-729.3029929038463,-304.69828261050935,-599.1056928945904,-921.7557465227104,-704.096757281976,-499.30304514987324,-859.667365540205,-720.8835022108864,-815.1581038639616,-749.8602140010211,-902.0696932228137,-852.3104308742537,-457.1769762460913,-1062.605443909064,-358.83434320161234,-513.2056951809986,-1088.3566041238957,-801.474668015184,-744.9386440513753,-557.76081020194,-1143.9573114289092,-927.8034952686779,-572.7611530666354,-671.2252466423643,-814.3437474540445,-629.9404790149334,-671.5386426199309,-1103.1266798576262,-551.1653018384427,-616.6515552555416,-917.7932050934706,-831.7250105054685,-1200.6547916823633,-981.5309999502557,-694.3394377033064,-445.8249210997666,-734.0205331995725,-529.9254204382104,-1353.546294004495,-621.6864564851305,-751.6475222890796,-762.9774147019065,-464.89274227510055,-1064.7825752123329,-512.2288424299015,-804.9218776973113,-737.3299394782703,-794.6938563961477,-1149.143374674048,-730.1525456438304,-1106.1576330072285,-990.2011204360815,-642.5828218562639,-1003.0209314847091,-1394.784214455312,-424.60067730157635,-682.3941230316744,-1084.18193088864,-1091.783045957771,-1212.880056278619,-476.5867093839855,-1058.050708092587,-542.7602020540664,-1060.039481426348,-1097.9964459125615,-1203.9696119832054,-631.0989182209224,-817.5877248886303
-178.3218009114832,-440.22786953652184,-76.00133556468192,-472.85223251966994,-155.31789656192797,-705.5525949094226,-430.79145498117686,-140.75785369226202,-169.8937746727948,-367.6552635863939,-389.61409264150706,-340.5935239403678,-315.7632797300809,-368.16764635259545,-60.082117062638154,-697.4461896694049,-309.66774099209243,-293.23582910940496,-585.7690417878738,-261.5766011754075,163.32976534831315,-254.794939664044,-782.8018767569558,-8.290905107467411,-237.32310347868074,-267.92591599118043,-509.17506223783704,-469.95321117054107,-324.4173159307528,-189.4039356827578,-171.65992079214453,-441.96590121907997,-480.5067755736879,-154.40030389733997,-459.1903142983466,-41.00781544873233,-796.1347227622255,151.36595614751664,-83.88394167831716,-331.63389700365684,-374.38927248650737,-243.70397599843332,-572.1111058267833,-272.815653004327,-57.60785691419472,-697.0745873284079,77.877181994182,-76.67556793475795,-614.0335655463948,-346.0458540122525,-133.16095578978496,-195.3469606813455,-444.1404478148852,-253.60958786031972,-309.79003551392134,-187.761454536746,-674.4457518097194,144.3813737549784,-376.2859802819253,-397.50314060123947,-453.2666731009244,144.99690653212224,-338.4139598522166,-472.6250347347366,155.40135376666396,-159.40692246765926,89.3600422545255,-460.2132402613367,-196.41632952503167,-271.6939944199053,72.54223774465227,-306.9976785599354,-368.12766403268006,-503.76736115983346,-266.8793040561245,17.990001980365463,-35.96321870169469,-424.12664376540283,-89.00480498067206,-234.45243661529736,-2.81030984588689,-349.3872899636916,-464.75569965388627,-285.3797761876642,-192.7274993453615,-294.85706582295154,-270.8741498742193,-129.90896421144234,-194.67995781304612,-246.35736575970049,-406.05499609579186,-594.7115185979444,-361.28154717579173,-222.82187202999876,-277.6221027921475,-726.9334553196433,-156.47703434568444,-469.3527309161773,-30.887776669351798,-116.85321004358714
-328.3092115889862,-537.1539770165758,-643.9893325167817,-963.1674868907245,-463.6720021870422,-1104.6585073093165,-985.6509633620616,-322.36896539128946,-379.19915596249655,-913.3342126761341,-409.4381284982542,-836.2571411976184,-859.0783570887916,-774.8919308651884,-286.7734255501256,-1222.149624945372,-639.881513503083,-372.21058503326753,-774.6652069179918,-795.896755927736,-663.3777582960189,-823.816635210862,-1449.2519106989723,-828.2778997194215,-735.500138061522,-349.0721550976367,-875.2693305298276,-825.8352988715146,-943.5120781940102,-441.1123488214914,-889.4104373301486,-628.0468301142738,-803.6607216178206,-451.35025488450714,-853.4912580496056,-937.6432296683174,-962.2776176645515,-320.2727967505192,-928.3346025333818,-980.1903457154447,-1073.0589461951597,-442.0252684548187,-894.7100526952072,-632.9695103232855,-197.76120595450453,-951.6700326280863,-485.2090137406581,-261.9327833056259,-1371.4066261958837,-871.4347255880573,-436.0155608653817,-465.6160592311312,-1237.6361518503563,-877.6565031294584,-386.1982914082648,-429.6112398592384,-898.0196713191492,-428.1758657371916,-553.8751653479044,-1301.6540201280359,-574.5101789403669,-229.16297510655906,-1046.9040734822497,-983.4516055402161,-904.1364311936977,-652.9282061966987,-377.25594008599063,-631.1630882158222,-453.04577621158245,-406.35509931042816,-1506.8104788729565,-501.39248193147597,-923.695950803456,-1045.280517781074,-422.98312695992865,-1282.640466530198,-337.4528220310322,-916.1430161318762,-630.5148381318738,-914.6053255188892,-1110.5994833216275,-722.6960917542749,-903.7913275311465,-875.7200390625762,-468.41921055538035,-1227.5831823308713,-1491.381155840642,-242.80898850896625,-479.3765486817168,-1000.1083252416693,-906.0354155165317,-1137.8822896090876,-653.0084750233598,-1008.3510074026135,-542.7534964894,-813.7023287961105,-865.7972652816579,-1330.3757680006547,-537.7569875129088,-903.0386864308553
-1019.6333790402786,-647.8476500509802,-590.9544307830212,-881.7796346384423,-512.4048102419966,-1151.6637784498278,-1146.4784194283009,-1074.6382441007552,-668.8050983499819,-888.1481239145332,-621.4809617821004,-847.2449240097095,-994.2472345597615,-778.6104841624165,-636.0829121332838,-868.0513853381782,-639.0189118045257,-680.1501430232116,-872.7412245330466,-793.9869420653042,-944.4444771407439,-784.858728702416,-1071.9230775626745,-997.7952991915781,-950.9544572457694,-624.5997853425879,-824.2138843692289,-707.3236129767588,-889.4569403843797,-538.7229747359129,-1431.1530133520653,-759.6267129847843,-714.1825088489161,-913.7545235693589,-892.651287560578,-674.7928834259641,-1016.5242215928796,-730.7158795664234,-1034.8189243094278,-768.1903471492789,-1026.8502752315171,-631.2794434458569,-1050.5975270702413,-994.6083332518692,-524.5139267762644,-1170.01248721056,-1036.1320233743404,-615.4040282082652,-1099.9180839603953,-973.6168213021817,-458.83811078031334,-833.1603360668994,-1356.5668190360132,-905.7502860901968,-601.1676510351676,-660.3455356202098,-881.377788991237,-742.3109869086096,-646.0352136603094,-760.1694670889815,-878.4745240060876,-561.8974025131715,-810.8187205056779,-1021.611180947193,-1165.0399666971996,-1117.647023970891,-747.7622384211141,-739.6341924934623,-785.9814506911383,-930.4447300266548,-975.2335203026258,-639.6579586491114,-842.0606669763475,-1052.8164813494002,-439.8784886302418,-1385.8614591739051,-503.4012613531247,-968.1611378543901,-759.1232597239492,-971.2015715890847,-1367.999338840244,-766.020761425284,-1061.156569220565,-1162.4829212633472,-674.8615792905915,-1082.7131774220575,-1302.4369901889852,-372.65042951109837,-585.7303830680457,-890.4877111922647,-825.1508809126989,-1058.4549032514724,-644.3419043973414,-961.8017160146594,-409.24420674592284,-946.8836392647173,-1123.7242108869823,-859.9135994807195,-796.5392281200251,-1163.793781442114
-686.8054463440134,-562.2547166837676,-556.1499367237569,-875.1649618025674,-487.62839803918433,-709.3476285815696,-801.4480484300478,-662.7180847957611,-531.2715786220132,-650.675321149082,-572.5256689515329,-738.1007241040809,-853.509410305062,-817.7817323062891,-559.8414795394436,-679.7277441950131,-547.7810079315908,-516.9096923807134,-710.9335227396418,-729.1624125081922,-898.865576883418,-782.5767415244177,-974.7445042769418,-762.0481449054656,-699.2097767109399,-461.919615290737,-641.3705890619345,-534.0341488470964,-759.2236281410031,-402.2898574619148,-1156.6571901938028,-645.1293635764969,-488.7704941258227,-743.9714504537563,-916.8994899546626,-636.2757023727645,-426.41527929393567,-453.3630125505158,-887.0240385648207,-354.8639198697317,-772.8357809117678,-538.8405962104287,-773.458342460256,-960.1910487096549,-410.8552010810755,-784.9144356830666,-957.0439618069681,-446.25559074324997,-932.1073772491741,-827.4118300100805,-392.4879700483265,-626.504316855557,-1303.4071349844353,-765.8726210706442,-487.5208619035157,-463.3419420521022,-830.5403681734361,-665.9489578490478,-492.1866036497457,-942.4811723727837,-418.0700770774722,-359.4978711036404,-759.04800595724,-672.7556893374949,-889.2167169433314,-874.0646403877025,-457.0410395352321,-529.0675082748131,-584.0598821057122,-703.5486306400667,-787.8866134163899,-609.5964764658154,-717.4308487817053,-763.9274750969322,-381.28620210544716,-938.8584346224831,-500.3505066894823,-791.1999636802432,-582.5618595065176,-872.830673071636,-915.9584715307002,-671.3204968620355,-1034.769753093937,-933.0113893447298,-512.8424384192245,-1104.0488540237457,-1174.1481092389515,-372.0636801589929,-395.9221695808558,-980.2286806582396,-770.5858668924518,-1334.4768012374898,-449.5694918858225,-746.882681661878,-459.85868920524643,-663.7557808624742,-938.9682386088132,-726.524821290297,-707.079160308226,-846.5689046097606
129.033730355353,265.06680950769896,159.3912252263525,165.00850243642716,219.71233564634275,130.11717146885638,225.90188021563415,306.19303233658746,273.03170693412545,290.90088855291685,362.4100177000771,253.528980137015,161.07860498195626,337.90005102289405,230.97758617191414,273.37832573616697,322.07983689067913,263.20949270370863,241.88984981072986,317.32177201162364,313.51803653123517,269.1036149122295,260.7523970092211,261.27006682171753,126.29669266588897,128.04216656111427,278.67527064829505,144.33253498947465,205.08188275999268,168.21221772427626,312.07986779271044,233.35034296950207,197.1758240493158,237.3551246969277,248.79387806703488,105.09936427522982,72.83587569931832,388.8560509357815,279.13228866302285,49.92127189647583,244.41971346236562,416.5746280529394,274.69228278652673,351.86694866437307,358.3232878425736,152.96904682265267,235.45665393356197,265.18745645928925,82.80298889669506,263.02015948469545,369.8742074797081,269.28922653031026,97.11815220733659,253.56923441421114,249.92139765710888,297.85327316179286,256.4260763257486,230.4423866329665,309.9881286994116,154.56472738011462,253.83042353811297,382.920027004218,285.3104702989768,307.7880818549402,189.37870396007332,184.54118428915965,217.41751615913287,184.889570055998,249.65215959620193,350.63887861660817,42.85976350867589,180.37440608694638,253.23257927374067,238.9081387203856,202.92812180734072,323.81620365181215,237.61903365045723,245.26001654843543,296.17772050293917,231.71575714374455,49.04486778770685,286.1273281789815,261.25995811066696,285.3104536174975,314.55629138743336,188.7051636526346,105.6579236379947,268.70958002243503,184.02212897563038,247.023220484288,224.84187883973277,364.5342915791954,259.1217213347237,234.20100216268148,268.17706898708343,70.20592123657951,335.91325523048624,11.771738975087803,349.10644649017144,285.89263311151876
152.1580700224227,150.32219370055338,135.3386519868951,192.81965103847452,132.6924195662147,148.45451431877586,186.4642061002063,156.4027748018446,178.6818734027558,194.8674367420405,188.49545502884004,201.641186693475,192.75754071349377,194.60679172392182,140.41011222949604,173.27106891565717,163.0457896328226,141.21105612560117,216.08536437660192,204.831172682163,213.15865597911028,207.37615696320236,189.02530433807866,224.5898837760461,151.59507042540955,137.04140222727384,198.6344405901451,127.38548324479316,166.52888728929986,157.05594013160498,240.93672108760063,169.40299509451864,146.12348570772747,151.4825821451871,186.3783457068908,164.50657980638425,119.42521381783762,187.9962535286821,180.2022891901388,117.16406659172571,177.26928204467322,189.77840747397667,190.99573887314057,246.38261974941378,174.20634104086506,209.8505588476384,213.01987309961956,159.73461106673687,158.5204970810281,218.94972933023394,188.54886294791345,181.08009671132626,230.5310307815017,194.49277531868364,144.02740915836756,170.48949526969744,165.23680928599822,157.9974553728802,166.5616625769192,171.5867117567749,167.1478033385817,179.30786601213075,191.42790687645567,173.9375111815176,179.2902553055072,182.01688560917157,135.1110165925999,121.72107143589254,190.5528445777301,175.57273220176262,158.198775649066,164.3800369003146,171.05603395386842,148.7124419701819,125.24262036406503,162.46314766896484,169.8969340952085,193.19839977205405,170.8701822716631,200.63846788329465,196.69423617384655,194.0436306893395,185.04946581754504,208.05664754030158,169.29136555254706,217.5854626610547,214.90560521741887,151.0690304633946,145.83001720965194,227.78222071821395,182.0765173974865,280.80721085467894,150.42020492003476,203.64728923818305,166.94517936841766,166.5099163968014,243.6544596162581,135.1808537578281,204.89253591044198,191.1165337530963
312.355305275836,290.0533955710992,338.0663553097387,517.9816123559011,459.9401887697202,422.995569634024,583.9551049981211,451.59425433896337,500.5612539393863,569.1890070239648,366.087465499824,434.0235379966707,321.68657417129043,599.7393278731129,318.1463678603152,597.8105082403008,517.6313404596013,396.80473330542975,407.5086472331007,406.7706104173691,414.35747445787644,519.8602575887934,769.3438952913473,669.7309591158704,637.3815391647564,354.9169042892877,426.0813107094714,332.47865305101516,619.9915425512203,460.4352377034615,723.4246235760579,228.72442313550474,496.1762459736681,454.39190384548573,553.8015908294473,177.88897732250612,430.6873715993304,727.7946504156844,657.0748996947307,536.3589879137089,599.8324372415478,398.30833100894245,507.1116234141287,632.8862951540611,419.239060939577,503.33614342946146,609.0986230027747,274.4105735396678,536.7267932230031,655.3741111491875,408.11206575497243,378.8102024227472,412.440218006615,463.97650575978327,322.76894330042614,371.1191634375013,539.6867296664719,380.83813425943634,381.0512672855296,394.19605402210715,368.8672834247488,547.711299008968,487.9310585279428,706.449476451163,432.93981266985304,415.7578116791151,273.8431050712893,407.09045151275,284.50260192317296,294.730572447666,398.22650788857794,366.1206226152007,542.6881425670343,817.0774767299833,297.2904024901165,661.1560841090991,447.9713740861797,648.5733759550014,491.75047714696177,491.328256286237,349.90202674662385,655.4448982243525,402.4260011963034,613.715541469933,440.5620194830673,802.1382696632207,479.6844091087897,371.13263202856956,295.9023653792534,538.4157013767169,462.7180730194418,611.7304525596659,635.2142224893836,613.3586009359783,412.8494245008072,284.1967334020908,559.0246511351332,208.73363893179754,514.910285961255,675.9748909137502
-1197.6813584958036,-568.5242224384144,-588.5338130588422,-489.5120865097661,-461.5756466665151,-711.845102575362,-1009.3951650318393,-799.6037382747438,-620.3523053898474,-612.8361282596645,-402.30768099118984,-576.3670039332368,-871.7643859411628,-705.4875371787821,-433.23617833140287,-797.535225754904,-476.9385275794816,-368.14878609136423,-837.239690542984,-492.48244291130504,-797.8670709625189,-786.7481105068479,-966.1576173994724,-928.751723488589,-932.8347551072759,-568.1099377394261,-492.1357465591306,-592.8522296242382,-1074.8158297544683,-625.7518056622051,-776.2818076395575,-367.69824384072956,-560.5132939223273,-631.4112273109798,-690.0228050648817,-439.60457869862995,-1414.6541777419907,-681.3065283630466,-680.1405821811658,-1191.049871504053,-715.316502327044,-591.7094724672288,-877.5064202522306,-665.3738103597098,-458.6199601573621,-1048.6591850591017,-846.1719889537616,-359.85957620733905,-752.4982260857213,-787.4068096700344,-405.1346887308866,-507.5979724637447,-764.1957933451625,-619.4161217676458,-329.6704465099085,-556.2533948608938,-640.0219160968411,-578.1149693797466,-408.72158023250853,-820.1743489714885,-626.7414691493327,-485.35369259125235,-559.0404252463413,-750.5415014872,-744.2900746112538,-919.3657090940217,-604.1633761997145,-596.4695401700817,-445.8306177826159,-421.57239158355236,-1155.924623636414,-581.1739474001984,-755.3521184629449,-752.364089102062,-323.3954412547666,-883.0454224819867,-428.88582940647393,-941.9035984353161,-1128.5585149325855,-877.6291544218161,-904.7485496654967,-671.8142996341229,-663.7138210407951,-791.0857285543866,-436.318525816186,-990.382143236354,-1247.5356090105395,-370.9756173455176,-524.3836552499006,-529.6546727332153,-594.461974262438,-777.0265911773647,-631.0190104686608,-775.1961776910629,-424.1174430235951,-708.5544377372822,-948.5881010345357,-1199.8842350003888,-580.7763219003654,-725.490029723133
397.0563963111329,382.10799028468716,333.3341974542453,609.3951290606918,57.88214046842899,43.67011439463932,129.66466739318025,128.25937844437408,307.1022313095676,359.41160822172884,835.3642132950604,849.2513450361268,613.1644177258829,710.2330690699089,548.821163518476,94.15056489699118,562.9000706834545,299.44792566752756,63.052668164784514,655.7349154321121,235.45527775778956,893.7351079459413,-296.33790030920284,790.0498208423426,-279.33249017863216,222.83537159245736,424.15392463508715,243.96819859309568,191.83199742755642,199.29267005318792,369.70008800290776,784.176250831649,-154.2947739011094,212.0057609489003,119.95224734399633,135.39287423988534,-1257.5135487425869,456.33080331980756,491.6951378158836,-533.9165892922599,468.35449418012826,510.71916639823894,488.841537247953,1040.0357691832755,653.7601564772208,-45.47867681847138,91.00712774090434,567.27045548987,6.352041544358195,293.23035921446126,575.307104754756,687.3507082026242,218.23028971294497,183.0277576185006,217.07059445833409,468.46985367521756,693.7426076605942,369.0246613298245,402.75844710739585,317.49823310950666,89.99798088191316,843.3260488860445,495.6808772277253,493.2538134272621,132.97428007089349,-91.45383507960588,-12.661553320544462,-14.059929676993494,348.5036085116651,406.63367396815204,-690.8592507411195,534.1170668482125,215.16192454930587,-53.075335731203815,584.0608266316463,-181.15076154880833,567.6400679984106,-124.52022770618339,128.27645250723702,264.30987655421296,-8.829048325346855,250.6631571852744,897.731144610593,631.9904464056826,350.5618693114614,891.5047862789739,244.03925952595395,594.846730087201,-176.24833136650653,853.7878629663145,572.8787892367546,1069.2899658810197,-11.537074706260842,650.6412488141061,763.2243605641377,5.561635104482286,380.5662541510055,-528.339292101821,780.0079750806992,848.0960540310023
194.0220531929556,362.7631566236103,123.54440917420938,544.2869144027136,270.3044903941872,247.5780677490989,547.9998690178916,380.32663261232176,442.5978514030148,385.5713067008377,614.1605435297788,534.8144120161793,382.9250873442238,477.1782967510438,342.838468200318,321.33238395191654,403.1708249032236,465.13599091004534,376.5171696393198,543.9022288458428,840.7863954296175,471.6608021371083,371.33817528742327,402.59023624261357,479.86767458590396,326.46585328069057,488.0525180805472,224.90282314518433,378.73252973824356,355.83530902976395,791.0126941965726,372.57734846901445,198.21832248085312,452.3681271899983,443.4752412796609,352.45088322658904,-58.085206255242284,373.0086003989416,462.40304864969636,46.54927980734121,456.9059158748301,455.6156160843427,397.22460180175085,692.4486898041945,472.57940725923083,261.1660345046559,573.6825049716269,461.6583021949283,417.3517605550789,527.2992759376749,463.5261225496298,446.4652242040489,556.1730101430967,475.7119643368319,308.5509603456133,371.62573204640705,428.384782108711,441.9984602491875,380.6186295122737,369.41028432681776,340.3118031731688,463.10461356443955,442.1733890647447,382.2595794180411,569.0794256512655,445.3395383472504,413.41669844456425,272.16985653826794,533.2344793106926,587.7398050937137,38.65406319790223,420.0504943580471,461.19550387746165,316.601130098034,303.4743294980255,422.1094997325111,425.22256587474254,425.97261844117367,443.4444880987657,357.02260731206076,453.6172285265545,587.0372704679363,454.1766029400263,484.19458766592555,539.123789135976,490.93427758813397,623.0629981805467,377.37847177414915,308.0688555491938,630.5498045175847,353.4262745691589,701.0844483976633,345.5102392297538,442.46495623193863,427.595607445206,262.96836021612086,776.6615291856216,186.6175720609195,480.50351565082866,478.03624326363473
-673.9845941112,-223.90428493627573,-97.08758148313983,-238.13279212920406,-589.8124162996028,-236.00283778307855,-790.8887489668316,-911.058167302132,-576.3201509901828,-443.9053575210216,-376.04189460383054,-414.77414447530697,-626.9436376376389,-548.7085042308809,-415.0700497779375,-586.4248249079823,-370.2815590418457,-226.74397451220662,-735.8758645908218,-528.4715819808138,-895.3442277311512,-459.2575121250454,-1151.2527196093563,-707.4836945877342,-400.82171963059676,-302.53802038790633,-284.77694947810124,26.8862428486947,-230.5918217195551,-560.3282748977358,-798.2695476599628,13.704133575500697,-705.8271070637973,-475.6953817801636,-716.1695338724071,14.398734420964011,-1081.4916282880195,-632.8477466612544,-165.3660767753809,-617.2460384331995,-553.1353921969574,-484.88554030893323,-637.7417116294994,-383.1762549088606,-469.6154921395863,-435.9415239446649,-782.3605352350332,-387.67344950913986,-590.5147535004166,-791.3234886835986,-367.3313058198391,-265.32323876590607,-599.0995266514572,-635.6980403561678,-196.83608797989018,-421.65756111560216,-315.31993606401244,-418.6611611185743,-329.27260932385303,-441.24181008667,-726.6827094313585,-304.9041061137917,-268.29108113470767,-765.172233246951,-192.8458922346108,-557.1872427795727,-591.4321363925283,-412.9985966451288,-712.8175404552937,-93.16407976718395,-672.4689857599093,-453.23541398946463,-372.61095662293735,-285.25232515313394,-60.96728619266419,-552.6416112528542,-421.6638379789847,-996.2534771589252,-401.22149911907405,-198.68711474043516,-589.9664962791957,-686.2070365627495,-28.478415768111674,-484.76493553494146,-554.7554053046707,-756.6469517583535,-634.7233275258005,-346.98640398745675,-405.5862382541525,-321.9860436507889,-477.8228626280617,-463.83628860948215,-774.5450509617998,-379.32897049650893,-263.38344077801435,-601.4931556745295,-831.8211972870197,-676.9026758625859,-411.024427686436,-378.7674934213252
-332.42427246465684,-230.90254909106727,-217.3701092695785,-246.0423556236666,-202.6507014236052,-286.90767445773946,-358.81709091860637,-287.3352541795044,-256.58032684078773,-324.3944358418543,-204.7551365877959,-247.37695326143685,-339.0656465750114,-290.57460536137194,-201.34735835686666,-279.8585597670339,-193.22042933234587,-213.56107049195035,-342.217785607567,-248.1627061546375,-340.7955639457668,-253.79448303032976,-328.35468265916364,-360.0799090100134,-302.9081101240669,-196.50996878330136,-234.7551195844415,-220.85881380023946,-302.07592780274837,-216.4291151604081,-410.7729277073116,-199.96806200100994,-233.49126210065043,-273.91888316473757,-342.7221558038782,-245.719071254408,-380.5311021764838,-263.30395947592126,-260.03218041416255,-241.46218745417053,-285.63907648173915,-244.89875134946206,-290.54081154949387,-323.64879023639054,-215.80989830410513,-333.0190193113391,-352.8049163642177,-191.73816912562287,-364.3790773312363,-312.6750977731586,-198.7054074332588,-243.9087069374404,-430.2255291311488,-329.2693882673993,-196.9306135017939,-227.98910999644005,-229.88342791654347,-220.02442678505327,-205.7330437530476,-326.76754635276217,-220.9251535769757,-213.08342587959334,-294.6865453682547,-307.3404604981885,-300.32366450769183,-353.65120827259307,-218.47963830383836,-197.2954530442958,-232.8058618440758,-223.35014744837846,-294.6060206853408,-228.73478258075988,-281.4180557355423,-286.53574889113787,-158.739636706401,-388.6712727792024,-229.17054350700366,-374.7773002552227,-308.709384748883,-348.7903140179335,-370.2646803171998,-269.98732986478467,-245.77141494502047,-371.1757612634591,-228.10732389488723,-388.7026218561347,-408.66436510284916,-166.02933469602215,-198.77943647072473,-288.7539737491154,-270.8214884910422,-415.2069580267028,-245.19897132533129,-328.7471329405388,-161.55209491462736,-294.41928946720066,-416.9772713938962,-358.6368082104219,-284.43686949466735,-291.6456233857529
-885.0541475826865,-484.52093758897473,-526.8423904401488,-714.1641162000515,-437.4169685730123,-801.8301036812749,-755.5314019318411,-862.5220259177407,-554.0636284488045,-715.2135011759619,-469.7767455062376,-654.7710535877877,-788.1320491761484,-674.9992276226654,-479.99309282110005,-701.5448305058402,-402.7643051604403,-472.70334090862167,-664.8247958689806,-645.2799885755359,-849.1480154843998,-717.7421639703289,-839.5397084740193,-958.5551165638021,-809.3228518535087,-413.1099822694447,-490.8609745566248,-577.955935355423,-774.6306586095664,-492.02602719863216,-1100.835231587023,-547.9377422282993,-568.3254504116509,-718.5546190941668,-856.3551207240545,-612.3422797031485,-930.8622657292026,-540.3197426139712,-711.5767455276525,-576.9602394228556,-669.7254034079755,-499.5015350321766,-680.044594063991,-846.2132332097267,-395.4128495810175,-783.9647214783317,-902.5992332750499,-404.63265455457173,-869.1804680812374,-816.6780929467105,-338.10698118838076,-522.569626090958,-1208.3084839071528,-883.0064272514489,-295.3442962862218,-398.55131735096154,-621.2936407385365,-456.98507899005403,-443.6555269647229,-857.4777211389818,-442.17736879779403,-309.6532509306763,-757.8902227544523,-717.6936104665474,-828.3455722806353,-859.8594657197664,-570.4322597351045,-302.0434162875279,-606.7114690689799,-530.0755810917366,-888.445424002907,-549.8409721539356,-705.594569850599,-593.0959200299118,-320.3508602902989,-912.2676140733154,-490.22351209255595,-884.1448567670192,-742.2597768299028,-806.0922234079453,-1031.1797095406744,-630.3236951134367,-706.4291984660815,-866.116384470604,-462.2534498006154,-953.3879019680123,-1401.2604471422737,-286.5482609309793,-355.4946116555024,-665.0015598638747,-713.527983824457,-1048.6465800013984,-569.4680338846694,-782.9474402048941,-300.9286648002087,-771.7209256264814,-972.7363463384838,-688.4687895297656,-630.8105885926105,-749.674662820602
-611.3222031665832,-300.07107714920244,-207.1548034743325,-596.8583354535306,-462.83269365678194,-220.0377305012914,-903.513794574865,-199.89345750638603,-458.2137898955706,-435.0530027741675,-320.853393198386,-716.725458144898,-1044.3324550815314,-776.895453552765,-573.8081693295422,-95.18866392113969,-370.1307266112864,-213.68428361200546,-577.5522532722648,-701.0575362992046,-947.6134784296196,-432.1195551667098,-306.79405460001925,-729.3187748350456,-229.4735242842228,-472.31142330876577,-232.08160640281233,-345.0573419739529,-84.15148545249838,-84.85517949003096,-404.3777100961361,-581.3844237875351,-63.81547793312838,-620.2594764874933,-587.9113706818027,-266.5271524175385,321.0359324718214,-149.76200743709637,-207.43576373122303,236.4151033592345,-518.005405818627,-309.17697128819253,-869.1695441328623,-871.2368770459314,-440.08909015848207,-350.5928100670785,-474.849370436363,-447.6192856904895,-806.5631900328796,-315.0352645299598,-115.22839354968006,-402.6511292520971,-1126.9159046677523,-462.5742053335157,-177.21970753397258,-453.5506764477056,-872.4586931756395,-474.98491954021586,-346.6781765625788,-941.8596448346802,-274.21629701383404,-409.2823879249412,-404.32885119832906,-295.73078834293915,-496.0982060803864,-932.0355116364382,-275.9290534839059,-300.7343708442607,-614.0716911180408,-98.75636628296948,35.132339407970825,-453.2317270470426,-342.19548701946593,-333.9143660718521,-359.56227401004503,-422.75995063183393,-454.63426847262184,-665.2390176066283,34.54246400003607,77.8013231042418,-954.205189015293,-143.62732650778187,-478.68401665306357,-998.7895427030761,-297.3820892422568,-850.6375791849063,-413.0536684935607,-268.2506839376791,-249.5562263785247,-722.132052042289,-816.4308425939056,-1211.1565767529833,-150.68621085135493,-622.0650247734042,-335.06030968414643,-557.375421810214,-925.4370230502758,-476.1438622917426,-513.9515477131619,-658.7714042310188
-120.76770303882215,338.20920020770103,343.3179475466713,-60.0989277297419,265.56822875507396,932.8185512176376,-411.5767881221473,146.56274697241358,69.03620047437727,-13.905164160398835,-179.53792071791992,-5.093747492386645,-20.014175051350552,-380.5286226872932,-12.597226477950787,477.2432463512241,123.84586296425793,-88.39802859466364,224.51823206914818,-180.62343604071398,-406.36127254557573,-253.06697027875364,-392.3334106538302,-521.1692866807036,125.98788134301113,309.65935544672425,320.79747905997004,731.1487310930339,338.24847209014894,-26.50273762713578,-587.8346692870949,930.2744313355669,310.1470070511321,-226.8792753424485,-165.94850133528186,296.4188316573692,-411.2727621146343,-178.1333860184023,413.6032078623907,438.80166769024754,189.33504580489324,59.718797461194086,365.40896101711843,291.9961281338397,-197.72028580795376,1119.7463409883526,-342.1534690964172,-50.0978949756135,-430.4135153045181,-418.05931647624664,209.22917510325323,41.79729103992055,164.97881663850228,221.40292047018144,471.5283188363673,-29.52588660228221,280.18230412028055,511.68355120929607,336.61667475372394,-59.4316692761805,488.8028814401307,100.85759599455706,447.7564071329449,-89.4420926734442,725.4721312918118,284.22802638500445,103.15882825471334,623.7953311400837,-40.602450398780896,618.4957251899815,1198.7536268229564,-90.54310441157031,131.73172951058552,938.8845320397457,236.46028244134143,-350.72437436659754,-405.3130979404801,-132.38186698614538,106.38578992136372,323.3085878829042,-104.72084573083426,137.84187272491917,521.419961383448,73.987525851252,-147.7481358608469,-471.8345329008345,-296.84636835879576,65.40529929025867,516.0999425429386,-120.97768490584315,526.19456540466,-424.0761121841682,-255.4213249436219,35.645562064999076,118.75106050782472,44.356604557065964,-642.0318381936628,-13.33872549175641,-94.3573502322678,64.90071736295393
643.9040554693578,357.3301311191243,471.1503090919696,-49.89620858313856,532.7650608710838,320.7124481343484,564.2671206510975,370.6965335028863,479.5968962924737,427.0950176067229,656.8385905314997,476.7736825556941,552.8108581658771,564.2827590578285,489.2598406990945,867.1167140533348,541.6913851637589,429.8483843724967,807.2630086298449,721.6326309768641,729.8746052641723,733.93157367768,527.6198292203713,493.0943472476224,453.3397803493318,392.61391559944303,671.8023425440281,258.15278706418684,296.2794995933337,387.95849415798926,656.5939144542059,818.8433163649479,386.91530467303534,371.98786822788713,264.76335150827816,427.3352773895126,159.90688306696094,536.3029678385601,551.1167833415167,499.4068409919908,533.7328846119578,877.0805002137333,787.2775966895376,669.9910727203503,566.8840395955875,449.0378368204527,633.6431500167388,621.9144970536539,297.55071503625874,446.1105736763801,784.3982601558156,646.026380375329,652.1535028796993,457.7809102304221,603.2377534382556,810.132492019855,373.71552676337825,687.3435008764301,906.6911678209128,529.6394775475956,933.5621163536878,569.5530474812227,542.38998964443,962.1412318922157,883.6016333491963,681.9649731699342,672.5519943203948,943.8571072451243,683.8761118875041,918.6551710874855,513.3735304903541,413.28869513659356,557.0407105926689,809.1094776365757,244.6818938602667,461.62532914909184,343.0774100333617,660.0843795286916,434.6886567771994,500.23920596806767,844.0817483960802,527.9074106738224,565.548201940361,347.2974395858073,708.3075461415813,551.1316722251154,894.9321244060023,403.843344299023,433.91978920093584,687.1900617733289,511.31051186523314,374.1528567865748,420.8421758835361,475.231457729419,625.8035840480086,671.2224208576047,732.7969792759194,758.9259342278176,439.2701350806271,771.767357825296
341.36575378051265,362.9677530128759,251.43513519993542,313.9448232978392,229.56179496979587,407.08508674875736,369.7602603467809,404.5258636613759,341.41120951033173,372.04638464237246,331.961710744301,363.2214623641851,341.32989427829403,331.9375162385868,273.6968829409512,439.1147782602086,292.6432414791646,283.69523553667045,366.35142221471165,332.29090983702827,443.849498878919,306.71312560700517,341.63750924846903,352.01337500607644,301.2451490384366,245.52977287477003,393.8206406570476,271.3048854032261,363.593405077121,220.60612907934944,458.20973155289516,372.7519440638267,291.580540887731,325.25497039609724,363.2412506801735,279.9098585230026,268.4612269029788,288.3847221980844,376.88091955520713,247.21420176217788,366.49949443070534,382.85914831133033,415.35803291060586,431.1322644664768,290.90068301289585,415.2937156316828,401.53227892901003,286.0921288321264,298.73097610095505,347.78675863722015,298.8556215591465,315.4093274329971,472.3565337980531,397.25868185238113,262.6369573730879,315.19418502948486,371.45260777774763,266.07703115256083,344.1222020512903,313.19281110892393,340.13084719248735,292.70699254347693,404.8308420715091,392.1554246214145,404.22630644779156,403.933869296686,298.54078222024395,252.6547214155436,354.51953079742844,433.687201353171,300.43674190405017,291.31816119158515,371.9138728930588,368.34000935667547,237.98011223470715,416.9137009287707,245.15709124617433,366.54269715025083,381.64722629734877,385.1969014929524,409.3484483253326,363.39212982111854,421.6870469998279,393.169696036686,351.8275685638672,375.3145623334122,552.3622828325801,210.66826330523563,235.6137332089832,369.5867498038086,351.79680959656446,464.7371438898303,211.5807622812903,358.05668942755995,224.00233382805348,309.6757659338059,483.3770288722885,267.50744879306103,335.19606381506657,389.5068688801505
535.8455671656933,358.52818212293704,378.81617113985845,375.01524557286103,310.6118975474525,588.3902588959505,494.5801477852528,545.9946410613686,387.7504409469058,527.8314190814268,254.61653019007633,303.7978190028054,438.89608800931745,480.03170856680265,292.85445726902094,446.6231510808723,201.32722882401484,266.7162439939403,480.2767411380403,314.9718091522089,481.132396297096,401.3011392239533,512.0662482631603,487.15218552077056,533.0635162541772,311.80629950303427,340.34722955146776,443.6145381385742,534.4541205755168,271.05390134223245,602.2850201437332,368.47875262425663,355.86112960320884,418.77937109799643,546.6808112005762,441.39268284524604,682.9995190013407,250.41577157140492,455.81614583083393,402.9104086914358,488.53244446903386,340.99878555426784,411.2676820915079,494.74081830512546,186.98260232659686,609.8087610456131,577.177441943959,238.3468881989489,575.3047100580496,466.9919968575925,173.49344612790597,295.19396675456363,760.4190686932287,584.7626801663915,248.3073250952984,277.1840741117983,380.65385603647945,371.90891550981524,324.0204311464713,507.5215062171492,322.3636955855286,180.3091124136657,496.1117274111914,449.38638875157056,557.1054257771276,555.6876590850981,333.2312176080212,281.19200147802894,289.65276296859844,404.9460631591483,574.4537812823884,352.5040557900861,532.0372295294655,504.3639188152954,247.12242089652054,611.378690032468,236.0526882344332,506.0026004249302,466.7460038512683,555.9413242042797,675.3602930794533,385.0096623912978,412.48801895077105,550.3540453618019,278.44877079592834,632.0509902777209,770.5198559883769,162.39281927280328,292.2175315795143,456.47752921238316,441.1264808319188,628.6975115114733,329.86871077586625,546.801902437355,181.50250418476193,542.0565938412495,585.4009653406252,516.724372981111,396.84907877233127,487.3698482260692
385.8453556916697,329.1458298343086,250.8683305665337,276.0500064172144,234.0505379852237,427.0016098560145,427.57276701392357,433.2912265575474,318.9281393914077,430.48155243365005,204.47011231857707,306.15524507763257,411.02081134437225,357.6383137548865,268.59336319807267,382.55545522396807,234.1972709991176,265.0015254798077,431.0348796276082,331.7232122937463,374.3189976520713,265.5872485523714,326.3626200985697,360.15224247752894,407.2246587973283,256.7627244461052,290.63579833868164,338.03976948711374,399.51820525007633,149.2467930151128,455.72628807279773,351.55460786811767,223.49582666723393,400.5874455510833,453.9146125382774,303.23198212497323,378.6058335357644,288.5805427493563,347.12905779963813,233.08329618424088,373.54751839075107,328.5793577389305,440.2325037379817,421.9097276767294,207.48302813097877,380.43654691271684,501.88401446877464,226.49136650280178,444.58206266262306,342.4455492222192,165.09876964930834,294.9638248255574,605.5854109623529,446.6862953491434,242.18469572536424,255.00746997317435,399.90502789232573,265.3321399521232,274.46970907443546,332.5134424891555,330.39100786015433,184.0165605003443,366.5399397628964,373.8897604879998,400.1548529793476,448.15451809671976,286.3626336946847,274.34443836623876,285.67576813586163,369.1419774483334,300.1608504114961,204.47981807287897,408.82467595208357,396.3341884123153,214.4814436355626,488.1866049642308,198.53285787529762,445.66959485010483,333.1237285062269,416.00032369262175,442.360791816978,281.72800412740906,388.8567127944128,431.47747902565015,267.34349667031665,412.9062966771928,485.244827167844,164.72420713431484,165.36073642504857,340.0088732564882,382.1554577943441,516.5367036323471,200.39992983579143,432.5432433357308,154.87555062849378,384.57332950881295,516.9417304358406,368.50972038138974,368.0963576056166,465.83731795240215
558.0133894132426,409.69855865907834,389.46899003639345,407.16163036288697,276.21531640155183,534.6879356956649,636.6776695077222,572.5312181030699,363.60151559712665,517.0789568237774,443.6693316666083,394.0500487852355,562.7895668615934,521.386165095691,339.5550615573492,478.2965364644356,340.77826007676504,345.49745654421935,530.3241393337754,527.3823002007205,544.2167470310092,483.7963719789644,597.6996305818765,618.4694827149394,518.9968402905583,331.5266678875569,431.8594305177455,393.84911368609517,429.1193182060394,311.27290985196277,684.6365783625554,387.57956319433043,312.7908927305532,477.77051099140544,553.6363389883646,492.16874474221186,487.30075425253744,369.65211247447724,488.7701129584852,296.2215101933869,455.7196441573519,422.6262101841744,557.4619826454446,506.9018661018176,357.1913503190863,539.1429351430181,502.81300078216185,377.75921216327055,573.9328085267279,475.2128537601986,325.0126895981163,401.4785099335744,843.8778268220766,475.42056013438264,268.5567224708113,449.2507590246321,428.5636216274046,392.641426298708,433.7077727851115,622.2192083514408,341.81330289598395,348.2321782363677,491.24575537715725,520.3924504482712,615.3971677043464,497.7040054373231,444.1334613905917,233.68204045972624,467.56949592738647,470.34173123456327,526.9138522660586,374.98041448274637,472.7293828126706,352.68322635336494,271.73199184472264,765.8931339687795,261.013170914868,532.349062667844,462.8895360834432,533.1526288720012,665.7377279628619,420.6299964663925,495.48653863684484,609.9903496905299,393.86263939841376,486.80943502426965,786.274006133453,256.85334624299884,292.13852928709986,568.1969155641516,464.06351228495726,715.4775018497697,230.94194694670688,462.9585870422442,247.85091758533943,453.8494836034561,738.7359488580786,548.6960750739732,435.6984620659968,551.6262639021107
99.27062852184346,321.68319104828777,118.1610693092814,320.9318394992111,140.98532777971664,334.22933978342746,287.51572843635716,177.09001729634522,297.2209720615411,356.9404637765362,130.00000103955944,197.97106516077162,308.7152158962837,346.5825144497581,112.55915468608431,317.92817390233927,121.28648992243593,215.06178751902706,335.4394395712567,190.6618510448635,226.7578183912639,186.11502811670474,385.4350617633081,273.18162654212824,318.7370264245257,210.2456428082668,178.73000661823357,297.72128435405085,349.2829520340745,16.958728480280598,376.28159859126305,205.32346658622444,149.70002233105245,410.6511505671459,537.474776092548,213.58552300604995,176.9295521837962,103.96138080805824,156.0354937371426,131.89421719537404,288.1775084925179,171.20536439719055,225.9196396119799,323.3509501088976,60.73320042159612,148.91788877181006,550.4177827230852,93.89428379871988,483.785844945912,529.0964445915819,-29.173309432867626,96.71743360638477,755.8781368445528,340.5302449103431,119.203335034941,67.68918055922296,401.00421243860455,51.81239581841274,101.195434594049,362.8821610656097,91.06649269522205,-5.802993336161238,280.1133384499404,279.2487437083742,76.7286884562518,248.61617921435862,-11.951210752590207,128.61542100606772,50.990417048624,128.80985923373106,-22.96254221460072,222.50733230717543,381.1837810489988,158.3459112562658,243.7006534705404,333.78212160872084,223.6280277023626,417.0549570410681,219.37971112436162,327.05280446045595,115.41799936402266,263.25248460164266,278.20833025870365,240.0310691748627,126.17473207844876,526.0965996119771,461.0609679576182,115.90143784844207,42.734326401919326,270.09392910088184,278.334266051457,728.3676017008282,117.24322472846043,413.3121703006186,141.33207542200242,254.975993978611,377.6527708903628,184.88382444118832,317.32350842947153,316.31606088188084
325.506910417901,-607.9397783642379,183.20765879546823,-384.9064832658284,223.7078283749311,125.39851632593852,393.16639213617304,92.89431431891474,-56.17365743796583,-42.722306289873686,-511.73812658250836,-848.7000504259481,434.31624939965633,-40.08427058306493,-77.58443340634942,-268.1495982462002,-474.1766208641642,-288.91656633485684,229.06217929386165,-43.079187963448476,-111.10970557193258,-222.96679404165337,562.408322780422,332.4049063627566,86.56665487932175,-18.04802035137795,-568.6884561542533,-114.6500167988241,-211.67540547099279,207.34191784653038,361.14701310531564,-954.8180422149896,440.4205475211715,219.1763477384118,227.15148668975533,237.808106272775,1380.0215067904926,-201.5577115749774,-416.36422224343283,432.6831177992833,-95.1247862154885,-473.59078475193354,-589.160685680462,-557.181057733924,-548.6569043160624,12.599935929309657,150.8794409009623,-365.4478407802086,575.5696646087374,356.21496455773695,-770.483964615806,-640.0956044647862,689.9563434709692,40.84212978205713,-464.2603569548364,-119.92448475605812,-476.7385409590718,33.5253520637503,-211.48091336183344,285.8379146463785,-516.4260345580699,-861.8576549246767,-203.38486654461337,-261.08673015548743,4.039488759443456,-24.379857485112023,-109.65701694506018,-615.5945476532703,97.8862389592659,-768.4140159855423,1045.941423073209,149.0321196582245,148.21616394442123,-738.7775349734408,-415.493442123736,131.01561093849452,-187.34450946635476,658.1795570385992,-384.33673557639486,43.72983738441149,442.1338806394901,-293.4613592135155,-837.1436985124474,127.58007684589532,-454.8114902021636,325.35490588400273,1083.2338028290715,-344.0388031633986,-23.730911612103597,26.736755791432394,38.45094130071642,41.37754170298629,-183.73926735875892,294.04917206527676,-439.0945395091039,607.1976066035468,459.78940111453613,1118.819137254534,-230.0439956234165,-304.4930349486217
-2159.4118270422005,-237.6811192845947,-983.0815556321717,-1241.782747743072,-656.4884748231187,-1351.8538993248885,-537.8477572832004,-1462.619748748767,-209.30908121773112,-631.6637518263535,-408.0718350199259,35.92050352913655,-939.5042427503713,-1137.425324514845,-211.0763613675171,-207.81198193248878,31.99834312193735,-24.891451428507526,-932.0558616053926,-71.04533846043594,-236.05303033363236,-816.8837178339343,-1513.7490111810869,-550.1993434177443,-1604.7479753951282,-603.3537335664136,-248.08319704562987,-917.9704185828988,-929.1034299702063,-844.9611147270786,-1252.2158901040625,-113.78133729038598,-659.1110441448955,-186.21820276128508,-616.389741372841,-1330.3912405227575,-1703.823016357616,-466.8828870648935,-1180.6356651221568,-1213.5667940622536,-429.2189626735015,-220.98391002564009,219.49497722602396,-775.4016078422707,-96.29467385894591,-1452.3158265497996,-593.1590172691,-94.44788723480838,-763.6086477388515,-383.07675614684706,-183.5584598105449,-42.06124864795562,-953.6912439004815,-906.916197694138,-241.82855128954665,-13.384835836830986,166.19889955789264,-933.2077996815752,-297.12626943480535,-874.6469658818952,69.2907443890063,-102.70206032851215,-583.0617314049393,-19.488186461971313,-2114.626865879391,-881.4887502625479,-679.8588614223318,-345.9975091459439,-6.4440709125441105,-267.4293120044233,-1870.3863185008463,-701.4043139981258,-814.135960939815,-319.0342989918722,-86.16616419550654,-651.1887155419715,-517.9451613026796,-258.81230172670644,-719.5343613424142,-2092.942204722108,-1467.2771771458133,-598.0573821783184,-227.9879174163244,-1077.7618564655518,-128.34319203264522,-1360.6384470504047,-1250.469265488364,-148.2697395837474,-856.6554951014751,-721.9843227408825,-1041.7070157433527,-721.4926793969992,-1204.1357003568526,-676.4928270473306,-378.0950500836093,-1420.0499253476444,-294.74340844708564,-2296.071326861781,-993.9483848427349,-368.4970576568749
-428.74034662022484,-437.0012050532368,-331.0014127130069,-258.19311407530273,-193.75843609369105,-532.6663634832139,-600.377893817745,-542.4232957803144,-436.2896620964434,-748.4038416334662,-239.24326891979032,-433.93595400577686,-357.37440532992315,-390.42970673933814,-424.7765174824376,-463.9300816862501,-160.2659665498259,-364.2561468543382,-462.7973015056394,-347.39978533755425,-653.5278063437285,-276.9339623351434,-287.7087707716297,-434.54707056349946,-524.932166149539,-285.2550847523741,-351.8580531747137,-375.3478496795498,-602.7150561186277,-210.4587023519617,-521.6835118731519,-437.41018983971185,-224.35914343665692,-617.4805055281537,-563.5612351750983,-309.76693404128264,-566.0858601748613,-412.3381968535985,-382.82592305590896,-294.91691006164683,-585.4195888880171,-331.0024745529478,-484.63648130810833,-580.1562688114659,-281.69139133851917,-454.45873865202356,-603.2022074640164,-312.0282255387804,-518.1356471271706,-484.4577969820327,-187.48714845297326,-476.46087171758126,-763.4798881043542,-782.7496275530996,-267.49925148472767,-290.24016778216696,-362.7558816674824,-400.74653311560445,-305.56689536089186,-360.80668161114136,-478.2570973165257,-287.19842762511746,-496.7874349991822,-458.28105360849946,-379.1782330607125,-655.1050920791747,-376.9969042987304,-269.7615607052847,-301.2278270089052,-579.0722039549366,-342.70764683539,-281.5745273023544,-561.3539116516546,-416.0699996097398,-300.8927561237404,-750.7159606204467,-226.82058914608766,-495.66247732518906,-586.7353093520065,-434.94674840242703,-592.6858192109432,-415.49022648828327,-420.69405555911175,-597.5902780807564,-273.8037568958215,-379.96907083236374,-476.27209645902127,-236.5222050535171,-275.77639716951916,-326.8171375793427,-301.7382379439787,-663.9778581907797,-225.76718992336743,-646.7679784367281,-196.60583137645037,-445.00303956238173,-906.4574558629383,-302.0683946185766,-600.6811993930662,-563.7382249748155
-748.7568817491707,-643.9529123531771,-443.68849830641585,-540.4981934818263,-334.3498006612412,-936.1323764609772,-687.6371823691563,-853.6895257894704,-388.14282404424875,-591.3753668807054,-475.5417584512342,-466.91508017375367,-450.8808391083213,-582.3901121404057,-360.28861079258894,-582.8863148522227,-408.2423148475189,-405.1391694140498,-602.4498879357868,-446.7822840135571,-557.2168949284865,-558.7175177732656,-540.4611408101969,-485.403813216924,-731.1673470032861,-428.9741794398062,-581.5712504467486,-614.459871008271,-633.1622332678306,-373.9947259182826,-781.9730033676645,-614.9019121926594,-353.28922495692603,-482.94648199622435,-560.6503500095052,-531.5455688379732,-722.1413253349773,-470.5104883098137,-725.6597584984074,-475.72045621403066,-564.1206066670712,-652.2146388496218,-668.0087711539353,-657.004463695713,-438.22512312518546,-721.0885286617265,-628.1735950500523,-433.97316517635574,-447.5857486064401,-460.8697626581454,-445.29244344487927,-522.1632884631148,-663.7103927406911,-644.7658030444827,-442.06505706073386,-528.2322563493567,-528.9046972479074,-490.5474707762537,-537.4137725845009,-550.3443233680375,-581.3612784586941,-510.6449108211423,-578.5403063570302,-578.5353686158256,-1023.7097691216278,-665.7335024069183,-536.9351119451254,-497.69629018590445,-443.1527494365928,-753.187696983763,-536.7463076085328,-347.3939577021717,-604.0634398510678,-832.5545667532747,-397.15254769591445,-1048.9569778660752,-288.43186620814066,-489.84978363436085,-669.1403512448314,-765.1998655771358,-720.5211876614577,-490.64294882293746,-702.2156559609565,-748.5981340808884,-551.2525257289678,-593.4105740184077,-566.5890441254587,-293.95799202551535,-363.54653930512814,-578.7188296685698,-651.1717456432125,-608.72073418488,-381.8081124965196,-595.9947229638417,-263.3866880363911,-461.22913965661246,-641.593169615159,-646.9466359100518,-550.8852836588833,-831.9232921385329
-962.520673526681,-676.2247690466082,-371.6547841093711,-574.2783531584189,-412.77751677220505,-670.027592895024,-340.8948484565584,-716.6411589821872,-500.2133251214325,-644.8229511212916,-326.64931865916367,-361.41440588125084,-457.3013947873154,-789.6178625681915,-269.1922966683961,-793.0945961491683,-225.78472223727337,-262.46603959875677,-565.5512594850455,-384.6262337360585,-459.63296769300456,-569.9161468057401,-757.3646824294057,-414.0384441851443,-939.7110670798991,-436.36065850715556,-390.6495996749386,-649.3489639754752,-523.0885486429466,-291.3081295107409,-608.043000659675,-666.5944875727675,-331.93333088814427,-391.6752660726199,-530.5346367864788,-517.4598788316619,-914.8585091201885,-445.0942032949827,-625.6942887248247,-647.4737261614933,-505.7826835331413,-408.6529740419918,-460.8679498199307,-545.8752893771813,-171.7935992909672,-601.6509327327847,-713.852966719484,-332.3007227319716,-551.9057727890291,-635.7668732536335,-237.5941153326626,-238.8054845663647,-729.0929235357785,-718.2018326922931,-420.4590208787144,-240.27324200952475,-518.4337289058653,-438.4141456974132,-432.78409490577167,-340.20258417549087,-491.6887007582348,-207.50534588978263,-465.2379560472843,-436.29212653148306,-741.4739956893142,-782.6885240249287,-191.1102452076968,-456.48604108776146,-214.00648997951672,-574.077585173296,-582.6653617848128,-331.9389692958496,-470.57427689513395,-715.6752377731518,-353.0410783259883,-606.2854928559855,-309.47260843406474,-519.197885222876,-410.8041130914306,-711.3497787651053,-548.3483403032225,-542.3892347398032,-539.6727338676661,-510.03378521869195,-288.60129196259766,-717.5827393034466,-536.192715439686,-243.06460951505937,-326.4731458895174,-327.43807512243376,-609.5758185787129,-652.4725470535545,-659.6650321455741,-521.534426362389,-326.8552546795888,-737.1533818151797,-390.7451389442709,-915.0770556987585,-690.9084555115854,-674.9601365233044
-962.1016666648881,-314.5538309645373,-564.7460826396137,-522.2089654974848,-361.9469618999707,-717.1902176845223,-721.03634289048,-865.148668214785,-544.6298632589256,-764.9938229909726,-264.1178935342792,-129.06164215981818,-689.7214112312199,-554.4141518667358,-186.91455242835318,-116.5591021523757,7.263388539784486,-77.51173163674542,-793.9364911845915,-412.64285101566327,-645.1010685941052,-558.8948052048514,-455.2105704561529,-764.2939288432278,-751.6402493079482,-612.1977951125248,-60.552288759191214,-580.0036184118543,-353.02461469139223,-634.0981531164715,-906.5747875534447,-162.71284626728055,-346.72117383410813,-495.7850251606747,-664.1640582858039,-954.1781170333435,-837.2832433191058,-424.1202623459209,-496.3959477092584,-646.0554151681939,-372.6924756917965,-399.29647517742205,-130.48070833784863,-616.5368087944289,-268.4462452907442,-579.8789011007367,-620.6062885831102,-270.8264894167486,-468.15834819436463,-709.4563833723446,-269.0426737771052,-143.5169361388067,-1035.7692246048487,-757.3468325087057,-96.46394892332255,-291.6098049382655,74.65735850837879,-481.10267754635385,-319.4617304864837,-695.0733082256029,-217.85443055029464,-213.1995966439569,-479.99541279568587,-391.36781932110875,-1088.45138113336,-650.3662173658256,-554.5996672609109,118.36958231257303,-295.47998235641603,-160.33158748719114,-1082.017204116494,-533.2867954386896,-650.3810619027691,180.50040531719768,-166.5987830516217,-782.457103269587,-509.165913713779,-652.6660285965709,-454.7815001930497,-999.1782438132436,-1094.3603863096073,-273.60409052058526,-229.83526005328287,-630.5665559731938,-301.18397874445304,-973.5637300279537,-1401.5914323786878,-221.40920524200845,-387.13602229801205,-739.7847822526237,-869.8201728754149,-694.0293641837712,-333.1650082442627,-748.5657062908197,-203.25211555756462,-571.0585478316891,-1026.9948865389347,-1011.289858270175,-457.1122669608873,-781.6567101979498
-687.0660968100949,-567.5910709507733,-410.53496035342675,-276.51333728968956,-229.6019751080758,-557.7954010713266,-346.9557596047571,-584.3097679609547,-343.49192332846155,-472.39714226123124,-285.64114260143515,-511.1581983291866,-395.5183038236231,-351.3544688376515,-301.2041925569778,-716.4818530462371,-316.8613206543236,-318.18652106882183,-376.3811856567349,-367.12506883569233,-501.89195714719153,-270.471029198109,-461.6754506646907,-200.4792789847367,-387.0342694362268,-266.1058100398447,-471.0988551443911,-407.09468504376275,-458.4163869629882,-155.86446929292492,-568.3716132185384,-501.6703877926391,-296.5377773882058,-445.8801009648561,-384.01339923995346,-199.35851610690935,-688.9649377657928,-312.3022176927716,-432.8510596308343,-432.2491936767672,-388.7410341602727,-522.0716373666596,-560.9498435710867,-400.23793016060375,-265.5961868451483,-505.5015310882641,-395.10915936681545,-312.2526203091479,-308.423836468569,-440.38506986073145,-281.68545805135346,-453.30394550397256,-402.8486667126054,-535.345982451638,-373.1423369848537,-376.50459229975814,-522.6551748478936,-266.12842750490086,-485.7230219799331,-281.3449474974508,-578.8077959627329,-302.8080942205604,-374.15244016477925,-621.7572199759751,-352.89480202970134,-496.30070638019635,-204.45179858904578,-444.7804547628661,-410.897093514367,-639.8730984123346,-95.6228075578852,-320.82333731563426,-385.06794844045817,-654.5683386891849,-307.2527069513183,-505.3029181482351,-193.98473814197837,-456.69409173827876,-396.6280543795306,-279.2051104865671,-349.9444769344134,-373.98322832501174,-640.4448996366161,-425.47395405116225,-378.96094459149185,-279.0041580530417,-415.9341234474694,-252.40644361547047,-275.60515259813747,-267.46744069335404,-306.5042933432957,-496.26884982273117,-244.0990201845679,-385.05883988909994,-237.47906375988748,-342.48734603285203,-491.86745934047997,-445.69083293559584,-410.2075122604075,-480.70305420529945
-1155.2281504856626,-828.8326464384241,-628.5284026543662,-807.8303178605903,-487.94603586915736,-602.4293708214846,-550.3806609349483,-657.1118372990625,-479.93906428443694,-609.2910147188716,-652.0439684382267,-712.7198127354305,-565.9991012200711,-793.7608664072274,-294.29374992795823,-819.4046570844504,-577.5080016653701,-404.9994606628244,-671.0077997872821,-613.7111557223328,-552.6956497925469,-1011.6335474274172,-763.8925368345799,-750.1011910273922,-702.6570757530931,-381.04573732918226,-761.108037682375,-577.501570358204,-628.7265616214132,-306.773483647611,-794.7413445546194,-923.0915251811904,-308.375982875383,-453.4767774452482,-529.7319340544633,-594.2362477573638,-640.5788396462269,-452.8904628749381,-776.4545119272009,-529.8902872125075,-546.8324959484427,-964.0318003307852,-983.8911820663807,-901.9929210731461,-480.17871995518277,-978.6473499890269,-903.2986113294851,-527.5338316844496,-508.93933758865444,-515.4841712243849,-489.4373572668327,-485.1864062691156,-845.2923640713266,-705.6093595665753,-615.4958837584857,-632.5395123626676,-946.5399247136068,-455.9757501383862,-606.6553333220611,-699.5375908863938,-739.1234427941515,-474.55671371241965,-679.4535774290466,-811.5861014416118,-890.9396315193195,-692.0684103223662,-472.79572955605005,-587.9072971077549,-469.9588567004793,-695.3818650149034,-462.36735429847505,-402.65474441468984,-626.2011390166017,-902.562579104314,-379.78545547066034,-816.7784282934704,-484.60448008277405,-620.9717904425057,-663.8807123065986,-787.8819057205754,-732.1112734201138,-446.1096536182726,-955.8401782008913,-659.5176724085527,-639.4081142994594,-958.8933523542623,-656.1319413172635,-320.71347157519614,-212.7262530604305,-532.9428917222668,-864.7241029736304,-812.1323970257766,-514.729345296668,-768.999651858912,-370.97918097467806,-795.2543451121218,-551.7752345128544,-1015.3687825329337,-482.57493727527833,-794.4780478610294
217.68719118353496,212.7779967014555,-231.240319886299,-355.9406400176339,-241.71546459306143,34.01389435545097,-310.51988545332057,382.13590336083206,-25.779093672468488,-359.8803654048672,-478.89532178754126,-618.1687100015489,-864.3849671174452,4.989435608915013,-282.7009328908904,-125.90944208961416,-267.17037808785807,97.8477004991922,66.09535838142669,-304.70769047780067,-319.6294978773375,-244.26205664237287,-82.59829992882155,-463.3507741405797,640.6109793184447,-357.9586991532135,-184.36516857754518,51.15094391525295,440.11434861001976,-199.7535500495461,-95.94359083843395,279.0602358672479,-472.7960243211289,187.98025628950782,-9.276360134812402,-699.5566541960059,966.1543037711702,237.5202833840434,115.81676364936891,79.50025415641313,-99.38511430090983,-20.460347780124177,482.1117785994086,-15.120089371129351,-364.2107491375256,146.35489627425065,628.5562413650995,-211.59593410560888,-463.943056783879,-185.83485431397366,-291.03153723810834,-43.353767754581064,-14.276670619737038,-71.93596020893294,271.38375678350263,-272.0721792235204,-137.78814482974974,-224.5142935310959,-604.5684390437375,-164.6020323218951,457.16469771171296,-222.783534411515,-310.8969693321642,-608.7725062850503,536.5076410685082,684.7317959128295,-157.5785980620355,457.5403354272345,-194.87201699689462,488.2798732157218,-532.9848805890422,-933.8310692129721,28.51993876067171,673.3463859420737,-170.25203672379132,804.353426794969,-478.5463710761585,-28.95940058915532,186.56522525067675,348.6585054892472,-555.6570059427047,-240.0556491146127,-52.97075927451767,-152.1010027718713,-305.74958965350544,-10.848301043596445,-911.9580200135515,-356.37501253018524,-366.5595918602391,-593.8590129984946,-154.456090668465,-438.6752533784585,10.41104394798096,109.49278275967808,-384.0363818292397,-348.91670005893695,-550.8643947681408,-251.98752801604695,-13.378997286229703,0.8979843525956331
12.918983974598314,-1309.789803083856,-316.5357102890601,-239.08877609256857,478.34772396481577,279.1665996898587,-236.14052287327806,-10.092019604982138,-1044.93075976865,-922.9941605974186,-461.05333191823775,-861.2999898137776,-10.150420720999996,-784.1120693107139,-473.87880158515287,-1340.7766710693086,-125.32071118917807,-734.2051210983695,-351.1674549322346,-398.5763177614618,-930.4953908928919,259.12162561899163,704.4005775275165,-252.93897968759075,-467.62205869830217,-194.56997629082952,-686.9272044952402,-487.1804040348089,-387.80386464979244,728.2785394171993,-142.35766220811246,-1356.2634595906718,246.23518975933555,-1046.0698009845935,-264.9297092466206,435.09642546119943,264.66541266025564,45.697026223057975,108.02274751508412,292.5031473826108,-348.16972873122796,-690.7544962743881,-1733.4996280216753,-958.735155201787,-534.6570250456253,114.68635395950106,-1058.9255573363828,-562.5490814573285,-495.3782471853805,-187.3788895279238,-352.3548147894276,-449.1029055944135,-773.6861549700211,-458.933847861613,-586.847360514334,-484.60036435443436,-1030.2650338889277,546.833911960545,-694.1862128932411,-361.24677997461356,-976.0755446956997,-466.1112698244503,-853.6704564516266,-653.0514150392703,951.9397581658948,-620.0084131179137,264.94965467387453,-572.5340956231694,-431.2704443808683,-1330.4452925702692,2094.0937501531316,-331.3121854652988,-1009.4348746889007,-689.5449654474427,-842.6890599840619,-509.0455136372414,-161.33308516622122,-521.9436666655228,9.733846879380646,97.9750598882634,125.63252206516108,-597.7795479916213,-906.745427279716,393.37735502438056,-581.2403407188579,-141.59340278807784,-257.4655732490454,-367.9430871835891,485.8906201392703,-327.69465074538994,-77.99510638015013,-1169.9064705254896,231.86400218962106,-561.0623858373162,-475.6628031521661,-86.74986760234434,-936.1077026641376,762.7760448166956,-427.9228335024819,-79.51475611282372
1092.0920747514526,605.3224662468348,66.67841210792163,192.25358758892028,-261.77949638692144,43.19807858964309,-1388.0769835902584,174.52451440130457,-206.3431700722665,-748.409898972714,-597.4238041835903,-253.66983557442342,-382.9105037503642,267.1312285800079,-934.3213368560855,-173.0255009839823,-488.8393970091976,-131.08335417912835,-758.158189383695,-886.8083922531816,-649.8424965000793,-252.04185382019585,-1367.5675490688875,-1173.671444720356,950.8760395336766,45.8981761347096,-628.3696132284609,430.559665324974,354.73133861913203,-240.9387177325707,-948.2791547738548,244.0594367386701,-231.96997482042744,-534.9227273504089,-56.25411155773986,-713.5580333459424,-60.932886685980485,40.506637072383526,248.82369965688164,-245.20012513472017,-679.1261072290066,-487.1919999285833,-263.7515861596946,-135.16994431137948,-570.775258162394,-245.62118498263973,-55.13263303159348,-644.3678509756799,96.85075001617726,-657.8623775040774,-222.12601293607204,-817.5925464497977,-83.0012806275042,-629.0356999948611,-125.163706906377,-1003.8483235290403,-97.29039946385727,-817.4645571834595,-703.280899642122,-325.6513222389132,-461.86332856508125,-376.80138872450965,-532.4650561218833,-1494.6632460463861,820.8447777584857,910.9409053519405,-227.0160934602069,-62.92595683763239,-694.9834267873812,-98.57959128639614,-370.8259730277986,-487.7310670035016,69.91167160020005,-121.90653077933311,-83.16929707278048,-356.59503942614526,-268.84442292912024,-624.9178052690793,-262.526431870903,195.24320858574683,-904.9625901699858,-779.6286144766876,184.7160674125151,-471.96858068918215,-698.5048424792917,4.3648942698186115,-587.1246628430337,-567.8767093629432,-590.5205343114244,-479.1954979712513,-349.06964232465106,-836.9955843715028,71.24330827258467,-84.250486294928,-395.262229716257,-981.3730941808642,-1216.0917095966295,-676.4175631437845,-238.16338907330763,571.3904779386271
-61.49086871676469,-424.5944737336627,1304.6673441841963,601.3623653098269,677.614551910818,-135.931881405453,849.9475448375705,-56.10092364160678,-511.68316595125685,-814.835630788093,455.21173206249125,1167.9751418954747,1204.5254595249316,-33.68872838886361,82.12816144307644,-104.03601566677636,700.4229483268006,-444.87286971637366,628.4164610568992,500.28981940271285,-123.7139888096172,-25.7237985275565,540.489914259688,576.2205007044901,-957.2864637733172,389.32423014020446,729.8270029063475,-936.5860574921162,-227.01646431882423,249.71729234966293,-408.9181987005918,315.69812926939267,258.7721915418149,-890.7124494838823,-1258.8327328598284,1413.9800206550037,-403.13475490674006,-436.1714592450672,593.2181684422587,1092.8462449336828,-200.71126607577605,630.2908184944722,-103.62824555542728,519.1171951999482,570.3484191828546,392.79319419750163,-1476.704216296689,164.03170702326358,-1252.7706102946515,-524.8677838279456,1034.8494860754402,301.6815406488067,-1362.90883282324,-362.596550029114,430.7258822954811,776.5815908628925,311.2450574924599,194.50975897582387,756.0619467005515,371.6213807132064,695.6399942377218,730.9201912794086,-10.01279894296573,685.1464190111087,20.959401600349505,-158.28049355002446,377.0895228474555,317.4047705436278,1320.432682265622,-201.531975219782,1385.970460960091,778.5146667614689,-587.0400822766014,306.9268398889934,-300.7706466672804,-1318.1255339769907,557.3132050029274,233.84363979054632,-253.87095111803836,-582.2083631737817,1194.8820195578103,-587.6205736225934,432.3400153748858,-504.99983939312,498.20719351141423,494.6451261440451,729.6790873248568,399.43195072541096,635.1585265554495,549.4572966346485,741.4310753197614,-355.0163195171886,-867.0322168341379,344.20654647973294,54.04106071889816,1179.6187685138748,-524.4191485708616,1459.5579502229004,-954.2671133667836,-612.3726143324927
5204.704530533819,1377.8038192278084,1581.5202011688586,2323.9232229431154,1142.8077712006866,3236.976444942694,559.3677653853722,2243.088422863175,1146.8340086274125,1704.3951784863282,778.8256767717505,1639.5932360498703,1729.6742676404822,861.5517762225622,971.5705975623932,1645.653240741541,871.2220635922458,335.8983873942044,363.19503271662074,-67.50755171381344,2686.0846417660455,1730.1230374225674,2565.1409391820507,778.4876987485824,3199.2470029593505,620.3194439067697,798.5455962746349,1707.5247503687792,2912.913990093481,1121.431207759869,3061.8373392105977,1131.104507585146,1316.0740734800208,1607.710021281028,1348.0079222077911,1360.8005919419754,3182.00581465008,1028.046732767856,2798.4862618140824,2788.33269077733,1605.2816165364316,1420.8631367691871,1627.0606859430188,1536.2573782263337,677.8876911424255,4239.732056932879,3319.5957035415436,404.41328203408915,1548.7366296157982,1924.741268412195,511.2743264129258,585.2865304733556,1835.7950889830483,2226.5217190293743,930.9265185381281,452.04127284372026,2125.310403422078,1623.8452278503012,732.6942998925383,1133.205446892221,732.9329912592201,926.6572002385489,1427.6661594597504,1591.7487073083494,2845.1751522383,1841.4966567859135,1518.674948466572,1115.941296374276,206.21468119606536,1133.6597135811207,3113.4824302437446,1769.722760016281,2083.0104923900717,2690.4170754444476,371.34786794856996,2892.1444187002908,880.2994370283312,1733.527912725454,3166.683771586604,2128.635478177399,1450.2022925367357,1266.954075229447,1813.0761871468433,1939.9758099384942,626.5433156922561,2649.628184539605,2966.9442585452925,113.08653587960262,1304.3673462173358,303.2593945716318,730.6494837608648,1078.978139322995,3197.0324433365495,2468.063072809603,379.9432578951751,1915.9212419557787,2077.99780959637,3275.5885517051825,740.8522987628638,2488.2946354196765
2530.482487757383,3161.8320215550225,2927.6111398600574,2375.7671257981497,761.1473261512855,4281.756171339524,1360.4463784665943,3344.034935962095,920.022003043014,1921.863129189542,739.6376155837921,1700.6091961260456,1171.3506342479493,2026.0386967814843,883.7598274526576,1803.7213141551733,1568.731357260584,2017.5077111847302,2688.352156487883,677.1958400097996,-46.0005432194269,1521.3100262683063,1423.2371946740996,356.533709594478,2585.5627203019744,1242.610444187938,2280.330975902215,3454.129980816107,2921.406988389003,813.8668760768742,2800.6454734917447,1959.9568806292502,1494.0338642049126,2321.1612527034404,2868.255666686744,1931.4647998339349,1295.0112599000804,843.0562361197926,2362.894201956211,1437.1496765015995,2263.290220695459,1816.8151389888474,1935.1964917388182,2638.17709700239,660.3948528705408,4306.051334379278,2175.378375325727,98.53985528568688,3717.3610705328256,1493.8992815593808,696.6626891895265,1291.0566969198212,4252.676963640537,2128.4169813004696,1799.1740274836593,878.8960523906414,1943.1201361473245,353.34355909881486,414.7462016473512,2393.8263926469463,2365.3317616722493,241.4126675402878,2862.72641220345,1319.3687997655713,4309.866375996232,3023.506688703546,1790.2713564354312,2402.7197145214723,908.5899752081822,2959.007874252489,1764.303502354406,564.4383510398475,2876.567661732749,2139.535951855823,1661.4558794889235,3646.9875278575837,669.9341035818032,1120.9846008887412,3320.581692070772,2861.4160379948667,2742.901414164698,434.7770677689056,2285.0242219545007,3134.7021034504132,1117.7695285754319,1121.1330902655086,2448.486482664483,494.4858784140627,1401.2563242602164,944.6534064254552,2141.0615858837696,2477.7718868023712,1568.4394682696493,2655.2050542954935,176.09695445418845,3326.184886371805,1755.4180506028677,1165.5635632808205,2301.4755605735018,3381.331804145174
1755.9000051160876,-1332.899709525727,681.1330125075431,257.1745022580137,442.75804936031767,-118.83131549650479,104.4978358740811,-649.1441371435432,214.22953595667423,-407.8425202327241,-117.58059514223622,-424.9869813085158,-868.0871763141605,-485.6537963037152,65.97856943851927,-418.4485094734813,-409.26580516813095,-1235.7948705479394,164.86033672452598,-400.23609585052816,53.47340151590772,733.4382423083133,1947.7806735521583,1598.8381031196388,-10.57504850982029,-487.31128595026433,-0.7639211936963456,-1660.9874557598296,90.99538127600307,-125.91913223756852,-417.24301527187833,-510.4725688381822,511.9320919171103,-820.1178644457977,-1587.6786503605115,447.18185213583587,1866.3086617283361,-838.0178796488188,884.4600449131108,1310.5374973462783,-54.725195188244165,-858.9242038676588,178.98528624818172,-211.07980266535915,-248.99686258416034,-215.66706060604437,-1099.360007743242,-245.71150655156126,-771.9270686140128,-467.9236856958886,-364.93207007358126,434.1674736391589,-718.347500691816,45.070546093386895,-1042.1769656073773,81.14112140408996,-295.43891484128335,286.7630354655625,359.72005774311975,503.08336197519543,-334.37421247928836,635.3628264617331,-572.7211123448847,1012.911029913107,-1048.1850056838061,-377.53503250706495,-872.3351549915733,-265.37356182494847,-720.1449692339338,-1239.4473733641946,809.8252593763101,516.1673618362461,-736.5893115841593,1036.150639742794,-853.4449259861507,-1234.021552813982,230.141208025778,477.9829147087982,-497.0350008969291,664.185435314518,962.4772902568384,-277.24769880931854,-1204.5867895875076,-1570.8631209440948,87.04160473933551,1881.6014968222323,766.1684014874593,-502.2222598321079,-164.13408495498888,75.14432838354656,-275.290987229363,-669.7789062696272,-256.4225596794759,91.69425306319037,294.51657281513627,680.9469864750075,-631.3539186905045,1657.1357292716004,-478.57681269904396,-498.71139087591763
-2609.117499703274,-243.73094838434704,-816.0897031010344,-799.2054192102327,-415.19808893471037,34.33208038595362,-281.9069811430368,-792.5219175068906,-69.71443717816095,522.4993955946493,-186.3883137479191,458.3058022691289,-482.74773391001764,-799.8139086512305,626.8347974381202,-45.6713343386134,-289.56775459068564,634.0813346104634,-67.74672700843041,-75.4827776448311,207.30384795962095,-904.3489957324598,-1434.7365522085822,-1383.7066844910235,-3276.413592314595,196.77766731355277,-97.15680960750039,596.8349335498834,-1196.2574565287077,-287.97841176468813,-162.4618373203472,-145.80886939339968,130.47517446540758,99.31435498406564,-559.4036696670368,-507.09801023744785,-2572.1784913912225,-675.2552418582455,-1424.151283202809,-635.6842648200314,537.7118127538776,-387.8126056529476,186.82993716241626,-662.6639953132894,-238.38702472231105,453.00244285491345,-1017.6187033319138,194.00883829003544,-413.1394426944882,34.438396935043954,-159.31327056095725,16.973156555715473,-1651.0985808939085,-207.07446472038234,134.65916744978423,740.9695528630292,-306.8351973185065,261.3654934097872,534.1858039313755,-631.0928037675882,429.2969019507895,-448.20020616701385,487.79747874595864,-499.73079552775823,-740.8113471463511,-843.6877131344943,536.3379213672353,14.894921428723695,648.854435729942,786.1637585673129,507.91390571156126,-866.245261567942,-33.96860610071005,-1251.4320304062342,405.76683421838294,-230.1325925070895,-1369.9687170238642,-1098.429302754531,-656.5513956811467,-1822.9347392688705,1151.9151079694652,186.17545240404107,1016.7019523226828,731.8849062119633,-178.53247022082982,-3533.88404458866,-815.0636298238825,120.87354041910821,1046.407176325362,124.64926332759336,-837.2315273081558,958.9592015268819,227.0883635255745,-1620.5037234477343,124.18666845101427,-302.60757148054773,270.6974797913502,-1680.2122614046805,542.2151974423327,-368.7265100396096
3120.708605159392,1227.9727337433312,1418.4616051048336,2477.0588986986677,1480.5408963712744,3315.0157571576124,2572.485213404004,4407.6269758534745,1403.1977149594916,3138.7328112230134,81.57164785240883,-611.6021547996004,1023.9509996053608,1810.8756038208692,924.0866402095573,507.98738131946374,-354.9217733235991,1291.6902149993427,1414.1094898304373,-926.8465405921366,1629.8499238555248,1847.3498399237383,2220.9081864892732,2106.548467576023,4412.938653648168,672.0017198390166,437.1772125763382,2753.1604964235544,3303.9919305535996,1749.565231776481,3978.898327627339,-215.89082776455038,997.4255537740804,3239.6954713451,3437.1247180285836,1078.4422154755496,6367.374265265995,2365.1266844502957,1774.7099416957528,2099.4478532916046,2583.160279553191,509.60977204510596,1028.280577219202,2157.6985563544677,294.55740981874203,1033.590043377537,4355.928619189564,-379.6232025463508,5113.912956547521,1828.5168948723506,-102.70904613476114,404.1565568552381,5229.914929967323,3770.6231655283045,316.4388574813037,-422.35140083017495,73.01740630344185,956.8598898527159,-684.0173299411599,1312.7434310456922,469.62289749419745,-114.34720692797532,2392.687694497244,1213.7961048902914,3126.7456656515246,3353.921641581963,858.63680194227,790.7739326839647,-766.3352006940892,1402.2508406039344,2209.0185832533066,828.0915601070622,2998.4744530392536,1060.4865077216332,823.0626532822891,6392.537936504706,1033.2452718056375,1797.7715500231975,3453.846356751694,3225.6293480478985,1857.488421864853,1678.8526584848114,-633.1387132062713,2754.6482130521595,386.07168378513273,3907.2455384192494,2494.1943346806725,-216.23422719312435,439.0848365161063,141.91133747332583,1444.2165510444845,2159.8486369400975,2715.1198758976184,3709.7511476158525,-499.72187160594063,4630.405608035654,4085.3436135522425,3010.33966353346,2256.0184097363285,2513.029043907637
-2383.3719579882486,-578.3489766955931,-1022.8820648159543,-880.915838122939,-1169.7904682095668,-1355.99729486452,-1322.5227350216494,-1848.697683293982,-1018.0484873708173,-1862.7641946538522,-415.52810794432924,80.29676737247152,-904.9185224086773,-585.2756664202069,-919.2267749682177,-591.6502394537727,12.804295454044219,-130.0437027681283,-248.0828808940812,211.70610963263493,-2836.294538455221,-1417.8001374278595,-1356.776961062921,-1513.937018560555,-788.8304022392969,-565.7226782721941,396.2570660433927,-480.0904356394708,-631.0690687209517,-938.8380064147931,-2107.03263642393,454.5131467266042,-597.1562552105383,-2416.6730536315736,-631.5865252736631,-224.13781663448765,-588.4615878924648,-510.81652154643297,-564.7883527277181,-778.5450315166112,-1852.9685094203567,-779.6743541386982,-1051.3716391713672,-960.6265816831137,-476.39994579915793,-1214.9035778674584,-1877.0233418858581,-161.1955589914455,-1885.7588612725851,-1581.8117792912835,-189.0590215502443,-286.7565868895585,-1998.2038138245603,-1860.3207829295268,65.5624234342429,-644.2671507203808,-359.3073247144705,-975.6587542761599,-199.05988284923728,-990.7374946607783,-1740.3033911140396,-194.93853526616337,-1804.7360797738838,-721.9865484503522,-740.1341248518362,-730.8585389805972,-1094.870674437771,94.45805083468188,-974.001881949047,-206.34197238443736,-1633.9712458922743,-983.9801252804939,-1859.2805149827857,347.60623067694763,-154.75336528050545,-2444.006956169002,-800.9512664610573,-1309.0348164496522,-1924.322214230097,-559.7963122109818,-1379.5193943845861,-504.1361002446606,2.0857607828051363,-1409.7610617203745,-649.2803339694102,-570.2921944934494,-3081.9356170225615,-198.27276907282354,-1198.2264701455972,72.8243954684182,77.53797529453809,-1015.0547328989295,-1368.2000551481378,-1253.2012970684896,146.41531827228673,-2604.2485299784194,-2950.1956964723818,-2646.1884538621584,-237.56135451438809,-1080.0461402441451
-320.229938436023,-769.6899251439431,371.0536048107099,-584.512292040465,-314.46348868279904,-1309.4240984434725,-1515.3753937383472,-393.044253073371,-129.52549465005094,-995.1774476766044,-271.7385753951577,-637.2889034002018,242.67085600942795,-438.0432224082011,-433.4742633097828,-201.33847461840583,-900.5050921215627,-753.1742917343547,-2471.8047236111347,-351.7221164730758,-113.26470387323596,301.44188813314736,-1970.273883900806,-737.9919992068218,-1113.163405227855,316.9082628599826,-1782.7453749296471,-586.9607369748234,-1593.2666171023477,-432.2237397014923,-1272.9842459101926,-417.45891982179666,-941.9312233782799,-502.18937576499604,-922.9026978379022,-743.8446151881357,-3309.9559500232417,87.86818639889029,-539.227514068531,-1307.4868642221627,-1120.9376925960594,-551.4262289962705,-1300.166628832109,-222.9628542521896,-480.05561491958485,-1926.313804867101,-1348.7646459438502,-330.50373148229744,-2298.7368805120045,-728.0271105532946,93.14816327156142,-858.4184112899677,-2113.149129536431,-272.8580799754546,-1216.5547845084318,-1054.138223092871,-853.5323067947484,-181.53456520759124,-273.5573940900451,-1333.4035615315158,-657.723473073323,-16.932624962416636,-1601.7365800637056,-1806.8754892122588,186.4323419790554,-23.279543574183094,-478.1194628476091,-995.9936487618066,-61.586355345815235,-712.287504409993,354.4719945245944,49.35754103513872,-690.5292209747427,-2464.147969131435,-582.8238065017422,-1814.8363109399352,163.56737845847113,-980.5074536451663,-805.7985662331386,-1125.24020008068,-896.7579205831072,-872.1245185591508,511.47126906848786,-834.5354991105531,-891.5647376119975,-2017.6867165120022,-205.4507615935725,-210.95496516957226,47.96498742883468,-361.6526797847733,-1501.2689157805232,-943.3338025619762,-1160.64621206053,-1286.1140843822086,-48.26274724480233,-1539.2787409987188,-461.22883166824755,-1283.442979189966,-17.911983623426465,37.541509193780705
1535.6306368507576,599.7522265378378,449.5249502490885,1013.802497428882,733.0937245511324,1525.315426857453,1233.4806104276956,503.4973678452904,-560.4914407684438,307.22722612089336,402.76178409084986,-193.24195479210212,795.6394868354181,650.7589109752264,146.88703703269715,-495.1912198330921,156.98323623291762,729.9882453299298,1428.7076894675229,-884.3505756590241,-282.2220640420535,31.12411314233038,1078.4302426702855,648.5662217538269,2650.1122377247752,1036.5723352848406,840.4872656994936,857.3463841201866,1093.3925122107348,1316.9670592874709,1551.204458588878,958.896437351715,776.5019204649832,570.2607922266873,1654.2416382665438,1427.2993583931875,3974.7370470122546,1512.2211659280426,678.0463350023182,1398.9698142284801,342.7622025076484,85.10170219774811,-126.17149978927888,1109.7381509359711,456.6353999626289,652.1513519529351,1796.2757896409773,547.4702386041232,1968.8350360876454,-468.65015441707175,840.6468590677132,28.448500453331146,2845.301709517697,475.3184553882114,1470.6000098693974,-45.57521372635587,-518.0424998846239,796.6576808903735,-330.7456741365339,1304.0825075727494,239.8996068219594,-38.78135008307937,551.683170859388,-532.7874327809009,2916.769760108917,1101.3598320697438,623.2523373453254,1008.9969343219182,-508.88163729007204,596.0307866067187,955.4942929531763,68.06786004463653,405.25473328172063,1450.1285350876833,288.51137348063077,2064.775520479637,709.2520064515794,910.5091358825259,636.3719240780313,1180.6950794533348,1564.3034961492804,1172.9995027751945,-1007.8614876357453,1612.9522350931156,-71.7025604059289,2259.0600155453267,-127.02299779808868,338.7496176684845,407.6007894621048,152.11180451161042,1833.351157264879,49.63679729806812,1449.8574668727797,1629.895714897163,69.34171091132539,1137.6741370993457,-26.11932878875445,1476.3439521644025,326.17857348950645,1804.3331583928832
3810.498981639502,1374.6866066941107,1734.1308342556902,2727.1433040369866,1160.9701701825793,2489.944911821402,2742.4135370667873,2769.1889764460693,758.7637849327352,1850.3594274160678,734.8532136933936,1227.9607933409936,1975.4542447704684,2376.667472213926,711.2816438940707,1526.6276434411106,907.1346369926425,1071.551420337877,1039.1232258234647,1159.747995058044,1783.8801180858454,1931.358660634844,1566.350036184146,2312.207757182374,2529.2827540551402,1184.8719642067347,841.3150188836722,2807.0811979283208,2396.4778179750133,582.7319569965338,2008.3605228521267,819.6411190450275,580.0977853499194,2000.516352838954,2265.73745391052,1167.7321750280726,2767.1169516235313,1193.132581695432,2552.778167054297,1316.7897808760417,1851.4472487138619,1657.9053901624648,1539.0732237536824,1853.76667855427,455.67325939863747,1466.3076812919771,2327.515410184639,741.5969592305959,1177.34268191758,2025.4613440652356,509.70867208130664,1590.5376989628244,2486.435905644228,3030.298374592412,283.8435904021459,665.7369593621032,2103.805871226122,1443.5839194457399,1563.6610972546782,1792.9707077481553,793.9861267576282,652.5694787824503,1958.3243729229873,2137.5060635222612,3056.217149149152,1689.147025866868,921.8804834878342,359.51323136456733,835.2078846937198,1532.2485306708907,2539.9136001629836,1575.0133580337417,2791.5297905856987,1439.7686387914903,877.3571307069245,3275.8767256770025,1043.315869714695,1520.4736759854009,2295.131126390531,3676.45193895608,1309.6579494042578,1087.5678211730674,2867.0442698507773,2613.6035041903638,848.2129083835644,2145.4661072672307,3452.498763813224,569.3648398803911,792.6584371373626,719.1297009386029,1740.742856359383,2663.433750884147,918.2389147787092,2785.9603385586574,75.9002541517033,2053.4690831702296,2719.4264255755047,3019.829330813324,1016.7491928799841,1719.677315516577
-1070.5903952112853,889.0515019533141,273.5445090264628,-224.68368477393796,386.24073166003933,-258.2044493247429,-150.8155103524767,-529.3638964740444,447.0102386590731,347.11428736031934,356.7988271374452,211.25342984886257,199.74055431056354,122.29419282326387,105.3891404550301,1031.2232852587415,530.1661275656531,-179.4580031665029,734.2234506621676,825.7157170252477,-85.14847670717793,-390.1259219728035,193.18535218156626,-686.8304568357854,-748.5685451438844,178.76212184470003,796.8471805647531,-1252.5749090784363,-107.2060549113504,-370.02259232100505,633.8549306536966,817.4932258828768,761.1168369242282,-202.05826122435343,-431.18639369819886,4.776052614480371,-3536.5780923560137,164.95778848939113,-30.529243025632006,-341.17813102181896,-142.42654900869627,427.7168638492785,947.2024534619374,313.5177773152254,342.7119186992589,284.0717500169825,425.24312676503905,565.7936381925937,-125.05726080589658,-379.2069207896494,323.9981554538927,-227.66347730806524,-357.14266128027236,-850.7512047268824,823.594788879192,624.6930717614574,753.3178758792167,-510.7158692974154,436.02628794936777,-1389.338535362371,987.2817664064129,382.060763626488,-272.60036370802993,162.20471694620704,-463.08753123687535,-534.5477071098795,118.11589194614714,932.7253898296553,1166.2830209905576,91.1795897527611,-339.2485408563871,-48.34781905887076,67.98228116857987,825.4754971809541,-102.38972725699627,-1010.2861213447405,199.32355923652221,673.770581754211,-1087.0200693027182,-231.5980482771004,-182.17018150461902,10.76065794645344,-334.7130641818523,-715.0267489460746,723.3309223392926,-688.7215930835736,-53.81856126603557,165.47473355832167,-120.12246222555375,723.8912720426731,316.0665164796372,-649.826041511493,-549.4415515878596,-211.36855751411508,458.84885865270087,-525.8991392966769,-899.6108112477425,-586.690179317026,111.0016971965369,-244.8759335596762
1674.7710332548208,1883.4701496687505,-533.9186480437909,81.38491914645151,-237.26399793895695,1613.16563117379,1029.3784166124333,678.1719049906844,434.4333218830237,1166.0304345811035,436.2951426639514,1635.0118457998033,740.8823460930369,-79.51675546226488,31.699530658296194,2949.70943104209,838.2973994094255,1361.7235431960773,-132.194225055943,542.1879106312559,2189.211115084362,442.8493128749773,436.6953984976987,1810.8725528697457,724.4062540949544,209.7696677230305,962.121881005478,1168.1984484445002,1182.0334639109929,117.10524980064191,551.6762798299782,993.4146831196459,140.06739116415153,1303.7239141814916,999.1041432377851,194.7760870383207,2825.229801395173,216.26826526224323,768.754524320163,1274.0345234142915,1143.4966408312519,1080.6772473590445,2214.048035691308,621.327035680266,382.8689168922858,1083.1164070427571,1460.3577016539361,277.80961469670655,1431.398466630712,1539.4232442843363,434.4233627310063,1389.675214292079,616.9512992048876,988.5563941496985,756.5044781413427,671.480923291433,2078.401462145596,281.5723902634461,941.4138471251747,975.7710778637361,1738.83706615494,810.4080722906333,1719.2239894020831,2902.15109329285,-123.33041700265909,1016.4476557742337,191.37470850758848,590.9901691759145,472.5756246250752,1546.6174933071036,-716.3636003473575,883.7166583851085,1115.2772280708623,2534.6248702804387,888.7738250151625,1460.0488675868871,63.96488991090076,675.5413985290867,1827.8888210905604,294.631656098372,-33.79789494106882,699.9356704533649,2105.5896759598168,1271.256165167488,628.1775900237232,599.460315927647,1911.690558161527,408.81499122413476,154.0755726314696,63.24925330330654,183.7520845321404,1082.0262324165049,803.9092967109759,1120.3060678961463,192.4670269190922,905.2289767211828,1951.666506956955,867.8473610802009,-142.1046475970585,831.1529651031534
1625.49757016749,272.2334094846237,845.9998561810237,915.479126750718,869.9495628117486,1646.3291979704845,-240.0697698485852,1597.6863406894656,150.98033457357442,1189.133905272527,891.7049536591809,-1077.2514062266036,115.25179755502833,442.8141340951855,644.6672619099627,-3167.7936202134974,-152.1717419744507,-260.30989910191977,1518.8594159098552,171.71477066197826,-471.27099963090444,-603.2245909245036,889.6099421089192,115.30710952714911,463.99221627255156,634.3633175576696,-773.9082220507631,1250.2233823584377,145.36869699454755,1021.6891335032454,-98.01832025142173,346.0750926288585,376.3970089310966,1207.8984901090405,664.0470133543483,2842.6014839277764,-1100.068763291889,339.8704955386273,-13.83572284318737,-557.5095861063128,-20.26996313150928,-104.7959706927415,-875.9718911595237,1271.8288294150384,700.5919702042744,231.16293711248755,1268.3863657196946,293.51398451575017,745.4053661529417,456.5227623786165,332.9733928579377,288.7922271053102,2453.5060039472437,1081.662489425959,25.10025104438847,-6.812374018833005,-1350.9695108321996,109.33611931643318,-174.34594530603368,1310.3673240076484,-856.3328073998166,77.94317832465003,1020.9784491314591,-1827.5168622217432,1870.4763547848017,-180.42374724847207,-558.6420010301937,-1823.2470457105362,-372.16151228461615,-166.9630732102242,252.33071251705422,573.1242949189594,-282.37723046249374,-2907.6845116980294,444.6807274510776,2102.8661211117646,513.8397238962648,-71.51588502200208,334.90560404004526,1262.2751835651343,-239.25745880148355,-331.9217396911694,-1728.2279453795884,1224.8814419335317,264.5864956997244,-252.7991930275098,897.3183558916381,414.97562587585907,751.2784569561722,-26.87039659388207,1974.0139768152462,1517.588140898093,13.019891415615028,981.9134607532908,-124.29481277035623,1241.029676398474,297.7468933917929,2145.9505980702884,1405.9733998803822,1751.7717178450312
3646.0442159017425,2032.295877165872,1104.758763819654,3005.7414043207737,580.5182727884554,1929.6997991950693,1206.4880516468672,2501.896571160805,1997.8866210204292,772.490723558267,-282.73312348227273,870.882716467993,2413.4132795203004,2209.1639671520284,77.85005794548988,1729.2317695642594,229.10987087415066,866.7986116814412,1134.4747080017773,-109.81584952485211,1605.1253464456415,1358.767491703023,252.83417325395394,386.8598747618814,2826.3281824170836,570.9133576660342,-259.65404106506077,2023.5495726239749,2061.7998552041317,716.1393541052304,1329.814072308895,1611.9325727412088,625.0833507611137,795.1639716641466,1193.5215805152525,-85.25369233955234,1536.7720605200175,979.1257946882353,1801.621577132893,1454.0107198699288,1371.761264856113,571.3912971955198,1510.98332164555,900.0720147989015,89.64650793414258,931.4631846123405,834.3474588576148,-310.5876811734836,1951.8572913876521,1731.8795215241985,119.93712825428577,-472.7700342950574,2938.046673665804,1936.0546082804603,628.3504717647705,-188.96706848364013,1949.5372419124571,224.7448218130833,233.56158419369928,1827.5586268013196,948.0226065885743,624.4653947414442,1564.615815721042,650.3728561535818,2306.130103059856,3384.6181080995143,1135.9549720140242,1604.2637038076248,183.24297593988993,780.5876297382881,1581.112995665232,-58.73982589687003,2189.882493876264,958.9064348173285,1219.1896299593604,2317.8771817766074,1314.481133062638,1250.8397195979653,1905.85640494747,2803.920277754543,1042.2263189944117,458.1088253810462,1535.1911580121744,862.7549801164698,538.0418497333734,3268.7146862207505,1873.3804344537398,-55.73850032368896,208.44811089751613,1484.9894492792566,631.6186374875905,1257.3164977694505,2501.5958774861483,1667.1588725821246,332.194034766822,1794.284279217053,2579.725022942448,92.19468789137173,1198.4584504582974,2325.97683967666
-4806.787714110154,-1349.1509442109405,-2662.0968596662265,-2997.6713300843476,-354.8757655741874,-3329.176702370925,-2770.1791143381256,-2019.3140211111224,-1486.6473347195122,-1982.3058114131506,497.18654673232066,-311.94178057036737,-2358.318225248195,-2808.8308752235225,-135.44265132389364,-785.2932950206874,-382.9461172645609,263.2760770091549,-898.644331243317,-331.26020024055845,-1500.77090423689,-1703.1702007899696,-2836.701856821639,-2203.3690405521074,-3200.741633193627,-1146.472262887789,186.61720195704143,-3125.8916751836305,-2953.005704903595,-851.1835725867439,-1153.810190215408,348.0412416754069,-1019.4659280381499,-1070.277771095724,-2342.4993510387885,-2259.0191822685238,-3431.429628259023,-777.2541431526192,-2743.8282823798963,-2241.392984494515,-1653.1914383274868,311.862228242488,-631.7185958548255,-516.7310595084859,79.67273569002951,-1655.8454346688493,-1369.6568523569283,330.45139237041343,-2653.7386770097773,-1705.6614781577355,-16.555206973077542,13.54222059827701,-3339.440406520997,-1907.4440313994958,672.0072521827851,-99.784150399375,-1797.6152410372465,-1085.8568180433956,-243.95621995282661,-3206.733738181379,322.51229734002425,-876.3788000314576,-1603.1345056425805,-435.5708508084348,-3158.3745557344673,-3227.0102800290388,-1372.1649299659841,-238.74700162143716,514.8629418692767,226.5514943774607,-3512.373663485459,-1258.0929997216278,-3283.855827755662,-1481.2683267219177,-395.7252202883458,-3546.7033930554308,-1561.3829959445943,-1605.6818521865964,-1852.1095147868668,-4385.233459253605,-2851.0206077230873,-279.6751510756895,-1188.9451861626949,-1478.9242536273423,-107.80125279434722,-2892.4369572141386,-3626.9402801971223,106.51821166372049,-781.7598215969133,-1437.937351560777,-1990.538872455513,-1082.7151255905437,-2780.4080178534186,-1865.8906515619235,-13.310548617594137,-2370.0524827649406,-2386.8296708669595,-1000.6695069873516,-526.5407021396959,-2351.7533722989206
4507.142680860186,863.2096210489797,1252.1386734926025,2953.364518920549,414.71838606849343,2943.6149722196774,1403.6509180680746,2443.403498447773,1464.6400188568787,1659.3060910333181,297.29204880129953,974.1105859341642,2972.384965669002,3138.119113328835,449.762776540145,-425.14096550336893,122.2907458619105,188.79682201902554,537.8807073039405,481.22677694108074,903.4626299145008,890.5005913663078,2101.735044296736,752.7205597424783,2962.247843065457,1362.7183180969555,-465.0905509163138,4004.8112489957557,1773.3367310689343,659.1026504122793,1240.6744525112697,582.0457896862019,607.6577449184189,1478.0597968392497,1821.4611476113898,2593.242398294492,1500.286657712245,1404.2205707979742,1635.8938426227503,159.44735920632357,1071.637178349528,-82.8351280947555,432.3351984092382,1170.2508352530804,495.6988563884473,37.31206395131069,901.2173240466992,32.09794280391543,1243.6914670943568,1558.7900492160975,569.9780154393981,-487.5694613607723,1941.4741692156172,1552.7093189553664,-516.2904904701986,10.987990250157079,93.5605867410935,987.2228926536864,520.1704110880714,1532.7414476141462,-1099.7442572011385,626.2782202103745,1760.9102275124633,-1427.1889803945496,2766.5007738065046,2259.206569352965,991.9393289511335,-948.3000896365087,-75.0221566543057,381.82211076000624,2519.574237994085,1166.128850878648,2223.4952623366244,-1028.393869351421,731.8740523407273,2979.7094752208786,1800.4170078701604,857.8222239488505,689.4354868861445,3027.3490144581438,889.875864743823,502.5786307001417,44.229844719138015,1500.5066472676624,304.2886461487637,2273.7405632678287,3184.2825081990145,179.93740495815086,87.62182283212093,1477.1116091484319,2041.3413728238988,1857.5461809839887,1937.7865321247762,2302.5054855631524,319.78022808034893,1802.7889986086475,2643.3991650499647,-1529.6579606271866,2874.788400719555,2417.680776928399
-827.3941253865709,-722.9428836814533,-172.4570376432859,-1011.3781678556062,-721.8566241344259,-1784.9959165061753,-212.11223249747783,-1900.8694028853772,-698.155524146251,-1539.4585223402332,-190.4627659322266,14.323855263246772,-1712.5658540185589,-457.76995685333986,-326.1379590970541,-334.33555723676363,-385.6815120978282,-3.608587300579338,-692.7403576593448,-882.0379728101585,-772.867412926413,-23.268775429836452,-2457.4988966216306,-1241.8884709172119,-706.7863600700732,-440.16043006056447,687.3375704659447,-1749.9563323678408,-769.8523056288866,-346.2311542397048,-1659.6616828624035,218.3821159927029,-882.3649276242544,-1193.1308674420613,-1025.9397514783482,-2270.013521453088,-1458.0367235410883,-1227.8469541608654,-425.4999323412984,-271.28040004112495,-607.956160433832,-180.68041348442446,-215.18727306687225,-818.980883146969,-585.3284754729792,-70.75453607982136,-2396.158054004694,-263.8574086145516,-926.5568720965259,-2092.8019851387667,255.0879161125416,262.14785753051467,-1289.29812669031,-1047.252405749459,219.63176559646178,-221.60332944578127,235.93893234608737,-116.38330114121013,96.28326357759734,-242.8961029880706,436.5619538904622,-117.47482274961557,-1066.3870171505741,-850.8988264866442,-210.97297649203662,-67.19886955408076,35.647165027301234,1710.9014510677555,-790.7297919096534,296.50069506703034,-1228.273155794386,-761.046004028343,-713.1941368282922,677.9624057086496,-82.92912023647717,-2620.0574712335506,-825.3345249763928,-1159.348676284727,-781.8874951131818,-967.8838124478816,-452.8955812457415,32.45245015586185,615.1189255510595,-850.5324492962966,-475.1388669875228,-1053.2283748788784,-2631.2602025279643,18.351890899321262,272.2676082816582,158.33796702951372,-2041.9614165402486,-1354.842461667331,-793.9638795477018,-1520.8385777676892,583.0038457559023,-1221.6711906238054,-1043.844204616907,-626.187810272174,-1199.7693185754197,-604.621230763158
2841.5841374279407,855.1667330451464,524.8810910653152,1756.630624930889,613.4367840345672,2762.0279920959074,1743.14585234454,2504.0752094434674,854.1103342503054,1958.194039942254,744.8812183822645,762.1726274186497,1627.3512553682742,1730.973329400691,929.1674106564418,420.22684500985656,179.77009584544172,473.21546969510143,1245.0884658394648,331.50123482221693,457.45508312825865,1334.2524618638317,2189.44813018882,1399.5390632412627,1478.1927511453703,1126.13615601554,831.6939685499925,1449.8946474061804,1122.6718608866568,64.36880724770684,2709.7174356199644,303.33543612174583,587.9786369924918,1394.2028397114968,1253.6556025666077,1652.9206073519842,2708.8760659842205,2339.2730255561705,1700.7450538526093,816.2565406089976,310.6933515239846,800.8512806866443,1014.7644612006549,1733.6875008454301,421.48629815259227,-509.1003137766594,2421.133994077049,373.63583987204305,1530.251970822666,858.5217539825125,560.5980370901003,859.7216980236877,1183.7631195421209,1425.4583987603496,1046.9854925062923,533.006393528941,-294.3307718697827,1211.4276821681385,465.9127194619525,215.63600904413002,365.71278791948805,253.47824670924533,1237.420154691027,707.628406393698,2181.7163017709713,1067.4078615105243,314.4406803323147,149.65190025946714,376.15153474215293,813.3591974258327,1271.4522626370565,913.0722951646635,1277.6095250745257,1443.009583348429,31.687161738973842,2560.9268857307748,781.6275354760115,1436.8176880418744,448.42191778243483,3066.895108282921,1934.1492071746216,886.9173365433662,752.4571703752528,1824.179171009806,500.11525050813094,2489.1082006283054,1659.7196340628439,240.9514009012272,321.0150279257913,-70.88981813183814,2498.7714172822034,1739.1168881057608,2933.496667482412,907.9717520825337,131.3043084254241,584.0637820850033,883.6283522782904,566.5965873662659,2701.5822250126016,848.1241802966774
-3287.674225215135,-183.3723211865036,-945.2489802411072,-1191.8356977976564,-1013.4573515909972,-2609.116945893688,-1330.133076085112,-2497.86626447008,-948.409225012081,-1408.891536558722,-158.5065035040691,723.1619168517325,-67.46789977714681,-971.989214691698,-1156.9274377024317,479.64752186123104,765.5284303173376,-526.0505515080558,-1361.472834803421,1330.886031218552,108.90663366105728,-1819.8221316865656,-2438.8336505238126,-2404.5575944750467,-2274.62172457031,-584.8692205620822,268.6394687860486,-1379.0260615288391,-1181.4895270499378,-682.0281162134755,-2757.2189382051683,501.575608465943,-404.0386377232684,-1665.2137712442639,-1960.1322823596715,-2378.983737387566,-4889.166222910366,-1073.4935570747439,-1309.2484658417122,-2321.232567909673,-356.9263415242788,-570.5615453376278,-279.2988796560948,-1604.1589397373739,149.65923440579965,-545.3779748852726,-2902.7460554236086,462.9748465087615,-2191.1362751167544,-1340.2413381158308,549.4717431608167,-271.4242717159951,-2550.91097654516,-2626.7052442675645,-103.91885184871174,-190.84795949838875,1884.440585426255,-205.82728945149188,721.1762589874098,-2609.001260648974,328.55829373000455,630.4412703189895,-2109.561135100377,520.4639035528019,-2893.605021910494,-1935.1651787729484,-1130.5791006033548,377.9942497062856,734.347008227453,-1.6383947711025035,-2493.0657606097348,-645.0170814156829,-1338.8962104534792,447.2566204688831,22.650702697497056,-3533.6492403395696,-261.015508109376,-1456.4019994898438,-1452.2305571717263,-1928.3722841465476,-3182.693987883165,-494.3509809031416,919.1300932048682,-2406.5276694991685,-16.21848362982341,-3596.259744640374,-1996.3297960915306,28.953815590237895,-455.13503511748064,878.0607489965963,-2926.407424843362,-2117.5169327653716,-3187.3462500338774,-2129.793891926528,597.3524855203987,-1587.9762624259947,-2033.722913665844,-3250.2764296503938,-2061.0002709070864,-1319.355383331169
1682.766535850817,384.2869211473635,2010.046724935664,1646.9162348718232,939.6652492096944,2305.0142105144423,1989.076687623851,1156.7899130324051,1395.7320819493264,2071.3615705402303,763.6516520071708,571.0457460585594,-53.22300775910016,2291.909245271787,1101.773349774943,1225.9655952110504,267.7037871231964,974.2641478281138,1785.4594841087792,-952.8836181517464,168.43360149481214,2201.1657940887094,1418.489071546403,2080.4929240105084,2049.8690984179307,1007.0991995201884,1001.0501453221411,751.3185774430965,1164.5073421163895,199.47119520920938,3218.286581785979,1193.8943067991231,37.805990822091196,1735.1179631346936,2039.714305738352,1321.6680830502912,3061.9024696388424,1334.0846665516322,2270.9672888722807,1766.8952915026123,612.2606564983876,1237.7889108844736,766.8950165667675,1885.1221051010111,443.12079135679545,1132.8584133416082,2146.627057589132,273.3009686935819,2263.9898934768507,586.9446100242968,787.5427925525157,1108.1760460869718,1730.4939808956703,1345.1424349305014,1187.9076536942214,703.435555699404,-116.52923844013718,141.84882561641726,311.8143255597013,1172.3028606790758,1495.7249355066094,330.6880910794096,1772.963682382128,317.4652934016937,3433.18929200712,2764.450353991337,1706.9805040815804,2144.098451022121,-645.655586108448,1433.6921336416892,2981.8570509205083,947.8400558219931,1614.676497856994,1045.1184227562972,132.59895486877085,2219.5653807190274,606.6107481240746,579.9166646127902,675.4134121223581,2887.30062911273,2743.7955765464485,1282.3402352795422,1062.562744880319,2585.2817284440566,322.25099500806493,2239.4229643660224,1861.3373708018748,577.2185430042687,795.5697897489391,-726.7407824968885,2567.277022516495,1671.8721540511842,3948.588919497651,2077.105960470277,484.64189371179253,1786.9415034838141,1441.713097209129,3582.318482002826,1686.6115287895104,2862.118568973228
-1992.0333748802286,-603.9812477510058,-827.9008610507291,-1584.0335482032401,-1481.6532708004495,-1389.1868514784026,-1973.9054348170246,-2312.8637385969614,-884.3106547211478,-1789.417333654275,-14.394786577867281,-117.29547343127574,-103.31114827718254,-1559.3024333056383,-991.0885642643832,-705.7070413786704,461.9417479622699,-147.8607404421219,-1175.788903590714,514.383789079784,-863.136313030236,-1132.6390455123085,-2706.737209766581,-1037.068280846189,-2795.3954435589017,141.09685404493393,-627.0440666884471,-57.26483908879291,-1195.8840723847245,-621.4525211103002,-3522.819903176427,392.9526976506838,-1117.854953366682,-1476.179597109355,-1645.2832540362283,214.16961031721843,-4059.474029040623,-1370.255511128364,-1293.7086706068335,-1349.9648634223786,-1328.8288215609925,-348.7448873731768,-1383.1959029455036,-746.2353313837891,-17.072197607644753,-2107.6140358735865,-2515.7618391351402,75.03688989740982,-1882.7434293598656,-964.8704869555488,968.1034674548088,467.0229607027041,-1437.2916057817863,-905.3817966451957,45.131644488492796,-453.24514744001897,-232.68576662895765,-78.42469805525366,346.7046319491411,-917.0941202938926,-1294.142438313108,25.48373850463558,-439.3804264630123,157.6223293756312,-1064.8747374093678,-862.3814737365392,-907.1907424507172,-443.36520518878154,-255.68123040958008,-165.9910075145694,-3606.7328489256847,-538.7095745243265,-880.7025137798718,-572.7890739380586,473.2291515541213,-3071.8612735971856,-429.43213771249225,-1533.718873859481,-884.2262851314247,-1720.9925395763557,-1764.4001798571067,-1340.4226821227105,1038.4973382144872,-2354.5162758480546,-115.68209280025182,-2734.3339957854414,-1226.8344174801593,346.25017669858966,353.4884719293762,-22.675915029551344,-1230.001008402359,-24.811183206550652,-2566.032155102496,-1996.7082162539728,757.4515634910715,-1976.803350801208,-903.0671039240019,-3719.0772420806866,-1616.9477779480137,-1787.611247875896
1285.55915559512,1653.2520228981618,368.7624294674117,1393.5798411003143,272.62418668238143,805.5563775920509,-517.5174159522215,1635.2347627612257,681.8884162453793,1100.258254602257,705.5731250597595,144.03246418495416,458.8108036304801,1048.8817295244007,-474.31938236490583,2565.712080964825,597.246848302062,660.7761703192713,795.213565485469,-281.46333499192787,978.8746224021853,789.834556982722,170.6163202842814,872.325411720699,1641.8263960759584,128.0153029140017,385.22893789492986,795.3539975205224,1174.6180147551302,298.609304588528,554.490702883561,1656.7125212815772,28.71713962575996,659.944425480775,682.3238985203778,1346.9917554509752,-499.5538395342254,965.207651558473,813.0192952445419,-376.9152534208806,1309.7104012060013,614.1010963237551,336.727651768252,1397.5045767971885,775.8421557709663,1404.3475564744185,2311.0427487922716,10.723043484065666,1785.6271928507394,776.7791554582682,402.08031349614424,-244.86525935255628,1132.532247607937,-256.44269895074484,1565.0713083515998,-143.39206472761595,1010.2843436912038,-913.3380901048963,-375.1605026481146,1107.975593240643,1040.7469891243993,1057.9537552423515,1100.6463004888362,949.3704271840597,981.5280243405399,968.9380221000399,-208.86358390815667,167.03106301830542,-384.7903582126002,508.9742360465891,-1270.4566749188566,310.4583020201902,422.3567340139242,1051.0132756091675,408.66325489360423,2349.347989906029,941.5349530103412,709.6285211180062,1277.77162787424,2072.18144679908,-1260.949956621129,640.1326103764474,853.5450175729443,651.5222779966535,758.466756271929,1965.4635620484025,1372.4607232710046,165.47433724184737,-611.2353404577814,365.41947250975727,1451.2936428255632,489.9271095858245,851.0400152809152,1936.6261095865068,58.47859894433109,1158.4608846238232,-33.200502140809206,2748.4399539906653,966.1421602413534,1993.6333408495882
-1715.3213742289104,-151.28865581931132,-1811.6697582853799,-1729.5403048465867,22.07947590272426,-722.5205223214257,-706.9743281571109,-2284.8038242207904,-17.337673071491274,-853.1196780818427,125.53931735164365,863.0894884735113,-712.585015992711,-2046.2870627509535,288.05830714452054,282.6679858405077,891.6220278375291,691.1515977167919,-589.4197836222559,965.7962795743259,-574.9074339671881,-1350.8731074457485,-673.8662939446203,-1501.8841794134491,-1328.2561666357378,176.3192246635657,1075.295347315401,-807.8280112458064,-1582.6849052932062,-811.7373179927224,-1138.2851536530438,1100.6294840717333,-591.2139497485226,363.52558602409914,-316.8826450468651,-1376.5023886980098,-1017.7308202702039,-1064.6877813412555,-714.5745844604448,35.77713873029659,-754.9727886634869,858.7701191794392,2565.7336320365093,-339.3707964909831,5.018597666550501,-1655.9822349069793,-197.21356072255787,1067.4863012410367,-1867.0636240804226,-275.58340776866333,456.75311883468834,1531.2593828767153,13.856147760058269,181.9417844417981,238.81254321343158,953.2172015018954,293.95148277266804,-183.23796665328828,1315.056123213446,-549.811709333659,668.3420281983357,-12.598761028894707,69.5231908004023,415.7560667827292,-1303.8761843317423,-481.06598696167833,-606.3717298484587,1226.0106603289619,995.5058880531342,1151.7749553643841,-1330.460216114514,-254.4548584004757,-425.05822075926795,55.74491724236191,804.1317227804037,-2686.2370362471056,-894.1466481214919,-1080.9769185625469,-772.4259142159353,-2094.602772747263,-1217.162193691035,1035.1803139589342,1119.085612851036,-642.7427607224334,508.9102225251128,-2677.381899489227,-2245.2067340649687,653.2771971466918,403.175909723678,132.06296964248665,-775.1758340734904,520.1093112846007,-2448.828336387162,-1890.158156133819,636.6021937587852,-1844.719065060664,-79.7476660714607,-2683.6939561927366,-909.1313682135077,-845.5016364399805
1090.422310447598,439.971967041078,176.3510274156555,478.19203639892265,-1135.98652856727,319.36009476765946,169.34924274228615,-5.2371440549236405,272.1277810710548,1289.4213472206438,856.2054717782762,-1056.2874799039055,1348.4072486553857,627.7525300868485,-60.462709532941275,-901.2299901962042,-810.6929105391167,32.69435104490762,239.92723347426252,-1227.9637780939063,954.172764935369,-314.69795580094126,-2118.999872340925,126.54149283766304,1188.58100400506,-459.9468868691315,-1120.6210317147743,1156.827387242699,667.2154818493063,196.75771701963535,225.66152389104795,-56.32881024224622,-865.1705715699502,142.67594208925993,81.72504171111026,2767.346844573382,-802.9792907342523,1079.3395219455288,-836.1570536064797,-1381.671237342235,-288.16625902769425,-370.74045085706337,-3042.472142209491,650.4039932914388,951.2714711970942,237.12432846209967,810.7000930844117,-336.2978865143809,1022.2520549910296,451.98604764178305,174.38364373596818,-1774.4472442466065,1571.7130486308695,-251.05931451159174,-323.11780272031376,-379.8892235066169,-1391.282372076099,-465.00456465577156,-574.8569083011491,1800.6705245936182,-1852.4272548487754,61.331806132487806,613.0216514288486,-983.1246314027493,1242.0768251236975,-365.4503127320242,940.7019635812437,-2326.6007565889236,-1308.527876233261,-520.6660969974002,-948.9637354513052,-159.65049553856522,526.8289657200147,-3287.452774360922,-58.84647144651098,2663.2903717015397,1819.9458195032905,-977.5517768921059,1050.691941484184,1998.6066139397794,793.7451089604206,-786.37571990708,-2170.8685923477237,135.68154945083023,119.00505754265009,1580.1478154936513,888.1841439512458,-71.76462430792262,-1171.3466211676043,1667.1046282802683,331.2914806260329,355.48373475653796,625.4238803988227,1343.8457985185757,-267.06888549140353,988.8386884483023,2168.1630813349425,1348.337954098332,1347.7430466777407,860.27911720683
743.9389585284138,1613.1933658627013,1113.0620611848392,682.8114395576954,789.3173822357692,1897.5572508300288,1149.3581915090283,1719.1789738772459,394.6730623639464,1019.4820874005551,410.20289396906827,2056.919766268508,280.64066241227613,-365.4602823636247,914.2742414913762,2742.205072729332,2138.5714826708395,1665.6265469606149,1066.0233503312527,2688.3335025761653,24.705825190862,1090.171377564453,2219.3422423302864,984.2069847427191,1140.1109054538006,234.2303875618067,3583.7330891671395,1454.5635151132349,1821.346310341336,185.14261190896687,1918.315257564602,1655.4516465986324,954.4506144763701,1509.659116596349,1565.74878798612,100.09757210876741,4551.122783936209,-566.9418848831057,459.27796783987077,879.2339117454117,2323.627298368808,1183.7657341755596,4238.065637656451,1108.3682405432098,226.63256364633384,2979.7823134402756,1411.537068126535,1261.2818206924467,624.8554925435611,1124.2393318917157,-518.119008741161,2573.1528396753124,2604.552412979968,1701.343818437897,994.1233099860835,1711.8887209054194,2904.202533300908,1977.5594091886599,1921.306048201141,1520.378755651713,2099.3660400902836,360.5382215078207,2228.406641365157,3296.4704681782596,572.383157790522,1114.541915205901,-72.25744473349276,1966.3022822711064,1914.9581968535072,2908.5549293469153,1893.306508537738,1214.494323222011,1006.742312754096,3771.5110950154976,1311.4578260020157,1159.720751773233,-925.0442195449847,1269.2864642566396,1825.347679576363,182.89699105315387,1766.3384979796883,2198.9677315482586,4018.2556298654526,1254.0811122936022,1473.8976322104265,495.8801869916597,-166.47127671473743,400.5067320702756,681.1577813612495,1649.4364636803864,1246.898461051923,3301.167900327305,-1537.1417580232344,475.99972462002404,172.93881924528637,954.3691606919687,691.746400970686,-634.1892511972525,541.9687841410224,844.7307230906716
-463.31540164679296,-228.35318780420278,-409.9966633045327,-292.0940173130931,-142.07654137117396,-437.637335710937,-266.8222286059842,-664.8098268313155,-112.40735475722057,-150.29947504898843,-66.36450663509942,-122.8145396552433,-329.6470132945417,-131.59328211577187,-98.83888867469642,-141.86800088679203,-123.96275818300654,-81.62996002998878,-250.15010521724986,-216.1181501709922,-42.81904532107488,-273.96165322865613,-338.8022870172083,-194.5143064722326,-264.38374550066465,-215.80197701809595,-141.98574582585732,-263.1154162204194,-432.81256495800545,-81.05633987082663,-321.1280493019754,-127.73363308885867,-68.55208921643404,-184.4143984853814,-449.211150136706,-338.2464414361921,-500.6198087731903,18.793234887321635,-400.5862657564741,-246.68287987270057,-169.12466325665898,-95.19212951269903,-176.38317141135457,-204.0006733329024,-67.16454067840976,-480.22322175493065,-302.7934921066925,-40.038276503030836,-383.65523831893427,-187.93150528899994,60.83344487018135,-208.84472696874727,-675.8782734284928,-243.50481440694352,-66.2585234891546,-166.5185490985904,-271.2491952391887,-127.03684256125185,-58.33651746980249,-321.96124759256264,-17.902883903440127,-76.91938526514703,-221.27440123403025,-248.78721738650515,-437.56068690535756,-233.08913031601494,-157.48972155717937,-108.7639441970379,-94.71989647829976,-89.37107700045281,-260.9910450669005,-208.06243218529562,-229.26518333599358,-225.60231490930505,-116.71153898793874,-436.8349150385443,-58.768749860734694,-220.20703460878386,-265.11373803619995,-395.71183150259566,-372.6947789731027,28.436645496726843,-448.03996524242575,-286.52669045749207,-108.63208725496352,-297.866567350394,-513.9416204065982,-64.65663859048497,-39.21560847200792,-136.13891612073473,-331.4989532228641,-425.0253338855277,-25.264187780717126,-296.8088446265584,-33.71460369422928,-441.5986047972315,-268.38766101808955,-401.77573775097795,-106.86774834391184,-376.4995775288049
535.0759539588734,134.00752026497153,522.5444271320995,228.46464333764354,196.74401825571874,464.2422132424922,499.464536641141,883.8451957750351,130.87734742542818,352.25968127042387,91.30357963397375,56.19463200733794,462.489494994678,94.14371701426964,263.99775886233385,133.29598382373268,47.624804189657596,71.70690179343251,323.05003811693183,255.0329717608342,192.89542717231956,348.92455373156844,486.7645770306561,342.6549096850679,204.5391091212432,237.46921058958975,82.92016616195389,354.49643502662326,359.88541500225807,159.22713800338607,509.47418109946534,48.38903142568491,124.21251645042173,311.170279646285,455.0529862321281,329.4832859935002,806.7891528935766,51.1452681987572,261.56418624158977,324.7013328031303,254.41983276696325,128.65760858170637,296.67116897984937,267.7748497960459,44.995019724545834,571.7383614489889,299.97474779582586,124.68865263523855,436.89231394890976,234.82421943458428,-84.76571807145503,233.53541068980428,661.8415403334143,367.45321365780495,8.794524391353644,263.53287460435143,283.43846353374556,322.40231463192634,123.81054854179061,376.40807468962674,-3.2606426741890724,-11.88527877682767,276.7664689562328,329.6698578071225,308.03483089297174,83.5619358735205,274.5296771589447,-53.06135067923476,191.27431623609664,106.35121101309127,455.8261076411531,275.5554157055357,318.1616112647496,126.79039376577263,73.68688474176396,568.1978488891439,51.57866734349296,402.1482421206289,314.2420961925289,195.07217381351055,653.053823997802,25.11946894251472,259.61830469143365,500.3489523479332,110.15990416518837,261.7509077306584,746.234142543992,58.4916681983641,99.7005038419815,144.41425891793514,332.90019094129826,495.26357884244067,74.42749213062014,325.20762405484015,11.744428912434898,751.1135386911565,516.5548554079583,598.3231271576739,267.5212578038001,350.1530212430929
-121.77487587912807,157.71561566237818,48.1008180425402,10.80120432711596,-59.87112972701025,88.8307014064243,203.03921415024075,102.76162278456391,73.82921226357585,32.09920129514976,21.523457763883957,128.3254353738448,25.4026968700784,87.33026360016379,58.54753940455992,8.416638367793409,107.839504404443,56.123429749401566,44.61219833064984,133.14795893608039,65.22636025448058,-6.945712696592486,41.95662416624222,-22.61761427015081,-30.412554693111556,30.697888833893256,81.3217807410435,-18.281124002962557,119.90923482884313,-173.72809527165072,56.023796260816745,-4.330436140539797,-77.7088871228744,77.43892110830782,381.7666353660862,-49.204206767718546,-334.85265675769693,-115.72682811660735,111.3324355723831,-137.1894375747956,25.447050317286084,99.09107207335694,80.54438118611603,41.0749976736511,31.854657793665258,55.38082792383971,156.17612319665406,41.84529684366135,46.9874542635366,29.144327661250696,-98.26438508137082,115.08163878073714,217.07860037829192,35.906242064393865,6.775656617925638,92.66300003856576,222.53060324650446,-98.2605224269502,-24.921461824094568,-31.212061000709213,-66.561265949576,57.62208277097416,-44.19224531504835,14.468165596109626,-121.95724102690174,-109.72583065402112,98.87676250826688,-18.072063509452942,65.425199109472,-52.11574209795731,-284.77030547469366,4.800933411822805,121.03140126344941,193.36127162209598,71.49693144113888,144.58767751158217,-24.368113627131546,43.477951351839934,103.84410286189494,71.18110997543154,-41.48311151357983,-136.1784831387704,157.43702978939328,49.51117791224836,52.43516257295714,12.405605239714346,129.77427746809974,30.412486119842352,-190.60250886085328,-19.161278293187667,23.352238689886768,190.73350914672815,-190.59792002662857,112.73381442755678,-5.713637871867681,-13.0823250058333,156.9289610601787,-299.8724489209559,-41.18264390531341,-19.498996218479355
575.6344911599184,213.59434433106847,478.66673458106555,163.25000126652338,134.39004843698942,344.0170825356598,203.38232882246285,608.5620010084259,46.049860023045845,116.09142493422515,9.014799539724327,102.73136227731891,307.8440222460892,110.58726274814832,80.23489190577367,280.9470824322129,61.805632710461126,18.42795120816902,141.21880232710205,188.18366320870643,18.778164930704783,291.7596526041792,431.59426793559913,164.79099667953264,249.85417143631636,136.7933271394856,84.3227262758001,205.79752045104894,371.8431785727454,29.545995292371426,312.6824169715542,48.898300903176704,14.337589698931978,154.88446671355692,386.51529248260596,272.431660787696,628.7265907761059,-1.6434528612680932,300.34072878102904,363.27583205010194,32.46148558927076,70.3400110055155,122.4383118769768,133.64586109225135,-46.30200563308616,350.79080573119774,312.5941873615102,-2.891009577658485,444.50218861270525,126.56044745492443,-145.15878969858892,95.96267418379648,541.7754142944952,209.28946910066114,51.441467727009766,146.7763127964653,239.58524148275566,97.73093001936455,10.66598974931187,255.44752873577434,14.642868209761323,-42.135907653345036,136.16421246393352,318.03832202436644,218.63628974373682,147.83573230926552,92.62676268034527,172.51276763476227,99.44774907885076,-22.66478924729034,209.05106075314794,206.23919067681345,202.98646345944405,295.7034976227963,58.25460680456498,450.45894626952304,-22.711857037524283,332.7579207633106,204.70348513732233,259.8238485607102,404.5306464947195,-38.501716178188786,342.0996499556714,318.33874973758867,65.34134181106542,352.59702482130643,506.3458028520771,9.021225561126487,-55.20221721637818,23.595199329126405,235.59539537677477,283.9452261070893,116.8335281928816,236.3907701492887,-12.177874744635687,445.84157976338406,182.8774704764869,571.6703588912877,42.41688885532485,170.76504126244004
-4311.71340509606,-919.4378030813964,-3833.202091251735,-1809.761983216741,-1055.0769614860342,-2234.8777137031234,-1254.0770411779017,-2349.4188363918142,-1454.8477862316442,-1129.8210284236643,-1923.6929973756908,-2161.762451708651,-2832.559419840131,-2078.497358952226,-1904.4911067705448,-1724.6493169575238,-471.5850663176718,-1193.2759563667594,-1484.6965639079024,-1753.1261487909567,-1994.8447565842696,-2221.611297170351,-3241.020057871378,-1275.9940260866972,-3225.367492496807,-2001.472592700907,-871.2077966602236,-2209.721499993164,-1410.842421205505,-1270.6897796496287,-4556.371639154489,-2727.871469752977,-1014.4613990877132,-1501.5577599521457,-1089.8140389011228,-3717.004697769621,-3433.3570277625226,-1915.845857760765,-2169.684213244016,-2882.348628568468,-558.0394279020926,-1011.044068284175,-1360.5525261413254,-2915.093537376636,-1310.2302557430223,-105.61141620574922,-1513.0776415306102,-1294.557204091677,-2035.693784204901,-947.5039045420823,-2354.0172971669226,-1069.9392084123494,-2728.3429907713526,-2575.628960277583,-879.9856485423338,-1338.1198539913917,-343.92186856435825,-2037.7079765367714,-1429.960303192801,-1315.9357016423774,-1250.8805989372638,-1157.6573237049747,-1439.6290424542406,-1230.6273842669616,-3357.0870576509624,-3217.717719433852,-1868.3208408605078,-2065.147221718108,-1558.3807490342613,-2941.7206099381433,-2492.7573406960178,-2054.5884250593795,-2103.023298153621,-525.6398064057938,-421.43854452395425,-3093.211186473726,-1544.4976020976414,-2201.8579008426245,-1165.379093558443,-933.4289442561814,-5252.12570557493,-1298.4115222040803,-1893.3654785788344,-2284.032207836455,-1131.8809607289136,-2597.1871131298108,-4531.525249899855,-805.0405226521893,-925.0025602112722,-1927.4671842765138,-1831.346950504111,-3341.633836743292,-2576.992434896407,-1594.1827722984704,-1112.2991555446201,-3180.0176558514554,-2554.5540127234312,-4795.999809570705,-2622.7679435453506,-2269.309144301453
-1405.1549842924683,-956.3246670883691,-990.8964062445385,-870.059467925216,-435.9894613461123,-1608.4428018339577,-817.7846149692598,-2031.3125582443529,-456.19806991142406,-835.4567147934297,-227.01812430319114,-743.1894824880015,-924.986170867001,-651.7012881687433,-376.54424028424626,-859.8767633447798,-534.6406728630444,-301.7232612815791,-1118.4908643979334,-601.7076767375062,-429.49787345925046,-1008.1062994284098,-1397.8393658302568,-864.8372796547089,-980.3018571922298,-483.79414065752866,-677.5957454924988,-1043.6377642480697,-1324.5474423861906,-285.95423142510924,-1259.2982293374457,-689.4489030233904,-409.89919962987454,-602.5356044202047,-1583.473129862985,-480.0288924418334,-1532.2378947588718,-227.22783607870738,-1425.813014166171,-762.3431177785886,-865.1250309473434,-571.0885985981159,-1209.772075491291,-848.6395624938096,-145.72657231662518,-2404.3435318017523,-1468.14942925272,-282.03129004025936,-1173.9924547667779,-723.1864773461512,129.15712507009945,-671.6742320666714,-2008.82336446446,-1034.1901343399907,-407.12616985859876,-508.4223567777205,-1216.7905515781206,-1020.0563806846957,-339.7404685430288,-936.1928334045489,-720.395452286239,-217.96723218984263,-931.2562674263421,-1193.2639740565255,-1258.9931481198566,-769.1979415211088,-677.4033571936468,-975.3597701218957,-360.49558426909005,-614.2668571177533,-883.2050833798273,-402.34694026056525,-1047.9261359804718,-1366.4696614683112,-409.1022062137867,-1304.5992241391737,-219.2785720547252,-761.6768429577156,-1048.642892702258,-1749.144167793674,-1167.7470405748004,-353.54541463125474,-1568.6986799960166,-1318.1365034938276,-373.47814162310954,-1186.647480688992,-1187.0039084544665,-77.8158413634882,-236.97330368147752,-569.3415488324448,-1091.8653930482606,-1364.3753347793715,-599.5207941628559,-982.886168403695,-169.96662609797946,-1262.29155285742,-601.5444038485108,-824.5137607517157,-621.9707194376268,-1152.5823004511917
-919.8510047555963,-42.570155175132534,-728.0263928546417,-506.23930121058896,-336.65301520330473,-299.7085647138053,-514.2110873923679,-810.3541418181155,-177.9593547710428,-139.1301075562091,-247.9334628507086,-302.2625760992548,-587.1335398092252,-466.54311373190455,-235.11443633621388,-149.25387611930933,-68.9298626594088,-164.25864734335707,-187.71411219377183,-269.23398226021675,-117.18907791479391,-247.4067634533503,-326.8177990053859,-97.42364757548108,-722.1476158105556,-513.6771366457776,-38.68911169900512,-366.6823626942524,-694.6039062365116,-198.22338876629706,-532.9111636433947,-119.49096916931515,-122.29819371943648,-319.23351200765563,-577.2463914923203,-588.5945359772477,280.099651666,5.614508495518199,-494.0960333649549,-436.5958408645331,-82.33427045540554,-42.72678964001914,-65.84193900652618,-486.30959285388997,-48.13377739882699,-203.91017184440832,-224.1772002126206,-128.12119695956886,-944.5828114099602,-69.20885153190298,-91.19865930287325,-362.1882514668254,-782.5503977248819,-386.64868596133147,-214.99219662561387,-156.039270605721,-200.70511182074068,-333.4921218394096,-66.0628758098883,85.18671646535577,209.9686105903814,35.214816179731,-25.838978747930614,-192.15563924346716,-635.6908677914411,-437.7274706510926,-491.4137146651792,-542.5145849991454,-110.07243151581964,-322.14497560452054,-420.8923945105466,-408.07546470201294,-396.80335796182067,-577.3941635543106,-127.83487491121944,-664.0465422010717,-35.12215447617698,-321.71285651374893,-329.9798212134284,-254.8282389262336,-477.744450965156,57.2908691656502,-369.8711349771593,-434.04604827460696,-111.44251975836546,-277.13212349058443,-1489.627974344675,-130.98450265923447,-336.2391219477328,208.5374921821271,-264.46057547173143,-388.0718677575423,-303.0098781394954,-661.3826024570178,-286.60174369627765,-981.6434065356552,-587.8432002800203,-642.0535820071391,-314.31337565329613,-280.6712823310829
-1581.9217424915003,-260.4278355742363,-1007.0797745476742,-1397.5163109639554,-358.84468038359944,-2887.155378549733,-2626.202420408267,-1798.876730641248,-794.0513404247681,-677.9806058009028,-685.5097728267366,96.32186186334825,-1523.073942526051,-1299.0402347938361,-1449.9408519324868,-77.53000272663296,-71.41023330910001,-762.696380291935,-2408.1729003199434,-89.34255376531195,-1360.428741045038,-1111.8022184429751,-2415.4598704007594,-2041.82578378115,-789.8024055579423,-1016.1433130613456,-741.1628097386862,-1274.5651262061147,-223.1751867599626,-1129.1415443512803,-2425.6722983693226,-173.39631014407405,-1385.7695199575685,-1221.388357467862,-1681.0919344836748,-756.1011061712568,-6051.292350545603,-1709.3858268326783,-898.212139469692,-1634.6329511735971,-825.8598045422807,-846.6067945116532,-561.3956816047066,-1701.5504117758408,-708.5516149833593,-202.10163513604866,-1601.126734098428,-269.36718895214386,-382.8527315568907,-1560.2884164030993,-896.8928418781,38.21060865852672,-1548.7428796341458,-1747.3925839643396,-290.5303043218172,-513.3937907735908,75.3902110719052,-522.7579058304232,-877.4381556000417,-2358.541700695655,-279.08105557230044,-171.7975710267347,-906.2442111234394,-202.6330480572256,-1750.8861813006251,-818.0959862664539,-1039.9049262448939,70.88221124085939,-790.9644269931151,413.06304036800856,-1492.9087210425646,-942.2619632151196,-1085.3073989028383,983.6822506601532,105.62460374145972,-2854.0375656447495,-1306.6756226170482,-2190.4183105610105,-1106.67210297005,-2021.9537249061223,-2717.574747309811,-1256.9361000332044,481.8533692674331,-1465.5159734530896,-414.3229693945405,-3171.222678282114,-2098.366706467407,-571.2690824829684,28.521625238717892,-2032.9113585316602,-1474.542018279065,-2204.889665881103,-1475.1991644265054,-1089.0554912272826,-82.7568779433347,-1046.557398521382,-2410.549427639064,-1830.7858104383188,-1694.3436876814528,-2030.0347359688767
-2212.5894602201975,-2243.2516498580817,-1082.6700526759066,390.9068660448136,-1031.781762501909,-1471.5219669188502,-1503.1697957130536,-2394.7464180858487,-917.946946235729,-2478.5302320672213,-635.262227883039,-2655.355569937455,-764.8045078416651,-469.64059154818915,-78.51254506216166,-5601.006030502339,-1064.1545391562602,-1188.7908211808053,-1096.470219797094,-1940.9205432308074,-1697.1060102845279,-2008.9816330445433,-1605.1539887627318,-1742.4355356162885,-1320.329454437493,-613.7625824832091,-1696.125052418504,-977.7800752651585,-1186.0795604307766,-1199.1210124520746,-1432.4407048026503,-1948.31918397868,-246.6119564701126,-1668.387375749293,-1093.1463298170872,-358.9054791888155,-3076.4467783885148,-1032.8945404359229,-855.6239235614805,-2014.4427019838631,-2529.0927315220065,-1721.424944271147,-3060.1610106758094,-1447.58525806623,-293.1326288110574,-2361.2890362348508,-1000.4193592339508,-1199.2259528502357,-3041.5119630043205,-1513.048428817137,-890.2645285893914,-2461.059829765288,-1745.8167983851129,-1135.5452614748729,-1307.7487225539064,-1754.9323083493375,-2723.282895918094,-1048.9228513051908,-1437.806609594086,-1675.5335793946492,-3060.6123188614747,-826.416004748002,-1568.6656292926816,-4357.2741954793,-561.8046901223545,-1727.6399890368614,-390.42523642143397,-2287.788601651684,-1757.4514438398194,-2265.112322975774,-467.2718968711873,-830.2147332334291,-1304.5952123254392,-4385.3559127832805,-911.2895481524141,-2024.8766195176738,194.63734913432907,-2331.7081901662173,-1349.1324709452927,-1020.7094682037434,-1491.2390561492737,-1859.9631055522466,-3765.4184060434022,-2432.1640867663814,-1560.1300761644047,19.253497607928548,-3015.5747271597843,-712.1120509240546,-1189.6058867868335,-646.1586032950913,-1479.2022016813423,-631.8214355034185,-1647.0798339442485,-719.1165378218899,-1001.7031932321994,-1766.174147833432,-1754.1605798375351,-1739.7879376328788,-1144.5450530769601,-2014.2863347428065
440.67158445662113,314.4775201179695,-284.77602596794793,-117.35885935263174,-83.26990747385712,-188.03148958120516,-509.19836577396126,-228.85752341352426,90.21056725418852,204.50101329762717,6.035329399980196,534.5148701628059,-373.10420140484666,-93.24169980924316,-155.75666177620133,672.2941981540615,-137.29022758833827,233.62369771512357,-242.33228838823243,-281.5103822836444,153.41719665944916,154.61585352020177,-238.4234455123046,-187.5648713404894,375.6589287802921,-260.50262478378903,68.86949758143527,197.31878220575695,-349.0922131087013,4.3573016552243455,-75.19063132478391,395.9917632825278,-311.2841617548199,24.300281086888464,-23.568546829637263,-634.1797023717286,-107.24124009092166,151.50845650347375,-81.08727524031524,59.63999064578473,367.19878413792924,229.7422482689968,612.7611996547805,230.9120568756957,-214.827362201924,414.42266990404596,-116.10666183920377,30.585576417557714,475.6590869988032,202.7860422842239,149.361787357456,399.7742192976462,-347.05261282521286,32.5458039474097,244.08297100866315,-159.2144154126432,466.79066748537826,-169.31265402363383,-38.853424182905904,131.00695804636595,504.9652608966705,-183.88198251777737,227.08426534476592,669.4381547557775,-283.0989399620506,96.29109928336034,-173.46432455543732,815.3570212921035,-212.36151947898966,613.4814204650465,-1093.108838228274,-141.5232418249517,78.69997782998696,567.7003290828793,91.58961723330573,-200.17729723786027,-109.45679198248298,-133.69297277613657,156.54141044381797,-180.808848931809,-181.3119870566916,226.01779581211284,904.8642447558486,343.1667273133018,29.349711619409227,-283.7019469337893,-145.18929417355668,-112.61307167772065,104.97271854248945,-286.63619980506576,84.39959664355061,0.3119434865155971,272.7285796063413,29.122174715614122,16.61014695212002,-132.40064215060136,-242.2570438577948,-335.2609709450544,173.16698217857387,120.19338388983965
-578.6045691207607,-432.21945942583574,94.47273851433586,82.52310967602449,-76.70054995196759,-281.7469547673041,-121.1030719311727,-73.8094983550459,-161.7554341838225,-186.3386332633359,67.87433616158408,-451.5854251265525,-104.16959523025203,103.32304556510869,42.62863807396724,-719.6488747455518,-154.724557430165,-30.08453774494176,100.57939429617213,-164.71509964347118,-129.36898821466377,-288.53811804241207,23.52124847736337,12.57368385187602,122.07251655982094,-59.99098832996896,-318.38089627028194,144.14767716844082,-150.89746501753265,178.32529411300368,81.97257202711644,22.750531519621752,327.5509131172495,-176.50156964095999,-271.81434668126525,127.16634058208139,-262.3325595944555,125.1113962518858,-46.92545266047617,-116.51725552516992,-145.10786122123505,-263.66512295547625,-394.0562688558081,-20.09224467016994,55.741437204867566,-323.40647325791997,-288.20865659291945,-36.26016657142609,-219.14350099093724,-293.669175455638,307.06094534133365,-397.8175219022302,-396.0810389041512,-100.05995407387051,-111.1953413437731,-362.9960840510717,-548.6643372498246,199.52679072853346,-159.64918479196774,-247.16327799480655,-305.484033991174,-17.80840988662842,-174.57448281817702,-690.2612358674905,165.5037525478579,193.28935545792064,-2.03948413327851,-137.97794036142298,-258.2813797781265,83.2882361316052,663.5296985133293,-95.26404178764479,-235.3898702032075,-378.66090722683174,-218.83221738381292,-30.53186448262189,153.86204656921834,-195.3473362244528,-352.7398632203794,134.5992021364184,-97.61084001493111,30.678726726122235,-1106.600533700657,-164.41028603942868,-179.286028755105,37.89758433220464,-186.44188510974004,-84.553561506177,231.86401529419098,65.2282716837352,169.06916570457753,-220.11410183871573,444.7016452897622,-280.5426622486691,55.0560923279831,-106.65382786359476,-372.2044532832238,-257.64732851512167,345.99160120651163,-128.86470420093121
1403.6110506158,609.6171556753347,-191.7058882092392,243.6687835526127,125.50679366643743,264.81749150327005,-456.06929666227234,620.4650062269122,-345.40712473792416,-107.19633837038099,-97.7905599840888,699.4672497241826,299.3012763189318,77.47746761075415,283.6873338707667,330.7386450412133,290.3129458562179,-180.2563592569496,-228.1288835408016,-74.50511596380036,-949.9181419397638,916.4234845889677,346.8913635104981,-1354.935811958365,7.636157650883946,-102.4212304183552,285.877467606513,-47.714134302939065,500.1832137185209,-593.4143219114886,797.022628054976,-113.59044075366856,-532.1449080998996,-683.931603856792,-216.9396865854379,-1204.075034666886,-1132.968750691587,534.5034698698244,260.06389608202636,427.8368467524916,345.70196568659463,1.3754231724118464,87.07824197933886,-266.95015756592073,-527.2638760047431,288.89607921208426,-700.6332403206803,42.215214901004266,28.88461948811007,472.9013398672995,-541.9257942486239,114.91984502473252,-437.11766172477815,897.0578230859305,318.0576515097442,37.96760874860924,1478.8538111891933,599.3215862388668,-104.90587372556263,-1453.5480597882174,481.3039645822433,-565.5405509370067,-1083.7457125927115,889.9206557402739,171.30427327669304,-437.0311628372742,-179.9152078754947,928.0193300307243,250.21685563452556,-34.38765126087553,-923.3989405517658,-607.3846244436346,-302.7416113961648,1262.6410036168375,72.41730615529875,912.0719203907487,-410.5410396708939,260.9036495572174,596.3675525740728,3.347445536822096,-206.7889864500802,-459.0930239860448,1970.0468562184296,365.1533268272786,224.1152707080749,-954.8609458981289,-1559.43668048229,-137.5450020253456,-441.1277754264598,-1246.628096660337,-34.59974160441058,-408.8877396868436,767.6953663230216,54.21354602672461,-193.0681465376776,64.39701787261232,-973.6099460092477,82.51386548568061,62.148713936537575,548.3400741708488
273.34163368539396,161.36584797302672,215.48062964387162,73.47816034877034,3.581112046997262,332.15772819831136,181.36561411509692,590.1918613772817,22.69308979602031,52.487443443811934,-63.5045094324687,73.0176404509316,65.0035194963258,72.4420178362556,2.910632115042345,206.58590221976075,57.160844673617994,-20.39336259211788,110.14306043174261,60.2804101492776,-69.14166753063691,134.04601237947918,261.5737447521856,109.21523992730398,146.64473333496645,40.23099881581901,69.70843669877426,114.95605268219413,336.11868253876577,-36.89936253014093,8.471827551103877,-16.668470164519718,-35.52669261182304,43.267852338557965,370.55752033933754,111.39515666166058,419.7879979696548,-74.27015178167575,316.9553371419626,135.55005149690828,-19.002629966517166,55.949443876297266,104.3780323615145,9.497862116396012,-99.56410670120194,419.07428136710786,202.39457049310485,-58.0094922248418,115.6512807061452,24.49601457020057,-173.41607421256606,86.59538370025572,275.5486563573926,106.39334874549267,-21.15589665404989,83.45876288603753,188.94959218877568,-92.57097595837448,-32.75851444451487,159.9449461013838,13.720167271912295,-10.947966278980376,5.12951780479361,148.8584520513769,134.67220057491056,75.29987590409797,124.24361115750438,24.236877919178887,21.969187976118004,-88.16686660706476,127.62030239714592,64.32770745431115,122.49507470431638,342.9374579336286,31.271642285395203,248.14173446807524,-82.21118895421172,138.4847709513461,163.38894487912262,268.3254509427591,201.76071416980184,-108.35404338106761,223.3202617854334,131.02849298423226,7.161494762816982,209.15280867535716,237.60970837188543,-8.521210669643791,-115.93606006496742,25.192472980602098,206.27593633406786,92.76210479267843,-22.783195854657855,155.6149747283828,-32.71045741232407,227.31661057056112,70.6940801689365,267.0949888104204,-30.843868172183708,160.18129073573644
209.8062264325308,-7.4271280933991894,81.36058131029162,78.72543870964738,10.089364527992212,137.56982725237341,17.963247962117844,318.79432441526046,-122.76308924241636,-162.60551713258542,-127.50274212050653,-212.75868434923228,90.11782380054878,-60.229918308973396,-113.62184958267838,-262.0891977525504,-56.24036615584979,-175.05480604982685,-105.74191098808961,-226.42505458062945,-257.48542284899645,0.19592977136117368,-114.49125426130998,-258.28873118455294,-206.08502586313904,8.693447621270495,-100.55819637172635,56.883460388967606,186.89535110603805,-123.96976026349903,-89.22254783656776,-219.40214954497185,-136.2832745522342,-258.6642560431954,78.15897860742844,113.69592157472137,-22.51350834948322,-127.18781866376361,200.52442722207525,59.3009609686537,-171.56660338222227,-56.11992690467897,-381.4706179857927,-103.34828653149901,-153.2008183242102,-89.4456325742444,-164.9470628171896,-135.19194157753907,-154.9108004464769,-139.5470710013999,-242.21984409002852,-171.1790012898464,-104.95915679646025,12.189173449624926,-92.5342760633655,-18.881948883838707,-76.74706283072446,-95.28507314174111,-159.95144397044703,-275.0868805970022,-444.7552147742232,-115.0902953201355,-247.2925140389269,-265.25436161612856,284.26940350190495,-287.5157208852479,21.079052341771387,-223.59509088537308,-128.52093974607993,-325.4194274626385,-60.33786925992895,-168.87269428309318,35.23965416703982,-267.59335403669985,-33.805279727565114,217.6397694411784,-82.40103905418947,-123.05522098715704,63.02812883692392,265.43075359145917,20.546946187676138,-436.85699475363634,76.82537081545418,57.79071349754397,-97.86691877625849,-48.032532064031976,-31.625111341489458,-56.497582774457044,-247.02571353211943,-158.66066978302393,3.5615164619768813,-146.13384025576931,-99.91548678219822,21.372798776416325,-99.56082760916476,77.35332924452186,-76.44456987298635,23.48643506110214,-207.89348623998873,-90.2345951579754
1703.6874227003907,559.3728301071769,1026.1783008461405,776.2379285711546,352.196499800355,1305.0234172994276,-107.2441053677166,804.6330851593863,352.6864432742603,628.2285867282841,-29.245902518893356,585.1246754808137,268.1408313313691,515.2278985823439,62.39829179259322,1146.7922540949446,147.303560616406,15.685330296253222,689.691319980062,-34.10858070959199,106.0320139883499,816.1551522400672,1438.6299173424607,380.54977969434447,1697.8428279613472,329.9321218739104,413.74180294442056,480.68908212835396,853.0967180160161,643.2720148928265,248.03342941778413,361.29393492432655,580.6236998141493,340.4888164450494,630.5761035328079,292.93180222723123,1800.1390306080457,441.31436795552526,1033.439792075246,1437.0912623821114,534.4970983424787,47.85943414540623,1029.9341919820338,246.21084015653432,-59.19522220697618,1346.2599269972684,978.828869721532,-152.94924682835133,1097.6863098318577,517.7316036774562,288.42704743733697,146.77064861019548,787.8120375954406,405.44487516192333,209.71796273878928,-322.4099597931446,656.3747919605545,235.43209074868312,139.01396415945706,1392.5613875947013,1231.7493534109647,193.10675665965434,631.2084483796056,535.6366140760925,1425.1449978058931,1504.157984442262,58.14597514586107,1374.3551157774086,-58.168541048043984,448.6413903417467,2202.0689075688992,589.5254712699872,561.7931420422141,1338.7626276956566,151.27164415454936,408.391836544697,226.3312715115758,631.1961410599696,532.2306787541637,1640.1971520485224,1035.9684050484634,986.0488080724086,455.23968370690295,171.13207647722874,156.92201619723488,1464.502931573458,574.8206744403166,14.573814629504092,742.714023123002,112.18546339743179,828.7420013639056,-54.45695584976505,1045.8118193098371,649.413086438974,67.89312082433585,664.2428871651603,-390.78139867155835,1596.6124559829973,161.88731985426062,1246.0117168458594
-137.23307184688582,-136.90470298763546,-119.40233684222572,-62.578822739495585,-7.056982553798094,-196.81328127582094,-128.07693476997892,-473.2612610275578,-23.562663209648623,-53.34074786263903,27.235791379830577,-1.5484894692781472,-33.609015551422154,-49.07150397969087,-34.94425086594952,-28.813729783247858,-41.1209749728874,6.912047994801176,-71.1134627375463,-21.726375525008162,23.747401171904976,-50.01651082903796,-113.24250214374351,75.19415347883827,-134.4702792697206,-15.081722131775708,-31.99873806411498,-80.08493888721668,-199.67207500834903,63.76298696554876,-180.50913339664007,-31.14074203837767,44.790643560381376,-21.443815777711208,-298.4555705550401,-14.41297364678498,-170.68427350751642,19.32798353139496,-181.59688050752126,-97.78091102832458,-7.854541629603902,-40.31977852893629,-5.605076340068636,1.912166293641406,34.86469576983923,-369.57463410270435,-154.3784905579114,14.514421582206325,-140.57581719024773,-41.26818499054287,133.0499052247877,-28.76849595670132,-258.8672092493963,-112.38432519270073,-35.13116430499083,-64.80010073661661,-141.7178140071915,-0.9985849986617485,45.76463610418033,24.663832956179146,-1.2903060308473802,44.34233934711503,25.245282249731417,-53.52979445092104,-144.44628146680634,10.851824087620281,-92.81071599983726,-97.17038016601394,26.02804058231069,-10.151748601902401,-5.698786892144807,34.03521168584792,-48.02676373563665,-181.1043077132095,-36.68332135170077,-311.41433563330173,58.711669693492375,-27.39496903354273,-151.96120208943165,-192.25820309117768,-70.48987501637818,121.10330031704322,-124.38147255271191,-140.97981445197124,-0.06243525352168696,-33.200407295976795,-88.29599009128329,10.515861354327944,116.44337283456284,66.84766633260016,-84.16825006926945,-87.25412222193992,2.4414137850259756,-92.41648009550867,41.45725528288592,-239.27716229139023,-48.12786581365512,-117.10755149546299,-2.187402911886198,-149.91064317834594
-113.0065287450406,237.3979884181511,-56.651996605829254,228.81706223605516,286.5252337312947,295.6094656699777,-82.12655341418098,-43.370453013605015,272.56992424899096,378.5875641241499,64.30049905876851,278.42613468766933,-108.3115323365855,158.09793447943798,116.70337896129698,270.553901272318,37.76753701858868,214.91313468692755,374.7361694374547,-58.01542186812257,492.19951671808667,130.46246435966145,49.621650145953815,-55.090951051993414,408.83578771937755,-2.5521733418942287,93.79864528343916,5.780134849294151,104.0260327348844,233.20538631920599,-5.592647283764732,454.4242820802477,457.3383429545666,509.46379097576,-49.03035993784578,-255.53422579143742,98.35950394823055,353.47968780007204,129.01455522417245,351.4015153311745,331.70218860663135,142.59942121824585,525.7910079818578,174.55858338990555,310.61429331169177,430.30569856030974,728.8491617061309,180.1631331149769,428.58868077036107,553.0720247123962,393.3389856731742,151.7447792357686,-84.2664651830085,274.13631402678635,192.59865359110591,-43.87008183806056,265.0529951479715,-121.61333236427086,256.58282871010607,321.5333593879162,875.2055079341217,136.7642773801649,618.2990406619583,146.21292144234852,354.4150342442942,769.6165549411282,-90.389537567747,754.9165277153762,-43.156706676706094,601.7957596275226,504.7623136917525,184.54961256271886,203.50469590463106,322.00116507666775,142.69082891332616,143.63242191398203,251.23770103561907,260.37144457721934,72.39142857695022,160.76278924967767,38.358543652604574,673.7550775698105,139.65529376673064,46.108003556664,117.17092079882835,394.84891487619853,103.47631376926002,95.25404995771186,457.0618766876129,239.4401087204207,-48.07476786632193,287.5755516442216,544.9113818133395,149.77642671401347,117.30571154815452,370.24508171431046,34.25798122323109,433.0687070626145,342.6285003517744,688.2960675893753
1122.1912973367118,190.15331695453204,707.7412765697799,644.9835287086979,116.21808195063092,699.0927042721942,264.43950032305094,1161.196833941392,6.130357854915431,115.64486127098101,-81.81336090341217,194.23449183514862,392.21616170913126,87.63158909435252,6.51034374007549,71.6415476112542,35.54185483269575,-16.077099873741385,78.86761906602753,-4.957951274899293,-122.8797798053605,505.0235943125022,830.1322109057099,-53.85467082088271,719.5999311304538,271.5348598413739,146.32498303848115,504.93055252310825,660.281992523325,168.34267913992574,775.1568112963748,-27.30027844641887,-87.97027121267809,-104.32552359509194,659.0182424164882,275.3300900604372,840.1543283659271,-188.37809427232,971.6358203166822,740.3022730219542,243.40013053566878,134.484315154953,284.34907239777385,295.89169063887636,-114.26502246635194,868.2477807277464,8.916429410930624,-58.64380387098026,348.87826142533356,78.1185267455986,-278.0609788739724,249.0270539074205,941.357603869303,726.6549209955895,-82.37335633505243,127.82482567015654,405.6293721366367,480.3873958839906,-85.16898873605496,463.27640556299946,-314.87718986198945,-5.505729652693929,156.60644749237213,363.43901056693835,1330.6882083253358,189.16860526412754,445.777830909823,454.43706318749213,-60.399445717343305,148.41875509860506,646.8496296809993,143.20061303954643,716.8418002171616,568.4799485519987,191.5003827803838,426.9504416809835,-20.0448756676298,145.72411172607946,486.4918433012307,1197.9821217566766,678.2302448856619,-277.0569825884806,839.378340336239,628.348675097484,36.51759954551066,360.79429747081576,898.8289063082764,-38.466111164190615,-36.055990492504705,5.123553817291418,526.4612810944325,290.49979261765606,-61.24691021313281,526.510860087742,34.834948164721894,386.4478757386974,292.3718151845459,786.5838988830786,29.523508275043312,556.7772508850414
883.4900471857704,385.4895350753769,490.3937259254793,456.22564837844567,221.9138331442531,804.0205853341248,190.15671817122225,1173.659644975234,2.4998648051106236,35.68441325912546,-234.04767400918928,-60.80375951659328,174.5843675313094,304.85287104533984,-22.478905497748457,150.28643499670187,31.64665216725876,-131.9098641295339,398.6165705480428,-185.98948507501783,-142.1596684594923,294.13473036597253,587.1695940538865,220.2341832209657,700.9949024637262,107.74794199492074,-85.5449847935497,368.4935031011136,867.6381646864542,91.33867821885092,291.75012639661554,67.7660430028326,82.62995798884266,20.211626790456712,586.1999256824712,483.2679372294273,654.6147929711485,-25.717056029096916,923.9664081840626,463.7545918533626,102.81727873694001,-181.61631946789248,-140.5349214247464,29.092295931127147,-255.45762505022097,807.195188608749,566.5131787026945,-163.4911146472691,537.9425878380971,199.24381094649848,-288.568491655027,-75.04819260426899,883.1610729356637,390.2974792741392,-26.058820646225136,-150.2278395965635,313.6439472922371,-105.23860833277635,-324.54616053785156,536.0304268540054,-5.9391524928651735,-59.671523817081834,-16.76660484718127,-143.71995373573512,1004.6214075606043,505.90991926492507,193.9393405854453,13.53398494910287,-182.76902356890642,-146.067106392361,476.953102169148,-28.027095577450208,209.34028734209164,518.496763307618,46.34965634553519,915.2502269310654,43.675031201713615,132.76309835821817,416.44762628751295,1024.406703473831,617.3845944455032,-194.1658978416732,225.20917793627558,304.27909903348143,-142.79997932788885,608.952174242269,531.3468920493707,-85.784428805663,-42.46861438090222,15.278662358949196,510.2214352455835,73.7456104535515,428.84919596881105,441.3514119773131,-101.60426032196358,717.156039124175,-15.841096160288467,886.3873496350668,65.28440066729662,599.8435816671737
-1687.9971019170912,1211.720970914486,272.14448286374096,1761.5859521978466,123.49295393944372,-657.071984431124,-222.64768836244295,1174.7102462785595,500.3740662466434,1187.501177883858,607.8063297764352,1345.0857312472867,-941.8134919646687,627.6031767593151,1.2380876515801151,-166.0956496044968,240.60669616325794,1542.2934919731497,207.19751790665066,1578.5137769016067,738.086779443683,-107.84298114228982,-1529.6354580611714,-788.0822640399836,1122.5959402635922,-366.4670413479793,1154.7646839687611,1449.5293438008275,299.1093545834986,-298.3923524600344,2217.511631641445,2521.7058087293535,767.286296646237,669.1784334665483,533.3763029660653,-46.60210313285446,-420.1447677813277,616.720200515504,-624.6986315814524,-693.6569976988236,588.8036687870444,1216.6238986836815,1504.6154413573008,1925.1645447868295,167.41906203571725,768.6908959390314,298.74950755958747,995.5602618248708,1789.0055137708464,-718.1511118361891,209.38730121039828,604.1409909920342,1555.6316604275662,1377.4736159722452,1384.4789593679259,666.755347155174,2182.042007748392,492.36027842866105,419.8070357175057,-1258.6751616779447,259.2067386124816,-386.6331162077258,1166.3006520298215,1045.9175458553952,891.0186557993117,1235.8581117562344,114.41519445165731,222.8117706921408,1070.9280218422984,1824.2298956875456,-1156.2503187093077,-196.9837700956765,1029.8023980672015,1941.0156987975495,542.0128459264304,1503.0821167964052,129.90526465160016,141.5485560839381,376.41883110919434,-414.76982285635046,-811.1773758507352,83.34786343682532,918.5045521141792,851.2993117088258,1922.3689024225337,-1244.4321662560835,464.7468238943948,-167.5015092656466,32.64542711915347,335.2715431680381,793.1327930872709,471.6811539719062,518.6617040024761,1291.9166338772068,-236.81958455875235,1602.1468230923401,1814.6081866520274,-2640.972436086808,696.3891774415025,-445.77600529528803
728.9284128391652,-87.214651660969,326.7095125396729,404.44003344222074,418.8162029973976,921.3986621241514,719.0104842518992,618.7921339324918,284.02759198287987,597.2071560151371,209.59517425847685,-68.51879139290745,306.99835901269637,365.755989953498,316.56217465612605,252.21854011071963,21.054752522491658,179.34443790623916,802.7149893395652,-43.47893744263667,523.126684154468,493.1276327727382,1162.8662717138052,835.6846801285625,1128.3027560653409,257.6288480113737,145.6383330837672,405.03404899565334,499.1078704296606,667.4068075777753,799.82277913211,182.96894571567722,452.68154059928577,666.0013368227516,417.85983501866406,219.22360647029652,1228.8993819706268,638.2306314501383,658.1821531978495,837.8270617895154,648.9339551553028,120.75659884292622,606.6094328147952,445.51653478023906,272.33588754599947,462.9466783926675,579.2815867332437,195.59334131368198,602.3172185596009,719.9289479310879,425.8131116828192,382.37433076827455,602.9462928219289,736.0694964164755,141.1129056025846,110.13882143971753,-12.315761764763232,576.5219160692435,268.1770183091869,900.706145036196,695.9117249008143,166.05015108451798,721.4427585284524,281.5561549543398,816.3651388531576,701.1266223506997,136.12025466500882,747.9484225801169,55.20037321632505,600.3930435611695,1236.990249110273,337.45814462338507,234.35744758142283,345.80368543088093,189.1773659855543,814.5030828545106,348.57022721412375,711.5474697469037,572.5277205126215,1161.4806604427897,697.5721308555882,704.587152855955,-28.452955017064003,537.0442068564466,99.90041897369126,924.5087612306888,813.1901481237749,75.14786469649117,519.813781837895,360.51205422806106,505.7229900032541,514.5007650107244,833.8534465988545,517.2767085615906,183.63540353842723,440.7605519839343,443.91394206618247,1325.102832307974,843.6078892676545,854.7448998025842
1500.431320198473,380.8354332777744,1465.4286552600695,1296.362915660388,-1005.1318600501564,-118.7815334910705,150.94787477749912,654.7879784496971,-4.9563318710663795,-25.648112208425424,689.5146522719568,2079.088605027983,1582.6490327119413,1797.8099663969226,206.23688927889586,443.13067769772164,883.3096892047137,-73.54309345857267,253.6206302504229,1309.976380310875,-763.1819844239969,535.4119268499045,251.3813414991084,368.5938768964919,987.5365309876545,425.3843786165947,698.300106225357,-8.08737349568756,440.2075117250911,-307.27541024621166,-946.5496934866708,976.714539858297,596.4695333432668,-203.63967906790637,-299.153776336016,1586.7210866961752,381.73547616572716,926.2542859261725,536.3498770102392,-186.27565322443567,-510.87283029537474,-12.644183246896237,-108.97784836230478,992.7274387779393,143.12850730320187,201.07280254405262,-853.2145693376551,387.68020636614693,729.3365866682975,-157.0001071637741,566.6924820050144,25.065776939019063,265.69438132144813,345.0268937108429,471.67480696869654,-183.49177753854258,723.5912712762191,748.4529095024469,451.7553397189261,-96.05879316575184,91.88048995153176,574.6592769284249,-263.49939277131347,16.768171514687502,498.4263091887917,1667.102297494695,586.8651885372514,-91.80283816722235,112.97653172280648,-418.3763038613416,2179.834202905639,411.8911246627004,473.48414787627576,-194.6700370596099,-144.78793941195946,913.0159403900145,786.4763679425112,-23.204631451775512,-323.5699325280204,1231.6393135827639,1542.8806869097305,516.0953554071343,1167.9330567811414,411.9428985122884,278.85913193333084,591.4457305941914,680.0359277561645,389.47005494837646,817.2150253755236,478.1166741218373,1767.858620339319,-100.22214149327051,752.8927743091378,86.73602587644854,218.4067776269401,155.94069786494066,709.5877130868961,19.992414255586635,813.9214059559329,1479.9106331349988
961.9036078791388,94.55651692878389,482.1096672999449,0.09340122303113511,448.6532545154995,595.3452318016189,245.21068855014352,391.66688511205047,-161.78467380727707,99.09102635412722,-240.00331199889357,259.2214639535315,-223.48892782246722,-100.56055996726859,-224.7820783325783,398.25073008392184,-143.15110907096488,-117.31740128120168,18.508979078962383,-329.9721689781928,-364.576322497715,701.9586439573494,420.0406446923839,-110.33311402693663,313.3425340205263,87.3276958518282,195.20216605229845,220.8701459674982,552.7389187864422,109.92827567556968,-9.489214931076276,-512.4733973017933,-312.7412362892229,-107.09149627655432,312.85314787422374,-288.67471697870843,1674.0377166017413,-530.4072040064443,501.59008982938474,1007.4476604321841,-121.04643999758551,166.9962861304235,273.9989535831028,-183.33522595556553,-395.1610476936049,531.9166649796238,220.95310012543015,-421.5631472778323,456.51546249703244,-155.78331373560366,-487.79836023842057,89.3780710292196,-166.26527004280766,269.04671545177683,-121.33803424066322,46.50367336895397,384.7650340485308,-479.4631036538459,-159.38269876924377,322.00773874318907,-195.36286046512566,-470.6517189654561,-160.0812445576313,451.758567211797,81.45159037434719,-472.8910632575403,45.34788854503749,649.9363739665768,-88.12427975244613,107.20751959433402,-100.99198006421125,118.45226608758827,204.04772014241797,1019.6445169379155,35.25068050111921,114.54426860495441,-437.07604273662986,85.26468770192261,845.4166383947468,73.71278431647615,329.5206439474825,-212.56378198189097,335.28835930252916,-145.4977563470134,-109.82884455392858,911.6771735648136,264.1772649254626,-164.81494034087166,-517.514830967127,-562.9222901487088,-82.41892883096892,-217.35760712119676,268.7065311958867,125.84211646496486,-7.451464144941588,927.0813116862894,-478.15363750743825,840.455645372276,-690.4444761512065,-230.73191100995535
1671.6447066765556,159.07877805480442,1014.0727857517253,321.04297626439035,-280.64823027210355,961.3645697674051,-548.8382017844792,1525.9061995024801,84.14921017488145,-124.23897911803607,-373.53273288427806,440.64551847389833,435.70286897605104,538.1216727770217,-279.6353476063409,412.72152506692464,104.54185713424505,-511.39827677969686,761.2775107587918,-160.33995554435143,-797.6547543655063,369.1768577351466,822.1790419761064,-311.92674520656425,-310.69972309171357,57.01704824095269,224.62088674490803,-166.02395932702055,497.3652860140341,-412.0085256573189,-65.45124545702348,196.92740705192912,-99.90572182792465,-289.4420146589912,69.95404143375676,-224.9768372550258,1104.7907153512638,7.395452621431225,997.7238911286902,340.42754913762127,-190.98582935358675,256.04106479148845,-192.89542014068618,-67.1312788562836,-315.39186998999224,792.6305508094932,-0.14613892486053198,-151.9887919451375,-91.20071780671415,35.88418302670077,-306.1297406017981,-100.4756789513545,22.952084865713175,475.30267099938663,119.45419116864662,-77.55522756236924,296.4940878609553,302.6618689688659,-139.02199232748387,-179.78182199581792,819.6934521667481,-72.57137344528756,10.276016293540799,262.6683387586252,521.1158008136965,651.8959198231405,-187.67248855043107,927.9282731425154,7.741868312067758,-373.30217662344705,-169.4240962472577,-39.59413116750301,430.4840685220817,324.5010450027392,139.50730588165032,67.57211263619364,-64.31044322200111,705.4204272995921,-198.6376180669447,878.739149635769,896.7941501534182,-374.10735804065956,1144.9039252537814,-345.7608539411862,48.48451649091922,871.5316334864176,-46.22683118959857,13.197112351313372,-242.60379440417196,-187.53300265129107,355.97395774834865,285.95444427928646,-139.89254082982353,342.4201244431515,-86.74924434574172,722.1629741292176,-613.5931793371694,1439.4907558671719,-2.1129153874021647,611.9634141874868
3065.358861727007,288.71691804893015,2006.3378413179105,1442.5399829838468,1118.829757039812,1266.4767735793278,574.7005366167471,1292.0944403292103,402.23117839145647,256.5190956220475,251.81230155488493,1319.3868048868305,1777.981139293025,1298.7017737797541,119.71979487276064,1114.9331074109912,678.1148197351331,50.424695042839886,1073.1171145434666,346.2252580091206,711.4299750840014,2287.731698646299,2580.17493671437,1738.0338359438788,2278.389352402633,1421.0937543822035,53.602985856289905,1518.2848553704473,1289.4502789573605,1580.7841989365022,953.5181083250213,-48.70289360006171,827.5925063298095,220.21592927197122,1169.16446952286,1616.4458448882654,1978.3108046266211,415.6884103623547,2504.4362540430448,2196.3419670658877,1430.9269893366102,445.327636415903,1628.92614826707,1325.1832860316779,-27.736222982779296,1812.0749845246726,1109.7727364102357,-5.874457085650294,1336.185613616291,1174.9134766440407,511.52265569688655,264.9589437788588,1064.137895425491,1319.3495999165402,-53.37433540856529,-386.03735627026185,735.9516476836066,1162.2524287774725,346.896646388958,1889.794804666323,400.4370020964827,655.6288142139297,999.2442409665953,1065.454128610672,2088.1328388280303,1963.530446101644,1497.1691204921956,1173.8482787546834,324.62725943930656,334.9094554971533,4673.895150120986,998.6539686355593,1764.591041924398,1237.984663800357,-199.82435114359092,842.5784155190314,817.1565289540295,1173.6463515367936,1277.677481603432,2455.5930888336115,2720.3442088938555,579.649039697304,1076.3674142947636,1906.084950631762,161.90495567863363,2774.7435259712133,2436.976272866503,-19.08247918396066,1376.6447139777488,527.6845706638522,2084.625623789562,515.3253644167048,2188.658858347998,1338.2103151421234,192.24565252940442,1350.9174439382348,362.9339499053124,3452.7444532810014,455.4441733036776,976.9824614579142
-707.7429187900009,-411.36610749359835,-315.36980891122687,-457.99033027041804,-200.08520935701043,-765.3396248346769,-397.5915743908815,-1047.273839252166,-60.24626542106893,-192.9555413351242,151.34528530830437,-369.97745433243455,-240.17943336610244,-331.73649882868165,-15.260322191577615,-202.9617036897377,-282.45988820503464,-92.5112570453158,-143.37921612115377,20.00380893673542,179.1671344046112,-479.7145653842968,-589.5787672947565,-83.92696182819871,-1062.787873445842,-139.1157890177373,-145.47175848023642,-596.2904736965493,-1129.8074312594297,0.9468077038368777,-349.65822488119085,47.86871217622878,27.73639286208726,-193.9260227322568,-785.5573686490479,-418.42487745693916,-1027.183721506663,-222.95560513165356,-1005.225498053921,-456.95608124444533,-228.93139367672794,-185.79487328147943,-455.38982604931203,-323.8531623329209,220.3060078922171,-918.2832045503857,-873.6547409172344,167.842542122689,-484.351638907956,-340.4269432385542,385.84326734225607,-51.598419735328505,-582.0979328876255,-570.403784941134,29.562219628421648,12.901263053458276,-590.7601721008875,-81.81070652785965,149.5457535246734,-48.66238808316922,91.82681265616553,38.60109275842569,-53.2392677869407,-145.671539327238,-730.9201628569621,-249.38385797022215,-265.92087076539303,-161.90592543940392,113.90207903434928,-22.409612365184696,-821.256643143974,27.198593382157068,-440.1873429836875,-918.7996081501465,-182.5749698728998,-1000.9157704886288,28.0531255228127,-294.26618800414985,-967.0550403373205,-1109.501117255042,-382.4365166141664,69.75182401111721,-515.2916445628817,-669.9438010312291,5.965822339590719,-741.9139257033764,-373.7690282468036,101.77023771330788,201.59025069748512,196.70400092109804,-477.16839624066733,-202.30396903970342,-417.51926863015916,-696.6478703225897,252.91283438888502,-609.7723984794985,-102.44921541237478,-569.108141387434,-117.93149727383174,-475.7642995896653
1132.4266138312926,1048.9989239528484,1889.494138604142,1104.093056581966,1052.3334395561205,3452.732086480702,1847.4229941153146,522.0292334227032,1333.3376621016569,1512.1932606318878,-316.0765214239996,1302.0031796744688,378.5261828856109,1094.2919152117984,972.4514762478804,1842.5314113912623,438.10759106606594,1400.3773151786845,2101.26391945984,825.9440582846389,1710.5355415116132,2080.205876543278,3687.3819130017687,1365.8962572022688,1780.8743124660896,440.00075368242995,1033.1339462854528,1435.0686066275096,2033.5989007433604,285.74152793844064,4434.541370891641,386.3747347194272,941.5095913651121,2441.968595860991,1683.6556989482272,1022.5673015839869,3399.9906330010285,572.5766038621674,1826.5269944403892,2514.1146152188903,1723.4344334270381,970.5373482460046,2236.161340518195,1809.434871213093,-44.58133466764757,1998.8075619876724,2803.942959083059,224.25476250144638,2589.132067763746,3373.2119219383103,-723.5804522841419,1018.9141433627929,3892.593550251397,1843.0066683107773,602.2208145630137,951.7856154849875,1365.054292410772,-5.7578056695517175,548.4213445557509,2138.5845922616686,1253.7651162354155,-43.644763505917005,2100.312952586105,1951.9227384269975,1586.5890523592407,1921.370929930159,550.5246456796508,2030.3732144319074,802.768073056982,1746.6773498149732,884.1949302202459,894.243658556073,1850.020091899379,1674.4107968298654,524.242177577916,2597.079370086775,884.9511593039023,1985.800421647376,1919.100697480414,2098.232265645262,2388.044338057606,1362.821692911693,2495.0039857273864,2503.883877329039,1084.4212034432646,3202.042004633453,1781.4664268364359,-43.590833264642725,680.7811492522426,1278.0615697790604,1935.7649925435087,3310.4705202822083,2258.941601088901,2924.185885253054,-216.6495476058813,2786.0253624795437,2080.338711587019,3512.4159301541467,1723.060288094606,944.7266995130075
156.84944671671116,-94.6026470997407,-454.03501713025986,-119.31995042352688,-92.4170285543114,-142.26167292660088,-74.30786307235125,422.73630874519654,-276.5506841318522,-379.2860458835091,-383.57792723188703,-379.5368614769719,-476.253902400795,-244.75040017219882,-295.77174128370785,28.5641834234825,-23.18193916279485,-318.025456295908,-80.13466757099087,-253.71786208713496,-340.12812044258163,-174.13044998766557,323.3299597624021,-407.6753384797173,-142.40223554123276,-27.625413130140302,-162.89973804526198,-197.70023987110247,252.23098886330027,-129.78475972502602,-338.1299092276933,-187.47637556232593,-35.86049673589189,-604.1100356012519,-69.09109903699748,-360.44838931562606,-26.81629151351553,-492.4730778138997,336.25682961276823,370.8553282512524,-8.208518121715656,-437.82800336284924,-378.94879973148306,-888.5650726265528,-300.2358262267863,426.5312905022156,-323.44192843862345,-121.3690710719294,-278.9812849254243,-253.0474199966192,-397.44612060245623,-90.30071347174572,-257.5185808458509,-145.25205555927286,-62.586658302307555,-177.1632716234672,32.82305367550583,-237.85727976773214,-324.06172443436736,-308.51080125855793,-101.83134667055599,-163.1896100045656,-536.5906927527504,-234.10098393203225,98.67191005238362,-102.36929288201934,39.76868201196549,165.14605505814072,-246.4564570109477,-356.30094063651416,55.993215287556154,-374.9084550501679,-377.15347348140443,521.0113098974819,-115.68309035703858,122.52570402282963,-354.7141276711851,-293.35671250186823,-183.97060076946644,13.496594975144914,-141.17999293564887,-441.20179323303586,31.35621555131546,-406.80629045926594,-195.75243270344475,-301.0998913946263,-238.49670011622734,-138.44351200856832,-191.2425669635472,-320.27511708415426,-191.28672399225565,-965.6840252800122,-213.95236757413707,-404.03734555309114,25.24694936538353,-78.29127495476526,-767.2476718386413,164.75504120866003,-708.2667834769567,-165.5403440438657
-564.2258603588198,-671.0184381311557,-264.24557578389846,-501.48966220253857,-368.79052401408876,-890.0398112010894,-263.4259663728138,-381.2163815292449,-428.1222683108474,-804.5503723105476,-529.2632600264835,-771.7390421776026,-425.1430686034725,-616.3837647546588,-176.3340125342559,-743.747110749076,-520.6388183911879,-488.69215570736077,-562.8637611550681,-269.85147031322373,-542.7264831738705,-405.62584006983235,-720.9696705013989,-493.1207578316175,-630.7213051985093,-310.89813782484435,-516.8402148101893,-567.0015593887026,-464.09977604553103,-246.5525531321405,-987.7388123856008,-691.8286037658535,-502.25735095024095,-625.7664136636839,-822.5179499549931,-415.49320624885223,-576.6821099284714,-611.2378694845047,-660.6456015527325,-188.87213422769452,-593.823114650241,-569.5519530985583,-747.6025220832638,-824.1743905643913,-517.7661718043925,-970.2790858417667,-1211.2673310458647,-355.59463225802995,-914.9862922144922,-747.9925935896409,-626.7472328566529,-423.35184386773346,-335.6087885207892,-429.5418390822459,-523.0507768534704,-216.27068999017757,-456.2679143364776,-552.350689201385,-378.21976377473874,-506.34736906092724,-852.5889788598377,-524.3732176473716,-763.534552825598,-649.2070020939957,-612.0128556764404,-854.9586897804608,-331.8518204210023,-653.9727114837552,-279.1294468422491,-877.6541179090337,-541.496882294233,-545.200722491076,-561.8098576439085,-824.1243485714137,-392.67179128092044,-914.1558398232067,-518.1742206799729,-406.9273864998676,-566.412805282656,-947.7702564004729,-315.3595942893192,-823.986832852905,-615.8264334514545,-813.5263017233297,-358.70715502357393,-845.056758736193,-688.9275468020631,-245.62466140656034,-586.6834639709152,-237.62468423092793,-281.31803144906587,-631.8013935162367,-666.5934575739027,-608.1173304972515,-222.25805214152632,-347.07590916112616,-323.6484888008156,-331.38074668500064,-651.5037371072262,-853.4246319686486
-2237.579573558117,-737.9328259972755,-1146.7365794577613,-620.1416632054072,-244.42115413373128,-3.8347447817366094,-325.79202571662046,-1197.388033967192,-98.38607175543079,625.1739452297361,104.88004014467897,253.79117377365415,-1672.3461547508118,-588.3452528392203,-137.49037445075223,-533.412031575795,-480.98561025419053,15.065617287407385,-497.647290526824,-52.38529669345181,-325.8700961613831,-499.04724315146456,-1091.476114508337,-445.50972885506536,387.70028585887206,-353.83503580115735,189.7246524017102,-936.653350531734,-993.8320223936331,136.549594155316,127.45694159827526,135.76864828819777,32.7606599671468,579.2279175652508,52.68977544311981,-62.469795877577646,-498.3507698789926,-675.6476455572191,-1214.9778866390998,-669.7942686402963,-479.92252826335124,-170.09829572844288,-660.500995071385,-403.3921774190401,-80.47142742486109,428.6089759744698,-216.78600530831062,169.91367293215825,519.5103428943091,-143.2560693095687,288.26172085311464,528.1481170690134,-1070.23182921759,-220.89575874965482,-19.378032825814117,53.235115893006174,-281.66214944490986,-271.97652293459436,396.84242987314605,-1.1572066092503777,508.04485221997487,-336.0832443507359,-80.45480081517064,-495.5939920160097,-763.6640257853138,176.6541306709851,-161.3971447997195,28.39643166676159,-350.17332298936924,382.255365959887,-262.2389019987441,633.7967282542699,-789.722707244665,189.12153461817323,29.99655216977583,-659.3820886226824,-408.82173695385586,-732.1253539475448,-557.7868767549812,-946.9092277135352,-358.649360262899,512.1829787715251,-644.4814815024525,-930.5266526388773,157.93757799813568,-1405.59631721885,-775.4688079017825,141.4488805116095,593.6175746118475,146.73054959567943,-663.4335565322789,-733.6004706616461,-350.1349390804657,-426.14576984948434,278.78204076352273,-348.7298948018315,-218.95673653264936,-958.0273499285825,-443.2540198688567,281.64851283654946
404.6593650640995,92.88618668018701,152.96340308712308,91.11284843427735,193.52071914141786,524.4097646073134,685.2556382992257,367.3497504785203,343.0147202240456,700.9569903369163,432.7166553593735,595.7186798685748,540.7151245991901,330.897518994363,340.8054584372697,759.5655388637173,312.2048701402449,428.1627333437458,740.5034336793162,442.1206437430319,802.380667706074,711.9771485043836,949.6492509349848,813.8386966175249,819.1764197782568,224.53487260229755,365.2405846752287,369.26791451387095,553.7614055037425,521.6253693392765,726.6010980452855,243.68329035002512,484.7137796157502,610.0686217325429,487.2789438587005,208.62059303650742,1219.274598977788,654.8637496888799,264.70377598761195,512.4307688252625,840.1756196112191,284.120059123772,765.1169507456057,670.8140730308655,431.90812793775973,692.8538090930748,978.4022304725496,369.95240845467197,872.5223611640115,835.209561509985,385.43166270849554,467.67680644616667,1130.9395505345994,526.8884357041636,211.59182311850188,380.3121688667221,453.5797663578487,831.2851988508788,371.88329589105615,830.0393853438736,513.3236577856205,200.65679727793008,796.5048930035715,728.1634981752273,216.9494246883684,395.4884573091986,326.44617784746447,330.5561356800633,383.05965261567366,737.020783430919,812.3761743953593,318.39293735502133,341.09405138121423,348.7367171936333,81.41289678789943,743.0102668538306,222.88341859631564,615.1027492019558,702.9877835257578,827.8751820033618,663.3172977393898,1012.6614369253831,364.27648512342535,683.3981861578111,327.7969441405533,885.8001745640413,877.2479507279836,125.01746713524916,524.7191782334802,442.64049692217446,361.22249354798225,608.5749581645038,534.2225911177466,667.9760666514942,186.9158863424095,296.4602147635095,859.9044424944371,694.3632112835566,687.3810964471543,490.76515995784644
-622.1955498797972,1.3856020591799707,-602.1472262007918,-511.2675013743186,219.8200073746881,-454.1136387197299,-775.7147556169584,-400.25094932517635,-118.02568641386121,-348.87128136681264,169.91283385332218,-63.02232831745412,-56.63282892855932,-136.4978635676177,106.42522733728903,-730.6131305725822,-229.501058645344,-166.84194851946197,-65.93280333783702,299.0502832797604,-276.17203213166147,-780.4840935039172,-876.2364694246832,86.02833298162143,-195.748178325347,-178.5354745824243,-214.9983799862406,-46.080846235801204,-1094.9816381765022,114.91342234612644,-724.5073712627682,361.20629867901795,19.349652388289137,1.885843182539602,-709.7512233112062,385.89767703937946,-971.4928864428663,306.0178199797749,-926.8927540129508,-836.3005738694485,-779.5325445053462,90.98806665575977,-218.91006738967687,-3.3369420867204362,-47.93249649080907,-1040.2175662176426,-864.9426670538812,37.54124872858031,-689.7168794016638,-562.7557781658778,579.9201552087499,-390.13498089379664,-874.5060816105517,-576.6774019512254,8.226905496906499,-268.73979664610397,-963.6717711505128,-89.0034844733291,132.23487750330497,-438.31387651552456,-126.48452300302851,-321.8632759910802,24.990602506142107,-800.7105016517752,-377.0027265705136,-23.374620946170158,-145.74383668696944,-971.9076105285264,540.7117836636463,48.74972447777507,-577.2679333395901,0.7980558524782383,-471.02369770604764,-1204.039591306141,122.45949288132994,-1633.2801156665228,27.034430325447932,154.2688168848086,-1064.20640586616,-1437.612574733235,-322.69781463760245,-286.84531307164076,-885.6674419568193,-191.69635406906318,6.935063615286643,-1038.3728388664713,-825.2308095600351,3.118385284008705,95.97768816001097,32.26591916974826,895.9988899258722,-83.08218348286637,-254.48824014484538,-477.26010590221154,-58.71275126862247,-511.7651796627923,-674.3629842447191,-899.5381003503687,268.22945377036655,-772.3216994351598
3850.6709152625117,1158.9936503310466,1741.678202800319,514.4751673922856,581.8068390618648,2790.420026314058,1463.2666197015856,1132.1162537210841,1308.116915912212,1873.9591325468623,364.4320340361992,1228.7906968938844,2014.7409514874416,1766.3443943892955,401.5567397096794,1545.8362634608523,644.9109066517628,356.03105225472666,2516.306855657956,636.1540764773187,1137.7539773841395,2079.2419842843497,3782.6108582549437,1101.6200997957233,902.5879846137314,274.3119630371621,804.3578619864714,811.9614614024243,1401.0796618356453,317.5085242302142,2007.106740677805,710.0313307928719,724.2294346589259,1259.1348684435618,888.9093550780987,606.2162842350349,3532.6127550303827,1468.8938245550592,1251.1125492249093,1208.899836583671,1023.2152942300467,1000.1165357054331,1471.9405380065366,996.8194297079064,165.15764832092657,3226.0891041007285,1915.995403088554,57.29725135765617,1814.990633621031,2404.01247318562,-61.07956341569369,10.742785629722574,2079.0413401258033,958.5876797616489,687.4732819958482,895.4622920103996,1348.4169933812273,1741.8553823716777,194.6731716852834,998.6017004536087,1702.170158481211,17.73132026163099,916.9982577112053,1517.732005613346,684.9522291587289,1614.0692279910945,675.2703868076624,1819.2655797201776,587.6817470013038,813.0630549291651,1250.8263116144813,173.33970463828288,1180.342193324978,514.0398561441739,154.4945473585332,2107.7145705224884,535.5874884946679,1833.191697425261,1846.8524231524011,2200.4571530917024,1623.237755202443,589.0875311843353,1144.1276083592672,1438.4115788184517,78.89254239364843,2943.027937733775,1490.336335548977,154.87019295220293,1062.805903825456,494.9252933254239,658.4856333221142,1817.935527594478,2130.4087071171703,1571.6957210861085,269.35201497573615,3020.540048118987,967.7272691250121,2972.176572590068,2292.252611055301,1465.6531990831684
1382.4446556820615,2249.0525790326597,2612.3351861699034,1703.0366127210475,1267.6301540591544,1282.5619641793216,49.703197953575724,2583.4273689779798,297.72330296731957,1274.503454991559,-674.3873849552376,1628.6000852288237,-259.45790498865153,1062.3880497262023,262.668737017736,2221.932372683211,543.4819063857528,671.8863942474543,1077.9098800626123,544.4177156801437,-599.2045285107229,1019.5858624436202,2153.8866357045663,-468.1347917341182,1224.3585645000562,24.529785687508777,942.5579469918194,1800.896264682664,1195.2347692695596,-381.5214360901953,1781.190861958915,1044.9708758237787,672.7693327681343,811.2163425832474,1375.6270255527868,-238.03509540095766,3639.9328412484633,315.0408933392326,1511.9116293968898,1336.3530869232281,1333.9813709374803,1226.81880637719,1636.2994000662077,1311.7402487630839,-459.6355159517282,2197.4539694928785,1627.733690497733,-230.87880928287464,1907.7273692954086,786.64617108703,-378.8694317749769,1029.950368984222,1985.0780682420013,1729.5765946915744,813.0478812740303,149.68820163247668,2322.281971376175,132.85076871870487,-123.47232058444753,853.6799436494608,1363.7266658589597,-210.21795826831598,1283.1438708726084,1688.4977088538267,1840.0716206563245,1266.0169996406441,61.33168181201805,1578.9360535948476,400.98291639545863,1420.3292373886625,1469.8303457958502,168.60507567499985,2200.4931017965146,3645.513734619212,761.2903700635995,1330.6073567593783,-69.62185356898941,1256.5579278427474,435.6300845857738,1567.4081919006067,737.0771866741501,861.1183230758506,2238.9869266082014,1385.7740914000783,671.6633954060576,1457.2746978851094,319.16586071564757,-121.62865424552196,-423.94669437038704,-610.9033870311165,1528.4877522315385,1443.9302903101873,446.7384973898399,1526.922586124527,-587.7163323745069,1755.1224783719445,-317.50028938313204,1160.5044976659206,520.6930800831547,1588.7448130813102
1201.7468177618393,-569.7085134105839,-1488.4639110972698,-1165.9861685791097,20.550050472922933,-1232.790825008083,232.1137242353351,-1075.5150359624865,-259.8105431930558,-1196.21676064221,-379.46866197472025,-1566.8177226800467,-204.16520213739742,-271.32457116201186,-719.7954621756857,77.4824081102131,-307.7953247187007,-678.2408335112784,-46.23742351814429,-395.37604024015144,372.2049654547814,-1121.9651113965592,157.48474649134096,187.3317918795118,-2027.5211759453457,-266.6718005469607,-390.0216739105981,-1585.0539160228539,-707.4786145127467,100.36355086974662,419.0277418746566,-811.7382934281908,139.34891424872845,-1096.3845713796857,-879.540991154287,-947.7869383057329,779.0913858569741,-194.36867275235494,-920.0320818991357,128.98826406341414,-551.91147079619,-425.4082871095772,-459.27029727578525,-1640.4893207070015,-295.0559838681762,-100.61549357235998,-1196.1906277075434,-186.03823937252415,-1176.4191741943998,-153.01290277221253,-631.3784328047554,-1189.3206097306372,-1124.868493311684,-1142.3307674356681,351.7185616472696,173.50966982962046,-1387.4210920825321,-45.564291564239575,-194.65667341553834,-487.9093304183921,-50.95440809012932,-44.820637065427206,-1042.4074417720133,-170.48121737675842,-1755.9730321819015,-1336.4952476326023,-15.755047472606686,218.68003005306198,198.64097226510765,-1320.352791911714,-1178.52732774156,-952.7963009228698,-1379.8594718071254,-774.0313281486685,-929.2628500861687,-598.2572874480725,-160.11912703417732,-111.04434673050454,-361.0168811861972,-743.3015439097859,-743.3178120692515,-307.16245508608466,-892.009723481598,-594.422134268729,-254.70016147615166,189.69464127833868,98.84059739142965,-186.01115897026696,-380.5261351883913,-242.43809632828638,-1433.727688226245,-682.8429261693947,395.7646065487484,-1261.7122492553374,68.20086354322811,250.3705038517731,-754.827842064546,1468.2277783870563,-1271.2016542931233,-2516.7624316716974
-5093.013667411762,-2653.6711848762657,-2194.3263520079745,-2738.837036358538,-1431.698265027921,-5336.921245345671,-929.0372600281188,-2867.830770823059,-1434.8356583354891,-1931.8829123036555,-1020.4188709388736,-1610.495306867032,-1843.4124412298308,-2406.804372759271,-714.400518760686,-2173.4710752986916,-1446.6375793837112,-1320.7037131561449,-2442.0550191574275,-224.92763338978213,-1106.5519298032916,-3305.118358143416,-2591.249004336453,-1619.6393450955552,-4359.468850829812,-892.6264200207295,-2091.538406687036,-3299.254389167414,-4173.473323739266,-1477.1425405951163,-2433.2918364310945,-2530.206174078889,-1363.1300510791107,-1097.9731683550503,-2650.3391172350853,-2772.439855948486,-3652.4787788760045,-1475.9736978075239,-3940.8079793391958,-2584.2200590612565,-1784.430807501124,-1487.164808877193,-2484.696908376608,-3212.3554454161285,-687.7674606001938,-3491.8732708192574,-2998.0555909735067,-452.841789048842,-2859.664364502185,-2048.780618083593,-1129.94610306793,-850.8536067055974,-3262.484041628952,-2713.184810040011,-1535.8508983932472,-280.5420117023573,-2334.136992759749,-1352.4457267314776,-675.8447726149128,-3081.0903335123953,-1720.3002431019534,-1217.6512966520145,-2973.54679011497,-1159.1787986311801,-5711.291662859897,-3638.9820136185062,-1352.6555919878133,-1697.7674671099867,-84.82669184501697,-2130.8023644446102,-3170.962133264072,-1143.4019103131238,-2402.4011031969467,-3439.2153911777145,-1484.7426574852905,-4576.953748540756,-1101.5236398745958,-2276.6441712008464,-3932.591209746467,-4809.070592010285,-2634.006247188542,-2010.7886966009805,-2280.194252344588,-3331.6115446121953,-1051.5742482217702,-4078.3777008164084,-2642.7098440588306,-359.8996272626393,-1340.0043276407655,-1672.0364725458585,-3246.3476205479296,-1819.115358950253,-2925.4317792400116,-3787.4003720820033,-596.9656467117109,-2883.2617340747547,-1478.0198263451903,-3502.158353655221,-2453.062788726619,-3702.9226364681035
-1616.7315073210893,-2299.206013873479,-1489.974822441704,-1495.9201987160786,-572.4527714736735,-3759.7264798932597,-559.7131046298488,-2148.1148060097394,-1035.743677882032,-2317.0831396972817,-718.1496612010296,-1829.3867568058658,-991.5641601247928,-1272.7103571418766,-441.5969844046271,-2139.1547145795594,-1175.507188064534,-1575.8513966233431,-1584.8359419499893,-251.81352357898692,-462.0411903918357,-931.0494810954891,-1967.3761313565442,-228.76263867208297,-2339.4622977794015,0.4053038152477519,-1972.5047989509653,-2514.7570683761683,-2019.211931389579,200.23188075761587,-1637.1206395062213,-1703.7908081549142,-441.7590504532265,-1647.1487681007054,-1995.6906102293417,-707.3334931322286,-1886.8672611656793,-1694.873628390125,-2368.259770649196,-430.3238211910347,-1197.25039428408,-1641.8045610825611,-2013.1092689954169,-3074.3512217893735,-405.99650782694084,-2768.7446964305036,-2843.161927543338,-61.632178919685956,-2021.0654161464606,-1448.5010005110944,-668.8502495386905,-991.9242088863032,-1505.9079512247654,-1300.6094745403013,-1426.0255129394645,-374.8009461579731,-2099.8899469649687,-1213.9410045495886,-546.6966678021047,-757.6634638219616,-1162.2781800678906,-96.03590313312033,-2006.1866651720163,-1600.2996743872147,-1582.8093690371795,-1228.6310667979901,-142.5059870368553,-1565.0996183488567,-451.0089099661738,-2109.6966485804423,142.7481857621107,-662.3794672770422,-2208.8718202418604,-2447.9227338753903,-1256.3489815514833,-1546.066240625836,-361.896970326068,-1910.9889318941339,-1799.1979925016362,-2844.6861910933835,77.7234344222518,-956.796570760763,-3140.2343543333072,-2083.404751383758,-629.5520224593332,-1688.7852570328796,-933.1455968493317,-132.54989162112278,-514.5997102703816,-454.4724066421448,-1735.9218558706918,-1729.6210133204481,-806.2520310514873,-2416.7642562466394,79.70061842479882,-706.8548980332317,-639.297276615893,-1048.4178692222201,-2676.206948047505,-1744.7730968372741
-6491.7268831383135,-3317.8393468968698,-3461.797787750393,-4098.533124835883,-2037.6441524531738,-5623.1820366731645,-1791.6440575871054,-4397.2081438685545,-1951.8311681395787,-2853.6598799905096,-513.2135163003762,-2303.6192864981704,-2630.7484234591543,-3385.8752120193126,-865.7022134770239,-3630.174419089047,-1384.1833798908253,-1535.2070467941999,-3207.885217922824,-443.0975683745433,-1707.1037783512202,-3370.4845767011907,-3709.510810574711,-2827.3658539511202,-5341.425961403063,-1779.8661719261945,-2596.509791775459,-4084.383742380707,-5073.794559626837,-1853.665546040508,-4121.119779233174,-2892.153227640366,-2241.15884230706,-2053.1084896683155,-3559.6003094207003,-3246.6786213326677,-6475.008420360514,-2211.3761245788633,-5086.344801712398,-3831.2461238469587,-3245.2997424438413,-1884.5619859269345,-3366.6292069511887,-3785.5589928264767,-414.0500253247678,-5112.893376272551,-4235.420422284401,-207.7082035034935,-5263.839564177276,-2391.637478027383,-836.117975652344,-1013.2096570728992,-4936.55317651708,-3637.196008492765,-2199.074625561674,-341.9729127141715,-3053.1780461018616,-2458.212443447744,-390.4633365013761,-3152.652260122437,-2994.6772573658527,-1283.4836249188431,-4053.5782903698437,-2186.966884437625,-6181.658547733072,-5326.332449033186,-2133.7807557525334,-3700.1488809828365,-716.0197883703394,-2380.825466123686,-5572.432903795793,-1415.0129433141672,-4685.598745177518,-5312.054109199277,-1519.1942470588485,-5648.117352875056,-1795.4894332835424,-2886.172740714564,-3702.524895406562,-6207.522890758624,-4722.688928597162,-1925.4077444333934,-2873.873048781281,-4493.514633666659,-1270.4656325724254,-5596.856201848329,-4133.632667474064,-206.65441298202154,-2135.8747424231274,-1834.0629437774091,-3504.346978041459,-2495.799264126942,-4249.797716494739,-4609.956696201141,-445.3721602997819,-4250.506875962941,-2154.56729337526,-5016.207253013522,-2923.067636679605,-3920.0393187047803
-4190.6936314176,-3458.156592557461,-3644.5704893377724,-3257.6912615648566,-1808.207204311315,-5923.108834904907,-950.2531793289468,-3763.2835840133625,-1106.694083960815,-2637.116701945066,-344.41065998714447,-1713.4492258749785,-1476.3044642319328,-1802.6679987312468,-368.1310275254038,-3664.0680729138307,-1610.6245872470133,-1833.1899008695432,-2932.0066358807944,-1025.8446491614695,-623.7774473925658,-2412.596589432468,-4148.742658997664,-791.8922228423432,-3911.69332377052,-473.34318356430293,-1922.887424826267,-4411.446115789203,-3907.942523739301,-905.9523291180153,-3601.4279885313967,-2190.0724312277957,-1979.5372163664886,-2368.8472747305123,-3486.772656859679,-1378.4240223166148,-5945.245971048541,-2185.738438493503,-3908.044175118451,-2713.9305132900754,-2272.164342473762,-1850.6650236370804,-3416.4586116302125,-3684.021843497775,-402.34622795996836,-4328.082430008549,-4820.583695046307,-356.325610955699,-3475.230442331542,-2185.213815624104,-449.5973071640179,-1372.3998823067582,-5103.513381414381,-2581.4857610108925,-1557.5628719494064,-430.693123020725,-2882.7359957447375,-1584.229123932687,40.8733464009356,-2839.2070457775217,-1917.6349985360052,-414.936780470935,-3256.0516138470675,-2233.5332117497774,-5094.665939637992,-3004.819566820499,-1083.297085785692,-2801.243584295104,-1020.7246514378988,-2533.0518357557967,-3474.8621139553675,-785.314232610062,-3982.276997236129,-4439.901573586153,-1758.5657637863103,-3896.7357536699146,-856.9460348662365,-2544.5006586941417,-3126.5933126724817,-5583.994618207815,-2090.5285266447377,-2390.679682776674,-2834.9811164770035,-2947.530460312489,-1006.5609722588866,-4320.188452297269,-3394.967817869305,-238.9621828946979,-1026.8511984216605,-1485.592716880966,-2994.9142341038355,-2503.9513655387477,-2097.205473561106,-3769.5549317077953,10.468392170735688,-3352.1524807125934,-1627.531921982246,-3382.878125260893,-2213.4013317173226,-2734.629092586874
-7811.902304087163,-1800.2921192634858,-3018.787073676984,-3256.2169882096373,-1584.652567015573,-4610.628926727495,-1408.5947937472274,-4712.473781085058,-1029.3765073713391,-1792.0031314335909,644.8130167810386,-798.194385203816,-2273.8783531303393,-2200.3396088255313,65.63251619831468,-2269.904368199156,-245.46701342095642,-523.8068301289441,-2037.4594652469052,1378.5484531747882,-481.93864520862695,-2151.8713692195247,-2922.7017182494055,-1900.6358442584947,-4292.302902740962,-1588.4908699421478,-760.4675840230522,-3338.2144970412833,-3744.727036601638,-1870.1548545386756,-3497.3979832120235,-1324.0943459828268,-1803.8783678043328,-1947.0088082559025,-3191.180565878686,-2475.525575782145,-4048.264445336291,-1396.152845094982,-3511.097016137954,-3701.7966700026777,-1951.0421931241744,-291.3314494456387,-1884.3687515077993,-2348.708377703773,532.3262635110742,-4598.932512275308,-2809.241516591485,436.97777574673296,-4041.181675577727,-1812.1773304447954,252.9355484950883,-166.3418956076143,-4055.8275325614154,-2747.0663077531394,-1494.6538186636176,774.5446419532902,-1722.66667211621,-1866.944549822506,34.41572298994802,-2436.2079514902753,-1600.0169465553074,-773.3114067988491,-2085.196693315209,-1400.7478059621913,-4566.294523206086,-4090.488746543125,-1446.464547059138,-1807.7019269428445,617.7209503889726,-1406.0603570529522,-4255.740562865772,-1864.1733002203173,-3454.49574913697,-2841.054066932905,-552.2356789247114,-4340.241328305938,-1307.5499609145045,-2058.1528899675895,-2312.7452640513875,-4898.95915996877,-2733.364672756639,-1123.7578045286944,-1822.8095779533164,-3659.5907802809743,-309.43921894780954,-4575.820558083594,-4139.15992319319,178.7112582512903,-1408.3293891208823,-711.1947239644019,-2450.7740098609834,-1274.1026271881158,-3463.8973540210663,-3578.868029157576,8.93979261394673,-4052.4862407768464,-1390.4187287941963,-5475.904720991998,-930.2365987498781,-2962.15239275661
2637.3414137588757,927.9070049370932,735.2907998769598,1617.6549332893192,1054.6081519454476,2506.249805109405,1955.6164110857762,1083.0200659613124,1482.6623381249867,2046.8785194351804,715.9781606646201,991.041362980429,1504.6360147708908,2011.1164053267426,828.9676682560307,951.0582925994648,199.88444724409328,1097.5762218514844,1785.7372682808577,368.42892194842847,1624.7183077698328,1777.9760674007857,1614.26462707777,2582.078619597983,2713.625682488491,977.5851533392087,776.3920068180568,1827.948917304504,1372.5325193529495,772.2431015126922,2868.653430815385,1174.4154319234385,737.9393219199867,2482.832054739382,2350.472460653657,1675.381003723454,2424.2229714195582,1362.2546763925486,1128.2808942980987,844.5173968502248,2001.9887490243957,848.4021598789603,1102.2358217231304,2245.6733340236556,552.1003301923813,2537.751267715107,2395.1972401722137,345.37429436826824,4139.976895529942,3042.7783801113037,642.7030377086014,398.88163274765253,3187.6861487067263,1915.0606297348609,865.997389110828,23.6296930924366,1121.662580238519,1492.203585936482,1023.8745077577801,2535.9232168537924,1621.846603894914,247.40128553587374,2493.149117468222,947.3539125238647,2059.7822405383686,2204.187045900113,1005.0838551276187,482.282984174699,446.02392303622514,1836.646255804426,1548.6812509232784,1426.723152483055,2102.1520725062765,505.43982476729093,987.7253279545138,3473.8288061881753,1251.5619924339721,2151.9729483959522,1598.491973298385,2932.0603566851137,1181.208487233653,1427.9365533647267,860.3920196667086,3310.598600277984,828.1883801454454,2991.3270004922656,2454.434628603998,247.3394698153195,1473.9046295772305,1279.3991782059268,1578.8285953154957,2495.6714551203554,1871.2308392489167,2773.478979303643,340.7388129929113,2103.3157182717637,2587.6086978097123,1914.9803270887815,2031.8427778357373,3095.042888086497
-1057.8581297580895,889.5685823644611,-647.0186974437229,-1111.1622618436381,143.67075995623279,-1653.2180887786512,-964.0797312799024,-964.9267434725408,169.10320540483767,-202.23594873254015,-251.16643676134748,973.237656968947,-1604.6782525896158,-377.1157067442829,-26.194025141777065,1547.4209398317432,247.9876629345011,82.71172249331666,-178.80064738006772,229.57893244284574,-131.0334370878495,-376.28634916013704,-533.0068349488316,-690.2794028926178,-966.1721287994626,-1202.7516177734803,776.9162322688487,-574.4579603656123,-577.8861599430735,-1254.684554867466,-815.3548658076485,234.99522585812196,-182.77959282603427,-563.4393380788019,-681.3120613767675,-1724.2677255687047,143.062220987723,-668.9182438165985,-693.7697294884341,-911.5453823457935,-409.51615717557576,708.266706005711,998.9905173172609,-917.6147850536343,-356.49853794009226,25.738368165315787,-224.59702159398842,-213.29976152586443,-255.8270833931618,-189.67778578376212,-537.4297825909593,424.6491998106141,-1267.431942715408,-731.7767801654751,53.529916647590426,536.2531704750346,634.3252994784044,-1532.5268378383846,-42.11130782763952,-1460.0915998266373,1003.0387614081417,-613.817441515115,-527.7032014178569,1212.4011286056475,-1702.936194717609,-805.1609730856968,-503.5832808779794,1124.5406485744263,579.0378425275622,69.72213314465606,-2317.4358458461393,-712.706618158504,-436.18962151250844,1574.36023497177,230.64668597595596,-1521.385567294492,-747.5270808128339,-272.2050476562177,-601.6093433781786,-1432.9131350065416,-2078.5410618880055,-204.2784196476954,872.8381306660436,-727.7993095613975,-71.12231796081225,-1459.9762809377607,-2255.1364991924315,-248.4928051451276,-783.7662541769209,-813.5000891841959,-1157.3914857806124,84.6597864323324,-341.3551825757412,-569.6173633140378,-109.54015864717688,-518.2779376689115,-1375.3212973763145,-1170.8266750019977,-339.4492028561114,-1078.378699812308
809.1329035144425,-234.0299344942849,-22.603330173353495,-267.5163665816885,-175.65040330504138,-559.0808793120767,-66.33390457014954,-150.9924475812951,-296.07187774320715,-564.1490515399449,-298.81443791364165,-272.7655641853663,29.719160123253385,257.20996081985584,-67.92977843728085,-39.08757604386529,-45.337141128653165,-417.0414635352751,-330.8087053622218,-423.6453953244997,-637.0363931693693,-210.6567119794092,-241.91957158334154,-493.81918343044055,-185.2687897117648,-39.202648327446596,-205.03363378907054,-529.5256556815771,-134.15591058024648,-507.4491425340189,302.761661083031,-468.1836507222988,-201.27594717361868,-370.74837967841626,-89.01236445852795,-708.6313042740273,-49.53569856117933,113.75138271965598,-51.67418502176715,-257.9345153156462,-357.6434237284055,-145.54687192324266,-994.6710195336364,-705.5805319815704,-361.38599451003887,86.14235900496602,-394.19651837054204,-404.2228932138184,-11.363680673329762,-637.2174541242986,-461.7310622074244,-399.2105381044254,-428.3896128564171,-276.52406443367767,49.20479880194656,-218.34512896871132,-389.6042669641037,401.07024864395606,-158.42384361050796,-614.6256893008814,-277.0414049970463,-119.37247758967558,-797.8845227631051,32.78955478706483,260.02211199638134,-141.9205418941071,378.7607203707298,602.380901448742,-461.60577324757384,-471.83511979869786,-204.69581260010708,-457.55422991288214,-48.36854060952961,166.65426122457964,-423.789384044426,-113.10182094081571,-181.82176706970213,-435.35270225247746,-6.86992336559822,103.97323524376502,8.308625605148222,-523.6232615129372,-92.50315763555999,-31.30659952781073,-238.42959969349144,-300.49578142850635,-533.4782552324804,-159.36267837333327,-323.8310808881136,-558.5233241727568,-667.9437126183002,-500.2799746208493,-37.46045362864936,-215.2322541475467,-102.24728376419476,224.02618715595673,-378.8458839038209,528.529971056078,-480.688158846832,-258.1803008627987
-1821.1259583179049,-215.5569301877938,-516.7982819187538,-171.64394630293143,-238.60646047611556,-725.4596998648592,-652.154356423512,-335.41446885945675,-490.4486012593723,-582.5270116679727,-905.0425165389086,252.78922139128113,-728.9357115500245,-692.6328459439051,-994.0977576576201,-143.38011592461584,-14.294602557432698,-268.4270165383613,-259.1636132947442,227.24798089651426,-686.0352305806231,-1180.2302429171784,-1455.2763672310384,-1055.5374937120416,-1786.8503670070122,-607.3710075303366,-88.48382862850553,-323.97243032067945,-312.5241552627682,-655.8729249199256,-1091.191487618455,-51.517551567028676,-339.0563944286104,-797.1397075842311,-643.1604028476623,-1003.749996325104,-95.10338137535834,-727.701989097536,-290.53004830521627,-457.63525805572124,-437.4148896126242,-67.37732383268461,209.82987242004296,-460.89450113939836,-815.3426108671013,107.89727759218964,-567.8047971242805,-22.224949582120715,-398.82834579212823,-527.4504885266714,-891.5715786024529,-335.9326021415469,-1317.1787093062173,-539.2108419275348,-270.5141416302858,-94.30123187769404,153.58779218993948,-998.4934790118155,-804.946468009185,-1846.7794431063878,464.8597910979951,-599.0093197634586,-940.8088055749827,-582.6512132802058,-1548.5309000362058,-1072.7149034411382,-708.8683831406246,476.8612713768007,659.0137023328762,-60.407175472863464,-1007.1613104428557,-1562.3354172887605,-292.9795448147074,147.9929194921029,-79.94395545467974,-822.7572626181869,-744.4851111939165,-681.1349358619226,-652.0284917877647,-1095.4324868921472,-677.0327982945389,-681.0175675590291,83.76732267366624,-592.6149480792036,-600.5698116114809,-574.0343836745769,-665.9538344260557,-259.52467896459797,-801.8730912121699,-576.9526658407981,-692.2796035858466,-1093.9037326306102,-597.2732875765138,-237.50635922569316,-538.2550381011653,-71.76681548734025,-959.7642475869083,-742.5946580676627,-1125.4579027567768,-1332.3720367601488
1216.8033824080205,-548.9761954723342,521.0612460381891,-137.62702529618088,803.033392165693,-224.4488496456615,1094.5522979062976,-288.7183621390449,234.0409714710401,498.21576293916553,325.70858206485826,183.9020841724247,1133.7747720839518,617.203475750097,810.2033877253541,183.1393387268075,196.30500223291722,101.67420840899419,375.84480955804787,1525.6348823165333,905.0102218589858,82.8807746462412,1224.9037783210265,1824.8793927716986,139.09476825912913,515.8899501294679,-243.60443579117717,-307.9709117422865,-1199.5508746947883,431.4306424828638,1098.3015466668824,-74.04726505709442,657.9584075258407,1309.532279204469,6.50110860047605,28.52532741944098,974.1095649473899,888.1683983985323,-669.5453120201221,-3.8845945851923545,331.6656302061605,345.91330622654664,426.4609100395093,578.5602773347391,503.3353199780065,-865.8839476895445,498.7814002710316,446.18857719595434,292.51736072362536,634.7189017185019,472.514079404532,768.5494372209049,1066.7870231755023,-43.76459540238165,324.5726557916645,388.1699678990241,-35.28234689588074,757.1976995954136,913.3678880041335,1245.0895170670185,-200.96487336448467,449.38416206363314,685.4808235944599,1334.3243717333194,-203.36477345820728,40.661494443892366,180.61679234807556,259.85711291588353,522.2341728098701,-398.0925342120451,987.51860787025,1055.7962873866427,-69.55506385869108,-343.98932753221675,-165.2354983597554,-574.6114135731922,763.240296988785,716.2937113110199,5.278518634485945,-338.6103059663791,109.20524518257169,844.7316644306081,39.45805629022175,241.8879706224279,512.9351806170389,137.7374268566734,1087.6146718658517,363.5573032781827,490.34034010230266,657.7448087104259,-82.43853516957677,1868.8632262276246,183.72958563674794,-173.05670252102433,363.01435402097854,1010.9394169915408,1472.371166376482,1021.630205468027,330.88388624083194,58.62573218950388
-393.30397312614497,128.16462203395076,-110.95141659557748,302.1043672997531,-105.68299366403681,-32.420544258471935,493.8369193419837,-176.9272675642733,371.01249456017666,539.2089853806957,455.38481798022383,525.451177547251,571.9268141780623,434.2293236238855,224.38559870139244,284.95165416705953,175.19125465047756,468.2589258948702,252.2492223444023,340.1666227078073,781.5594141810577,-127.51487411435791,-344.15169059916656,875.0024041054004,306.76259473314275,210.093626524316,229.12493233044646,216.2711435967673,125.39672150854283,263.1655757076573,755.6302826371132,787.9445458422592,116.72600264122973,682.3697964384908,169.30021656347094,471.62996219118264,320.9030511201833,452.27648452763805,-368.20762435820984,-355.7828866308182,468.3727308979079,306.13917213195583,438.49908506837477,853.8196243080009,613.6504621896528,250.4410544291929,643.94221423128,422.642295727842,675.3472404818102,453.52719038243504,415.25705470265603,320.40594816367724,651.4144757864098,-86.83653135447291,418.1235562773871,466.11515395123865,267.4955211577652,566.8346312955989,265.78424991140645,530.3601009595868,269.35328335110734,375.8884252911713,719.2945868181404,507.8753663578589,-413.93354438695854,324.0205619407665,47.265412696154854,-48.32911376384522,204.43919432010168,498.8258225851418,-302.2331525286903,186.26681622269103,293.4759850619785,4.627640837857783,182.03784415650853,582.6128663766906,519.9089793976065,227.9319607822965,279.70280086658397,48.41001561344134,-69.65907060645357,705.6725992241273,-2.4689639341936847,497.0429845660875,228.55961160284053,695.9075717090777,809.5124830904226,259.5684762243472,253.65141266541286,733.04512199777,-0.1722164149065166,865.1527701537298,150.31878401556716,500.35798544385955,163.16004204131647,296.3696209764532,979.9015915229004,-553.2005732170609,577.7071685962638,349.43970237851465
1962.4017381532933,982.3306631758969,908.4144471578503,911.9710514943406,931.9669271431053,809.4704362247375,438.8036775553039,406.4438514743489,775.022845750805,472.89332429521335,537.0566230110838,515.3646138044869,1503.8566589279471,954.2899602869777,545.6837307397301,475.7342851512795,483.3917677961911,323.2137672313117,970.0287849400847,988.3248290175908,1192.4856834357274,1071.1679885767194,1479.907986799931,1306.2614406589767,959.066107354655,626.2327250581378,300.87563310780234,699.5953586688335,430.6076284150526,613.8377111252395,140.23419669516062,1137.724709545885,486.07020800366774,752.5122618959444,638.1895028221012,1692.5530613929957,22.139739912545814,534.8788242633699,635.828166897589,570.3738234210667,349.3850843813569,876.3200997192215,1494.4099281525175,1042.2811441500533,469.5566009375646,293.423864637677,753.1717259203239,490.016816398472,1610.2702887619657,929.3973608438941,965.9826738456213,625.1422500688076,2670.034332405726,796.9179897919533,612.3158340784371,379.30418551161154,1365.098426765967,188.22009483936523,715.1111248331881,1978.312536387491,668.1938292919193,988.8893065089025,1223.4025965511319,473.5162636497402,1327.003124505008,2485.707358841275,-29.39148155257148,320.6226956608865,383.32556507126253,89.97765427606627,1501.4298272978451,1009.1022236291262,78.68415685312341,115.19092170139994,689.6350679645083,975.2584259474467,678.485142241095,1084.7433140657959,1122.3312751901972,752.6666859735403,710.439910923527,370.2179915211066,524.4854521123866,535.5408670617524,727.0682568168537,1629.243818359358,1442.323054147973,336.8641055476246,935.6746491702867,1156.0212301263653,993.535320113847,1522.5509734273003,584.1931206570471,1042.8643196368578,115.63714801973855,1564.8408723113112,1667.2166880925208,1417.3316458994184,699.45934497404,1349.1920663627666
-2186.048017912184,545.142607031364,-901.0980739638467,-57.8168452304619,-1226.1921158542013,-1098.8230862375106,-1142.2089811595395,-1801.92711987533,572.3925733752228,-180.22865308221446,211.5426638792691,-637.2557372977319,-2350.8644784752078,126.09246569434521,-143.9538686245814,-1433.393129903534,-784.0488224564798,307.9289131551469,-903.0443292093893,-1151.3244176909607,198.75881065764676,-1273.4810954991806,-1172.7011020283437,-1170.402549421107,-244.00408329758648,-720.7039394540894,-64.01689659489699,-664.0937170304494,-1324.9820036114481,-1184.5400559915258,362.37416283058155,375.79913311139967,-667.0390036142529,536.1360695861661,-494.8626465382824,-1355.5334316752153,25.990158877931737,204.90830031738597,-1570.8701046959272,-977.1346185176347,-766.606531411825,-470.3545040569229,-30.37026077937423,-229.12813001726389,666.5263914802098,-1509.9812741933604,337.3204168009014,211.72141289414694,-471.90422716864975,-478.57639569199455,179.19134967758728,-666.3313739040251,-1114.7170708940666,-869.1421145748714,650.7502648575007,-153.02080687187294,-779.087200476368,-1159.4196447796508,-145.1005411350825,-1197.2059759664085,-633.2526013735521,-174.50664920343516,-272.78902112761995,-679.5846171833718,-1880.641606832985,-431.75186088359254,-806.5412308493493,-603.6297034963969,-1276.7692760238792,407.43877844336316,-3509.115521357004,-61.89158937171851,-1294.8663808024062,-1525.8961858742905,215.80878859880573,55.48872027295273,25.232893915910015,-841.3747603169201,-1024.186140368868,-1897.4916395601313,-2926.258505467277,339.23321197764733,-1069.2492827711412,-747.3921912183764,18.312853061800062,-737.2986205654097,-2959.8353864611654,159.56147399003748,-888.472331697499,-1106.289715164047,-1006.4060135514105,-237.83987239871627,592.7961151013826,-853.2466900383362,-37.78688009003023,-730.4919385139465,-261.6766431794189,-2920.88265271463,200.98708029646457,465.032292761239
-969.1634693312723,-938.5567977914174,-2200.404750198138,-1754.8687231138383,-191.59569855494217,-1859.9722219759956,-1862.4727065007633,-823.810289331187,239.37234650143603,-2127.3674244300632,-74.73662871870783,-1332.137348916627,-838.3439611516967,-532.3104268305494,-632.3783793760283,-347.2184303431932,-45.13219979704563,-869.5700759186802,-1554.3439964931936,-966.3258884441334,-63.563444215013064,-439.08064407055195,-345.6189436988262,-278.86869775209766,-1008.1386348058272,-362.8782266827361,-885.5624770452495,-1281.7052313427935,-1231.711013425991,-84.25759456919185,-2204.010846133343,-1145.3350113238973,-1420.299632465036,-1728.4328354428105,-1219.0381580137312,-485.05941747261875,-2216.479633344092,-212.13022251644364,-691.4841831401978,-852.6208799051168,-897.142585045046,-673.5223837541395,-919.1935900385233,-1313.710023259947,10.221413184521282,-969.2873435279961,-1312.44029380359,-499.20485653076963,-2891.817756952573,-741.5239449953928,-213.1104416354003,-1579.3292309296062,-1778.1555454898369,-976.155796541164,-762.6201615605369,-437.0033936892235,-1184.2799392807806,-131.0506124473936,-501.6387799806662,-1530.4635734766628,-376.68914446211926,20.239244644656228,-1194.2734722637135,-964.7752483042586,-838.8874695289877,-882.9788961555938,-199.80229255233914,-1865.941255492954,-215.938809076595,-1674.220223454554,-439.772171253095,-893.5060784620115,-1642.8878256908697,-1826.7703641470966,-538.0847371687905,-1494.004320849948,-708.6742364865021,-635.6931851312057,-511.697616931449,-1041.0736336886644,-1999.1974180539455,-1220.3400804905204,-1192.3519928091368,-1579.5304890703253,-561.1412196508988,-1480.9248130853525,-836.3633296928487,-271.46066003357356,-537.1656095586749,-1006.87823824395,-861.5236360153293,-2055.741907513473,-877.0020975613521,-1176.1923962143899,-190.07478700869478,-1527.9959451239772,-1255.7221416595514,-1546.4872515540264,-1358.3723719477268,-1105.1700820926392
2972.6726350817057,1369.2404780447619,1362.3093506723833,1170.280566724863,466.8114403076778,2427.5887701021093,1138.163452423749,1739.4931247939226,758.6900516574202,744.4814655794618,330.23624012314286,-148.7944899783306,1414.9315129579147,1568.008665252679,401.3366158839531,1786.152751401858,551.1988857432119,423.88796224523315,1286.3094562669246,447.6933305600409,306.4748920250103,1331.6361875720786,1388.4288696603007,1109.4253178465399,2259.8561707010886,744.4591566549361,863.371528931086,1841.7776044098791,1938.8839085045515,-1.2206511669951994,1576.4097224640675,1181.5918870332696,869.5345616770726,61.62774119828281,1698.6547469952263,2120.2147754195344,2063.211210590748,1025.9315857170864,1901.1189469628112,2234.626918918027,444.7568416356161,215.46697656741506,382.823265228796,1127.1490100315634,178.10709122599476,2237.2209398285686,655.9638476022425,245.44900425339372,1782.8063404056566,917.4655664312025,-39.59926880726693,148.6660180856148,2371.5319483969165,1075.445393435356,601.4969021318848,458.5043621631391,360.31707693700554,468.59828349806924,268.19149576405243,1759.1464628295932,937.8285977635734,535.9802487037002,574.4208900949969,797.1868541199534,2757.6677397217104,2554.154337968154,1388.2917652774051,1503.0162070601693,-58.77000637236583,611.3064490278407,1831.993107761112,927.489394646746,697.4142541531713,1521.9535276987333,160.37581986986535,3302.353858381193,660.9509627490567,789.808841708432,1132.6335811211052,2650.5322311191003,1884.037485297479,298.82673567646685,1047.3627315269878,1848.6729504387476,618.4513793740425,2272.249271592086,2011.8329150587076,-7.2146430002117,425.1576682574718,717.0993646363719,2203.099958453559,921.8773207431286,1029.6197329223214,1932.0960822468924,251.4610047608825,1872.6816249628946,1029.5514447516316,2326.1471204969293,1535.9766467271475,1938.7809872843275
-7126.139513999473,-2863.123547857085,-4211.359037638997,-3238.677936662715,-2224.8655726031316,-6443.822941538453,-2701.796988342724,-4438.596528617923,-1315.2979361013247,-2706.3530527341986,-673.4597754441698,-2645.8928775084382,-5071.309921914139,-2573.473655719214,-1490.4273668633234,-4101.323320380402,-1177.9090431244797,-1388.1272588463305,-5323.495771401389,-2351.179137589291,-1849.9745583617812,-3095.861493674149,-5925.53082967204,-3287.7574714995053,-5448.125558908027,-1443.6383164645429,-1128.4311492526565,-5385.639399942463,-4879.419098614322,-1728.5850065847433,-5249.5097237707505,-5171.928999686247,-3305.0752617236167,-2026.5300629532378,-3696.423796945122,-4880.021421299664,-6694.116458993646,-2036.0390084106307,-3182.847826445634,-4198.537946221005,-3208.4907447960964,-1067.2086484934932,-3436.5963615489018,-4146.12569444131,-335.4976199234946,-6069.360252374845,-4095.5859267019864,-1341.2418930892297,-4399.465761562928,-3801.8162155201117,-618.0082542484429,-1396.7484940467123,-9982.611668178648,-3958.9582479994824,-1649.3217431006053,-736.5806458076748,-2846.29185958793,-3244.833503777169,-798.6284587761196,-5678.623903051452,-2671.4222970988376,-1161.5318648923183,-4099.3212684154505,-3037.1421876002637,-3681.937673164977,-4146.4422053200515,-1283.7334025135851,-3206.949469617046,-1625.0860074800346,-2184.5675761551206,-6150.940842959464,-2098.0504415546466,-3181.1722942979964,-2701.2156846515345,-526.755822260462,-5974.584271167994,-1974.9545983039834,-4281.190987559538,-3794.794200245465,-7077.077445704447,-4914.218496398615,-3106.5808412109145,-2298.712331401606,-4441.852878913436,-1364.8902339949188,-7002.6785819416245,-6284.566985554211,-263.19556806523974,-1627.992408177611,-2768.601281973087,-4600.126411327173,-4156.932399158889,-2450.077465134698,-4510.1338121478175,-569.055295387562,-6084.285668511079,-2858.294303335332,-8491.967580413773,-3845.288531570821,-2427.937047621022
1037.3680378029953,310.4712163913,16.282278258921178,310.472854243545,515.2743465811997,714.3327100694067,24.72182859780405,837.8249170839601,182.98325408196186,820.3326183519066,-357.5910887040567,-383.3047656759842,-202.18906546209496,-122.62212212340651,91.10841034558489,731.4684769702474,-13.273122424497162,54.2009901176936,310.34676864231574,-349.4638548625383,-227.9300440994355,626.4330265461102,334.9296270056433,-27.546559542925266,640.1160168347384,103.9669190172781,67.99012333070554,843.5396118947481,1384.5376115126548,77.98289514348318,721.2287832752712,440.10882398320274,555.3467566305757,179.92532917720985,554.5009731424101,487.96525743150437,1698.2130648555994,201.89014700033124,441.84282402858526,935.1223005338195,597.2362083143186,-179.62673909162052,197.54792427236146,448.298355352651,-277.13202065769275,1108.4207838362954,939.6187368341605,5.253369035032341,494.5994026758765,335.09723151344934,-714.9300704013982,-418.9327787325952,443.50528716936236,1082.427884902818,26.147104713645714,-214.84588421567364,-183.08718866110377,566.2017092040505,-547.5791819402416,-403.21857891437026,478.0514449164674,-288.24776039120263,567.785846462125,-369.67015718377183,270.0493850048872,405.31778689968877,120.61538860298869,211.66627014349874,95.27207011190174,446.4542671813566,1454.4504020843158,-36.63386957804636,717.7750594604306,816.2387384586,-6.673706907128424,1367.1502625212675,-21.791705022341677,378.4119620368769,823.72820438475,1067.8829331931022,668.041227888426,548.669768781798,-68.09376062876031,735.3026090098954,-87.21008980254761,533.1385669881887,732.3645176376938,-160.99377896555256,236.2868899505431,-579.5513483334624,496.99749749035783,-264.5454967327614,1130.1254037103604,724.3883124732018,-133.5168571566775,1085.2775508691666,-474.1539456415142,1055.911612747809,616.6904400709078,-598.7802472699688
451.7622204159724,-185.58077768146538,519.6957393471304,487.3964784109098,-14.959929921887335,-71.24787510416695,258.6023297796489,855.8771281551686,-410.5801067279603,-533.5717137410892,-13.84025096788968,-166.16562095499097,-99.31036586755268,150.58037905841636,-343.30355768266924,-89.9731467938318,-52.266472049805,-266.95546044575707,-224.6695667533315,-301.89715319326393,-670.5763146860631,-557.9403955570534,-36.65709480226094,-560.4616811654837,367.3225736221095,-45.103348149036194,81.4401478761778,-381.1407785454577,312.2313109978425,8.798721713957738,297.89144930133045,-277.76340577510507,-342.27806778482386,-484.9436732558904,122.00989064315708,614.2679486750088,383.18708249765706,-185.54133142091354,826.2589098605214,-211.60846605579962,-891.3929913570175,273.84785918101136,-893.5052195906957,311.96264253594165,-183.01642796458742,257.4926357481037,-552.5815726447441,-234.48263352589095,-195.92826595997968,-760.8866419889501,-208.48279888696422,-15.415380080357084,-430.0881417922339,-266.54805323071383,-5.754911561223988,142.0537635246758,-176.8081184921779,425.69703749671123,-126.54880600955816,-320.7132802095541,-496.76895698348545,205.34981041287887,-709.7478994814851,-166.3760706715874,1153.4204796197228,-130.25080712185078,523.1642953133844,91.5614550658731,-325.6400955164356,-319.83039848812564,99.72497833004421,-198.03560080585797,276.690745736671,667.8416829742054,-163.93932696417914,-129.66323466442586,126.64861096382236,-706.7358479518399,236.74931032627129,724.8674976158206,471.9310839757031,-305.8996598106571,310.21177177086554,337.45381683384215,-124.09021676654585,-398.337835396351,284.4244368680399,-75.55658592212968,27.00134918967754,184.10534065308818,-268.6497863322891,-393.3830008153161,-73.2636166598646,34.50127215349609,-215.47707787022108,-64.40027437624498,142.9681145111311,347.1699681920668,-274.03335378810607,129.5344280768642
1311.0787078767191,451.6625562932147,26.375437805012933,620.5619152811395,336.898860488612,721.4424564226358,-775.4305531745176,646.1674124962805,-471.7895422386977,-325.77587188601666,-442.37760985349735,776.7852941322815,1025.9021401933512,1045.2012857087032,-349.17562092922213,-958.8716833509662,62.42992662952547,-231.83243538566788,269.6595530796022,-324.2651877168402,-643.2807048771966,573.1613702747045,-383.05582980358594,-380.2699693649015,1745.154297379458,-4.68309765477519,-593.698463199143,620.6984860015593,1276.1077136948552,-119.6280402331439,140.68797014469678,-46.28373196474319,-522.6787826151218,58.197688161103684,936.722257331476,-242.41830380638973,741.1008376177564,374.640215990289,1334.1277245787733,-286.2109577562366,-286.38881897130256,459.37187578202605,-269.2225359728046,261.9365505896029,-503.76250395693927,462.7601657114191,1201.9100290860422,-394.5943586844971,455.0332404818815,-192.37228143631216,-249.3368770434564,-403.51283171520504,459.59802031399084,766.2385470752654,-21.54289700029626,-1272.1159387614352,260.280864806815,250.1072694033225,-462.26092203987906,-496.7432030119485,-566.6640044790266,-95.06859619230352,51.91072653326112,-739.1189249633145,1576.7476601476762,757.4382250111225,679.5615097118497,365.5519497133326,-564.0099564712432,-126.0264762607654,99.08353014846755,-652.6750509143967,1072.2200070186097,121.24112452088187,248.30133966291083,-212.53851130687065,-123.25334793165933,-585.4877974848428,909.9627152017022,1363.534612447253,-196.5668848174649,-122.87823956618027,2.955966385702558,638.6539293974439,-385.31217341608675,990.8849663782368,-1069.9514429178482,-32.70418313522714,-539.1473082486864,-606.5811493525216,-141.59625375242715,-335.32054335459657,940.536972096352,833.9928166412878,-325.68394247062975,755.0409549935895,-187.78481012816434,188.26772823861884,-303.8807212427874,911.3069474797943
-1675.7006350799509,159.32787888859778,874.8196565700822,-185.85457714727914,-1335.061881170248,-515.7664419565655,-864.2242910705044,485.6698334781965,-1129.4032253740595,322.69238552495324,-55.590335877192935,-1158.239701238935,-1493.988709864604,-2688.359186895032,45.430327905298995,-896.9081624704113,-804.7592171425022,119.12482832804083,-1662.9064809829179,-851.5019309647842,-1181.1691303288603,-1383.298484888725,-1717.3918493973886,-1454.3588950949186,-1408.4840406301105,-1077.0039008462968,-419.21020727101586,-81.475642687119,-169.89200251895898,-318.3967986446624,-428.5459782803662,-209.03833062129507,-336.8781365404839,-537.8234096640604,-1218.4216078074335,-616.0726070603558,-606.5114792210021,-1634.5143611003948,-1131.8917302629718,-1442.1690735816637,37.647388777109526,-182.92552845427804,-961.5039624840742,-393.8722338880788,-263.6439004443766,-135.1620996865039,-1661.1066775589638,-420.641930114653,-380.81522900369544,-1759.6576563192293,-3.233316882683227,808.4938436461944,-458.64938786513045,-996.5040546450564,-232.00976417828096,-40.915271436436015,324.6584867031593,-974.1224071180006,-590.8480886890743,495.1010048926152,-1175.4712171149483,40.0819264001149,-351.1032682090703,24.472807480711214,-1855.8701745822375,-2121.6100219497525,-2299.540752542823,-1401.7337569146655,-872.9331470587294,53.32540165211482,-2936.5658874646315,-294.5947222637133,-338.4324344850872,745.3956508440677,-28.904428958342784,-688.4477277961879,-484.70713722161554,-939.7379033172991,-261.13642861253527,-912.8667097213164,-1046.8208811706374,-569.4565444203023,-139.586040760352,-1014.5941054994884,-189.56490864560803,-1767.525585223095,-655.4179184538998,-190.45212378257588,-600.7666721846344,-368.8457008516342,-1359.1218503029077,-45.275081938304524,-1371.652493778812,-1113.610113339462,-408.4267504021234,-482.4383218013791,-1105.9161313294362,-1734.5160969201459,-270.5719373711,-2108.6592039362104
2178.7855487644856,1133.9086846223668,1779.1723969013342,1500.3427291340313,1277.009708646074,2104.7837160020845,522.1584257592676,1740.1117052661955,964.9041292403108,1198.5202383477572,480.15843962676723,889.1900846733265,2784.9095752241055,1416.2211774195482,608.556935203197,1188.4119161602503,634.7420653820641,985.2079541951776,1701.6846606667727,879.2606624235616,1129.2205873912296,919.3527301219119,2255.288833254551,1623.554425994566,2777.8227224683947,954.8757738073007,239.8501168182423,2314.624581391126,2170.1088034353943,835.055099622477,2467.3921540364154,1355.3246063269878,1284.177807938872,1594.9967100100107,2133.8557946583373,1801.295202891842,840.0662954855703,1453.0240165059915,2145.23264155955,1087.5998215108666,1323.476108327657,1118.813434875336,1370.4730153500352,2706.177583514562,375.0897935411239,1399.6705728793993,3073.572163593924,694.4357203580498,2514.7796009711733,1756.665187407681,770.417305070349,717.2133477046048,3782.570405967606,1620.6599502063746,887.7181417365086,-309.8088402679065,658.9095990281041,1326.7081045927575,463.8917118078543,657.1911582448555,877.4910468341982,771.478916805974,1733.0130565419615,1118.485553131365,2120.2067062242413,2218.485435736629,862.1235985254386,934.7921660428972,827.4426898875466,1076.6275491364493,2338.5496900957332,961.5942650062922,1981.580971458699,926.5632767195273,553.2086109808804,2946.2116999428868,1025.4996858769794,2022.2606654559302,2054.5506563624413,2729.565092726188,1740.0467441835433,1040.713333356754,652.17086779224,2371.419589001691,740.975447839737,2339.0761177654035,2773.6860214246985,302.93493805121443,1019.6970686262806,879.2264337537076,1386.6921446207034,2391.606356577599,1415.0460519129558,2013.9439915216187,9.543368046097896,1715.375356495563,2119.346362770515,2129.0890177774386,1984.048594296237,1748.730237068327
550.6836674935842,773.4549072445457,121.67841096498452,942.260664454601,-667.1464153924738,975.4306209018202,-916.9234466105238,-360.0630158671211,-317.60782984741667,-591.720660271514,30.29284619715493,153.41508378378373,577.9075852121189,-316.4304665092342,-220.0660347847607,-593.4988725628327,408.29565453539004,40.42900616539798,-486.161525943911,-765.3200664517584,-506.39282080406105,714.85538466828,-846.7726065380963,-757.3915587385297,692.6825861266611,94.97992790655977,106.76981226033182,888.0070698731864,1076.5693039032412,-175.36088168613944,52.80211736728281,418.9028509053877,-903.8887642196032,-508.2904988080866,351.33068058362807,250.8978524604229,-1544.5298746461624,-33.479861382215866,1099.7800209573295,-359.6244397165795,47.90009886593521,148.45669857554557,349.1820551716672,319.4448762001746,154.18958069346786,444.5058279083042,115.57639498526588,-255.02308022594707,-976.8704427471972,-983.8285309948759,775.5516814956754,-475.3410420763733,-249.46180025063936,127.93742989937185,127.56852056376749,-964.9902341347936,670.93847952722,-615.5479069633107,-757.6201585892509,806.2500628808012,-860.5577427639271,665.3623541365448,-189.6650753328153,-224.41702765821574,855.1318292313096,317.28763093069756,41.09566638077842,227.57817892645178,-643.1370236273362,298.963159451216,-713.0617203987462,-7.42934111459082,343.962404324097,60.157216689973374,362.9929435369819,-524.9987540451714,-84.02111295222772,-345.42289284759386,147.22427600754867,655.8472711005506,-289.3012762051677,-173.36624210472323,338.21776476802165,-58.734903746095775,-146.0130811875519,1308.1751108470987,-1600.738926797555,13.17210750801051,-934.440855952969,242.60471172357617,376.9898261000158,-34.51706751718518,-1096.8175087166494,526.4518628594541,92.05546631424403,-1081.441433795244,-1270.4124652313642,14.730175302935526,-185.82415082356295,699.4997105090049
-130.13199635435362,-113.17540433467919,43.84252236725223,-428.90696445103674,436.4539243139051,1415.2084799987163,-139.10909095566595,813.2374792728762,391.92489769527293,174.47001383605505,-94.08355526136282,-208.11496528253295,-234.95462561208313,-578.346231123873,-69.89157563293466,525.4330462040936,88.08506931915828,63.485904119477404,398.76409188309026,-279.87015869378234,508.6293587525636,261.6657813160521,1379.2749657736385,782.741734951784,-543.8470659649637,279.8933603407006,482.29370167097187,-150.0348132233637,128.9994862645639,483.2603042330406,-313.7368594470041,-552.1901768993255,2018.5056095631721,357.8939789252373,367.67480879798273,-90.98351892145848,470.5229858244604,425.7785222930167,284.54673437889073,2520.1313210328844,977.8725987576538,-793.0640077477315,-20.562245288964775,-635.8610801210812,74.56978649935425,1198.288749727799,340.4241090190745,-71.57163382137,1113.046757638204,749.5913546908683,-104.9499418010691,280.304781275232,502.2792369893139,-230.33975984419567,333.4628626230456,65.48980641021804,-142.30732080358808,452.94604167483334,69.18761552181229,692.1089805044585,570.8121584775005,-108.85346139509883,309.10602483656805,416.89831495019723,-102.93722580487109,275.2138143675671,92.5111384966425,-287.1915410230393,265.9622507427549,-223.8481504897679,1306.3666869831563,494.9623990966432,-394.159519913537,192.71050988014798,-380.4619627776891,1251.3702985777338,-137.89933626312188,1257.8187945289992,-279.475363054074,-724.6104740736265,1539.9116124257985,-172.0902705022801,-138.93036921375557,293.7487854236401,10.236472675798657,314.619867294688,1230.4741494835823,-16.56747440181604,1202.6549949584976,270.6205221025563,745.9381425125257,-422.470238463413,502.28295200452845,168.02914032264005,57.223127786147025,120.40796761944712,-786.6814914383535,2019.936641064715,227.2956747670202,338.5559786155375
2015.0859705333812,2145.2500324380544,1151.4220350466467,1296.863175851331,-270.182734857287,2256.7446147818546,640.5463573916843,1504.5368531959914,549.3433802909323,1898.6500280888283,352.36923752374486,195.4252106902566,270.6412485572891,224.80013331002732,483.9727203643494,923.0276204765247,796.8837907949887,1582.9221882377235,-76.53263416009723,-653.176627540563,513.6767030065123,1127.478255339738,-253.45581760051218,111.43692928118097,2569.528370353412,-2.520990883497588,1321.3339968884982,3027.4293515332884,2500.467092321701,340.7777501114523,443.0387643457906,997.0909788166931,156.56145831951716,856.2654637199693,2205.684018935331,1080.9166885882062,1093.706080367114,751.1436329874955,1698.2029089021653,458.65746624247515,1356.8718030384005,605.6687777827397,1284.3969719863317,1887.6687449122574,373.2860240335881,1112.9686229044107,2061.5560422850294,-72.60249690831239,1169.5738826559627,723.6634144064624,-23.252937160148896,1167.2570341739345,1338.0764181840996,2156.978918132179,506.94465710150274,-585.3540815143969,1404.6645242292602,-141.64438192001117,-183.2006938456046,648.6419888886064,26.37397363846648,265.853027760636,1976.2230043261711,958.9619062148876,1394.4127534525724,995.6452871402411,-0.6627305082112298,248.52552018500245,-687.5723810877992,1974.3905523125463,167.9924137555775,874.2669878866936,2220.392343409851,1741.1622734442062,1340.8470785117095,3148.5457364880367,430.31534976785275,95.79250314036607,2199.415590476731,2898.7589916644993,-412.4909763584138,744.7053794906734,1131.4410783317787,1899.4229832373537,289.3547605582447,965.2407391650468,994.8709715030202,-109.47790017539369,-565.0371869930387,-99.69287074441257,613.6059898073022,1258.7943053517852,-58.159029987244004,1427.0586932038389,-38.02952608892687,-235.64990429088013,1169.7722389928413,-1412.0224588357128,1419.941037941033,1049.2287799270482
2071.5311767399185,402.22039911503595,1538.9744464535484,3053.1327408998022,1610.5108439659473,4295.846830755304,575.9196945141906,2158.9666403736232,1282.7300353543978,1200.7434324594556,1054.6550547698441,-12.578210732192266,2424.4583489079137,546.6635243842697,514.3766659289796,837.0971415490175,989.3993677164667,333.1619474781514,641.7776887923991,913.9288899458281,676.6342078335485,1757.0233577891545,3903.931394058596,1520.493479450675,3563.180126519295,1347.3178342828198,899.4197446228909,2805.8408274154153,2950.948804310723,1527.7374110706608,2638.1055819799776,1037.6841742132556,1526.9284808537668,1061.588160953097,1826.7420361476659,2992.196019330878,1761.0209122530123,1603.5015473698363,3083.3365055649306,2640.593268943081,1382.0264177680008,356.7287897229929,1659.6914393005486,2583.215426689922,641.6957640672687,2211.246283476647,2717.814472157024,469.5599269525901,572.6870967109965,2007.731421985376,878.813660692506,-11.253293598511108,2509.9549902464632,2046.1128546892562,470.14468626127524,319.7781065150863,1035.9425945353012,2324.997258409715,201.37965195615567,2242.913242620525,989.0067107311155,953.725482698955,1632.1256745184708,-785.1709855886454,4081.4778391716263,2041.484182452533,1193.2787036285292,-166.6454444575934,985.2062671289319,678.3852995163261,6794.820668266365,1437.9403819024617,1369.9742061738157,1215.2308964452511,253.36367599143188,3408.6671519238394,1153.2220811778982,1968.9598001422714,2507.4770149711626,3391.380417644736,2558.2488891907647,1402.343026624595,1168.0792756885046,1609.7892628142827,496.81187146903574,2063.850909699634,2804.8532792444817,211.88769376366807,2058.338498532265,1030.3292024983878,2671.7068786286877,855.1870675463066,2174.0958402077267,1710.344446366925,388.58657817369294,1647.6620078885287,1102.4627315450293,2357.8125102010827,1728.3595109051168,2351.8363359476066
2947.6620741121196,2524.8242658149334,1096.4109858603047,1561.1487454280498,652.5831746386265,3190.5368447901656,2944.6463003457825,1972.2970229604714,1097.6715553854044,2767.1341515057325,876.4831537288261,3507.1214538003323,349.00966770772277,2449.9399492869156,1230.83561246526,3106.818662831164,1375.824947819304,2293.2926690078943,1800.2122009749862,194.55790620573208,2467.1112745595947,1587.6888744488465,1111.782895921544,2132.944784866502,1928.1875780969744,37.31107540344875,2423.0660651077606,2340.1342527100473,2781.640999541417,580.9014606064519,2956.2956122822034,1113.7140212979834,1466.0843828641164,1738.7891955302323,2612.9545172684093,1205.4457564010327,3984.2843961521544,788.0855191087053,1832.7225039676541,1810.339302210012,2131.107897347567,2195.6137861676325,2403.1809901222223,2427.4274858569893,420.35111388287584,3314.028649201714,1224.7760025824582,120.75056257665507,3894.5404072580727,2605.3909000704493,490.184139477623,1614.2055348891195,2695.544349060958,2481.0873005951626,583.8111147169527,1385.6329861689958,3145.8570779271854,549.2580766951585,1077.178877920821,2145.028866370923,2329.8122844103573,30.725365241004788,3412.780166407551,3548.442424181307,1970.8315209176285,2248.5284937081938,1231.8810897609633,1310.8556598660157,390.8098868613502,2157.6676417161902,849.3304599372279,1718.9913063091826,3573.0824786565204,3907.538142693601,1363.8244029677203,2994.0551151518052,1483.936879205684,1711.676978629227,3482.8512146519056,3245.878752452145,1877.9401682463977,1655.8023469529446,2309.457098218334,3863.178734258047,1100.3308135267744,3064.163090521515,4828.440037914392,284.97413954741904,1034.0959086181288,1680.3766909025408,1370.6367821479562,2785.904574152644,2201.712453591455,3525.544710331069,-162.8099981285201,2238.330116794774,3929.9175387128544,1591.4663035462777,1578.1430980717885,2145.3278032239755
1769.0918538586009,-102.24305633191848,888.236386201058,745.4270830167222,474.88893237399157,734.4398970589984,1632.9837719378825,1742.9481477034242,190.66871637209059,1061.2758078379022,527.0814405611081,-352.1937272901521,1302.8903740490875,411.3755165929702,591.425647130986,-212.21250907548816,76.15672718703135,176.74673061712102,1202.5730248532118,975.4091837928455,829.7461923402791,855.3096336713304,1278.9671810366137,895.1365866018318,1771.5220692926289,806.3190617346428,-62.49926732883804,613.5792529756268,923.8679799239937,1498.4466864102017,765.3344518347745,-74.54900664327481,315.22410911196476,876.4891621321765,331.458864138343,1024.714085831477,2796.0061549003917,872.6262956673648,253.49635236146412,701.3475668310354,754.0882964154025,435.26727083132045,373.3150742955639,1655.1750834137565,391.10429170542113,948.3566589196041,1260.5178991973767,405.88373255458595,610.9093344637276,604.1324927559625,556.4724921507155,406.3075939385052,323.60060957183845,1264.9647251427764,-30.11701976961363,609.1641631956737,74.34008260199317,1460.394111348942,439.8057284010026,590.4363508950158,83.49062945718345,208.51017386970224,537.1286923867173,-158.43106976617776,1598.3344607904762,704.6375670700597,763.5792385096938,-568.2976146351627,577.0813704688103,521.7002705813401,2141.561115555442,889.453308661105,567.0340618255868,-57.8231240864839,-197.11049050919095,759.3381843883822,307.3722031040179,790.5335432014175,1185.8457495113873,1887.4809221338085,1724.1591765090545,691.9163393206939,-259.9206918437288,1272.0751528618252,280.94138277775846,390.00562487379074,1204.280257967385,128.51156895687743,905.0230322054435,378.82235469870744,1508.1151137415045,635.1768508166509,1050.4692646009903,602.7539230724125,35.66596216974793,1077.7944277925674,1387.1140529728955,278.9641717079146,615.5607786937979,710.5577519802354
1852.4295812760895,1999.6144796538244,2543.7844758490405,2463.0362667224367,1439.1521499516846,3706.005983707116,1065.9594404121522,2189.619669130971,517.0890980353433,2349.2472286604357,92.52105395249052,1778.3640883007554,661.6669388103722,1879.200287028977,513.729780289472,2532.2769961434237,1248.0267680899146,1269.7828915197715,2203.6811320404377,405.0815437076841,50.84385582443838,1354.3683710644339,1874.783056207683,603.5505235732118,2610.434737445646,7.136366453235689,1436.3508888932577,3037.7094568252583,3372.4614652142495,260.6205869738148,1681.4293583475,1640.2155766514522,1441.2566118225113,1527.1560104851162,2612.6351392519,1623.8762483650964,3441.007027242152,1481.2810659772774,2743.322723041522,2320.4687068813455,1178.8394600638435,2022.5887893166603,2016.6924555530418,2485.2756168574174,140.50389059379555,2938.9646780617945,2214.0014146763597,297.0301850970419,2045.427189457415,2457.739087677501,383.4567777453388,1178.4077238457908,3126.3800725918436,2261.6890246226376,992.843918471248,462.0032020352194,2042.0773026969825,313.93366683990286,601.6724197600506,1914.2006430739405,1504.3842967771538,842.3906654495979,2881.680122096123,1756.1518390923368,3104.603308111507,2042.791839191043,1094.886660858932,2093.7912747832793,500.9785578578439,1657.918193932049,2787.4430360447536,-89.63711695905586,3127.820164137944,3247.866650303733,1257.7180748540125,2851.7906548240767,727.6029695682778,1397.1332481412305,2750.7161033187554,4155.235011074144,1527.9182249630965,1817.617870413468,2171.7370177481534,2308.332486354846,1013.1475833705338,2064.650081704006,1648.4124469916353,263.0962600511946,976.8360544032092,1214.3311666454565,1421.7215252049582,2403.2891148603026,1508.3449187050817,3325.828126823943,-124.30450410033889,2399.937933072099,2049.675073504447,4064.1201824955233,1684.771139105526,1477.3614183110594
-684.243786914075,379.30422089270627,-646.339529012373,-3169.086495704871,-1472.050704884389,-2006.7119496152184,-249.22716520625428,-1208.2461827025882,-78.93693341592991,-188.8085119376003,-264.8645741315788,-723.4288441032267,-1866.6372802032263,-883.5197089836585,-118.71592183562512,199.84014234293926,-857.1862149103972,-180.88446893301617,-479.5551584305382,576.4404009598732,53.278464680910226,-781.6355669021711,-2394.8757102967998,-41.704100271055296,-293.4989737909122,238.49538875793453,-292.8066305533274,-1162.4110433620624,-1602.049939125759,-181.5123936138045,-986.6285965049277,-507.3235733881744,-1266.16084471411,-198.1632676697198,-934.0321844646593,-1058.9553246363173,-1263.3197044687772,-917.4771508429758,-1919.9344404489925,-2857.384679455511,185.77399862810628,-453.6821905375785,-284.7801022297861,-778.6151585181702,-42.591655384097265,-2225.006425277654,-122.59715896186862,241.6515793201729,-925.8807311346649,-2254.7273501420573,-474.1652365998556,96.6356573500219,-313.5489535528169,-1385.7150029400307,-478.22963572145886,45.316587516164766,-1534.502142999515,-745.0639353964676,-311.0010783027395,82.08027813736693,-1.8647287741301923,-65.60825659119803,-84.4107128551778,-634.5136062762851,-1251.348666345736,-1415.3538648821502,-251.15334110944647,-1107.9143235799984,439.23963925355514,-116.01533724254969,-3919.012203976757,-622.1330567513614,193.4244084141003,-1560.8193594727452,-65.82644307860544,-1535.873353149771,-1385.0292241710786,-66.6699963894925,-1367.0855394775308,-1461.1030468127321,198.82191184863987,-360.33961788544354,-725.449510698306,-1016.4228044639914,-56.15266505883548,-2376.2311678300484,-2462.7069859026733,26.9352739868106,-1374.5181616257687,12.101907501234198,-41.723844359516306,-190.83984112078878,-2543.364291994555,-1149.02007577179,-173.61839245308536,-2867.2774527703064,-1310.8924723978798,-1875.6531054502702,-1149.412383291053,-2350.2891645676928
-1040.903249037225,625.3384878369835,1296.3707027258306,1813.230076357114,1716.0606615850959,2056.814362283095,872.1243793580287,1038.0804658083998,143.02442324088383,1115.5954379128425,-226.75167651864652,36.497254706330835,498.46468823536026,951.1842688095759,151.6267831630364,1075.1995678124017,922.8443334782966,571.8734571996365,1133.845833723865,857.5863774213252,10.679163864354948,1061.5401841820797,263.6562675455823,511.14710488900124,-85.47457517873937,132.5205529824398,290.90878275522584,715.4571760961031,1762.515125632231,578.8840114103959,761.2112248995608,1277.4089848717522,1376.6453674708291,1076.8968143728691,1273.4366316175783,-429.6394057544233,784.8608208167193,-81.92349129393783,1758.6311949308135,1403.431831814865,852.702742707794,1134.9847966776301,2055.6158847599604,988.7209495814122,147.94421926538962,2598.1811000739963,2149.4756044500987,201.09916908848462,1497.831665727799,1044.8547511759452,472.5060613429065,693.8767234226674,1263.061883007424,-385.6933808863745,1830.0561638290897,258.4823237559023,2776.4992516563543,-1045.188670295552,378.629936152597,-279.35414769082786,1277.34932836004,706.085108955665,1453.1889471525644,1361.534876212504,-495.6204021028145,489.64486028208336,420.7549287070445,2970.335575447577,914.0980646130221,989.8047745112591,394.5688318074167,48.750407304465014,1001.1799078111031,3709.0563271990477,906.6405211584325,522.6745293342875,228.06879119343418,582.9719047571621,924.0985419399461,615.1237093466318,238.01246556774424,547.2974121333616,1363.8138866870236,293.2905826358395,971.8333228398883,2474.5134689488427,-61.29631625518694,229.28882215922744,150.6494819086082,1303.4859150113205,895.1080728334337,958.3335429773615,466.2345195489636,2561.3856848983182,134.9153330467722,2828.8446335812687,-193.3397056704592,1932.2421121346863,89.83839483591859,1057.2238325638077
3278.589081883959,1017.2784645429729,-444.42158443889946,1196.567199821839,111.25982508001677,1328.0054526994707,863.6724203278382,746.9305372210409,950.5979569133622,459.8652116848553,-482.5583061834516,351.44244058768373,1240.1964598469003,1109.2471230665342,-77.08154289347264,-447.4562874845927,-502.88364142151494,-207.51806829335436,602.3090382915587,-1195.6920291812687,2030.5171820989538,52.102802194668975,-67.73214508221552,1534.9839796385909,1828.5460964275921,1013.1085327140269,-40.75536641681731,1878.9202213692201,903.5303295460443,946.2828156369654,993.0617492260664,158.31744605258976,362.38413556365344,354.83844510466815,805.9910617732668,2307.042603626036,1976.1041424338698,470.2653073768194,592.2060391451381,-136.36756433520145,1281.095431854294,-878.9826639452339,-236.9521810773989,774.1259337207416,167.95439534151313,306.0463051924779,589.4039690168995,-42.37810269604902,2595.4803885102306,290.9584766098714,152.32768191262377,-736.8128111725022,2683.430598494745,1529.7502780859961,-254.83842828863712,-654.9378496270131,-1573.1450358226843,1296.3469784373783,-326.2100066915383,1658.2444128077768,-1236.1084110128224,880.8663657267986,1541.8353354870258,-657.3675406677635,1937.4588100155775,2319.7223934480285,213.98794427578352,-1288.0869000879918,-1154.6128924032946,-576.823360918245,2004.340943891181,450.57771249417544,918.2764629382743,-1866.6531070797796,156.1295255224476,2117.1337762203734,1215.1968269719657,886.1546300753582,605.4772426458435,1667.7322353661443,1469.8898382166888,442.6141607325356,-304.7717343580961,1679.126452061657,-273.6757551226992,1915.942216044342,3451.125827604192,43.58841903488448,665.4386718564351,302.10957487628923,2154.304599696965,757.9886206523628,1520.4830683559787,872.4886417215528,-270.2754175454714,687.4228091017803,1775.4261248643056,549.0851054918132,1025.0096826657107,855.4650953954775
-1815.35948664688,-1421.041932874944,-422.046995263586,-889.0838400381593,-79.92246424494142,-930.4059369916706,-1660.0912843880246,-270.50843670502076,-815.2099021869848,-1019.0627597190886,-186.9441848109455,-1414.8185547834316,449.85310484577917,-1420.3453067541527,-345.2638747464122,-524.8316536928456,-179.97612342026144,-631.5923841734354,-1452.453447410518,261.35228245200733,-444.2380018542334,-827.907997797996,-740.1006523356737,-256.2271723153714,-2349.7502001046473,-148.8445162249251,-1017.0111144348808,-754.4008364071643,-1430.8720811384494,-229.3341760980855,-821.8543824734081,-478.31041864600235,570.6649479434384,-804.5860597546992,-655.8144671204151,30.065883240443615,-2699.788518924978,-619.8137463521554,-817.2854872355009,-782.7542904079717,-662.0605993658072,-987.5580021010528,-1094.4098572202522,-1554.3897841244595,62.85823453854582,-834.2650842378408,-1017.8249966488522,17.513063148820986,-781.5937356635151,-1224.073025696309,-297.1187493782355,-340.22266015559103,-152.6112726222283,-1953.5537226371791,-20.503288242265512,-370.37820493271084,-464.10078327592026,-403.21299339867187,-435.5448423184214,-790.4967920856952,-201.50804123591308,3.9608386087259055,-1057.623278347166,-112.11614359395422,-1631.9432967757173,-1049.4081920424212,-393.28096927842313,-173.71803694043763,336.7041521112717,-763.5917416626178,-138.40129281666268,-130.403484904527,-1622.9437779633895,-1120.5391061702535,-358.08389750199046,-778.9316208031121,-265.6225681722778,-1283.786364122394,-1048.3043838389844,-2320.072836807156,82.25039634875885,-949.2521301596375,-1215.3902596548467,-1652.2894436681906,-348.28131964954645,-1105.2521001619014,-229.53536887696023,30.71482195022701,258.9325632210234,162.7717144316703,-1734.823468985288,-1380.6978785940491,-1631.8622618383718,-1377.619839230957,166.22183533108725,-96.82187817935836,-1527.473765387368,-520.3810903183617,-668.0721249267458,-464.27208881031066
2672.0122141414427,526.3105171971823,22.762272237034207,2303.6961060855683,851.946628834665,1084.6297716051565,-220.55599832148775,1434.0374024337034,646.9079581235699,415.27565246414343,166.1419879550756,887.281778520659,1462.9365184264761,858.3146857398713,55.57083004498522,-676.9520974621229,-241.715822172966,240.27101861462967,372.4235018082753,-1269.6117253886246,613.8984517273807,938.2701175055863,1893.9795763139114,549.4013739097497,1252.9875934070958,-37.05027465505155,575.7358562055895,720.8244704450359,1539.4583962369475,415.44910026854745,1334.7407684217853,513.2346507754938,648.1955845586756,583.8583472920312,152.79507824924272,829.99724283473,2690.504161185755,1587.129312695113,1783.734261996129,1609.4235046547524,-78.61099169244683,-14.483748564327993,-150.84576355021514,844.1462808270371,147.7375731070096,630.1283754262272,678.3200445633212,-121.67019585162498,1825.029092084968,1412.861236015522,122.85527948504134,-373.3331967964995,1133.1666910868514,1189.27240778996,249.3470393475088,-80.52508093111878,-136.976323868131,1244.3101985786848,-268.26805811733703,405.11181340549,-489.867281199674,-89.10846515833437,133.76401984633793,-306.06937026845753,2207.855872850885,2295.6188024726985,-178.91204862384507,-589.7038197855376,-836.348151241391,135.37729251045423,2332.7108777971202,703.606817138122,-94.18230096425084,-317.0947441031619,303.8038945762697,2003.5445543085862,1293.2264213140775,1050.1406018840578,627.5985162536948,1338.7555209379136,44.26952045120707,480.54608004799894,151.1609488187853,1295.3578568881278,-116.20427545845455,3128.394523716202,816.2037375262923,110.32736387402,397.167264346502,127.94534367041643,651.7171934929794,399.8936577443309,2186.080926441014,544.4567705659863,-21.492043111109997,1045.9956009029354,1448.7304272481465,339.4071798128782,2229.702073393463,2099.557578129965
-3463.166593377119,-662.6726318897528,335.70605699009536,-1223.2165292380016,-1139.961251257435,-105.8388975697462,-646.6667046253901,-84.83127319726597,-53.67579711170316,-757.4989292893158,416.4233726298135,-669.9833441691196,-730.8723321974575,-920.6347469434801,-33.58575139699051,-138.93709001110275,353.21193150955946,335.21153467372824,187.20154927180698,-182.11920398045794,-2231.143486770165,-552.434495260664,-312.57576077892736,-1027.0173763876394,-470.3279115433712,-71.45508447502446,524.7030217427217,271.08758394543696,-53.94831171769291,-438.10991299092814,-1035.9457808943207,-118.4947492093366,-542.1861261610306,-886.973106643371,45.98534259142777,504.7211373888236,-1190.9598147842848,-495.128361100224,-662.5743969425702,538.4701695057726,-636.3806008620968,14.27649003767052,-251.62770906797004,-120.28631183926764,21.83027445429757,302.6648497274342,-1060.587586809882,-485.4876540394594,-317.29590143039303,-793.0896569228312,467.7333750106115,-199.69638119792714,-1634.5650700601882,-751.8595288056521,159.48968726462323,-31.36443914108916,32.577447424475196,-607.9994993966163,-142.58933105714436,-307.8416997434568,-432.9114329044964,-524.1857015821291,-227.28909022906618,-1379.9999576617595,-883.7433414643112,-986.4503690896665,-400.839052047144,-289.37657128678677,-763.2760110986835,607.0183421518144,-1335.1642113205635,277.38199920800344,-491.43751398914344,-736.5123643921149,-372.9185375253712,-655.2909912478309,-1140.1623245387104,-297.79172293953843,-311.2727302037365,-698.8322647421961,-535.2417809966099,-641.4089815726591,-420.09375734264387,-871.7036387817174,-464.11896120414747,-743.7256580461872,-660.9263868272615,43.63162797663547,26.148041019701907,-883.6778996028119,-62.62067228955063,-148.06513342723528,-965.4361734786975,-523.1141954509412,128.25366659920883,-646.8967423030921,-1804.9291731515573,-1089.6943038248264,-592.1643299246521,-650.9281512258519
5383.112166894519,3149.924855017146,2447.431428971183,4809.352422350372,1965.7018634927094,5411.864581813766,2721.091477036547,4631.933623065899,1322.6708372000296,3314.3872116808566,1062.023871748758,4122.678419710146,2878.9803325487196,2023.9188976709402,1385.6685655844178,3677.0488376504923,1317.7170225270509,1564.5554229242707,2943.9378613499875,1329.8708924452976,2405.5287630355933,3370.594414311182,5493.646505342443,2331.063447820673,5023.863696543837,1887.9370637168477,1852.3587302089306,3796.8796710110228,3107.9895377795838,2203.648994526438,5554.847048060929,1376.6354336616012,2081.4666015758157,2180.612162127082,3027.721251489541,1702.7857397325827,9711.42326306523,2083.869719764888,3122.0417625254827,4466.733367652257,3324.9853166650805,2046.5287955514336,2452.799135121355,4935.546945366423,510.8984181362694,4745.553239438667,3861.199217799822,629.0160397824145,3287.0784374303207,3503.524768549693,774.2570794151103,1569.979659452252,4707.408135974517,6275.346884302051,887.9243400029958,783.1125228511497,3588.399711614956,2807.4499081732465,1244.2083270325506,2981.7389522567155,2382.971596980346,494.5325924760825,2315.6073363913006,3843.22775667846,5730.320286803353,3679.3895746111443,1778.6610191942034,2123.2954953717954,1907.803023830009,2070.84103729063,6817.1131600774415,1550.9074781349316,4012.5761867568867,5075.553299970708,1113.0613176474287,5652.708662201384,2270.4399701863927,2725.316079843363,3731.401544633086,5682.677586752058,3948.6721350133657,3011.5597365431836,3370.741643645411,4577.16750878567,1630.1863046843823,4310.712283432547,4527.890667504092,145.7935901709434,1683.8570713623799,1581.7325549928973,3781.9678989974573,2574.37388898468,3087.6403438324833,2868.5980626236965,84.90782939822184,3013.815054884895,3530.673317680682,4629.9670507834335,3135.2675147170767,3860.249525010068
2187.0791864480457,1634.493780590569,1250.0549944921752,562.3664897113822,826.2565838762899,2531.5168300114847,1248.1123600378553,1540.7670321175228,1225.9874665276454,1503.6288670387048,940.8957030568356,1684.2934363371987,55.9741623093278,1538.228115682921,1068.619116139023,1898.9052242225557,1070.4857560543976,1115.3874828659752,1384.4078857371728,993.4163846709423,795.3300351829762,1993.1891759775838,2235.9817100477794,814.0742001340369,2448.1431607717027,370.96023876264553,1355.9486112252966,575.5884220473379,1763.8544224567174,701.5428119410396,986.8756256130481,1315.9020804351205,926.7056752936859,1781.088459976628,1397.2127798997783,-417.5815323671783,562.1041878401336,739.0146517795492,1413.1390174055723,1958.0900352026424,1197.1870901035766,1392.6049125071584,3881.4745148621464,1225.6780490856813,115.58135642038971,2164.0373935105486,1854.8068701300733,519.772571999265,1254.4565375140137,2039.4166049596788,888.4752590376845,1313.5281312789978,1598.925028775273,1101.5244414266815,624.2155676191142,1161.325282845861,2814.9971288070246,-47.41926279792857,1072.289660476295,1641.5739427657675,1812.8025515695194,362.91141027209926,1247.8381362384162,1680.3647636555072,1237.7936720537712,1475.2240890301443,987.8369370852022,1859.1539365578692,1120.975024381586,1444.502809653218,675.3201817894903,674.0267383273876,1489.6695583717374,2257.7798967851404,447.05518371508765,874.2985639635838,-194.17007698219945,1467.7964094395552,1857.2855332583556,1923.4833591303309,421.00656997173076,888.6006042299931,1323.649363024804,1450.780976573487,983.3994229287215,1325.7188519637248,1874.0148132104007,187.3086273808973,534.9237667057383,943.2328017295079,1167.355050361774,1317.7286535384449,1320.2896353791348,2045.248685114125,619.1375850861658,855.8556572672711,1485.0603364291499,1932.045271468151,931.8769654682742,1636.8815634112987
-185.30782531011408,377.5767060987842,699.4519843739535,-426.84438333483865,-506.02394928202904,116.59373323714301,544.4747588733094,-370.38854750409945,-474.12030652251764,378.00839525220186,634.7767646579453,423.4817767671025,-223.82911772933207,-222.82285289154467,137.5043643654476,-445.4034637046748,867.0433830082445,-20.04990527591414,1450.2553260877298,1240.8952524481665,-238.17154149496926,621.03293036387,752.2321949165603,-485.9101206917341,755.2225013212891,51.724300982939944,508.2172156361548,-341.3990061541615,387.00135073985626,-188.3966897927943,-700.4161714690968,-202.2323970061323,-1178.392265674331,271.8305637137047,347.1701994249314,823.707662994997,-1925.3393253317342,-319.1205989619842,650.0187044993742,-1370.4728582780776,-291.1440539270408,1164.659683085065,-581.6994665907021,1078.418728939889,79.1275885310085,-103.21546905999742,1037.0218025570703,291.7351355096385,-1417.988658580771,373.15938017335446,240.19363813579076,808.2998548878255,-572.2783192427877,358.08135558182516,8.611878160503693,474.5234570665738,15.638212228459299,-433.70277955862207,202.63140306464584,535.5239052261888,499.37550434039815,43.726281070121054,106.68329695651869,-692.1437095598794,927.1503602059464,-890.8058706420148,686.6798635222518,-192.21122508683544,578.4798867820354,672.9172496864647,-1118.3472241197717,-370.36115937790305,1214.8079492874417,382.39148380454515,289.10375833570583,-644.6702620519852,141.4580076960731,-520.0499173108902,1160.2789512439113,1407.3592721587295,1543.158109410181,-215.58910156190592,268.8459277065196,-249.30375209569428,413.96642443059574,-541.2825259263984,-2176.193464809056,32.159672383083375,34.59464331086206,310.6910936984604,986.4450968333733,838.4358775494514,-694.0199524082145,438.75577784469596,55.49940138659099,-1115.3031149288513,-177.91535635763978,-168.67733479127637,291.23777691556046,21.307439990669216
4480.440807201337,26.81856354911885,1034.266946200927,390.16233002615326,197.74677247638246,1586.9286987396779,1244.7749553461313,564.0173856349725,195.92085862505573,869.4647878532306,-221.1790509054648,-75.64557865618487,553.162577970392,1338.4970773522414,43.731379262047746,475.16298318762364,-165.31540547425948,-88.2856578699657,2.1539089515018692,-130.72387538512916,1035.1700632669765,736.9871986939216,43.85814826711861,720.0237262951478,801.1550411466335,214.49312655497894,88.32851205812753,683.556218480135,1100.6114129096975,141.33009314670375,697.2037758116942,-594.7125180791952,466.8583038596365,-12.194754281736914,668.7516427380701,505.6596697800835,1706.3423751192634,65.91124432743976,760.2713538829422,1063.5465468192706,1057.3324831269083,-93.206334385883,-1382.7500832732017,104.97545573903496,-69.30567142530154,1101.8408865498295,149.49261708183448,-276.7064984899631,1128.8087815598305,725.0369170965653,-401.17627677910417,-37.219368927419715,905.4825295683222,550.8548742071315,-211.12916804741292,-109.01541727202665,-695.7936881106463,785.5903731461276,216.08500764148263,730.633659639989,-662.9286823169555,164.8718769385185,833.2998163371844,710.3907820140503,1359.3284659963404,593.1612583141402,993.5904968792051,135.2165933998591,456.4844988296815,-314.8935822981633,1047.4207865606304,334.76110378324915,1281.3196925885832,339.2800009674308,70.83281328248502,754.4699504924328,230.42199298264183,294.88693467648665,1517.6833465814052,1542.2878762617956,1337.5452580154142,56.92751707782258,509.5353448468376,884.3205132825,-89.96275649982553,1389.7594561899293,1321.7674002366061,-114.89128648482519,517.8462728693789,525.1148095300647,-216.04361648046424,103.67802569732214,847.2777396454252,1257.9432874689871,25.138656747907774,940.221308461444,1790.1106495911663,578.6366772092941,451.09338957521834,-410.4771919789064
-209.0617962020654,232.2813753730637,488.3917655707989,280.8793905380801,286.54602396187437,-11.200473685434153,-1071.7869190434467,908.4916604004621,-210.2529717682099,-156.43816631746998,-793.0591071795172,-521.8869629188329,-544.1803880577818,571.8840488260157,-180.71561822948988,-499.1799541869783,-534.3131617591305,-164.35835725835156,853.4187722335834,-449.62859502764377,-1147.4638727545716,-460.1706904340825,-1364.4201044582962,-759.2635063370562,324.3443440471439,-285.8033981146806,-1053.610739550455,1525.0500610000279,-398.05717146051796,-147.11629555712182,423.1059058464207,1050.223809415204,-426.6167366910347,-227.36171586043397,145.48710949883954,-241.82477697716774,-760.6338791192426,147.24455352696478,109.25418523614778,-1018.4803341364515,-205.12741713853728,-87.93812922110507,-540.2619314093246,-84.18128321625738,-110.53077887548115,716.5498208711313,-287.05404882134474,-214.1431829719788,-423.43518010451135,-548.0846984057364,314.1049943439134,-317.1975089423485,621.7496726379428,230.2356605588406,327.0095868581599,-502.68756377726174,-578.4919622345302,-116.9764705909819,-682.0609747134416,287.9710023121544,483.6740793336078,-120.37842996087822,594.776144156252,-1044.5340025720604,846.0489030889875,565.239439324953,92.1423821596216,238.95476945575265,-575.5888234914579,435.4461164817272,152.200299046595,-1004.1729213076194,347.01705478289597,-423.15241478631236,420.59108932009576,-199.95023502180845,30.21595455888894,121.56786615867944,-1519.656817957115,648.321866209035,-1240.0560666033623,-454.54180664033595,-274.0525360590194,379.6035477872679,-259.87319258145635,-774.4800865954139,-1836.4358970600815,-7.289302535913887,82.73912583593396,-237.27455045973613,390.1071401369202,-114.68318574746027,-61.25934664012002,457.54393761857705,66.05243660804354,1003.047546364483,-1142.7126372277921,1122.3727056793339,984.7127129746468,486.1654928763075
-2558.449702012726,-1761.8116700573305,-1234.0500473164232,-3226.7350693419958,-442.976932082683,-2351.5524192010243,-245.1418538193596,-2267.494554360381,-695.3767109946364,-605.7889626878823,-690.4183723968893,-814.5351232751872,-812.8494114874742,-1641.5866137690573,-1085.4848278181746,-575.9290830864439,-568.9732915651103,-950.8908206123548,-1986.275779551843,444.10877899655185,1020.7684303200762,-1576.3464307958354,-1262.5999400676499,-170.28915383480563,-3905.366773058627,-990.1494891491416,-566.4731150714556,-2875.312498399804,-1786.4327691634253,-1178.3035430019095,-1597.6421212032224,-1502.5593208919122,273.5477237981744,-1054.6728491862268,-1719.589644943925,-658.8473869085879,-2708.5770684228546,-1582.323990419199,-2075.580338530382,-2043.94622491748,-833.304809523978,-614.8686863307261,-1104.331482064888,-1715.323842658615,-48.65133536081019,-2150.576050990558,-2131.639935500198,308.90868624252147,-1198.2270970592288,-1647.7849707860837,-975.4937589257503,51.93642366037645,-1044.7099472555842,-3032.643852324474,-996.047912075768,443.1341850670186,-1511.8481610792815,-295.8212951015893,191.65323955732794,-1579.9065464681635,-1454.14114694707,419.19110811648954,-1333.5117074990715,-664.4362652077749,-3971.567624624165,-2758.3263189790064,-918.2468999922863,-1738.8008651339728,718.2901461572385,-1566.2515625354936,-2616.680519594228,58.11599054300515,-1550.8661605606294,-1719.3470675106576,-598.4940738627714,-2221.372471922546,-1078.0279200332043,-1524.3808548265508,-934.3413863574932,-2884.906763537212,-934.4165638462194,-825.4130918917633,-859.0419956444215,-1899.948194359338,-1.736234295628688,-1713.76878697547,-389.50499558357376,-144.31292731202214,-1219.7675482593427,619.2825371170168,-2176.849207376408,-1547.746325835676,-2814.08955495212,-1877.446583983886,-429.1678893817748,-1767.483278036532,-725.7953997128211,-3664.321953241824,-2285.9520318355894,-3907.399914876463
265.10445219096755,15.678759819696428,278.25937493309067,1031.4039154904808,203.88774795364475,942.4055183072121,213.95965626614168,471.93461284867476,324.2376910622526,354.1040155036136,260.438790979851,-420.56216673796774,1856.0077514304082,603.3388891871664,784.7550657982928,-390.23287561192166,-130.79771706787088,204.95716116407752,1371.2038889208616,-150.2778501326765,455.5107670358089,133.87612444734464,-139.5161989658315,914.3527282712085,810.1442707590631,621.4566900981455,-473.25340818873974,1983.9993047012913,124.90311560171004,758.9426866034587,768.4322185139803,1275.9337931823409,316.0420301075558,553.5314629512236,591.5293733375858,1513.8013228969232,-77.24636348970498,820.9984612654583,338.1420799384674,313.57414859171575,698.5244849857165,-202.1876181984954,-238.9705910207666,737.1354764740805,455.8683573172464,1028.3922840036332,434.48887663610515,252.42882229391995,855.6389262226335,1049.0864913822268,594.8601455475161,11.395294078293695,1271.4198684630753,829.0911209545279,379.4857928564299,-468.7324247441686,-566.003437538902,607.0749867123815,-44.048944583255825,1012.4054839210957,411.8705390715106,64.54264569193295,1282.4840607177925,-321.6088936432165,773.786526185433,1201.3498366792644,249.425488191814,487.50953455260725,-612.7454814303486,1010.1455036577772,1363.1411645977878,135.29926639091434,231.52180359546085,-1234.231993068554,338.9242092504278,1074.9282212660107,889.7262822256438,548.5278192183868,-148.028147764757,629.0942670725282,661.2108345117355,661.4292568831238,-482.5172896055341,1101.6550685723716,-384.66434263084716,1000.7757442255773,940.2791952553952,317.52957729221765,1057.6096948236902,0.6453567129106772,1048.510164069839,1217.5016782507837,724.9561772082833,973.696386839894,386.4713821857148,1612.8341688907708,610.4343905399307,2105.586827009581,1819.158351947289,1211.4045972590072
-2656.7236125088916,-20.386094820060535,-855.1645789972684,-440.6427635285329,-166.58237210815867,-1230.2562111868385,-145.17345057894394,392.8761780014795,-677.5824909457295,-545.7430401056272,-63.294101825696984,1203.1375127900408,-166.95493843576216,-1765.9948803800564,-987.1266435397877,1676.188423731675,911.1604111198038,193.27627270234007,-898.0156732895343,1352.7493786973725,471.84619372252536,-703.0768774433641,378.9365784379015,-367.0688320837284,-2420.794227474132,-359.3355686572074,1000.2066467788077,-1531.2619366315273,-635.1124985688291,-2.774937514581833,-677.5452562028707,-218.21065682974864,983.734198197261,-1048.0081377254362,-1099.9467893149206,-2100.103348555266,741.8957261371668,-216.1436322644726,-579.3115706820292,135.34903524790099,155.16329379020578,362.73267535585416,2190.7505790853584,-64.18100639631716,230.2761069372712,-143.76099868047683,-1103.1692177835282,1015.724820067404,-55.62242118222296,-825.7320254684397,537.2234118440392,863.8147062066446,-1037.1041734751775,-1140.4377214790434,678.800441361616,743.7703430964772,1960.7801715732685,-447.00674750329125,761.4406980525871,-2238.3643161777663,433.5193570351908,907.6313273552274,-1525.2849610294052,2309.5383999598025,-3111.892019275218,-1280.6489849740353,-2096.387581698109,-225.05381594188782,1256.3905587202653,-543.3228547398606,-796.2314708974822,416.3177574500631,-2569.2890903913103,3221.3895884187573,-508.1312385358393,-335.4842730965036,-770.5566331778906,656.8270941968515,-857.9068717314511,-2467.6219208587686,-805.0178662016928,90.23101984123814,1359.577071889232,-740.2054315847608,1002.258078932133,-1480.1780266754397,1224.2515397108682,86.2317389523378,-418.31109802806094,114.88836543569145,-586.0306443371683,-1604.9470831334909,-717.2579750855732,-1849.8059247884928,-698.8314403746182,-1110.4125846275533,-1167.8848344306075,-2347.022856588141,-1584.8727561396515,-881.9295937565438
-1808.6357204936644,-469.04956005010683,-675.6657682561513,-768.9143678545365,-432.00211824312646,-296.03876100704275,-721.6093167236761,-1604.3518434941598,-179.18174923391234,-706.3589532193722,-243.20779920530057,-886.8832235827928,-805.8461889918641,-785.0683625667231,-54.574530827534836,-388.72183688160436,-213.198281264058,-331.501917059262,-329.64331328905564,-762.6973662773057,-1225.8834473914492,-452.83632016860497,-554.2796161565201,-750.2956996634998,-580.8173681501776,-309.75143560458645,-406.7692770332222,-692.0161962974868,-468.73142532082403,-465.2149683690173,-1073.969868357764,-517.7304536207691,-436.5844614937387,-533.2539871161127,-187.01497269354283,-455.53108866711665,-1135.7953318878338,-323.27024121545935,-242.74498413345083,-222.86130740861196,-851.313926234304,-662.4471083492448,-841.5255013575024,-1017.9389900439757,-369.7538992669645,-918.1544139372838,-339.42568290866666,-482.49882463715477,-690.9571844743629,-504.95626235047905,-272.0192320928177,-597.4372014917116,-1123.2910684963645,-437.26713564588385,-410.4117801161847,-575.3601981048822,-907.0219573648196,-756.3544171325724,-304.03858732034956,-747.9797417022551,-302.9093140640591,-347.3959828502257,-722.6586251957455,-1535.1084082146494,-558.9866222707411,-401.05541047607466,-302.02738718287355,-1.486727591311628,-1201.4339886038194,-352.3895526217514,-144.07190764082208,-412.00591564862776,-752.9157937437292,-845.9194321945594,-219.77162721956094,-819.3933885172773,-717.6543275092931,-852.0118125418478,-998.8694958653956,-626.6192029942108,-805.7010221872232,-135.6165626406475,-633.425456569899,-637.2796246313691,-727.4885308712056,-605.1718502382346,-1642.3997236085208,-63.127608860818135,-501.5875079302377,-864.2209628905682,-345.18715126286537,-549.1178318567642,121.48222959689097,-747.5043241949679,12.768016241061558,-866.9525535264472,-1102.3974710643565,-331.24861747302157,-853.9954603740198,-121.36041085832967
1337.3512848376977,899.4854361801241,736.8296963071879,1168.746339313698,131.65720383283238,-593.6651221121354,-990.5343168833598,986.110719266068,-473.0054409828113,-633.0170718080136,397.6004358641562,424.1650967000733,-489.53164742359456,134.66100775655664,-732.2378434841768,473.5362702816956,440.61706630915376,85.65660211970638,-549.8284696063322,95.22622140873453,-785.1436854408294,360.249192885692,993.1533641951922,-57.91500502098563,510.9365709248553,254.29486472164717,533.8778388020755,-394.80779523729,729.2455793600748,393.60547664851015,-384.785508990212,360.0432340230852,-324.13472215818496,-525.5581916562891,-98.28276244249462,-127.68268417592792,1586.768549197999,-175.2632675344594,533.9006516258067,557.5431632547001,-220.75974915624832,207.39141255332063,1126.8047035274813,764.1277032304123,2.7998833148465154,532.7312311535082,717.8953751575818,159.79142209659315,-297.93596822073243,-765.0405379051163,-420.7099407462452,47.80342852120789,-616.1437749118062,278.06440948848797,529.6833773249629,39.18283764979199,1415.285876272242,105.34423346858665,-223.65119950334025,-438.76379620600534,280.6555593022971,134.98702120868757,-729.2645904590048,1428.3090464509487,299.2105962506664,157.0504704849006,-252.6760364670207,907.2869244154497,-224.19577777786273,37.341292503331694,-861.4676872246472,213.20456206746354,-115.82296219634327,2275.266010113963,-14.412689622488294,53.13497577098362,102.54728857346028,-112.61134927663821,793.2088951141471,-252.80849243342962,435.8284507281645,-46.30062195535295,1117.4745230836847,-288.5211562543381,424.8706748069223,677.6804010799385,-519.3592101044069,-179.38852785347143,-568.7121959753266,-545.2238730634499,403.75069005837724,-8.622631091992309,1051.7240285287291,-212.24673211471443,-223.0243953727114,953.7738407928637,-1596.3897775029081,302.24594616591844,-760.9274409720372,503.85687240395623
-2279.7453935633566,-1611.028391380017,-1584.442503813758,-1431.852127085085,-1712.5632695791314,-2071.548470976459,528.3337935865616,-3192.737295962983,-642.0112984273592,-887.5340515656651,674.6616988534906,-1783.1089471417592,-1574.5112920506072,-1463.4216260698759,559.5922912873748,-1664.0339948295439,-1287.604490507775,-278.328901491104,-1898.3336250911943,-1713.413749868756,-585.3071882314159,-1404.8654447974782,-2693.0722483089153,-625.0465271041168,-2485.5892750295293,-1261.9072604038445,-406.56782261624795,-1882.0800472184787,-2317.9894918205778,-1757.0890992483908,-760.8789380795009,-2186.457817558678,-1416.25868095433,-308.811962908902,-1608.3637351312752,-1590.3393419012673,-2454.8587906483494,-782.7143782106549,-2467.9193758064225,-2692.1502478369357,-2297.7754607448596,-1086.0450108856317,-1846.2353509129855,-1068.4306238852728,177.50804372127496,-3627.1845680294628,-1473.7408531552553,-512.3020219758807,-1682.314306764529,-1087.5079807756738,-222.27846200209135,-970.8114666800313,-903.2232761265319,-736.7465658173018,-2025.9199397222746,564.1540618844314,-2703.3534498939957,-774.1037027032626,-545.449207846448,220.88704833419297,-1147.7170203742241,-531.202883515904,-1467.8915873638643,-1304.307197845155,-1253.6581891889516,-2200.4808108888096,-526.200077818942,-2726.2957534912152,-1265.5926146087186,-1794.0812860785422,-1063.4178785137638,-476.3652960805192,-1035.8556003312256,-2986.238437941711,-1081.8257816181838,918.5114939664076,87.59123563291651,-965.8990907878166,-1695.2615795793927,-492.44870657278955,-781.4114823882726,388.19678386891,-2864.3338569409325,-1350.7634196469496,-736.2712410660632,-2066.0757622404863,-968.4922969686953,-112.20752570886502,-129.8933073515543,-360.97349766260766,-2632.9714246199364,-470.18789077561644,-1185.3113620459455,-2316.4055012877893,-428.4641406950487,-4184.974711793238,1768.1247664794992,-1906.8292082926203,-264.31436709847884,-1215.4718256452923
914.0249768998168,392.05261183715675,757.7920625817846,846.7658693431204,789.0293854147641,700.4483982400764,982.2285229142973,-27.15096841399859,715.9863554406779,1365.8285753351001,891.2071358661725,1137.5529610505778,987.0156154676541,917.2787050908416,775.9583003510065,405.40265457100725,621.8398775047775,951.7954813826823,968.29292451589,1446.0521610751912,1518.7339576572112,817.740404306609,387.3203344263602,1313.9126997183103,527.3614882854914,531.9727254291008,486.24618505428606,794.2132557636305,-19.06645660297429,682.0389928347728,869.9199796609826,741.8678342122812,618.3954568529956,1530.6903780855228,1033.3485645649203,739.9229025825028,-1037.9328395615764,350.54750334447886,305.6492280100726,-379.63290024658255,1037.043406181233,992.5092876592661,1478.5038102019291,1963.5879009278192,632.4083949555445,-267.00391017706596,1424.0190771512819,706.6329517015262,1401.2832938704096,1414.8232986352796,573.8926746411618,786.9623591029539,1107.6987375101387,595.9175097248954,550.0568659599737,652.8741955358714,1144.894365804507,205.01651885727952,755.8745830741443,1690.0855808646577,464.6374378891896,209.82540972351288,1721.8710823721572,830.7343939127941,669.6161976094498,411.9587477029928,657.3036188603974,282.9516856352944,1433.31131279034,1010.8667083718699,-228.7969129299144,965.5739929001419,1306.4563023117369,117.48429380084336,729.6206479231696,659.8759395964519,979.5175510778176,608.1970027036235,1189.547482377273,335.9468755212649,678.0215763650447,450.92390058772656,668.5394681058218,882.8912455578452,918.3187306558638,840.9815337121188,1813.1670420946796,311.98719683329756,337.2686822622869,1526.231242827376,540.8642369760048,2258.9065356473843,149.1595991905126,1598.2819579907205,356.39200443751014,1103.1600087332968,1904.5533100612806,-164.02569513048533,1026.6999065860368,1124.7143316407778
3569.2559131829726,952.8779309003515,643.6103262065113,784.0038362414592,515.00274470788,188.2626770538618,857.0282097983744,1281.9669576012943,902.1643361356602,910.2692310846365,544.4865100293416,252.4451415387056,635.7146661048014,1983.0446451906143,556.4177017628862,1351.962869260459,299.84177278362404,599.4319083201169,-320.7775379872594,298.7564085696447,1255.3950179757383,1132.9557721378876,1054.1275972564235,956.7007074506747,2651.192334173519,853.5184232985575,536.0172308348904,1230.0656558833857,1791.9681895875874,606.4492445113743,2356.1835562742463,894.1117464110984,231.32393682432175,1149.2576748011018,996.5004457875737,812.414949598474,3556.6742285074965,1341.7692766505031,563.3103445158757,595.1606028419026,1134.6377495283361,288.56306432952545,809.4139214174874,1144.6375862842867,617.7848372378685,772.1787871232009,1743.477089319427,67.79736262966165,1406.975749016253,476.09228272230405,159.38877808485555,166.08215955570267,1592.694415404574,1478.0813581390828,600.7232303229288,134.76214475924587,239.1011081869579,1378.9743745889982,179.79002106197652,1590.4749107859177,737.9985484290473,662.6637919535847,1585.7844338778332,2224.9321810077377,1268.5937804358452,1717.9575373738778,676.9328584271228,763.9579090819294,-59.63000753456442,906.8343151161399,605.1961465980828,780.1687485298402,2437.4675430858215,1396.4688595209418,325.18731293636483,2008.2386815378077,723.130189784096,1854.5741717484223,693.7687501767907,1501.4577029046736,766.8935574148059,1035.13669955008,142.1923155996517,1647.2592573781249,605.8471248931133,2566.8111068200615,1836.2857497698576,58.112494050012046,354.0347491844989,163.16131320633394,525.9448044149664,1843.9396964528062,328.6096212279288,1764.5455714637262,270.6112572049198,886.6223598124227,1550.1273415175303,2865.495399888417,1203.49474108399,543.7490251189544
2219.4481065935347,154.52150649555026,720.0726411170185,1226.0619312626284,653.7188259409605,290.709497826156,-122.78374402352509,1701.0040784121725,132.1050923403126,-84.80489988803767,-460.8519911408312,295.8452961644038,430.9234150507383,848.4816235868504,-531.0929349223023,158.6847828519998,-36.3999553131553,-195.12504603860816,142.3404542470395,-24.97374654118823,-261.16413497908246,241.8119312272092,-26.773533285240955,-228.81401295275856,802.4378763117647,198.96621342458346,14.594247001843373,849.071365634521,559.5644411166494,126.44772775259297,53.878627145094384,212.5199758534263,377.4250784220245,-521.2093285049672,541.4466706172242,468.2921114532155,999.4079711627372,-88.32641501872678,581.3135002819924,763.733187782694,42.62969405519641,90.4385687679569,-66.12459191687206,112.93374393884523,-227.67091793919423,899.2975997659328,-147.93208015986605,-412.3711829929744,1063.2834732600952,-234.00286713310854,-497.43756928388484,-312.16633278785076,906.9040403300593,-95.13029779764484,45.367423984627955,-198.5725346687081,765.8183817111588,137.0903711507541,-357.77063102046253,200.0049321770196,-477.6757143032148,-272.83118082469053,205.79531784349254,-151.42798093607277,1040.6319910521058,954.8843846147422,352.99980257802525,136.1326658269368,267.2508303493916,-596.9593572169472,1081.7717725664181,216.03632352671806,225.2506355633886,776.7381529115521,64.41192370344224,456.0031040292137,214.79697445372688,64.39001718411117,518.5504451347656,948.434092377868,-116.45461700777011,-566.6502256241927,471.9879774994552,105.35818731001436,45.53115696035911,1198.882057392774,598.9574698397874,-330.8490449035067,297.6560714164176,155.61204066267456,150.492463507544,-429.50918323550763,-54.83426822630958,955.1181704336791,-292.9528472561824,1211.723296395705,-348.4922236142456,-213.40910924099566,-502.6385640527695,146.8655283500808
916.5163857786546,-885.9912940369168,170.74124560711624,-255.5170320838704,-27.842298445150956,-55.532764558851184,-89.02769863300759,702.4434772764049,-21.269447400427055,-857.2315543775682,-903.689162550431,-428.2588712699163,129.24614831371315,238.4859134868396,-172.7529896665244,-384.8869592824777,-374.2834011544286,-642.6852738436361,557.6054241014779,-782.4846065529679,-796.4629549391971,67.21597002416985,894.9972741370552,476.56389460511105,577.8523510976105,-37.02887813249482,-989.8025512069488,-90.43076855610347,37.67444384458958,192.15656891376833,-78.81404235214617,-421.78843391357753,-8.826765141406945,-502.4182261933046,-320.79207388495047,181.96945006727765,2320.5393480411817,478.4448863826771,183.39827812445532,1636.4901057642546,-139.36825072773723,-743.7962495924413,-760.8553083512172,-806.9927008293795,-344.5257685002392,355.3882441943372,-1013.3051133342498,-638.5852725525721,-125.39366871349864,93.65211407763236,-351.5106621525374,-726.4263660001201,-653.1242828041,116.19221217548395,-309.0979051180068,-784.7380846568772,-763.68377105238,-110.02668697274436,-384.4912334672121,-772.4250191028165,-281.40274512952766,-567.494568630053,-498.7439513020553,-394.14532360861256,-118.4951833526252,549.0000759496899,-18.446868373816574,148.6779759697756,-981.939087826368,-724.2146302986934,1075.3211404031194,-223.35906959941445,-732.6769927982878,-1353.5716853830268,-595.3178635622247,-556.2444023913165,-164.544543255438,143.88917304321723,-377.79523526332036,-297.61396602895985,573.7935768814699,-818.2597531606585,-608.9291377544386,241.30395013516903,-918.701168168362,-33.42195838503903,-101.18240283822728,-67.80443694868421,-164.60136211360975,-1332.7402748002016,1026.2216542081494,-717.8196528917355,1128.5755283128676,-231.58822952042496,-214.7065770172349,1309.9262409526182,-831.8084258861359,1913.3173714574177,-394.30657956463864,-269.4017382949848
-58.025442564107514,23.28281379541609,-401.38733357875736,-883.2622542837636,232.95224438196138,765.4865216814328,345.7647243599929,118.00893850128173,-61.14636048143335,740.5714502824919,-265.28524229651447,1360.095327055945,-122.66264276781786,-148.59440290964483,147.03625699890787,1114.3447629721938,-107.93801623998291,-895.6453128684,-93.37761308754177,1586.6944939778627,702.1280324486867,164.40308018200878,-700.7506106200157,-6.158715204691444,-869.6076136573606,-121.23941918314755,557.4294646491352,-730.199810469962,-457.6741375839899,-456.62902333060975,345.97003088561917,193.3163885660012,-49.65578806650839,-699.1833494390809,-709.711887779558,-248.9345321713304,341.0529438983815,-828.7405333260525,-599.8586892704618,-443.21191272331015,398.59786802101667,109.20115396209411,-99.5475414070659,-128.87703264027795,-227.6784553223643,2044.3944173847815,-734.405245126102,412.51832330973787,344.4296935748292,-142.123385095142,-362.22995542699266,1152.5314249422188,-51.96779517557361,-448.63348348667444,-368.424824334996,855.1189947388392,1331.9908633599466,587.3277550027245,649.7450688484897,772.4175011296376,377.88744686276493,189.29411133652366,-246.93026104611985,1411.9389294000866,-158.65914304628802,-852.1874800334963,-153.1233613958589,-316.30796346911933,1237.390190121247,28.026355964206925,-803.8369170733572,-154.09268197459434,-795.4892546125734,1794.4457885382676,-99.61062832952862,-844.0615396406247,-1094.6191021226678,-342.8393251986985,-261.4905362142188,598.8325002467374,-80.93428788019874,445.5567313027113,999.7167468840009,-506.46334193924264,403.501206219424,-524.4314973129665,1307.7621309011556,25.221808299431512,575.2457509845741,522.5259569455661,-114.43296654721348,-1241.7309627590728,-2075.783154739995,-127.12177203842421,521.536116510123,-373.1752969702601,-335.2629567459203,-1337.9936947281715,-816.6048159281187,73.86480424362018
221.85061684553668,475.8862770825215,29.960069831866672,1184.0485779901098,1009.745410653289,1834.9072312826422,1516.8142358937744,391.9914928718237,1052.603586741735,899.0470554531548,450.18334635638683,-285.006545084716,1291.847553200513,721.3936134952997,444.2071976281843,-610.4367867396062,359.5914830443107,967.1952287925209,1832.9288001536504,125.78542414441961,1132.432699271972,1366.70489201501,904.8627260293022,1622.1128475262976,1263.5801269658489,721.2329760033668,471.61014166424826,1032.1747251060685,1102.6907657968686,840.6261042908527,1158.631341395281,864.1788126143208,1057.203038924183,1399.788962838328,967.7581332106661,1228.9174217856585,307.87749118841185,878.8446387229623,1178.1606423015228,1263.5675705370422,952.1195733383248,1091.181988935353,622.5320584207525,1249.7096765088074,354.0820944368363,561.2095643402478,1252.931164729732,465.99169396704116,2073.8314041608323,1563.6203404725522,818.1907967065426,396.9121886381246,2002.0183088342012,160.082909265368,896.7388558568191,485.87123438713405,-155.11333416652909,-302.46875991939345,504.9440690546931,707.5596969161144,484.9216343822411,425.69665125601153,1931.0186179663688,-1227.896423981945,1511.9726333376482,1988.3972783441554,661.3979774440835,691.9022689359975,309.06332904399164,1274.2987668816813,1313.5161496122055,1052.331946810499,622.5750400181854,-1256.7178063486224,585.5773182552006,401.22214581728184,737.6292531185214,1599.6235208929427,741.3711991963793,206.9681774656883,956.6183898227354,299.1529675115582,-152.51169425733985,1768.785417476739,688.6397659323645,2208.6455825274666,540.8389400138852,445.2286797627389,617.522854307458,1579.3573961586085,1675.156694313417,1589.0805784871793,1336.0067212657175,2051.446699101012,64.17228275674002,1096.7415931499374,1843.5757989388874,1782.665687097875,1388.500315628365,570.1092083462403
-2435.428973428603,43.68755634893854,-687.6257527203709,-1291.265322028476,-1148.438017583491,131.93223736039468,872.5054997567041,-1394.3153400664205,-195.79725348894192,1548.6665103081514,279.7951911429464,410.5884892896426,-669.9866632481509,-555.2866033314206,340.34407243091937,425.3746266178678,112.02554323048457,-635.9455881370324,-153.38785294707492,520.1734430631892,677.6771227959329,-1140.9496675386713,-736.1708591579885,-346.75356020809016,-1987.6548446728661,-346.9786277792661,573.9950233391861,-899.4912579540593,-535.2001405070447,-1376.7507705981652,-914.5425052038077,32.65343800488217,-651.2444480770491,-205.8495610236763,-788.909411941943,-602.3436678092588,-2544.267270843825,-591.2484050704812,-917.6483831307365,-1813.346661949711,398.15627576084955,55.91133141149588,123.65675943449999,70.40589720879102,171.38530413767452,96.71071385158743,-526.5992775536407,873.4311128619366,-1900.7917725927907,-490.5769613349462,211.9775065652033,1161.9892073386125,-1085.8663253977666,-503.8521575704833,-554.8814701784037,959.930748460259,1000.6274446384346,254.8744287128295,637.8500448727317,244.63469967344798,637.2811300128797,920.0161022208277,-875.5989923047576,198.5242169044752,-1747.0901095145962,-2697.349841768732,-356.42276956008067,-1041.4759217744831,290.99921101868046,326.4039852631229,-1305.3438876482965,-661.9338640653469,-255.29030366596564,758.3403723528929,341.94131388902724,-510.5486210918523,-542.7485226651431,-1078.48852168411,181.87458166512246,-26.189262936230005,-126.03851273755576,751.3682607239685,352.3775703513876,-2022.1754771863393,300.9283768378165,-2047.7439128984952,-998.0553900454117,204.58453113864508,-354.48744954922495,649.7450388913401,-1263.3226135683162,-745.7966578675149,-1157.018635370195,-1466.6462560133627,652.3199720931623,-2089.529298922774,43.66073848828462,-3219.1655924189554,345.3224600656317,483.409814840071
-3253.5948235448254,-422.4554314761183,-1261.4341140101085,-1126.0159532327127,-430.93694453074147,-1021.3314666714491,-729.2611795670197,-1714.359784121885,-527.9185059117565,-1525.3561495242095,-198.3752916631292,-789.02603401309,-982.7126796636089,-1691.4198025011717,-83.6406103110872,-963.6173687545271,-604.4793532211768,-167.808574635661,-956.6046153285314,-220.343852700453,-571.8066351024413,-1026.6528112835356,-1878.0667067012316,-929.1904291473516,-1417.6624649433286,-300.62448849854457,-489.6207331405952,-1324.8394951155508,-1522.9231684697174,-588.4818211931954,-489.83264363870586,-735.2021906416445,-470.0862135851874,-162.98773012389205,-881.3684787319352,-1198.9149647443987,-3213.3496526983117,-821.3835599501122,-946.4063188947018,-1189.5562289342984,-955.8592956835085,-354.6777821823958,-765.2051522484174,-1323.0580077127843,-371.75267213072317,-1916.7209447636003,-584.2443000099789,-57.98335888044028,-1682.5900351072894,-1090.9769192429944,-24.162048436714407,-551.545586608902,-1304.0638849998522,-737.8267602676797,-664.1919087975825,-239.6986338413996,-1358.971425828601,-930.1515524866587,-99.83599864837993,-1650.672542555917,-276.57342911284184,-404.4793276663885,-976.8010078890138,-699.9228460888653,-945.487067755382,-1039.462404440813,-248.58583474544304,12.95759643543151,134.78016200195987,-203.20850981978518,-956.5519622121145,-626.0086530132071,-827.7020517763405,-1431.575996896478,-379.28398647611,-1956.334146419064,-614.4729371442268,-732.4015031236096,-1446.0476775425295,-2168.9578151837345,-976.912490363742,-598.9814010450085,-683.0660119720126,-785.9392372725791,-309.0336015798465,-2153.9298537696645,-1614.6441898260537,-38.33465726643072,-248.02413159197775,-359.86384493339466,-875.1277795011766,-385.43897997375075,-774.3153182001026,-1279.7780178959263,-214.10198446430564,-1288.6323953755455,-306.65184024711203,-542.4081435777393,-691.7658075602872,-1392.8910414799511
3331.3210172536933,590.777608929079,871.1326450847735,1107.3731662683163,-177.57158895336204,859.9930609583,516.2077482950772,1094.350786994006,103.55099360317531,469.6544144521612,734.020465452579,314.280792750904,455.380666736364,1084.3438469136838,-71.16542621755536,15.959946764799277,289.5992222159138,-115.60436072510736,-134.25237946464412,-474.60788978391884,127.552319218243,588.6780271217015,796.3125622303354,5.507476097314017,1446.5063628077646,459.3328716629183,648.749490163412,771.7917149021221,1818.0472401897143,1158.787321513004,-904.5895470508375,118.66939676136961,17.40457908364899,98.10726068445067,845.1333030952428,1030.6067676299106,1344.034608216701,430.14314181720556,2186.5946968433373,936.8205106602803,-416.69612025862534,-101.51009913284172,270.83839586302764,384.64176522360424,218.9515766098836,4.156839838035808,1015.0661050134539,122.93111834777575,80.05368170687052,261.3417856248756,91.32810067138807,-62.45530939074632,301.33740772462784,956.8866640934607,89.80246079772935,296.6819493449016,215.2358102841452,687.0209684120462,306.3059738743721,2196.351799977023,-646.5701822754363,876.6858065624988,68.51982290917198,-423.3074842683115,2128.7730471266837,344.01018725504457,267.7536757566045,-218.02429866775415,-590.3371173985933,3.720550025977101,1619.046633518396,880.7329063100864,741.8866617978986,1222.969448382314,475.4372832493718,2289.29761002427,491.859934404654,-237.68162070458013,1121.9163087407173,2546.799170956759,1602.1942890787254,395.06083508746957,638.2054916523057,400.9941613327859,270.5604532510172,2039.9528603415333,1682.5879951772463,143.96026241025262,-227.42468175949745,1296.288538240181,666.0455838251776,354.5047742632047,820.6583606240703,62.147901343401706,462.2804025866095,-680.5648731284111,587.9371835390239,2420.326178493768,426.54117904939005,1432.814101771777
2740.460549427328,113.21539522824912,2334.8860823890404,1475.5177864798286,1266.2368897382685,857.2787996234989,-332.8344668488694,1478.823162809136,471.56142361863897,630.740999596469,246.74867624764443,1290.272078611347,1993.4061361041713,682.9302354605071,738.9829276624121,1554.1751597129612,613.9988586234765,812.6317121209895,1383.8949440044432,894.3590628214725,488.2145218243027,1482.0684704644777,2442.8649982551924,1404.3007357745578,1611.1436799302924,749.4826956774832,-214.1263690569882,1507.8343916991817,715.3798946238358,1000.9440274181129,2349.2724886299848,1226.9182112834148,782.3266004412311,968.8732219134895,566.1050205535352,1987.906900001041,2718.238785565312,1163.4453029121537,574.3334357955325,1858.8428392245437,1911.0013109065371,175.21100676923785,1761.4313772624996,2052.3557757789213,486.41178440426523,895.7106422762015,791.0402985287841,442.65793548043297,1629.464047724489,1003.1138377294051,729.4706911606816,411.65205543685886,3548.4653004721595,2854.9867598269784,839.7071995761256,-443.7018654739041,991.7090548077774,2107.6207591165485,71.1166712465692,1137.0706835918138,1300.0848278411866,179.48462683247976,1888.9331952404154,2152.555560032996,1303.8432557356412,1772.5484536786003,251.83088712760446,823.8623081460966,683.4305490349612,748.8204652501356,3240.139967004771,266.9950212242352,1881.90446270596,478.06550523479007,224.92447723147222,2635.974700096242,984.1280313862586,1837.0468787594398,1032.6487401658333,1154.6350465941198,1796.6849978517387,865.8637554961937,1854.4576722810807,1926.1467390950418,-110.90677308034743,1135.2343127836175,2410.6731382577336,174.75997049994928,1255.9403459533708,-201.62607438413096,1048.7499274774773,1545.8840731958137,2004.9676327234706,1005.6083475522729,175.99656261684825,4420.409371021305,1007.0378420731595,3445.080725969637,1430.3011724298224,1163.416029920316
1142.922140778527,851.6422477507886,496.99751938104225,835.2307055385712,-155.86235555036222,26.36970583333448,466.5557848442771,1351.205088871999,399.17572462968576,1017.8884861531164,885.1399494157924,1082.304245767844,397.5820829288444,932.9414097270907,359.03821234474805,1235.6146365449822,562.4112584902402,1217.701363753098,451.53871902473537,932.9790404530672,866.371456450641,456.510415858914,675.2687952321095,880.5445732847617,1203.7977896197126,85.34533623658487,1006.3259212870388,1078.7797407959085,994.6239729049138,580.521802233439,994.1855166868274,1039.1956250953915,379.2930723348772,877.0943687841739,1350.4630485805646,212.15195391035186,1226.563613264283,773.9355549117221,236.47485674687363,255.65782071692217,662.3580921092339,873.0026054209648,1425.3349152174783,1750.7426707200718,898.7957365715532,702.7339445926386,1393.8624067893293,509.48377047329086,1927.3817356305383,705.071658226877,755.6975737662234,871.7994227545299,1108.8949214452293,422.1886777969717,868.0144393204805,316.04288908200857,1091.7512613170964,516.7871920831982,431.1957379845301,1155.9040891005864,958.9380693077444,431.6384591015806,1120.5491698684862,2385.8026359006963,315.93186480641157,878.1432298905787,-175.76311961710783,581.5248037284031,413.9917739580138,1164.3598374344313,-3.000739013111035,1269.34381245659,737.7521143193337,1768.0791219047587,575.5943009947104,2229.5131931326964,644.5962869204919,1077.2034349350579,790.5496772545191,829.55825935366,109.56332215315888,931.7548616411335,699.8043036250632,731.5047806767817,1097.5168284302156,2050.6086666594238,1404.4076502984994,166.00536071087515,300.68682946327607,511.2905987549082,454.09386988231387,1634.6740941703556,231.21663844640574,1243.0246573268057,177.11367071718553,-124.59445347189413,684.6988915516057,27.173225832288164,1071.5088025393866,1049.2751417538564
1523.0837967564003,350.7624347214193,595.5317936651102,-23.06757092611143,484.1069292153123,880.1380544764693,127.31768365157136,-93.19850866530301,71.39853892141798,290.66021345027656,-136.37849555104955,1245.566601157452,1191.9924758446905,328.28776754822724,156.57268912646998,1219.416571510891,1190.2772245680685,637.0113371975884,849.0098673066366,-7.648589028191182,-246.25506590980544,1283.9287584829167,2948.5067040100002,175.7093317775613,1590.6431538423556,-116.46765235247376,66.23223276145688,1914.4494596621894,938.3241468512406,94.11549061679537,606.6824976759095,-39.81774387698444,465.2788186153277,457.1384739908549,973.2090510406899,688.2426731111319,1171.7802399077034,912.1284004740685,951.3189463564418,560.1538370190606,770.957967618861,383.3405673444755,1460.0656818293864,-14.083120499390656,-67.89428472756073,423.18580699328976,457.3523089942686,-249.80596815225493,889.7915746106036,1472.4997222195188,-80.18084413208828,-128.62908875040557,1098.9863945908376,1481.5512024264572,-69.93507783261597,-2.6425272539826805,804.4967470022052,-90.38965382244439,-30.187086759625927,2393.6298889675777,-559.5656260137275,65.4072946423755,891.3960851623925,-175.63923947980277,569.6931715826418,155.6618780610082,-221.62407609428405,-37.570506498757645,-173.04083613785176,271.29679843093817,843.2140246716253,69.4779451948825,569.9077244442245,-72.96199396414788,227.41150164699914,2076.5302455585934,469.3190644127273,1249.1924484114857,1673.342945112628,1525.7152699969843,-440.1939040755965,544.8622176540615,929.3611799539791,1470.0523953494971,-106.57963953724759,103.25452038251858,144.32218356937562,4.731948321247243,-304.35554300204666,335.81316054734765,1026.0953607929832,898.5353822448105,784.6999601815853,560.7852778059312,-187.71331485153166,816.4203851519387,-394.7027668395808,1103.2443062007324,822.6561198377323,543.734599690419
-214.95073021656674,-494.2152106895427,-559.0822078998522,-105.2950567064533,24.86721649413601,-2330.1333591444663,-1406.2252750295827,321.1495042370594,-473.95122652006376,-1610.0633833394554,-545.3295488401268,-931.8955545360426,-1124.3315175955165,189.06454126984002,-589.9671224304334,-395.61813981854766,-258.41549860420014,-505.2716620646712,-363.46767275239154,-731.7209376830733,-718.2208715475962,-966.4278855658241,-1491.0150578361033,-710.1772268738921,-779.3510005741977,-266.29836877282327,-809.7058421107581,-548.3635796853756,-315.825541136856,-405.95706156379686,-674.8970905611501,-421.7834095963779,-371.0577791588852,-981.3209229052322,-16.290470538101836,-326.64502610504337,601.4882156380082,-722.4583823553907,-1081.2749752257266,84.06745522414151,-574.0426411878768,-292.57365699709635,-1841.5701739435453,-597.6860741534716,-47.909989968975594,58.47896804473108,-682.9948165908402,-451.5651590361876,-315.32659018958526,-717.1186258769019,-569.20998092413,-761.8628129509998,-864.095447567488,-778.2731510167932,-133.56145277160454,-801.5470819875176,-476.69008418546014,-286.6783545709303,-563.7944094082842,-1415.916881352961,-373.1507161345899,-543.5999080740709,-960.2724631916083,-225.0042297329407,-468.83205488303673,-221.08389336416087,195.2747957002586,459.9174952569332,-464.08511658542074,-869.6495613685225,-570.4175674925752,-441.5557463255998,-334.45548478007186,-161.05512769421898,-391.7287015328954,-523.7894461487482,-67.092070403205,-1685.6901923992514,65.40656777210526,-82.28021625943741,-1289.706616101334,-693.5053783114527,-1006.2517231344195,-678.8212228006598,-324.3789179519483,-358.976971280385,-1073.88147149753,-223.01918568527708,-90.33461024124894,-1049.9299519274996,-1021.0222671902584,-1130.436972706149,-318.56015994410023,-127.26167988745689,-288.0880609332818,121.68998419826497,-999.7209740360889,-1023.2920246494343,-1613.991007847879,-646.9846854220705
1170.3790078956274,-291.27188729102517,441.25140692857167,48.968887847232416,-55.38818009575316,468.9605923316192,-282.50687051675425,72.13679673312943,-110.85725635341207,-161.16447869831435,-609.5840828457889,-169.34659210889646,-53.1277852276416,-211.90674056251447,-594.5967971752277,-294.72925651604663,-650.7531256452548,-1144.8272437044186,-47.05764851737025,-477.0494745980807,-819.5592451511313,770.2759236123396,819.5713336376631,-297.0430198780831,1244.9538448298918,-83.94684615854278,-174.15032992093887,-452.2614254198201,488.8678446846638,32.380949511966,321.69365736025395,-523.8173066036676,-5.213847053301131,-532.272380109639,-238.6648054647309,183.400050870714,1662.00163963702,-207.26100107371226,418.7175348231122,738.5442659541716,-424.756662147038,-494.7869462642846,-644.1539530208158,-712.9530214994722,-718.2042544651365,1520.5615999522674,132.76038958305557,-396.77268804439103,577.2346690904228,73.87038954600555,-670.8838168248558,-341.1825462515021,-86.23044608171138,-494.73099949630404,-341.5911985143888,-143.7270940414033,-392.69565013898017,52.3850515017545,-472.3210971628744,1145.1595720444134,-531.2085181290088,-606.4558009243377,-801.2855787468877,-1321.1893544222416,824.7964037277283,204.60324605945715,295.3448014634291,-231.24811747167493,-664.2147650851949,-499.71718369989935,-43.693451380519306,77.7747260621505,-382.71868722085736,265.4560988290676,-667.4389707959351,-622.1807291993755,-381.66337504408045,322.8501502189485,-572.4913179920109,624.9894221416399,636.866957041734,8.277843374654235,-646.0452600098176,53.34250694216978,-410.8964434248585,671.6620763388369,-519.2699631682123,-228.7190212219949,-127.70157987046743,-225.8698383359036,872.6113254005195,-1216.6591618925077,64.7810816550261,154.3413457413865,-78.8729413204059,-733.446266879134,-1364.0188231325335,973.0453935665158,-837.1099831864532,-70.2831689131863
-2945.1289411889193,199.51895209745157,-1150.7315724773994,-499.07812639534075,-70.81923342885555,-610.2309963051437,519.1120463988898,-1376.0669367211196,467.4509969851112,-16.347168717346072,72.00732179115921,-63.25423129036806,-1688.6494045092047,290.85837188444464,-59.10285350601076,-1346.0010933133547,144.8862059139434,294.6021518053905,-711.2819498096418,-215.33971318262354,244.29505504413882,-572.1499718188758,-2395.7688631068704,-855.5939809258468,-1265.7075496658056,-317.56938877173206,-180.32006089648107,-599.6694138178078,-1159.0649630342575,-780.1471589153352,171.58089991976703,-543.1699039251498,-338.00264858000975,317.8363480181955,383.6401985034938,-2373.5677988467037,-2439.8879245541425,560.4931339901611,-990.195361671259,-1910.408500202564,391.2965970219907,493.1900192612165,-223.25766196093437,-495.00243299298745,268.60846459900034,-910.4222319068414,-243.26616696684127,-80.3713983645023,-798.7458416398684,-19.344295466818558,-178.48839405564593,178.6773753598476,-1433.23185795855,-1077.0946573571587,-324.7958563856956,103.44962479876133,240.19507431822313,-1153.2372496302685,177.67144221148703,-3000.2886939920804,840.8527753856131,334.11839237762786,-1307.3192253884495,-1020.9413551468107,-916.7380943479245,-570.1560633454656,-42.31733272635615,673.2726488565862,188.02167499185651,248.71769551430955,-2231.471017617608,-1018.3849561042306,-1147.7870484391694,-1298.5084356791847,281.4827915605094,-1196.9574015394255,-212.86511909935695,-2318.527642203626,330.115988355394,-1100.5740477451468,-2542.835087620569,-918.7985833656479,-185.84480047558276,-447.24835446658665,273.88155579601505,-2021.5833757182859,-3625.0392660553534,322.31005159767034,-488.04235217038564,-617.2031975387134,-1037.7689040453338,-436.58009584170884,300.2618333304457,438.8128687726788,-91.38463555921592,-858.1793967315188,555.028401556126,-3648.0895675258535,-311.18692432548926,145.02159456368005
-1013.7473563659131,-1214.1676161212208,-821.7968625392812,-559.6675669109205,72.14056518190885,733.9216294923397,458.2575421548845,-1528.3212711487438,-63.01004005546044,-18.10228653529739,361.020008713972,-847.5440360517075,771.2083030210189,-1126.3767691985706,644.9756438115054,-2287.903311111942,-878.4612473718249,-350.45705931744976,-576.969112833871,-35.363211642650455,425.69488032308635,-370.0118548523102,-1489.1618409918271,988.5213615150666,-814.7980839841704,-104.19098606661291,-354.3702592141595,-343.27363676648275,-1437.9969242250345,93.22159684238558,-743.0416489545523,-593.0025330114221,492.0449714851736,-130.26965228812918,-941.5679602730828,1302.0248781353866,-1159.6473569620994,-1008.9111226132007,-697.1023531239014,-566.9045695396459,-525.1212467821277,-713.7705400470724,-1067.0167458727178,-559.167917129951,160.11286781884007,-1167.748685485462,-1092.6409762109927,82.44679654169413,-221.5257829979592,63.952744401104226,587.9863020403975,-324.2645136543656,-305.295794297205,-507.07312702659243,-800.9328866042649,31.607006474331012,-1928.152415434845,-560.1204717645658,391.80422681333033,899.3423886400653,-1432.0813466455163,-209.51328046026708,829.5804314503979,-1151.2575542703655,-877.8473535012055,-784.4748502912854,452.95954844514677,-1869.3684243412338,63.78510718484497,-484.74352539267386,-600.7678813412936,904.6703605623462,-258.4249716308036,-2596.3188944831804,-394.10921225591267,-1722.7843319777562,144.4656975630539,138.18380698070243,-1566.8355141117538,-1397.5774233993482,519.5160219023338,500.12888739056353,-1697.699651867715,-682.6674509996105,-343.18887262543655,102.0248938550714,1437.0355204034274,256.7718205795132,366.6605816401718,1105.1212575944373,138.21922628118665,142.6465297192464,-1019.9831961176333,-766.5257193783848,386.0903834139525,-735.0099131532139,1253.149184299197,-800.7993337351048,183.48709415676956,-829.9052078611659
1531.834782326536,1575.2202910795047,1019.0117096921314,1085.3637455100002,681.6483090957132,1757.0105780136983,2093.9519284805265,1634.7337965828438,881.2232156862237,1697.2720105331919,656.2126170011936,1517.8837262537702,804.0601418777286,2050.445528659683,-51.472075499356635,2180.150768031297,1072.9393073984238,1348.9557940386762,457.1687379643149,1091.867655080192,2026.9477370177754,751.89619984102,1260.6110213819832,1068.9979853498155,1039.0537124851671,704.2482431222429,1094.2043755257976,892.9051415580298,1567.6999857766496,618.5594725039878,1058.0352642350008,1587.8189137526037,370.41500971220233,1140.4495550941372,1035.4843402031706,315.13984264207767,1172.7367045889914,1418.2317632921697,1560.3212694624053,368.1684780567198,1764.8775241670012,1091.105636040768,2527.0562907718745,2255.4806432543655,556.5405923290393,1346.641902135172,1215.3779925891058,865.646461535449,1077.378218807954,725.8682760692013,650.1628378064332,1479.7203595626763,1526.1656022268403,897.3059663727596,1519.442601733028,860.4990204355099,2524.0545702607733,1734.3489961251519,1069.4891875217281,641.0452257891592,1733.1354591273075,1338.7205592269831,716.7511758282805,1993.1817281404335,1073.368958788033,2247.92373275408,315.92198511508525,1879.8485944464924,527.4604659736796,1114.1104536237976,724.1963076000194,293.6456733834735,1087.806680251643,2448.16205246558,707.8435357443269,1702.3563532221858,698.5761123384293,1629.5006567409655,1681.3640351207218,1060.6461932545344,1236.8532498220513,632.890776875998,3052.23613840725,1408.1354650780117,1151.9102219459573,1246.9587461268288,837.0315645867651,420.7485960133249,870.1735547494562,906.8016642684098,762.5146243144368,1023.0318961794418,1726.2907702199873,1825.946963802111,278.57397684549005,2550.4932200500666,1666.9882736988084,1351.7757260151013,1024.668146062649,1754.5127798873275
-404.8662140543998,-215.8584309748585,368.14330133300086,-422.55177315276984,-406.2118028644334,851.1759240400634,-443.83048200968005,-245.87208177798794,-618.4725165239408,-149.73991336908298,-339.335659212941,-118.98419137084639,-369.20844061622296,-680.3936518389244,86.98169966309521,-747.5882900422079,-783.2790283010153,-397.5295097660944,-402.51443289200756,-342.7424930377881,-863.5846284113936,-209.49605912907253,-178.567011402638,-287.06257055733994,-473.28698674583813,-379.0948328061415,-256.17216986033407,-64.9203695921077,-370.17464090554785,-290.3845689674577,-31.0082076594886,-432.8224011531167,-154.23527763656398,-281.15894239405515,-221.3462216040288,-418.02454161426937,-561.9310685841523,-419.54285409529496,23.608955212443153,-138.6256615640623,-583.2285185831935,-457.9064670646455,-439.1393264589721,-818.9168298124094,-433.19566767497935,-453.1339336182412,-543.278930227649,-281.28305576044966,-640.2432996530176,-650.9081428689855,-64.22839487136885,-444.0204136525164,-303.2535986571143,-85.22635558095033,-537.2616047183465,-655.2916318916209,-762.2242986572454,-496.03488525204676,-457.41251984919836,-419.93166103638305,-282.5184087830971,-236.27643463062356,-273.5341818508716,-666.5766699810492,-309.8025089964712,-541.536240825038,-219.2251177096641,-461.38724358249914,-220.81310023006648,-40.479210345155956,-202.5167867572214,-197.10652102555835,-265.5616083389549,-656.4889579383778,5.213896194899176,-258.2735977012118,-482.79089725470294,-459.6805693930486,-1015.2646604063775,-522.9461665262827,153.59793967067594,-218.3172135487697,-753.9807926731363,-352.683996083717,-359.6011076288324,-540.3455109209135,-645.091447866375,-56.25036742300331,-259.4763617251832,-362.89861708842295,-114.89279827498439,-145.65290635381814,-67.31462840977161,-619.2013642014535,-77.12965799162792,-276.6201896741326,-450.34879292655916,36.59202196063315,107.15005330004008,-344.30680903146765
3692.6170829642815,1042.2279926675953,692.1378317112523,1890.137505700423,1285.9723717758684,1084.3444248657727,-552.183592337625,2653.7351203075573,242.81983630321804,418.7177094215631,115.90419155621997,1022.1911874573826,822.6070178839414,2047.995637636209,-175.89484863434774,2505.2795921138213,1168.8870394968112,612.4602582630484,1113.8568157325244,383.2007721870415,273.1416079975876,1525.850487806266,1656.2191382100032,780.1803851312806,2264.1516695189825,519.3357759710555,773.7048288155424,1456.285720940768,2199.3022258806186,1132.150651781743,870.0577692521064,1768.0055131093602,580.6467668737158,162.29271697193866,1058.7598534344704,1408.3059970122806,3589.520712656261,983.5198655614067,2505.930384712525,1985.1589767001415,451.4751580302854,655.5558582215393,1016.5358812672814,1655.1616378012109,-15.475152943684051,1954.6398123496683,1440.3238290734623,179.2487453518862,1907.1386541442646,792.9924146805726,-85.99498119557303,255.67808151409793,1919.3645348312689,2458.016545171192,1326.4469663042564,153.39962386711807,1499.064445386937,1332.7661687309796,50.67274564138123,1344.8281980263264,585.8694563845945,281.44537191467174,1234.069381497454,2477.474370683919,3069.647763220684,3044.445247874865,571.8633907902212,1640.0139626086204,122.47376036646452,658.069404017644,2511.6765236959977,107.16103602102284,1001.697131466341,3241.0505238889623,601.4249943402693,3096.528254397373,489.6212885135689,1395.7130864568906,2056.034337194127,2219.938531948863,1215.7817126698096,323.5279986260269,2144.6448268722343,1604.1190428883249,556.0432639992385,2665.461792017431,2738.911986724855,-251.34598973555828,394.5820651359525,444.12343250696966,1978.335604409451,989.93733808015,2058.2248365391965,1862.560982426492,17.340986319587564,2766.9796833241276,497.9532470243879,3402.4365989646085,975.2681290732428,1801.507287451293
2951.792747612652,2191.725408779354,1595.6611549186232,1712.7601601584834,491.1174764759786,3157.941492389561,1942.7602276165462,2130.5747759268124,1121.8318102315304,2457.281759552144,-33.783782113332684,150.01563608791548,1825.323157947022,988.4818153701642,276.365450151953,1715.3045230387063,613.0638280848381,1508.6098570901413,2339.048658348059,204.3181350772926,682.289898815341,448.8215834718953,2433.7327049062546,710.7965848742384,2129.5075016661976,1108.1692347823255,878.4191502970403,2352.0924878193746,2482.064057815209,709.8163098399817,1280.2901139598205,1355.5716829947748,1146.9493034274924,1992.6215982372994,1879.560687825886,1436.8124095763187,3163.070113332308,1249.722994084569,1199.4424071575024,1866.6227893677312,1990.2525123559763,549.5040226311957,2126.8431904285576,1889.0779887008196,193.93966230867042,2583.6409983715826,2064.329726774396,334.8213410813518,3276.163018724025,1994.334924915588,260.84091989807496,792.7637635671471,3773.7973977642823,1782.4992280237484,1319.62738836213,106.59021927860859,1417.2747142475266,1225.5170978463143,187.55941362474874,2098.3796335012025,2213.6882516590654,274.00054967410597,2067.972504099087,795.2645449421426,1880.5173777064313,2101.3888933232975,-74.22033230576629,771.2358183317306,130.32170625806583,1367.2697200718728,1759.21756435847,592.8633528328709,2486.29906446865,1335.1934358284695,910.92785967981,3986.684971523448,749.376114818458,1718.3769486616013,1833.4811792155865,2483.9860585972824,2199.070181750558,1309.161221679088,736.7723543920598,2495.036372393735,197.9966836570946,1402.378613086868,2669.4737095830883,162.40650587186647,1014.4838964922518,528.2373351962066,434.31163845157005,1531.6691013859129,372.71969463087095,2282.93329942008,-97.11550850360084,2598.437406563818,1747.315450145567,2718.6063162289984,1893.4732557886323,1447.7927335240436
1501.4217958171935,792.5030935682639,1057.5116036669929,782.0861800667618,731.3195474971872,856.4622540087809,557.628119612715,909.873881790098,789.0578758063588,1510.194439239562,651.5077988554622,860.0034112670307,950.6941329255504,1190.4310672096897,695.1883404519275,1447.0361663317042,751.5225156328355,1132.7098603114966,1461.0222876248063,1128.1960358269462,1342.9171968285466,1561.8032241318806,2330.551477217035,1451.9972620477536,1571.8969210499042,309.5974763918745,685.6865689712706,850.9921166373362,1201.0944898154523,701.7429899640821,2532.8396878531953,895.2994168446305,905.5120415227028,1464.187699753319,1402.8780257599383,898.1098736046622,1522.4737532793574,961.9405831240834,788.6515685135626,503.0220758027864,1082.984148963416,1139.20926318026,1001.2790551327674,1964.3300716201466,511.24024795052236,1133.9617819508921,2097.9672071819555,474.0014801674238,2695.261493607442,1386.5840771719354,397.8348988677107,598.1383705116126,2739.532993301687,1104.1010664739463,914.9034553165743,501.6758455087803,833.4337989083679,819.929117439711,307.49472854478483,1336.628239178404,816.85197963191,318.4338946106772,1692.3599871730967,1311.2004687259857,1300.9901337120784,1521.2146657976439,541.3944568185029,1111.9952341099906,918.8678474912269,1080.5493871750814,884.359606780646,666.342515458464,1264.1669498714725,922.1460386059036,569.2980091819711,2212.243062703425,741.1091042584252,1363.0268971320613,1981.1624051748472,1524.7937133496725,1076.1368112850014,783.2275831083809,633.0197660314567,1767.8123684689826,1005.5844847929935,1936.844706482472,1840.0082386603435,88.71142199434775,460.6400285116902,854.7798933267633,1428.2498276113013,1941.68660730198,1343.0256342734538,1961.1166096921281,34.71062234547794,1610.4262830034927,1412.4114400551164,1227.4858683788002,1646.7313506142534,867.8862140122634
-584.3107777008319,-171.23134467208965,-1080.0172385013427,-334.8687728448161,-536.0892484347809,-1891.2950632472,983.4502153237413,-1220.3579466907206,-118.73255353709153,-848.0835278471169,178.54401091233638,-283.64896101994526,-209.74934825708795,-490.6779150420211,-64.01331815879203,-307.8731403503707,145.77417928643683,-337.9473281486403,-202.17640487850394,258.74984942277536,695.0290113311671,-975.6324658025924,-1348.5316572923994,-685.1686021488101,-530.5482174640107,94.32804319541309,6.375657836472414,-1017.5708271802746,-690.4515145244693,-206.1864034008883,-1294.3944240809476,-126.82056374419135,-459.53099964083805,111.78363239352291,-962.0383404048998,-799.921398091541,-1179.5358550985793,-504.8308035529983,-1136.9761964745237,-907.5479512840941,-146.5884696998437,270.558894143452,503.1615241427282,-115.21524764590797,523.8552546397751,-542.6714634580355,-162.78335575911996,303.65971608599443,-1261.380227458787,92.50934617915286,282.99269494616715,537.6827509371213,-1580.2886945967596,-506.0410228464449,-334.35087204498865,653.8007959724008,-132.80148269225137,-393.6707214581044,736.223021070065,282.7354993326726,366.0146430861794,139.5255362236922,-15.605910506306207,52.5016270921706,-865.1873763145893,-1271.0394265080638,-411.32820187645206,-667.3876731984533,-15.57357285979429,-137.7458125285801,-345.9079273277708,185.3090377427545,43.964937638288326,-347.6465309707606,-227.93719963511785,-1329.8777742773007,-153.59779280889822,-667.0817909688255,-623.5795215938642,-274.0442212812679,-1065.814402603771,581.027658673039,60.44880443272368,-171.46095081936411,-185.06400551895678,-895.0688623966995,0.43015639886737944,64.7026748279047,-7.476369094773866,-385.074796364903,-867.3561795534908,19.65100764687323,-1519.455804486502,-415.9284491265936,81.38374666874839,-1834.2189510453063,100.69651847849049,-910.334718634643,-1349.9507821481502,-680.1195695559535
1126.7910160956067,-623.080660014773,914.4662168439231,457.62922224714606,443.5374326020601,-508.46819404664757,-688.0528880256518,906.9544345350196,157.32476065659637,-998.0894437841432,-111.73101641346675,-172.82994933591107,638.160392538496,350.3710862717602,15.821590059445333,-98.03877949074722,-394.50188625508486,-1207.5056109546786,424.97642877832135,-493.5382419020964,308.11496888400995,842.3386074094841,1298.8134225280312,282.4394522487206,162.1011597302274,520.992962210076,-1159.8481392893468,-111.74972769741618,156.31878955531488,549.4949381305571,91.35140151201486,-543.6318692053298,262.1221170144214,-231.82439351894834,-369.78411806056187,345.3826133942886,898.7146732501332,154.15984954256527,1240.9527546475456,957.2801495989222,89.65710487767477,-298.0840265799639,-457.8180071829819,-404.11997160426006,-91.04044251476992,395.8158107584027,-84.3213549697854,-422.07297076872675,234.54579248502074,162.39938631327217,-337.8349953013947,-760.0511829935145,-259.40599608486605,109.80415796944177,-1363.854337021769,70.98502222050448,-142.64523334349676,461.92940474032207,-308.0517104026202,297.53072078531727,-244.25210574651095,-433.90991433014756,-302.3372091954645,-465.4427911045839,1009.5346695836829,514.7047658983182,909.2184935095464,46.857508603536026,32.079234672742956,-837.8643379940211,1640.3917817565712,197.27854861284237,-264.10847531277483,-111.49608993337675,-500.64002133911725,-158.60230563208182,311.5146456261788,984.6077390371213,322.9064062301323,385.43455739514513,1531.353464926406,-443.94996302035895,-452.0331866355578,35.73175400495308,-152.32389817595882,739.5339258046947,1318.8433678999,-89.91296607855445,460.9115618676571,193.74457009026338,258.6930691165953,-832.887868429647,422.54979821379226,-131.51350036884728,-12.18030604119742,525.2422575734114,-295.0736931560292,1450.2509259561039,-744.4630157410837,752.2825123982759
-787.1693590050227,-1219.8191823198235,-348.1703803776291,-1013.7058111351738,-530.4048273883631,-1069.631166659016,355.1886809491699,-1106.3731664385336,-621.6375198529058,-1562.0811447841497,-94.4806742666656,-1174.6540316236353,-64.98204037432808,-903.7982789165895,-155.3942738122377,-2173.503695671963,-795.6667916721252,-1247.738052294765,-1178.141134842345,-388.55296672101474,-658.5348903433777,-867.190357619983,-1039.795947520915,-924.8474632288346,-770.6385534205351,101.91754313926228,-789.1280128028835,-912.6989492351648,-1074.4537319462136,-245.33371876020834,-590.044443364516,-981.21837982669,-561.1117626393426,-1123.2779247667806,-1099.3661040544632,-272.42755111018545,-1623.0394126811454,-529.5401615164486,-1191.9121967161466,-1076.0006376486137,-1134.0699868623706,-1103.8481188809521,-1596.194449583311,-1181.6776993738208,-126.43154616593566,-1111.873819321125,-1321.7695420696348,-231.71914964601305,-2182.7643608122708,-1392.3384298198346,-187.55207504939133,-799.4650962358083,-1535.9910161917765,-1443.4154397163047,-891.6056171398698,-427.9697070077624,-1048.220441893568,213.46207796570536,-112.31974012807417,-1166.8329769089491,-2633.56235606504,-237.4822394048849,-1897.3133797410442,-1537.725479499331,-761.6068508835255,-1740.62872879984,79.68088274667613,-1137.207573995455,-377.59102038266747,-982.5509564485399,-754.9218663287522,113.44785045825392,-1272.0440363750067,-1978.691609207354,-728.9792451690217,-2294.8195049270994,-467.7758875524757,-1054.1727217034274,-1692.5519684096196,-1311.894635891178,-424.9671964496908,-707.337753793166,-1028.9962485191577,-1385.43167389106,-503.6333096821813,-1292.9712730612796,-1549.7693178843408,-97.59645789889932,-314.5627296514532,-635.1508206583339,-700.4644319237491,-1286.8481046230938,-1394.1995533982313,-1619.0589667068282,-43.91816365824754,-1002.1953275921853,-1489.3545168714595,-1418.9889895520735,-1276.5467888106932,-805.0644482166623
-2945.698312942151,-1811.5601319649313,-133.376732548249,-924.0057486847945,-492.7665216847192,-1090.7983744247497,308.850963088522,-2018.3191920778668,186.65493951066782,-1166.7641314842192,361.2418751472422,442.1213825861275,-474.542154811167,-574.8779242795423,390.9817584537625,-1083.470207873301,-652.9933804893395,-1131.3086189174594,-1083.6403893104784,171.39659038743977,960.1382652756961,-64.33335538487262,-1869.5083328797293,-221.6615339466206,-2254.2749919693397,292.9892865501084,215.07237704840415,-1886.486604387336,-2822.359632920141,-386.121601806008,-1362.9360605199959,-586.3477636738043,-827.9660244252303,-932.3473399605283,-2099.3239075655324,-1190.595177898835,-3322.5586230458825,-877.9307465171948,-1240.9708633958342,-485.79335027073034,-1080.1050490750847,-203.00671537484163,-543.526224145541,-1032.2348467038075,357.140794748825,-1421.5583099124706,-2490.7931471302304,401.33340733608156,-2962.3188939118045,-1180.0092624856384,785.4536563785654,245.0477321415645,-2766.905750410188,-1777.0823490907196,-889.8016360337019,946.3350321863684,-629.7329738123638,-779.7341705120971,1228.475803839915,-1134.97442857797,305.86740644934525,396.7805738987618,-979.0892552962061,-940.9035153073489,-2183.9134190770974,-1549.2225686261718,631.966395709807,-135.62844761535447,736.5118785006687,-555.0204987494918,134.5890865774739,318.56381444438296,-1592.197323406562,-1956.8831710676877,-546.9118001466882,-3773.2398028621315,-567.2092351824499,-374.7091931678758,-2333.0953554592584,-2730.3257690484897,1079.4806648407637,-526.4057397611228,172.1837457353389,-1921.1915046449876,25.532265676813235,-1883.1004863895387,-945.100982245666,335.43315165211453,255.3460736398375,131.66805638923458,-957.9766798804275,-1005.8470563620059,-1135.5019811440159,-2029.3133135184107,778.609613586334,-1771.9147912436924,-214.35985015760514,-1142.5438646072246,-1415.0177363854846,-1062.2868970927575
2628.5439406828064,-427.8158745864948,363.51625038479347,1165.023400073498,1560.0142104196766,3041.668685815425,3353.8513660997555,1873.7293512749484,579.9917537825958,1672.179213888982,407.72480729017207,-344.39563581087305,3208.5343165475074,1135.3064118131279,489.50774252497837,335.26332668601935,136.99892638881454,366.5179575353576,965.5792623318919,300.7229935290085,1366.0251222050492,1166.8817645037948,1572.1293697388808,3304.6442145202764,1627.6461064288255,1052.7807317551187,-149.1931996081471,2080.0017103286027,1583.893414231336,1507.7606111157938,1326.3479124470048,-956.6985460621369,2114.0011075194316,654.4593835232901,1885.8916116035975,2701.65257883459,3345.56752988294,897.6079907430595,1236.1883353465453,1424.6286952553621,1532.7704264366453,-310.805237300642,-145.22932358964155,705.9554271340832,438.7549995118626,1048.986841955563,698.4196215035627,1.4735278607652775,3005.7538279108094,1863.1790179592876,76.31760684122771,513.8130603197408,2519.044467395629,1172.8622679300804,-137.21955299512035,73.89855007964347,-297.4958789203039,1520.3471513865702,341.9332354973168,2442.0082721463427,-811.5799301844233,385.41245365060735,1616.387743162803,1154.72063789371,1951.513433909063,1297.6798272917824,1465.6183409614603,-710.5850570552167,151.13935394026566,-224.8843929947828,3236.529977776236,1888.040624697357,861.1023379250761,-184.5514537284323,117.62047037620161,2201.6429611217263,1221.0443767792224,1779.7832714530566,958.9695886007506,1976.322713833002,2361.790076795384,497.7504357845457,-633.5595587512092,2555.787939357569,81.19184576570814,2781.6413884730873,3270.809192224981,224.01047146213097,1459.4169486343517,1786.1892148888096,1607.2964079513217,1111.752379582313,1566.5913497165782,2337.0862818618803,44.46434460835041,2248.784035058442,2750.143537071045,3041.9348111422946,1366.7352097681749,1698.6604830262308
4282.038683743279,1969.5012916618507,2745.715296107527,2424.208553058501,1140.782468689205,4336.064633318587,1887.6409028588396,3323.630195488665,2349.014998957587,3392.701872531154,223.35602575864084,1997.751655989115,1337.0127840038185,2313.933262833038,574.0125430047625,2657.745456711001,778.9060695039659,1428.991433311457,3765.8555850625216,1381.7851820000883,1481.6867807161016,3021.3569183107143,3284.460462812386,2477.147938788528,3036.7068779391466,1070.1503509767135,2060.56282995226,3088.227979487807,3235.4752005244495,870.8057412187429,3921.875077254072,3446.173298531904,1917.7518325736885,1795.4212437485232,2246.048860254691,2135.718865999519,7413.5632101485,1451.1919274996787,2778.5262655365127,3133.515810737911,2726.580208347224,1681.4098645210422,3390.918121762594,4145.316029947037,39.166449610544504,5193.791447538628,2948.467115056715,940.8154374548922,4851.058793820156,2551.241898191539,628.5585977611039,1371.5383514624582,6577.238105818904,3631.372728910872,2933.228023820514,698.8968074258437,2549.406009108249,1604.8617207536909,491.7031493430738,2387.4357264314644,3309.461885652949,269.50838846767226,3324.3528942068324,1904.3753186717208,3556.8579975756347,4765.328431013316,467.09409030268296,2336.5646830525293,807.1116568669498,3088.34368070311,3549.295625468809,752.6937445133547,2521.950211806779,2807.6120732627887,1267.6078845546544,6657.373737495821,991.5818053035629,3708.610505984653,2319.302987338642,3978.4243926406516,3352.2425808719927,1342.5949996458207,2700.444700960407,2558.203164493732,1155.1368833662093,4049.431421176067,2846.0970487556474,378.749452085283,1433.1280628382337,1272.2585182127948,4029.6084623954944,2412.1605677963453,2701.054135655464,4608.01731046693,554.8690436259119,4263.666634106346,3077.8397037893033,3238.1700683841764,3052.336081914089,2532.810354752923
2664.459136862901,1807.572197588484,962.9673744019489,981.3190708041993,1009.6835113729501,4715.47721416633,1189.5323611076847,2390.581486364134,1095.3628778230936,1840.574973953691,-49.809240516375716,1161.5870026212472,1304.3085380708626,1699.802199330838,-122.07162566238831,2478.922756002487,1152.820991798992,1191.3474539392876,2095.660996447098,445.25893548864224,450.62183670046824,1070.9974962029146,4114.786350698439,786.698546518675,2153.51083722153,784.1944062035074,1642.697165473126,1984.5266794267618,1830.354636619101,560.0676903469887,1511.1504766047992,690.0164744926755,1146.1049287740825,982.5417717989629,1976.7286081293382,335.490325042781,3467.454372240871,1237.9639018944633,2564.0639665600534,2157.9272652570426,1287.1111923106143,1108.2022596171782,1285.7288624894663,901.6934662370879,-110.51595965750833,2694.598684328905,1587.8409296511227,298.7082749702766,2059.988792176058,2021.9941167940478,260.1233715378669,752.3084954321192,2507.8910248283937,1450.5838632493999,2045.9823118334382,84.8237378558075,1467.3729272264097,1183.5112244531306,527.2166214844916,407.62036214456316,1694.421850909168,488.06529986712326,1487.8444660261364,1971.0032964393797,1900.2977283169848,2006.3827451225973,598.2183796623059,2200.0339612504954,416.0129263733264,1269.5085643639272,1097.0271051268605,308.6626599117608,1306.6844714003178,2555.7380678499912,694.6540844766406,2438.2252049796916,178.1266003160822,1440.3523166766124,1502.2670747236632,1955.0773191304022,1425.8623606828069,1204.1948291418184,2472.56849782097,1608.9248362944816,621.7495927905841,1198.4241312363984,1520.6622310332957,112.7404611615357,1344.6339438081152,279.32755260004564,1529.7084167520054,936.7867616422859,2268.316089949336,1954.3411015470722,-47.65443559369386,2817.653937328626,866.4078943450456,2572.6185572821373,1856.8627553670237,1743.738670427631
4420.517459011687,764.0206344958617,2837.9175646414615,2482.929792930762,1426.9519895326405,2373.3138850654177,512.9654753462777,2149.703368553664,626.0124053893719,1732.5227484222778,-123.55652250216839,1025.1194977055002,1523.0142995073065,1721.352591552524,209.01447890383503,-39.54740404892644,-101.25758503098211,505.3670777046066,2928.641087847758,-544.7872772532436,-1338.8896085584065,1668.2328589799954,3511.6961199989883,2167.264721638454,2637.785790949792,708.8434860830619,365.5110378834678,2328.7806450284534,2403.8035638038887,1129.8879337610326,2106.5244767547197,1109.0494988897092,1077.2046531974086,658.0818059858183,3018.198942765995,2609.4033609631024,5163.27755373079,726.0419487218254,2247.6992650232237,3290.026381073713,813.8719771473026,729.4541344787368,1394.033965126177,3036.303323592313,-237.69538798191707,2004.7851490371718,1730.650991129022,-341.67126747747875,5040.31387742879,882.5355835236066,87.2413288551972,-160.1890964533393,4195.485753326827,2462.007574808684,813.6602832752437,-211.63306583510234,510.1688893085986,1279.9312720327973,-521.2189867658593,4448.02082159451,197.9890635678086,-64.26517453939086,1749.2567180893477,212.91525624751847,3592.151844315109,3501.3549615274987,480.9706549643245,1024.1536897911406,-727.2974187727754,177.94168025646238,3334.708166435564,794.947135059843,2436.4463247566973,1096.047488306016,756.9646199169763,4747.05353504093,1266.1496326306494,1697.8970658683154,2340.761533872336,3308.2895508117435,3181.3497877922064,209.09849022571822,532.6513852437656,2819.586522792768,-248.48862476234882,3920.6354270219267,2527.992978411371,40.93023157199273,695.5364702311798,1263.6005993812269,2688.4498278133683,2440.7352974355185,3215.2297178878857,2929.004809001963,67.1562071027076,3467.1455794167273,1907.8757295459927,3290.705287011619,1745.347021622832,2660.1069680292053
5416.23424288259,2335.6978509698893,1331.3214800465687,3328.6467425410974,983.0711095871255,2390.518775762137,-603.3146425201463,2607.2787165940777,1335.6478270668506,840.8225517348795,418.74899675937104,1776.120172033649,844.9274742630638,2368.2770513154014,375.8781921019941,2771.4544162703255,1553.4545191733837,1271.0576062963162,1082.1279548517134,-160.84469549404196,265.4131610353638,2989.7761102529266,3184.3193045141393,932.2986367681705,3708.716817944496,808.4117241012625,1280.7236458665404,1323.2653588281373,4497.707187043015,2160.9739327012267,2955.917659822444,1520.7294082969072,1467.191954841801,1183.1555365135355,2697.3258383775983,1352.473200272786,5440.775234174495,1490.8833798969347,3421.8130131343855,3547.067663130675,894.5574578508113,1410.9066424825678,2270.544670326384,2267.3641089143734,205.501800592242,2952.9114705497946,3644.4276590144577,-118.07439530544184,3615.874658410709,2162.499416696521,636.7661639699128,753.8934228698595,1780.0771648847037,2679.148319504406,1108.0172146996167,-370.74250645659254,2062.6417926980544,1355.271026125888,-153.78325281488782,1126.1256028409289,2911.1857011114444,811.8436989739569,1473.4591789544008,841.8245362911789,4185.628442653019,4565.8110751839695,512.0531424321553,2903.213024366061,-108.25303023670241,1983.447302883777,3689.060486985718,1467.7776705049396,2559.880967762655,3567.9188608521044,796.8739621170313,2144.9802003318105,799.7031269087031,1295.479484793234,2724.0466544550436,3445.048674511641,1373.3981743916347,1702.6573506045736,1369.813158262666,2621.487473702991,258.48626037378096,3998.345216074844,2378.330125918555,571.1069672771424,1085.2468299360573,217.4605847140758,1749.9920710559425,1541.6247300844761,4079.787634930489,5138.518895536053,570.3025184182699,2725.888772332174,-271.02101402689954,3539.512870999448,1626.5343312211796,2721.0860767723884
1843.6459469875322,60.73066412534751,1950.2623811078913,1514.011448464749,991.3106405527657,1123.1310505578747,571.7534122117231,1311.7495315437754,507.10796107726554,402.53390309873805,709.6770044540975,353.3645108786953,2629.944734557607,1014.9575177972487,821.0546268730732,-1144.9139136299723,-158.7751735360504,-79.29421002020005,2019.843873305167,-26.463480700039522,1038.1490408660306,216.8057399837908,1013.0329936216881,1215.2773372068466,382.09916045485454,1159.3541364371958,-538.2055994840531,937.8297034659988,573.1355911295933,1312.5715709903027,2185.855355576202,164.92868526489409,963.1519811640767,1083.399374903786,869.9913705087025,2030.6423773001807,970.4675489753939,777.2742388587496,388.6396020402933,368.94140135458406,1298.8727879084165,382.34647386389975,-1113.3662138913228,2058.9644981958318,632.2159474203838,713.1960486759742,1057.2256389559968,-1.7871278936587636,1865.5569470935013,954.0268981242813,825.9206233218094,-591.6633388176714,2591.096436056709,1179.5665338366816,162.97152911948282,-138.73047149256286,-345.88303388426567,1577.0602355905746,617.2439139824718,2152.6360517712315,-669.0020395272763,260.4686292651969,1131.4345635202233,-10.113916574007908,2341.078134451567,910.5589823078634,786.4798606213494,-454.7844961294353,253.3761473914591,-316.4590794596518,1729.3284062016721,855.9365689917046,1338.0706005846287,-2481.3946985535213,153.17204430457804,1851.2611937982767,1479.1877409430688,-58.69649478859652,1466.0075194608494,1993.4202926307753,3165.9776773010663,-34.59583723994493,919.1114856335972,1985.4783898251658,252.01497521373284,2163.038691761072,2061.203119740997,153.14345525773658,748.9633914431529,1503.977366725327,1230.6880795945688,1877.7137294118852,1278.6061573944646,1372.2626011919667,113.94399046831033,2609.884895045438,2212.189966960768,2033.2956802120148,1156.7398695861427,1991.2430191771075
1856.6557609696126,954.3127917604627,1074.3542975581975,1465.8971551101731,804.3649920813585,406.8056287393279,444.4729402369828,825.7917260680184,1228.1898588725069,338.7628379846211,605.1841094814924,454.86152258446265,-253.4149178963226,1430.652377404295,402.5519194152604,1033.7907927122064,691.2050968319095,808.8309228005746,847.0168077097568,530.7626913857619,1300.9250880122718,1620.3958147798362,2351.8981833621856,635.5292013139492,1396.3813870589936,350.8872874974106,1175.1405106431475,299.16783755875025,1078.4451671415272,753.4330655008695,1727.3635134069937,1116.4645768133994,247.18510413872437,1303.1788932394256,236.71784878617802,882.4232721658586,2340.0454119009673,632.4938425999544,1171.5883412729652,1195.2939042661014,538.1982417780689,803.8853270796019,1660.2190293001609,1291.0819388202408,435.63621380795826,1623.6741080213617,1568.220631237035,256.17441408170373,1196.4575487956686,1045.9254235615572,444.24067425788127,350.22772096274593,1284.2167732503015,578.4318442422613,409.03976758519224,862.9171297278583,1263.1916080156032,969.2659893300215,1.278133010799992,748.4107837603194,1325.6675231564666,66.15721341438484,1099.671428170466,134.5902480878881,1679.895738810852,1936.435576245007,735.5209053123253,1045.0015184811398,547.4259107043563,1048.9700845477385,1639.8336021653379,623.4893503641033,1265.3692534911345,1270.5238167436282,367.8931220557314,-13.313552327364645,749.0238227149458,1595.7736578331783,905.1302814376285,731.501397646448,578.9060123235549,942.6285783216488,871.7866522566293,762.2360228430528,518.4896370852687,2136.7249178853717,1473.4744574257197,485.3542099596522,1062.2846588048637,895.1001506018964,1191.492897385676,1638.0555061549062,1190.7835962123545,1543.5061322333681,399.100420745901,1386.7345526308002,158.93081750989026,1117.9492164393753,905.0728896199882,1245.4708437895015
5620.239604767613,1534.4388898221564,3690.415510828228,3042.8802194230616,1955.9368917740583,5585.614715829158,1585.0561984923556,3704.9326502653494,1558.8579796877123,1846.5747459012182,430.4441140301168,1228.3430696992461,3202.225888927974,2574.9621026598597,741.1660775445978,1439.717886422618,1281.412214388173,233.2660782667925,3049.973692990886,-171.6490576649322,1559.10201598698,3015.7708046119888,4528.725215873275,1826.5328981011874,3354.0134517331085,2187.907455473501,2088.3939660038927,2375.5544578839335,3788.248164873126,2027.6912538360937,2520.992783190006,1015.9686355413596,2015.197354316347,1581.5069491914287,2168.440853865861,3135.6185676434957,5802.591860665809,1789.8057654978772,5211.398040908042,3339.821642308043,2126.7751882638936,396.9775836951227,912.5352120644613,2983.3787574240623,241.70518192347322,4864.966572954098,2363.9773858064673,-157.88890665568584,4468.834469401086,2123.6778224413392,-5.689131390315817,275.6213096322132,4122.645883986146,2573.1187136475646,1367.968486278037,77.74446999278565,2174.4574925343823,3263.281749599875,334.7719125303142,3321.5451351217916,715.7344507559266,379.67404034939733,2392.0476662593137,786.1867381544989,5251.623621575169,3794.3455093745583,1679.9884791687568,1612.089178074853,-262.8355573799436,886.5851327350921,3522.4720902183994,1841.7445924529736,2017.1006759557574,2295.43289171633,608.0188848361585,3321.7717225774195,1380.388445338117,2325.6540793973454,2679.992084135301,3735.1798765274525,5457.898877633037,1068.9183984744905,3561.5617578704446,3371.8039028140465,529.914781692931,4886.520923999925,3538.821537070618,188.38759735827176,2293.949195351827,1710.5199647102063,3548.6938135090104,1358.9866201606098,2982.373223117161,3730.6466576567755,377.4031668756914,4187.574106876015,1251.5770900177345,4783.985465398588,1918.735714127005,4713.033559717271
1097.2299511523065,1009.1872019310595,-16.26721242496514,868.403870905978,589.3779492842527,1724.1370291258932,1151.0896273715084,1927.155610985138,165.4360521708257,1351.8738691208105,153.59835381988745,-378.54962482306235,26.355582991449335,620.9055940076078,307.07305596822744,437.76420443747054,-164.90574518123594,721.5942421991376,394.77229696322354,20.158005177186045,1125.170038624671,1112.1675859223512,482.268855030901,-362.5623853607088,2153.1106147455885,2.9183326699720795,453.08210748960647,1301.2501499619675,1467.0898682153552,672.3450932933532,2513.1251123310367,164.77575915673125,612.4338096379906,648.904105006683,1012.1115766330535,-289.0575900675128,1407.4321783907951,818.1716442165596,581.107767027375,370.66582527522235,1604.9175427713024,514.4647351480207,-330.60379580972324,309.1065025979105,16.977874036774075,2493.334711594648,518.3249184217713,325.52652008837,721.1630939752789,722.6822318290095,116.37079533514343,1067.8125918345565,2623.682941584157,1139.3365595669263,490.8540378183742,349.3774690882656,258.27056815618994,646.8013225279885,138.7190034948675,165.73222676956237,874.1004723325561,-718.7206212485244,1028.275618405372,1526.8054760338807,2199.076678648388,929.4530426709072,1264.249344358874,880.5433926733766,391.5942174452975,1428.2276118965312,1803.3726727422484,-52.434822321848124,1088.262455373815,912.0342472227729,356.01143097354185,108.63441737375422,-279.77987475321595,1598.8540494133179,1058.6722012582932,1773.2354293508765,374.5088348168994,379.5605915758219,418.09990745662566,1434.3311616672886,745.6749751608269,-13.388967433266338,294.0964270764586,-1.3790283285773808,979.8378294317496,79.48257229988367,588.2353512186111,358.96489104954054,-11.58327388336975,1878.4522748772683,-94.78439393395092,276.6641249824632,1512.4181585013514,1923.0220155686284,1448.0016204915187,594.6951297693652
6597.090780542967,1495.6660135047255,3310.251593019774,2832.535470834825,2881.8368042126513,5595.761227077093,3874.3493913366337,4440.674112581641,2097.0469241836954,3112.35207522234,400.7060383229498,2120.389523729641,3012.08856165208,3336.7962811244765,707.6506933075826,3175.711675676129,1285.8921471378517,1045.234579466873,3832.0323969500205,1385.818034953972,3705.459162930655,3995.676964484328,5170.475795359087,3282.0635450690006,4332.691007449052,2101.0098029869864,1903.641236868876,3721.2651273187093,4904.313624968777,3069.3184269111052,3958.1183499612184,1949.9645464354705,3404.884624674305,2047.3823128491624,2941.9337977418995,3309.302824716778,8681.303791598313,1868.510942852506,3687.638130329722,5319.933262436805,4290.402100787698,237.24960512724195,3021.3625165971544,3356.29165606106,574.9215129636306,5329.63867625431,3376.404419771927,912.998514304749,5699.404768189321,3565.252238832956,501.38298398220263,1478.1745951077066,6773.8388610367465,4679.616863076224,1527.7399807332265,947.9856968457153,2415.894738689737,3088.189126267369,707.5756329441091,4219.269020384364,2683.838162524098,893.0458617493196,3010.7006956569408,1877.3221487211865,4064.5960933894225,5101.071551405343,1905.1050822933516,2728.337320031821,1243.1071218085185,2063.8626091415013,6590.024745604645,2547.8811441442967,2793.720704488866,3271.637060875972,985.2464386573715,5743.348438765209,1506.3645987293655,4145.033338716154,3269.3554108908806,4858.757215412479,5926.966601974125,2515.3248876810317,2451.369379301948,3944.9689552786226,1512.8363583411867,5959.24084540557,5627.403264161491,426.77726681837584,2307.8319927042526,1902.982962074452,3708.5459848088212,2073.768325487711,3737.294717728608,4577.938846069556,793.7001441191509,6820.519043548452,3267.8711569331144,5820.567367420277,1732.1076778500512,3913.9473724435966
9941.224344201184,2321.815890545803,5038.922934071786,5848.990403188605,3934.960323286633,6697.279962036504,3662.3125586205592,6359.9550999816065,3003.307294890258,3927.55999555992,892.393987610636,3141.0066039287854,5030.969751172197,5012.815205110785,1911.4258645070108,3426.4829921603855,1349.146933580324,1795.8645745853519,4897.466662126099,430.8244985979052,1983.9188556331421,4895.07836625009,5466.96608994849,4783.308394843478,6783.89414691386,2652.0753924855135,2882.2060351100918,4867.346893382515,6041.413971699703,2961.210914027981,4177.709778840112,2989.16466473359,3586.4950101717604,3115.074800501423,4836.045093831959,4176.297387416776,9869.005083345319,2570.417113116842,5146.007915508282,5818.255686579309,3374.9867279170935,2085.690203443923,4589.246973166393,5215.699441047924,690.0963675208029,6320.142632045165,4352.750616609453,229.95671582923825,7384.874099800266,3598.3915201297423,1124.896851712902,1992.4399712889933,8837.61339190607,5476.690673555494,2386.9247480097624,458.89335390666434,4163.258868221788,2668.203435311776,1512.7113155198097,5714.037218781718,2370.6348039992026,444.7561193539636,4709.773765828677,3394.4436429572947,7204.222811836728,7107.606286058024,2473.2120511349062,3636.9298688076333,658.7487470422909,1831.6786344336151,8441.392898372125,3622.745027510184,4339.601776455011,4941.13569661472,1518.3900597546547,6976.66851984632,2913.96138095096,4942.366857571358,4882.87887789706,6711.038535597997,7496.831924426307,2166.885466605171,3156.7972763968046,5438.633528078267,1723.063802573659,9037.967764106379,7681.688426071196,396.53380201014664,3098.5679714522416,2885.7081852690562,5530.851314869931,4281.44741062648,5703.017942051967,6298.222187443778,772.930597499941,7809.971130484119,4860.613853965242,8013.746986018373,4320.033572022019,6336.824364578907
7589.831480687371,1424.1631608762007,4475.869863340426,3473.1887182871483,1607.06067276374,4040.564484159412,2404.1406661958686,3293.348866337198,1820.1214801720434,3031.435203449323,402.56636133746554,2332.3488076544086,3106.5047093192134,2779.0363236186026,622.7669148819765,2244.801414916276,1290.6159121560577,1156.2630762044446,3453.4208082002406,1409.2968216208867,1509.4692638064514,3917.8307372869685,5308.782214861697,2574.38124306837,3471.384460914174,2088.3744694159177,1211.8269308370154,3180.827326795389,3666.254978610247,2339.3772821705293,4716.574372095257,925.7637258567627,2685.9304935234823,1366.1079662661411,3353.899519967389,2491.2084092859736,7026.227406675686,933.6157996095844,4247.452119120391,3637.5953262979588,2839.593213352203,906.4313556125078,2276.304169224018,3725.2188370926833,271.10096787990625,4274.567952336341,3027.8623660447834,694.9037948989904,5575.674676392378,2573.5573411361624,734.0463155486835,2421.073120924511,5859.876655069883,2944.1219699024323,1650.068619173686,424.4830889623717,2830.737743613819,2108.8719631215317,353.62541048222283,3184.106139426979,1718.104682793372,874.9215724318393,2420.838696599728,1820.968410212313,4030.820840393061,3557.367036689588,1706.9079550414629,2369.986470415815,778.8690806824109,1714.7117659511177,5237.983856979709,2355.916926503011,3604.408611943869,3206.1178184673126,1158.2914462767405,5871.527468546277,1161.1614015835585,2618.588615629648,2945.572875507677,5782.246257142655,5649.962304387453,1446.3430235722733,2913.8722462360633,2959.469964725843,1124.200804699896,3939.884876978829,5266.407650873865,355.18025748460104,2048.5117405943706,820.4468334938321,2462.0853075853024,1840.5690359848854,3486.160724210601,3822.3996734548605,628.3158645858358,3856.4831948424535,2220.1438383069017,4007.0785778427808,1554.806043546949,3453.631810029141
1111.6445626266047,-279.493068057131,426.72421812819783,480.6013491301467,455.8779419446121,380.2553015451365,929.2709924919016,831.1504306749375,1208.4499544696896,71.32909411362454,156.27221917113374,-43.67303002989903,1843.7987230204114,988.0173025664766,168.30741217577074,-307.665576035162,477.51315787220204,281.24083735320033,1451.9790384522998,-43.010854140141525,377.20046640939387,91.92262264192043,1293.918512292702,575.363568963956,981.9998206428464,908.7307452906084,-456.13490848585377,689.1286824840198,436.71059613216806,611.943739771932,469.86708348658027,-137.83533687793505,872.2172586691817,447.74852714042817,834.8449282297339,667.1440216232868,404.65915940564537,1941.3047288250932,1071.1327563769826,164.83179938963718,163.7529610016832,97.86034653202249,88.67379530199102,847.503700829624,58.22268358409751,315.8554031582583,980.7245660190287,-83.72013484152313,784.5265637243648,819.2482059100494,502.99285746760535,-1372.6319814226913,847.4088716205698,88.363014200163,462.90248518761103,-871.9138661991941,-798.044064911736,1531.7376352778429,-149.53343578253322,84.8042225013515,4.73978371059719,478.9080353036008,18.21690734156814,-706.4356542104958,692.5824857724821,987.8683660153721,612.9676804848667,-128.75748120443436,96.4356934451775,-246.89232403020605,1697.940860818904,167.61622493389265,27.0440791406603,-1046.0671655874105,-462.3439329051723,1729.4955616450536,568.1542625469513,728.2312519654761,108.63783654821425,617.3577401336877,1389.7507644671653,434.4621945490198,-1308.5427827780477,465.5336128302912,-191.64093648692653,1110.645838101867,1561.073840920193,-9.79350397005463,877.927108326575,291.83114570846595,683.9072388025361,865.9127355538925,1545.4705310592221,282.0509410767481,22.08763196908151,1322.9107797168506,889.8718403461049,1501.6323626203841,1829.0541571531353,301.77989448385756
3475.00808292759,1589.5895138048475,2865.6724985656365,4043.9271098510703,1689.5089460794893,4630.2903743269635,2653.9196066825334,2271.8386276021165,1187.4900624523082,2340.5403869210895,11.985482212015281,1511.554896396473,1363.6993371625535,1943.9388232516071,459.931061011868,1087.9980418526004,-122.11621016370542,1062.7986702354526,1703.2189168257155,-682.0995630504093,1150.7313063051686,1969.3306386199233,2904.5754869941106,3857.803184090654,3387.2150193001576,1148.7155181418293,796.8187132152294,2164.1880488905795,3202.6362924252844,1795.481139472959,1771.5636602482248,1110.3747978333704,1728.3065700500597,1308.8050408695574,2906.179891173061,2226.447446884954,3864.6995285532043,263.79736365930773,3783.8453785125666,4412.589668723972,1997.3945407789631,1403.4251419297225,1580.1809642025726,2783.324438439751,197.89802043239004,2431.3009329238403,1362.3483776688029,184.68255671051728,3444.208485585778,1736.388375374641,661.7044675290086,1242.6057318327125,2545.782425452152,3793.510054937985,370.76991329201184,219.5778086881512,1470.4263086848466,483.92299646926455,678.9446956072195,3079.332836343822,1207.2319065967308,659.2162622743898,3210.057575606149,966.0038323060108,3538.6384657239846,3979.4358751964514,924.1368746781047,2126.4301533536936,-56.842929104224325,654.424663509167,4460.026619705565,2093.4718008500035,3770.5351107265165,3102.0554802585807,1893.6704491995638,3354.4811292885383,2005.2678164073288,2630.7909751954794,2903.9373983403093,2987.73818316788,4089.6937723973997,955.5161767359659,1789.6017492398976,3440.171177447047,978.7556740125244,4651.8397009541395,3611.2866894287154,237.23003510495852,1094.9634862097923,1932.2369130932511,1791.7941150384752,1518.6996046568654,3118.9019882040866,4006.364520728808,472.7529851249152,2830.9389200269256,4352.5458323152525,2005.2478812672662,1130.215011475047,3142.9164694513875
5402.149086658453,1326.1823841905943,1090.622259945285,3224.82873862836,1187.5262725495108,1947.8942286400973,1450.0223385669701,3116.486265944836,177.74979174131994,1405.0511558555886,410.37420889201195,1312.5456899745582,3003.4381798260965,1980.1115572670235,900.1635339915418,943.9451344302465,823.8466765433878,231.58590821539153,1476.7087862481335,1077.7010588575217,1684.1130758551424,2554.473111386876,1231.5657492000757,2422.0271064141552,1300.2225545875801,995.5421991801343,809.9703245243055,2563.251155248348,1869.5761073284339,1322.9859096369707,1657.3266231173411,975.117921340409,475.3267829127782,931.2162118993103,973.6684365356123,3319.706032711879,4017.1572726915037,935.2584251611689,1399.4093768957575,638.2768219534258,1597.8217729528562,601.2126779029412,571.2472449139171,1869.4918964999774,319.35103216488983,2755.4289957318015,2316.8706809542664,372.63722322045334,2891.302643097908,1714.4313722435934,266.7991487042883,617.1464453802646,2371.3161578843583,1678.673853419482,717.6554991476187,742.4847654676867,2150.611767926961,1759.583025681087,-83.4554132831527,3223.0726543711926,105.2585276905411,442.8669000332902,1781.0068361256563,837.3379379015862,3921.21191604906,2659.3455023344227,527.5645398825392,-96.21547610018258,416.13525099426937,431.89312900115897,2084.6629217265345,1221.7405269855842,1102.5498266966922,1805.9755307580317,260.8309883208779,2606.497522419819,1421.58229800383,981.9724269489061,1697.3737411356094,3233.2266505941125,3066.849614588135,722.009271005453,2070.703161947453,3072.3840976807105,-12.40605674599849,3779.889969626169,2795.02767237632,322.0418977235615,1147.4414675361545,1937.8319657073584,2652.434499034216,2374.0201896359827,2030.1302615053337,2841.4106122205194,56.25831878709981,3677.5395695083125,975.9665469350839,4274.457543418912,1607.0838131600842,1949.9408490363726
357.1187117840873,1462.3317999439196,180.24345261574666,1333.2295438084793,-91.2880726725823,1455.6437655212628,1408.209839766602,-20.13717014653368,664.6825452771675,725.2504543386921,608.333557708243,1019.8729540570658,436.7877927915994,1207.008874177202,1030.644876409928,294.94926569349553,215.97184346828328,760.9463825660345,487.1212300983896,-250.74698337493925,2667.5388965786565,870.9916959298621,839.388862219614,1438.113762016846,1086.772924901832,377.33362355683107,840.2859685619707,-132.01164291168223,1146.4941116303057,297.65060090334947,2378.186210345447,1084.785326230891,-105.58574622457421,1655.7891547174042,787.679932382953,363.8279922823041,961.9020855984647,864.0850325901472,1281.2842597059241,383.93962309199384,578.3979159918131,1235.8095480425895,484.7690161031669,1438.7187631542013,626.4073755463991,242.75042949081515,1691.8934969915636,648.2392492917777,-88.47791390958994,958.2550014736412,560.9182197477262,343.55950194787164,1274.216284996445,1452.4616925886407,-83.6210304126244,476.65746807279197,399.5753369196326,836.7448099122048,689.8695063215056,1037.6252532558526,450.1402291976295,729.2137217027233,1436.961996077723,450.6343578276651,1553.1296069428752,1660.260915026033,692.1362976351141,185.65974788083992,117.42648754438864,789.1568890002443,540.3968224070402,489.68625314699375,1207.3629877157437,168.7397262263461,788.1456703436752,410.1683898198747,1248.6258398718915,920.8013714101803,1455.1434435551566,254.5282074258117,1492.769990990628,1109.0213631733322,1109.9447614334904,1748.0492928061508,845.8702002081709,2249.6380451798045,923.1030374039192,228.44871540836144,-265.4823884921732,1533.4727591680266,668.5327138846276,1682.9382011463044,454.2845646750228,1611.0727068308906,-136.98060327317089,-588.6360613439035,2140.3121824865775,201.04222017778702,1206.6753825007486,1546.5155136716266
-13.470716897245161,92.96930394228916,51.14251068905102,-91.18235507542731,264.86818523811894,916.4634741985074,-248.60594734065455,673.0158366394493,-206.13305565250172,-40.936435734196884,-246.6455353507958,-290.2395686726551,519.6891378672206,83.40543226501248,197.38680351811624,633.2758563102061,414.31304969658385,-50.19657234256396,-190.33172981907484,291.0271938965583,-202.20487267619345,268.04092720736264,-302.01731107078126,639.8628351492077,-276.9752878635573,-49.863995326657,281.97549761633206,217.1903662026003,151.6937443748984,-161.6976024006629,6.687541374214443,-264.84778402624335,-141.03640333768305,-250.32251474958878,-107.10232721258367,838.3253225207523,159.1824304108313,-933.7913879535279,-255.2222791965502,177.0606648228925,562.1389825775744,-219.72775662431138,-600.6411313550302,-327.99491866766726,-84.53229101366576,869.8059095773128,-504.3520292986338,-499.0852818597071,1564.5939025429896,130.70052087681313,-557.6312573665635,143.00848434444552,89.40433961550605,-214.3857041201756,-386.4927800862052,410.5937328442867,662.2512345953209,-243.96840572228686,-4.75713630927249,944.9703612354508,-36.135499113943474,-235.42861801298017,798.7918764432379,534.9512262790003,938.2899122107096,-127.7126392842643,-99.8355264413978,-125.86389091724915,66.65227647962186,-11.130490391227006,-891.8567557553654,214.7077930766297,296.77547484404244,1030.2351252508897,155.03625497778165,-650.4618023796176,-18.43758934518705,534.9694468786306,354.40328800249887,209.9435536128484,336.43518551080734,-672.9252034372055,724.0456794849196,681.1294122519048,-127.19480614953748,915.3509156552722,-343.9420263399309,-72.00087107983089,57.22873463887761,873.6619096573418,648.9467961484559,357.9276066084508,-458.57933392200385,628.7926101976259,55.84085398999681,208.97569917630472,-340.525820325769,-245.54913986603302,-89.34138562813628,278.6510889657675
-2285.799785981515,-1276.3609976057753,-1966.1698005289325,-961.8409064090706,-716.778899885287,-2808.9486182966907,-2041.0752146749473,-1784.803590301236,-1095.4000528142099,-2101.0939836428115,-195.69919233853932,-996.527852041153,-2147.789905821921,-1293.0181620650103,-215.90661366129487,-2250.1470728531713,-946.8715050513923,-1156.0690833399178,-2390.830579064654,-811.9223546070031,-909.7678597316147,-1526.0678674357196,-2720.4303988601882,-1716.0366908752603,-1551.6235265934324,-1509.0108409804284,-1133.9302899055717,-1404.4159587262177,-1430.5728003088927,-1167.7721360378932,-1337.5400605162322,-623.0671252010046,-893.3002190225029,-609.7723808454099,-2072.0261968372383,-1721.0678677468236,-3200.637154360376,-1136.5685153042132,-2544.431172705511,-1591.3157007683658,-1335.6333165419449,-852.1485993481069,-809.52630065653,-2140.9622493080824,-185.25761544680364,-1829.1611620460733,-1618.8599550165493,-295.7746701239607,-2995.7286666865184,-1712.527546172986,-863.664325428768,-1165.269579860797,-3332.6289436374495,-1051.7583502697141,-1911.3540219311208,-199.025762844887,-1033.8609511783557,-608.5200419613979,-374.7080860354836,-2228.9066082512736,-1113.9548905438007,-664.8081941769498,-1516.7435890943366,-1536.354326909526,-2207.4957189205584,-2031.1923624475503,-407.1367096504642,-686.373084772715,-546.7684983039353,-492.1226360770949,-1200.714343086664,-1036.8451533587076,-1487.8490513060008,-1938.2199306962461,-716.7075056716362,-2610.464536932733,-805.1730632280112,-2092.264375265646,-873.7036671362769,-2378.9818211792362,-3047.111841478733,-1015.9456424700273,-2087.7376784244684,-1718.9406502570944,-616.5658287950731,-2541.7337185556644,-2424.753218297546,-199.54280981253726,-972.9964536153523,-1447.0031542771553,-1740.1863574296158,-1533.3179987258354,-1021.7041827601871,-1578.2835099304416,-345.095416444462,-1455.5043544925413,-1388.2079304655556,-2061.8571099372184,-1368.6279403846556,-1853.2960759743842
-2558.742823337868,-185.4200044182315,-1028.9522516409063,-2752.3409291621206,-1873.1272987902316,-1885.6660944470207,-1102.6108362544637,-1264.15088207028,-899.9882456292721,-913.6940657777257,-280.50268280735514,-475.24631105579243,-2152.8811116551196,-1534.695736342266,-383.71373336778174,-513.2120337651222,-53.43919779608562,-400.5730890569745,-1652.6394871179016,-60.96872477620367,-1283.6363251244936,-1909.8658334912166,-796.8631665308425,-1656.8497055081907,-1211.0081654541832,-1201.4100917601993,-223.10386627303166,-2374.38301736704,-1377.6808803134074,-1542.8285333215952,-688.3549807984875,-713.2099240637278,-626.1727441048944,-628.6644852146264,-1076.8382583638731,-1963.0583970457928,-1909.94653055041,-495.675318251159,-1760.107646548,-1423.425491898034,-1210.4647938149405,-1119.1123596245855,-452.20257433875435,-1790.4684093464875,-338.72335945998304,-1602.913754243261,-1514.4045827719258,-487.72590409904103,-933.8510088835035,-1435.9064136036852,-1086.859798663965,-35.51891456551126,-826.6344618572234,-1767.630744108223,-292.51811955964035,-483.70202822072076,-110.95118962994941,-981.5650095845295,-102.14041255184299,-1848.4864224850014,-567.238819635587,-197.9363617028131,-2289.0498598193694,946.3460956038264,-2557.16141269197,-1976.4970685136414,-1118.0174485496418,-606.6486362588494,-799.1959574780246,-653.4066884730472,-3459.199774441551,-1295.6388658626825,-1367.3894915304375,183.38598598133018,-637.0963535737251,-1865.262821822931,-1431.9549695918586,-1394.286340722992,-1490.2639126543213,-2009.3258928327614,-2110.4662516291537,-1016.3678830878583,-1174.678412931978,-1773.6485395203676,-337.78965923384095,-3496.894149902289,-2773.657909043787,-474.55593540792273,-873.3109318070084,-1401.3414178399626,-2166.041789384342,-1665.6503005721424,-2153.2948405023185,-2635.3910084707936,-392.0983434947777,-2251.537668670416,-1525.5586219463753,-2909.623039180456,-1295.5898594025132,-1436.6155053407583
-1448.0256900494212,-2055.208551375338,-602.3143057608464,-418.58107635831533,-242.25039907788982,-1880.8710479600445,-1797.7936409929519,-1367.1264005433434,-82.78462671653219,-703.7083812364725,-135.1537861499888,-1058.6679303736034,-1084.7881526495455,-757.9040716729118,-700.0685630697286,-1150.2763242343742,-524.5818254657908,-17.93324016804719,-1088.1939790153347,-566.3402230509728,-1546.5563294964295,-510.29972883599805,-2370.668448801868,-1301.6451067388211,-898.0094519048167,-671.5334780182017,-1012.7972163677169,-146.95263092990842,-1379.9745563204278,-838.6641223343522,-1291.0705738084039,-912.0543677122415,-1105.2335114815223,-275.3826554930984,-600.707437716671,-445.8217356674934,-1754.271348340278,-625.7925123677951,-890.7808534606406,-2250.811325927181,-1130.8663610781398,-220.14801964588452,-1553.6252146658173,-119.63238281886564,-233.80360834956716,-2175.7266719347053,-463.84795268222456,-538.6767430086662,-948.2125629351036,-816.9699763530574,-283.37410470366,-561.571128079454,-1207.0600488065636,-904.7330330637866,-700.8254046012607,-584.604400747611,-1600.7157265374883,-1490.2412767408127,-599.1573837235467,-1415.253706708054,-1840.115310411081,-534.3540876497045,-500.5111867369838,-1657.2422842783785,-1195.8032599116345,-1721.767337279177,-302.7711387819693,-1129.8802237868556,-221.6115141332385,-346.18105237725393,-1941.0005174678154,-755.3450713281316,-546.5169033133208,-2415.0115689210547,-324.57548586190507,-833.8570156162763,-487.0265706005996,-1100.0643338467648,-493.97487616741455,-698.5503558336192,-2027.7789700739384,-913.5962665037964,-1444.2733930264078,-1453.0898564240895,-461.7622872753737,-1019.0022140323671,-1377.211338629656,-174.5643183308216,-951.079967721587,-1340.0387127794131,-896.8538210421258,-331.26012944985035,-1147.6363817033243,-283.8519935743547,-280.3003212088167,-1704.8110602320473,506.5219007904137,-2048.363682726159,-696.59805464689,-971.0796192144837
-10707.867649340804,-2060.877305400819,-5250.774927913658,-5409.055078031264,-3164.027741215996,-5953.788767116683,-2168.8484826012736,-5488.795918777595,-2275.6256192491846,-1992.3037257315482,-173.43458734387045,-2742.71762810742,-4548.416878202902,-5395.156364224914,-1068.193309859123,-2455.149952405058,-803.0298568663172,-633.3544579851374,-4412.254081270403,-579.0699724293747,-2587.7237464793448,-4252.077073172536,-5988.14502494809,-3866.767061781108,-5685.821550402547,-1787.9847448575524,-1551.1370230014766,-3938.1234610308093,-5321.907033682178,-2727.5418917680763,-6350.54226222155,-2366.61226134918,-3435.843233133746,-2726.3472453560457,-3492.9036047049826,-3804.2467390403076,-9667.408084176594,-2236.4278969435168,-5058.622595007716,-5743.110401206566,-2541.208388740087,-1443.2280273093584,-1949.4769095881682,-3468.645253763321,-366.3048144079279,-8440.079344855934,-3792.0699072466723,-547.7008557930699,-5797.935605865297,-3518.209624693639,-884.1518430654326,-766.8240649300393,-8232.684984056865,-5520.980849844296,-1488.5446075941863,-539.7177205694464,-1829.5640431941652,-4200.611510011065,-984.7233605861442,-4963.8963895239285,-2471.2336939565034,-669.4954927487514,-4021.831974788586,-2065.8837611163826,-7876.638028826438,-6108.050744086245,-2529.491486091356,-3170.123956461476,-912.5466895361812,-2014.2872539686002,-7587.082571088296,-2567.778672110111,-3482.082829926652,-2713.0690878066725,-946.5422343174544,-5745.10118391284,-2670.1509360693967,-3684.6373987854977,-4573.41018759914,-7898.4382491764345,-7585.703576695372,-2147.4074709219344,-3083.3870446500314,-5983.438268349025,-1171.573552757392,-7313.03879762438,-7149.814013792682,-383.51151256563105,-3078.8677556276702,-2590.901515811706,-4382.566898522097,-3034.131860529176,-5609.365145415009,-5281.878535918358,-511.6348633203375,-9250.056384369896,-4007.977977522696,-9002.703653448638,-2635.116941459544,-5653.426348073017
-6081.299086590652,-1924.8836983819388,-4186.673515670476,-3187.8337729647865,-2069.4051650147453,-5498.535866290236,-3107.7873600121743,-4196.816116815446,-2274.097011517145,-2688.4974607892964,-507.5617316399663,-1488.997734107953,-3402.371800963824,-3676.496912728669,-1020.5657945408143,-2019.748131566033,-2168.2885524033227,-1349.2670134472182,-4161.379971601716,126.69046632066426,-1565.0158820839135,-3776.48650925209,-6310.137137901546,-2625.5570843501027,-4026.6531740430023,-2377.0418299832586,-2397.332472974744,-1987.3182538358255,-4187.487209714281,-2219.619570233928,-3729.2623622471315,-1269.407565500154,-2909.8699433851293,-2055.842481349915,-2463.3302739149417,-2529.5815798293347,-6596.6140675563,-2827.7340484421225,-5537.363638833363,-3616.4910831144953,-2855.5464685248685,-702.5441002225652,-1749.85561009139,-3236.376014760379,-380.7684110653276,-4332.776513461169,-3078.033855147548,190.65158142365019,-4742.327136236084,-2763.036043255035,-146.58095173431718,-1051.4011246402522,-4353.060918708452,-3018.83735358086,-2212.5255125624835,-274.4104072654165,-2644.3306866407333,-4019.3825121508016,-340.4856976038375,-3025.7779495874356,-1583.7467627035523,-630.141914492689,-2510.7728132629295,-1182.4220794776866,-4651.757884754083,-4739.772005866026,-2707.516781949882,-3268.743838735544,112.82163871801313,-1372.9340021214875,-5116.016677492895,-1755.8105432321174,-3054.5377265962734,-3100.4974880219293,-917.0379835154284,-3880.26653088652,-1353.207471380695,-3610.3728553957058,-3010.8413073587953,-3928.7220367802533,-5963.552299144489,-1423.7420723019763,-3510.5854696216848,-3817.4981320139377,-800.4474636305174,-5398.552012893796,-3261.2444576845164,-290.4773844874044,-2208.5480381621614,-1572.7844985958927,-3068.2177722148795,-2099.0849972366177,-3936.1006674727932,-4479.131735201845,-341.25822107833244,-4412.493013616747,-2008.3281529242633,-5081.453781443194,-3305.1071624724023,-4703.084712799198
-3257.18066128035,-1213.808955381332,-2397.678704377263,-2182.1921608553107,-1679.570444760662,-3322.0438288450164,-2803.5392328456383,-2342.969505971445,-2087.039562276239,-2381.472385919204,-700.3011621354503,-1689.6018836303738,-2283.530292948053,-2106.491630538952,-1179.1337466053715,-1970.7848489516714,-1325.6343935458742,-1222.2415443999735,-2786.1434316310983,-1130.8550584371826,-2142.7218284028654,-2013.0381901260669,-3391.5033901824963,-1626.5699002935967,-2613.934594517518,-1422.9880504161576,-2473.9560513052634,-1991.157412292168,-2847.0774175145766,-1297.0882748757822,-3818.070972341389,-1679.0521896121809,-2359.023270691271,-2143.9444138551244,-1268.7423781821135,-1325.0082202075507,-4911.686455238447,-1831.6122781677407,-2439.7579850901016,-2660.9724616826443,-2481.1053735708156,-1281.039265859441,-2285.279297412314,-2394.4299315763274,-778.1639846252637,-3988.4913699275776,-1891.3896533761379,-636.5798793943989,-3493.690673242548,-2413.4895381598976,-443.6710718886259,-1891.6452942910496,-3868.6705598595972,-2369.458122000753,-1952.6956151153584,-1871.5791971126785,-2126.6788497755915,-2595.8803111646394,-1328.4409105131472,-1976.6281017167655,-2098.9168842582167,-477.7076064617076,-2449.0132006480244,-2305.1795864944643,-2851.7387546665414,-3028.2432391850707,-1218.2866081746995,-2947.283017125302,-1004.1951563190086,-2139.225592337842,-2879.432053249196,-1411.9829747832812,-1740.570083035118,-2791.037652172034,-880.4008880548348,-2587.9383186064465,-993.0899096474585,-2719.5601597054247,-2185.823027705294,-2218.1325628272484,-3503.3919997989306,-1440.4133065417868,-2954.676059923768,-2745.569341937259,-1142.7558239123675,-2944.3884862502,-3211.6713443835292,-418.2706762291922,-2081.0566648658196,-1148.5648126743845,-1885.239495417807,-2292.242840296206,-2307.7165889382713,-2487.7730344208853,-643.2824477885557,-3512.4931813463186,-2119.298221759707,-3174.9360933327885,-2192.1047560433644,-2443.2530243847796
-6377.889169646651,-1692.385845312454,-3571.6982492518996,-3735.109436831736,-1573.9761913964742,-4306.654883093204,-2287.669735273603,-3723.8661797018863,-1864.3749990489316,-1963.7788457549732,-990.0907233414218,-2311.266629193994,-2909.9400723073377,-3136.110238539899,-1342.4142625881573,-1196.0585429230757,-930.7678895818066,-1050.043729864532,-2578.586696218465,-846.121821013606,-2569.614792033031,-3181.485922518193,-4348.2249085345975,-3209.563773125071,-3752.5465439577247,-1473.1209417695454,-1236.318395924458,-3003.406671745534,-2782.706633476019,-1844.4541815614698,-3820.1268417344536,-1882.855574455683,-1817.8123186484936,-2629.0155526907147,-2509.7226828264843,-3099.489456106486,-5142.540692439061,-1793.901040847313,-2706.0295464787832,-3689.3456966254353,-2435.5425505852827,-1455.671160177075,-2699.575664972588,-2984.9289159150835,-721.110461766068,-4385.691991747485,-2597.621156462659,-729.7435201954876,-4378.9205600103915,-3082.187265573546,-805.4299340952984,-901.9672335064488,-4499.988372504187,-2711.9229500285014,-1066.6849563874632,-553.1344675415182,-2399.997265109811,-2306.0067690319356,-705.1120725110542,-3595.2044598966745,-2047.0973726407049,-631.3190862151653,-2768.2959697951824,-1472.0062340119018,-4275.283770117348,-4101.284136433557,-1717.6050054249863,-1574.8908951728956,-618.1661119790805,-1815.1475639195212,-4383.688281666494,-2206.9456253124313,-2405.808638670922,-777.4963296803494,-822.4793452074731,-4738.00543632041,-2176.5884903651518,-2827.078254354915,-3529.1658251303916,-3505.4603752440635,-3877.9181592762975,-1274.3809881126022,-1097.7584284203745,-3525.7706276382482,-1007.4443521270614,-5281.708914147453,-5054.794494588051,-502.64816868221016,-2353.298585711448,-1577.2265593602995,-2907.8785862058476,-2592.7900706759087,-3976.2567645139975,-4133.92390688439,-506.8710821740693,-5368.399284313852,-4236.846699387397,-4089.5903806960496,-3028.3092043695888,-4677.819182072861
-7955.276420903212,-2660.2256969841515,-4228.295606266744,-4434.400530246787,-2140.8271128274137,-5019.082272314826,-2088.4674073405668,-4345.629282969731,-1570.8833914245222,-2047.8943954070794,-707.4629558499488,-2712.2555749526555,-4173.381533804776,-3382.3857554937194,-591.7646606249773,-1640.9876051017263,-716.1221534444767,-836.6550284574581,-3180.2730051662325,-53.92887271170567,-949.1876559230002,-2899.617882319061,-3998.6290695442817,-2280.4998226209477,-4242.5720112862355,-1832.8532009965961,-1156.4958570458546,-3704.041551656756,-4322.306458383381,-2414.345950331527,-2218.191056038051,-1151.7157550175534,-1796.9212627519928,-1860.442308745912,-2609.085860053532,-3692.122475827616,-6654.403414221423,-1384.4393636932425,-2928.937027848992,-4495.0344295991,-1894.0322156252362,-1145.3334635905173,-1996.8477340814143,-2693.9706788467865,-549.1744473089258,-4968.681011281135,-2577.913979528903,135.93896786945407,-4309.820460822588,-3155.4017608572844,-1153.5903134138628,-748.6897569313544,-5110.193827771783,-3679.782198837599,-1046.4123834875493,-29.2435799382373,-2654.1876750915676,-1319.8896588009666,-589.1577460435565,-3334.20060065624,-1330.1173079681705,-384.4111897738812,-2209.399198194656,-2596.7217206994073,-4582.577031157158,-4584.26522095406,-1553.8623952346632,-1536.6066384107762,28.41133124948206,-734.370078535884,-4415.838632786805,-1856.0750841337497,-2592.155118086627,-2069.879559443668,-770.7357982863697,-3983.962566697257,-2615.4855826581534,-2268.0651204041824,-4972.862011825491,-4419.230162081176,-4583.869485132524,-1400.878041191656,-1595.3194748515045,-3704.104381196695,-821.4880563995307,-4898.509882251966,-5798.990515304662,-311.56835955032153,-2139.703090248652,-1144.1818579635822,-3170.830348923718,-2631.3678496343477,-4028.335385367507,-3954.452069811088,-363.7178495912718,-8269.174464805777,-3395.899250575003,-5901.6183181834995,-2065.0537862896635,-4994.903628347508
-5900.0393812235825,-991.0945080193123,-4025.9840382139428,-3692.9191619991734,-1557.843605895998,-3723.78259157615,-2014.1801142664942,-2103.6527939768343,-1809.2461027110187,-2184.4509396611907,-164.5829508687426,-2168.221734553455,-2567.837651239949,-2241.7856475473172,-711.3001333933337,-1202.2330444449453,-252.5857668209348,-560.1997141275731,-2649.393596266427,-340.3242738879397,-1357.8048791987833,-3093.6845572937355,-2862.684002221148,-2252.427465280388,-3257.8762091381195,-1267.4142685806048,-1045.8633101809726,-3338.1002963949595,-2665.237292715278,-1218.06143711763,-2043.2845724457038,-1876.2200065787629,-1182.78981337015,-1439.8773680327272,-2048.42167871213,-2666.5998479442565,-4435.2554884803385,-411.1846837068649,-3070.1230729257336,-4682.90345795109,-1931.1399708850163,-973.8298254773762,-1567.185648827417,-2088.173952770681,29.709856762776663,-4572.80206550454,-1747.6813903230382,-259.06990948179987,-4036.2155283467205,-1981.450186104909,-188.0786926087269,-1174.8868007862056,-4598.743507298557,-2952.8940134901236,-293.3747425083607,-553.775103759614,-1990.4629004126236,-1515.3267357914208,-426.27109231612366,-2954.0115223685752,-1523.1248038369386,-273.63836622240797,-2466.9429315641128,-490.584783498845,-4184.675046142792,-4384.580253937726,-1300.4073712501036,-2577.596914651213,-446.36340638492015,-1565.3969534549558,-4353.336643473494,-1709.2229158135146,-2745.2356037655395,-1446.5502211203193,-1171.0751011753139,-3391.4924583563547,-1972.5432385649722,-2061.570576391408,-2702.343294171761,-4217.188891551819,-4503.500180105922,-182.1315369962067,-1948.6696976570468,-2559.6768733942436,-231.17124215835628,-4868.324312921471,-4563.768380557742,-304.0160082889225,-1554.2206440363684,-1206.1006154363831,-2756.4109873331995,-2226.465401139507,-3102.3834745736926,-3701.7021373208977,-802.7215908442976,-4642.3909342566185,-3163.7667670138667,-4577.185810307716,-1487.03382621105,-3795.012784234041
-4640.699360194867,-1357.1324354222397,-2941.3415668554685,-2658.261126666923,-1902.6936648861142,-6037.318341437676,-3588.0547360485693,-3258.5063620546844,-2406.107667181154,-2913.5101924178443,-686.4980242344867,-1059.1225322757848,-4203.826158039521,-2920.2903149407134,-603.3222841193343,-1399.3514519824644,-871.3126732565923,-740.8876405295659,-4118.455211782129,-411.8768629194295,-2011.0695156260424,-2495.8862592011574,-5504.3148981175345,-2208.5251227122376,-3286.38611094634,-2592.925416941726,-1950.3896996746919,-2395.210714733256,-3025.4632507905185,-2212.3032442370973,-2895.4697003094984,-994.647020863414,-2939.6081516742097,-1154.1695997224192,-2163.715382344796,-2627.3734298307168,-6469.642077652101,-2264.0925828514955,-4837.353146691254,-2827.459848982918,-2029.3450371758738,-902.7377375744023,-1473.9130461630325,-3233.813023459273,-500.177102840645,-3631.6063579608904,-2608.7762826451203,-597.7973514288328,-3449.9338916342913,-2393.6282908486187,-860.2029658031071,-145.60006883772635,-4147.991984957032,-2444.622477901151,-1519.3441722149196,-765.1765345019427,-931.6296738218807,-3029.5972468497885,-538.6746217580364,-2122.409198226058,-938.6368000564372,-469.2610079528849,-2161.0066355459376,-1088.0309639926118,-4203.544328764363,-3715.756164955492,-2165.584595788217,-2481.1245965154176,-471.17189345816695,-575.7657308371835,-4868.76598321744,-1737.7103895212333,-1690.5782616596946,-1341.6524826993402,-324.34591243772763,-3639.179053478071,-1460.6763987034558,-4269.4210143244,-2032.377494467737,-3377.162968133395,-6596.6705973153,-1778.4271625850308,-2339.3326673652673,-2725.1532245457406,-784.3154231502668,-4281.161190225786,-4224.318339288201,-233.65352572000128,-2140.5980746693067,-1719.4051245155167,-3087.3563147236696,-1836.3244613015736,-3193.538536454858,-2928.3700387325302,-383.80902527109964,-4212.906647239725,-2375.769288519112,-4643.069457776172,-2873.898732676486,-3083.1486405921123
-6360.370263487462,-2636.215165469051,-4835.037192985294,-4308.4571406474415,-2855.171732967306,-6602.438509227148,-3408.716954442046,-4613.061854378234,-2525.1977190625976,-3679.1930532882607,-552.13835033356,-2557.0616894143077,-4215.019144502435,-3835.964683537376,-1232.8593508387562,-2782.4955109799557,-1502.0874738372743,-1797.5959419886015,-4690.465263058492,-587.5793285726031,-1396.7871322022095,-4139.433105060469,-4991.371489673767,-4377.537956099134,-5525.892090054428,-2751.5197620162944,-2550.013220526061,-4277.891999594839,-4776.277683407332,-2733.602043073508,-4547.138226775305,-2140.588282176024,-2912.8799196132163,-2171.831352316567,-4137.435025760902,-4690.116081060536,-6807.577334122729,-2232.726974128807,-5351.008110753834,-4572.4928734287505,-3183.2319228543206,-1964.1927398624937,-2593.2311466950605,-4564.211458921681,-308.3236716228306,-6012.005609597629,-3926.6451279805624,-317.5244142306023,-6094.0684963873055,-3737.8785716833413,-939.6188118770406,-1795.7465616607817,-6010.234313698959,-3811.516603814789,-2028.0413056315538,-442.7577606022308,-2962.468140009907,-2655.3487856306388,-890.3204314271218,-4644.056905556491,-2140.1169205269784,-855.896044353075,-4087.377364427797,-2049.579538482632,-6160.141957496561,-5312.787273360403,-2618.202301895521,-3105.468292859149,-670.3297153493598,-2235.3354683085104,-6166.9026248780865,-2656.712371297924,-4037.064088112715,-3879.3202472221656,-1986.3680397434273,-5667.529552743914,-2061.537088617847,-3468.619443373506,-3396.1982622584746,-6435.553254830663,-6943.384941642769,-1799.8950788271409,-4217.836639529701,-4984.5623832551955,-1258.6650717380633,-6817.634047649484,-6068.727669331103,-381.89178428591504,-2628.596233381519,-2689.5363227187386,-4469.985066295802,-3831.6820194130164,-4283.746631804739,-5419.729741385461,-492.9825408967336,-5655.832565047834,-3465.957743550278,-6480.996268075058,-3528.9381531101717,-4777.648534694067
-6917.068980241243,-2079.4375178286887,-2771.5346965322224,-4057.9129664850475,-2128.380745614881,-5903.861925212213,-2913.1359732666383,-4344.669090964036,-2184.312747773558,-2867.1423025576655,-207.12458184096636,-2653.1864321800917,-3900.729106517442,-2942.659054647379,-1259.577301189505,-2330.2258838687812,-739.6709461827165,-855.151106045747,-3128.2108828387995,-1155.2003790601066,-3379.713794349519,-3259.8465252851906,-4745.6780384103195,-3609.100441871918,-3161.307926928202,-1853.2123827786718,-1580.4591133355805,-4062.640279130454,-3266.779481866978,-1939.6755030594043,-3014.871678234908,-1790.1790980716828,-2569.664754845254,-2605.1310750445755,-2665.8132606872164,-2682.073986170877,-5765.923656142324,-1304.1942884880532,-3175.6653389325897,-6101.753594733394,-3137.59267126976,-1549.1623733957251,-4755.7713294953455,-2444.8585528551907,-196.27263118516203,-5969.264716173737,-3002.8133480147008,-608.5614232329107,-4321.538210495034,-3783.3237717636234,-661.8768881316329,-1044.9819954375646,-3735.0965352804296,-2495.1936177965586,-1216.9527689087108,-1210.7468898358711,-4420.567253512558,-2328.7936011925985,-1213.288273889011,-3640.367474486802,-2366.4612260957183,-977.4405963682946,-3078.859423302436,-1629.6642525106015,-3899.986950428567,-4819.806828898453,-1518.123713394922,-1729.6183510944825,-1545.8009563851688,-1369.905558424868,-5488.3493798793115,-2599.157330001113,-2866.7405825999826,-3230.61871501224,-1155.44665804047,-4200.656686824287,-1892.9972711901867,-3194.9749601926046,-3515.107310133906,-4393.589910546062,-4070.664915785093,-1563.1590311821992,-2893.6464806171584,-3123.09465765293,-1095.366814029057,-5882.641528824831,-7056.341757657248,-482.11092718893946,-2448.6870331375776,-3237.4344774818114,-3491.5687728575454,-2422.555410403504,-4102.368255818709,-3926.120367926397,-677.5764510866913,-5553.756759372738,-3174.878483459751,-5372.425055835129,-2966.662737015519,-3736.16582980179
-6951.19424877027,-2707.7040487518248,-3594.129040406399,-4001.751784340407,-2245.3092228797973,-5769.230360489281,-2645.047335768659,-4320.083224653293,-1607.5134165766706,-2699.810895530938,-433.23952448436665,-2106.8520262735383,-3885.7661600172923,-3004.11683168661,-1349.3278169124055,-2041.0552398400544,-870.5243358880517,-827.3937077960471,-3328.0609450332213,-213.36135255116514,-2317.124268093695,-3480.113600215725,-5052.455306476135,-3183.887623879882,-4376.36049906279,-1616.9163386077653,-1844.7700066512953,-3040.2538697784257,-5315.881861990985,-2406.1797163271453,-4966.413703141039,-1522.946519416077,-2853.4073721925974,-1957.7899068616543,-2823.4148294007077,-3540.8387810532104,-5166.695457456367,-1820.871760007993,-3492.7399642178852,-4962.136684207222,-2814.139616041268,-909.5655422969262,-1912.4512392208549,-2636.1968729417863,-532.0799329791419,-5662.6415117449615,-3045.811413691543,-427.81184929159195,-4641.812975746486,-3021.887464508141,-805.1214517920633,-1217.0955826900342,-5499.164919304393,-4244.746032945393,-1148.2410213222875,-226.93084627394572,-2062.59628042172,-2687.8904172684656,-450.8356594368132,-2511.429226144933,-2235.856063608181,-709.8312636353919,-2624.0760186902507,-2401.1881775929915,-4646.842743510277,-4536.189547081289,-2015.450468993833,-2738.4761916582393,-473.38672620300764,-1594.9202211157913,-5905.334675405397,-2197.787562568699,-2826.1240461379516,-2981.138766556172,-1000.3017439149904,-5449.601636852543,-2142.003705187842,-2736.9764424016157,-4100.381929009894,-4713.276010378111,-4686.323956793228,-1787.0649622482042,-2117.4437010543957,-4944.600428630502,-1304.9279446273647,-5174.602637248786,-5196.601109511516,-177.2946645532077,-2159.868288588501,-1920.0195481735836,-3055.6292746762147,-2640.606394824479,-4179.842950014303,-4211.38774771307,-504.86142608926264,-7066.333594187133,-3065.0490744660306,-5454.898641797702,-2957.5039137101385,-4306.797765154371
-8041.905022003472,-2590.8697861297337,-3911.293474404366,-4459.491616622541,-2547.8017712005367,-5494.955439380098,-3114.75110063678,-5403.5122285667485,-1883.346994814558,-2964.000129592887,-626.6194877397377,-1781.9687220826982,-3858.131807941874,-4358.580676114414,-1502.5642433479725,-2532.646547744775,-1589.6765529446673,-1771.751472600775,-4120.488186178481,-664.1491025206597,-2520.430953796637,-3723.116220603255,-5034.200533550462,-3410.819842427438,-4438.880355071986,-1824.2388755946665,-1759.460102501038,-3477.7116768698284,-6390.177235809638,-2999.038684817381,-5965.69684391525,-2175.496338119959,-3364.8408444404863,-2572.878429729624,-3868.550170056455,-3376.2477602772715,-9206.872034213924,-1961.3624366589281,-4190.13054545521,-4919.691400529071,-3731.680610095263,-1622.556509407283,-2436.7657811619138,-3740.9874446994227,-478.5122448746391,-7246.160761124126,-3951.928985468974,-487.42173428253705,-5934.828942263733,-3276.745531181365,-501.0968062815639,-1923.928166144892,-8081.831312184518,-5552.034375642859,-1499.8936314299833,-1317.6956589749902,-3144.568395423791,-3617.8727463352816,-1095.4261498339195,-4827.572233179176,-1940.2471836057177,-594.0039365752395,-3887.36225075731,-2067.7033972568715,-6253.211245095616,-5495.247044021282,-2342.618021172926,-2820.761643776173,-845.9131695909095,-2399.049520321086,-6587.630089048624,-2002.923682970115,-4083.416065590187,-4143.444414410272,-1158.5418497166388,-5582.688842717397,-2011.769012289122,-3141.564018519288,-5624.881879037676,-6950.120489651079,-7120.647229536417,-1743.3128111075805,-2962.637466802134,-6772.93166558322,-1288.3268270835563,-6577.3150390915725,-6055.503476664843,-303.8388034149474,-2449.101117975631,-2373.679215840182,-3943.2692889609466,-3921.7948040501165,-4157.825352028652,-5751.640195985541,-281.9489556708981,-6647.888800294413,-3763.2949111038456,-7372.491962907987,-2927.8407868472314,-4558.439801183047
-3968.558191856122,-1078.886537046615,-2954.8045903428333,-2413.5900806966174,-1977.9905014729484,-3386.707944999507,92.50921678537168,-2398.001103590528,-1681.0746447050035,-1143.8738766757356,-463.3826487730545,-981.195834350475,-1611.376509305202,-2121.818347531094,-635.297386521248,-1269.2593291695894,-1572.9459302910695,-553.6890197345657,-2543.014822453689,6.292700886112422,80.76279014015473,-2565.7440418883984,-3472.194894398425,-1274.7633462895544,-3272.731288008204,-1322.8943225993787,-2175.635447330281,-1701.5966936601903,-2747.956356863307,-1328.387787135349,-2741.7465733967756,-1208.028827563582,-1706.1979019190567,-1196.624835173073,-1322.7688390907804,-2196.3275994063374,-4858.6037956594955,-2381.039700796287,-3840.9879621562045,-2946.818393439661,-1814.8745423331798,-719.8446647596174,-1367.0426821193714,-2772.6403245343636,-489.5546585265138,-3489.143817931605,-1627.880742762504,246.23110546022457,-3409.9702370070436,-1725.6234850976487,-371.42576668435635,-514.7024392056522,-3462.7456449477595,-1900.8660786723594,-1985.968230714939,250.99057624134738,-1369.9468423144688,-1827.9842874176954,-144.2346221678088,-1730.9265057814025,-1388.4696337120015,-181.40979748993342,-2256.688935205211,-1621.4982203023624,-3761.244305154535,-3116.675374651397,-1119.8631063280236,-2123.537549279418,120.42118497552698,-1110.4557206492502,-2807.6711569122504,-955.3714445662356,-1548.589789112175,-2067.2447452894958,-654.3985053385683,-2496.264386784282,-1061.5947172771703,-2320.2514647476914,-1716.814045359422,-2848.200147871761,-2888.548458634192,-1153.453611319115,-2113.5380533698685,-2523.412618128603,-599.4286041327318,-3388.469436088943,-1363.9142066557174,-332.5483616935577,-1956.9463841882732,-420.7738227333352,-3045.1932325148505,-1322.7507247351878,-2948.0566320385533,-3114.725646033629,-421.44182823062795,-3601.434080456931,-561.5338634733356,-2903.5596605069304,-2055.248951535941,-3242.945261653311
-5126.248296787783,-808.1413038798843,-3096.9356674362157,-3368.240068097608,-1087.4489851679489,-2764.91389214322,-2076.9800516501978,-2638.765317975465,-1455.6070609652054,-1798.4080707773849,-1213.8556371189168,-615.0900686417,-3840.4138136575916,-2587.3790173030616,-1548.3807753265226,42.70433080589951,-820.0385846271408,-976.0118583051128,-1489.0645047775606,-267.87481384271666,-1941.3014649331533,-2315.286177980834,-2949.0726132142904,-2450.240856894087,-3335.0779615450333,-1526.4282648211877,-456.6430635652878,-2450.7729766980733,-3499.4146330901003,-1826.5411615433488,-3439.71409405352,-1508.9290343970765,-1721.8446220695764,-1935.4993333481993,-2053.593601870707,-3115.9364937711657,-2407.0583416497293,-1121.0595699821206,-2330.3288179155625,-1868.624961834315,-2097.890644488883,-618.444901378466,-1341.286063556243,-3386.8183628019515,-905.7213940647132,-2422.0021770312637,-2062.4321328127417,-358.80142843114453,-4117.923226404021,-2225.836475789102,-442.10775467565395,-1039.5204571982918,-5012.766401811615,-2345.807786270965,-614.7887824509588,-260.2191806226016,-2320.4509959432976,-1940.0291810272865,-546.2205851632476,-2712.634338302003,229.5235473761669,-740.98324103404,-2944.62406018299,-1185.097153455515,-3499.275634886868,-2974.0027516149985,-1167.010659814666,-276.6301202168506,174.54795762420838,-938.7742446416704,-3045.1259678905717,-2295.5972461458723,-2475.0258913520624,-653.500212730758,-596.7935413287626,-3403.9136994894434,-1825.0264884327516,-2149.2905377177667,-2593.6147019734312,-2766.0260944078364,-2973.4965137702598,-447.3210803883458,-238.87502403185897,-3684.719220958786,-738.4764332967567,-3875.572979635208,-5818.283122127127,-157.041586149876,-1524.5919566542543,-1057.1740050717601,-2530.925523041859,-2517.80244547901,-2079.2075323058816,-3664.3608206266576,-313.75751638113127,-3587.8569179773885,-3137.7729809245234,-3090.5076074067892,-2460.212246006242,-3621.8758975168125
-4738.478275409034,-1382.5394686437178,-2284.850031937189,-3541.2217138402902,-2202.7965123299437,-3303.432028154733,-1402.5227059605606,-3298.2103470413344,-1445.4255440192244,-2349.508017069637,-1116.8668868495865,-2882.805742859424,-1598.1020278742335,-2852.5900178599027,-296.4759168572073,-2473.5784490655087,-1402.3612532554084,-1731.9157200629004,-1876.962841057202,-1083.7667713514718,-1650.6688749150876,-2498.9827164115336,-3709.9952230154345,-2022.0423099085995,-3731.7318810939037,-1009.621530558614,-1537.6439028514908,-2414.434639976112,-3651.3781753946723,-2173.591405138401,-3647.463293976207,-1224.8281570255938,-1832.369585213598,-2393.0234007739496,-3784.413629382172,-2078.015783618434,-6491.654837494105,-1990.97738460262,-2589.3907406669196,-3085.1605455749427,-2323.1344619190595,-1423.5066449742972,-2186.499863443993,-3941.910699433249,-910.9935026789694,-3447.8020564432413,-3775.412404861655,-498.1210853936992,-5196.495659400733,-2556.3960302248333,-729.0110097091475,-1165.682936763366,-5222.480890556354,-2917.90000362261,-1601.842349963585,94.73850997942067,-2073.042604813002,-1639.2099590271282,-335.2335240435577,-2238.461446039911,-2368.954284905273,-407.368614734109,-1980.4381305167863,-1947.3586946368905,-4027.8876106068633,-4128.490708007141,-1538.6587994736149,-2098.3758537244685,-748.979312797097,-1559.4802595057565,-3882.7558860466065,-1707.805030401531,-2310.394397669751,-2767.116594321632,-933.5416623960107,-4688.093769092509,-1616.718877565802,-2495.9060771169334,-3579.9748061719442,-4001.0975593038193,-3358.1505627823035,-2263.351238434513,-1770.8107260029806,-3456.246765609689,-1247.0124224438591,-4620.482612431246,-2541.7290245996924,-529.2245226136818,-1590.0884109925028,-1116.5245891080972,-2279.4515083279357,-1774.511006420074,-3422.846738579474,-4215.871246471055,-362.9321519842598,-4270.162421985265,-2854.416107390976,-3104.3280522760806,-1833.5510167623436,-4104.367647485984
-3525.1979498538167,-497.5444817364863,-1488.9228866904296,-1667.841698123775,-836.7215885710849,-1152.9789150369265,-620.712083090132,-937.9483883428513,-977.1488662918063,-885.6704149295952,-372.71608207089497,-872.2125983140236,-1613.8423843839096,-2727.262926236537,-100.99350632892278,-209.21186539475147,91.67873070452106,-275.8662993702064,-898.9468867276523,279.899612404207,134.64856544254326,-1040.5540685200597,-112.79738046757376,-960.5304924664089,-2688.2798307348253,-1207.3304801675492,27.898708256956013,-1373.8684894513165,-2207.571826458495,-780.547628592598,504.635674685375,-663.628705577979,-206.27100501535813,-937.85323277254,-1139.815415722842,-1493.1184527073383,-1459.7382963511366,-805.0014311261771,-1203.0006261005199,-740.9784788992289,-280.3775482789588,-199.88897884726575,-840.3527323210948,-1371.7418314829654,-237.09603864418705,98.21311459645966,-1366.8673097416388,186.23251273827677,-2557.306386168713,-482.9580848833667,-442.96081784292244,577.2568087766417,-2131.0179596130165,-693.4883458498256,-502.0810955699467,411.51257973618743,-294.0767255260686,278.28055135949535,-44.31979847555288,-1907.576380364731,612.353045067439,-287.8475684776919,-961.7757673608238,475.80625304401707,-1667.1260344498787,-2682.058782820463,-665.9799868160799,-222.56131079603506,419.52473841051693,406.5719884456343,-1134.468151721674,-663.8107737314488,-1069.8937592262844,264.52634082224813,-324.4262921021205,-2025.7627797030043,-1161.4259022867102,-1258.0372607526585,-724.9915127165099,-2029.56805207441,-1542.1132664554425,-154.14165410068586,-139.24063763747094,-1159.8305907064178,-313.3134970106857,-2326.9640800955267,-1392.197396948901,-292.33623095469926,-544.4049693183563,-449.6490418138589,-1839.27945900301,-1221.8987428633184,-1646.5257789773466,-1489.1827407663588,-263.5370677670868,-1822.9987047938355,-1710.8423040494874,-2767.3833624915596,-700.1376007928794,-1314.3647127783672
-3847.237720554756,-1674.8372251698133,-2486.5049836740077,-2240.2852082532404,-1335.3188791015368,-3173.646659938269,-292.39306569378175,-2769.164740898716,-522.2485980752583,-1851.4565955836451,409.97081572966886,-1176.0288781702782,235.04324371719545,-1891.1474722537937,620.4235495723219,-1894.8510105368628,-330.8453635699762,-712.3767408348743,-1258.3143160714076,734.2204016190195,264.55650698262275,-2043.703760715724,-2075.137162656398,-1267.994380266868,-2292.0471089571415,-161.16896526634568,-700.0974760477167,-2223.78796185156,-3039.5405607629655,-914.0163356092936,-1590.7267987139896,-776.8475974920409,-810.645926305774,-987.117079966864,-3160.372540646994,-591.1012690870609,-4497.962049344849,-95.65099983040216,-2640.3694318355037,-2393.751726559607,-1913.0353905559248,-556.1424361964973,-1478.0456158860568,-1586.2688350921214,593.2224771229268,-3945.6664163391183,-2599.882626661086,559.1730111537802,-2927.841842856584,-1189.0464079094863,787.9357172068012,-448.0177591579864,-2613.3930668929884,-2147.3247724214943,-1029.7224930856441,815.2450213031859,-2442.433825787088,-61.12229613461268,558.1162535758108,-2318.859136730004,-1110.3309796460933,135.15093253676952,-1464.976537673034,-704.8459573439491,-3049.8747201788833,-2291.331746258297,-593.0667620787635,-1444.9641407126537,462.94797185549913,-692.5923796339881,-1213.0928165638338,-702.467426050794,-2131.0817089535576,-2968.3619884579693,-929.301946471279,-2399.5602606201414,-603.2948508048609,-1146.649908167956,-2511.8854433143306,-3700.197339275787,-1684.7942672191596,-302.9416019187021,-2146.0420423163296,-2086.608828313931,-5.078968262176573,-4200.271044287286,-782.1746874732294,92.46038127860028,-46.688391180112724,-703.9684040086737,-1362.1832920762658,-1152.5003785969902,-2428.3197632501256,-2982.1244769601235,139.9677589579259,-3479.5577681169284,-145.87464076871876,-4068.629835516043,-252.04540166948468,-3037.386728509119
1502.630372252133,-45.51816893994386,1053.4401968255067,770.0716317014321,505.8506906500575,1675.4602191340284,-665.1043456783467,568.5184978845393,357.9699085647004,284.7866305441612,-276.022415132561,-235.9679227606975,187.3916217162857,483.74377311168064,139.0320366891875,84.01343439966709,-427.47756232208894,-537.6198700036304,39.709359218409155,-988.5190813241733,-826.4823120656143,653.3140984984848,267.4941060857909,652.4537097973903,612.2958131450405,601.6897384570796,-34.455395180481716,405.599144957429,807.8511228375339,522.0463631491828,-700.9591882118284,-57.026640751551255,608.8960994021119,-16.809308904122084,330.3777456726558,741.4176922311876,1210.5076819045157,-556.5862670146228,867.8505379774416,1124.2193599553882,380.9502000639675,-223.46326160575424,3.102770822174934,287.9837908795955,-114.95493421143806,1838.1219117419344,-310.4479786855851,-671.2567869671002,1157.9175308573572,13.884267404826648,-246.7030613124349,-293.4521917940263,286.63575349099244,770.9052187508842,-584.2586102082594,-548.5542956809737,685.7973452717555,176.03139920462067,144.035742681246,1053.6453555964117,-48.04673689910362,1.2112708269966324,1033.5885835344286,103.20249580023128,1450.2944963006287,969.7133913004482,257.73749769220836,-355.59506363684955,-705.3693154818599,-495.831012072874,1321.6482958579038,758.661623310524,665.1103800076402,516.8784848001154,309.98161488285797,-314.1662705966142,81.0482574664224,426.3571381397659,599.1503460137696,771.4188960360054,741.6032892250048,-274.5418247173411,-9.754963103117422,541.1663132121923,-247.29465616875217,973.3605693077275,765.4970140370015,-66.8763394626037,795.9506027026174,257.3801057684245,505.66398742548495,-243.14761037571563,838.6756082592987,1034.250795735702,62.34502469908706,760.6855754925315,56.62148742045608,1126.816487748253,-357.4148749474233,1545.7365549495546
1393.2411342629164,349.77250393784277,917.4392121064751,1578.364191851294,726.2973936025426,313.57793128349203,1527.033307357388,1139.947518839847,682.2200127641453,-238.1152204259318,1110.9348359449718,507.4663010470687,146.53460651361348,1572.1475631927165,-263.4026722795148,1387.432279006538,1020.2004986594125,405.0761667087683,234.68716413868705,1072.5025525936533,1220.8910126057856,1336.0932355618706,1105.007218549778,-17.203046618233856,2592.3723000003156,881.8810787053566,1212.3302710454466,453.4993780719003,2495.348545372249,1088.1442444299737,2077.876667100121,56.991873801294645,123.52647639057254,599.6254900610963,683.9631143338255,1513.5835081813625,1169.6128956660689,740.3551534459502,1739.7404172745714,1141.456819112437,1664.9422041169792,461.6095589619103,89.99339230745069,1184.7690287602081,615.5651952213237,1238.729392647431,1232.6351043985057,190.53469925260637,1585.343162468807,577.8998162134326,353.00816413938026,257.6473840387424,1073.400225012271,288.4301351427624,579.4792974875912,803.3379789437013,395.91387514832206,902.343551352647,334.39861552102707,1141.5124282460704,573.2602894919321,535.5522744560208,1025.3690037976319,909.1056318740377,1693.021014741513,402.5509546473098,1567.9508800252804,1193.3165836273859,349.04100402091694,765.7329297141973,1724.0492854065053,517.6010289323565,1980.5409481087604,1432.6651840386696,35.41974192449667,1001.1125771888182,589.1295608114061,859.7082948007109,1907.1432056846945,3276.890138218319,1586.1957176145743,1105.9778788347485,1382.4927659857246,782.2985579089168,846.6360927396346,2794.86624814754,1583.8434953839374,192.16202416376456,887.575502625373,1101.1530775926394,1062.9236884710988,533.3900935505897,332.8987728095587,1403.136200723816,853.6091412480787,400.2081020263387,855.6690935106486,2601.2048479926934,118.5834961272256,282.27620156462945
8069.001107186483,914.0388879571433,1143.6137616806645,3195.316610251222,1550.4131428484916,2223.9529550993834,1772.844540864558,2061.423261662942,918.8866406031025,1745.2196342854452,394.34333283642195,518.9646697440927,1113.8803367009114,3577.1709165149223,77.8767445867472,611.0467990279884,451.56039834129166,405.4886558960286,1300.8336564051565,109.0437771288657,1275.545001449981,1343.3126837152677,1703.0910421341284,1522.7869048727696,3563.0500184177567,1266.16758901453,255.85842869594435,1644.8830863375254,3531.062558022608,1012.0025499086382,436.94245247168925,748.8476905666078,856.8429204021876,1505.3660426473937,1764.1494350343385,1353.537691419227,1852.5673190603677,1310.106746402414,2805.656623644227,1619.9783329897566,1659.5610052899285,960.1794763076879,2388.3347115091638,1447.9923114714572,177.3448683526958,626.4779487925927,2596.6932934693396,207.76397601732867,3123.209978588382,1473.4033111372412,381.96589868228125,198.49395501703518,2292.3337540231287,1994.8891700222337,637.2782360601111,-407.9520235161119,795.1361002609764,170.40752404699313,298.5611796278973,1705.6547711590554,1311.890541625564,554.1761083145581,2021.1820120928564,-578.8678895146915,5401.498476915985,3029.4040964173128,1388.241539733683,1201.4057096380177,-57.02184245887886,325.1793547110115,2982.404636941433,944.5303904702574,2550.9677639655115,757.6940678115352,505.74937795303845,2991.282877454828,1484.693491239725,1567.633757372894,1820.1105507609561,4138.63699154391,3087.6165352187286,723.4783233598265,170.78249100868368,1164.6992432261773,693.1280882898358,3877.2441971152793,2161.2374189433594,190.4336598987196,708.9787462795373,512.3556565376374,1811.1499643450968,1142.0947199703098,2655.5821342015156,2615.3188880117,211.76724588235038,2202.0304236957927,1969.6989602839265,5340.996939489714,685.7522245305618,2350.2816982564204
2764.931052401779,457.3810509386537,2113.0994511136005,1797.2222919365038,1152.6433472915037,2372.2824969592803,260.5056920593903,1550.4235200597889,686.9244901135535,1717.1813204899422,371.32042303045984,1996.5102918189107,968.4950052063607,1613.9339798917028,337.6795144793315,1132.4992848339898,45.536815878890536,452.3250669089939,1061.3046109670977,33.34838908819624,388.6437612087048,1525.4910844565052,2116.894998904597,1022.2035981703262,1762.6557559046782,609.062483528926,714.9324354871392,1306.462969934744,2368.797494029274,1271.5464770902304,1272.696354986644,755.1610119226215,857.4254047361712,839.431651506008,1687.626371936061,1746.007834801562,3999.4418034172327,689.3773728520938,1373.405246408008,1981.4396220261528,1273.7235219512804,-256.66500479611017,334.0682875399763,2215.739816634813,188.4746651133173,2400.569989588565,1398.3214823046662,-84.50531084755762,3201.761031994292,924.988402404669,112.9808225942106,304.95193588104024,3214.6070028101162,1371.3098456282357,709.8343200931356,-186.37127369491856,1079.3370251849792,1253.970720113975,-97.87456656625743,2638.3559356827755,159.49398765063174,82.15520737441503,967.9730695742254,837.99961674383,1787.9701951454338,2232.500185794825,602.331989702279,1175.6371581317478,-309.2958808990436,266.19209803173544,2012.793525071953,1098.1432875356234,766.6540246304214,1025.5629305414027,250.59461814898492,2017.2599411782735,835.0874531255115,1572.4309966790422,1192.3102562734289,2253.739373508653,2969.609696402585,1021.3276874814858,912.2932364422736,1839.2451359989739,322.86534647293223,2963.4178986526563,2263.2330523644514,370.30438003809206,918.1792015222983,988.7712796185493,1642.417008061207,1025.842127222637,1557.760746745517,1958.231004069441,558.552847000034,3346.8105134851385,1269.777041093163,2924.85617665265,1130.8913656604286,2208.274263568846
6345.748331476238,1606.3967139640588,3378.8597055456435,4159.578902736741,3344.9842531607524,4330.1332599822845,2630.6525269121407,5339.434871031671,2009.861569717385,3351.3630052343074,1006.8434405765892,2778.877098659182,3239.280420229855,3087.319896664358,1117.840552892028,2008.775897409046,1301.7807199323966,2021.2343301520402,3823.6295999608506,1579.3762042809487,2634.9492699316993,3637.7771031760067,4517.478667989772,3008.8325772970366,4327.525196580921,1209.3477110993974,1000.9792283510103,3933.175137645041,3431.2573805872044,2484.7554404326534,5729.112337531398,1874.728091336447,2077.156752610279,2682.954094993969,4265.297017298576,3127.5276557634907,5699.607952661694,2485.9426440542993,3781.2306834234478,3539.725307826446,3344.0696504133816,2195.2211352391523,3237.8318382018942,4328.651176703318,1020.933202101096,4406.578344738656,3783.1853503014654,1141.420728123966,5587.780506490879,3877.3160137577624,887.6228345817437,1660.7022553131064,5969.963088003477,4597.746321702122,1890.9674131687552,419.9119078867482,2983.638400555265,2670.2231613189433,713.3688142137213,3654.3627727512044,2501.8045125148037,548.8383044281917,2918.280725952499,2450.465817095556,5107.885925643783,5074.152469835192,2512.512196736082,2212.4186955334358,1916.753028029977,2431.0778284059434,4673.876673522674,1629.9693479789055,3921.8081471923456,2281.106504106066,1095.3131068666307,6509.14606029654,2623.365205537659,3161.1120540102575,3569.759704874706,5545.063942547839,4695.56771571904,1755.6211675783363,2510.7513799465614,5162.392687807826,1463.4891279896192,5656.364616877269,4572.348897888693,460.1287065729107,2344.84542246192,2138.8751359118182,3283.5841642335417,4006.009494360391,4837.158712960849,5067.1791092880685,141.31200135486176,6303.070943988872,3999.2673784943713,5891.92126871122,3234.566077898144,4193.188522500775
3695.983965599781,1708.7106434085345,3086.596680710773,2329.959071689605,987.6658777060316,3884.290579466159,2293.3318155504203,3262.1197743666235,1102.974698693613,2393.080434600652,816.1633188463736,1162.8207422992707,5284.350744594766,2147.4916286746225,848.8393570571326,1089.9992502764,1019.7658248323023,1034.6346120123071,2748.5381152338828,1008.5959163135848,1319.5529087130878,2079.5780035348344,4222.539307636861,2267.2118312704306,4209.139254431344,2200.8014125303343,1524.852701425551,2876.0164811877776,3167.5194371178372,1781.9678549708233,3885.9444874005735,1407.1904458865333,1945.1798833875428,1301.6836932685308,2258.1638941549936,2497.406655194811,4268.257962253703,3202.844735820829,3255.3255437928383,3353.7528893644635,1707.4778834839215,995.5637933833475,1405.8853995526617,3295.538776193095,337.89139331037694,3811.6649859630024,2645.8042324486114,768.0822192437323,3077.615134436784,1753.3047011121344,686.2793096706131,1264.1007620666196,3718.9678793933685,1815.1715660057603,1644.5321264907625,786.0819010784835,1348.6815385935502,2414.839815913023,459.5909014838365,1926.9585730043214,430.37677481660467,606.9331447224407,1339.420348688847,1645.2700576472541,3799.859729272779,2627.6296140157683,1556.1679618099529,2081.009133117514,653.8920950726715,1226.2423341225854,3411.1681869251524,1379.2693152050801,1450.0824459797968,1985.1673696089003,353.3566725408995,3975.233916046838,1133.320006736462,2917.482912544248,1788.9201207262672,3204.254017069736,4387.252629789221,645.2540532069968,2328.940093962679,3759.4537007008353,540.1773609777734,2906.1313988920224,3075.905555895656,245.50251459085777,1373.7323888648677,1329.9842045719101,3052.3580750778638,2203.082368859614,2847.832083540417,2252.776860368756,378.53282159190246,3162.1530785303303,1910.106709537781,3252.2509806615903,3261.4296838932673,2551.140387261944
1456.9036905666287,84.12527597038994,1941.259612567095,1248.4959835133634,3108.1277526633216,1564.0353515356812,424.9923773777742,2317.3118330975312,1100.32338874155,1890.7308885134198,-58.24218735142251,1201.3166619491235,1843.7674807595815,457.93706368904986,1070.3911748567398,1491.4327506188986,420.87189982250834,401.5817979136418,2874.567664504227,825.8323066868787,1597.5556062898102,1885.587992742185,2080.253260844889,2023.0930703004983,-240.54243030009926,714.9444855570559,73.64177667952593,1741.619044418602,563.5704532524512,784.2000052386313,2679.981036946052,1502.5284331252435,1627.6153228108312,438.14129414400975,1763.305493586659,2387.8233638854012,4080.362257252318,1385.669802286369,1596.2073995405267,2595.9438412410045,1001.88234277854,645.7966149079774,612.3520838292222,1988.6840647294434,168.32301029366533,2475.260614612956,1626.207545911281,661.9284461076899,2960.5278193808385,2129.8423710965594,832.0083094925344,697.2252088661838,2899.7020398668037,2022.6654901579145,504.5975139030526,122.2588598951277,598.1821640448967,2026.595957180629,-95.21338216910178,1705.9404748144768,2214.5652002284405,401.9851502198941,1751.7090452395373,423.76409567382643,2032.2043151731707,2586.114406949108,1507.6771064203704,1440.5309560061987,857.6101374172797,942.3660143504388,4251.23108649157,833.315430909359,930.1700800687303,749.6197325980334,394.5900151260421,2835.344925181032,1084.0473057133704,1131.3629246968972,911.4374723249053,2544.8624517502085,2594.266778839636,1157.8610971204207,964.3337036074952,1904.2541926493695,175.1982908379763,2531.307259364628,5130.366161113513,413.81958225714004,1284.353956195232,1009.2191761591042,1852.0254250472058,1294.7126367855471,2595.734192355836,1205.945722274528,415.53799102241453,4366.694067641987,1462.7856386914525,3510.6726691889635,2313.6422923467426,2509.0850369111913
5120.926357660716,1316.2752954902887,2068.6467205830454,1824.2440304842196,1444.3729075565082,3413.8385863044423,1287.6912684163103,1997.2432830436398,989.5966132973548,1326.6979041860627,-4.586004643038613,563.658776983847,2085.055804194139,2471.4165621085804,409.4663914671819,1352.9105722883148,861.0957189091724,387.876918484474,2934.7138651629434,-109.30551324675737,812.3454938502415,2222.550532062339,3244.246867529154,1388.9097111633794,2578.3797412563713,1460.2801077833176,1727.851012114892,1475.6894591595658,3346.940454954234,1962.5697426435281,1738.9051035298767,420.2788868589675,1365.7077953368932,440.2712221671012,1582.7186798531275,1587.0904665882165,4114.421947525882,1662.6777500979267,4217.156283887422,2690.9360408133316,1704.7396595443379,616.9192349542895,1197.0996619360922,1182.7025337033983,40.724421416142285,3342.712938272768,1077.5981810625642,23.408586850181486,4038.320352771292,1647.3961699371569,576.0707392934447,482.5914159830984,2687.057399209182,1722.5614899774841,2179.1570446704745,219.5922414573821,895.2397952586621,1300.6942352389985,406.32069794446596,2722.2351289992275,1168.3135354287713,343.7565990734337,2182.430357817323,1256.6519381608987,4805.9010708565265,3412.995694903593,917.6929102989756,2678.6867530239056,-24.20239668212046,601.5163675852859,2867.0363542108666,978.0729291761742,1438.8125077313596,2756.8316043306063,711.2543682307988,2220.3753162523767,690.5616679754162,2459.3089926685134,1614.5446504045792,3428.6442872694392,5045.082166438905,521.7758988175615,2139.9566417141855,2739.9990461853727,325.2665998478059,3767.5697399914757,2961.2236604518125,157.3999240435014,1577.883207233196,1163.5820991994087,2245.6910113282865,1188.4071554315262,2588.157621625886,2435.6640721497074,174.8529984629039,2470.9911651685916,857.0370850728453,5099.6972084301715,1629.0904524904781,2349.2029839218826
3926.8132811824958,1373.94400891638,2379.6027938949187,1656.431883144708,937.7353959812876,4861.775366262593,2467.680039845358,2090.412178933352,1200.5833093164777,2920.3079478575937,290.1761542944741,1599.6335506655641,1840.2919885340261,1922.1250275352093,671.7294913967665,2127.350333931381,1030.1672507976311,814.7252610885453,1895.9641683471048,778.8191429825224,1523.0979387232032,2134.8018558018407,4313.48675342933,1964.792614402188,2449.656161195462,1038.8905714074353,1207.2115395585981,1620.6948077884178,2585.055189185434,951.2016716621158,2081.6324820867985,836.6599002084473,1027.7074853403121,1231.5180888337852,2328.4340960991112,1523.9611415002514,2759.6726245537093,1008.1938257693195,2539.6279447765064,2034.474729470792,2270.3854408790626,1077.253322333074,2646.1825173161246,2476.8951600133973,156.2070341993907,2757.497647160525,2293.7294612084374,282.0076372972578,2982.7798505539954,1501.9441633201686,363.6732381701637,670.0231380855868,2612.8068207258543,2055.539160499483,877.215633601844,490.3492266183759,1167.495720362879,1702.0423073391828,533.6870629660064,2141.0357011328615,1904.9474814026835,669.4394718924999,1926.710280613145,1290.7879011040532,2240.36755186328,3034.784281814712,1173.068875710998,1579.5491638585852,620.7382894360517,826.4889196631802,2524.8687867952535,1231.0621913127773,2091.451341919597,2032.6556418303535,480.52789861782554,2676.4908098910682,594.6993679552422,2249.1129272623984,2496.8857132030207,2644.7037841516535,3623.180740539879,1044.1444472101236,2002.8020432442727,2756.7131344270674,549.6541810062289,3052.493754747109,3201.738009105282,37.673433339535194,921.5010652799253,1238.5233180774583,1776.031229062466,1379.2623533436672,2177.689277071652,2880.9548699959414,136.309495934395,2990.8125272536595,2142.1802707052125,2079.7463231854554,1468.5973959874104,1965.8772715283997
